trial,n_samples,missing_edge_rate,missing_data_rate,missing_data_mechanism,seed,scm_seed,data_seed,cause,effect,same_scc,status,adjustment_set,n_rows_used,estimated_path_coefficient,stderr,residual_variance,t_value,ground_truth_beta,scm_true_missing_edges_count,error
0,10,0.0,0.0,instrument_error,1468393837,1506969025,1468393837,aaeR,aaeA,False,insufficient_data,crp,0,,,,,0.15343733871797394,0,
0,10,0.0,0.0,instrument_error,1468393837,1506969025,1468393837,aaeR,aaeB,False,insufficient_data,crp,0,,,,,-0.2821508115703637,0,
0,10,0.0,0.0,instrument_error,1468393837,1506969025,1468393837,aaeR,aaeX,False,insufficient_data,crp,0,,,,,-0.39816691492994455,0,
0,10,0.0,0.0,instrument_error,1468393837,1506969025,1468393837,accB,accC,False,insufficient_data,fadR|rpoD,0,,,,,-0.14945033265056012,0,
0,10,0.0,0.0,instrument_error,1468393837,1506969025,1468393837,marA,ariR,False,insufficient_data,acrR|bluR|cpxR|cra|crp|cysB|fis|nac|ompR|rpoD|rpoS|soxS,0,,,,,-0.12330285342823705,0,
0,10,0.0,0.0,instrument_error,1468393837,1506969025,1468393837,marA,dctR,False,insufficient_data,acrR|cpxR|cra|crp|fis|gadE|gadW|gadX|glaR|hns|nac|ompR|rcsB|rpoD|soxS|ydeO,0,,,,,0.21283393156751762,0,
0,10,0.0,0.0,instrument_error,1468393837,1506969025,1468393837,marA,decR,False,insufficient_data,acrR|cpxR|cra|crp|fis|nac|ompR|rpoD|soxS,0,,,,,-0.08221386722438,0,
0,10,0.0,0.0,instrument_error,1468393837,1506969025,1468393837,marA,fpr,False,insufficient_data,acrR|cpxR|cra|crp|fis|nac|ompR|rpoD|soxS,0,,,,,-0.11776929805448057,0,
0,10,0.0,0.0,instrument_error,1468393837,1506969025,1468393837,marA,hdeA,False,insufficient_data,acrR|cpxR|cra|crp|fis|fliZ|gadE|gadW|gadX|hns|lrp|nac|ompR|phoP|rcsB|rpoD|rpoS|soxS|torR,0,,,,,-0.23768919542433478,0,
0,10,0.0,0.0,instrument_error,1468393837,1506969025,1468393837,marA,hdeB,False,insufficient_data,acrR|cpxR|cra|crp|fis|fliZ|gadE|gadW|gadX|hns|lrp|nac|ompR|phoP|rcsB|rpoD|rpoS|soxS|torR,0,,,,,0.07053925546771445,0,
0,10,0.0,0.0,instrument_error,1468393837,1506969025,1468393837,marA,lacA,False,insufficient_data,acrR|cpxR|cra|crp|fis|hns|lacI|nac|ompR|rpoD|soxS,0,,,,,-0.1734435012614393,0,
0,10,0.0,0.0,instrument_error,1468393837,1506969025,1468393837,marA,lacY,False,insufficient_data,acrR|cpxR|cra|crp|fis|hns|lacI|nac|ompR|rpoD|soxS,0,,,,,0.07994279983760769,0,
0,10,0.0,0.0,instrument_error,1468393837,1506969025,1468393837,marA,lacZ,False,insufficient_data,acrR|cpxR|cra|crp|fis|hns|lacI|nac|ompR|rpoD|soxS,0,,,,,-0.23939790280182163,0,
0,10,0.0,0.0,instrument_error,1468393837,1506969025,1468393837,marA,mlaB,False,insufficient_data,acrR|cpxR|cra|crp|fis|nac|ompR|rpoD|soxS,0,,,,,-0.1999012880748215,0,
0,10,0.0,0.0,instrument_error,1468393837,1506969025,1468393837,marA,mlaC,False,insufficient_data,acrR|cpxR|cra|crp|fis|nac|ompR|rpoD|soxS,0,,,,,-0.2529570766767374,0,
0,10,0.0,0.0,instrument_error,1468393837,1506969025,1468393837,marA,mlaD,False,insufficient_data,acrR|cpxR|cra|crp|fis|nac|ompR|rpoD|soxS,0,,,,,0.10635568794285956,0,
0,10,0.0,0.0,instrument_error,1468393837,1506969025,1468393837,marA,mlaE,False,insufficient_data,acrR|cpxR|cra|crp|fis|nac|ompR|rpoD|soxS,0,,,,,0.1483464240022327,0,
0,10,0.0,0.0,instrument_error,1468393837,1506969025,1468393837,marA,mlaF,False,insufficient_data,acrR|cpxR|cra|crp|fis|nac|ompR|rpoD|soxS,0,,,,,0.144879011900498,0,
0,10,0.0,0.0,instrument_error,1468393837,1506969025,1468393837,marA,poxB,False,insufficient_data,acrR|cpxR|cra|crp|fis|fnr|nac|narL|narP|nsrR|ompR|oxyR|rpoD|rpoS|soxS,0,,,,,-0.2647835084662493,0,
0,10,0.0,0.0,instrument_error,1468393837,1506969025,1468393837,marA,pqiA,False,insufficient_data,acrR|cpxR|cra|crp|fis|nac|ompR|rpoD|rpoS|soxS,0,,,,,-0.11468497658363269,0,
0,10,0.0,0.0,instrument_error,1468393837,1506969025,1468393837,marA,pqiB,False,insufficient_data,acrR|cpxR|cra|crp|fis|nac|ompR|rpoD|rpoS|soxS,0,,,,,-0.11476295366473345,0,
0,10,0.0,0.0,instrument_error,1468393837,1506969025,1468393837,marA,pqiC,False,insufficient_data,acrR|cpxR|cra|crp|fis|nac|ompR|rpoD|rpoS|soxS,0,,,,,0.16305726528847758,0,
0,10,0.0,0.0,instrument_error,1468393837,1506969025,1468393837,marA,purA,False,insufficient_data,acrR|cpxR|cra|crp|fis|gadE|nac|ompR|purR|rpoD|soxS,0,,,,,0.2861977095016574,0,
0,10,0.0,0.0,instrument_error,1468393837,1506969025,1468393837,marA,putA,False,insufficient_data,acrR|arcA|basR|cpxR|cra|crp|fis|nac|ompR|rpoD|soxS|yeiE,0,,,,,-0.26676097238156576,0,
0,10,0.0,0.0,instrument_error,1468393837,1506969025,1468393837,marA,slp,False,insufficient_data,acrR|cpxR|cra|crp|fis|gadE|gadW|gadX|hns|nac|ompR|rcsB|rpoD|soxS|torR|ydeO,0,,,,,-0.17474611856498756,0,
0,10,0.0,0.0,instrument_error,1468393837,1506969025,1468393837,marA,waaY,False,insufficient_data,acrR|cpxR|cra|crp|fis|nac|ompR|rpoD|soxS,0,,,,,0.345955166938417,0,
0,10,0.0,0.0,instrument_error,1468393837,1506969025,1468393837,marA,waaZ,False,insufficient_data,acrR|cpxR|cra|crp|fis|nac|ompR|rpoD|soxS,0,,,,,-0.19834135529957403,0,
0,10,0.0,0.0,instrument_error,1468393837,1506969025,1468393837,marA,xseA,False,insufficient_data,acrR|cpxR|cra|crp|fis|nac|ompR|rpoD|soxS,0,,,,,0.316653975876892,0,
0,10,0.0,0.0,instrument_error,1468393837,1506969025,1468393837,marA,ycgZ,False,insufficient_data,acrR|bluR|cpxR|cra|crp|fis|nac|ompR|rpoD|rpoS|soxS,0,,,,,-0.4048907870643278,0,
0,10,0.0,0.0,instrument_error,1468393837,1506969025,1468393837,marA,yhiD,False,insufficient_data,acrR|cpxR|cra|crp|fis|fliZ|gadE|gadW|gadX|hns|lrp|nac|ompR|phoP|rcsB|rpoD|rpoS|soxS|torR,0,,,,,-0.29399427250799565,0,
0,10,0.0,0.0,instrument_error,1468393837,1506969025,1468393837,marA,ymgA,False,insufficient_data,acrR|bluR|cpxR|cra|crp|fis|nac|ompR|rpoD|rpoS|soxS,0,,,,,-0.16414278055559323,0,
0,10,0.0,0.0,instrument_error,1468393837,1506969025,1468393837,marA,ymgC,False,insufficient_data,acrR|bluR|cpxR|cra|crp|fis|nac|ompR|rpoD|rpoS|soxS,0,,,,,-0.1110807924409927,0,
0,10,0.0,0.0,instrument_error,1468393837,1506969025,1468393837,marA,yncE,False,insufficient_data,acrR|arcA|cpxR|cra|crp|fis|nac|ompR|rpoD|soxS,0,,,,,0.1145038566934499,0,
0,10,0.0,0.0,instrument_error,1468393837,1506969025,1468393837,soxS,fldA,False,insufficient_data,alpA|basR|btsR|glaR|glrR|nsrR|ptrR|rcdA,0,,,,,0.2653567353890582,0,
0,10,0.0,0.0,instrument_error,1468393837,1506969025,1468393837,soxS,nepI,False,insufficient_data,alpA|basR|btsR|glaR|glrR|nsrR|ptrR|rcdA,0,,,,,0.2088022599220084,0,
0,10,0.0,0.0,instrument_error,1468393837,1506969025,1468393837,ada,aidB,False,insufficient_data,lrp|rpoD|rpoS,0,,,,,0.14759352111073504,0,
0,10,0.0,0.0,instrument_error,1468393837,1506969025,1468393837,ada,alkA,False,insufficient_data,rpoD|rpoS,0,,,,,0.12615439640355802,0,
0,10,0.0,0.0,instrument_error,1468393837,1506969025,1468393837,ada,alkB,False,insufficient_data,rpoD|rpoS,0,,,,,-0.134402406384229,0,
0,10,0.0,0.0,instrument_error,1468393837,1506969025,1468393837,agaR,agaB,False,insufficient_data,rpoD,0,,,,,-0.24327073197534196,0,
0,10,0.0,0.0,instrument_error,1468393837,1506969025,1468393837,agaR,agaC,False,insufficient_data,rpoD,0,,,,,0.11458674106711342,0,
0,10,0.0,0.0,instrument_error,1468393837,1506969025,1468393837,agaR,agaD,False,insufficient_data,rpoD,0,,,,,0.30827552327399405,0,
0,10,0.0,0.0,instrument_error,1468393837,1506969025,1468393837,agaR,agaI,False,insufficient_data,rpoD,0,,,,,0.19018664129613883,0,
0,10,0.0,0.0,instrument_error,1468393837,1506969025,1468393837,agaR,agaS,False,insufficient_data,rpoD,0,,,,,0.1436316675416272,0,
0,10,0.0,0.0,instrument_error,1468393837,1506969025,1468393837,agaR,agaV,False,insufficient_data,crp|rpoD,0,,,,,0.11052310109796253,0,
0,10,0.0,0.0,instrument_error,1468393837,1506969025,1468393837,agaR,agaW,False,insufficient_data,crp|rpoD,0,,,,,0.11053907660997783,0,
0,10,0.0,0.0,instrument_error,1468393837,1506969025,1468393837,agaR,kbaY,False,insufficient_data,nac|rpoD,0,,,,,0.1645619818008843,0,
0,10,0.0,0.0,instrument_error,1468393837,1506969025,1468393837,agaR,kbaZ,False,insufficient_data,crp|rpoD,0,,,,,0.2159082040345103,0,
0,10,0.0,0.0,instrument_error,1468393837,1506969025,1468393837,allR,allA,False,insufficient_data,nac,0,,,,,-0.25299845530407256,0,
0,10,0.0,0.0,instrument_error,1468393837,1506969025,1468393837,allR,allB,False,insufficient_data,nac|rpoD,0,,,,,0.1561280672113304,0,
0,10,0.0,0.0,instrument_error,1468393837,1506969025,1468393837,allR,allS,False,insufficient_data,nac,0,,,,,0.1380944073774799,0,
0,10,0.0,0.0,instrument_error,1468393837,1506969025,1468393837,allR,allW,False,insufficient_data,nac|rpoD,0,,,,,0.31205683342716695,0,
0,10,0.0,0.0,instrument_error,1468393837,1506969025,1468393837,allR,gcl,False,insufficient_data,nac|rpoD,0,,,,,0.06948362787344554,0,
0,10,0.0,0.0,instrument_error,1468393837,1506969025,1468393837,allR,glxK,False,insufficient_data,nac|rpoD,0,,,,,0.36062110967813726,0,
0,10,0.0,0.0,instrument_error,1468393837,1506969025,1468393837,allR,glxR,False,insufficient_data,nac|rpoD,0,,,,,-0.16801040587677474,0,
0,10,0.0,0.0,instrument_error,1468393837,1506969025,1468393837,allR,hyi,False,insufficient_data,nac|rpoD,0,,,,,-0.09354173414755004,0,
0,10,0.0,0.0,instrument_error,1468393837,1506969025,1468393837,allR,ybbY,False,insufficient_data,nac|rpoD,0,,,,,-0.17072292437608014,0,
0,10,0.0,0.0,instrument_error,1468393837,1506969025,1468393837,allS,allC,False,insufficient_data,allR|rpoD,0,,,,,-0.11363970721020791,0,
0,10,0.0,0.0,instrument_error,1468393837,1506969025,1468393837,allS,allD,False,insufficient_data,allR|rpoD,0,,,,,0.2247964549782496,0,
0,10,0.0,0.0,instrument_error,1468393837,1506969025,1468393837,allS,allE,False,insufficient_data,allR|rpoD,0,,,,,0.11108990318872895,0,
0,10,0.0,0.0,instrument_error,1468393837,1506969025,1468393837,alpA,intA,False,insufficient_data,,0,,,,,0.13706870057703674,0,
0,10,0.0,0.0,instrument_error,1468393837,1506969025,1468393837,alpA,phoB,False,insufficient_data,basR|btsR|glaR|glrR|nsrR|ptrR|rcdA,0,,,,,-0.050610112808300585,0,
0,10,0.0,0.0,instrument_error,1468393837,1506969025,1468393837,alpA,phoR,False,insufficient_data,basR|btsR|glaR|glrR|nsrR|ptrR|rcdA,0,,,,,0.0946012458809843,0,
0,10,0.0,0.0,instrument_error,1468393837,1506969025,1468393837,phoB,mipA,False,insufficient_data,alpA|basR|btsR|glaR|glrR|nsrR|ptrR|rcdA,0,,,,,0.18652245514270896,0,
0,10,0.0,0.0,instrument_error,1468393837,1506969025,1468393837,phoB,rspR,False,insufficient_data,alpA|basR|btsR|glaR|glrR|nsrR|ptrR|rcdA,0,,,,,0.23119556897771087,0,
0,10,0.0,0.0,instrument_error,1468393837,1506969025,1468393837,alsR,alsA,False,insufficient_data,rpoD,0,,,,,-0.24132305732334022,0,
0,10,0.0,0.0,instrument_error,1468393837,1506969025,1468393837,alsR,alsB,False,insufficient_data,rpoD,0,,,,,0.12893779115123696,0,
0,10,0.0,0.0,instrument_error,1468393837,1506969025,1468393837,alsR,alsC,False,insufficient_data,rpoD,0,,,,,0.24494761480188984,0,
0,10,0.0,0.0,instrument_error,1468393837,1506969025,1468393837,alsR,alsE,False,insufficient_data,rpoD,0,,,,,0.09213785671259254,0,
0,10,0.0,0.0,instrument_error,1468393837,1506969025,1468393837,alsR,rpiB,False,insufficient_data,glaR|lrp|rpoD,0,,,,,-0.2808777387906486,0,
0,10,0.0,0.0,instrument_error,1468393837,1506969025,1468393837,ameF,mazE,False,insufficient_data,crp|fis|hipA|hipB|hns|rpoD,0,,,,,-0.11809166358506089,0,
0,10,0.0,0.0,instrument_error,1468393837,1506969025,1468393837,ameF,mazF,False,insufficient_data,crp|fis|hipA|hipB|hns|rpoD,0,,,,,0.14698675925380714,0,
0,10,0.0,0.0,instrument_error,1468393837,1506969025,1468393837,appY,appA,False,insufficient_data,arcA|dpiA|hns|rpoD|rpoS|ydeO,0,,,,,-0.19527909495056203,0,
0,10,0.0,0.0,instrument_error,1468393837,1506969025,1468393837,appY,appB,False,insufficient_data,arcA|dpiA|hns|rpoD|rpoS|ydeO,0,,,,,0.2288281377898707,0,
0,10,0.0,0.0,instrument_error,1468393837,1506969025,1468393837,appY,appC,False,insufficient_data,arcA|cpxR|dpiA|hns|rpoD|rpoS|ydeO,0,,,,,-0.10213862388639779,0,
0,10,0.0,0.0,instrument_error,1468393837,1506969025,1468393837,appY,appX,False,insufficient_data,arcA|dpiA|hns|rpoD|rpoS|ydeO,0,,,,,0.22375891112656843,0,
0,10,0.0,0.0,instrument_error,1468393837,1506969025,1468393837,appY,hyaA,False,insufficient_data,arcA|dpiA|fis|hns|iscR|narL|narP|rpoD|rpoS|ydeO,0,,,,,-0.11921890280617292,0,
0,10,0.0,0.0,instrument_error,1468393837,1506969025,1468393837,appY,hyaB,False,insufficient_data,arcA|dpiA|fis|hns|iscR|narL|narP|rpoD|rpoS|ydeO,0,,,,,-0.2970384508797685,0,
0,10,0.0,0.0,instrument_error,1468393837,1506969025,1468393837,appY,hyaC,False,insufficient_data,arcA|dpiA|fis|hns|iscR|narL|narP|rpoD|rpoS|ydeO,0,,,,,0.16258255299327817,0,
0,10,0.0,0.0,instrument_error,1468393837,1506969025,1468393837,appY,hyaD,False,insufficient_data,arcA|dpiA|fis|hns|iscR|narL|narP|rpoD|rpoS|ydeO,0,,,,,-0.2730969648768143,0,
0,10,0.0,0.0,instrument_error,1468393837,1506969025,1468393837,appY,hyaE,False,insufficient_data,arcA|dpiA|fis|hns|iscR|narL|narP|rpoD|rpoS|ydeO,0,,,,,0.21574509974910552,0,
0,10,0.0,0.0,instrument_error,1468393837,1506969025,1468393837,appY,hyaF,False,insufficient_data,arcA|dpiA|fis|hns|iscR|narL|narP|rpoD|rpoS|ydeO,0,,,,,-0.25295643060032624,0,
0,10,0.0,0.0,instrument_error,1468393837,1506969025,1468393837,araC,araA,False,insufficient_data,crp|rpoD|xylR,0,,,,,-0.15040474615939178,0,
0,10,0.0,0.0,instrument_error,1468393837,1506969025,1468393837,araC,araB,False,insufficient_data,crp|fur|rpoD|xylR,0,,,,,-0.13739518631822942,0,
0,10,0.0,0.0,instrument_error,1468393837,1506969025,1468393837,araC,araD,False,insufficient_data,crp|rpoD|xylR,0,,,,,0.11744999061403653,0,
0,10,0.0,0.0,instrument_error,1468393837,1506969025,1468393837,araC,araE,False,insufficient_data,crp|nac|rpoD|xylR,0,,,,,-0.38750914299708905,0,
0,10,0.0,0.0,instrument_error,1468393837,1506969025,1468393837,araC,araF,False,insufficient_data,crp|nac|rpoD|rpoS|spf|xylR,0,,,,,-0.16777650349715387,0,
0,10,0.0,0.0,instrument_error,1468393837,1506969025,1468393837,araC,araG,False,insufficient_data,crp|rpoD|rpoS|xylR,0,,,,,-0.2005714548146025,0,
0,10,0.0,0.0,instrument_error,1468393837,1506969025,1468393837,araC,araH,False,insufficient_data,crp|rpoD|rpoS|xylR,0,,,,,0.1290705115417123,0,
0,10,0.0,0.0,instrument_error,1468393837,1506969025,1468393837,araC,araJ,False,insufficient_data,crp|rpoD|xylR,0,,,,,-0.0918057412442855,0,
0,10,0.0,0.0,instrument_error,1468393837,1506969025,1468393837,araC,xylA,False,insufficient_data,crp|rpoD|xylR,0,,,,,0.22023401427682662,0,
0,10,0.0,0.0,instrument_error,1468393837,1506969025,1468393837,araC,xylB,False,insufficient_data,crp|rpoD|xylR,0,,,,,0.22323989742621445,0,
0,10,0.0,0.0,instrument_error,1468393837,1506969025,1468393837,araC,ydeM,False,insufficient_data,crp|gadX|nagC|rpoD|xylR,0,,,,,-0.17421152539727544,0,
0,10,0.0,0.0,instrument_error,1468393837,1506969025,1468393837,araC,ydeN,False,insufficient_data,crp|gadX|lrp|nagC|rpoD|xylR,0,,,,,0.13171444737705693,0,
0,10,0.0,0.0,instrument_error,1468393837,1506969025,1468393837,araC,ygeA,False,insufficient_data,crp|rpoD|xylR,0,,,,,-0.1491548410754212,0,
0,10,0.0,0.0,instrument_error,1468393837,1506969025,1468393837,araC,yjfF,False,insufficient_data,crp|rpoD|xylR,0,,,,,0.18607651209240314,0,
0,10,0.0,0.0,instrument_error,1468393837,1506969025,1468393837,araC,ytfQ,False,insufficient_data,crp|rpoD|xylR,0,,,,,-0.1210654782994569,0,
0,10,0.0,0.0,instrument_error,1468393837,1506969025,1468393837,araC,ytfR,False,insufficient_data,crp|rpoD|xylR,0,,,,,-0.20642611210185552,0,
0,10,0.0,0.0,instrument_error,1468393837,1506969025,1468393837,araC,ytfT,False,insufficient_data,crp|rpoD|xylR,0,,,,,-0.1584187076120958,0,
0,10,0.0,0.0,instrument_error,1468393837,1506969025,1468393837,arcA,dsbB,False,insufficient_data,alpA|basR|btsR|glaR|glrR|nsrR|ptrR|rcdA,0,,,,,-0.15565984499776195,0,
0,10,0.0,0.0,instrument_error,1468393837,1506969025,1468393837,arcA,igaA,False,insufficient_data,alpA|basR|btsR|glaR|glrR|nsrR|ptrR|rcdA,0,,,,,0.16927488882551278,0,
0,10,0.0,0.0,instrument_error,1468393837,1506969025,1468393837,arcA,kgtP,False,insufficient_data,alpA|basR|btsR|glaR|glrR|nsrR|ptrR|rcdA,0,,,,,-0.38118244327359285,0,
0,10,0.0,0.0,instrument_error,1468393837,1506969025,1468393837,arcA,ndk,False,insufficient_data,alpA|basR|btsR|glaR|glrR|nsrR|ptrR|rcdA,0,,,,,-0.1996285914360094,0,
0,10,0.0,0.0,instrument_error,1468393837,1506969025,1468393837,arcA,nudE,False,insufficient_data,alpA|basR|btsR|glaR|glrR|nsrR|ptrR|rcdA,0,,,,,0.1279605509326021,0,
0,10,0.0,0.0,instrument_error,1468393837,1506969025,1468393837,arcA,pepN,False,insufficient_data,alpA|basR|btsR|glaR|glrR|nsrR|ptrR|rcdA,0,,,,,0.27058928314478903,0,
0,10,0.0,0.0,instrument_error,1468393837,1506969025,1468393837,arcA,pqqU,False,insufficient_data,alpA|basR|btsR|glaR|glrR|nsrR|ptrR|rcdA,0,,,,,-0.2864350610011585,0,
0,10,0.0,0.0,instrument_error,1468393837,1506969025,1468393837,arcA,pyrS,False,insufficient_data,alpA|basR|btsR|glaR|glrR|nsrR|ptrR|rcdA,0,,,,,-0.15355896083034468,0,
0,10,0.0,0.0,instrument_error,1468393837,1506969025,1468393837,arcA,rho,False,insufficient_data,alpA|basR|btsR|glaR|glrR|nsrR|ptrR|rcdA,0,,,,,0.13416074342722942,0,
0,10,0.0,0.0,instrument_error,1468393837,1506969025,1468393837,arcA,ybfA,False,insufficient_data,alpA|basR|btsR|glaR|glrR|nsrR|ptrR|rcdA,0,,,,,0.08833240250042962,0,
0,10,0.0,0.0,instrument_error,1468393837,1506969025,1468393837,arcA,ybiU,False,insufficient_data,alpA|basR|btsR|glaR|glrR|nsrR|ptrR|rcdA,0,,,,,0.3954787948856749,0,
0,10,0.0,0.0,instrument_error,1468393837,1506969025,1468393837,arcA,ydeA,False,insufficient_data,alpA|basR|btsR|glaR|glrR|nsrR|ptrR|rcdA,0,,,,,0.19613261894525302,0,
0,10,0.0,0.0,instrument_error,1468393837,1506969025,1468393837,arcA,ydgC,False,insufficient_data,alpA|basR|btsR|glaR|glrR|nsrR|ptrR|rcdA,0,,,,,-0.1641779234402082,0,
0,10,0.0,0.0,instrument_error,1468393837,1506969025,1468393837,arcA,yeiQ,False,insufficient_data,alpA|basR|btsR|glaR|glrR|nsrR|ptrR|rcdA,0,,,,,-0.09049886254043862,0,
0,10,0.0,0.0,instrument_error,1468393837,1506969025,1468393837,arcA,yfiF,False,insufficient_data,alpA|basR|btsR|glaR|glrR|nsrR|ptrR|rcdA,0,,,,,-0.15187795376373822,0,
0,10,0.0,0.0,instrument_error,1468393837,1506969025,1468393837,arcA,yhgE,False,insufficient_data,alpA|basR|btsR|glaR|glrR|nsrR|ptrR|rcdA,0,,,,,-0.04017640582804852,0,
0,10,0.0,0.0,instrument_error,1468393837,1506969025,1468393837,arcA,yjiR,False,insufficient_data,alpA|basR|btsR|glaR|glrR|nsrR|ptrR|rcdA,0,,,,,0.14372618162706033,0,
0,10,0.0,0.0,instrument_error,1468393837,1506969025,1468393837,arcA,ynaJ,False,insufficient_data,alpA|basR|btsR|glaR|glrR|nsrR|ptrR|rcdA,0,,,,,0.07632482879811128,0,
0,10,0.0,0.0,instrument_error,1468393837,1506969025,1468393837,argR,ydgI,False,insufficient_data,alpA|basR|btsR|glaR|glrR|nsrR|ptrR|rcdA,0,,,,,0.16367494467174146,0,
0,10,0.0,0.0,instrument_error,1468393837,1506969025,1468393837,argR,ykgA,False,insufficient_data,alpA|basR|btsR|glaR|glrR|nsrR|ptrR|rcdA,0,,,,,0.33750938386119433,0,
0,10,0.0,0.0,instrument_error,1468393837,1506969025,1468393837,argR,yraQ,False,insufficient_data,alpA|basR|btsR|glaR|glrR|nsrR|ptrR|rcdA,0,,,,,-0.35596336283870994,0,
0,10,0.0,0.0,instrument_error,1468393837,1506969025,1468393837,betI,betA,False,insufficient_data,arcA|cra|rpoD,0,,,,,-0.3313810910618666,0,
0,10,0.0,0.0,instrument_error,1468393837,1506969025,1468393837,betI,betB,False,insufficient_data,arcA|cra|rpoD,0,,,,,0.13109823531889175,0,
0,10,0.0,0.0,instrument_error,1468393837,1506969025,1468393837,betI,betT,False,insufficient_data,arcA|cra|rpoD,0,,,,,-0.10720401304689366,0,
0,10,0.0,0.0,instrument_error,1468393837,1506969025,1468393837,dpiA,appY,False,insufficient_data,arcA|crp|dcuR|fnr|hns|narL|rpoD|rpoS,0,,,,,-0.16627305962373082,0,
0,10,0.0,0.0,instrument_error,1468393837,1506969025,1468393837,dpiA,citC,False,insufficient_data,arcA|crp|dcuR|fnr|narL,0,,,,,0.09143277440205953,0,
0,10,0.0,0.0,instrument_error,1468393837,1506969025,1468393837,dpiA,citD,False,insufficient_data,arcA|crp|dcuR|fnr|narL,0,,,,,0.08930775381868665,0,
0,10,0.0,0.0,instrument_error,1468393837,1506969025,1468393837,dpiA,citE,False,insufficient_data,arcA|crp|dcuR|fnr|narL,0,,,,,0.14014888951119017,0,
0,10,0.0,0.0,instrument_error,1468393837,1506969025,1468393837,dpiA,citF,False,insufficient_data,arcA|crp|dcuR|fnr|narL,0,,,,,-0.12467077369140832,0,
0,10,0.0,0.0,instrument_error,1468393837,1506969025,1468393837,dpiA,citG,False,insufficient_data,arcA|crp|dcuR|fnr|narL,0,,,,,-0.11480868101109303,0,
0,10,0.0,0.0,instrument_error,1468393837,1506969025,1468393837,dpiA,citX,False,insufficient_data,arcA|crp|dcuR|fnr|narL,0,,,,,0.22925715605671257,0,
0,10,0.0,0.0,instrument_error,1468393837,1506969025,1468393837,dpiA,dpiB,False,insufficient_data,arcA|crp|dcuR|fnr|narL,0,,,,,0.14108118010223056,0,
0,10,0.0,0.0,instrument_error,1468393837,1506969025,1468393837,dpiA,exuT,False,insufficient_data,arcA|crp|dcuR|exuR|fnr|nac|narL,0,,,,,-0.47044711089955715,0,
0,10,0.0,0.0,instrument_error,1468393837,1506969025,1468393837,dpiA,mdh,False,insufficient_data,arcA|btsR|crp|dcuR|flhC|flhD|fnr|narL|rpoD,0,,,,,-0.17190851518773284,0,
0,10,0.0,0.0,instrument_error,1468393837,1506969025,1468393837,fnr,argK,False,insufficient_data,alpA|basR|btsR|glaR|glrR|nsrR|ptrR|rcdA,0,,,,,0.0634747433797768,0,
0,10,0.0,0.0,instrument_error,1468393837,1506969025,1468393837,fnr,mltA,False,insufficient_data,alpA|basR|btsR|glaR|glrR|nsrR|ptrR|rcdA,0,,,,,-0.20635549128164857,0,
0,10,0.0,0.0,instrument_error,1468393837,1506969025,1468393837,fnr,nfeR,False,insufficient_data,alpA|basR|btsR|glaR|glrR|nsrR|ptrR|rcdA,0,,,,,-0.09961247748443641,0,
0,10,0.0,0.0,instrument_error,1468393837,1506969025,1468393837,fnr,pepT,False,insufficient_data,alpA|basR|btsR|glaR|glrR|nsrR|ptrR|rcdA,0,,,,,-0.12133673673230531,0,
0,10,0.0,0.0,instrument_error,1468393837,1506969025,1468393837,fnr,pitA,False,insufficient_data,alpA|basR|btsR|glaR|glrR|nsrR|ptrR|rcdA,0,,,,,0.12552361135247114,0,
0,10,0.0,0.0,instrument_error,1468393837,1506969025,1468393837,fnr,scpA,False,insufficient_data,alpA|basR|btsR|glaR|glrR|nsrR|ptrR|rcdA,0,,,,,0.16362768024650315,0,
0,10,0.0,0.0,instrument_error,1468393837,1506969025,1468393837,fnr,scpC,False,insufficient_data,alpA|basR|btsR|glaR|glrR|nsrR|ptrR|rcdA,0,,,,,0.1436657590469666,0,
0,10,0.0,0.0,instrument_error,1468393837,1506969025,1468393837,fnr,ydfO,False,insufficient_data,alpA|basR|btsR|glaR|glrR|nsrR|ptrR|rcdA,0,,,,,-0.22260860735918275,0,
0,10,0.0,0.0,instrument_error,1468393837,1506969025,1468393837,fnr,ydfZ,False,insufficient_data,alpA|basR|btsR|glaR|glrR|nsrR|ptrR|rcdA,0,,,,,-0.13069815321335904,0,
0,10,0.0,0.0,instrument_error,1468393837,1506969025,1468393837,fnr,yffS,False,insufficient_data,alpA|basR|btsR|glaR|glrR|nsrR|ptrR|rcdA,0,,,,,-0.3258935719997056,0,
0,10,0.0,0.0,instrument_error,1468393837,1506969025,1468393837,fnr,ygbA,False,insufficient_data,alpA|basR|btsR|glaR|glrR|nsrR|ptrR|rcdA,0,,,,,-0.11001981887580545,0,
0,10,0.0,0.0,instrument_error,1468393837,1506969025,1468393837,glcC,glcA,False,insufficient_data,arcA|cra|crp|fis|ihfA|ihfB|lrp|nac|pdhR|rpoD,0,,,,,0.08631020830450964,0,
0,10,0.0,0.0,instrument_error,1468393837,1506969025,1468393837,glcC,glcB,False,insufficient_data,arcA|cra|crp|fis|ihfA|ihfB|pdhR|rpoD,0,,,,,-0.16218995642542952,0,
0,10,0.0,0.0,instrument_error,1468393837,1506969025,1468393837,glcC,glcD,False,insufficient_data,arcA|cra|crp|fis|ihfA|ihfB|lldR|pdhR|rpoD,0,,,,,0.17638629019399338,0,
0,10,0.0,0.0,instrument_error,1468393837,1506969025,1468393837,glcC,glcE,False,insufficient_data,arcA|cra|crp|fis|ihfA|ihfB|pdhR|rpoD,0,,,,,-0.2111936245425692,0,
0,10,0.0,0.0,instrument_error,1468393837,1506969025,1468393837,glcC,glcF,False,insufficient_data,arcA|cra|crp|fis|ihfA|ihfB|pdhR|rpoD,0,,,,,0.08593002563188223,0,
0,10,0.0,0.0,instrument_error,1468393837,1506969025,1468393837,glcC,glcG,False,insufficient_data,arcA|cra|crp|fis|ihfA|ihfB|pdhR|rpoD,0,,,,,-0.18991026028854677,0,
0,10,0.0,0.0,instrument_error,1468393837,1506969025,1468393837,lldR,yfdY,False,insufficient_data,alpA|basR|btsR|glaR|glrR|nsrR|ptrR|rcdA,0,,,,,0.13343661389337957,0,
0,10,0.0,0.0,instrument_error,1468393837,1506969025,1468393837,lldR,yhcO,False,insufficient_data,alpA|basR|btsR|glaR|glrR|nsrR|ptrR|rcdA,0,,,,,0.07780524768504342,0,
0,10,0.0,0.0,instrument_error,1468393837,1506969025,1468393837,putA,putP,False,insufficient_data,arcA|basR|crp|marA|rpoD|yeiE,0,,,,,-0.3495641971629773,0,
0,10,0.0,0.0,instrument_error,1468393837,1506969025,1468393837,puuR,puuA,False,insufficient_data,acrR|arcA|crp|fnr|ptrR|rpoS,0,,,,,-0.09585901880083918,0,
0,10,0.0,0.0,instrument_error,1468393837,1506969025,1468393837,puuR,puuB,False,insufficient_data,arcA|argR|crp|fimZ|ptrR|rpoS,0,,,,,-0.3340618773260808,0,
0,10,0.0,0.0,instrument_error,1468393837,1506969025,1468393837,puuR,puuC,False,insufficient_data,arcA|crp|fimZ|ptrR|rpoS,0,,,,,0.2419841014535513,0,
0,10,0.0,0.0,instrument_error,1468393837,1506969025,1468393837,puuR,puuD,False,insufficient_data,arcA|crp|fimZ|rpoS,0,,,,,0.19260436426023783,0,
0,10,0.0,0.0,instrument_error,1468393837,1506969025,1468393837,puuR,puuE,False,insufficient_data,arcA|crp|ptrR|rpoS|spf,0,,,,,-0.14005738060269698,0,
0,10,0.0,0.0,instrument_error,1468393837,1506969025,1468393837,puuR,puuP,False,insufficient_data,arcA|crp|fnr|rpoN|rpoS,0,,,,,-0.3417460050800394,0,
0,10,0.0,0.0,instrument_error,1468393837,1506969025,1468393837,puuR,ymjE,False,insufficient_data,arcA|crp|fnr|rpoN|rpoS,0,,,,,-0.11261811775804262,0,
0,10,0.0,0.0,instrument_error,1468393837,1506969025,1468393837,rplD,rplB,False,insufficient_data,arcA|dksA|fnr|rpoD,0,,,,,-0.16576337331288352,0,
0,10,0.0,0.0,instrument_error,1468393837,1506969025,1468393837,rplD,rplC,False,insufficient_data,arcA|dksA|fnr|rpoD,0,,,,,0.5098348908803028,0,
0,10,0.0,0.0,instrument_error,1468393837,1506969025,1468393837,rplD,rplP,False,insufficient_data,arcA|dksA|fnr|rpoD,0,,,,,-0.17472291741073967,0,
0,10,0.0,0.0,instrument_error,1468393837,1506969025,1468393837,rplD,rplV,False,insufficient_data,arcA|dksA|fnr|rpoD,0,,,,,-0.16902793002890304,0,
0,10,0.0,0.0,instrument_error,1468393837,1506969025,1468393837,rplD,rplW,False,insufficient_data,arcA|dksA|fnr|rpoD,0,,,,,0.14207061126636283,0,
0,10,0.0,0.0,instrument_error,1468393837,1506969025,1468393837,rplD,rpmC,False,insufficient_data,arcA|dksA|fnr|rpoD,0,,,,,0.33460394595378407,0,
0,10,0.0,0.0,instrument_error,1468393837,1506969025,1468393837,rplD,rpsC,False,insufficient_data,arcA|dksA|fnr|rpoD,0,,,,,0.3111555075244203,0,
0,10,0.0,0.0,instrument_error,1468393837,1506969025,1468393837,rplD,rpsJ,False,insufficient_data,arcA|dksA|fnr|rpoD,0,,,,,-0.2657192387864841,0,
0,10,0.0,0.0,instrument_error,1468393837,1506969025,1468393837,rplD,rpsQ,False,insufficient_data,arcA|dksA|fnr|rpoD,0,,,,,-0.13697975974660917,0,
0,10,0.0,0.0,instrument_error,1468393837,1506969025,1468393837,rplD,rpsS,False,insufficient_data,arcA|dksA|fnr|rpoD,0,,,,,-0.14636371470139187,0,
0,10,0.0,0.0,instrument_error,1468393837,1506969025,1468393837,rplD,tnaA,False,insufficient_data,arcA|crp|dksA|fnr|nac|rpoD|torR|zraR,0,,,,,0.03319326904697713,0,
0,10,0.0,0.0,instrument_error,1468393837,1506969025,1468393837,rpoS,blr,False,insufficient_data,alpA|basR|btsR|glaR|glrR|nsrR|ptrR|rcdA,0,,,,,-0.22128009685119646,0,
0,10,0.0,0.0,instrument_error,1468393837,1506969025,1468393837,rpoS,dkgB,False,insufficient_data,alpA|basR|btsR|glaR|glrR|nsrR|ptrR|rcdA,0,,,,,0.21092683371882917,0,
0,10,0.0,0.0,instrument_error,1468393837,1506969025,1468393837,rpoS,fic,False,insufficient_data,alpA|basR|btsR|glaR|glrR|nsrR|ptrR|rcdA,0,,,,,0.13719998003381548,0,
0,10,0.0,0.0,instrument_error,1468393837,1506969025,1468393837,rpoS,insCD5,False,insufficient_data,alpA|basR|btsR|glaR|glrR|nsrR|ptrR|rcdA,0,,,,,-0.24195053193604715,0,
0,10,0.0,0.0,instrument_error,1468393837,1506969025,1468393837,rpoS,insD5,False,insufficient_data,alpA|basR|btsR|glaR|glrR|nsrR|ptrR|rcdA,0,,,,,0.24737872631365704,0,
0,10,0.0,0.0,instrument_error,1468393837,1506969025,1468393837,rpoS,insI1,False,insufficient_data,alpA|basR|btsR|glaR|glrR|nsrR|ptrR|rcdA,0,,,,,-0.20616788718203186,0,
0,10,0.0,0.0,instrument_error,1468393837,1506969025,1468393837,rpoS,insN,False,insufficient_data,alpA|basR|btsR|glaR|glrR|nsrR|ptrR|rcdA,0,,,,,-0.16593334653228262,0,
0,10,0.0,0.0,instrument_error,1468393837,1506969025,1468393837,rpoS,ldcC,False,insufficient_data,alpA|basR|btsR|glaR|glrR|nsrR|ptrR|rcdA,0,,,,,0.2114912633925103,0,
0,10,0.0,0.0,instrument_error,1468393837,1506969025,1468393837,rpoS,msyB,False,insufficient_data,alpA|basR|btsR|glaR|glrR|nsrR|ptrR|rcdA,0,,,,,-0.13804241715551105,0,
0,10,0.0,0.0,instrument_error,1468393837,1506969025,1468393837,rpoS,otsA,False,insufficient_data,alpA|basR|btsR|glaR|glrR|nsrR|ptrR|rcdA,0,,,,,0.12481402021827004,0,
0,10,0.0,0.0,instrument_error,1468393837,1506969025,1468393837,rpoS,otsB,False,insufficient_data,alpA|basR|btsR|glaR|glrR|nsrR|ptrR|rcdA,0,,,,,-0.1438880716206321,0,
0,10,0.0,0.0,instrument_error,1468393837,1506969025,1468393837,rpoS,rssA,False,insufficient_data,alpA|basR|btsR|glaR|glrR|nsrR|ptrR|rcdA,0,,,,,0.13267711901508258,0,
0,10,0.0,0.0,instrument_error,1468393837,1506969025,1468393837,rpoS,rssB,False,insufficient_data,alpA|basR|btsR|glaR|glrR|nsrR|ptrR|rcdA,0,,,,,0.20378705445902398,0,
0,10,0.0,0.0,instrument_error,1468393837,1506969025,1468393837,rpoS,treF,False,insufficient_data,alpA|basR|btsR|glaR|glrR|nsrR|ptrR|rcdA,0,,,,,-0.18105442262315147,0,
0,10,0.0,0.0,instrument_error,1468393837,1506969025,1468393837,rpoS,yabI,False,insufficient_data,alpA|basR|btsR|glaR|glrR|nsrR|ptrR|rcdA,0,,,,,-0.15137963978475585,0,
0,10,0.0,0.0,instrument_error,1468393837,1506969025,1468393837,rpoS,ydbD,False,insufficient_data,alpA|basR|btsR|glaR|glrR|nsrR|ptrR|rcdA,0,,,,,-0.07919802622090745,0,
0,10,0.0,0.0,instrument_error,1468393837,1506969025,1468393837,rpoS,yffO,False,insufficient_data,alpA|basR|btsR|glaR|glrR|nsrR|ptrR|rcdA,0,,,,,-0.15944812155754226,0,
0,10,0.0,0.0,instrument_error,1468393837,1506969025,1468393837,rpoS,yffP,False,insufficient_data,alpA|basR|btsR|glaR|glrR|nsrR|ptrR|rcdA,0,,,,,0.06187205094904843,0,
0,10,0.0,0.0,instrument_error,1468393837,1506969025,1468393837,rpoS,yggE,False,insufficient_data,alpA|basR|btsR|glaR|glrR|nsrR|ptrR|rcdA,0,,,,,0.4894678715840849,0,
0,10,0.0,0.0,instrument_error,1468393837,1506969025,1468393837,rpoS,yhfG,False,insufficient_data,alpA|basR|btsR|glaR|glrR|nsrR|ptrR|rcdA,0,,,,,0.2409160895482692,0,
0,10,0.0,0.0,instrument_error,1468393837,1506969025,1468393837,rpoS,yhjG,False,insufficient_data,alpA|basR|btsR|glaR|glrR|nsrR|ptrR|rcdA,0,,,,,-0.2584194505478978,0,
0,10,0.0,0.0,instrument_error,1468393837,1506969025,1468393837,rpoS,yihG,False,insufficient_data,alpA|basR|btsR|glaR|glrR|nsrR|ptrR|rcdA,0,,,,,-0.16742900460416527,0,
0,10,0.0,0.0,instrument_error,1468393837,1506969025,1468393837,rpoS,yqiH,False,insufficient_data,alpA|basR|btsR|glaR|glrR|nsrR|ptrR|rcdA,0,,,,,0.11056969953628985,0,
0,10,0.0,0.0,instrument_error,1468393837,1506969025,1468393837,rpoS,yqiI,False,insufficient_data,alpA|basR|btsR|glaR|glrR|nsrR|ptrR|rcdA,0,,,,,0.0720172834009826,0,
0,10,0.0,0.0,instrument_error,1468393837,1506969025,1468393837,xylR,araC,False,insufficient_data,arcA|crp|dicF|fis|rpoD,0,,,,,-0.1518153211673951,0,
0,10,0.0,0.0,instrument_error,1468393837,1506969025,1468393837,xylR,xylA,False,insufficient_data,arcA|crp|dicF|fis|rpoD,0,,,,,-0.16030434550487282,0,
0,10,0.0,0.0,instrument_error,1468393837,1506969025,1468393837,xylR,xylB,False,insufficient_data,arcA|crp|dicF|fis|rpoD,0,,,,,-0.0938992224732671,0,
0,10,0.0,0.0,instrument_error,1468393837,1506969025,1468393837,xylR,xylE,False,insufficient_data,arcA|cpxR|crp|dicF|fis|rpoD,0,,,,,0.25060464819209066,0,
0,10,0.0,0.0,instrument_error,1468393837,1506969025,1468393837,xylR,xylF,False,insufficient_data,arcA|crp|dicF|fis|spf,0,,,,,-0.2782926029905767,0,
0,10,0.0,0.0,instrument_error,1468393837,1506969025,1468393837,xylR,xylG,False,insufficient_data,arcA|crp|dicF|fis,0,,,,,-0.14344839337088663,0,
0,10,0.0,0.0,instrument_error,1468393837,1506969025,1468393837,xylR,xylH,False,insufficient_data,arcA|crp|dicF|fis,0,,,,,-0.08414103222268837,0,
0,10,0.0,0.0,instrument_error,1468393837,1506969025,1468393837,argP,asd,False,insufficient_data,alpA|basR|btsR|glaR|glrR|nsrR|ptrR|rcdA,0,,,,,-0.12713899588738323,0,
0,10,0.0,0.0,instrument_error,1468393837,1506969025,1468393837,lrp,alaS,False,insufficient_data,alpA|basR|btsR|glaR|glrR|nsrR|ptrR|rcdA,0,,,,,0.09949482964810877,0,
0,10,0.0,0.0,instrument_error,1468393837,1506969025,1468393837,lrp,amiC,False,insufficient_data,alpA|basR|btsR|glaR|glrR|nsrR|ptrR|rcdA,0,,,,,0.1247511941733832,0,
0,10,0.0,0.0,instrument_error,1468393837,1506969025,1468393837,lrp,aphA,False,insufficient_data,alpA|basR|btsR|glaR|glrR|nsrR|ptrR|rcdA,0,,,,,-0.23889944049544085,0,
0,10,0.0,0.0,instrument_error,1468393837,1506969025,1468393837,lrp,arcB,False,insufficient_data,alpA|basR|btsR|glaR|glrR|nsrR|ptrR|rcdA,0,,,,,-0.10934198832971434,0,
0,10,0.0,0.0,instrument_error,1468393837,1506969025,1468393837,lrp,aspS,False,insufficient_data,alpA|basR|btsR|glaR|glrR|nsrR|ptrR|rcdA,0,,,,,-0.06970478804605053,0,
0,10,0.0,0.0,instrument_error,1468393837,1506969025,1468393837,lrp,avtA,False,insufficient_data,alpA|basR|btsR|glaR|glrR|nsrR|ptrR|rcdA,0,,,,,0.09651012853966043,0,
0,10,0.0,0.0,instrument_error,1468393837,1506969025,1468393837,lrp,brnQ,False,insufficient_data,alpA|basR|btsR|glaR|glrR|nsrR|ptrR|rcdA,0,,,,,-0.3781508804868288,0,
0,10,0.0,0.0,instrument_error,1468393837,1506969025,1468393837,lrp,cpoB,False,insufficient_data,alpA|basR|btsR|glaR|glrR|nsrR|ptrR|rcdA,0,,,,,0.20028974267992258,0,
0,10,0.0,0.0,instrument_error,1468393837,1506969025,1468393837,lrp,dedA,False,insufficient_data,alpA|basR|btsR|glaR|glrR|nsrR|ptrR|rcdA,0,,,,,0.19766076305115118,0,
0,10,0.0,0.0,instrument_error,1468393837,1506969025,1468393837,lrp,dgcM,False,insufficient_data,alpA|basR|btsR|glaR|glrR|nsrR|ptrR|rcdA,0,,,,,-0.3173881780365788,0,
0,10,0.0,0.0,instrument_error,1468393837,1506969025,1468393837,lrp,dgcQ,False,insufficient_data,alpA|basR|btsR|glaR|glrR|nsrR|ptrR|rcdA,0,,,,,0.2372035404336379,0,
0,10,0.0,0.0,instrument_error,1468393837,1506969025,1468393837,lrp,dtpB,False,insufficient_data,alpA|basR|btsR|glaR|glrR|nsrR|ptrR|rcdA,0,,,,,-0.14639377339271212,0,
0,10,0.0,0.0,instrument_error,1468393837,1506969025,1468393837,lrp,eco,False,insufficient_data,alpA|basR|btsR|glaR|glrR|nsrR|ptrR|rcdA,0,,,,,-0.08573562084131156,0,
0,10,0.0,0.0,instrument_error,1468393837,1506969025,1468393837,lrp,insH3,False,insufficient_data,alpA|basR|btsR|glaR|glrR|nsrR|ptrR|rcdA,0,,,,,0.14182273525793593,0,
0,10,0.0,0.0,instrument_error,1468393837,1506969025,1468393837,lrp,intZ,False,insufficient_data,alpA|basR|btsR|glaR|glrR|nsrR|ptrR|rcdA,0,,,,,0.09536579838885041,0,
0,10,0.0,0.0,instrument_error,1468393837,1506969025,1468393837,lrp,leuE,False,insufficient_data,alpA|basR|btsR|glaR|glrR|nsrR|ptrR|rcdA,0,,,,,0.14533158679443717,0,
0,10,0.0,0.0,instrument_error,1468393837,1506969025,1468393837,lrp,lipA,False,insufficient_data,alpA|basR|btsR|glaR|glrR|nsrR|ptrR|rcdA,0,,,,,-0.23481689729052002,0,
0,10,0.0,0.0,instrument_error,1468393837,1506969025,1468393837,lrp,lolC,False,insufficient_data,alpA|basR|btsR|glaR|glrR|nsrR|ptrR|rcdA,0,,,,,-0.2002606768354927,0,
0,10,0.0,0.0,instrument_error,1468393837,1506969025,1468393837,lrp,lpxL,False,insufficient_data,alpA|basR|btsR|glaR|glrR|nsrR|ptrR|rcdA,0,,,,,-0.14496958440842975,0,
0,10,0.0,0.0,instrument_error,1468393837,1506969025,1468393837,lrp,mnmA,False,insufficient_data,alpA|basR|btsR|glaR|glrR|nsrR|ptrR|rcdA,0,,,,,-0.18313120128989352,0,
0,10,0.0,0.0,instrument_error,1468393837,1506969025,1468393837,lrp,msbA,False,insufficient_data,alpA|basR|btsR|glaR|glrR|nsrR|ptrR|rcdA,0,,,,,-0.6473314035704911,0,
0,10,0.0,0.0,instrument_error,1468393837,1506969025,1468393837,lrp,mscK,False,insufficient_data,alpA|basR|btsR|glaR|glrR|nsrR|ptrR|rcdA,0,,,,,0.25168064713730925,0,
0,10,0.0,0.0,instrument_error,1468393837,1506969025,1468393837,lrp,mscS,False,insufficient_data,alpA|basR|btsR|glaR|glrR|nsrR|ptrR|rcdA,0,,,,,0.4337707040701311,0,
0,10,0.0,0.0,instrument_error,1468393837,1506969025,1468393837,lrp,mutY,False,insufficient_data,alpA|basR|btsR|glaR|glrR|nsrR|ptrR|rcdA,0,,,,,0.27159401483992435,0,
0,10,0.0,0.0,instrument_error,1468393837,1506969025,1468393837,lrp,pabB,False,insufficient_data,alpA|basR|btsR|glaR|glrR|nsrR|ptrR|rcdA,0,,,,,0.3215736547368799,0,
0,10,0.0,0.0,instrument_error,1468393837,1506969025,1468393837,lrp,pal,False,insufficient_data,alpA|basR|btsR|glaR|glrR|nsrR|ptrR|rcdA,0,,,,,-0.10061465965205871,0,
0,10,0.0,0.0,instrument_error,1468393837,1506969025,1468393837,lrp,panZ,False,insufficient_data,alpA|basR|btsR|glaR|glrR|nsrR|ptrR|rcdA,0,,,,,-0.10448691740485362,0,
0,10,0.0,0.0,instrument_error,1468393837,1506969025,1468393837,lrp,pgl,False,insufficient_data,alpA|basR|btsR|glaR|glrR|nsrR|ptrR|rcdA,0,,,,,-0.2827777783187707,0,
0,10,0.0,0.0,instrument_error,1468393837,1506969025,1468393837,lrp,pyrI,False,insufficient_data,alpA|basR|btsR|glaR|glrR|nsrR|ptrR|rcdA,0,,,,,0.1143472249340139,0,
0,10,0.0,0.0,instrument_error,1468393837,1506969025,1468393837,lrp,rhtB,False,insufficient_data,alpA|basR|btsR|glaR|glrR|nsrR|ptrR|rcdA,0,,,,,0.10607728021605944,0,
0,10,0.0,0.0,instrument_error,1468393837,1506969025,1468393837,lrp,ridA,False,insufficient_data,alpA|basR|btsR|glaR|glrR|nsrR|ptrR|rcdA,0,,,,,-0.3364580492486703,0,
0,10,0.0,0.0,instrument_error,1468393837,1506969025,1468393837,lrp,rnr,False,insufficient_data,alpA|basR|btsR|glaR|glrR|nsrR|ptrR|rcdA,0,,,,,-0.5147074092491134,0,
0,10,0.0,0.0,instrument_error,1468393837,1506969025,1468393837,lrp,rpiA,False,insufficient_data,alpA|basR|btsR|glaR|glrR|nsrR|ptrR|rcdA,0,,,,,0.36733999741294077,0,
0,10,0.0,0.0,instrument_error,1468393837,1506969025,1468393837,lrp,sad,False,insufficient_data,alpA|basR|btsR|glaR|glrR|nsrR|ptrR|rcdA,0,,,,,-0.1264515757984843,0,
0,10,0.0,0.0,instrument_error,1468393837,1506969025,1468393837,lrp,sdaC,False,insufficient_data,alpA|basR|btsR|glaR|glrR|nsrR|ptrR|rcdA,0,,,,,0.1631171438235681,0,
0,10,0.0,0.0,instrument_error,1468393837,1506969025,1468393837,lrp,serB,False,insufficient_data,alpA|basR|btsR|glaR|glrR|nsrR|ptrR|rcdA,0,,,,,0.09349491700595045,0,
0,10,0.0,0.0,instrument_error,1468393837,1506969025,1468393837,lrp,serS,False,insufficient_data,alpA|basR|btsR|glaR|glrR|nsrR|ptrR|rcdA,0,,,,,0.212124663359748,0,
0,10,0.0,0.0,instrument_error,1468393837,1506969025,1468393837,lrp,slyX,False,insufficient_data,alpA|basR|btsR|glaR|glrR|nsrR|ptrR|rcdA,0,,,,,0.13177553970464642,0,
0,10,0.0,0.0,instrument_error,1468393837,1506969025,1468393837,lrp,trhO,False,insufficient_data,alpA|basR|btsR|glaR|glrR|nsrR|ptrR|rcdA,0,,,,,0.1532847095887762,0,
0,10,0.0,0.0,instrument_error,1468393837,1506969025,1468393837,lrp,tsuA,False,insufficient_data,alpA|basR|btsR|glaR|glrR|nsrR|ptrR|rcdA,0,,,,,-0.49223056131186266,0,
0,10,0.0,0.0,instrument_error,1468393837,1506969025,1468393837,lrp,yaaX,False,insufficient_data,alpA|basR|btsR|glaR|glrR|nsrR|ptrR|rcdA,0,,,,,-0.12535231691119902,0,
0,10,0.0,0.0,instrument_error,1468393837,1506969025,1468393837,lrp,yabQ,False,insufficient_data,alpA|basR|btsR|glaR|glrR|nsrR|ptrR|rcdA,0,,,,,0.11732202771473263,0,
0,10,0.0,0.0,instrument_error,1468393837,1506969025,1468393837,lrp,yacL,False,insufficient_data,alpA|basR|btsR|glaR|glrR|nsrR|ptrR|rcdA,0,,,,,0.16169162807713439,0,
0,10,0.0,0.0,instrument_error,1468393837,1506969025,1468393837,lrp,ybdF,False,insufficient_data,alpA|basR|btsR|glaR|glrR|nsrR|ptrR|rcdA,0,,,,,0.2797026396825148,0,
0,10,0.0,0.0,instrument_error,1468393837,1506969025,1468393837,lrp,ybdG,False,insufficient_data,alpA|basR|btsR|glaR|glrR|nsrR|ptrR|rcdA,0,,,,,0.2643869755138647,0,
0,10,0.0,0.0,instrument_error,1468393837,1506969025,1468393837,lrp,ybdL,False,insufficient_data,alpA|basR|btsR|glaR|glrR|nsrR|ptrR|rcdA,0,,,,,0.2856536749920081,0,
0,10,0.0,0.0,instrument_error,1468393837,1506969025,1468393837,lrp,ybgS,False,insufficient_data,alpA|basR|btsR|glaR|glrR|nsrR|ptrR|rcdA,0,,,,,-0.059719855746612385,0,
0,10,0.0,0.0,instrument_error,1468393837,1506969025,1468393837,lrp,ybhQ,False,insufficient_data,alpA|basR|btsR|glaR|glrR|nsrR|ptrR|rcdA,0,,,,,-0.4977315100556236,0,
0,10,0.0,0.0,instrument_error,1468393837,1506969025,1468393837,lrp,ybiJ,False,insufficient_data,alpA|basR|btsR|glaR|glrR|nsrR|ptrR|rcdA|yhaJ,0,,,,,-0.08375606497997524,0,
0,10,0.0,0.0,instrument_error,1468393837,1506969025,1468393837,lrp,ybiO,False,insufficient_data,alpA|basR|btsR|glaR|glrR|nsrR|ptrR|rcdA,0,,,,,0.5210531834919908,0,
0,10,0.0,0.0,instrument_error,1468393837,1506969025,1468393837,lrp,ybjS,False,insufficient_data,alpA|basR|btsR|glaR|glrR|nsrR|ptrR|rcdA,0,,,,,0.2614157831837692,0,
0,10,0.0,0.0,instrument_error,1468393837,1506969025,1468393837,lrp,ycaM,False,insufficient_data,alpA|basR|btsR|glaR|glrR|nsrR|ptrR|rcdA,0,,,,,0.38851513303564705,0,
0,10,0.0,0.0,instrument_error,1468393837,1506969025,1468393837,lrp,yceB,False,insufficient_data,alpA|basR|btsR|glaR|glrR|nsrR|ptrR|rcdA,0,,,,,0.07769729272555952,0,
0,10,0.0,0.0,instrument_error,1468393837,1506969025,1468393837,lrp,ycfJ,False,insufficient_data,alpA|basR|btsR|glaR|glrR|nsrR|ptrR|rcdA,0,,,,,-0.08173391428963356,0,
0,10,0.0,0.0,instrument_error,1468393837,1506969025,1468393837,lrp,ychE,False,insufficient_data,alpA|basR|btsR|glaR|glrR|nsrR|ptrR|rcdA,0,,,,,0.053015114037565494,0,
0,10,0.0,0.0,instrument_error,1468393837,1506969025,1468393837,lrp,yciN,False,insufficient_data,alpA|basR|btsR|glaR|glrR|nsrR|ptrR|rcdA,0,,,,,-0.21158770258390502,0,
0,10,0.0,0.0,instrument_error,1468393837,1506969025,1468393837,lrp,ydcK,False,insufficient_data,alpA|basR|btsR|glaR|glrR|nsrR|ptrR|rcdA,0,,,,,0.11621705321138655,0,
0,10,0.0,0.0,instrument_error,1468393837,1506969025,1468393837,lrp,yebF,False,insufficient_data,alpA|basR|btsR|glaR|glrR|nsrR|ptrR|rcdA,0,,,,,-0.0715658331766689,0,
0,10,0.0,0.0,instrument_error,1468393837,1506969025,1468393837,lrp,yehL,False,insufficient_data,alpA|basR|btsR|glaR|glrR|nsrR|ptrR|rcdA,0,,,,,0.13256527001090954,0,
0,10,0.0,0.0,instrument_error,1468393837,1506969025,1468393837,lrp,yfaP,False,insufficient_data,alpA|basR|btsR|glaR|glrR|nsrR|ptrR|rcdA,0,,,,,0.3864077003862245,0,
0,10,0.0,0.0,instrument_error,1468393837,1506969025,1468393837,lrp,ygiV,False,insufficient_data,alpA|basR|btsR|glaR|glrR|nsrR|ptrR|rcdA,0,,,,,-0.28539739255487556,0,
0,10,0.0,0.0,instrument_error,1468393837,1506969025,1468393837,lrp,ygiW,False,insufficient_data,alpA|basR|btsR|glaR|glrR|nsrR|ptrR|rcdA,0,,,,,-0.16056037658715896,0,
0,10,0.0,0.0,instrument_error,1468393837,1506969025,1468393837,lrp,yhbY,False,insufficient_data,alpA|basR|btsR|glaR|glrR|nsrR|ptrR|rcdA,0,,,,,-0.12686209202532084,0,
0,10,0.0,0.0,instrument_error,1468393837,1506969025,1468393837,lrp,yhcN,False,insufficient_data,alpA|basR|btsR|glaR|glrR|nsrR|ptrR|rcdA,0,,,,,0.16386548358973477,0,
0,10,0.0,0.0,instrument_error,1468393837,1506969025,1468393837,lrp,yhhA,False,insufficient_data,alpA|basR|btsR|glaR|glrR|nsrR|ptrR|rcdA,0,,,,,0.08584313490764067,0,
0,10,0.0,0.0,instrument_error,1468393837,1506969025,1468393837,lrp,yhhW,False,insufficient_data,alpA|basR|btsR|glaR|glrR|nsrR|ptrR|rcdA|yhaJ,0,,,,,0.269503351175485,0,
0,10,0.0,0.0,instrument_error,1468393837,1506969025,1468393837,lrp,yibL,False,insufficient_data,alpA|basR|btsR|glaR|glrR|nsrR|ptrR|rcdA,0,,,,,-0.08335781642158696,0,
0,10,0.0,0.0,instrument_error,1468393837,1506969025,1468393837,lrp,yibT,False,insufficient_data,alpA|basR|btsR|glaR|glrR|nsrR|ptrR|rcdA,0,,,,,0.13733784706433882,0,
0,10,0.0,0.0,instrument_error,1468393837,1506969025,1468393837,lrp,yicH,False,insufficient_data,alpA|basR|btsR|glaR|glrR|nsrR|ptrR|rcdA,0,,,,,-0.21127284156963483,0,
0,10,0.0,0.0,instrument_error,1468393837,1506969025,1468393837,lrp,yiiM,False,insufficient_data,alpA|basR|btsR|glaR|glrR|nsrR|ptrR|rcdA,0,,,,,0.12687263387455583,0,
0,10,0.0,0.0,instrument_error,1468393837,1506969025,1468393837,lrp,yjfP,False,insufficient_data,alpA|basR|btsR|glaR|glrR|nsrR|ptrR|rcdA,0,,,,,-0.20971901729578513,0,
0,10,0.0,0.0,instrument_error,1468393837,1506969025,1468393837,lrp,yjiC,False,insufficient_data,alpA|basR|btsR|glaR|glrR|nsrR|ptrR|rcdA,0,,,,,0.20988057708131821,0,
0,10,0.0,0.0,instrument_error,1468393837,1506969025,1468393837,lrp,yjiL,False,insufficient_data,alpA|basR|btsR|glaR|glrR|nsrR|ptrR|rcdA,0,,,,,-0.29809985761120655,0,
0,10,0.0,0.0,instrument_error,1468393837,1506969025,1468393837,lrp,yoaH,False,insufficient_data,alpA|basR|btsR|glaR|glrR|nsrR|ptrR|rcdA,0,,,,,0.0983804196194661,0,
0,10,0.0,0.0,instrument_error,1468393837,1506969025,1468393837,lrp,yodC,False,insufficient_data,alpA|basR|btsR|glaR|glrR|nsrR|ptrR|rcdA,0,,,,,-0.1970632746553759,0,
0,10,0.0,0.0,instrument_error,1468393837,1506969025,1468393837,lrp,yqeG,False,insufficient_data,alpA|basR|btsR|glaR|glrR|nsrR|ptrR|rcdA,0,,,,,0.44661357852389805,0,
0,10,0.0,0.0,instrument_error,1468393837,1506969025,1468393837,lrp,ytjB,False,insufficient_data,alpA|basR|btsR|glaR|glrR|nsrR|ptrR|rcdA,0,,,,,-0.7988050403316308,0,
0,10,0.0,0.0,instrument_error,1468393837,1506969025,1468393837,lrp,yzgL,False,insufficient_data,alpA|basR|btsR|glaR|glrR|nsrR|ptrR|rcdA,0,,,,,-0.3372219453094066,0,
0,10,0.0,0.0,instrument_error,1468393837,1506969025,1468393837,lrp,zipA,False,insufficient_data,alpA|basR|btsR|glaR|glrR|nsrR|ptrR|rcdA,0,,,,,-0.11101370000868992,0,
0,10,0.0,0.0,instrument_error,1468393837,1506969025,1468393837,lrp,zitB,False,insufficient_data,alpA|basR|btsR|glaR|glrR|nsrR|ptrR|rcdA,0,,,,,0.12482713930052741,0,
0,10,0.0,0.0,instrument_error,1468393837,1506969025,1468393837,arsR,arsB,False,insufficient_data,rpoD,0,,,,,0.09184465056733496,0,
0,10,0.0,0.0,instrument_error,1468393837,1506969025,1468393837,arsR,arsC,False,insufficient_data,rpoD,0,,,,,-0.14152494545823419,0,
0,10,0.0,0.0,instrument_error,1468393837,1506969025,1468393837,ascG,ascB,False,insufficient_data,crp|hns|rpoD,0,,,,,0.13859701002861788,0,
0,10,0.0,0.0,instrument_error,1468393837,1506969025,1468393837,ascG,ascF,False,insufficient_data,cpxR|crp|hns|rpoD|spf,0,,,,,-0.10470224693796366,0,
0,10,0.0,0.0,instrument_error,1468393837,1506969025,1468393837,ascG,htpG,False,insufficient_data,crp|hns|nac|rpoH|rpoN,0,,,,,-0.11989579351152542,0,
0,10,0.0,0.0,instrument_error,1468393837,1506969025,1468393837,ascG,prpR,False,insufficient_data,crp|hns|phoB|rpoD,0,,,,,0.28666295386691015,0,
0,10,0.0,0.0,instrument_error,1468393837,1506969025,1468393837,ascG,ybiT,False,insufficient_data,crp|hns|lrp|rob,0,,,,,0.1162951585252083,0,
0,10,0.0,0.0,instrument_error,1468393837,1506969025,1468393837,prpR,prpB,False,insufficient_data,ascG|cra|crp|phoB|rpoD|rpoN,0,,,,,0.10990063922373704,0,
0,10,0.0,0.0,instrument_error,1468393837,1506969025,1468393837,prpR,prpC,False,insufficient_data,ascG|cra|crp|phoB|rpoD|rpoN,0,,,,,-0.16216596235876182,0,
0,10,0.0,0.0,instrument_error,1468393837,1506969025,1468393837,prpR,prpD,False,insufficient_data,ascG|cra|crp|phoB|rpoD|rpoN,0,,,,,-0.11386576355409628,0,
0,10,0.0,0.0,instrument_error,1468393837,1506969025,1468393837,prpR,prpE,False,insufficient_data,ascG|cra|crp|phoB|rpoD|rpoN,0,,,,,0.16228702315377214,0,
0,10,0.0,0.0,instrument_error,1468393837,1506969025,1468393837,asnC,asnA,False,insufficient_data,lrp|nac|rpoD,0,,,,,-0.23885340619918422,0,
0,10,0.0,0.0,instrument_error,1468393837,1506969025,1468393837,asnC,mioC,False,insufficient_data,mraZ|nac|rpoD,0,,,,,-0.1367022855789669,0,
0,10,0.0,0.0,instrument_error,1468393837,1506969025,1468393837,asnC,mnmG,False,insufficient_data,nac|rpoD|rpoS,0,,,,,-0.11718672870685637,0,
0,10,0.0,0.0,instrument_error,1468393837,1506969025,1468393837,atoC,atoA,False,insufficient_data,ihfA|ihfB|rpoN,0,,,,,-0.22811095003704082,0,
0,10,0.0,0.0,instrument_error,1468393837,1506969025,1468393837,atoC,atoB,False,insufficient_data,ihfA|ihfB|rpoN,0,,,,,-0.2111014458525666,0,
0,10,0.0,0.0,instrument_error,1468393837,1506969025,1468393837,atoC,atoD,False,insufficient_data,ihfA|ihfB|rpoN|spf,0,,,,,-0.3260138907320172,0,
0,10,0.0,0.0,instrument_error,1468393837,1506969025,1468393837,atoC,atoE,False,insufficient_data,ihfA|ihfB|rpoN,0,,,,,-0.11393190788519561,0,
0,10,0.0,0.0,instrument_error,1468393837,1506969025,1468393837,baeR,acrD,False,insufficient_data,cpxR|evgA|rpoD|rpoN|rpoS,0,,,,,-0.11052730137591951,0,
0,10,0.0,0.0,instrument_error,1468393837,1506969025,1468393837,baeR,baeS,False,insufficient_data,cpxR|glaR|rpoS,0,,,,,-0.4691184407817107,0,
0,10,0.0,0.0,instrument_error,1468393837,1506969025,1468393837,baeR,mdtA,False,insufficient_data,cpxR|rpoS,0,,,,,-0.12787235003876343,0,
0,10,0.0,0.0,instrument_error,1468393837,1506969025,1468393837,baeR,mdtB,False,insufficient_data,cpxR|rpoS,0,,,,,-0.35990390447684834,0,
0,10,0.0,0.0,instrument_error,1468393837,1506969025,1468393837,baeR,mdtC,False,insufficient_data,cpxR|rpoS,0,,,,,0.35662151426594974,0,
0,10,0.0,0.0,instrument_error,1468393837,1506969025,1468393837,baeR,mdtD,False,insufficient_data,cpxR|rob|rpoS,0,,,,,-0.3380726084742453,0,
0,10,0.0,0.0,instrument_error,1468393837,1506969025,1468393837,baeR,spy,False,insufficient_data,cpxR|rpoD|rpoS,0,,,,,0.1835993432819752,0,
0,10,0.0,0.0,instrument_error,1468393837,1506969025,1468393837,baeR,ycaC,False,insufficient_data,cpxR|fnr|nac|rpoS,0,,,,,0.25865204745423703,0,
0,10,0.0,0.0,instrument_error,1468393837,1506969025,1468393837,basR,arnA,False,insufficient_data,,0,,,,,-0.22706723836943218,0,
0,10,0.0,0.0,instrument_error,1468393837,1506969025,1468393837,basR,arnB,False,insufficient_data,,0,,,,,0.11352877433572045,0,
0,10,0.0,0.0,instrument_error,1468393837,1506969025,1468393837,basR,arnC,False,insufficient_data,,0,,,,,0.06286638492942451,0,
0,10,0.0,0.0,instrument_error,1468393837,1506969025,1468393837,basR,arnD,False,insufficient_data,,0,,,,,0.08731514320209867,0,
0,10,0.0,0.0,instrument_error,1468393837,1506969025,1468393837,basR,arnE,False,insufficient_data,,0,,,,,0.10698155807741568,0,
0,10,0.0,0.0,instrument_error,1468393837,1506969025,1468393837,basR,arnF,False,insufficient_data,,0,,,,,0.11722358940832066,0,
0,10,0.0,0.0,instrument_error,1468393837,1506969025,1468393837,basR,arnT,False,insufficient_data,,0,,,,,0.19668030670259512,0,
0,10,0.0,0.0,instrument_error,1468393837,1506969025,1468393837,basR,csgD,False,insufficient_data,alpA|btsR|glaR|glrR|nsrR|ptrR|rcdA,0,,,,,0.2028789064029477,0,
0,10,0.0,0.0,instrument_error,1468393837,1506969025,1468393837,basR,csgE,False,insufficient_data,alpA|btsR|glaR|glrR|nsrR|ptrR|rcdA,0,,,,,-0.2583040918300437,0,
0,10,0.0,0.0,instrument_error,1468393837,1506969025,1468393837,basR,csgF,False,insufficient_data,alpA|btsR|glaR|glrR|nsrR|ptrR|rcdA,0,,,,,-0.05125966310069209,0,
0,10,0.0,0.0,instrument_error,1468393837,1506969025,1468393837,basR,csgG,False,insufficient_data,alpA|btsR|glaR|glrR|nsrR|ptrR|rcdA,0,,,,,-0.17776690644425858,0,
0,10,0.0,0.0,instrument_error,1468393837,1506969025,1468393837,basR,cspI,False,insufficient_data,alpA|btsR|glaR|glrR|nsrR|ptrR|rcdA,0,,,,,0.07783494020302997,0,
0,10,0.0,0.0,instrument_error,1468393837,1506969025,1468393837,basR,dgkA,False,insufficient_data,,0,,,,,0.2279485202920131,0,
0,10,0.0,0.0,instrument_error,1468393837,1506969025,1468393837,basR,emrD,False,insufficient_data,alpA|btsR|glaR|glrR|nsrR|ptrR|rcdA,0,,,,,-0.237681753126761,0,
0,10,0.0,0.0,instrument_error,1468393837,1506969025,1468393837,basR,eptA,False,insufficient_data,alpA|btsR|glaR|glrR|nsrR|ptrR|rcdA,0,,,,,0.23694344736958625,0,
0,10,0.0,0.0,instrument_error,1468393837,1506969025,1468393837,basR,fimB,False,insufficient_data,alpA|btsR|glaR|glrR|nanR|nsrR|ptrR|rcdA,0,,,,,0.08473551054465969,0,
0,10,0.0,0.0,instrument_error,1468393837,1506969025,1468393837,basR,glpA,False,insufficient_data,alpA|btsR|glaR|glrR|nsrR|ptrR|rcdA,0,,,,,-0.07435017063181251,0,
0,10,0.0,0.0,instrument_error,1468393837,1506969025,1468393837,basR,glpB,False,insufficient_data,alpA|btsR|glaR|glrR|nsrR|ptrR|rcdA,0,,,,,-0.28597117084017837,0,
0,10,0.0,0.0,instrument_error,1468393837,1506969025,1468393837,basR,glpC,False,insufficient_data,alpA|btsR|glaR|glrR|nsrR|ptrR|rcdA,0,,,,,0.07509060835894797,0,
0,10,0.0,0.0,instrument_error,1468393837,1506969025,1468393837,basR,hha,False,insufficient_data,alpA|btsR|glaR|glrR|nsrR|ptrR|rcdA,0,,,,,-0.09296764768113334,0,
0,10,0.0,0.0,instrument_error,1468393837,1506969025,1468393837,basR,putA,False,insufficient_data,alpA|btsR|glaR|glrR|nsrR|ptrR|rcdA,0,,,,,-0.2025174864604221,0,
0,10,0.0,0.0,instrument_error,1468393837,1506969025,1468393837,basR,qseB,False,insufficient_data,alpA|btsR|glaR|glrR|nsrR|ptrR|rcdA,0,,,,,0.1967482496163513,0,
0,10,0.0,0.0,instrument_error,1468393837,1506969025,1468393837,basR,qseC,False,insufficient_data,alpA|btsR|glaR|glrR|nsrR|ptrR|rcdA,0,,,,,-0.09441396730741262,0,
0,10,0.0,0.0,instrument_error,1468393837,1506969025,1468393837,basR,tomB,False,insufficient_data,alpA|btsR|glaR|glrR|nsrR|ptrR|rcdA,0,,,,,-0.10995917076075108,0,
0,10,0.0,0.0,instrument_error,1468393837,1506969025,1468393837,basR,waaH,False,insufficient_data,alpA|btsR|glaR|glrR|nsrR|ptrR|rcdA,0,,,,,-0.09502232989084873,0,
0,10,0.0,0.0,instrument_error,1468393837,1506969025,1468393837,basR,yrbL,False,insufficient_data,alpA|btsR|glaR|glrR|nsrR|ptrR|rcdA,0,,,,,0.3866750310216731,0,
0,10,0.0,0.0,instrument_error,1468393837,1506969025,1468393837,csgD,nlpA,False,insufficient_data,alpA|basR|btsR|glaR|glrR|nsrR|ptrR|rcdA,0,,,,,-0.13479331162589583,0,
0,10,0.0,0.0,instrument_error,1468393837,1506969025,1468393837,csgD,yhbS,False,insufficient_data,alpA|basR|btsR|glaR|glrR|nsrR|ptrR|rcdA,0,,,,,-0.12785101584032565,0,
0,10,0.0,0.0,instrument_error,1468393837,1506969025,1468393837,bglG,bglB,False,insufficient_data,bglJ|crp|fis|hns|leuO|nac|rcsB|stpA,0,,,,,-0.21112765282963472,0,
0,10,0.0,0.0,instrument_error,1468393837,1506969025,1468393837,bglG,bglF,False,insufficient_data,bglJ|crp|fis|hns|leuO|rcsB|stpA,0,,,,,0.14789552713785373,0,
0,10,0.0,0.0,instrument_error,1468393837,1506969025,1468393837,leuO,yghR,False,insufficient_data,alpA|basR|btsR|glaR|glrR|nsrR|ptrR|rcdA,0,,,,,0.14313346776951122,0,
0,10,0.0,0.0,instrument_error,1468393837,1506969025,1468393837,birA,bioA,False,insufficient_data,rpoD,0,,,,,-0.1423064404396189,0,
0,10,0.0,0.0,instrument_error,1468393837,1506969025,1468393837,birA,bioB,False,insufficient_data,rpoD,0,,,,,0.18835059893612024,0,
0,10,0.0,0.0,instrument_error,1468393837,1506969025,1468393837,birA,bioC,False,insufficient_data,rpoD,0,,,,,0.06937671151295952,0,
0,10,0.0,0.0,instrument_error,1468393837,1506969025,1468393837,birA,bioD,False,insufficient_data,rpoD,0,,,,,0.15038023448146115,0,
0,10,0.0,0.0,instrument_error,1468393837,1506969025,1468393837,birA,bioF,False,insufficient_data,rpoD,0,,,,,-0.14933188523822666,0,
0,10,0.0,0.0,instrument_error,1468393837,1506969025,1468393837,bluR,ariR,False,insufficient_data,cysB|marA|rpoD|rpoS|srsR,0,,,,,0.2873147865135261,0,
0,10,0.0,0.0,instrument_error,1468393837,1506969025,1468393837,bluR,ycgZ,False,insufficient_data,marA|rpoD|rpoS|srsR,0,,,,,-0.24540404731510998,0,
0,10,0.0,0.0,instrument_error,1468393837,1506969025,1468393837,bluR,ymgA,False,insufficient_data,marA|rpoD|rpoS|srsR,0,,,,,0.1159042848939607,0,
0,10,0.0,0.0,instrument_error,1468393837,1506969025,1468393837,bluR,ymgC,False,insufficient_data,marA|rpoD|rpoS|srsR,0,,,,,-0.24625650949465797,0,
0,10,0.0,0.0,instrument_error,1468393837,1506969025,1468393837,btsR,aceE,False,insufficient_data,alpA|basR|glaR|glrR|nsrR|ptrR|rcdA,0,,,,,0.16286247775484486,0,
0,10,0.0,0.0,instrument_error,1468393837,1506969025,1468393837,btsR,aceF,False,insufficient_data,alpA|basR|glaR|glrR|nsrR|ptrR|rcdA,0,,,,,-0.2785479435052594,0,
0,10,0.0,0.0,instrument_error,1468393837,1506969025,1468393837,btsR,btsT,False,insufficient_data,alpA|basR|glaR|glrR|nsrR|ptrR|rcdA,0,,,,,0.12331961899784602,0,
0,10,0.0,0.0,instrument_error,1468393837,1506969025,1468393837,btsR,csgA,False,insufficient_data,alpA|basR|glaR|glrR|nsrR|ptrR|rcdA,0,,,,,-0.06424583676508791,0,
0,10,0.0,0.0,instrument_error,1468393837,1506969025,1468393837,btsR,csgB,False,insufficient_data,alpA|basR|glaR|glrR|nsrR|ptrR|rcdA,0,,,,,-0.18644703387096365,0,
0,10,0.0,0.0,instrument_error,1468393837,1506969025,1468393837,btsR,csgC,False,insufficient_data,alpA|basR|glaR|glrR|nsrR|ptrR|rcdA,0,,,,,0.16970172806874617,0,
0,10,0.0,0.0,instrument_error,1468393837,1506969025,1468393837,btsR,csgD,False,insufficient_data,alpA|basR|glaR|glrR|nsrR|ptrR|rcdA,0,,,,,-0.14766276322634272,0,
0,10,0.0,0.0,instrument_error,1468393837,1506969025,1468393837,btsR,csgE,False,insufficient_data,alpA|basR|glaR|glrR|nsrR|ptrR|rcdA,0,,,,,0.11403720248758843,0,
0,10,0.0,0.0,instrument_error,1468393837,1506969025,1468393837,btsR,csgF,False,insufficient_data,alpA|basR|glaR|glrR|nsrR|ptrR|rcdA,0,,,,,-0.11259327808632183,0,
0,10,0.0,0.0,instrument_error,1468393837,1506969025,1468393837,btsR,csgG,False,insufficient_data,alpA|basR|glaR|glrR|nsrR|ptrR|rcdA,0,,,,,-0.2307283368160974,0,
0,10,0.0,0.0,instrument_error,1468393837,1506969025,1468393837,btsR,cspC,False,insufficient_data,alpA|basR|glaR|glrR|nsrR|ptrR|rcdA,0,,,,,0.13689584295084212,0,
0,10,0.0,0.0,instrument_error,1468393837,1506969025,1468393837,btsR,lpd,False,insufficient_data,alpA|basR|glaR|glrR|nsrR|ptrR|rcdA,0,,,,,-0.2771128193142353,0,
0,10,0.0,0.0,instrument_error,1468393837,1506969025,1468393837,btsR,mdh,False,insufficient_data,alpA|basR|glaR|glrR|modE|nsrR|ptrR|rcdA,0,,,,,0.12028036896509006,0,
0,10,0.0,0.0,instrument_error,1468393837,1506969025,1468393837,btsR,pdhR,False,insufficient_data,alpA|basR|glaR|glrR|nsrR|ptrR|rcdA,0,,,,,0.1546132707765671,0,
0,10,0.0,0.0,instrument_error,1468393837,1506969025,1468393837,btsR,yobF,False,insufficient_data,alpA|basR|glaR|glrR|nsrR|ptrR|rcdA,0,,,,,0.18278262834035675,0,
0,10,0.0,0.0,instrument_error,1468393837,1506969025,1468393837,pdhR,aceE,False,insufficient_data,arcA|btsR|cra|crp|fnr|glaR|nsrR|ompR|rpoD|rpoS,0,,,,,-0.11595533533983235,0,
0,10,0.0,0.0,instrument_error,1468393837,1506969025,1468393837,pdhR,aceF,False,insufficient_data,arcA|btsR|cra|crp|fnr|glaR|nsrR|ompR|rpoD|rpoS,0,,,,,0.163624668104351,0,
0,10,0.0,0.0,instrument_error,1468393837,1506969025,1468393837,pdhR,acpP,False,insufficient_data,arcA|btsR|cra|crp|fnr|glaR|ompR|rpoD|rpoS,0,,,,,-0.043878824021053815,0,
0,10,0.0,0.0,instrument_error,1468393837,1506969025,1468393837,pdhR,cyoA,False,insufficient_data,arcA|btsR|cra|crp|cusR|fis|fnr|fur|gadE|glaR|hprR|ompR|rpoD|rpoS,0,,,,,0.19676931330729996,0,
0,10,0.0,0.0,instrument_error,1468393837,1506969025,1468393837,pdhR,cyoB,False,insufficient_data,arcA|btsR|cra|crp|cusR|fis|fnr|fur|gadE|glaR|hprR|ompR|rpoD|rpoS,0,,,,,-0.24435751747092557,0,
0,10,0.0,0.0,instrument_error,1468393837,1506969025,1468393837,pdhR,cyoC,False,insufficient_data,arcA|btsR|cra|crp|cusR|fis|fnr|fur|gadE|glaR|hprR|ompR|rpoD|rpoS,0,,,,,0.44540754388042697,0,
0,10,0.0,0.0,instrument_error,1468393837,1506969025,1468393837,pdhR,cyoD,False,insufficient_data,arcA|btsR|cra|crp|cusR|fis|fnr|fur|gadE|glaR|hprR|ompR|rpoD|rpoS,0,,,,,0.17411417434987617,0,
0,10,0.0,0.0,instrument_error,1468393837,1506969025,1468393837,pdhR,cyoE,False,insufficient_data,arcA|btsR|cra|crp|cusR|fis|fnr|fur|gadE|glaR|hprR|ompR|rpoD|rpoS,0,,,,,-0.09106907842843118,0,
0,10,0.0,0.0,instrument_error,1468393837,1506969025,1468393837,pdhR,ddlB,False,insufficient_data,btsR|cra|crp|fnr|glaR|lexA|ompR|rpoD|rpoS,0,,,,,-0.12851450364738679,0,
0,10,0.0,0.0,instrument_error,1468393837,1506969025,1468393837,pdhR,fadE,False,insufficient_data,arcA|btsR|cpxR|cra|crp|fadR|fnr|glaR|lldR|ompR|rpoD|rpoS,0,,,,,0.06326928798445844,0,
0,10,0.0,0.0,instrument_error,1468393837,1506969025,1468393837,pdhR,fadH,False,insufficient_data,arcA|btsR|cra|crp|fadR|fnr|glaR|hipB|ompR|rpoD|rpoS,0,,,,,0.3052449118554029,0,
0,10,0.0,0.0,instrument_error,1468393837,1506969025,1468393837,pdhR,fadL,False,insufficient_data,arcA|btsR|cra|crp|fadR|fnr|glaR|lldR|lrp|ompR|phoP|rob|rpoD|rpoN|rpoS,0,,,,,-0.1490359847124913,0,
0,10,0.0,0.0,instrument_error,1468393837,1506969025,1468393837,pdhR,fadM,False,insufficient_data,btsR|cra|crp|fadR|fnr|glaR|ompR|rpoD|rpoE|rpoS,0,,,,,-0.3944956315739892,0,
0,10,0.0,0.0,instrument_error,1468393837,1506969025,1468393837,pdhR,fecA,False,insufficient_data,btsR|cra|crp|fecI|fnr|fur|glaR|hypT|ompR|rpoD|rpoS,0,,,,,0.18530440212249796,0,
0,10,0.0,0.0,instrument_error,1468393837,1506969025,1468393837,pdhR,fecB,False,insufficient_data,btsR|cra|crp|fecI|fnr|fur|glaR|hypT|ompR|rpoD|rpoS,0,,,,,-0.3324965115067828,0,
0,10,0.0,0.0,instrument_error,1468393837,1506969025,1468393837,pdhR,fecC,False,insufficient_data,btsR|cra|crp|fecI|fnr|fur|glaR|hypT|ompR|rpoD|rpoS,0,,,,,-0.09175761716568039,0,
0,10,0.0,0.0,instrument_error,1468393837,1506969025,1468393837,pdhR,fecD,False,insufficient_data,btsR|cra|crp|fecI|fnr|fur|glaR|hypT|ompR|rpoD|rpoS,0,,,,,0.12706566942927056,0,
0,10,0.0,0.0,instrument_error,1468393837,1506969025,1468393837,pdhR,fecE,False,insufficient_data,btsR|cra|crp|fecI|fnr|fur|glaR|hypT|ompR|rpoD|rpoS,0,,,,,-0.22264551422045087,0,
0,10,0.0,0.0,instrument_error,1468393837,1506969025,1468393837,pdhR,ftsA,False,insufficient_data,btsR|cra|crp|fnr|glaR|lexA|ompR|rcsB|rpoD|rpoS|sdiA,0,,,,,0.27089723912172986,0,
0,10,0.0,0.0,instrument_error,1468393837,1506969025,1468393837,pdhR,ftsI,False,insufficient_data,btsR|cra|crp|fnr|glaR|lexA|ompR|rpoD|rpoS,0,,,,,0.05498706252447245,0,
0,10,0.0,0.0,instrument_error,1468393837,1506969025,1468393837,pdhR,ftsL,False,insufficient_data,btsR|cra|crp|fnr|glaR|lexA|ompR|rpoD|rpoS,0,,,,,-0.12229243007683363,0,
0,10,0.0,0.0,instrument_error,1468393837,1506969025,1468393837,pdhR,ftsQ,False,insufficient_data,btsR|cra|crp|fnr|glaR|lexA|lrp|ompR|rpoD|rpoS|sdiA,0,,,,,0.6140772073156125,0,
0,10,0.0,0.0,instrument_error,1468393837,1506969025,1468393837,pdhR,ftsW,False,insufficient_data,btsR|cra|crp|fnr|glaR|lexA|ompR|rpoD|rpoS,0,,,,,-0.2610998420056,0,
0,10,0.0,0.0,instrument_error,1468393837,1506969025,1468393837,pdhR,ftsZ,False,insufficient_data,argR|btsR|cra|crp|dicF|fnr|glaR|lexA|ompR|rcsB|rpoD|rpoS|sdiA,0,,,,,0.22836239332369204,0,
0,10,0.0,0.0,instrument_error,1468393837,1506969025,1468393837,pdhR,fumD,False,insufficient_data,btsR|cra|crp|fnr|glaR|nac|ompR|rpoD|rpoS,0,,,,,0.19306031347051064,0,
0,10,0.0,0.0,instrument_error,1468393837,1506969025,1468393837,pdhR,glcA,False,insufficient_data,arcA|btsR|cra|crp|fnr|glaR|glcC|ihfA|ihfB|lrp|nac|ompR|rpoD|rpoS,0,,,,,0.2431415459989273,0,
0,10,0.0,0.0,instrument_error,1468393837,1506969025,1468393837,pdhR,glcB,False,insufficient_data,arcA|btsR|cra|crp|fnr|glaR|glcC|ihfA|ihfB|ompR|rpoD|rpoS,0,,,,,-0.2960410027677446,0,
0,10,0.0,0.0,instrument_error,1468393837,1506969025,1468393837,pdhR,glcD,False,insufficient_data,arcA|btsR|cra|crp|fnr|glaR|glcC|ihfA|ihfB|lldR|ompR|rpoD|rpoS,0,,,,,-0.1503161004441075,0,
0,10,0.0,0.0,instrument_error,1468393837,1506969025,1468393837,pdhR,glcE,False,insufficient_data,arcA|btsR|cra|crp|fnr|glaR|glcC|ihfA|ihfB|ompR|rpoD|rpoS,0,,,,,-0.21337903179408851,0,
0,10,0.0,0.0,instrument_error,1468393837,1506969025,1468393837,pdhR,glcF,False,insufficient_data,arcA|btsR|cra|crp|fnr|glaR|glcC|ihfA|ihfB|ompR|rpoD|rpoS,0,,,,,0.3490001539718097,0,
0,10,0.0,0.0,instrument_error,1468393837,1506969025,1468393837,pdhR,glcG,False,insufficient_data,arcA|btsR|cra|crp|fnr|glaR|glcC|ihfA|ihfB|ompR|rpoD|rpoS,0,,,,,-0.17713958028183366,0,
0,10,0.0,0.0,instrument_error,1468393837,1506969025,1468393837,pdhR,gmhA,False,insufficient_data,btsR|cpxR|cra|crp|fnr|glaR|ompR|rpoD|rpoS,0,,,,,0.10622167910077482,0,
0,10,0.0,0.0,instrument_error,1468393837,1506969025,1468393837,pdhR,grcA,False,insufficient_data,arcA|btsR|cra|crp|fis|fnr|fur|glaR|ompR|rpoD|rpoS,0,,,,,0.10078115286788517,0,
0,10,0.0,0.0,instrument_error,1468393837,1506969025,1468393837,pdhR,hemL,False,insufficient_data,btsR|cra|crp|fliA|fnr|glaR|ompR|phoP|rpoD|rpoS,0,,,,,-0.1301816268220293,0,
0,10,0.0,0.0,instrument_error,1468393837,1506969025,1468393837,pdhR,hha,False,insufficient_data,basR|btsR|cpxR|cra|crp|fnr|glaR|ompR|rpoD|rpoS,0,,,,,-0.053977278846545636,0,
0,10,0.0,0.0,instrument_error,1468393837,1506969025,1468393837,pdhR,lldP,False,insufficient_data,arcA|btsR|cra|crp|fnr|glaR|lldR|ompR|rpoD|rpoS|spf,0,,,,,-0.373880733249025,0,
0,10,0.0,0.0,instrument_error,1468393837,1506969025,1468393837,pdhR,lpd,False,insufficient_data,arcA|btsR|cra|crp|fis|fnr|fur|glaR|ompR|rpoD|rpoS,0,,,,,-0.258528716175414,0,
0,10,0.0,0.0,instrument_error,1468393837,1506969025,1468393837,pdhR,lpxC,False,insufficient_data,btsR|cra|crp|fnr|glaR|lexA|ompR|rpoD|rpoS,0,,,,,-0.12984291757379687,0,
0,10,0.0,0.0,instrument_error,1468393837,1506969025,1468393837,pdhR,mraY,False,insufficient_data,btsR|cra|crp|fnr|glaR|lexA|ompR|rpoD|rpoS,0,,,,,0.059505465044475285,0,
0,10,0.0,0.0,instrument_error,1468393837,1506969025,1468393837,pdhR,mraZ,False,insufficient_data,btsR|cra|crp|fnr|glaR|ompR|rpoD|rpoS,0,,,,,0.15651345851554638,0,
0,10,0.0,0.0,instrument_error,1468393837,1506969025,1468393837,pdhR,murC,False,insufficient_data,btsR|cra|crp|fnr|glaR|lexA|ompR|rpoD|rpoS,0,,,,,-0.1199438701729425,0,
0,10,0.0,0.0,instrument_error,1468393837,1506969025,1468393837,pdhR,murD,False,insufficient_data,btsR|cra|crp|fnr|glaR|lexA|ompR|rpoD|rpoS,0,,,,,-0.12810023224040903,0,
0,10,0.0,0.0,instrument_error,1468393837,1506969025,1468393837,pdhR,murE,False,insufficient_data,btsR|cra|crp|fnr|glaR|lexA|ompR|rpoD|rpoS,0,,,,,-0.2254762682149656,0,
0,10,0.0,0.0,instrument_error,1468393837,1506969025,1468393837,pdhR,murF,False,insufficient_data,btsR|cra|crp|fnr|glaR|lexA|ompR|rpoD|rpoS,0,,,,,-0.21255960492492001,0,
0,10,0.0,0.0,instrument_error,1468393837,1506969025,1468393837,pdhR,murG,False,insufficient_data,btsR|cra|crp|fnr|glaR|lexA|ompR|rpoD|rpoS,0,,,,,0.18990010123368545,0,
0,10,0.0,0.0,instrument_error,1468393837,1506969025,1468393837,pdhR,ndh,False,insufficient_data,arcA|btsR|cra|crp|fis|fnr|fur|glaR|ihfA|ihfB|nsrR|ompR|rpoD|rpoS,0,,,,,-0.09148633832969741,0,
0,10,0.0,0.0,instrument_error,1468393837,1506969025,1468393837,pdhR,ppsA,False,insufficient_data,btsR|cra|crp|fnr|glaR|lrp|ompR|rpoD|rpoS,0,,,,,-0.2584380716196477,0,
0,10,0.0,0.0,instrument_error,1468393837,1506969025,1468393837,pdhR,ppsR,False,insufficient_data,btsR|cra|crp|fnr|glaR|ompR|rpoD|rpoS,0,,,,,0.13271695351547375,0,
0,10,0.0,0.0,instrument_error,1468393837,1506969025,1468393837,pdhR,rsmH,False,insufficient_data,btsR|cra|crp|fnr|glaR|ompR|rpoD|rpoS,0,,,,,-0.27270212873078575,0,
0,10,0.0,0.0,instrument_error,1468393837,1506969025,1468393837,pdhR,tomB,False,insufficient_data,basR|btsR|cpxR|cra|crp|fnr|glaR|nac|ompR|rpoD|rpoS,0,,,,,-0.15458043897980278,0,
0,10,0.0,0.0,instrument_error,1468393837,1506969025,1468393837,pdhR,ybcV,False,insufficient_data,btsR|cra|crp|fnr|glaR|nac|ompR|rpoD|rpoS,0,,,,,0.08842866225391469,0,
0,10,0.0,0.0,instrument_error,1468393837,1506969025,1468393837,pdhR,ybcW,False,insufficient_data,btsR|cra|crp|fnr|glaR|ompR|rpoD|rpoS,0,,,,,-0.06708315056465304,0,
0,10,0.0,0.0,instrument_error,1468393837,1506969025,1468393837,c0293,fadR,False,insufficient_data,dksA|rpoD,0,,,,,0.17770793675075688,0,
0,10,0.0,0.0,instrument_error,1468393837,1506969025,1468393837,c0293,hcaR,False,insufficient_data,fur|nac,0,,,,,-0.3866404926251982,0,
0,10,0.0,0.0,instrument_error,1468393837,1506969025,1468393837,fadR,accA,False,insufficient_data,c0293|dksA|rpoD,0,,,,,-0.08928137480624199,0,
0,10,0.0,0.0,instrument_error,1468393837,1506969025,1468393837,fadR,accB,False,insufficient_data,c0293|dksA|rpoD,0,,,,,-0.06779098723612831,0,
0,10,0.0,0.0,instrument_error,1468393837,1506969025,1468393837,fadR,accC,False,insufficient_data,c0293|dksA|rpoD,0,,,,,0.3047414344415337,0,
0,10,0.0,0.0,instrument_error,1468393837,1506969025,1468393837,fadR,accD,False,insufficient_data,c0293|dksA|rpoD,0,,,,,0.23017311015255798,0,
0,10,0.0,0.0,instrument_error,1468393837,1506969025,1468393837,fadR,fabA,False,insufficient_data,c0293|dksA|fabR|rpoD,0,,,,,-0.2002228439127192,0,
0,10,0.0,0.0,instrument_error,1468393837,1506969025,1468393837,fadR,fabB,False,insufficient_data,c0293|dksA|fabR|rpoD,0,,,,,-0.14702099147386133,0,
0,10,0.0,0.0,instrument_error,1468393837,1506969025,1468393837,fadR,fabD,False,insufficient_data,c0293|dksA|rpoD,0,,,,,-0.10848891692993107,0,
0,10,0.0,0.0,instrument_error,1468393837,1506969025,1468393837,fadR,fabG,False,insufficient_data,c0293|dksA|rpoD,0,,,,,-0.0834620647923915,0,
0,10,0.0,0.0,instrument_error,1468393837,1506969025,1468393837,fadR,fabH,False,insufficient_data,c0293|dksA|rpoD,0,,,,,0.2088613099543945,0,
0,10,0.0,0.0,instrument_error,1468393837,1506969025,1468393837,fadR,fabI,False,insufficient_data,c0293|dksA|rpoD,0,,,,,-0.21301457875067362,0,
0,10,0.0,0.0,instrument_error,1468393837,1506969025,1468393837,fadR,fadA,False,insufficient_data,arcA|c0293|dksA|fis|rob|rpoD,0,,,,,0.21863386933423962,0,
0,10,0.0,0.0,instrument_error,1468393837,1506969025,1468393837,fadR,fadB,False,insufficient_data,arcA|c0293|dksA|fis|rob|rpoD,0,,,,,0.25756149373037746,0,
0,10,0.0,0.0,instrument_error,1468393837,1506969025,1468393837,fadR,fadD,False,insufficient_data,arcA|c0293|crp|dksA|rob|rpoD,0,,,,,0.15374030276004252,0,
0,10,0.0,0.0,instrument_error,1468393837,1506969025,1468393837,fadR,fadE,False,insufficient_data,arcA|c0293|cpxR|dksA|lldR|ompR|pdhR|rpoD,0,,,,,-0.03779482518159523,0,
0,10,0.0,0.0,instrument_error,1468393837,1506969025,1468393837,fadR,fadH,False,insufficient_data,arcA|c0293|crp|dksA|hipB|pdhR|rpoD,0,,,,,-0.11339493563251025,0,
0,10,0.0,0.0,instrument_error,1468393837,1506969025,1468393837,fadR,fadI,False,insufficient_data,arcA|c0293|cpxR|dksA|lrp|rpoD,0,,,,,0.41430040418400316,0,
0,10,0.0,0.0,instrument_error,1468393837,1506969025,1468393837,fadR,fadJ,False,insufficient_data,arcA|c0293|dksA|rpoD,0,,,,,0.14800343518765205,0,
0,10,0.0,0.0,instrument_error,1468393837,1506969025,1468393837,fadR,fadL,False,insufficient_data,arcA|c0293|crp|dksA|lldR|lrp|ompR|pdhR|phoP|rob|rpoD|rpoN|rpoS,0,,,,,-0.21310714428956068,0,
0,10,0.0,0.0,instrument_error,1468393837,1506969025,1468393837,fadR,fadM,False,insufficient_data,c0293|dksA|pdhR|rpoD|rpoE,0,,,,,0.14019613225072258,0,
0,10,0.0,0.0,instrument_error,1468393837,1506969025,1468393837,fadR,iclR,False,insufficient_data,c0293|dksA|flhC|flhD|rpoD,0,,,,,0.09574607875063769,0,
0,10,0.0,0.0,instrument_error,1468393837,1506969025,1468393837,fadR,uspA,False,insufficient_data,c0293|dksA|ihfA|ihfB|nac|rpoD,0,,,,,0.11856679109644175,0,
0,10,0.0,0.0,instrument_error,1468393837,1506969025,1468393837,hcaR,hcaB,False,insufficient_data,c0293|fur|nac,0,,,,,0.12267950735363482,0,
0,10,0.0,0.0,instrument_error,1468393837,1506969025,1468393837,hcaR,hcaC,False,insufficient_data,c0293|fur|nac,0,,,,,-0.14022536022333154,0,
0,10,0.0,0.0,instrument_error,1468393837,1506969025,1468393837,hcaR,hcaD,False,insufficient_data,c0293|fur|nac,0,,,,,0.17696133042126333,0,
0,10,0.0,0.0,instrument_error,1468393837,1506969025,1468393837,hcaR,hcaE,False,insufficient_data,c0293|fur|nac,0,,,,,-0.07995056174301393,0,
0,10,0.0,0.0,instrument_error,1468393837,1506969025,1468393837,hcaR,hcaF,False,insufficient_data,c0293|fur|nac,0,,,,,0.08107691187739155,0,
0,10,0.0,0.0,instrument_error,1468393837,1506969025,1468393837,cadC,cadA,False,insufficient_data,arcA|fnr|fur|gadE|gadX|glaR|hns|leuO|lrp|mlrA|ompR|rcsB|rpoD|soxS,0,,,,,0.24300855331940305,0,
0,10,0.0,0.0,instrument_error,1468393837,1506969025,1468393837,cadC,cadB,False,insufficient_data,arcA|fnr|fur|gadE|gadX|glaR|hns|leuO|lrp|mlrA|ompR|rcsB|rpoD,0,,,,,0.17566630872615255,0,
0,10,0.0,0.0,instrument_error,1468393837,1506969025,1468393837,caiF,caiA,False,insufficient_data,arcA|crp|fnr|hns|nac|narL|rpoD|spf,0,,,,,0.37156003475092825,0,
0,10,0.0,0.0,instrument_error,1468393837,1506969025,1468393837,caiF,caiB,False,insufficient_data,arcA|crp|fnr|hns|nac|narL|rpoD,0,,,,,-0.27890406036928367,0,
0,10,0.0,0.0,instrument_error,1468393837,1506969025,1468393837,caiF,caiC,False,insufficient_data,arcA|crp|fnr|hns|nac|narL|rpoD,0,,,,,0.4599064876980047,0,
0,10,0.0,0.0,instrument_error,1468393837,1506969025,1468393837,caiF,caiD,False,insufficient_data,arcA|crp|fnr|hns|nac|narL|rpoD,0,,,,,0.1976841821958652,0,
0,10,0.0,0.0,instrument_error,1468393837,1506969025,1468393837,caiF,caiE,False,insufficient_data,arcA|crp|fnr|hns|nac|narL|rpoD,0,,,,,-0.13363266707521831,0,
0,10,0.0,0.0,instrument_error,1468393837,1506969025,1468393837,caiF,caiT,False,insufficient_data,arcA|crp|fnr|hns|nac|narL|rpoD,0,,,,,-0.18084286841337857,0,
0,10,0.0,0.0,instrument_error,1468393837,1506969025,1468393837,caiF,fixA,False,insufficient_data,crp|fnr|hns|nac|narL|rpoD,0,,,,,0.23841834741665258,0,
0,10,0.0,0.0,instrument_error,1468393837,1506969025,1468393837,caiF,fixB,False,insufficient_data,crp|fnr|hns|nac|narL|rpoD,0,,,,,-0.14374666405251013,0,
0,10,0.0,0.0,instrument_error,1468393837,1506969025,1468393837,caiF,fixC,False,insufficient_data,crp|fnr|hns|nac|narL|rpoD,0,,,,,0.3064050658919987,0,
0,10,0.0,0.0,instrument_error,1468393837,1506969025,1468393837,caiF,fixX,False,insufficient_data,crp|fnr|hns|nac|narL|rpoD,0,,,,,-0.12830368031992959,0,
0,10,0.0,0.0,instrument_error,1468393837,1506969025,1468393837,cbl,ssuA,False,insufficient_data,cpxR|cysB|fnr|glnG|ihfA|ihfB|lrp|rpoD|yeiE,0,,,,,0.09572726277649898,0,
0,10,0.0,0.0,instrument_error,1468393837,1506969025,1468393837,cbl,ssuB,False,insufficient_data,cpxR|cysB|fnr|glnG|ihfA|ihfB|lrp|rpoD,0,,,,,0.15576550560824245,0,
0,10,0.0,0.0,instrument_error,1468393837,1506969025,1468393837,cbl,ssuC,False,insufficient_data,cpxR|cysB|fnr|glnG|ihfA|ihfB|lrp|rpoD,0,,,,,-0.15897831472373924,0,
0,10,0.0,0.0,instrument_error,1468393837,1506969025,1468393837,cbl,ssuD,False,insufficient_data,cpxR|cysB|fnr|glnG|ihfA|ihfB|lrp|rpoD,0,,,,,-0.19700725729095037,0,
0,10,0.0,0.0,instrument_error,1468393837,1506969025,1468393837,cbl,ssuE,False,insufficient_data,cpxR|cysB|fnr|glnG|ihfA|ihfB|lrp|nac|rpoD,0,,,,,0.7902312739503858,0,
0,10,0.0,0.0,instrument_error,1468393837,1506969025,1468393837,cbl,tauA,False,insufficient_data,cpxR|cysB|fur|glnG|lrp|nac|rpoD,0,,,,,0.1538969058756672,0,
0,10,0.0,0.0,instrument_error,1468393837,1506969025,1468393837,cbl,tauB,False,insufficient_data,cpxR|cysB|fur|glnG|lrp|rpoD,0,,,,,0.1296481514809822,0,
0,10,0.0,0.0,instrument_error,1468393837,1506969025,1468393837,cbl,tauC,False,insufficient_data,cpxR|cysB|fur|glnG|lrp|rpoD,0,,,,,-0.14947669826146023,0,
0,10,0.0,0.0,instrument_error,1468393837,1506969025,1468393837,cbl,tauD,False,insufficient_data,cpxR|cysB|glnG|lrp|rpoD,0,,,,,0.1764322908455403,0,
0,10,0.0,0.0,instrument_error,1468393837,1506969025,1468393837,cdaR,garD,False,insufficient_data,fnr|nac,0,,,,,0.11948398531361094,0,
0,10,0.0,0.0,instrument_error,1468393837,1506969025,1468393837,cdaR,garK,False,insufficient_data,fnr|fur|hns|nac|rpoD,0,,,,,-0.14183644605672446,0,
0,10,0.0,0.0,instrument_error,1468393837,1506969025,1468393837,cdaR,garL,False,insufficient_data,fnr|fur|hns|nac|rpoD,0,,,,,-0.1628017613922906,0,
0,10,0.0,0.0,instrument_error,1468393837,1506969025,1468393837,cdaR,garP,False,insufficient_data,fnr|fur|hns|nac|rpoD,0,,,,,-0.28599745391288117,0,
0,10,0.0,0.0,instrument_error,1468393837,1506969025,1468393837,cdaR,garR,False,insufficient_data,fnr|fur|hns|nac|rpoD,0,,,,,-0.11083750043781629,0,
0,10,0.0,0.0,instrument_error,1468393837,1506969025,1468393837,cdaR,gudD,False,insufficient_data,nac,0,,,,,-0.08977402176490747,0,
0,10,0.0,0.0,instrument_error,1468393837,1506969025,1468393837,cdaR,gudP,False,insufficient_data,nac,0,,,,,-0.05921465823069896,0,
0,10,0.0,0.0,instrument_error,1468393837,1506969025,1468393837,cdaR,gudX,False,insufficient_data,nac,0,,,,,0.1851859848194592,0,
0,10,0.0,0.0,instrument_error,1468393837,1506969025,1468393837,cdaR,rnpB,False,insufficient_data,fis|fnr|fur|hns|nac|rpoD,0,,,,,-0.18040606098121592,0,
0,10,0.0,0.0,instrument_error,1468393837,1506969025,1468393837,cecR,rhlE,False,insufficient_data,rpoD,0,,,,,0.44074117973981863,0,
0,10,0.0,0.0,instrument_error,1468393837,1506969025,1468393837,cecR,ybhF,False,insufficient_data,rpoD,0,,,,,-0.07203314701108364,0,
0,10,0.0,0.0,instrument_error,1468393837,1506969025,1468393837,cecR,ybhG,False,insufficient_data,rpoD,0,,,,,-0.14712181711361288,0,
0,10,0.0,0.0,instrument_error,1468393837,1506969025,1468393837,cecR,ybhR,False,insufficient_data,rpoD,0,,,,,0.11635848754795108,0,
0,10,0.0,0.0,instrument_error,1468393837,1506969025,1468393837,cecR,ybhS,False,insufficient_data,rpoD,0,,,,,-0.1280497340709314,0,
0,10,0.0,0.0,instrument_error,1468393837,1506969025,1468393837,chbR,chbA,False,insufficient_data,crp|nagC,0,,,,,0.13146882266368703,0,
0,10,0.0,0.0,instrument_error,1468393837,1506969025,1468393837,chbR,chbB,False,insufficient_data,crp|nagC,0,,,,,0.14370749841393204,0,
0,10,0.0,0.0,instrument_error,1468393837,1506969025,1468393837,chbR,chbC,False,insufficient_data,crp|nagC,0,,,,,-0.21863059250316816,0,
0,10,0.0,0.0,instrument_error,1468393837,1506969025,1468393837,chbR,chbF,False,insufficient_data,crp|nagC,0,,,,,-0.19937785063183175,0,
0,10,0.0,0.0,instrument_error,1468393837,1506969025,1468393837,chbR,chbG,False,insufficient_data,crp|lrp|nagC,0,,,,,0.10389386706228097,0,
0,10,0.0,0.0,instrument_error,1468393837,1506969025,1468393837,citR,ybdM,False,insufficient_data,,0,,,,,0.12028406323590562,0,
0,10,0.0,0.0,instrument_error,1468393837,1506969025,1468393837,citR,ybdN,False,insufficient_data,arcA|cysB|fnr|rpoD,0,,,,,0.22203336615291186,0,
0,10,0.0,0.0,instrument_error,1468393837,1506969025,1468393837,comR,bhsA,False,insufficient_data,crp|rpoD|rpoE,0,,,,,0.319454505917292,0,
0,10,0.0,0.0,instrument_error,1468393837,1506969025,1468393837,cpxR,ampH,False,insufficient_data,alpA|basR|btsR|glaR|glrR|nsrR|ptrR|rcdA,0,,,,,-0.17428694537738465,0,
0,10,0.0,0.0,instrument_error,1468393837,1506969025,1468393837,cpxR,chaA,False,insufficient_data,alpA|basR|btsR|glaR|glrR|nsrR|ptrR|rcdA,0,,,,,-0.1373703069686115,0,
0,10,0.0,0.0,instrument_error,1468393837,1506969025,1468393837,cpxR,chaB,False,insufficient_data,alpA|basR|btsR|glaR|glrR|nsrR|ptrR|rcdA,0,,,,,-0.16160139257842726,0,
0,10,0.0,0.0,instrument_error,1468393837,1506969025,1468393837,cpxR,dgt,False,insufficient_data,alpA|basR|btsR|glaR|glrR|nsrR|ptrR|rcdA,0,,,,,0.13923714746508764,0,
0,10,0.0,0.0,instrument_error,1468393837,1506969025,1468393837,cpxR,epmB,False,insufficient_data,alpA|basR|btsR|glaR|glrR|nsrR|ptrR|rcdA,0,,,,,-0.11918222245630705,0,
0,10,0.0,0.0,instrument_error,1468393837,1506969025,1468393837,cpxR,ettA,False,insufficient_data,alpA|basR|btsR|glaR|glrR|nsrR|ptrR|rcdA,0,,,,,0.1567825993483222,0,
0,10,0.0,0.0,instrument_error,1468393837,1506969025,1468393837,cpxR,frmB,False,insufficient_data,alpA|basR|btsR|frmR|glaR|glrR|nsrR|ptrR|rcdA,0,,,,,-0.14783944030385943,0,
0,10,0.0,0.0,instrument_error,1468393837,1506969025,1468393837,cpxR,gstA,False,insufficient_data,alpA|basR|btsR|glaR|glrR|nsrR|ptrR|rcdA,0,,,,,-0.0759658960257377,0,
0,10,0.0,0.0,instrument_error,1468393837,1506969025,1468393837,cpxR,pdeB,False,insufficient_data,alpA|basR|btsR|glaR|glrR|nsrR|ptrR|rcdA,0,,,,,-0.09717298872595728,0,
0,10,0.0,0.0,instrument_error,1468393837,1506969025,1468393837,cpxR,qmcA,False,insufficient_data,alpA|basR|btsR|glaR|glrR|nsrR|ptrR|rcdA,0,,,,,-0.19863245111430639,0,
0,10,0.0,0.0,instrument_error,1468393837,1506969025,1468393837,cpxR,ygjR,False,insufficient_data,alpA|basR|btsR|glaR|glrR|nsrR|ptrR|rcdA,0,,,,,0.07704910943027854,0,
0,10,0.0,0.0,instrument_error,1468393837,1506969025,1468393837,cpxR,yhdJ,False,insufficient_data,alpA|basR|btsR|glaR|glrR|nsrR|ptrR|rcdA,0,,,,,-0.09484615817571741,0,
0,10,0.0,0.0,instrument_error,1468393837,1506969025,1468393837,cpxR,yjfN,False,insufficient_data,alpA|basR|btsR|glaR|glrR|nsrR|ptrR|rcdA,0,,,,,-0.182752598159453,0,
0,10,0.0,0.0,instrument_error,1468393837,1506969025,1468393837,cpxR,yqaE,False,insufficient_data,alpA|basR|btsR|glaR|glrR|nsrR|ptrR|rcdA,0,,,,,0.06885087648823343,0,
0,10,0.0,0.0,instrument_error,1468393837,1506969025,1468393837,feaR,feaB,False,insufficient_data,cpxR|crp|nac|nsrR|phoB|qseB|rpoD,0,,,,,0.18710265246677435,0,
0,10,0.0,0.0,instrument_error,1468393837,1506969025,1468393837,feaR,tynA,False,insufficient_data,cpxR|crp|nac|nsrR|phoB|qseB|rpoD,0,,,,,0.22315851600455802,0,
0,10,0.0,0.0,instrument_error,1468393837,1506969025,1468393837,rpoE,bamA,False,insufficient_data,alpA|basR|btsR|glaR|glrR|nsrR|ptrR|rcdA,0,,,,,0.18506158199862346,0,
0,10,0.0,0.0,instrument_error,1468393837,1506969025,1468393837,rpoE,bamB,False,insufficient_data,alpA|basR|btsR|glaR|glrR|nsrR|ptrR|rcdA,0,,,,,-0.07525317957032927,0,
0,10,0.0,0.0,instrument_error,1468393837,1506969025,1468393837,rpoE,bamD,False,insufficient_data,alpA|basR|btsR|glaR|glrR|nsrR|ptrR|rcdA,0,,,,,-0.23195302969753284,0,
0,10,0.0,0.0,instrument_error,1468393837,1506969025,1468393837,rpoE,bepA,False,insufficient_data,alpA|basR|btsR|glaR|glrR|nsrR|ptrR|rcdA,0,,,,,0.27283818358814477,0,
0,10,0.0,0.0,instrument_error,1468393837,1506969025,1468393837,rpoE,cca,False,insufficient_data,alpA|basR|btsR|glaR|glrR|nsrR|ptrR|rcdA,0,,,,,-0.14732032042376378,0,
0,10,0.0,0.0,instrument_error,1468393837,1506969025,1468393837,rpoE,der,False,insufficient_data,alpA|basR|btsR|glaR|glrR|nsrR|ptrR|rcdA,0,,,,,0.3749756951498233,0,
0,10,0.0,0.0,instrument_error,1468393837,1506969025,1468393837,rpoE,dnaE,False,insufficient_data,alpA|basR|btsR|glaR|glrR|nsrR|ptrR|rcdA,0,,,,,-0.2335826471376883,0,
0,10,0.0,0.0,instrument_error,1468393837,1506969025,1468393837,rpoE,dolP,False,insufficient_data,alpA|basR|btsR|glaR|glrR|nsrR|ptrR|rcdA,0,,,,,-0.09462281086370701,0,
0,10,0.0,0.0,instrument_error,1468393837,1506969025,1468393837,rpoE,essD,False,insufficient_data,alpA|basR|btsR|glaR|glrR|nsrR|ptrR|rcdA,0,,,,,-0.06546598923395668,0,
0,10,0.0,0.0,instrument_error,1468393837,1506969025,1468393837,rpoE,fkpA,False,insufficient_data,alpA|basR|btsR|glaR|glrR|nsrR|ptrR|rcdA,0,,,,,-0.14406085656865014,0,
0,10,0.0,0.0,instrument_error,1468393837,1506969025,1468393837,rpoE,lpxB,False,insufficient_data,alpA|basR|btsR|glaR|glrR|nsrR|ptrR|rcdA,0,,,,,-0.33326724599874485,0,
0,10,0.0,0.0,instrument_error,1468393837,1506969025,1468393837,rpoE,micL,False,insufficient_data,alpA|basR|btsR|glaR|glrR|nsrR|ptrR|rcdA,0,,,,,-0.14500920490150307,0,
0,10,0.0,0.0,instrument_error,1468393837,1506969025,1468393837,rpoE,prfB,False,insufficient_data,alpA|basR|btsR|glaR|glrR|nsrR|ptrR|rcdA,0,,,,,-0.14424069032518708,0,
0,10,0.0,0.0,instrument_error,1468393837,1506969025,1468393837,rpoE,rclA,False,insufficient_data,alpA|basR|btsR|glaR|glrR|nsrR|ptrR|rcdA|rclR,0,,,,,-0.1737343011229453,0,
0,10,0.0,0.0,instrument_error,1468393837,1506969025,1468393837,rpoE,rclB,False,insufficient_data,alpA|basR|btsR|glaR|glrR|nsrR|ptrR|rcdA|rclR,0,,,,,0.1642257947396659,0,
0,10,0.0,0.0,instrument_error,1468393837,1506969025,1468393837,rpoE,rclC,False,insufficient_data,alpA|basR|btsR|glaR|glrR|nsrR|ptrR|rcdA|rclR,0,,,,,-0.30484818490216536,0,
0,10,0.0,0.0,instrument_error,1468393837,1506969025,1468393837,rpoE,recR,False,insufficient_data,alpA|basR|btsR|glaR|glrR|nsrR|ptrR|rcdA,0,,,,,0.2880415989425295,0,
0,10,0.0,0.0,instrument_error,1468393837,1506969025,1468393837,rpoE,rnhB,False,insufficient_data,alpA|basR|btsR|glaR|glrR|nsrR|ptrR|rcdA,0,,,,,0.09845395972041085,0,
0,10,0.0,0.0,instrument_error,1468393837,1506969025,1468393837,rpoE,rrrD,False,insufficient_data,alpA|basR|btsR|glaR|glrR|nsrR|ptrR|rcdA,0,,,,,0.08381733473565987,0,
0,10,0.0,0.0,instrument_error,1468393837,1506969025,1468393837,rpoE,rseP,False,insufficient_data,alpA|basR|btsR|glaR|glrR|nsrR|ptrR|rcdA,0,,,,,-0.23607678733771228,0,
0,10,0.0,0.0,instrument_error,1468393837,1506969025,1468393837,rpoE,rzpD,False,insufficient_data,alpA|basR|btsR|glaR|glrR|nsrR|ptrR|rcdA,0,,,,,-0.14126911414189383,0,
0,10,0.0,0.0,instrument_error,1468393837,1506969025,1468393837,rpoE,surA,False,insufficient_data,alpA|basR|btsR|glaR|glrR|nsrR|ptrR|rcdA,0,,,,,-0.12991262747530194,0,
0,10,0.0,0.0,instrument_error,1468393837,1506969025,1468393837,rpoE,ybaB,False,insufficient_data,alpA|basR|btsR|glaR|glrR|nsrR|ptrR|rcdA,0,,,,,-0.17852172394348426,0,
0,10,0.0,0.0,instrument_error,1468393837,1506969025,1468393837,rpoE,ydhI,False,insufficient_data,alpA|basR|btsR|glaR|glrR|nsrR|ptrR|rcdA,0,,,,,-0.2302421642124768,0,
0,10,0.0,0.0,instrument_error,1468393837,1506969025,1468393837,rpoE,ydhJ,False,insufficient_data,alpA|basR|btsR|glaR|glrR|nsrR|ptrR|rcdA,0,,,,,-0.1364833713650717,0,
0,10,0.0,0.0,instrument_error,1468393837,1506969025,1468393837,rpoE,ydhK,False,insufficient_data,alpA|basR|btsR|glaR|glrR|nsrR|ptrR|rcdA,0,,,,,-0.05600978235314446,0,
0,10,0.0,0.0,instrument_error,1468393837,1506969025,1468393837,rpoE,yeaY,False,insufficient_data,alpA|basR|btsR|glaR|glrR|nsrR|ptrR|rcdA,0,,,,,0.06880491066640254,0,
0,10,0.0,0.0,instrument_error,1468393837,1506969025,1468393837,rpoE,yfeX,False,insufficient_data,alpA|basR|btsR|glaR|glrR|nsrR|ptrR|rcdA,0,,,,,0.072577744838319,0,
0,10,0.0,0.0,instrument_error,1468393837,1506969025,1468393837,rpoE,yfeY,False,insufficient_data,alpA|basR|btsR|glaR|glrR|nsrR|ptrR|rcdA,0,,,,,0.12790715633256214,0,
0,10,0.0,0.0,instrument_error,1468393837,1506969025,1468393837,rpoE,yfgD,False,insufficient_data,alpA|basR|btsR|glaR|glrR|nsrR|ptrR|rcdA,0,,,,,0.14676361589466227,0,
0,10,0.0,0.0,instrument_error,1468393837,1506969025,1468393837,rpoE,yggN,False,insufficient_data,alpA|basR|btsR|glaR|glrR|nsrR|ptrR|rcdA,0,,,,,-0.09625896674000786,0,
0,10,0.0,0.0,instrument_error,1468393837,1506969025,1468393837,rpoE,yghF,False,insufficient_data,alpA|basR|btsR|glaR|glrR|nsrR|ptrR|rcdA,0,,,,,0.15206387297451376,0,
0,10,0.0,0.0,instrument_error,1468393837,1506969025,1468393837,rpoE,yicI,False,insufficient_data,alpA|basR|btsR|glaR|glrR|nsrR|ptrR|rcdA,0,,,,,-0.12891145367585075,0,
0,10,0.0,0.0,instrument_error,1468393837,1506969025,1468393837,rpoE,yieF,False,insufficient_data,alpA|basR|btsR|glaR|glrR|nsrR|ptrR|rcdA,0,,,,,-0.162527347073363,0,
0,10,0.0,0.0,instrument_error,1468393837,1506969025,1468393837,rpoH,cnoX,False,insufficient_data,alpA|basR|btsR|glaR|glrR|nsrR|ptrR|rcdA,0,,,,,-0.12885456138037157,0,
0,10,0.0,0.0,instrument_error,1468393837,1506969025,1468393837,rpoH,dnaJ,False,insufficient_data,alpA|basR|btsR|glaR|glrR|nsrR|ptrR|rcdA,0,,,,,-0.18040341549753378,0,
0,10,0.0,0.0,instrument_error,1468393837,1506969025,1468393837,rpoH,dnaK,False,insufficient_data,alpA|basR|btsR|glaR|glrR|nsrR|ptrR|rcdA,0,,,,,-0.1266140428705389,0,
0,10,0.0,0.0,instrument_error,1468393837,1506969025,1468393837,rpoH,hemW,False,insufficient_data,alpA|basR|btsR|glaR|glrR|nsrR|ptrR|rcdA,0,,,,,-0.12788201324211515,0,
0,10,0.0,0.0,instrument_error,1468393837,1506969025,1468393837,rpoH,holC,False,insufficient_data,alpA|basR|btsR|glaR|glrR|nsrR|ptrR|rcdA,0,,,,,-0.18786233921749168,0,
0,10,0.0,0.0,instrument_error,1468393837,1506969025,1468393837,rpoH,hslO,False,insufficient_data,alpA|basR|btsR|glaR|glrR|nsrR|ptrR|rcdA,0,,,,,0.08772918656015927,0,
0,10,0.0,0.0,instrument_error,1468393837,1506969025,1468393837,rpoH,hslR,False,insufficient_data,alpA|basR|btsR|glaR|glrR|nsrR|ptrR|rcdA,0,,,,,0.06995953258104479,0,
0,10,0.0,0.0,instrument_error,1468393837,1506969025,1468393837,rpoH,hslU,False,insufficient_data,alpA|basR|btsR|glaR|glrR|nsrR|ptrR|rcdA,0,,,,,0.10177041045432741,0,
0,10,0.0,0.0,instrument_error,1468393837,1506969025,1468393837,rpoH,hslV,False,insufficient_data,alpA|basR|btsR|glaR|glrR|nsrR|ptrR|rcdA,0,,,,,-0.08296455615256333,0,
0,10,0.0,0.0,instrument_error,1468393837,1506969025,1468393837,rpoH,lnt,False,insufficient_data,alpA|basR|btsR|glaR|glrR|nsrR|ptrR|rcdA,0,,,,,-0.12049034815866312,0,
0,10,0.0,0.0,instrument_error,1468393837,1506969025,1468393837,rpoH,mbiA,False,insufficient_data,alpA|basR|btsR|glaR|glrR|nsrR|ptrR|rcdA,0,,,,,-0.2047860807572968,0,
0,10,0.0,0.0,instrument_error,1468393837,1506969025,1468393837,rpoH,mhpT,False,insufficient_data,alpA|basR|btsR|glaR|glrR|nsrR|ptrR|rcdA,0,,,,,0.1461260939928111,0,
0,10,0.0,0.0,instrument_error,1468393837,1506969025,1468393837,rpoH,mpaA,False,insufficient_data,alpA|basR|btsR|glaR|glrR|nsrR|pgrR|ptrR|rcdA,0,,,,,0.15990184693795875,0,
0,10,0.0,0.0,instrument_error,1468393837,1506969025,1468393837,rpoH,nanX,False,insufficient_data,alpA|basR|btsR|glaR|glrR|nanR|nsrR|ptrR|rcdA,0,,,,,0.16003918590621785,0,
0,10,0.0,0.0,instrument_error,1468393837,1506969025,1468393837,rpoH,narP,False,insufficient_data,alpA|basR|btsR|glaR|glrR|nsrR|ptrR|rcdA,0,,,,,-0.4051302808539034,0,
0,10,0.0,0.0,instrument_error,1468393837,1506969025,1468393837,rpoH,pgpC,False,insufficient_data,alpA|basR|btsR|glaR|glrR|nsrR|ptrR|rcdA,0,,,,,0.06693791187553651,0,
0,10,0.0,0.0,instrument_error,1468393837,1506969025,1468393837,rpoH,pncC,False,insufficient_data,alpA|basR|btsR|glaR|glrR|nsrR|ptrR|rcdA,0,,,,,-0.2889090255997566,0,
0,10,0.0,0.0,instrument_error,1468393837,1506969025,1468393837,rpoH,prlC,False,insufficient_data,alpA|basR|btsR|glaR|glrR|nsrR|ptrR|rcdA,0,,,,,-0.052229904498496446,0,
0,10,0.0,0.0,instrument_error,1468393837,1506969025,1468393837,rpoH,rdgB,False,insufficient_data,alpA|basR|btsR|glaR|glrR|nsrR|ptrR|rcdA,0,,,,,0.29255867439041283,0,
0,10,0.0,0.0,instrument_error,1468393837,1506969025,1468393837,rpoH,rpmE,False,insufficient_data,alpA|basR|btsR|glaR|glrR|nsrR|ptrR|rcdA,0,,,,,-0.31400286843908914,0,
0,10,0.0,0.0,instrument_error,1468393837,1506969025,1468393837,rpoH,rsmJ,False,insufficient_data,alpA|basR|btsR|glaR|glrR|nsrR|ptrR|rcdA,0,,,,,0.19819194106462865,0,
0,10,0.0,0.0,instrument_error,1468393837,1506969025,1468393837,rpoH,tadA,False,insufficient_data,alpA|basR|btsR|glaR|glrR|nsrR|ptrR|rcdA,0,,,,,0.09846979901610495,0,
0,10,0.0,0.0,instrument_error,1468393837,1506969025,1468393837,rpoH,yafE,False,insufficient_data,alpA|basR|btsR|glaR|glrR|nsrR|ptrR|rcdA,0,,,,,0.11331859453484901,0,
0,10,0.0,0.0,instrument_error,1468393837,1506969025,1468393837,rpoH,ybeY,False,insufficient_data,alpA|basR|btsR|glaR|glrR|nsrR|ptrR|rcdA,0,,,,,-0.1579359991243345,0,
0,10,0.0,0.0,instrument_error,1468393837,1506969025,1468393837,rpoH,ybeZ,False,insufficient_data,alpA|basR|btsR|glaR|glrR|nsrR|ptrR|rcdA,0,,,,,0.2822024257770279,0,
0,10,0.0,0.0,instrument_error,1468393837,1506969025,1468393837,rpoH,yccE,False,insufficient_data,alpA|basR|btsR|glaR|glrR|nsrR|ptrR|rcdA,0,,,,,-0.09786277246778922,0,
0,10,0.0,0.0,instrument_error,1468393837,1506969025,1468393837,rpoH,ycjF,False,insufficient_data,alpA|basR|btsR|glaR|glrR|nsrR|pgrR|ptrR|rcdA,0,,,,,-0.18578332345616924,0,
0,10,0.0,0.0,instrument_error,1468393837,1506969025,1468393837,rpoH,ycjX,False,insufficient_data,alpA|basR|btsR|glaR|glrR|nsrR|pgrR|ptrR|rcdA,0,,,,,-0.15427128108316923,0,
0,10,0.0,0.0,instrument_error,1468393837,1506969025,1468393837,rpoH,ycjY,False,insufficient_data,alpA|basR|btsR|glaR|glrR|nsrR|pgrR|ptrR|rcdA,0,,,,,-0.1869309038454229,0,
0,10,0.0,0.0,instrument_error,1468393837,1506969025,1468393837,rpoH,yehR,False,insufficient_data,alpA|basR|btsR|glaR|glrR|nsrR|ptrR|rcdA,0,,,,,-0.16355070934220536,0,
0,10,0.0,0.0,instrument_error,1468393837,1506969025,1468393837,rpoH,yiaA,False,insufficient_data,alpA|basR|btsR|glaR|glrR|nsrR|ptrR|rcdA,0,,,,,-0.17116039842062042,0,
0,10,0.0,0.0,instrument_error,1468393837,1506969025,1468393837,rpoH,yibA,False,insufficient_data,alpA|basR|btsR|glaR|glrR|nsrR|ptrR|rcdA,0,,,,,-0.18323788933017818,0,
0,10,0.0,0.0,instrument_error,1468393837,1506969025,1468393837,rpoH,yjaZ,False,insufficient_data,alpA|basR|btsR|glaR|glrR|nsrR|ptrR|rcdA,0,,,,,-0.2619118532732527,0,
0,10,0.0,0.0,instrument_error,1468393837,1506969025,1468393837,rpoH,yjiT,False,insufficient_data,alpA|basR|btsR|glaR|glrR|nsrR|ptrR|rcdA,0,,,,,0.07351133513000961,0,
0,10,0.0,0.0,instrument_error,1468393837,1506969025,1468393837,rpoH,ymjC,False,insufficient_data,alpA|basR|btsR|glaR|glrR|nsrR|pgrR|ptrR|rcdA,0,,,,,-0.12530148006000025,0,
0,10,0.0,0.0,instrument_error,1468393837,1506969025,1468393837,rpoH,ymjD,False,insufficient_data,alpA|basR|btsR|glaR|glrR|nsrR|pgrR|ptrR|rcdA,0,,,,,-0.27075775657570694,0,
0,10,0.0,0.0,instrument_error,1468393837,1506969025,1468393837,rpoH,yrdA,False,insufficient_data,alpA|basR|btsR|glaR|glrR|nsrR|ptrR|rcdA,0,,,,,0.07539017025964746,0,
0,10,0.0,0.0,instrument_error,1468393837,1506969025,1468393837,rpoH,yrfG,False,insufficient_data,alpA|basR|btsR|glaR|glrR|nsrR|ptrR|rcdA,0,,,,,-0.13353728723397656,0,
0,10,0.0,0.0,instrument_error,1468393837,1506969025,1468393837,crp,aaeA,False,insufficient_data,alpA|basR|btsR|glaR|glrR|nsrR|ptrR|rcdA,0,,,,,-0.1117313542402492,0,
0,10,0.0,0.0,instrument_error,1468393837,1506969025,1468393837,crp,aaeB,False,insufficient_data,alpA|basR|btsR|glaR|glrR|nsrR|ptrR|rcdA,0,,,,,0.2563131582525984,0,
0,10,0.0,0.0,instrument_error,1468393837,1506969025,1468393837,crp,aaeR,False,insufficient_data,alpA|basR|btsR|glaR|glrR|nsrR|ptrR|rcdA,0,,,,,0.3239615134009175,0,
0,10,0.0,0.0,instrument_error,1468393837,1506969025,1468393837,crp,aaeX,False,insufficient_data,alpA|basR|btsR|glaR|glrR|nsrR|ptrR|rcdA,0,,,,,0.12627685033671626,0,
0,10,0.0,0.0,instrument_error,1468393837,1506969025,1468393837,crp,aegA,False,insufficient_data,alpA|basR|btsR|glaR|glrR|nsrR|ptrR|rcdA,0,,,,,-0.24711842860782118,0,
0,10,0.0,0.0,instrument_error,1468393837,1506969025,1468393837,crp,agp,False,insufficient_data,alpA|basR|btsR|glaR|glrR|nsrR|ptrR|rcdA,0,,,,,-0.21988357082189838,0,
0,10,0.0,0.0,instrument_error,1468393837,1506969025,1468393837,crp,ampE,False,insufficient_data,alpA|basR|btsR|glaR|glrR|nsrR|ptrR|rcdA,0,,,,,0.09775279063582273,0,
0,10,0.0,0.0,instrument_error,1468393837,1506969025,1468393837,crp,arfB,False,insufficient_data,alpA|basR|btsR|glaR|glrR|nsrR|ptrR|rcdA,0,,,,,-0.12290350950881403,0,
0,10,0.0,0.0,instrument_error,1468393837,1506969025,1468393837,crp,comR,False,insufficient_data,alpA|basR|btsR|glaR|glrR|nsrR|ptrR|rcdA,0,,,,,0.14455079255138167,0,
0,10,0.0,0.0,instrument_error,1468393837,1506969025,1468393837,crp,glpG,False,insufficient_data,alpA|basR|btsR|glaR|glrR|nsrR|ptrR|rcdA,0,,,,,0.14831822462400263,0,
0,10,0.0,0.0,instrument_error,1468393837,1506969025,1468393837,crp,glpR,False,insufficient_data,alpA|basR|btsR|glaR|glrR|nsrR|ptrR|rcdA,0,,,,,-0.09495465914630684,0,
0,10,0.0,0.0,instrument_error,1468393837,1506969025,1468393837,crp,mokB,False,insufficient_data,alpA|basR|btsR|glaR|glrR|nsrR|ptrR|rcdA,0,,,,,-0.15539057671035922,0,
0,10,0.0,0.0,instrument_error,1468393837,1506969025,1468393837,crp,psuG,False,insufficient_data,alpA|basR|btsR|glaR|glrR|nsrR|ptrR|rcdA,0,,,,,-0.18795653858117764,0,
0,10,0.0,0.0,instrument_error,1468393837,1506969025,1468393837,crp,psuK,False,insufficient_data,alpA|basR|btsR|glaR|glrR|nsrR|ptrR|rcdA,0,,,,,-0.07846662479146928,0,
0,10,0.0,0.0,instrument_error,1468393837,1506969025,1468393837,crp,rihA,False,insufficient_data,alpA|basR|btsR|glaR|glrR|nsrR|ptrR|rcdA,0,,,,,0.19873439094151982,0,
0,10,0.0,0.0,instrument_error,1468393837,1506969025,1468393837,crp,rof,False,insufficient_data,alpA|basR|btsR|glaR|glrR|nsrR|ptrR|rcdA|yidZ,0,,,,,0.09759773150370368,0,
0,10,0.0,0.0,instrument_error,1468393837,1506969025,1468393837,crp,yaeP,False,insufficient_data,alpA|basR|btsR|glaR|glrR|nsrR|ptrR|rcdA,0,,,,,0.27037546880451263,0,
0,10,0.0,0.0,instrument_error,1468393837,1506969025,1468393837,crp,yahN,False,insufficient_data,alpA|basR|btsR|glaR|glrR|nsrR|ptrR|rcdA,0,,,,,0.6779340963532258,0,
0,10,0.0,0.0,instrument_error,1468393837,1506969025,1468393837,crp,yeiP,False,insufficient_data,alpA|basR|btsR|glaR|glrR|nsrR|ptrR|rcdA,0,,,,,-0.16607886035375508,0,
0,10,0.0,0.0,instrument_error,1468393837,1506969025,1468393837,crp,yeiW,False,insufficient_data,alpA|basR|btsR|glaR|glrR|nsrR|ptrR|rcdA,0,,,,,0.18842681336013858,0,
0,10,0.0,0.0,instrument_error,1468393837,1506969025,1468393837,crp,ygcW,False,insufficient_data,alpA|basR|btsR|glaR|glrR|nsrR|ptrR|rcdA,0,,,,,-0.1799006993373161,0,
0,10,0.0,0.0,instrument_error,1468393837,1506969025,1468393837,crp,ygeW,False,insufficient_data,alpA|basR|btsR|glaR|glrR|nsrR|ptrR|rcdA,0,,,,,0.08141666860512851,0,
0,10,0.0,0.0,instrument_error,1468393837,1506969025,1468393837,pdeL,fliF,False,insufficient_data,cra|csgD|flhC|flhD|fliA|hns|nac|rpoD,0,,,,,0.11364022803487099,0,
0,10,0.0,0.0,instrument_error,1468393837,1506969025,1468393837,pdeL,fliG,False,insufficient_data,cra|csgD|flhC|flhD|fliA|hns|nac|rpoD,0,,,,,-0.21291277039370296,0,
0,10,0.0,0.0,instrument_error,1468393837,1506969025,1468393837,pdeL,fliH,False,insufficient_data,cra|csgD|flhC|flhD|fliA|hns|nac|rpoD,0,,,,,0.1491102873584935,0,
0,10,0.0,0.0,instrument_error,1468393837,1506969025,1468393837,pdeL,fliI,False,insufficient_data,cra|csgD|flhC|flhD|fliA|hns|nac|rpoD,0,,,,,-0.19744072191326453,0,
0,10,0.0,0.0,instrument_error,1468393837,1506969025,1468393837,pdeL,fliJ,False,insufficient_data,cra|csgD|flhC|flhD|fliA|hns|nac|rpoD,0,,,,,-0.3118797181405064,0,
0,10,0.0,0.0,instrument_error,1468393837,1506969025,1468393837,pdeL,fliK,False,insufficient_data,cra|csgD|flhC|flhD|fliA|hns|nac|rpoD,0,,,,,-0.15695292923457124,0,
0,10,0.0,0.0,instrument_error,1468393837,1506969025,1468393837,pdeL,rfe,False,insufficient_data,cra|hns|nac|nsrR|rpoD,0,,,,,-0.12210586100050125,0,
0,10,0.0,0.0,instrument_error,1468393837,1506969025,1468393837,pdeL,yghJ,False,insufficient_data,cra|hns|nac|rpoD,0,,,,,-0.18848626641847635,0,
0,10,0.0,0.0,instrument_error,1468393837,1506969025,1468393837,creB,ackA,False,insufficient_data,arcA|fnr|nac|nagC|rpoD|rpoH,0,,,,,-0.35266583021758585,0,
0,10,0.0,0.0,instrument_error,1468393837,1506969025,1468393837,creB,cbrA,False,insufficient_data,nagC|rpoD|rpoH,0,,,,,0.24952692538792526,0,
0,10,0.0,0.0,instrument_error,1468393837,1506969025,1468393837,creB,cbrB,False,insufficient_data,nac|nagC|rpoD|rpoH,0,,,,,0.06797168730005942,0,
0,10,0.0,0.0,instrument_error,1468393837,1506969025,1468393837,creB,cpdA,False,insufficient_data,nagC|rpoD|rpoH,0,,,,,0.20207583090173353,0,
0,10,0.0,0.0,instrument_error,1468393837,1506969025,1468393837,creB,creD,False,insufficient_data,nagC|rpoD|rpoH,0,,,,,0.3245189763112192,0,
0,10,0.0,0.0,instrument_error,1468393837,1506969025,1468393837,creB,malE,False,insufficient_data,crp|fis|hns|malT|nagC|ompR|rpoD|rpoH|stpA|yidZ,0,,,,,0.2478026421889473,0,
0,10,0.0,0.0,instrument_error,1468393837,1506969025,1468393837,creB,malF,False,insufficient_data,crp|fis|hns|malT|nagC|rpoD|rpoH|stpA,0,,,,,0.030563920008557077,0,
0,10,0.0,0.0,instrument_error,1468393837,1506969025,1468393837,creB,malG,False,insufficient_data,crp|fis|hns|malT|nagC|rpoD|rpoH|stpA,0,,,,,-0.08962273012155847,0,
0,10,0.0,0.0,instrument_error,1468393837,1506969025,1468393837,creB,nudF,False,insufficient_data,nagC|rpoD|rpoH,0,,,,,-0.08816501082836592,0,
0,10,0.0,0.0,instrument_error,1468393837,1506969025,1468393837,creB,parE,False,insufficient_data,nagC|rpoD|rpoH,0,,,,,-0.22104028773011275,0,
0,10,0.0,0.0,instrument_error,1468393837,1506969025,1468393837,creB,pta,False,insufficient_data,nagC|rpoD|rpoH,0,,,,,-0.20642234392563374,0,
0,10,0.0,0.0,instrument_error,1468393837,1506969025,1468393837,creB,recG,False,insufficient_data,dksA|nagC|rpoD|rpoH,0,,,,,0.15722568092569084,0,
0,10,0.0,0.0,instrument_error,1468393837,1506969025,1468393837,creB,talA,False,insufficient_data,dksA|nagC|rpoD|rpoH|rpoS,0,,,,,0.1959932112463544,0,
0,10,0.0,0.0,instrument_error,1468393837,1506969025,1468393837,creB,yqiA,False,insufficient_data,nagC|rpoD|rpoH,0,,,,,-0.15349477644495496,0,
0,10,0.0,0.0,instrument_error,1468393837,1506969025,1468393837,creB,yqiB,False,insufficient_data,nagC|rpoD|rpoH,0,,,,,0.3874035211633313,0,
0,10,0.0,0.0,instrument_error,1468393837,1506969025,1468393837,csqR,yihS,False,insufficient_data,crp|rpoD,0,,,,,0.1538936464648219,0,
0,10,0.0,0.0,instrument_error,1468393837,1506969025,1468393837,csqR,yihT,False,insufficient_data,crp|rpoD,0,,,,,0.11303362667987855,0,
0,10,0.0,0.0,instrument_error,1468393837,1506969025,1468393837,csqR,yihU,False,insufficient_data,crp|rpoD,0,,,,,0.29368734461426066,0,
0,10,0.0,0.0,instrument_error,1468393837,1506969025,1468393837,csqR,yihV,False,insufficient_data,crp|rpoD,0,,,,,0.44127880308081496,0,
0,10,0.0,0.0,instrument_error,1468393837,1506969025,1468393837,dcuR,aspA,False,insufficient_data,crp|fnr|lrp|narL|rpoD,0,,,,,0.19829462123624156,0,
0,10,0.0,0.0,instrument_error,1468393837,1506969025,1468393837,dcuR,dctA,False,insufficient_data,arcA|crp|fnr|narL|rpoD,0,,,,,0.10274054317935666,0,
0,10,0.0,0.0,instrument_error,1468393837,1506969025,1468393837,dcuR,dcuA,False,insufficient_data,arcA|crp|fnr|narL|rpoD,0,,,,,0.1213106410016762,0,
0,10,0.0,0.0,instrument_error,1468393837,1506969025,1468393837,dcuR,dcuB,False,insufficient_data,arcA|crp|fnr|narL|rpoD,0,,,,,-0.24790436199582638,0,
0,10,0.0,0.0,instrument_error,1468393837,1506969025,1468393837,dcuR,dpiA,False,insufficient_data,arcA|crp|fnr|narL|rpoD,0,,,,,0.23163448830590502,0,
0,10,0.0,0.0,instrument_error,1468393837,1506969025,1468393837,dcuR,dpiB,False,insufficient_data,arcA|crp|fnr|narL|rpoD,0,,,,,0.17241623535515052,0,
0,10,0.0,0.0,instrument_error,1468393837,1506969025,1468393837,dcuR,frdA,False,insufficient_data,crp|fnr|lrp|narL|rpoD|rpoS,0,,,,,0.1652934426450714,0,
0,10,0.0,0.0,instrument_error,1468393837,1506969025,1468393837,dcuR,frdB,False,insufficient_data,crp|fnr|lrp|narL|rpoD|rpoS,0,,,,,0.21170203740642704,0,
0,10,0.0,0.0,instrument_error,1468393837,1506969025,1468393837,dcuR,frdC,False,insufficient_data,crp|fnr|narL|rpoD|rpoS,0,,,,,-0.16351048689021422,0,
0,10,0.0,0.0,instrument_error,1468393837,1506969025,1468393837,dcuR,frdD,False,insufficient_data,crp|fnr|narL|rpoD|rpoS,0,,,,,0.15686331394169972,0,
0,10,0.0,0.0,instrument_error,1468393837,1506969025,1468393837,dcuR,fumB,False,insufficient_data,arcA|crp|fis|fnr|fur|narL|rpoD,0,,,,,-0.06343850051357405,0,
0,10,0.0,0.0,instrument_error,1468393837,1506969025,1468393837,dcuR,pck,False,insufficient_data,cra|crp|fnr|narL|rpoD,0,,,,,-0.13782578241896998,0,
0,10,0.0,0.0,instrument_error,1468393837,1506969025,1468393837,dgoR,dgoA,False,insufficient_data,crp|rpoD,0,,,,,-0.042107009673203626,0,
0,10,0.0,0.0,instrument_error,1468393837,1506969025,1468393837,dgoR,dgoD,False,insufficient_data,crp|rpoD,0,,,,,0.32467311531165327,0,
0,10,0.0,0.0,instrument_error,1468393837,1506969025,1468393837,dgoR,dgoK,False,insufficient_data,crp|rpoD,0,,,,,-0.08075930010252841,0,
0,10,0.0,0.0,instrument_error,1468393837,1506969025,1468393837,dgoR,dgoT,False,insufficient_data,crp|rpoD,0,,,,,0.08280742301550997,0,
0,10,0.0,0.0,instrument_error,1468393837,1506969025,1468393837,dksA,hisC,False,insufficient_data,alpA|basR|btsR|glaR|glrR|nsrR|ptrR|rcdA,0,,,,,0.18542426242065294,0,
0,10,0.0,0.0,instrument_error,1468393837,1506969025,1468393837,dksA,hisD,False,insufficient_data,alpA|basR|btsR|glaR|glrR|nsrR|ptrR|rcdA,0,,,,,0.2107953314582208,0,
0,10,0.0,0.0,instrument_error,1468393837,1506969025,1468393837,dksA,hisG,False,insufficient_data,alpA|basR|btsR|glaR|glrR|nsrR|ptrR|rcdA,0,,,,,-0.31479018401894004,0,
0,10,0.0,0.0,instrument_error,1468393837,1506969025,1468393837,dksA,pheS,False,insufficient_data,alpA|basR|btsR|glaR|glrR|nsrR|ptrR|rcdA,0,,,,,0.14070947867962796,0,
0,10,0.0,0.0,instrument_error,1468393837,1506969025,1468393837,dksA,pheT,False,insufficient_data,alpA|basR|btsR|glaR|glrR|nsrR|ptrR|rcdA,0,,,,,-0.08154765681037422,0,
0,10,0.0,0.0,instrument_error,1468393837,1506969025,1468393837,dksA,rplA,False,insufficient_data,alpA|basR|btsR|glaR|glrR|nsrR|ptrR|rcdA,0,,,,,-0.12462795895667904,0,
0,10,0.0,0.0,instrument_error,1468393837,1506969025,1468393837,dksA,rplJ,False,insufficient_data,alpA|basR|btsR|glaR|glrR|nsrR|ptrR|rcdA,0,,,,,-0.06986944064591322,0,
0,10,0.0,0.0,instrument_error,1468393837,1506969025,1468393837,dksA,rplK,False,insufficient_data,alpA|basR|btsR|glaR|glrR|nsrR|ptrR|rcdA,0,,,,,0.11503479613838649,0,
0,10,0.0,0.0,instrument_error,1468393837,1506969025,1468393837,dksA,rplL,False,insufficient_data,alpA|basR|btsR|glaR|glrR|nsrR|ptrR|rcdA,0,,,,,0.10358908530143382,0,
0,10,0.0,0.0,instrument_error,1468393837,1506969025,1468393837,dksA,rpmB,False,insufficient_data,alpA|basR|btsR|glaR|glrR|nsrR|ptrR|rcdA|yfeC,0,,,,,-0.09909370511641782,0,
0,10,0.0,0.0,instrument_error,1468393837,1506969025,1468393837,dksA,rpmG,False,insufficient_data,alpA|basR|btsR|glaR|glrR|nsrR|ptrR|rcdA,0,,,,,0.2430960105827558,0,
0,10,0.0,0.0,instrument_error,1468393837,1506969025,1468393837,dksA,rpoB,False,insufficient_data,alpA|basR|btsR|glaR|glrR|nsrR|ptrR|rcdA,0,,,,,-0.14628317864510365,0,
0,10,0.0,0.0,instrument_error,1468393837,1506969025,1468393837,dksA,rpoC,False,insufficient_data,alpA|basR|btsR|glaR|glrR|nsrR|ptrR|rcdA,0,,,,,-0.06516745133263746,0,
0,10,0.0,0.0,instrument_error,1468393837,1506969025,1468393837,dksA,rpsG,False,insufficient_data,alpA|basR|btsR|glaR|glrR|nsrR|ptrR|rcdA,0,,,,,0.43959705796370496,0,
0,10,0.0,0.0,instrument_error,1468393837,1506969025,1468393837,dksA,rpsL,False,insufficient_data,alpA|basR|btsR|glaR|glrR|nsrR|ptrR|rcdA,0,,,,,-0.10031589467599561,0,
0,10,0.0,0.0,instrument_error,1468393837,1506969025,1468393837,dksA,rpsT,False,insufficient_data,alpA|basR|btsR|glaR|glrR|nsrR|ptrR|rcdA,0,,,,,-0.3980746619444982,0,
0,10,0.0,0.0,instrument_error,1468393837,1506969025,1468393837,exuR,exuT,False,insufficient_data,crp|dpiA|nac|rpoD|zraR,0,,,,,0.04774892639654341,0,
0,10,0.0,0.0,instrument_error,1468393837,1506969025,1468393837,exuR,uxaA,False,insufficient_data,crp|fnr|rpoD|zraR,0,,,,,-0.13103134105532147,0,
0,10,0.0,0.0,instrument_error,1468393837,1506969025,1468393837,exuR,uxaB,False,insufficient_data,crp|fur|rpoD|zraR,0,,,,,-0.12169338686892268,0,
0,10,0.0,0.0,instrument_error,1468393837,1506969025,1468393837,exuR,uxaC,False,insufficient_data,crp|fnr|fur|nac|rpoD|zraR,0,,,,,0.18852215677807535,0,
0,10,0.0,0.0,instrument_error,1468393837,1506969025,1468393837,fis,cspI,False,insufficient_data,alpA|basR|btsR|glaR|glrR|nsrR|ptrR|rcdA,0,,,,,-0.3287348098662425,0,
0,10,0.0,0.0,instrument_error,1468393837,1506969025,1468393837,fis,queA,False,insufficient_data,alpA|basR|btsR|glaR|glrR|nsrR|ptrR|rcdA,0,,,,,0.24228941402878576,0,
0,10,0.0,0.0,instrument_error,1468393837,1506969025,1468393837,fis,yodD,False,insufficient_data,alpA|basR|btsR|glaR|glrR|nsrR|ptrR|rcdA,0,,,,,-0.15410089972453767,0,
0,10,0.0,0.0,instrument_error,1468393837,1506969025,1468393837,frlR,frlA,False,insufficient_data,crp|rpoD,0,,,,,-0.24731611776887136,0,
0,10,0.0,0.0,instrument_error,1468393837,1506969025,1468393837,frlR,frlB,False,insufficient_data,crp|rpoD,0,,,,,-0.07285649956339627,0,
0,10,0.0,0.0,instrument_error,1468393837,1506969025,1468393837,frlR,frlC,False,insufficient_data,crp|rpoD,0,,,,,0.04545656164304784,0,
0,10,0.0,0.0,instrument_error,1468393837,1506969025,1468393837,frlR,frlD,False,insufficient_data,crp|rpoD,0,,,,,0.31403395500952125,0,
0,10,0.0,0.0,instrument_error,1468393837,1506969025,1468393837,fucR,fucA,False,insufficient_data,crp|hns|nac|rpoD|srsR,0,,,,,0.1375839603918369,0,
0,10,0.0,0.0,instrument_error,1468393837,1506969025,1468393837,fucR,fucI,False,insufficient_data,crp|rpoD|spf|srsR,0,,,,,-0.1708368123469958,0,
0,10,0.0,0.0,instrument_error,1468393837,1506969025,1468393837,fucR,fucK,False,insufficient_data,crp|rpoD|spf|srsR,0,,,,,-0.0664717532491341,0,
0,10,0.0,0.0,instrument_error,1468393837,1506969025,1468393837,fucR,fucO,False,insufficient_data,crp|rpoD|srsR,0,,,,,-0.3915918219474064,0,
0,10,0.0,0.0,instrument_error,1468393837,1506969025,1468393837,fucR,fucP,False,insufficient_data,crp|rpoD|spf|srsR,0,,,,,0.3218124568253908,0,
0,10,0.0,0.0,instrument_error,1468393837,1506969025,1468393837,fucR,fucU,False,insufficient_data,crp|rpoD|srsR,0,,,,,0.27312569949413074,0,
0,10,0.0,0.0,instrument_error,1468393837,1506969025,1468393837,fur,adhP,False,insufficient_data,alpA|basR|btsR|glaR|glrR|nsrR|ptrR|rcdA,0,,,,,-0.5327949532890436,0,
0,10,0.0,0.0,instrument_error,1468393837,1506969025,1468393837,fur,bssR,False,insufficient_data,alpA|basR|btsR|glaR|glrR|nsrR|ptrR|rcdA,0,,,,,0.1260658593407255,0,
0,10,0.0,0.0,instrument_error,1468393837,1506969025,1468393837,fur,efeB,False,insufficient_data,alpA|basR|btsR|glaR|glrR|nsrR|ptrR|rcdA,0,,,,,-0.2205523654775698,0,
0,10,0.0,0.0,instrument_error,1468393837,1506969025,1468393837,fur,efeO,False,insufficient_data,alpA|basR|btsR|glaR|glrR|nsrR|ptrR|rcdA,0,,,,,0.25226911387305684,0,
0,10,0.0,0.0,instrument_error,1468393837,1506969025,1468393837,fur,fhuE,False,insufficient_data,alpA|basR|btsR|glaR|glrR|nsrR|ptrR|rcdA,0,,,,,0.057683570953623926,0,
0,10,0.0,0.0,instrument_error,1468393837,1506969025,1468393837,fur,gpr,False,insufficient_data,alpA|basR|btsR|glaR|glrR|nsrR|ptrR|rcdA,0,,,,,0.2410191574694217,0,
0,10,0.0,0.0,instrument_error,1468393837,1506969025,1468393837,fur,maeB,False,insufficient_data,alpA|basR|btsR|glaR|glrR|nsrR|ptrR|rcdA,0,,,,,-0.10282920995920268,0,
0,10,0.0,0.0,instrument_error,1468393837,1506969025,1468393837,fur,mocA,False,insufficient_data,alpA|basR|btsR|glaR|glrR|nsrR|ptrR|rcdA,0,,,,,-0.07903276431351397,0,
0,10,0.0,0.0,instrument_error,1468393837,1506969025,1468393837,fur,pepE,False,insufficient_data,alpA|basR|btsR|glaR|glrR|nsrR|ptrR|rcdA,0,,,,,0.19511124254560971,0,
0,10,0.0,0.0,instrument_error,1468393837,1506969025,1468393837,fur,qorA,False,insufficient_data,alpA|basR|btsR|glaR|glrR|nsrR|ptrR|rcdA,0,,,,,0.09515547480213035,0,
0,10,0.0,0.0,instrument_error,1468393837,1506969025,1468393837,fur,rimO,False,insufficient_data,alpA|basR|btsR|glaR|glrR|nsrR|ptrR|rcdA,0,,,,,-0.05457449494419105,0,
0,10,0.0,0.0,instrument_error,1468393837,1506969025,1468393837,fur,rsxA,False,insufficient_data,alpA|basR|btsR|glaR|glrR|nsrR|ptrR|rcdA,0,,,,,0.08133155936163884,0,
0,10,0.0,0.0,instrument_error,1468393837,1506969025,1468393837,fur,rsxB,False,insufficient_data,alpA|basR|btsR|glaR|glrR|nsrR|ptrR|rcdA,0,,,,,0.18736117997131885,0,
0,10,0.0,0.0,instrument_error,1468393837,1506969025,1468393837,fur,rsxC,False,insufficient_data,alpA|basR|btsR|glaR|glrR|nsrR|ptrR|rcdA,0,,,,,0.11281717520929438,0,
0,10,0.0,0.0,instrument_error,1468393837,1506969025,1468393837,fur,rsxD,False,insufficient_data,alpA|basR|btsR|glaR|glrR|nsrR|ptrR|rcdA,0,,,,,-0.3369560623215881,0,
0,10,0.0,0.0,instrument_error,1468393837,1506969025,1468393837,fur,rsxE,False,insufficient_data,alpA|basR|btsR|glaR|glrR|nsrR|ptrR|rcdA,0,,,,,0.20005066543172126,0,
0,10,0.0,0.0,instrument_error,1468393837,1506969025,1468393837,fur,rsxG,False,insufficient_data,alpA|basR|btsR|glaR|glrR|nsrR|ptrR|rcdA,0,,,,,-0.06283794654854008,0,
0,10,0.0,0.0,instrument_error,1468393837,1506969025,1468393837,fur,tqsA,False,insufficient_data,alpA|basR|btsR|glaR|glrR|nsrR|ptrR|rcdA,0,,,,,-0.17713138332151,0,
0,10,0.0,0.0,instrument_error,1468393837,1506969025,1468393837,fur,xynR,False,insufficient_data,alpA|basR|btsR|glaR|glrR|nsrR|ptrR|rcdA,0,,,,,0.2169923147857857,0,
0,10,0.0,0.0,instrument_error,1468393837,1506969025,1468393837,fur,ybaN,False,insufficient_data,alpA|basR|btsR|glaR|glrR|nsrR|ptrR|rcdA,0,,,,,0.08228070763532315,0,
0,10,0.0,0.0,instrument_error,1468393837,1506969025,1468393837,fur,yobD,False,insufficient_data,alpA|basR|btsR|glaR|glrR|nsrR|ptrR|rcdA,0,,,,,0.08458660195905954,0,
0,10,0.0,0.0,instrument_error,1468393837,1506969025,1468393837,glpR,glpA,False,insufficient_data,arcA|basR|crp|fis|flhC|flhD|fnr|plaR|rpoD,0,,,,,-0.17980830824396585,0,
0,10,0.0,0.0,instrument_error,1468393837,1506969025,1468393837,glpR,glpB,False,insufficient_data,arcA|basR|crp|fis|flhC|flhD|fnr|rpoD,0,,,,,0.13192081592956875,0,
0,10,0.0,0.0,instrument_error,1468393837,1506969025,1468393837,glpR,glpC,False,insufficient_data,arcA|basR|crp|fis|flhC|flhD|fnr|rpoD,0,,,,,-0.13125916286965533,0,
0,10,0.0,0.0,instrument_error,1468393837,1506969025,1468393837,glpR,glpD,False,insufficient_data,arcA|crp|rpoD,0,,,,,-0.1876074887754698,0,
0,10,0.0,0.0,instrument_error,1468393837,1506969025,1468393837,glpR,glpF,False,insufficient_data,crp|fur|rpoD|spf,0,,,,,0.33153108207887505,0,
0,10,0.0,0.0,instrument_error,1468393837,1506969025,1468393837,glpR,glpK,False,insufficient_data,crp|fur|nac|rpoD,0,,,,,0.23952206988504487,0,
0,10,0.0,0.0,instrument_error,1468393837,1506969025,1468393837,glpR,glpQ,False,insufficient_data,crp|fis|fnr|ihfA|ihfB|rpoD|rpoN,0,,,,,0.25991060205969346,0,
0,10,0.0,0.0,instrument_error,1468393837,1506969025,1468393837,glpR,glpT,False,insufficient_data,crp|fis|fnr|ihfA|ihfB|plaR|rpoD,0,,,,,0.17262742535081607,0,
0,10,0.0,0.0,instrument_error,1468393837,1506969025,1468393837,glpR,glpX,False,insufficient_data,crp|rpoD,0,,,,,0.1924880368103836,0,
0,10,0.0,0.0,instrument_error,1468393837,1506969025,1468393837,hfq,cirA,False,insufficient_data,crp|fur|nac|rpoD|rpoH,0,,,,,0.07507249694392105,0,
0,10,0.0,0.0,instrument_error,1468393837,1506969025,1468393837,hfq,manX,False,insufficient_data,cra|crp|dicF|fur|mlc|nac|nagC|rpoD|rpoH,0,,,,,-0.1434937948434505,0,
0,10,0.0,0.0,instrument_error,1468393837,1506969025,1468393837,hfq,mutS,False,insufficient_data,crp|nac|rpoD|rpoH|rpoS,0,,,,,-0.25482805329451863,0,
0,10,0.0,0.0,instrument_error,1468393837,1506969025,1468393837,hfq,oppA,False,insufficient_data,arcA|crp|fliA|fur|lrp|modE|nac|rpoD|rpoH,0,,,,,0.36951979372671456,0,
0,10,0.0,0.0,instrument_error,1468393837,1506969025,1468393837,hicB,hicA,False,insufficient_data,crp|rpoD,0,,,,,-0.09780671678609403,0,
0,10,0.0,0.0,instrument_error,1468393837,1506969025,1468393837,hupA,galE,False,insufficient_data,crp|fis|galR|galS|hns|hupB|nac|rpoD|rpoS,0,,,,,0.1650229470055069,0,
0,10,0.0,0.0,instrument_error,1468393837,1506969025,1468393837,hupA,galK,False,insufficient_data,crp|fis|galR|galS|hns|hupB|nac|rpoD|rpoS|spf,0,,,,,0.24450870358573304,0,
0,10,0.0,0.0,instrument_error,1468393837,1506969025,1468393837,hupA,galM,False,insufficient_data,crp|fis|galR|galS|hns|hupB|nac|rpoD|rpoS,0,,,,,-0.23009872887085053,0,
0,10,0.0,0.0,instrument_error,1468393837,1506969025,1468393837,hupA,galT,False,insufficient_data,crp|fis|galR|galS|hns|hupB|nac|rpoD|rpoS,0,,,,,-0.2410792717063833,0,
0,10,0.0,0.0,instrument_error,1468393837,1506969025,1468393837,hupA,mtr,False,insufficient_data,crp|fis|hupB|ihfA|ihfB|lrp|nac|rpoD|trpR|tyrR,0,,,,,-0.3035594603163088,0,
0,10,0.0,0.0,instrument_error,1468393837,1506969025,1468393837,hupA,pgm,False,insufficient_data,crp|fis|hupB|nac,0,,,,,-0.135239837689567,0,
0,10,0.0,0.0,instrument_error,1468393837,1506969025,1468393837,hupA,seqA,False,insufficient_data,crp|fis|hupB|nac,0,,,,,-0.17566328869940032,0,
0,10,0.0,0.0,instrument_error,1468393837,1506969025,1468393837,hupA,tyrP,False,insufficient_data,crp|fis|hupB|ihfA|ihfB|lrp|nac|rpoD|tyrR,0,,,,,-0.11874950002441241,0,
0,10,0.0,0.0,instrument_error,1468393837,1506969025,1468393837,hupB,galE,False,insufficient_data,crp|fis|galR|galS|hns|hupA|rpoD|rpoS,0,,,,,0.26174345809180216,0,
0,10,0.0,0.0,instrument_error,1468393837,1506969025,1468393837,hupB,galK,False,insufficient_data,crp|fis|galR|galS|hns|hupA|rpoD|rpoS|spf,0,,,,,-0.3403676811464044,0,
0,10,0.0,0.0,instrument_error,1468393837,1506969025,1468393837,hupB,galM,False,insufficient_data,crp|fis|galR|galS|hns|hupA|rpoD|rpoS,0,,,,,0.093702951314388,0,
0,10,0.0,0.0,instrument_error,1468393837,1506969025,1468393837,hupB,galT,False,insufficient_data,crp|fis|galR|galS|hns|hupA|rpoD|rpoS,0,,,,,0.048020298744862765,0,
0,10,0.0,0.0,instrument_error,1468393837,1506969025,1468393837,hupB,mtr,False,insufficient_data,crp|fis|hupA|ihfA|ihfB|lrp|rpoD|trpR|tyrR,0,,,,,0.3071773348708393,0,
0,10,0.0,0.0,instrument_error,1468393837,1506969025,1468393837,hupB,pgm,False,insufficient_data,crp|fis|hupA|rpoD,0,,,,,-0.12938161390166159,0,
0,10,0.0,0.0,instrument_error,1468393837,1506969025,1468393837,hupB,seqA,False,insufficient_data,crp|fis|hupA|rpoD,0,,,,,0.23319601787683075,0,
0,10,0.0,0.0,instrument_error,1468393837,1506969025,1468393837,hupB,tyrP,False,insufficient_data,crp|fis|hupA|ihfA|ihfB|lrp|rpoD|tyrR,0,,,,,0.15286036673209935,0,
0,10,0.0,0.0,instrument_error,1468393837,1506969025,1468393837,hyfR,focB,False,insufficient_data,crp|fhlA|fnr|rpoN,0,,,,,-0.1763547969271509,0,
0,10,0.0,0.0,instrument_error,1468393837,1506969025,1468393837,hyfR,hyfA,False,insufficient_data,crp|fhlA|fnr|rpoN,0,,,,,-0.10881190100008033,0,
0,10,0.0,0.0,instrument_error,1468393837,1506969025,1468393837,hyfR,hyfB,False,insufficient_data,crp|fhlA|fnr|rpoN,0,,,,,-0.15246578880406303,0,
0,10,0.0,0.0,instrument_error,1468393837,1506969025,1468393837,hyfR,hyfC,False,insufficient_data,crp|fhlA|fnr|rpoN,0,,,,,0.06412187453361459,0,
0,10,0.0,0.0,instrument_error,1468393837,1506969025,1468393837,hyfR,hyfD,False,insufficient_data,crp|fhlA|fnr|rpoN,0,,,,,-0.11664709705214045,0,
0,10,0.0,0.0,instrument_error,1468393837,1506969025,1468393837,hyfR,hyfE,False,insufficient_data,crp|fhlA|fnr|rpoN,0,,,,,0.13686097275096,0,
0,10,0.0,0.0,instrument_error,1468393837,1506969025,1468393837,hyfR,hyfF,False,insufficient_data,crp|fhlA|fnr|rpoN,0,,,,,0.07478685356854269,0,
0,10,0.0,0.0,instrument_error,1468393837,1506969025,1468393837,hyfR,hyfG,False,insufficient_data,crp|fhlA|fnr|rpoN,0,,,,,0.09012628334036353,0,
0,10,0.0,0.0,instrument_error,1468393837,1506969025,1468393837,hyfR,hyfH,False,insufficient_data,crp|fhlA|fnr|rpoN,0,,,,,-0.09611486463553662,0,
0,10,0.0,0.0,instrument_error,1468393837,1506969025,1468393837,hyfR,hyfI,False,insufficient_data,crp|fhlA|fnr|rpoN,0,,,,,0.4635900874274934,0,
0,10,0.0,0.0,instrument_error,1468393837,1506969025,1468393837,hyfR,hyfJ,False,insufficient_data,crp|fhlA|fnr|rpoN,0,,,,,-0.1156271582391649,0,
0,10,0.0,0.0,instrument_error,1468393837,1506969025,1468393837,idnR,gntK,False,insufficient_data,crp|gntR|rpoD,0,,,,,0.22895622507279553,0,
0,10,0.0,0.0,instrument_error,1468393837,1506969025,1468393837,idnR,gntU,False,insufficient_data,crp|gntR|rpoD,0,,,,,-0.18621815368026876,0,
0,10,0.0,0.0,instrument_error,1468393837,1506969025,1468393837,idnR,idnD,False,insufficient_data,crp|glaR|gntR|rpoD,0,,,,,0.2461397522196052,0,
0,10,0.0,0.0,instrument_error,1468393837,1506969025,1468393837,idnR,idnK,False,insufficient_data,crp|glaR|gntR|rpoD,0,,,,,-0.08669190963360075,0,
0,10,0.0,0.0,instrument_error,1468393837,1506969025,1468393837,idnR,idnO,False,insufficient_data,crp|gntR|rpoD,0,,,,,-0.14926493761053594,0,
0,10,0.0,0.0,instrument_error,1468393837,1506969025,1468393837,idnR,idnT,False,insufficient_data,crp|gntR|rpoD,0,,,,,-0.171133490294607,0,
0,10,0.0,0.0,instrument_error,1468393837,1506969025,1468393837,lacI,lacA,False,insufficient_data,crp|hns|marA|rpoD,0,,,,,-0.3224684287286405,0,
0,10,0.0,0.0,instrument_error,1468393837,1506969025,1468393837,lacI,lacY,False,insufficient_data,crp|hns|marA|rpoD,0,,,,,0.23614857605481707,0,
0,10,0.0,0.0,instrument_error,1468393837,1506969025,1468393837,lacI,lacZ,False,insufficient_data,crp|hns|marA|rpoD,0,,,,,0.17200868287805507,0,
0,10,0.0,0.0,instrument_error,1468393837,1506969025,1468393837,lsrR,lsrA,False,insufficient_data,crp|rpoD|rpoS,0,,,,,-0.10900665522605173,0,
0,10,0.0,0.0,instrument_error,1468393837,1506969025,1468393837,lsrR,lsrB,False,insufficient_data,crp|rpoD|rpoS,0,,,,,0.0811950680265527,0,
0,10,0.0,0.0,instrument_error,1468393837,1506969025,1468393837,lsrR,lsrC,False,insufficient_data,crp|rpoD|rpoS,0,,,,,-0.20225363578116867,0,
0,10,0.0,0.0,instrument_error,1468393837,1506969025,1468393837,lsrR,lsrD,False,insufficient_data,crp|rpoD|rpoS,0,,,,,0.2601452851375012,0,
0,10,0.0,0.0,instrument_error,1468393837,1506969025,1468393837,lsrR,lsrF,False,insufficient_data,crp|rpoD|rpoS,0,,,,,-0.18696371881188348,0,
0,10,0.0,0.0,instrument_error,1468393837,1506969025,1468393837,lsrR,lsrG,False,insufficient_data,crp|glaR|rpoD|rpoS,0,,,,,0.1479483675560252,0,
0,10,0.0,0.0,instrument_error,1468393837,1506969025,1468393837,lsrR,lsrK,False,insufficient_data,crp|rpoD,0,,,,,0.12563685219131657,0,
0,10,0.0,0.0,instrument_error,1468393837,1506969025,1468393837,lsrR,tam,False,insufficient_data,crp|glaR|rpoD|rpoS,0,,,,,-0.4717072120006743,0,
0,10,0.0,0.0,instrument_error,1468393837,1506969025,1468393837,malI,malX,False,insufficient_data,crp|nac|rpoD,0,,,,,0.08482967615794747,0,
0,10,0.0,0.0,instrument_error,1468393837,1506969025,1468393837,malI,malY,False,insufficient_data,crp|nac|rpoD,0,,,,,-0.311033764824817,0,
0,10,0.0,0.0,instrument_error,1468393837,1506969025,1468393837,malT,lamB,False,insufficient_data,crp|lrp|mlc|rpoD,0,,,,,0.11894251863504626,0,
0,10,0.0,0.0,instrument_error,1468393837,1506969025,1468393837,malT,malE,False,insufficient_data,creB|crp|fis|hns|lrp|mlc|ompR|rpoD|stpA|yidZ,0,,,,,-0.12562516068363064,0,
0,10,0.0,0.0,instrument_error,1468393837,1506969025,1468393837,malT,malF,False,insufficient_data,creB|crp|fis|hns|lrp|mlc|rpoD|stpA,0,,,,,-0.11364311159519168,0,
0,10,0.0,0.0,instrument_error,1468393837,1506969025,1468393837,malT,malG,False,insufficient_data,creB|crp|fis|hns|lrp|mlc|rpoD|stpA,0,,,,,0.17133299127985824,0,
0,10,0.0,0.0,instrument_error,1468393837,1506969025,1468393837,malT,malK,False,insufficient_data,crp|lrp|mlc|rpoD,0,,,,,0.08733510165453706,0,
0,10,0.0,0.0,instrument_error,1468393837,1506969025,1468393837,malT,malM,False,insufficient_data,crp|lrp|mlc|rpoD,0,,,,,0.27984397913586945,0,
0,10,0.0,0.0,instrument_error,1468393837,1506969025,1468393837,malT,malP,False,insufficient_data,crp|fnr|lrp|mlc|rpoD,0,,,,,-0.43982634043043956,0,
0,10,0.0,0.0,instrument_error,1468393837,1506969025,1468393837,malT,malQ,False,insufficient_data,crp|fnr|lrp|mlc|rpoD|rpoE,0,,,,,-0.13427652613057095,0,
0,10,0.0,0.0,instrument_error,1468393837,1506969025,1468393837,malT,malS,False,insufficient_data,crp|lrp|mlc|phoP|rpoD,0,,,,,0.06955079931072157,0,
0,10,0.0,0.0,instrument_error,1468393837,1506969025,1468393837,malT,malZ,False,insufficient_data,crp|lrp|mlc|rpoD,0,,,,,-0.19126756815460894,0,
0,10,0.0,0.0,instrument_error,1468393837,1506969025,1468393837,melR,melA,False,insufficient_data,crp|rpoD,0,,,,,0.3952054442952054,0,
0,10,0.0,0.0,instrument_error,1468393837,1506969025,1468393837,melR,melB,False,insufficient_data,crp|rpoD,0,,,,,-0.4255596143153175,0,
0,10,0.0,0.0,instrument_error,1468393837,1506969025,1468393837,mhpR,mhpA,False,insufficient_data,crp|rpoD,0,,,,,-0.08329577754693251,0,
0,10,0.0,0.0,instrument_error,1468393837,1506969025,1468393837,mhpR,mhpB,False,insufficient_data,crp|rpoD,0,,,,,-0.1246242121209963,0,
0,10,0.0,0.0,instrument_error,1468393837,1506969025,1468393837,mhpR,mhpC,False,insufficient_data,crp|rpoD,0,,,,,0.18468212380026053,0,
0,10,0.0,0.0,instrument_error,1468393837,1506969025,1468393837,mhpR,mhpD,False,insufficient_data,crp|rpoD,0,,,,,0.07099915463729682,0,
0,10,0.0,0.0,instrument_error,1468393837,1506969025,1468393837,mhpR,mhpE,False,insufficient_data,crp|rpoD,0,,,,,-0.2356761533357673,0,
0,10,0.0,0.0,instrument_error,1468393837,1506969025,1468393837,mhpR,mhpF,False,insufficient_data,crp|rpoD,0,,,,,-0.17759970795910254,0,
0,10,0.0,0.0,instrument_error,1468393837,1506969025,1468393837,mlc,bidA,False,insufficient_data,crp|fnr|nac|rpoD|rpoH,0,,,,,-0.1719181182864344,0,
0,10,0.0,0.0,instrument_error,1468393837,1506969025,1468393837,mlc,crr,False,insufficient_data,cra|crp|nagC|rpoD|rpoH|rpoS,0,,,,,0.3274003673132768,0,
0,10,0.0,0.0,instrument_error,1468393837,1506969025,1468393837,mlc,malT,False,insufficient_data,crp|lrp|rpoD|rpoH,0,,,,,-0.12015210755750655,0,
0,10,0.0,0.0,instrument_error,1468393837,1506969025,1468393837,mlc,manX,False,insufficient_data,cra|crp|dicF|fur|hfq|nagC|rpoD|rpoH,0,,,,,0.10611423737968215,0,
0,10,0.0,0.0,instrument_error,1468393837,1506969025,1468393837,mlc,manY,False,insufficient_data,cra|crp|fur|nagC|rpoD|rpoH|rpsA,0,,,,,0.08026731267873487,0,
0,10,0.0,0.0,instrument_error,1468393837,1506969025,1468393837,mlc,manZ,False,insufficient_data,cra|crp|fur|nagC|rpoD|rpoH,0,,,,,-0.10519977917325465,0,
0,10,0.0,0.0,instrument_error,1468393837,1506969025,1468393837,mlc,ptsG,False,insufficient_data,arcA|crp|fis|rpoD|rpoH|soxS,0,,,,,0.23820123290464187,0,
0,10,0.0,0.0,instrument_error,1468393837,1506969025,1468393837,mlc,ptsH,False,insufficient_data,cra|crp|flhC|flhD|nagC|rpoD|rpoH,0,,,,,-0.2215985799808085,0,
0,10,0.0,0.0,instrument_error,1468393837,1506969025,1468393837,mlc,ptsI,False,insufficient_data,cra|crp|nagC|rpoD|rpoH,0,,,,,0.40847220596306744,0,
0,10,0.0,0.0,instrument_error,1468393837,1506969025,1468393837,nagC,chbA,False,insufficient_data,crp|rpoD,0,,,,,0.14963993721603883,0,
0,10,0.0,0.0,instrument_error,1468393837,1506969025,1468393837,nagC,chbB,False,insufficient_data,crp|rpoD,0,,,,,0.2654499058053524,0,
0,10,0.0,0.0,instrument_error,1468393837,1506969025,1468393837,nagC,chbC,False,insufficient_data,crp|rpoD,0,,,,,-0.03139249184950855,0,
0,10,0.0,0.0,instrument_error,1468393837,1506969025,1468393837,nagC,chbF,False,insufficient_data,crp|rpoD,0,,,,,0.10135438429580008,0,
0,10,0.0,0.0,instrument_error,1468393837,1506969025,1468393837,nagC,chbG,False,insufficient_data,crp|lrp|rpoD,0,,,,,-0.1958274679687308,0,
0,10,0.0,0.0,instrument_error,1468393837,1506969025,1468393837,nagC,chbR,False,insufficient_data,crp|rpoD,0,,,,,0.13638255579305142,0,
0,10,0.0,0.0,instrument_error,1468393837,1506969025,1468393837,nagC,chiP,False,insufficient_data,crp|rpoD,0,,,,,0.03489769697081794,0,
0,10,0.0,0.0,instrument_error,1468393837,1506969025,1468393837,nagC,chiQ,False,insufficient_data,crp|rpoD,0,,,,,0.33572218480378796,0,
0,10,0.0,0.0,instrument_error,1468393837,1506969025,1468393837,nagC,creA,False,insufficient_data,crp|lrp|rpoD|rpoH,0,,,,,0.2514061339587577,0,
0,10,0.0,0.0,instrument_error,1468393837,1506969025,1468393837,nagC,creB,False,insufficient_data,crp|rpoD|rpoH,0,,,,,-0.1189369879790275,0,
0,10,0.0,0.0,instrument_error,1468393837,1506969025,1468393837,nagC,creC,False,insufficient_data,crp|rpoD|rpoH,0,,,,,0.1749700862712407,0,
0,10,0.0,0.0,instrument_error,1468393837,1506969025,1468393837,nagC,creD,False,insufficient_data,crp|rpoD|rpoH,0,,,,,-0.22518731139585277,0,
0,10,0.0,0.0,instrument_error,1468393837,1506969025,1468393837,nagC,crr,False,insufficient_data,cra|crp|mlc|rpoD|rpoH|rpoS,0,,,,,-0.09469785662996248,0,
0,10,0.0,0.0,instrument_error,1468393837,1506969025,1468393837,nagC,dinI,False,insufficient_data,crp|lexA|rpoD,0,,,,,-0.12995949402532414,0,
0,10,0.0,0.0,instrument_error,1468393837,1506969025,1468393837,nagC,eutD,False,insufficient_data,crp|rpoD,0,,,,,0.16005846259093487,0,
0,10,0.0,0.0,instrument_error,1468393837,1506969025,1468393837,nagC,eutM,False,insufficient_data,crp|rpoD,0,,,,,0.23515521300840403,0,
0,10,0.0,0.0,instrument_error,1468393837,1506969025,1468393837,nagC,eutP,False,insufficient_data,crp|rpoD,0,,,,,0.17283489402100194,0,
0,10,0.0,0.0,instrument_error,1468393837,1506969025,1468393837,nagC,eutQ,False,insufficient_data,crp|rpoD,0,,,,,0.2862881570916137,0,
0,10,0.0,0.0,instrument_error,1468393837,1506969025,1468393837,nagC,eutS,False,insufficient_data,argR|crp|nac|rpoD,0,,,,,-0.18616964991012852,0,
0,10,0.0,0.0,instrument_error,1468393837,1506969025,1468393837,nagC,eutT,False,insufficient_data,crp|rpoD,0,,,,,-0.14668881636737935,0,
0,10,0.0,0.0,instrument_error,1468393837,1506969025,1468393837,nagC,feoA,False,insufficient_data,arcA|crp|fnr|fur|ompR|rpoD,0,,,,,-0.15026967354579523,0,
0,10,0.0,0.0,instrument_error,1468393837,1506969025,1468393837,nagC,feoB,False,insufficient_data,crp|fnr|fur|ompR|rpoD,0,,,,,0.16259543981216426,0,
0,10,0.0,0.0,instrument_error,1468393837,1506969025,1468393837,nagC,feoC,False,insufficient_data,crp|fnr|fur|ompR|rpoD,0,,,,,-0.22793328056866619,0,
0,10,0.0,0.0,instrument_error,1468393837,1506969025,1468393837,nagC,fimB,False,insufficient_data,basR|cpxR|crp|dksA|hns|ihfA|ihfB|nanR|rpoD,0,,,,,0.1364079370294323,0,
0,10,0.0,0.0,instrument_error,1468393837,1506969025,1468393837,nagC,galP,False,insufficient_data,cpxR|crp|galR|galS|ompR|rpoD,0,,,,,0.15062883326864515,0,
0,10,0.0,0.0,instrument_error,1468393837,1506969025,1468393837,nagC,glmS,False,insufficient_data,crp|rpoD,0,,,,,0.16040117920470998,0,
0,10,0.0,0.0,instrument_error,1468393837,1506969025,1468393837,nagC,glmU,False,insufficient_data,crp|rpoD,0,,,,,-0.3117754915218763,0,
0,10,0.0,0.0,instrument_error,1468393837,1506969025,1468393837,nagC,manX,False,insufficient_data,cra|crp|dicF|fur|hfq|mlc|rpoD,0,,,,,0.08909520912580239,0,
0,10,0.0,0.0,instrument_error,1468393837,1506969025,1468393837,nagC,manY,False,insufficient_data,cra|crp|fur|mlc|rpoD|rpsA,0,,,,,-0.1349874739936858,0,
0,10,0.0,0.0,instrument_error,1468393837,1506969025,1468393837,nagC,manZ,False,insufficient_data,cra|crp|fur|mlc|rpoD,0,,,,,0.5361374528321187,0,
0,10,0.0,0.0,instrument_error,1468393837,1506969025,1468393837,nagC,nagA,False,insufficient_data,crp|phoP|rpoD,0,,,,,0.25948821575608616,0,
0,10,0.0,0.0,instrument_error,1468393837,1506969025,1468393837,nagC,nagB,False,insufficient_data,crp|rpoD,0,,,,,0.10792673515792273,0,
0,10,0.0,0.0,instrument_error,1468393837,1506969025,1468393837,nagC,nagE,False,insufficient_data,crp|rpoD,0,,,,,-0.08212371994524453,0,
0,10,0.0,0.0,instrument_error,1468393837,1506969025,1468393837,nagC,nanC,False,insufficient_data,crp|nanR|rpoD|spf,0,,,,,0.11310906872439778,0,
0,10,0.0,0.0,instrument_error,1468393837,1506969025,1468393837,nagC,nanM,False,insufficient_data,crp|nanR|rpoD,0,,,,,-0.10178660318716412,0,
0,10,0.0,0.0,instrument_error,1468393837,1506969025,1468393837,nagC,nanS,False,insufficient_data,crp|nanR|rpoD,0,,,,,-0.17412526409489232,0,
0,10,0.0,0.0,instrument_error,1468393837,1506969025,1468393837,nagC,ptsH,False,insufficient_data,cra|crp|flhC|flhD|mlc|rpoD|rpoH,0,,,,,-0.24025508378635974,0,
0,10,0.0,0.0,instrument_error,1468393837,1506969025,1468393837,nagC,ptsI,False,insufficient_data,cra|crp|mlc|rpoD|rpoH,0,,,,,0.1721712479174375,0,
0,10,0.0,0.0,instrument_error,1468393837,1506969025,1468393837,nagC,umpH,False,insufficient_data,crp|rpoD,0,,,,,0.11177997919585678,0,
0,10,0.0,0.0,instrument_error,1468393837,1506969025,1468393837,nagC,ydeM,False,insufficient_data,araC|crp|gadX|rpoD,0,,,,,-0.11590941865882977,0,
0,10,0.0,0.0,instrument_error,1468393837,1506969025,1468393837,nagC,ydeN,False,insufficient_data,araC|crp|gadX|lrp|rpoD,0,,,,,0.22567192751554854,0,
0,10,0.0,0.0,instrument_error,1468393837,1506969025,1468393837,nagC,ydeP,False,insufficient_data,crp|evgA|hns|nac|narL|narP|phoP|rcsB|rpoD|uvrY,0,,,,,-0.2218867549154912,0,
0,10,0.0,0.0,instrument_error,1468393837,1506969025,1468393837,ompR,alx,False,insufficient_data,alpA|basR|btsR|glaR|glrR|nsrR|ptrR|rcdA,0,,,,,-0.09147636958149954,0,
0,10,0.0,0.0,instrument_error,1468393837,1506969025,1468393837,ompR,exoX,False,insufficient_data,alpA|basR|btsR|glaR|glrR|nsrR|ptrR|rcdA,0,,,,,0.08386608879730413,0,
0,10,0.0,0.0,instrument_error,1468393837,1506969025,1468393837,ompR,narY,False,insufficient_data,alpA|basR|btsR|glaR|glrR|nsrR|ptrR|rcdA,0,,,,,-0.23078081447137005,0,
0,10,0.0,0.0,instrument_error,1468393837,1506969025,1468393837,ompR,potE,False,insufficient_data,alpA|basR|btsR|glaR|glrR|nsrR|ptrR|rcdA,0,,,,,0.28569689077511945,0,
0,10,0.0,0.0,instrument_error,1468393837,1506969025,1468393837,ompR,speF,False,insufficient_data,alpA|basR|btsR|glaR|glrR|nsrR|ptrR|rcdA,0,,,,,0.10862599977093412,0,
0,10,0.0,0.0,instrument_error,1468393837,1506969025,1468393837,ompR,speFL,False,insufficient_data,alpA|basR|btsR|glaR|glrR|nsrR|ptrR|rcdA,0,,,,,0.3311459417220066,0,
0,10,0.0,0.0,instrument_error,1468393837,1506969025,1468393837,ompR,tsgA,False,insufficient_data,alpA|basR|btsR|glaR|glrR|nsrR|ptrR|rcdA,0,,,,,-0.09283649514574752,0,
0,10,0.0,0.0,instrument_error,1468393837,1506969025,1468393837,oxyR,grxA,False,insufficient_data,alpA|basR|btsR|glaR|glrR|nsrR|ptrR|rcdA,0,,,,,-0.20590447982893145,0,
0,10,0.0,0.0,instrument_error,1468393837,1506969025,1468393837,plaR,eda,False,insufficient_data,cra|crp|gntR|ihfA|ihfB|kdgR|phoB|rpoD,0,,,,,-0.0725589024348375,0,
0,10,0.0,0.0,instrument_error,1468393837,1506969025,1468393837,plaR,glpA,False,insufficient_data,arcA|basR|crp|fis|flhC|flhD|fnr|glpR|ihfA|ihfB|rpoD,0,,,,,0.10730771562722173,0,
0,10,0.0,0.0,instrument_error,1468393837,1506969025,1468393837,plaR,glpT,False,insufficient_data,crp|fis|fnr|glpR|ihfA|ihfB|rpoD,0,,,,,-0.2836676794407271,0,
0,10,0.0,0.0,instrument_error,1468393837,1506969025,1468393837,plaR,lyxK,False,insufficient_data,crp|ihfA|ihfB|rpoD|rpoE,0,,,,,0.15476622320247158,0,
0,10,0.0,0.0,instrument_error,1468393837,1506969025,1468393837,plaR,sgbE,False,insufficient_data,crp|ihfA|ihfB|rpoD|rpoE,0,,,,,-0.0530742349767932,0,
0,10,0.0,0.0,instrument_error,1468393837,1506969025,1468393837,plaR,sgbH,False,insufficient_data,crp|ihfA|ihfB|rpoD|rpoE,0,,,,,0.17152590116057517,0,
0,10,0.0,0.0,instrument_error,1468393837,1506969025,1468393837,plaR,sgbU,False,insufficient_data,crp|ihfA|ihfB|rpoD|rpoE,0,,,,,-0.20705275206312873,0,
0,10,0.0,0.0,instrument_error,1468393837,1506969025,1468393837,plaR,ygjV,False,insufficient_data,crp|ihfA|ihfB|rpoD,0,,,,,0.23064385985374616,0,
0,10,0.0,0.0,instrument_error,1468393837,1506969025,1468393837,plaR,yiaK,False,insufficient_data,crp|ihfA|ihfB|rpoD|rpoE,0,,,,,0.13834241693965918,0,
0,10,0.0,0.0,instrument_error,1468393837,1506969025,1468393837,plaR,yiaL,False,insufficient_data,crp|ihfA|ihfB|rpoD|rpoE,0,,,,,0.11059200570362183,0,
0,10,0.0,0.0,instrument_error,1468393837,1506969025,1468393837,plaR,yiaM,False,insufficient_data,crp|ihfA|ihfB|rpoD|rpoE,0,,,,,0.27626240193686463,0,
0,10,0.0,0.0,instrument_error,1468393837,1506969025,1468393837,plaR,yiaN,False,insufficient_data,crp|ihfA|ihfB|rpoD|rpoE,0,,,,,-0.23520789620714921,0,
0,10,0.0,0.0,instrument_error,1468393837,1506969025,1468393837,plaR,yiaO,False,insufficient_data,crp|ihfA|ihfB|rpoD|rpoE,0,,,,,0.10372075589949557,0,
0,10,0.0,0.0,instrument_error,1468393837,1506969025,1468393837,rbsR,add,False,insufficient_data,crp|rpoD,0,,,,,-0.19685109754565755,0,
0,10,0.0,0.0,instrument_error,1468393837,1506969025,1468393837,rbsR,dcd,False,insufficient_data,crp|rpoD,0,,,,,0.11947818146459216,0,
0,10,0.0,0.0,instrument_error,1468393837,1506969025,1468393837,rbsR,purD,False,insufficient_data,crp|phoP|purR|rpoD,0,,,,,-0.3410493791271181,0,
0,10,0.0,0.0,instrument_error,1468393837,1506969025,1468393837,rbsR,purH,False,insufficient_data,crp|phoP|purR|rpoD,0,,,,,0.20384205878355452,0,
0,10,0.0,0.0,instrument_error,1468393837,1506969025,1468393837,rbsR,rbsA,False,insufficient_data,crp|rpoD,0,,,,,0.41534116801892534,0,
0,10,0.0,0.0,instrument_error,1468393837,1506969025,1468393837,rbsR,rbsB,False,insufficient_data,crp|rpoD,0,,,,,0.18068943116860953,0,
0,10,0.0,0.0,instrument_error,1468393837,1506969025,1468393837,rbsR,rbsC,False,insufficient_data,crp|rpoD,0,,,,,-0.13887399380286752,0,
0,10,0.0,0.0,instrument_error,1468393837,1506969025,1468393837,rbsR,rbsD,False,insufficient_data,crp|rpoD|yidZ,0,,,,,0.15900112265191205,0,
0,10,0.0,0.0,instrument_error,1468393837,1506969025,1468393837,rbsR,rbsK,False,insufficient_data,crp|rpoD,0,,,,,0.17319610436552005,0,
0,10,0.0,0.0,instrument_error,1468393837,1506969025,1468393837,rbsR,udk,False,insufficient_data,crp|rpoD,0,,,,,0.09988895691558229,0,
0,10,0.0,0.0,instrument_error,1468393837,1506969025,1468393837,rhaS,rhaA,False,insufficient_data,crp|rpoD|rpoS,0,,,,,-0.20436391761693468,0,
0,10,0.0,0.0,instrument_error,1468393837,1506969025,1468393837,rhaS,rhaB,False,insufficient_data,crp|rpoD|rpoS,0,,,,,-0.13801736257813618,0,
0,10,0.0,0.0,instrument_error,1468393837,1506969025,1468393837,rhaS,rhaD,False,insufficient_data,crp|rpoD|rpoN|rpoS,0,,,,,-0.21718091048667207,0,
0,10,0.0,0.0,instrument_error,1468393837,1506969025,1468393837,rhaS,rhaT,False,insufficient_data,arcA|crp|rpoD|rpoS,0,,,,,0.18909833669783907,0,
0,10,0.0,0.0,instrument_error,1468393837,1506969025,1468393837,rplM,rpsI,False,insufficient_data,crp|dksA|fis|fnr|srmB,0,,,,,-0.1920647405073878,0,
0,10,0.0,0.0,instrument_error,1468393837,1506969025,1468393837,spf,araF,False,insufficient_data,araC|crp|nac|rpoD|rpoS,0,,,,,-0.11037941778377144,0,
0,10,0.0,0.0,instrument_error,1468393837,1506969025,1468393837,spf,ascF,False,insufficient_data,ascG|cpxR|crp|hns|nac|rpoD,0,,,,,-0.10012719250101088,0,
0,10,0.0,0.0,instrument_error,1468393837,1506969025,1468393837,spf,atoD,False,insufficient_data,atoC|crp|ihfA|ihfB|nac|rpoD|rpoN,0,,,,,-0.24577385503690927,0,
0,10,0.0,0.0,instrument_error,1468393837,1506969025,1468393837,spf,caiA,False,insufficient_data,arcA|caiF|crp|fnr|hns|nac|rpoD,0,,,,,0.0834520473302033,0,
0,10,0.0,0.0,instrument_error,1468393837,1506969025,1468393837,spf,dppB,False,insufficient_data,crp|fnr|fur|ihfA|ihfB|nac|rpoD,0,,,,,0.13503617771503754,0,
0,10,0.0,0.0,instrument_error,1468393837,1506969025,1468393837,spf,ebgC,False,insufficient_data,crp|ebgR|nac|rpoD,0,,,,,0.12873311921342348,0,
0,10,0.0,0.0,instrument_error,1468393837,1506969025,1468393837,spf,fucI,False,insufficient_data,crp|fucR|nac|rpoD|srsR,0,,,,,0.1995529282476666,0,
0,10,0.0,0.0,instrument_error,1468393837,1506969025,1468393837,spf,fucK,False,insufficient_data,crp|fucR|nac|rpoD|srsR,0,,,,,-0.4579167269204997,0,
0,10,0.0,0.0,instrument_error,1468393837,1506969025,1468393837,spf,fucP,False,insufficient_data,crp|fucR|nac|rpoD|srsR,0,,,,,-0.1688589716695809,0,
0,10,0.0,0.0,instrument_error,1468393837,1506969025,1468393837,spf,galK,False,insufficient_data,crp|galR|galS|hns|hupA|hupB|nac|rpoD|rpoS,0,,,,,0.44942442665482296,0,
0,10,0.0,0.0,instrument_error,1468393837,1506969025,1468393837,spf,gdhA,False,insufficient_data,argP|crp|fnr|fur|glaR|lrp|nac|rpoD,0,,,,,0.3360393004378348,0,
0,10,0.0,0.0,instrument_error,1468393837,1506969025,1468393837,spf,glpF,False,insufficient_data,crp|fur|glpR|nac|rpoD,0,,,,,0.16346980099874311,0,
0,10,0.0,0.0,instrument_error,1468393837,1506969025,1468393837,spf,gltA,False,insufficient_data,arcA|crp|ihfA|ihfB|nac|rpoD,0,,,,,0.21502270358574635,0,
0,10,0.0,0.0,instrument_error,1468393837,1506969025,1468393837,spf,gss,False,insufficient_data,crp|nac|rpoD,0,,,,,-0.08470906623046781,0,
0,10,0.0,0.0,instrument_error,1468393837,1506969025,1468393837,spf,lldP,False,insufficient_data,arcA|crp|lldR|nac|pdhR|rpoD,0,,,,,0.22869662985608352,0,
0,10,0.0,0.0,instrument_error,1468393837,1506969025,1468393837,spf,maeA,False,insufficient_data,crp|nac|rpoD,0,,,,,0.1356669319648968,0,
0,10,0.0,0.0,instrument_error,1468393837,1506969025,1468393837,spf,nanC,False,insufficient_data,crp|nac|nagC|nanR|rpoD,0,,,,,-0.2279700231999271,0,
0,10,0.0,0.0,instrument_error,1468393837,1506969025,1468393837,spf,nanT,False,insufficient_data,crp|fis|nac|nanR|rpoD,0,,,,,0.21212713118843682,0,
0,10,0.0,0.0,instrument_error,1468393837,1506969025,1468393837,spf,paaK,False,insufficient_data,crp|fur|ihfA|ihfB|nac|paaX|rpoD|slyA|srsR,0,,,,,-0.1245599986742398,0,
0,10,0.0,0.0,instrument_error,1468393837,1506969025,1468393837,spf,puuE,False,insufficient_data,arcA|crp|nac|ptrR|puuR|rpoD|rpoS,0,,,,,-0.15213066721934324,0,
0,10,0.0,0.0,instrument_error,1468393837,1506969025,1468393837,spf,sdhC,False,insufficient_data,arcA|cpxR|crp|fnr|fur|nac|rpoD,0,,,,,0.15540779460558798,0,
0,10,0.0,0.0,instrument_error,1468393837,1506969025,1468393837,spf,srlA,False,insufficient_data,crp|gutM|hns|nac|rpoD|srlR,0,,,,,-0.08025360047666291,0,
0,10,0.0,0.0,instrument_error,1468393837,1506969025,1468393837,spf,sthA,False,insufficient_data,arcA|crp|lrp|nac|rpoD,0,,,,,-0.14595093475009546,0,
0,10,0.0,0.0,instrument_error,1468393837,1506969025,1468393837,spf,sucC,False,insufficient_data,arcA|crp|fnr|fur|ihfA|ihfB|nac|rpoD|rpoS,0,,,,,0.11665379037748703,0,
0,10,0.0,0.0,instrument_error,1468393837,1506969025,1468393837,spf,xylF,False,insufficient_data,crp|fis|nac|rpoD|xylR,0,,,,,-0.19882274766088506,0,
0,10,0.0,0.0,instrument_error,1468393837,1506969025,1468393837,spf,yjiA,False,insufficient_data,crp|nac|rpoD,0,,,,,0.08398676072071762,0,
0,10,0.0,0.0,instrument_error,1468393837,1506969025,1468393837,spf,ytfJ,False,insufficient_data,crp|lrp|nac|rpoD|rpoE,0,,,,,-0.2103592830365015,0,
0,10,0.0,0.0,instrument_error,1468393837,1506969025,1468393837,tdcA,tdcB,False,insufficient_data,crp|fnr|ihfA|ihfB|nac|tdcR,0,,,,,0.0649419381107496,0,
0,10,0.0,0.0,instrument_error,1468393837,1506969025,1468393837,tdcA,tdcC,False,insufficient_data,crp|fnr|ihfA|ihfB|nac|tdcR,0,,,,,0.07182709488657446,0,
0,10,0.0,0.0,instrument_error,1468393837,1506969025,1468393837,tdcA,tdcD,False,insufficient_data,crp|fnr|ihfA|ihfB|nac|tdcR,0,,,,,0.25994001626909563,0,
0,10,0.0,0.0,instrument_error,1468393837,1506969025,1468393837,tdcA,tdcE,False,insufficient_data,crp|fnr|ihfA|ihfB|nac|tdcR,0,,,,,-0.08377648273287785,0,
0,10,0.0,0.0,instrument_error,1468393837,1506969025,1468393837,tdcA,tdcF,False,insufficient_data,crp|fnr|ihfA|ihfB|nac|tdcR,0,,,,,0.12213485075669177,0,
0,10,0.0,0.0,instrument_error,1468393837,1506969025,1468393837,tdcA,tdcG,False,insufficient_data,crp|fnr|ihfA|ihfB|nac|tdcR,0,,,,,-0.12823772043689313,0,
0,10,0.0,0.0,instrument_error,1468393837,1506969025,1468393837,uxuR,fliC,False,insufficient_data,crp|fliA|gadE|hns|matA|nac|rpoD|zraR,0,,,,,0.10042742587836508,0,
0,10,0.0,0.0,instrument_error,1468393837,1506969025,1468393837,uxuR,gntP,False,insufficient_data,crp|oxyR|rpoD|zraR,0,,,,,-0.2383862364498338,0,
0,10,0.0,0.0,instrument_error,1468393837,1506969025,1468393837,uxuR,uidA,False,insufficient_data,crp|rpoD|uidR|zraR,0,,,,,-0.36231490104129177,0,
0,10,0.0,0.0,instrument_error,1468393837,1506969025,1468393837,uxuR,uidB,False,insufficient_data,crp|rpoD|uidR|zraR,0,,,,,0.13936188615836057,0,
0,10,0.0,0.0,instrument_error,1468393837,1506969025,1468393837,uxuR,uidC,False,insufficient_data,crp|rpoD|uidR|zraR,0,,,,,-0.11498734660053778,0,
0,10,0.0,0.0,instrument_error,1468393837,1506969025,1468393837,zraR,sspA,False,insufficient_data,alpA|basR|btsR|glaR|glrR|nsrR|ptrR|rcdA,0,,,,,0.15371823726493933,0,
0,10,0.0,0.0,instrument_error,1468393837,1506969025,1468393837,zraR,yjjY,False,insufficient_data,alpA|basR|btsR|glaR|glrR|nsrR|ptrR|rcdA,0,,,,,0.14497548321098058,0,
0,10,0.0,0.0,instrument_error,1468393837,1506969025,1468393837,zraR,yrdD,False,insufficient_data,alpA|basR|btsR|glaR|glrR|nsrR|ptrR|rcdA,0,,,,,-0.1617817993631247,0,
0,10,0.0,0.0,instrument_error,1468393837,1506969025,1468393837,fliA,flgK,False,insufficient_data,alpA|basR|btsR|glaR|glrR|nsrR|ptrR|rcdA,0,,,,,-0.2620499958429554,0,
0,10,0.0,0.0,instrument_error,1468393837,1506969025,1468393837,fliA,flgL,False,insufficient_data,alpA|basR|btsR|glaR|glrR|nsrR|ptrR|rcdA,0,,,,,0.11888617069888226,0,
0,10,0.0,0.0,instrument_error,1468393837,1506969025,1468393837,fliA,ispE,False,insufficient_data,alpA|basR|btsR|glaR|glrR|nsrR|ptrR|rcdA,0,,,,,0.3169729805009515,0,
0,10,0.0,0.0,instrument_error,1468393837,1506969025,1468393837,fliA,lolB,False,insufficient_data,alpA|basR|btsR|glaR|glrR|nsrR|ptrR|rcdA,0,,,,,0.19238404398219572,0,
0,10,0.0,0.0,instrument_error,1468393837,1506969025,1468393837,fliA,rdcB,False,insufficient_data,alpA|basR|btsR|glaR|glrR|nsrR|ptrR|rcdA,0,,,,,-0.19194220649771965,0,
0,10,0.0,0.0,instrument_error,1468393837,1506969025,1468393837,fliA,ves,False,insufficient_data,alpA|basR|btsR|glaR|glrR|nsrR|ptrR|rcdA,0,,,,,-0.17598488680881222,0,
0,10,0.0,0.0,instrument_error,1468393837,1506969025,1468393837,fliA,yafW,False,insufficient_data,alpA|basR|btsR|glaR|glrR|nsrR|ptrR|rcdA,0,,,,,-0.160416728782893,0,
0,10,0.0,0.0,instrument_error,1468393837,1506969025,1468393837,fliA,yafX,False,insufficient_data,alpA|basR|btsR|glaR|glrR|nsrR|ptrR|rcdA,0,,,,,0.04337701258228531,0,
0,10,0.0,0.0,instrument_error,1468393837,1506969025,1468393837,fliA,yjcS,False,insufficient_data,alpA|basR|btsR|glaR|glrR|nsrR|ptrR|rcdA,0,,,,,-0.11143496456551534,0,
0,10,0.0,0.0,instrument_error,1468393837,1506969025,1468393837,fliA,ykfB,False,insufficient_data,alpA|basR|btsR|glaR|glrR|nsrR|ptrR|rcdA,0,,,,,0.1393714670244884,0,
0,10,0.0,0.0,instrument_error,1468393837,1506969025,1468393837,fliA,ykfF,False,insufficient_data,alpA|basR|btsR|glaR|glrR|nsrR|ptrR|rcdA,0,,,,,-0.059637481864349674,0,
0,10,0.0,0.0,instrument_error,1468393837,1506969025,1468393837,fliA,ykfG,False,insufficient_data,alpA|basR|btsR|glaR|glrR|nsrR|ptrR|rcdA,0,,,,,0.22485988792413555,0,
0,10,0.0,0.0,instrument_error,1468393837,1506969025,1468393837,fliA,ykfH,False,insufficient_data,alpA|basR|btsR|glaR|glrR|nsrR|ptrR|rcdA,0,,,,,0.1111978617976985,0,
0,10,0.0,0.0,instrument_error,1468393837,1506969025,1468393837,fliA,ykfI,False,insufficient_data,alpA|basR|btsR|glaR|glrR|nsrR|ptrR|rcdA,0,,,,,0.10939925419682568,0,
0,10,0.0,0.0,instrument_error,1468393837,1506969025,1468393837,hns,ascG,False,insufficient_data,alpA|basR|btsR|glaR|glrR|nsrR|ptrR|rcdA,0,,,,,-0.2079736466237323,0,
0,10,0.0,0.0,instrument_error,1468393837,1506969025,1468393837,hns,dosC,False,insufficient_data,alpA|basR|btsR|glaR|glrR|nsrR|ptrR|rcdA,0,,,,,0.2259302162934123,0,
0,10,0.0,0.0,instrument_error,1468393837,1506969025,1468393837,hns,glvC,False,insufficient_data,alpA|basR|btsR|glaR|glrR|nsrR|ptrR|rcdA,0,,,,,0.26008014018700826,0,
0,10,0.0,0.0,instrument_error,1468393837,1506969025,1468393837,hns,pdeG,False,insufficient_data,alpA|basR|btsR|glaR|glrR|nsrR|ptrR|rcdA,0,,,,,-0.1159522369855117,0,
0,10,0.0,0.0,instrument_error,1468393837,1506969025,1468393837,hns,ttdR,False,insufficient_data,alpA|basR|btsR|glaR|glrR|nsrR|ptrR|rcdA,0,,,,,-0.20519146832058408,0,
0,10,0.0,0.0,instrument_error,1468393837,1506969025,1468393837,hns,ydcC,False,insufficient_data,alpA|basR|btsR|glaR|glrR|nsrR|ptrR|rcdA,0,,,,,-0.13335312518649964,0,
0,10,0.0,0.0,instrument_error,1468393837,1506969025,1468393837,hns,yjjP,False,insufficient_data,alpA|basR|btsR|glaR|glrR|nsrR|ptrR|rcdA,0,,,,,0.20769579409385147,0,
0,10,0.0,0.0,instrument_error,1468393837,1506969025,1468393837,csrA,dgcI,False,insufficient_data,alpA|basR|btsR|glaR|glrR|nsrR|ptrR|rcdA,0,,,,,-0.12456178647204211,0,
0,10,0.0,0.0,instrument_error,1468393837,1506969025,1468393837,nhaR,alaT,False,insufficient_data,csrA|dksA|fis|hns|lrp|rpoD|rpoH|rpoS|ydeO,0,,,,,0.24999300229981383,0,
0,10,0.0,0.0,instrument_error,1468393837,1506969025,1468393837,nhaR,alaU,False,insufficient_data,csrA|dksA|fis|hns|lrp|rpoD|rpoH|rpoS|ydeO,0,,,,,-0.12369330093811769,0,
0,10,0.0,0.0,instrument_error,1468393837,1506969025,1468393837,nhaR,alaV,False,insufficient_data,csrA|dksA|fis|hns|lrp|rpoD|rpoH|rpoS|ydeO,0,,,,,0.2352381581196234,0,
0,10,0.0,0.0,instrument_error,1468393837,1506969025,1468393837,nhaR,gltT,False,insufficient_data,csrA|dksA|fis|hns|lrp|rpoD|rpoH|rpoS|ydeO,0,,,,,-0.0930609880256943,0,
0,10,0.0,0.0,instrument_error,1468393837,1506969025,1468393837,nhaR,gltU,False,insufficient_data,csrA|dksA|fis|hns|lrp|rpoD|rpoH|rpoS|ydeO,0,,,,,0.24320362382756586,0,
0,10,0.0,0.0,instrument_error,1468393837,1506969025,1468393837,nhaR,gltV,False,insufficient_data,csrA|dksA|fis|hns|lrp|rpoD|rpoH|rpoS|ydeO,0,,,,,-0.31945350256766575,0,
0,10,0.0,0.0,instrument_error,1468393837,1506969025,1468393837,nhaR,gltW,False,insufficient_data,csrA|dksA|fis|hns|lrp|rpoD|rpoH|rpoS|ydeO,0,,,,,-0.13919129017122106,0,
0,10,0.0,0.0,instrument_error,1468393837,1506969025,1468393837,nhaR,ileT,False,insufficient_data,csrA|dksA|fis|hns|lrp|rpoD|rpoH|rpoS|ydeO,0,,,,,-0.3324608986721196,0,
0,10,0.0,0.0,instrument_error,1468393837,1506969025,1468393837,nhaR,ileU,False,insufficient_data,csrA|dksA|fis|hns|lrp|rpoD|rpoH|rpoS|ydeO,0,,,,,-0.27265931485325523,0,
0,10,0.0,0.0,instrument_error,1468393837,1506969025,1468393837,nhaR,ileV,False,insufficient_data,csrA|dksA|fis|hns|lrp|rpoD|rpoH|rpoS|ydeO,0,,,,,0.18114884056733235,0,
0,10,0.0,0.0,instrument_error,1468393837,1506969025,1468393837,nhaR,nhaA,False,insufficient_data,csrA|hns|rpoD|rpoS|ydeO,0,,,,,0.23265242628428323,0,
0,10,0.0,0.0,instrument_error,1468393837,1506969025,1468393837,nhaR,osmC,False,insufficient_data,csrA|hns|lrp|rcsB|rpoD|rpoS|ydeO,0,,,,,0.1044377875958602,0,
0,10,0.0,0.0,instrument_error,1468393837,1506969025,1468393837,nhaR,pgaA,False,insufficient_data,csrA|hns|nac|ompR|rpoD|rpoS|ydeO,0,,,,,0.11947196509664379,0,
0,10,0.0,0.0,instrument_error,1468393837,1506969025,1468393837,nhaR,pgaB,False,insufficient_data,csrA|hns|ompR|rpoD|rpoS|ydeO,0,,,,,0.1476796876121918,0,
0,10,0.0,0.0,instrument_error,1468393837,1506969025,1468393837,nhaR,pgaC,False,insufficient_data,csrA|hns|ompR|rpoD|rpoS|ydeO,0,,,,,0.2224676833979773,0,
0,10,0.0,0.0,instrument_error,1468393837,1506969025,1468393837,nhaR,pgaD,False,insufficient_data,csrA|hns|ompR|rpoD|rpoS|ydeO,0,,,,,0.3741380730919577,0,
0,10,0.0,0.0,instrument_error,1468393837,1506969025,1468393837,nhaR,rmf,False,insufficient_data,arcA|crp|csrA|cueR|fur|hns|kdpE|mcbR|phoP|rcdA|rpoD|rpoS|sdiA|slyA|ydeO|zntR|zraR,0,,,,,0.10798781678384882,0,
0,10,0.0,0.0,instrument_error,1468393837,1506969025,1468393837,nhaR,rrfA,False,insufficient_data,csrA|dksA|fis|hns|lrp|rpoD|rpoH|rpoS|ydeO,0,,,,,-0.15851121605155097,0,
0,10,0.0,0.0,instrument_error,1468393837,1506969025,1468393837,nhaR,rrfB,False,insufficient_data,csrA|dksA|fis|hns|lrp|rpoD|rpoH|rpoS|ydeO,0,,,,,0.23989894560983147,0,
0,10,0.0,0.0,instrument_error,1468393837,1506969025,1468393837,nhaR,rrfC,False,insufficient_data,csrA|dksA|fis|hns|lrp|rpoD|rpoH|rpoS|ydeO,0,,,,,0.09102371471079994,0,
0,10,0.0,0.0,instrument_error,1468393837,1506969025,1468393837,nhaR,rrfD,False,insufficient_data,csrA|dksA|fis|hns|lrp|rpoD|rpoH|rpoS|ydeO,0,,,,,0.18870306294204836,0,
0,10,0.0,0.0,instrument_error,1468393837,1506969025,1468393837,nhaR,rrfE,False,insufficient_data,csrA|dksA|fis|hns|lrp|rpoD|rpoH|rpoS|ydeO,0,,,,,-0.15148720698060178,0,
0,10,0.0,0.0,instrument_error,1468393837,1506969025,1468393837,nhaR,rrfF,False,insufficient_data,csrA|dksA|fis|hns|lrp|rpoD|rpoH|rpoS|ydeO,0,,,,,0.1359907371893944,0,
0,10,0.0,0.0,instrument_error,1468393837,1506969025,1468393837,nhaR,rrfG,False,insufficient_data,csrA|dksA|fis|hns|lrp|rpoD|rpoH|rpoS|ydeO,0,,,,,0.33769548225665824,0,
0,10,0.0,0.0,instrument_error,1468393837,1506969025,1468393837,nhaR,rrfH,False,insufficient_data,csrA|dksA|fis|hns|lrp|rpoD|rpoH|rpoS|ydeO,0,,,,,-0.23137630724358937,0,
0,10,0.0,0.0,instrument_error,1468393837,1506969025,1468393837,nhaR,rrlA,False,insufficient_data,csrA|dksA|fis|hns|lrp|rpoD|rpoH|rpoS|ydeO,0,,,,,0.06803285710107548,0,
0,10,0.0,0.0,instrument_error,1468393837,1506969025,1468393837,nhaR,rrlB,False,insufficient_data,csrA|dksA|fis|hns|lrp|rpoD|rpoH|rpoS|ydeO,0,,,,,-0.31701668826095525,0,
0,10,0.0,0.0,instrument_error,1468393837,1506969025,1468393837,nhaR,rrlC,False,insufficient_data,csrA|dksA|fis|hns|lrp|rpoD|rpoH|rpoS|ydeO,0,,,,,-0.2557152627102998,0,
0,10,0.0,0.0,instrument_error,1468393837,1506969025,1468393837,nhaR,rrlD,False,insufficient_data,csrA|dksA|fis|hns|lrp|rpoD|rpoH|rpoS|ydeO,0,,,,,0.06164447277991185,0,
0,10,0.0,0.0,instrument_error,1468393837,1506969025,1468393837,nhaR,rrlE,False,insufficient_data,csrA|dksA|fis|hns|lrp|rpoD|rpoH|rpoS|ydeO,0,,,,,-0.20651963648634714,0,
0,10,0.0,0.0,instrument_error,1468393837,1506969025,1468393837,nhaR,rrlG,False,insufficient_data,csrA|dksA|fis|hns|lrp|rpoD|rpoH|rpoS|ydeO,0,,,,,0.2471056751047644,0,
0,10,0.0,0.0,instrument_error,1468393837,1506969025,1468393837,nhaR,rrlH,False,insufficient_data,csrA|dksA|fis|hns|lrp|rpoD|rpoH|rpoS|ydeO,0,,,,,0.17220863215230464,0,
0,10,0.0,0.0,instrument_error,1468393837,1506969025,1468393837,nhaR,rrsA,False,insufficient_data,csrA|dksA|fis|hns|lrp|rpoD|rpoH|rpoS|ydeO,0,,,,,0.1954912373153535,0,
0,10,0.0,0.0,instrument_error,1468393837,1506969025,1468393837,nhaR,rrsB,False,insufficient_data,csrA|dksA|fis|hns|lrp|rpoD|rpoH|rpoS|ydeO,0,,,,,-0.13338481927125523,0,
0,10,0.0,0.0,instrument_error,1468393837,1506969025,1468393837,nhaR,rrsC,False,insufficient_data,csrA|dksA|fis|hns|lrp|rpoD|rpoH|rpoS|ydeO,0,,,,,0.16774538005412667,0,
0,10,0.0,0.0,instrument_error,1468393837,1506969025,1468393837,nhaR,rrsD,False,insufficient_data,csrA|dksA|fis|hns|lrp|rpoD|rpoH|rpoS|ydeO,0,,,,,-0.1166927388551599,0,
0,10,0.0,0.0,instrument_error,1468393837,1506969025,1468393837,nhaR,rrsE,False,insufficient_data,csrA|dksA|fis|hns|lrp|rpoD|rpoH|rpoS|ydeO,0,,,,,-0.2504313077196706,0,
0,10,0.0,0.0,instrument_error,1468393837,1506969025,1468393837,nhaR,rrsG,False,insufficient_data,csrA|dksA|fis|hns|lrp|rpoD|rpoH|rpoS|ydeO,0,,,,,0.10399738047156779,0,
0,10,0.0,0.0,instrument_error,1468393837,1506969025,1468393837,nhaR,rrsH,False,insufficient_data,csrA|dksA|fis|hns|lrp|rpoD|rpoH|rpoS|ydeO,0,,,,,0.2143181278966181,0,
0,10,0.0,0.0,instrument_error,1468393837,1506969025,1468393837,nhaR,rsd,False,insufficient_data,arcA|csrA|cueR|fur|hns|kdpE|lrp|mcbR|nac|phoP|rcdA|rpoD|rpoS|sdiA|slyA|ydeO|zntR,0,,,,,0.11847729826759507,0,
0,10,0.0,0.0,instrument_error,1468393837,1506969025,1468393837,nhaR,thrV,False,insufficient_data,csrA|dksA|fis|hns|lrp|rpoD|rpoH|rpoS|ydeO,0,,,,,0.2664361719598098,0,
0,10,0.0,0.0,instrument_error,1468393837,1506969025,1468393837,cueR,copA,False,insufficient_data,ompR|rpoD,0,,,,,0.14422345541647993,0,
0,10,0.0,0.0,instrument_error,1468393837,1506969025,1468393837,cueR,cueO,False,insufficient_data,,0,,,,,-0.2817953993982697,0,
0,10,0.0,0.0,instrument_error,1468393837,1506969025,1468393837,cueR,moaA,False,insufficient_data,csrA|fnr|modE,0,,,,,0.2951437743361596,0,
0,10,0.0,0.0,instrument_error,1468393837,1506969025,1468393837,cueR,moaB,False,insufficient_data,csrA|fnr|modE,0,,,,,0.29438577104459285,0,
0,10,0.0,0.0,instrument_error,1468393837,1506969025,1468393837,cueR,moaC,False,insufficient_data,csrA|fnr|modE,0,,,,,0.1273880013704355,0,
0,10,0.0,0.0,instrument_error,1468393837,1506969025,1468393837,cueR,moaD,False,insufficient_data,csrA|fnr|modE,0,,,,,0.15211567372280582,0,
0,10,0.0,0.0,instrument_error,1468393837,1506969025,1468393837,cueR,moaE,False,insufficient_data,csrA|fnr|modE,0,,,,,0.1869125578597357,0,
0,10,0.0,0.0,instrument_error,1468393837,1506969025,1468393837,cueR,rmf,False,insufficient_data,arcA|crp|fur|kdpE|mcbR|nhaR|phoP|rcdA|sdiA|slyA|zntR|zraR,0,,,,,-0.19489757718224823,0,
0,10,0.0,0.0,instrument_error,1468393837,1506969025,1468393837,cueR,rsd,False,insufficient_data,arcA|fur|kdpE|lrp|mcbR|nac|nhaR|phoP|rcdA|rpoD|rpoS|sdiA|slyA|zntR,0,,,,,0.14082257521275593,0,
0,10,0.0,0.0,instrument_error,1468393837,1506969025,1468393837,cusR,cusA,False,insufficient_data,hprR|phoB|rpoD|yieP,0,,,,,-0.29192878799186023,0,
0,10,0.0,0.0,instrument_error,1468393837,1506969025,1468393837,cusR,cusB,False,insufficient_data,hprR|phoB|rpoD,0,,,,,0.21646812002851507,0,
0,10,0.0,0.0,instrument_error,1468393837,1506969025,1468393837,cusR,cusC,False,insufficient_data,fur|hprR|phoB|rpoD,0,,,,,0.08138552567841129,0,
0,10,0.0,0.0,instrument_error,1468393837,1506969025,1468393837,cusR,cusF,False,insufficient_data,hprR|phoB|rpoD|yciT,0,,,,,-0.22681783069492084,0,
0,10,0.0,0.0,instrument_error,1468393837,1506969025,1468393837,cusR,cusS,False,insufficient_data,hprR|phoB|rpoD,0,,,,,0.12173548253134167,0,
0,10,0.0,0.0,instrument_error,1468393837,1506969025,1468393837,cusR,cyoA,False,insufficient_data,arcA|cra|crp|fis|fnr|fur|gadE|hprR|pdhR|phoB|rpoD,0,,,,,-0.037278606712420406,0,
0,10,0.0,0.0,instrument_error,1468393837,1506969025,1468393837,cusR,cyoB,False,insufficient_data,arcA|cra|crp|fis|fnr|fur|gadE|hprR|pdhR|phoB|rpoD,0,,,,,0.2620621788972609,0,
0,10,0.0,0.0,instrument_error,1468393837,1506969025,1468393837,cusR,cyoC,False,insufficient_data,arcA|cra|crp|fis|fnr|fur|gadE|hprR|pdhR|phoB|rpoD,0,,,,,0.17207428376205858,0,
0,10,0.0,0.0,instrument_error,1468393837,1506969025,1468393837,cusR,cyoD,False,insufficient_data,arcA|cra|crp|fis|fnr|fur|gadE|hprR|pdhR|phoB|rpoD,0,,,,,-0.09074918481702654,0,
0,10,0.0,0.0,instrument_error,1468393837,1506969025,1468393837,cusR,cyoE,False,insufficient_data,arcA|cra|crp|fis|fnr|fur|gadE|hprR|pdhR|phoB|rpoD,0,,,,,0.38520581984959246,0,
0,10,0.0,0.0,instrument_error,1468393837,1506969025,1468393837,cusR,hiuH,False,insufficient_data,hprR|phoB|rpoD,0,,,,,-0.07598798640550658,0,
0,10,0.0,0.0,instrument_error,1468393837,1506969025,1468393837,cusR,msrP,False,insufficient_data,hprR|phoB|rpoD,0,,,,,-0.08722886408815198,0,
0,10,0.0,0.0,instrument_error,1468393837,1506969025,1468393837,cusR,msrQ,False,insufficient_data,hprR|phoB|rpoD,0,,,,,-0.18762178384349962,0,
0,10,0.0,0.0,instrument_error,1468393837,1506969025,1468393837,cynR,cynS,False,insufficient_data,nac|rpoD,0,,,,,0.22353092647634912,0,
0,10,0.0,0.0,instrument_error,1468393837,1506969025,1468393837,cynR,cynT,False,insufficient_data,nac|rpoD,0,,,,,-0.27750818806513805,0,
0,10,0.0,0.0,instrument_error,1468393837,1506969025,1468393837,cynR,cynX,False,insufficient_data,nac|rpoD,0,,,,,-0.1979662617113596,0,
0,10,0.0,0.0,instrument_error,1468393837,1506969025,1468393837,cysB,ariR,False,insufficient_data,bluR|lrp|marA|phoP|rpoD|rpoS,0,,,,,0.10931826251764405,0,
0,10,0.0,0.0,instrument_error,1468393837,1506969025,1468393837,cysB,cbl,False,insufficient_data,cpxR|glnG|lrp|phoP|rpoD,0,,,,,-0.16507477341479637,0,
0,10,0.0,0.0,instrument_error,1468393837,1506969025,1468393837,cysB,cysA,False,insufficient_data,hns|lrp|phoP|rpoD,0,,,,,-0.22655246823237601,0,
0,10,0.0,0.0,instrument_error,1468393837,1506969025,1468393837,cysB,cysC,False,insufficient_data,lrp|phoP|rpoD,0,,,,,-0.16141701279629253,0,
0,10,0.0,0.0,instrument_error,1468393837,1506969025,1468393837,cysB,cysD,False,insufficient_data,lrp|phoP|rpoD,0,,,,,0.15223083234579585,0,
0,10,0.0,0.0,instrument_error,1468393837,1506969025,1468393837,cysB,cysH,False,insufficient_data,hypT|ihfA|ihfB|lrp|phoP|rpoD,0,,,,,-0.1795342639168017,0,
0,10,0.0,0.0,instrument_error,1468393837,1506969025,1468393837,cysB,cysI,False,insufficient_data,ihfA|ihfB|lrp|phoP|rpoD,0,,,,,-0.22406469934476855,0,
0,10,0.0,0.0,instrument_error,1468393837,1506969025,1468393837,cysB,cysJ,False,insufficient_data,ihfA|ihfB|lrp|nac|phoP|rpoD|yafC|yeiE,0,,,,,0.18592970874622242,0,
0,10,0.0,0.0,instrument_error,1468393837,1506969025,1468393837,cysB,cysK,False,insufficient_data,lrp|phoP|rpoD,0,,,,,-0.10058697919448685,0,
0,10,0.0,0.0,instrument_error,1468393837,1506969025,1468393837,cysB,cysM,False,insufficient_data,hns|lrp|phoP|rpoD,0,,,,,-0.08646160475495515,0,
0,10,0.0,0.0,instrument_error,1468393837,1506969025,1468393837,cysB,cysN,False,insufficient_data,glaR|lrp|phoP|rpoD,0,,,,,-0.1456130356163916,0,
0,10,0.0,0.0,instrument_error,1468393837,1506969025,1468393837,cysB,cysP,False,insufficient_data,hns|lrp|phoP|rpoD,0,,,,,-0.17716154562275127,0,
0,10,0.0,0.0,instrument_error,1468393837,1506969025,1468393837,cysB,cysU,False,insufficient_data,hns|lrp|phoP|rpoD,0,,,,,-0.2364257795773747,0,
0,10,0.0,0.0,instrument_error,1468393837,1506969025,1468393837,cysB,cysW,False,insufficient_data,hns|lrp|phoP|rpoD,0,,,,,-0.12439377373144632,0,
0,10,0.0,0.0,instrument_error,1468393837,1506969025,1468393837,cysB,dgcZ,False,insufficient_data,cpxR|csrA|hns|lrp|phoP|rpoD,0,,,,,-0.11004454373821651,0,
0,10,0.0,0.0,instrument_error,1468393837,1506969025,1468393837,cysB,hslJ,False,insufficient_data,lrp|phoP|rpoD,0,,,,,-0.13424119789859798,0,
0,10,0.0,0.0,instrument_error,1468393837,1506969025,1468393837,cysB,ssuA,False,insufficient_data,cpxR|fnr|glnG|ihfA|ihfB|lrp|phoP|rpoD|yeiE,0,,,,,-0.3495909783351242,0,
0,10,0.0,0.0,instrument_error,1468393837,1506969025,1468393837,cysB,ssuB,False,insufficient_data,cpxR|fnr|glnG|ihfA|ihfB|lrp|phoP|rpoD,0,,,,,0.5399446656357679,0,
0,10,0.0,0.0,instrument_error,1468393837,1506969025,1468393837,cysB,ssuC,False,insufficient_data,cpxR|fnr|glnG|ihfA|ihfB|lrp|phoP|rpoD,0,,,,,-0.18077860767119966,0,
0,10,0.0,0.0,instrument_error,1468393837,1506969025,1468393837,cysB,ssuD,False,insufficient_data,cpxR|fnr|glnG|ihfA|ihfB|lrp|phoP|rpoD,0,,,,,-0.13451416021106669,0,
0,10,0.0,0.0,instrument_error,1468393837,1506969025,1468393837,cysB,ssuE,False,insufficient_data,cpxR|fnr|glnG|ihfA|ihfB|lrp|nac|phoP|rpoD,0,,,,,0.6221796620548988,0,
0,10,0.0,0.0,instrument_error,1468393837,1506969025,1468393837,cysB,tauA,False,insufficient_data,cpxR|fur|glnG|lrp|nac|phoP|rpoD,0,,,,,0.0696513043316615,0,
0,10,0.0,0.0,instrument_error,1468393837,1506969025,1468393837,cysB,tauB,False,insufficient_data,cpxR|fur|glnG|lrp|phoP|rpoD,0,,,,,0.2858548284107934,0,
0,10,0.0,0.0,instrument_error,1468393837,1506969025,1468393837,cysB,tauC,False,insufficient_data,cpxR|fur|glnG|lrp|phoP|rpoD,0,,,,,0.20749117254562055,0,
0,10,0.0,0.0,instrument_error,1468393837,1506969025,1468393837,cysB,tauD,False,insufficient_data,cpxR|glnG|lrp|phoP|rpoD,0,,,,,0.17962349663514016,0,
0,10,0.0,0.0,instrument_error,1468393837,1506969025,1468393837,cysB,tcyJ,False,insufficient_data,csgD|flhC|flhD|fliA|hns|ihfA|ihfB|lrp|matA|nsrR|phoP|rpoD|sutR,0,,,,,-0.5279138861004408,0,
0,10,0.0,0.0,instrument_error,1468393837,1506969025,1468393837,cysB,tcyP,False,insufficient_data,lrp|phoP|rpoD,0,,,,,-0.18003799307404275,0,
0,10,0.0,0.0,instrument_error,1468393837,1506969025,1468393837,cysB,ybdN,False,insufficient_data,arcA|citR|fnr|lrp|phoP|rpoD,0,,,,,-0.10832435847282153,0,
0,10,0.0,0.0,instrument_error,1468393837,1506969025,1468393837,cysB,yciW,False,insufficient_data,lrp|phoP|rpoD,0,,,,,-0.17581369247854126,0,
0,10,0.0,0.0,instrument_error,1468393837,1506969025,1468393837,cysB,yfbR,False,insufficient_data,lrp|phoP|rpoD|rpoH,0,,,,,0.1509449324359366,0,
0,10,0.0,0.0,instrument_error,1468393837,1506969025,1468393837,cysB,ygeH,False,insufficient_data,lrp|phoP|rpoD,0,,,,,0.08908747916542754,0,
0,10,0.0,0.0,instrument_error,1468393837,1506969025,1468393837,cysB,yoaC,False,insufficient_data,lrp|phoP|rpoD|rpoE|yeiE,0,,,,,-0.3444422270652622,0,
0,10,0.0,0.0,instrument_error,1468393837,1506969025,1468393837,deaD,mntR,False,insufficient_data,alpA|basR|btsR|glaR|glrR|nsrR|ptrR|rcdA,0,,,,,-0.14382528708587455,0,
0,10,0.0,0.0,instrument_error,1468393837,1506969025,1468393837,mntR,dps,False,insufficient_data,argR|deaD|fis|hns|ihfA|ihfB|oxyR|rpoD|rpoS,0,,,,,-0.13459177505188405,0,
0,10,0.0,0.0,instrument_error,1468393837,1506969025,1468393837,mntR,mntH,False,insufficient_data,deaD|fur|nac|oxyR|rpoD,0,,,,,0.2738128512689126,0,
0,10,0.0,0.0,instrument_error,1468393837,1506969025,1468393837,mntR,mntP,False,insufficient_data,deaD|fur|rpoD,0,,,,,-0.18874608217682373,0,
0,10,0.0,0.0,instrument_error,1468393837,1506969025,1468393837,mntR,mntS,False,insufficient_data,deaD|rpoD,0,,,,,0.22788005386372445,0,
0,10,0.0,0.0,instrument_error,1468393837,1506969025,1468393837,uvrY,luxS,False,insufficient_data,deaD|lexA|nac|rpoD|rpoS,0,,,,,0.0628337833489424,0,
0,10,0.0,0.0,instrument_error,1468393837,1506969025,1468393837,uvrY,uhpT,False,insufficient_data,crp|deaD|lexA|nac|rpoD|uhpA,0,,,,,-0.17203037146647224,0,
0,10,0.0,0.0,instrument_error,1468393837,1506969025,1468393837,uvrY,ydeP,False,insufficient_data,deaD|evgA|hns|lexA|nac|nagC|narL|narP|phoP|rcsB|rpoD,0,,,,,0.21785055861713876,0,
0,10,0.0,0.0,instrument_error,1468393837,1506969025,1468393837,decR,cyuA,False,insufficient_data,marA|rpoD|soxS,0,,,,,0.1562749937056677,0,
0,10,0.0,0.0,instrument_error,1468393837,1506969025,1468393837,decR,cyuP,False,insufficient_data,marA|rpoD|soxS,0,,,,,-0.160659912598555,0,
0,10,0.0,0.0,instrument_error,1468393837,1506969025,1468393837,deoR,deoA,False,insufficient_data,crp|cytR|fis|modE|rpoD,0,,,,,-0.27747839919656697,0,
0,10,0.0,0.0,instrument_error,1468393837,1506969025,1468393837,deoR,deoB,False,insufficient_data,crp|cytR|fis|lrp|modE|rpoD,0,,,,,-0.13885362343923138,0,
0,10,0.0,0.0,instrument_error,1468393837,1506969025,1468393837,deoR,deoC,False,insufficient_data,crp|cytR|fis|modE|rpoD,0,,,,,-0.09719689205627652,0,
0,10,0.0,0.0,instrument_error,1468393837,1506969025,1468393837,deoR,deoD,False,insufficient_data,crp|cytR|fis|modE|rpoD,0,,,,,-0.11687389135830276,0,
0,10,0.0,0.0,instrument_error,1468393837,1506969025,1468393837,deoR,nupG,False,insufficient_data,crp|cytR|rpoD,0,,,,,0.200677352342245,0,
0,10,0.0,0.0,instrument_error,1468393837,1506969025,1468393837,deoR,tsx,False,insufficient_data,crp|cytR|rpoD,0,,,,,0.0746502204162247,0,
0,10,0.0,0.0,instrument_error,1468393837,1506969025,1468393837,dhaR,dhaK,False,insufficient_data,lrp|nac|rpoS|srsR,0,,,,,0.14400378280380632,0,
0,10,0.0,0.0,instrument_error,1468393837,1506969025,1468393837,dhaR,dhaL,False,insufficient_data,nac|rpoS|srsR,0,,,,,0.05192472067380782,0,
0,10,0.0,0.0,instrument_error,1468393837,1506969025,1468393837,dhaR,dhaM,False,insufficient_data,nac|rpoS|srsR,0,,,,,0.09864504776250159,0,
0,10,0.0,0.0,instrument_error,1468393837,1506969025,1468393837,dicA,dicB,False,insufficient_data,dicD|rpoD,0,,,,,-0.19296643776673716,0,
0,10,0.0,0.0,instrument_error,1468393837,1506969025,1468393837,dicA,dicC,False,insufficient_data,dicD|rpoD,0,,,,,0.08834354227762929,0,
0,10,0.0,0.0,instrument_error,1468393837,1506969025,1468393837,dicA,insD7,False,insufficient_data,dicD|rpoD,0,,,,,-0.17225772403887576,0,
0,10,0.0,0.0,instrument_error,1468393837,1506969025,1468393837,dicA,intQ,False,insufficient_data,dicD|rpoD,0,,,,,0.12135737127183074,0,
0,10,0.0,0.0,instrument_error,1468393837,1506969025,1468393837,dicA,ydfD,False,insufficient_data,dicD|rpoD,0,,,,,-0.11242712718871382,0,
0,10,0.0,0.0,instrument_error,1468393837,1506969025,1468393837,dicA,ydfW,False,insufficient_data,dicD|rpoD,0,,,,,0.5447585419402136,0,
0,10,0.0,0.0,instrument_error,1468393837,1506969025,1468393837,dicA,ydfX,False,insufficient_data,dicD|rpoD,0,,,,,0.08106176272114642,0,
0,10,0.0,0.0,instrument_error,1468393837,1506969025,1468393837,dicD,dicA,False,insufficient_data,,0,,,,,0.1377613850300199,0,
0,10,0.0,0.0,instrument_error,1468393837,1506969025,1468393837,dicD,dicB,False,insufficient_data,rpoD,0,,,,,0.14075407329462614,0,
0,10,0.0,0.0,instrument_error,1468393837,1506969025,1468393837,dicD,dicC,False,insufficient_data,rpoD,0,,,,,0.03731591174661056,0,
0,10,0.0,0.0,instrument_error,1468393837,1506969025,1468393837,dicF,ftsZ,False,insufficient_data,argR|lexA|mraZ|pdhR|rcsB|rpoD|rpoS|sdiA,0,,,,,-0.1814245454719868,0,
0,10,0.0,0.0,instrument_error,1468393837,1506969025,1468393837,dicF,manX,False,insufficient_data,cra|crp|fur|hfq|mlc|nagC|rpoD,0,,,,,-0.36016241366788704,0,
0,10,0.0,0.0,instrument_error,1468393837,1506969025,1468393837,dicF,pykA,False,insufficient_data,fnr|rpoD|rpoS,0,,,,,-0.1574844251600105,0,
0,10,0.0,0.0,instrument_error,1468393837,1506969025,1468393837,dicF,xylR,False,insufficient_data,arcA|crp|fis,0,,,,,-0.2578658292617682,0,
0,10,0.0,0.0,instrument_error,1468393837,1506969025,1468393837,rplA,rplJ,False,insufficient_data,dksA,0,,,,,-0.23432705717475144,0,
0,10,0.0,0.0,instrument_error,1468393837,1506969025,1468393837,rplA,rplK,False,insufficient_data,dksA,0,,,,,0.17728259979549943,0,
0,10,0.0,0.0,instrument_error,1468393837,1506969025,1468393837,rplA,rplL,False,insufficient_data,dksA,0,,,,,-0.20983688330143946,0,
0,10,0.0,0.0,instrument_error,1468393837,1506969025,1468393837,rplA,rpoB,False,insufficient_data,dksA,0,,,,,-0.586088170235104,0,
0,10,0.0,0.0,instrument_error,1468393837,1506969025,1468393837,rplA,rpoC,False,insufficient_data,dksA,0,,,,,0.057150846366316524,0,
0,10,0.0,0.0,instrument_error,1468393837,1506969025,1468393837,rplT,rpmI,False,insufficient_data,dksA|fnr|nsrR|rpoD,0,,,,,-0.2970335304293965,0,
0,10,0.0,0.0,instrument_error,1468393837,1506969025,1468393837,rpoD,3'ETS-<i>leuZ</i>,False,insufficient_data,alpA|basR|btsR|glaR|glrR|nsrR|ptrR|rcdA,0,,,,,0.1559941490213198,0,
0,10,0.0,0.0,instrument_error,1468393837,1506969025,1468393837,rpoD,acpS,False,insufficient_data,alpA|basR|btsR|glaR|glrR|nsrR|ptrR|rcdA,0,,,,,-0.13731792201422122,0,
0,10,0.0,0.0,instrument_error,1468393837,1506969025,1468393837,rpoD,agaB,False,insufficient_data,alpA|basR|btsR|glaR|glrR|nsrR|ptrR|rcdA,0,,,,,0.15340978623069304,0,
0,10,0.0,0.0,instrument_error,1468393837,1506969025,1468393837,rpoD,agaC,False,insufficient_data,alpA|basR|btsR|glaR|glrR|nsrR|ptrR|rcdA,0,,,,,0.10609157449308798,0,
0,10,0.0,0.0,instrument_error,1468393837,1506969025,1468393837,rpoD,agaD,False,insufficient_data,alpA|basR|btsR|glaR|glrR|nsrR|ptrR|rcdA,0,,,,,-0.2426751300185294,0,
0,10,0.0,0.0,instrument_error,1468393837,1506969025,1468393837,rpoD,agaI,False,insufficient_data,alpA|basR|btsR|glaR|glrR|nsrR|ptrR|rcdA,0,,,,,0.10231484802237573,0,
0,10,0.0,0.0,instrument_error,1468393837,1506969025,1468393837,rpoD,agaR,False,insufficient_data,alpA|basR|btsR|glaR|glrR|nsrR|ptrR|rcdA,0,,,,,-0.14458266011883,0,
0,10,0.0,0.0,instrument_error,1468393837,1506969025,1468393837,rpoD,agaS,False,insufficient_data,alpA|basR|btsR|glaR|glrR|nsrR|ptrR|rcdA,0,,,,,0.24620333660275875,0,
0,10,0.0,0.0,instrument_error,1468393837,1506969025,1468393837,rpoD,alsA,False,insufficient_data,alpA|basR|btsR|glaR|glrR|nsrR|ptrR|rcdA,0,,,,,-0.11157509900034943,0,
0,10,0.0,0.0,instrument_error,1468393837,1506969025,1468393837,rpoD,alsB,False,insufficient_data,alpA|basR|btsR|glaR|glrR|nsrR|ptrR|rcdA,0,,,,,-0.09414054198433913,0,
0,10,0.0,0.0,instrument_error,1468393837,1506969025,1468393837,rpoD,alsC,False,insufficient_data,alpA|basR|btsR|glaR|glrR|nsrR|ptrR|rcdA,0,,,,,0.2551568248900047,0,
0,10,0.0,0.0,instrument_error,1468393837,1506969025,1468393837,rpoD,alsE,False,insufficient_data,alpA|basR|btsR|glaR|glrR|nsrR|ptrR|rcdA,0,,,,,-0.11069137909042627,0,
0,10,0.0,0.0,instrument_error,1468393837,1506969025,1468393837,rpoD,alsR,False,insufficient_data,alpA|basR|btsR|glaR|glrR|nsrR|ptrR|rcdA,0,,,,,-0.3086209972536552,0,
0,10,0.0,0.0,instrument_error,1468393837,1506969025,1468393837,rpoD,ampG,False,insufficient_data,alpA|basR|btsR|glaR|glrR|nsrR|ptrR|rcdA,0,,,,,-0.15084507376638748,0,
0,10,0.0,0.0,instrument_error,1468393837,1506969025,1468393837,rpoD,amyA,False,insufficient_data,alpA|basR|btsR|glaR|glrR|nsrR|ptrR|rcdA,0,,,,,0.1903620445540359,0,
0,10,0.0,0.0,instrument_error,1468393837,1506969025,1468393837,rpoD,apt,False,insufficient_data,alpA|basR|btsR|glaR|glrR|nsrR|ptrR|rcdA,0,,,,,-0.09916000105150455,0,
0,10,0.0,0.0,instrument_error,1468393837,1506969025,1468393837,rpoD,arfA,False,insufficient_data,alpA|basR|btsR|glaR|glrR|nsrR|ptrR|rcdA,0,,,,,0.28155988989098363,0,
0,10,0.0,0.0,instrument_error,1468393837,1506969025,1468393837,rpoD,argQ,False,insufficient_data,alpA|basR|btsR|glaR|glrR|nsrR|ptrR|rcdA,0,,,,,0.24718514859162594,0,
0,10,0.0,0.0,instrument_error,1468393837,1506969025,1468393837,rpoD,argV,False,insufficient_data,alpA|basR|btsR|glaR|glrR|nsrR|ptrR|rcdA,0,,,,,0.11179568327365524,0,
0,10,0.0,0.0,instrument_error,1468393837,1506969025,1468393837,rpoD,argY,False,insufficient_data,alpA|basR|btsR|glaR|glrR|nsrR|ptrR|rcdA,0,,,,,-0.18231690486975424,0,
0,10,0.0,0.0,instrument_error,1468393837,1506969025,1468393837,rpoD,argZ,False,insufficient_data,alpA|basR|btsR|glaR|glrR|nsrR|ptrR|rcdA,0,,,,,-0.1740236135221127,0,
0,10,0.0,0.0,instrument_error,1468393837,1506969025,1468393837,rpoD,aroB,False,insufficient_data,alpA|basR|btsR|glaR|glrR|nsrR|ptrR|rcdA,0,,,,,0.17638881059236405,0,
0,10,0.0,0.0,instrument_error,1468393837,1506969025,1468393837,rpoD,aroH,False,insufficient_data,alpA|basR|btsR|glaR|glrR|nsrR|ptrR|rcdA,0,,,,,-0.31701197513568163,0,
0,10,0.0,0.0,instrument_error,1468393837,1506969025,1468393837,rpoD,arsB,False,insufficient_data,alpA|basR|btsR|glaR|glrR|nsrR|ptrR|rcdA,0,,,,,-0.09324310318138276,0,
0,10,0.0,0.0,instrument_error,1468393837,1506969025,1468393837,rpoD,arsC,False,insufficient_data,alpA|basR|btsR|glaR|glrR|nsrR|ptrR|rcdA,0,,,,,0.09098526556348616,0,
0,10,0.0,0.0,instrument_error,1468393837,1506969025,1468393837,rpoD,arsR,False,insufficient_data,alpA|basR|btsR|glaR|glrR|nsrR|ptrR|rcdA,0,,,,,0.09841505639107144,0,
0,10,0.0,0.0,instrument_error,1468393837,1506969025,1468393837,rpoD,asnU,False,insufficient_data,alpA|basR|btsR|glaR|glrR|nsrR|ptrR|rcdA,0,,,,,0.18313389248202788,0,
0,10,0.0,0.0,instrument_error,1468393837,1506969025,1468393837,rpoD,atpC,False,insufficient_data,alpA|basR|btsR|glaR|glrR|nsrR|ptrR|rcdA,0,,,,,0.1586056462223292,0,
0,10,0.0,0.0,instrument_error,1468393837,1506969025,1468393837,rpoD,atpD,False,insufficient_data,alpA|basR|btsR|glaR|glrR|nsrR|ptrR|rcdA,0,,,,,-0.1434687613072363,0,
0,10,0.0,0.0,instrument_error,1468393837,1506969025,1468393837,rpoD,atpE,False,insufficient_data,alpA|basR|btsR|glaR|glrR|nsrR|ptrR|rcdA,0,,,,,-0.09612884628956056,0,
0,10,0.0,0.0,instrument_error,1468393837,1506969025,1468393837,rpoD,atpF,False,insufficient_data,alpA|basR|btsR|glaR|glrR|nsrR|ptrR|rcdA,0,,,,,0.13982561581873937,0,
0,10,0.0,0.0,instrument_error,1468393837,1506969025,1468393837,rpoD,atpG,False,insufficient_data,alpA|basR|btsR|glaR|glrR|nsrR|ptrR|rcdA,0,,,,,0.29729039268730617,0,
0,10,0.0,0.0,instrument_error,1468393837,1506969025,1468393837,rpoD,azoR,False,insufficient_data,alpA|basR|btsR|glaR|glrR|nsrR|ptrR|rcdA,0,,,,,-0.14141057348862052,0,
0,10,0.0,0.0,instrument_error,1468393837,1506969025,1468393837,rpoD,bcp,False,insufficient_data,alpA|basR|btsR|glaR|glrR|nsrR|ptrR|rcdA,0,,,,,-0.13195824889545793,0,
0,10,0.0,0.0,instrument_error,1468393837,1506969025,1468393837,rpoD,bcsE,False,insufficient_data,alpA|basR|btsR|glaR|glrR|nsrR|ptrR|rcdA,0,,,,,-0.09895900881719509,0,
0,10,0.0,0.0,instrument_error,1468393837,1506969025,1468393837,rpoD,bcsF,False,insufficient_data,alpA|basR|btsR|glaR|glrR|nsrR|ptrR|rcdA,0,,,,,-0.06702570637538553,0,
0,10,0.0,0.0,instrument_error,1468393837,1506969025,1468393837,rpoD,bcsG,False,insufficient_data,alpA|basR|btsR|glaR|glrR|nsrR|ptrR|rcdA,0,,,,,-0.1930927050111002,0,
0,10,0.0,0.0,instrument_error,1468393837,1506969025,1468393837,rpoD,bdcA,False,insufficient_data,alpA|basR|btsR|glaR|glrR|nsrR|ptrR|rcdA,0,,,,,-0.23812215735076045,0,
0,10,0.0,0.0,instrument_error,1468393837,1506969025,1468393837,rpoD,bioA,False,insufficient_data,alpA|basR|birA|btsR|glaR|glrR|nsrR|ptrR|rcdA,0,,,,,0.15044034682730403,0,
0,10,0.0,0.0,instrument_error,1468393837,1506969025,1468393837,rpoD,bioB,False,insufficient_data,alpA|basR|birA|btsR|glaR|glrR|nsrR|ptrR|rcdA,0,,,,,-0.23208878464092592,0,
0,10,0.0,0.0,instrument_error,1468393837,1506969025,1468393837,rpoD,bioC,False,insufficient_data,alpA|basR|birA|btsR|glaR|glrR|nsrR|ptrR|rcdA,0,,,,,-0.23923024507658353,0,
0,10,0.0,0.0,instrument_error,1468393837,1506969025,1468393837,rpoD,bioD,False,insufficient_data,alpA|basR|birA|btsR|glaR|glrR|nsrR|ptrR|rcdA,0,,,,,-0.24112189934728812,0,
0,10,0.0,0.0,instrument_error,1468393837,1506969025,1468393837,rpoD,bioF,False,insufficient_data,alpA|basR|birA|btsR|glaR|glrR|nsrR|ptrR|rcdA,0,,,,,0.3517246693964047,0,
0,10,0.0,0.0,instrument_error,1468393837,1506969025,1468393837,rpoD,btuD,False,insufficient_data,alpA|basR|btsR|glaR|glrR|nsrR|ptrR|rcdA,0,,,,,-0.10037714330144358,0,
0,10,0.0,0.0,instrument_error,1468393837,1506969025,1468393837,rpoD,cecR,False,insufficient_data,alpA|basR|btsR|glaR|glrR|nsrR|ptrR|rcdA,0,,,,,-0.2827597159466325,0,
0,10,0.0,0.0,instrument_error,1468393837,1506969025,1468393837,rpoD,cedA,False,insufficient_data,alpA|basR|btsR|glaR|glrR|nsrR|ptrR|rcdA,0,,,,,0.20518068189675082,0,
0,10,0.0,0.0,instrument_error,1468393837,1506969025,1468393837,rpoD,chpB,False,insufficient_data,alpA|basR|btsR|glaR|glrR|nsrR|ptrR|rcdA,0,,,,,-0.22693745075750832,0,
0,10,0.0,0.0,instrument_error,1468393837,1506969025,1468393837,rpoD,clpA,False,insufficient_data,alpA|basR|btsR|glaR|glrR|nsrR|ptrR|rcdA,0,,,,,0.07299515431742505,0,
0,10,0.0,0.0,instrument_error,1468393837,1506969025,1468393837,rpoD,cmk,False,insufficient_data,alpA|basR|btsR|glaR|glrR|nsrR|ptrR|rcdA,0,,,,,0.0508005965986045,0,
0,10,0.0,0.0,instrument_error,1468393837,1506969025,1468393837,rpoD,coaD,False,insufficient_data,alpA|basR|btsR|glaR|glrR|nsrR|ptrR|rcdA,0,,,,,0.1339566237632719,0,
0,10,0.0,0.0,instrument_error,1468393837,1506969025,1468393837,rpoD,cobS,False,insufficient_data,alpA|basR|btsR|glaR|glrR|nsrR|ptrR|rcdA,0,,,,,-0.1592596385096025,0,
0,10,0.0,0.0,instrument_error,1468393837,1506969025,1468393837,rpoD,corA,False,insufficient_data,alpA|basR|btsR|glaR|glrR|nsrR|ptrR|rcdA,0,,,,,0.10847885427077725,0,
0,10,0.0,0.0,instrument_error,1468393837,1506969025,1468393837,rpoD,cutA,False,insufficient_data,alpA|basR|btsR|glaR|glrR|nsrR|ptrR|rcdA,0,,,,,0.20029529262912046,0,
0,10,0.0,0.0,instrument_error,1468393837,1506969025,1468393837,rpoD,cysT,False,insufficient_data,alpA|basR|btsR|glaR|glrR|nsrR|ptrR|rcdA,0,,,,,0.12518224734541378,0,
0,10,0.0,0.0,instrument_error,1468393837,1506969025,1468393837,rpoD,dam,False,insufficient_data,alpA|basR|btsR|glaR|glrR|nsrR|ptrR|rcdA,0,,,,,-0.08040703423676995,0,
0,10,0.0,0.0,instrument_error,1468393837,1506969025,1468393837,rpoD,damX,False,insufficient_data,alpA|basR|btsR|glaR|glrR|nsrR|ptrR|rcdA,0,,,,,0.09343221985191054,0,
0,10,0.0,0.0,instrument_error,1468393837,1506969025,1468393837,rpoD,dapA,False,insufficient_data,alpA|basR|btsR|glaR|glrR|nsrR|ptrR|rcdA,0,,,,,-0.07185559275217242,0,
0,10,0.0,0.0,instrument_error,1468393837,1506969025,1468393837,rpoD,dapE,False,insufficient_data,alpA|basR|btsR|glaR|glrR|nsrR|ptrR|rcdA,0,,,,,-0.2783688076536605,0,
0,10,0.0,0.0,instrument_error,1468393837,1506969025,1468393837,rpoD,dapF,False,insufficient_data,alpA|basR|btsR|glaR|glrR|nsrR|ptrR|rcdA,0,,,,,-0.4497842442047312,0,
0,10,0.0,0.0,instrument_error,1468393837,1506969025,1468393837,rpoD,def,False,insufficient_data,alpA|basR|btsR|glaR|glrR|nsrR|ptrR|rcdA,0,,,,,0.1389952369140422,0,
0,10,0.0,0.0,instrument_error,1468393837,1506969025,1468393837,rpoD,degQ,False,insufficient_data,alpA|basR|btsR|glaR|glrR|nsrR|ptrR|rcdA,0,,,,,-0.11139480952140876,0,
0,10,0.0,0.0,instrument_error,1468393837,1506969025,1468393837,rpoD,degS,False,insufficient_data,alpA|basR|btsR|glaR|glrR|nsrR|ptrR|rcdA,0,,,,,-0.47959404667300526,0,
0,10,0.0,0.0,instrument_error,1468393837,1506969025,1468393837,rpoD,dicB,False,insufficient_data,alpA|basR|btsR|dicA|dicD|glaR|glrR|nsrR|ptrR|rcdA,0,,,,,-0.05983512134255037,0,
0,10,0.0,0.0,instrument_error,1468393837,1506969025,1468393837,rpoD,dicC,False,insufficient_data,alpA|basR|btsR|dicA|dicD|glaR|glrR|nsrR|ptrR|rcdA,0,,,,,0.2847674198294173,0,
0,10,0.0,0.0,instrument_error,1468393837,1506969025,1468393837,rpoD,dsdC,False,insufficient_data,alpA|basR|btsR|glaR|glrR|nsrR|ptrR|rcdA,0,,,,,-0.10642524507488345,0,
0,10,0.0,0.0,instrument_error,1468393837,1506969025,1468393837,rpoD,dut,False,insufficient_data,alpA|basR|btsR|glaR|glrR|nsrR|ptrR|rcdA,0,,,,,-0.1540031415187452,0,
0,10,0.0,0.0,instrument_error,1468393837,1506969025,1468393837,rpoD,dxs,False,insufficient_data,alpA|basR|btsR|glaR|glrR|nsrR|ptrR|rcdA,0,,,,,0.09442853371898513,0,
0,10,0.0,0.0,instrument_error,1468393837,1506969025,1468393837,rpoD,efp,False,insufficient_data,alpA|basR|btsR|glaR|glrR|nsrR|ptrR|rcdA,0,,,,,-0.1553456935404016,0,
0,10,0.0,0.0,instrument_error,1468393837,1506969025,1468393837,rpoD,emrA,False,insufficient_data,alpA|basR|btsR|glaR|glrR|nsrR|ptrR|rcdA,0,,,,,0.10996621049555036,0,
0,10,0.0,0.0,instrument_error,1468393837,1506969025,1468393837,rpoD,emrB,False,insufficient_data,alpA|basR|btsR|glaR|glrR|nsrR|ptrR|rcdA,0,,,,,0.1997193594882701,0,
0,10,0.0,0.0,instrument_error,1468393837,1506969025,1468393837,rpoD,era,False,insufficient_data,alpA|basR|btsR|glaR|glrR|nsrR|ptrR|rcdA,0,,,,,-0.14148579709565395,0,
0,10,0.0,0.0,instrument_error,1468393837,1506969025,1468393837,rpoD,fabF,False,insufficient_data,alpA|basR|btsR|glaR|glrR|nsrR|ptrR|rcdA,0,,,,,0.18838505789213905,0,
0,10,0.0,0.0,instrument_error,1468393837,1506969025,1468393837,rpoD,fdx,False,insufficient_data,alpA|basR|btsR|glaR|glrR|nsrR|ptrR|rcdA,0,,,,,0.0923538454798399,0,
0,10,0.0,0.0,instrument_error,1468393837,1506969025,1468393837,rpoD,fmt,False,insufficient_data,alpA|basR|btsR|glaR|glrR|nsrR|ptrR|rcdA,0,,,,,-0.15675764879707565,0,
0,10,0.0,0.0,instrument_error,1468393837,1506969025,1468393837,rpoD,frr,False,insufficient_data,alpA|basR|btsR|glaR|glrR|nsrR|ptrR|rcdA,0,,,,,0.31320070718207205,0,
0,10,0.0,0.0,instrument_error,1468393837,1506969025,1468393837,rpoD,frsA,False,insufficient_data,alpA|basR|btsR|glaR|glrR|nsrR|ptrR|rcdA,0,,,,,-0.08584238908278632,0,
0,10,0.0,0.0,instrument_error,1468393837,1506969025,1468393837,rpoD,gcvA,False,insufficient_data,alpA|basR|btsR|glaR|glrR|nsrR|ptrR|rcdA,0,,,,,0.5392519320810402,0,
0,10,0.0,0.0,instrument_error,1468393837,1506969025,1468393837,rpoD,gcvR,False,insufficient_data,alpA|basR|btsR|glaR|glrR|nsrR|ptrR|rcdA,0,,,,,-0.2076328670225913,0,
0,10,0.0,0.0,instrument_error,1468393837,1506969025,1468393837,rpoD,glrK,False,insufficient_data,alpA|basR|btsR|glaR|glrR|nsrR|ptrR|rcdA,0,,,,,-0.19276722579638184,0,
0,10,0.0,0.0,instrument_error,1468393837,1506969025,1468393837,rpoD,glyQ,False,insufficient_data,alpA|basR|btsR|glaR|glrR|nsrR|ptrR|rcdA,0,,,,,0.1776567596802229,0,
0,10,0.0,0.0,instrument_error,1468393837,1506969025,1468393837,rpoD,glyS,False,insufficient_data,alpA|basR|btsR|glaR|glrR|nsrR|ptrR|rcdA,0,,,,,-0.16786871855789437,0,
0,10,0.0,0.0,instrument_error,1468393837,1506969025,1468393837,rpoD,glyV,False,insufficient_data,alpA|basR|btsR|glaR|glrR|nsrR|ptrR|rcdA,0,,,,,0.22874614957825332,0,
0,10,0.0,0.0,instrument_error,1468393837,1506969025,1468393837,rpoD,glyW,False,insufficient_data,alpA|basR|btsR|glaR|glrR|nsrR|ptrR|rcdA,0,,,,,-0.2320101469761887,0,
0,10,0.0,0.0,instrument_error,1468393837,1506969025,1468393837,rpoD,glyX,False,insufficient_data,alpA|basR|btsR|glaR|glrR|nsrR|ptrR|rcdA,0,,,,,-0.11140872416403509,0,
0,10,0.0,0.0,instrument_error,1468393837,1506969025,1468393837,rpoD,glyY,False,insufficient_data,alpA|basR|btsR|glaR|glrR|nsrR|ptrR|rcdA,0,,,,,0.17407864048733018,0,
0,10,0.0,0.0,instrument_error,1468393837,1506969025,1468393837,rpoD,gntR,False,insufficient_data,alpA|basR|btsR|glaR|glrR|nsrR|ptrR|rcdA,0,,,,,0.12077700285738892,0,
0,10,0.0,0.0,instrument_error,1468393837,1506969025,1468393837,rpoD,gph,False,insufficient_data,alpA|basR|btsR|glaR|glrR|nsrR|ptrR|rcdA,0,,,,,0.10218498892810646,0,
0,10,0.0,0.0,instrument_error,1468393837,1506969025,1468393837,rpoD,grxB,False,insufficient_data,alpA|basR|btsR|glaR|glrR|nsrR|ptrR|rcdA,0,,,,,-0.13556021816723315,0,
0,10,0.0,0.0,instrument_error,1468393837,1506969025,1468393837,rpoD,grxC,False,insufficient_data,alpA|basR|btsR|glaR|glrR|nsrR|ptrR|rcdA,0,,,,,-0.09940649516124497,0,
0,10,0.0,0.0,instrument_error,1468393837,1506969025,1468393837,rpoD,grxD,False,insufficient_data,alpA|basR|btsR|glaR|glrR|nsrR|ptrR|rcdA,0,,,,,0.11236740199150531,0,
0,10,0.0,0.0,instrument_error,1468393837,1506969025,1468393837,rpoD,gsk,False,insufficient_data,alpA|basR|btsR|glaR|glrR|nsrR|ptrR|rcdA,0,,,,,0.11323897379519633,0,
0,10,0.0,0.0,instrument_error,1468393837,1506969025,1468393837,rpoD,higA,False,insufficient_data,alpA|basR|btsR|glaR|glrR|nsrR|ptrR|rcdA,0,,,,,-0.23265475325227467,0,
0,10,0.0,0.0,instrument_error,1468393837,1506969025,1468393837,rpoD,higB,False,insufficient_data,alpA|basR|btsR|glaR|glrR|nsrR|ptrR|rcdA,0,,,,,-0.26237927473133954,0,
0,10,0.0,0.0,instrument_error,1468393837,1506969025,1468393837,rpoD,hisS,False,insufficient_data,alpA|basR|btsR|glaR|glrR|nsrR|ptrR|rcdA,0,,,,,0.18962240165742533,0,
0,10,0.0,0.0,instrument_error,1468393837,1506969025,1468393837,rpoD,hokD,False,insufficient_data,alpA|basR|btsR|glaR|glrR|nsrR|ptrR|rcdA,0,,,,,-0.28079814960232585,0,
0,10,0.0,0.0,instrument_error,1468393837,1506969025,1468393837,rpoD,hscA,False,insufficient_data,alpA|basR|btsR|glaR|glrR|nsrR|ptrR|rcdA,0,,,,,0.15697889126854755,0,
0,10,0.0,0.0,instrument_error,1468393837,1506969025,1468393837,rpoD,hscB,False,insufficient_data,alpA|basR|btsR|glaR|glrR|nsrR|ptrR|rcdA,0,,,,,0.33846297105566264,0,
0,10,0.0,0.0,instrument_error,1468393837,1506969025,1468393837,rpoD,ibsC,False,insufficient_data,alpA|basR|btsR|glaR|glrR|nsrR|ptrR|rcdA,0,,,,,-0.1358076316000848,0,
0,10,0.0,0.0,instrument_error,1468393837,1506969025,1468393837,rpoD,ibsD,False,insufficient_data,alpA|basR|btsR|glaR|glrR|nsrR|ptrR|rcdA,0,,,,,0.14027946687362633,0,
0,10,0.0,0.0,instrument_error,1468393837,1506969025,1468393837,rpoD,ileX,False,insufficient_data,alpA|basR|btsR|glaR|glrR|nsrR|ptrR|rcdA,0,,,,,-0.11022115637273963,0,
0,10,0.0,0.0,instrument_error,1468393837,1506969025,1468393837,rpoD,insD7,False,insufficient_data,alpA|basR|btsR|dicA|glaR|glrR|nsrR|ptrR|rcdA,0,,,,,-0.09724495592830489,0,
0,10,0.0,0.0,instrument_error,1468393837,1506969025,1468393837,rpoD,intQ,False,insufficient_data,alpA|basR|btsR|dicA|glaR|glrR|nsrR|ptrR|rcdA,0,,,,,-0.09810495787342555,0,
0,10,0.0,0.0,instrument_error,1468393837,1506969025,1468393837,rpoD,intS,False,insufficient_data,alpA|basR|btsR|glaR|glrR|nsrR|ptrR|rcdA,0,,,,,0.15714169516390974,0,
0,10,0.0,0.0,instrument_error,1468393837,1506969025,1468393837,rpoD,iscA,False,insufficient_data,alpA|basR|btsR|glaR|glrR|nsrR|ptrR|rcdA,0,,,,,-0.1575318543167893,0,
0,10,0.0,0.0,instrument_error,1468393837,1506969025,1468393837,rpoD,iscR,False,insufficient_data,alpA|basR|btsR|glaR|glrR|nsrR|ptrR|rcdA,0,,,,,0.19718454863081541,0,
0,10,0.0,0.0,instrument_error,1468393837,1506969025,1468393837,rpoD,iscS,False,insufficient_data,alpA|basR|btsR|glaR|glrR|nsrR|ptrR|rcdA,0,,,,,0.06278319390480971,0,
0,10,0.0,0.0,instrument_error,1468393837,1506969025,1468393837,rpoD,iscU,False,insufficient_data,alpA|basR|btsR|glaR|glrR|nsrR|ptrR|rcdA,0,,,,,0.12907852351870946,0,
0,10,0.0,0.0,instrument_error,1468393837,1506969025,1468393837,rpoD,iscX,False,insufficient_data,alpA|basR|btsR|glaR|glrR|nsrR|ptrR|rcdA,0,,,,,0.16768222375568956,0,
0,10,0.0,0.0,instrument_error,1468393837,1506969025,1468393837,rpoD,ispA,False,insufficient_data,alpA|basR|btsR|glaR|glrR|nsrR|ptrR|rcdA,0,,,,,-0.34259959043214655,0,
0,10,0.0,0.0,instrument_error,1468393837,1506969025,1468393837,rpoD,istR,False,insufficient_data,alpA|basR|btsR|glaR|glrR|nsrR|ptrR|rcdA,0,,,,,-0.19307160427022207,0,
0,10,0.0,0.0,instrument_error,1468393837,1506969025,1468393837,rpoD,kdpB,False,insufficient_data,alpA|basR|btsR|glaR|glrR|kdpE|nsrR|ptrR|rcdA,0,,,,,-0.26168121070815764,0,
0,10,0.0,0.0,instrument_error,1468393837,1506969025,1468393837,rpoD,kdpC,False,insufficient_data,alpA|basR|btsR|glaR|glrR|kdpE|nsrR|ptrR|rcdA,0,,,,,-0.16232551920347088,0,
0,10,0.0,0.0,instrument_error,1468393837,1506969025,1468393837,rpoD,kdpF,False,insufficient_data,alpA|basR|btsR|glaR|glrR|kdpE|nsrR|ptrR|rcdA,0,,,,,0.1336159709409146,0,
0,10,0.0,0.0,instrument_error,1468393837,1506969025,1468393837,rpoD,kdsB,False,insufficient_data,alpA|basR|btsR|glaR|glrR|nsrR|ptrR|rcdA,0,,,,,0.3211682538546721,0,
0,10,0.0,0.0,instrument_error,1468393837,1506969025,1468393837,rpoD,kdsC,False,insufficient_data,alpA|basR|btsR|glaR|glrR|nsrR|ptrR|rcdA,0,,,,,0.46568519055779733,0,
0,10,0.0,0.0,instrument_error,1468393837,1506969025,1468393837,rpoD,kdsD,False,insufficient_data,alpA|basR|btsR|glaR|glrR|nsrR|ptrR|rcdA,0,,,,,0.13623273545117048,0,
0,10,0.0,0.0,instrument_error,1468393837,1506969025,1468393837,rpoD,leuZ,False,insufficient_data,alpA|basR|btsR|glaR|glrR|nsrR|ptrR|rcdA,0,,,,,0.5536163080460127,0,
0,10,0.0,0.0,instrument_error,1468393837,1506969025,1468393837,rpoD,lgt,False,insufficient_data,alpA|basR|btsR|glaR|glrR|nsrR|ptrR|rcdA,0,,,,,-0.20939330395412706,0,
0,10,0.0,0.0,instrument_error,1468393837,1506969025,1468393837,rpoD,loiP,False,insufficient_data,alpA|basR|btsR|glaR|glrR|nsrR|ptrR|rcdA,0,,,,,-0.1483886312711523,0,
0,10,0.0,0.0,instrument_error,1468393837,1506969025,1468393837,rpoD,lptC,False,insufficient_data,alpA|basR|btsR|glaR|glrR|nsrR|ptrR|rcdA,0,,,,,0.08596005399235769,0,
0,10,0.0,0.0,instrument_error,1468393837,1506969025,1468393837,rpoD,lptM,False,insufficient_data,alpA|basR|btsR|glaR|glrR|nsrR|ptrR|rcdA,0,,,,,0.10253585093024037,0,
0,10,0.0,0.0,instrument_error,1468393837,1506969025,1468393837,rpoD,lpxT,False,insufficient_data,alpA|basR|btsR|glaR|glrR|nsrR|ptrR|rcdA,0,,,,,-0.17994400007106834,0,
0,10,0.0,0.0,instrument_error,1468393837,1506969025,1468393837,rpoD,mepH,False,insufficient_data,alpA|basR|btsR|glaR|glrR|nsrR|ptrR|rcdA,0,,,,,0.3792085091460175,0,
0,10,0.0,0.0,instrument_error,1468393837,1506969025,1468393837,rpoD,metG,False,insufficient_data,alpA|basR|btsR|glaR|glrR|nsrR|ptrR|rcdA,0,,,,,-0.1359750597559153,0,
0,10,0.0,0.0,instrument_error,1468393837,1506969025,1468393837,rpoD,metW,False,insufficient_data,alpA|basR|btsR|glaR|glrR|nsrR|ptrR|rcdA,0,,,,,0.12382168682483685,0,
0,10,0.0,0.0,instrument_error,1468393837,1506969025,1468393837,rpoD,metZ,False,insufficient_data,alpA|basR|btsR|glaR|glrR|nsrR|ptrR|rcdA,0,,,,,0.13845906163497146,0,
0,10,0.0,0.0,instrument_error,1468393837,1506969025,1468393837,rpoD,mfd,False,insufficient_data,alpA|basR|btsR|glaR|glrR|nsrR|ptrR|rcdA,0,,,,,0.13385157404529968,0,
0,10,0.0,0.0,instrument_error,1468393837,1506969025,1468393837,rpoD,mngR,False,insufficient_data,alpA|basR|btsR|glaR|glrR|nsrR|ptrR|rcdA,0,,,,,0.058396032238560214,0,
0,10,0.0,0.0,instrument_error,1468393837,1506969025,1468393837,rpoD,mprA,False,insufficient_data,alpA|basR|btsR|glaR|glrR|nsrR|ptrR|rcdA,0,,,,,-0.12481722696195978,0,
0,10,0.0,0.0,instrument_error,1468393837,1506969025,1468393837,rpoD,mrp,False,insufficient_data,alpA|basR|btsR|glaR|glrR|nsrR|ptrR|rcdA,0,,,,,-0.37551876236751114,0,
0,10,0.0,0.0,instrument_error,1468393837,1506969025,1468393837,rpoD,nadB,False,insufficient_data,alpA|basR|btsR|glaR|glrR|nadR|nsrR|ptrR|rcdA,0,,,,,0.1900610817698003,0,
0,10,0.0,0.0,instrument_error,1468393837,1506969025,1468393837,rpoD,nadE,False,insufficient_data,alpA|basR|btsR|glaR|glrR|nsrR|ptrR|rcdA,0,,,,,0.1435435553117698,0,
0,10,0.0,0.0,instrument_error,1468393837,1506969025,1468393837,rpoD,nei,False,insufficient_data,alpA|basR|btsR|glaR|glrR|nsrR|ptrR|rcdA,0,,,,,0.145844994128768,0,
0,10,0.0,0.0,instrument_error,1468393837,1506969025,1468393837,rpoD,nlpD,False,insufficient_data,alpA|basR|btsR|glaR|glrR|nsrR|ptrR|rcdA,0,,,,,-0.14015275631834778,0,
0,10,0.0,0.0,instrument_error,1468393837,1506969025,1468393837,rpoD,nnr,False,insufficient_data,alpA|basR|btsR|glaR|glrR|nsrR|ptrR|rcdA,0,,,,,-0.09769312117119056,0,
0,10,0.0,0.0,instrument_error,1468393837,1506969025,1468393837,rpoD,npr,False,insufficient_data,alpA|basR|btsR|glaR|glrR|nsrR|ptrR|rcdA,0,,,,,-0.14695346398581588,0,
0,10,0.0,0.0,instrument_error,1468393837,1506969025,1468393837,rpoD,nrdR,False,insufficient_data,alpA|basR|btsR|glaR|glrR|nsrR|ptrR|rcdA,0,,,,,-0.19653683914443182,0,
0,10,0.0,0.0,instrument_error,1468393837,1506969025,1468393837,rpoD,nudB,False,insufficient_data,alpA|basR|btsR|glaR|glrR|nsrR|ptrR|rcdA,0,,,,,-0.3394391747437388,0,
0,10,0.0,0.0,instrument_error,1468393837,1506969025,1468393837,rpoD,paaX,False,insufficient_data,alpA|basR|btsR|glaR|glrR|nsrR|ptrR|rcdA,0,,,,,-0.3554624225038078,0,
0,10,0.0,0.0,instrument_error,1468393837,1506969025,1468393837,rpoD,paaY,False,insufficient_data,alpA|basR|btsR|glaR|glrR|nsrR|ptrR|rcdA,0,,,,,-0.3133705022325006,0,
0,10,0.0,0.0,instrument_error,1468393837,1506969025,1468393837,rpoD,panB,False,insufficient_data,alpA|basR|btsR|glaR|glrR|nsrR|ptrR|rcdA,0,,,,,-0.08640146188883059,0,
0,10,0.0,0.0,instrument_error,1468393837,1506969025,1468393837,rpoD,panC,False,insufficient_data,alpA|basR|btsR|glaR|glrR|nsrR|ptrR|rcdA,0,,,,,-0.18004517711520368,0,
0,10,0.0,0.0,instrument_error,1468393837,1506969025,1468393837,rpoD,panD,False,insufficient_data,alpA|basR|btsR|glaR|glrR|nsrR|ptrR|rcdA,0,,,,,0.160483728539724,0,
0,10,0.0,0.0,instrument_error,1468393837,1506969025,1468393837,rpoD,panF,False,insufficient_data,alpA|basR|btsR|glaR|glrR|nsrR|ptrR|rcdA,0,,,,,0.45252134336246586,0,
0,10,0.0,0.0,instrument_error,1468393837,1506969025,1468393837,rpoD,pcm,False,insufficient_data,alpA|basR|btsR|glaR|glrR|nsrR|ptrR|rcdA,0,,,,,0.17453549702468538,0,
0,10,0.0,0.0,instrument_error,1468393837,1506969025,1468393837,rpoD,pdxJ,False,insufficient_data,alpA|basR|btsR|glaR|glrR|nsrR|ptrR|rcdA,0,,,,,-0.2207981931860777,0,
0,10,0.0,0.0,instrument_error,1468393837,1506969025,1468393837,rpoD,pepA,False,insufficient_data,alpA|basR|btsR|glaR|glrR|nsrR|ptrR|rcdA,0,,,,,-0.11597089686347603,0,
0,10,0.0,0.0,instrument_error,1468393837,1506969025,1468393837,rpoD,pepP,False,insufficient_data,alpA|basR|btsR|glaR|glrR|nsrR|ptrR|rcdA,0,,,,,0.16672559283988828,0,
0,10,0.0,0.0,instrument_error,1468393837,1506969025,1468393837,rpoD,pflA,False,insufficient_data,alpA|basR|btsR|glaR|glrR|nsrR|ptrR|rcdA,0,,,,,0.1416236746046214,0,
0,10,0.0,0.0,instrument_error,1468393837,1506969025,1468393837,rpoD,pgpB,False,insufficient_data,alpA|basR|btsR|glaR|glrR|nsrR|ptrR|rcdA,0,,,,,-0.186107528766038,0,
0,10,0.0,0.0,instrument_error,1468393837,1506969025,1468393837,rpoD,pheA,False,insufficient_data,alpA|basR|btsR|glaR|glrR|nsrR|ptrR|rcdA,0,,,,,0.07049219368108563,0,
0,10,0.0,0.0,instrument_error,1468393837,1506969025,1468393837,rpoD,pheL,False,insufficient_data,alpA|basR|btsR|glaR|glrR|nsrR|ptrR|rcdA,0,,,,,0.06511030691159694,0,
0,10,0.0,0.0,instrument_error,1468393837,1506969025,1468393837,rpoD,pheP,False,insufficient_data,alpA|basR|btsR|glaR|glrR|nsrR|ptrR|rcdA,0,,,,,-0.4068415572212864,0,
0,10,0.0,0.0,instrument_error,1468393837,1506969025,1468393837,rpoD,plsX,False,insufficient_data,alpA|basR|btsR|glaR|glrR|nsrR|ptrR|rcdA,0,,,,,-0.2659718482666479,0,
0,10,0.0,0.0,instrument_error,1468393837,1506969025,1468393837,rpoD,pntB,False,insufficient_data,alpA|basR|btsR|glaR|glrR|nsrR|ptrR|rcdA,0,,,,,0.12645144840697642,0,
0,10,0.0,0.0,instrument_error,1468393837,1506969025,1468393837,rpoD,prmA,False,insufficient_data,alpA|basR|btsR|glaR|glrR|nsrR|ptrR|rcdA,0,,,,,0.15066681381942185,0,
0,10,0.0,0.0,instrument_error,1468393837,1506969025,1468393837,rpoD,proS,False,insufficient_data,alpA|basR|btsR|glaR|glrR|nsrR|ptrR|rcdA,0,,,,,-0.7452403216448639,0,
0,10,0.0,0.0,instrument_error,1468393837,1506969025,1468393837,rpoD,pspF,False,insufficient_data,alpA|basR|btsR|glaR|glrR|nsrR|ptrR|rcdA,0,,,,,0.17164234383991758,0,
0,10,0.0,0.0,instrument_error,1468393837,1506969025,1468393837,rpoD,pssA,False,insufficient_data,alpA|basR|btsR|glaR|glrR|nsrR|ptrR|rcdA,0,,,,,0.07322011924629926,0,
0,10,0.0,0.0,instrument_error,1468393837,1506969025,1468393837,rpoD,pth,False,insufficient_data,alpA|basR|btsR|glaR|glrR|nsrR|ptrR|rcdA,0,,,,,-0.08692177855634206,0,
0,10,0.0,0.0,instrument_error,1468393837,1506969025,1468393837,rpoD,purU,False,insufficient_data,alpA|basR|btsR|glaR|glrR|nsrR|ptrR|rcdA,0,,,,,0.1637491873076072,0,
0,10,0.0,0.0,instrument_error,1468393837,1506969025,1468393837,rpoD,pyrH,False,insufficient_data,alpA|basR|btsR|glaR|glrR|nsrR|ptrR|rcdA,0,,,,,-0.12993024031700165,0,
0,10,0.0,0.0,instrument_error,1468393837,1506969025,1468393837,rpoD,rbn,False,insufficient_data,alpA|basR|btsR|glaR|glrR|nsrR|ptrR|rcdA,0,,,,,0.28110004727843746,0,
0,10,0.0,0.0,instrument_error,1468393837,1506969025,1468393837,rpoD,rcnR,False,insufficient_data,alpA|basR|btsR|glaR|glrR|nsrR|ptrR|rcdA,0,,,,,-0.19781996907998667,0,
0,10,0.0,0.0,instrument_error,1468393837,1506969025,1468393837,rpoD,recO,False,insufficient_data,alpA|basR|btsR|glaR|glrR|nsrR|ptrR|rcdA,0,,,,,-0.04260679422873474,0,
0,10,0.0,0.0,instrument_error,1468393837,1506969025,1468393837,rpoD,relB,False,insufficient_data,alpA|basR|btsR|glaR|glrR|nsrR|ptrR|rcdA,0,,,,,-0.080859088685975,0,
0,10,0.0,0.0,instrument_error,1468393837,1506969025,1468393837,rpoD,relE,False,insufficient_data,alpA|basR|btsR|glaR|glrR|nsrR|ptrR|rcdA,0,,,,,-0.22837395855776968,0,
0,10,0.0,0.0,instrument_error,1468393837,1506969025,1468393837,rpoD,rffC,False,insufficient_data,alpA|basR|btsR|glaR|glrR|nsrR|ptrR|rcdA,0,,,,,-0.1113995134269596,0,
0,10,0.0,0.0,instrument_error,1468393837,1506969025,1468393837,rpoD,rffG,False,insufficient_data,alpA|basR|btsR|glaR|glrR|nsrR|ptrR|rcdA,0,,,,,-0.30158248215605343,0,
0,10,0.0,0.0,instrument_error,1468393837,1506969025,1468393837,rpoD,rffH,False,insufficient_data,alpA|basR|btsR|glaR|glrR|nsrR|ptrR|rcdA,0,,,,,0.13618635596215667,0,
0,10,0.0,0.0,instrument_error,1468393837,1506969025,1468393837,rpoD,rffM,False,insufficient_data,alpA|basR|btsR|glaR|glrR|nsrR|ptrR|rcdA,0,,,,,0.5337552748633819,0,
0,10,0.0,0.0,instrument_error,1468393837,1506969025,1468393837,rpoD,ribD,False,insufficient_data,alpA|basR|btsR|glaR|glrR|nsrR|ptrR|rcdA,0,,,,,0.1215119669861441,0,
0,10,0.0,0.0,instrument_error,1468393837,1506969025,1468393837,rpoD,ribF,False,insufficient_data,alpA|basR|btsR|glaR|glrR|nsrR|ptrR|rcdA,0,,,,,0.24644619523202713,0,
0,10,0.0,0.0,instrument_error,1468393837,1506969025,1468393837,rpoD,rihB,False,insufficient_data,alpA|basR|btsR|glaR|glrR|nsrR|ptrR|rcdA,0,,,,,0.23349331611370175,0,
0,10,0.0,0.0,instrument_error,1468393837,1506969025,1468393837,rpoD,rluA,False,insufficient_data,alpA|basR|btsR|glaR|glrR|nsrR|ptrR|rcdA,0,,,,,0.11745694108090327,0,
0,10,0.0,0.0,instrument_error,1468393837,1506969025,1468393837,rpoD,rnb,False,insufficient_data,alpA|basR|btsR|glaR|glrR|nsrR|ptrR|rcdA,0,,,,,-0.11970070553897207,0,
0,10,0.0,0.0,instrument_error,1468393837,1506969025,1468393837,rpoD,rnc,False,insufficient_data,alpA|basR|btsR|glaR|glrR|nsrR|ptrR|rcdA,0,,,,,0.1613609495659,0,
0,10,0.0,0.0,instrument_error,1468393837,1506969025,1468393837,rpoD,rnd,False,insufficient_data,alpA|basR|btsR|glaR|glrR|nsrR|ptrR|rcdA,0,,,,,0.1031281490946738,0,
0,10,0.0,0.0,instrument_error,1468393837,1506969025,1468393837,rpoD,rne,False,insufficient_data,alpA|basR|btsR|glaR|glrR|nsrR|ptrR|rcdA,0,,,,,-0.1019166776300825,0,
0,10,0.0,0.0,instrument_error,1468393837,1506969025,1468393837,rpoD,rnt,False,insufficient_data,alpA|basR|btsR|glaR|glrR|nsrR|ptrR|rcdA,0,,,,,-0.1895884238562894,0,
0,10,0.0,0.0,instrument_error,1468393837,1506969025,1468393837,rpoD,rpe,False,insufficient_data,alpA|basR|btsR|glaR|glrR|nsrR|ptrR|rcdA,0,,,,,0.08039637887850817,0,
0,10,0.0,0.0,instrument_error,1468393837,1506969025,1468393837,rpoD,rpsB,False,insufficient_data,alpA|basR|btsR|glaR|glrR|nsrR|ptrR|rcdA,0,,,,,0.13878815314630494,0,
0,10,0.0,0.0,instrument_error,1468393837,1506969025,1468393837,rpoD,rraB,False,insufficient_data,alpA|basR|btsR|glaR|glrR|nsrR|ptrR|rcdA,0,,,,,-0.05330063978066324,0,
0,10,0.0,0.0,instrument_error,1468393837,1506969025,1468393837,rpoD,ruvC,False,insufficient_data,alpA|basR|btsR|glaR|glrR|nsrR|ptrR|rcdA,0,,,,,0.09105497408726891,0,
0,10,0.0,0.0,instrument_error,1468393837,1506969025,1468393837,rpoD,serU,False,insufficient_data,alpA|basR|btsR|glaR|glrR|nsrR|ptrR|rcdA,0,,,,,-0.1203049498823268,0,
0,10,0.0,0.0,instrument_error,1468393837,1506969025,1468393837,rpoD,serV,False,insufficient_data,alpA|basR|btsR|glaR|glrR|nsrR|ptrR|rcdA,0,,,,,-0.3337544053504436,0,
0,10,0.0,0.0,instrument_error,1468393837,1506969025,1468393837,rpoD,serW,False,insufficient_data,alpA|basR|btsR|glaR|glrR|nsrR|ptrR|rcdA,0,,,,,0.12281746981780588,0,
0,10,0.0,0.0,instrument_error,1468393837,1506969025,1468393837,rpoD,slmA,False,insufficient_data,alpA|basR|btsR|glaR|glrR|nsrR|ptrR|rcdA,0,,,,,-0.2846749930057887,0,
0,10,0.0,0.0,instrument_error,1468393837,1506969025,1468393837,rpoD,speD,False,insufficient_data,alpA|basR|btsR|glaR|glrR|nsrR|ptrR|rcdA,0,,,,,0.3778884708543653,0,
0,10,0.0,0.0,instrument_error,1468393837,1506969025,1468393837,rpoD,speE,False,insufficient_data,alpA|basR|btsR|glaR|glrR|nsrR|ptrR|rcdA,0,,,,,-0.2529047133457095,0,
0,10,0.0,0.0,instrument_error,1468393837,1506969025,1468393837,rpoD,tatA,False,insufficient_data,alpA|basR|btsR|glaR|glrR|nsrR|ptrR|rcdA,0,,,,,0.09948448345036787,0,
0,10,0.0,0.0,instrument_error,1468393837,1506969025,1468393837,rpoD,tatB,False,insufficient_data,alpA|basR|btsR|glaR|glrR|nsrR|ptrR|rcdA,0,,,,,-0.20937197451588418,0,
0,10,0.0,0.0,instrument_error,1468393837,1506969025,1468393837,rpoD,tatC,False,insufficient_data,alpA|basR|btsR|glaR|glrR|nsrR|ptrR|rcdA,0,,,,,0.45446247665859907,0,
0,10,0.0,0.0,instrument_error,1468393837,1506969025,1468393837,rpoD,tatD,False,insufficient_data,alpA|basR|btsR|glaR|glrR|nsrR|ptrR|rcdA,0,,,,,0.2422599290701626,0,
0,10,0.0,0.0,instrument_error,1468393837,1506969025,1468393837,rpoD,thyA,False,insufficient_data,alpA|basR|btsR|glaR|glrR|nsrR|ptrR|rcdA,0,,,,,0.19222870303071998,0,
0,10,0.0,0.0,instrument_error,1468393837,1506969025,1468393837,rpoD,trpA,False,insufficient_data,alpA|basR|btsR|glaR|glrR|nsrR|ptrR|rcdA,0,,,,,-0.1906690737926942,0,
0,10,0.0,0.0,instrument_error,1468393837,1506969025,1468393837,rpoD,trpB,False,insufficient_data,alpA|basR|btsR|glaR|glrR|nsrR|ptrR|rcdA,0,,,,,-0.1693139251357302,0,
0,10,0.0,0.0,instrument_error,1468393837,1506969025,1468393837,rpoD,trpC,False,insufficient_data,alpA|basR|btsR|glaR|glrR|nsrR|ptrR|rcdA,0,,,,,0.26255112072583364,0,
0,10,0.0,0.0,instrument_error,1468393837,1506969025,1468393837,rpoD,trpD,False,insufficient_data,alpA|basR|btsR|glaR|glrR|nsrR|ptrR|rcdA,0,,,,,-0.1862461369632618,0,
0,10,0.0,0.0,instrument_error,1468393837,1506969025,1468393837,rpoD,trpE,False,insufficient_data,alpA|basR|btsR|glaR|glrR|nsrR|ptrR|rcdA,0,,,,,0.2106215087826519,0,
0,10,0.0,0.0,instrument_error,1468393837,1506969025,1468393837,rpoD,trpL,False,insufficient_data,alpA|basR|btsR|glaR|glrR|nsrR|ptrR|rcdA,0,,,,,-0.09086377326320771,0,
0,10,0.0,0.0,instrument_error,1468393837,1506969025,1468393837,rpoD,trpR,False,insufficient_data,alpA|basR|btsR|glaR|glrR|nsrR|ptrR|rcdA,0,,,,,-0.1670047159308574,0,
0,10,0.0,0.0,instrument_error,1468393837,1506969025,1468393837,rpoD,trpS,False,insufficient_data,alpA|basR|btsR|glaR|glrR|nsrR|ptrR|rcdA,0,,,,,0.1346971186971543,0,
0,10,0.0,0.0,instrument_error,1468393837,1506969025,1468393837,rpoD,tsaE,False,insufficient_data,alpA|basR|btsR|glaR|glrR|nsrR|ptrR|rcdA,0,,,,,0.2179681592065489,0,
0,10,0.0,0.0,instrument_error,1468393837,1506969025,1468393837,rpoD,tsf,False,insufficient_data,alpA|basR|btsR|glaR|glrR|nsrR|ptrR|rcdA,0,,,,,0.2892440951309189,0,
0,10,0.0,0.0,instrument_error,1468393837,1506969025,1468393837,rpoD,ubiH,False,insufficient_data,alpA|basR|btsR|glaR|glrR|nsrR|ptrR|rcdA,0,,,,,-0.0961145688652943,0,
0,10,0.0,0.0,instrument_error,1468393837,1506969025,1468393837,rpoD,ubiI,False,insufficient_data,alpA|basR|btsR|glaR|glrR|nsrR|ptrR|rcdA,0,,,,,0.4089180088126059,0,
0,10,0.0,0.0,instrument_error,1468393837,1506969025,1468393837,rpoD,uidR,False,insufficient_data,alpA|basR|btsR|glaR|glrR|nsrR|ptrR|rcdA,0,,,,,0.1744114945738566,0,
0,10,0.0,0.0,instrument_error,1468393837,1506969025,1468393837,rpoD,umpG,False,insufficient_data,alpA|basR|btsR|glaR|glrR|nsrR|ptrR|rcdA,0,,,,,0.17573284372583933,0,
0,10,0.0,0.0,instrument_error,1468393837,1506969025,1468393837,rpoD,valV,False,insufficient_data,alpA|basR|btsR|glaR|glrR|nsrR|ptrR|rcdA,0,,,,,-0.05610509218928423,0,
0,10,0.0,0.0,instrument_error,1468393837,1506969025,1468393837,rpoD,valW,False,insufficient_data,alpA|basR|btsR|glaR|glrR|nsrR|ptrR|rcdA,0,,,,,0.1503557707172691,0,
0,10,0.0,0.0,instrument_error,1468393837,1506969025,1468393837,rpoD,waaB,False,insufficient_data,alpA|basR|btsR|glaR|glrR|nsrR|ptrR|rcdA,0,,,,,-0.18370310011556992,0,
0,10,0.0,0.0,instrument_error,1468393837,1506969025,1468393837,rpoD,waaJ,False,insufficient_data,alpA|basR|btsR|glaR|glrR|nsrR|ptrR|rcdA,0,,,,,0.28380691568438887,0,
0,10,0.0,0.0,instrument_error,1468393837,1506969025,1468393837,rpoD,waaO,False,insufficient_data,alpA|basR|btsR|glaR|glrR|nsrR|ptrR|rcdA,0,,,,,-0.2159132383816601,0,
0,10,0.0,0.0,instrument_error,1468393837,1506969025,1468393837,rpoD,waaP,False,insufficient_data,alpA|basR|btsR|glaR|glrR|nsrR|ptrR|rcdA|yiaU,0,,,,,-0.12798256905524527,0,
0,10,0.0,0.0,instrument_error,1468393837,1506969025,1468393837,rpoD,waaQ,False,insufficient_data,alpA|basR|btsR|glaR|glrR|nsrR|ptrR|rcdA,0,,,,,0.215747418578203,0,
0,10,0.0,0.0,instrument_error,1468393837,1506969025,1468393837,rpoD,waaS,False,insufficient_data,alpA|basR|btsR|glaR|glrR|nsrR|ptrR|rcdA,0,,,,,0.14423313120482362,0,
0,10,0.0,0.0,instrument_error,1468393837,1506969025,1468393837,rpoD,waaU,False,insufficient_data,alpA|basR|btsR|glaR|glrR|nsrR|ptrR|rcdA,0,,,,,0.19755934088563232,0,
0,10,0.0,0.0,instrument_error,1468393837,1506969025,1468393837,rpoD,wecC,False,insufficient_data,alpA|basR|btsR|glaR|glrR|nsrR|ptrR|rcdA,0,,,,,-0.15382397104062728,0,
0,10,0.0,0.0,instrument_error,1468393837,1506969025,1468393837,rpoD,wecE,False,insufficient_data,alpA|basR|btsR|glaR|glrR|nsrR|ptrR|rcdA,0,,,,,0.08696005241053889,0,
0,10,0.0,0.0,instrument_error,1468393837,1506969025,1468393837,rpoD,wecF,False,insufficient_data,alpA|basR|btsR|glaR|glrR|nsrR|ptrR|rcdA,0,,,,,0.36402401357953973,0,
0,10,0.0,0.0,instrument_error,1468393837,1506969025,1468393837,rpoD,wzxE,False,insufficient_data,alpA|basR|btsR|glaR|glrR|nsrR|ptrR|rcdA,0,,,,,-0.17461365973576107,0,
0,10,0.0,0.0,instrument_error,1468393837,1506969025,1468393837,rpoD,wzyE,False,insufficient_data,alpA|basR|btsR|glaR|glrR|nsrR|ptrR|rcdA,0,,,,,0.20794541461718433,0,
0,10,0.0,0.0,instrument_error,1468393837,1506969025,1468393837,rpoD,xerC,False,insufficient_data,alpA|basR|btsR|glaR|glrR|nsrR|ptrR|rcdA,0,,,,,0.18422601878758169,0,
0,10,0.0,0.0,instrument_error,1468393837,1506969025,1468393837,rpoD,xseB,False,insufficient_data,alpA|basR|btsR|glaR|glrR|nsrR|ptrR|rcdA,0,,,,,-0.36087569102622774,0,
0,10,0.0,0.0,instrument_error,1468393837,1506969025,1468393837,rpoD,xtpA,False,insufficient_data,alpA|basR|btsR|glaR|glrR|nsrR|ptrR|rcdA,0,,,,,-0.16784991727599144,0,
0,10,0.0,0.0,instrument_error,1468393837,1506969025,1468393837,rpoD,yacC,False,insufficient_data,alpA|basR|btsR|glaR|glrR|nsrR|ptrR|rcdA,0,,,,,-0.1525264362103,0,
0,10,0.0,0.0,instrument_error,1468393837,1506969025,1468393837,rpoD,yagK,False,insufficient_data,alpA|basR|btsR|glaR|glrR|nsrR|ptrR|rcdA,0,,,,,0.07986457604078218,0,
0,10,0.0,0.0,instrument_error,1468393837,1506969025,1468393837,rpoD,yajG,False,insufficient_data,alpA|basR|btsR|glaR|glrR|nsrR|ptrR|rcdA,0,,,,,0.07125626074721367,0,
0,10,0.0,0.0,instrument_error,1468393837,1506969025,1468393837,rpoD,ybhF,False,insufficient_data,alpA|basR|btsR|glaR|glrR|nsrR|ptrR|rcdA,0,,,,,0.178919479852197,0,
0,10,0.0,0.0,instrument_error,1468393837,1506969025,1468393837,rpoD,ybhG,False,insufficient_data,alpA|basR|btsR|glaR|glrR|nsrR|ptrR|rcdA,0,,,,,-0.09253414368160028,0,
0,10,0.0,0.0,instrument_error,1468393837,1506969025,1468393837,rpoD,ybhR,False,insufficient_data,alpA|basR|btsR|glaR|glrR|nsrR|ptrR|rcdA,0,,,,,0.33110646465157045,0,
0,10,0.0,0.0,instrument_error,1468393837,1506969025,1468393837,rpoD,ybhS,False,insufficient_data,alpA|basR|btsR|glaR|glrR|nsrR|ptrR|rcdA,0,,,,,-0.21218920078340883,0,
0,10,0.0,0.0,instrument_error,1468393837,1506969025,1468393837,rpoD,ycaR,False,insufficient_data,alpA|basR|btsR|glaR|glrR|nsrR|ptrR|rcdA,0,,,,,-0.19844066509871588,0,
0,10,0.0,0.0,instrument_error,1468393837,1506969025,1468393837,rpoD,ychQ,False,insufficient_data,alpA|basR|btsR|glaR|glrR|nsrR|ptrR|rcdA,0,,,,,0.32763925876055894,0,
0,10,0.0,0.0,instrument_error,1468393837,1506969025,1468393837,rpoD,yciB,False,insufficient_data,alpA|basR|btsR|glaR|glrR|nsrR|ptrR|rcdA,0,,,,,-0.20028956568156278,0,
0,10,0.0,0.0,instrument_error,1468393837,1506969025,1468393837,rpoD,yciC,False,insufficient_data,alpA|basR|btsR|glaR|glrR|nsrR|ptrR|rcdA,0,,,,,0.15765928025072481,0,
0,10,0.0,0.0,instrument_error,1468393837,1506969025,1468393837,rpoD,ydeI,False,insufficient_data,alpA|basR|btsR|glaR|glrR|nsrR|ptrR|rcdA,0,,,,,0.35030774297315814,0,
0,10,0.0,0.0,instrument_error,1468393837,1506969025,1468393837,rpoD,ydfA,False,insufficient_data,alpA|basR|btsR|glaR|glrR|nsrR|ptrR|rcdA,0,,,,,-0.10675041170069585,0,
0,10,0.0,0.0,instrument_error,1468393837,1506969025,1468393837,rpoD,ydfB,False,insufficient_data,alpA|basR|btsR|glaR|glrR|nsrR|ptrR|rcdA,0,,,,,-0.0785759575206848,0,
0,10,0.0,0.0,instrument_error,1468393837,1506969025,1468393837,rpoD,ydfC,False,insufficient_data,alpA|basR|btsR|glaR|glrR|nsrR|ptrR|rcdA,0,,,,,-0.1333516721604636,0,
0,10,0.0,0.0,instrument_error,1468393837,1506969025,1468393837,rpoD,ydfD,False,insufficient_data,alpA|basR|btsR|dicA|glaR|glrR|nsrR|ptrR|rcdA,0,,,,,0.1828123070703709,0,
0,10,0.0,0.0,instrument_error,1468393837,1506969025,1468393837,rpoD,ydfW,False,insufficient_data,alpA|basR|btsR|dicA|glaR|glrR|nsrR|ptrR|rcdA,0,,,,,0.20012407487858344,0,
0,10,0.0,0.0,instrument_error,1468393837,1506969025,1468393837,rpoD,ydfX,False,insufficient_data,alpA|basR|btsR|dicA|glaR|glrR|nsrR|ptrR|rcdA,0,,,,,-0.20195757434312445,0,
0,10,0.0,0.0,instrument_error,1468393837,1506969025,1468393837,rpoD,yebB,False,insufficient_data,alpA|basR|btsR|glaR|glrR|nsrR|ptrR|rcdA,0,,,,,0.2543878807488164,0,
0,10,0.0,0.0,instrument_error,1468393837,1506969025,1468393837,rpoD,yebC,False,insufficient_data,alpA|basR|btsR|glaR|glrR|nsrR|ptrR|rcdA,0,,,,,-0.24188085749187332,0,
0,10,0.0,0.0,instrument_error,1468393837,1506969025,1468393837,rpoD,ygfB,False,insufficient_data,alpA|basR|btsR|glaR|glrR|nsrR|ptrR|rcdA,0,,,,,0.1566896651947184,0,
0,10,0.0,0.0,instrument_error,1468393837,1506969025,1468393837,rpoD,yhaV,False,insufficient_data,alpA|basR|btsR|glaR|glrR|nsrR|ptrR|rcdA,0,,,,,-0.18280466233983972,0,
0,10,0.0,0.0,instrument_error,1468393837,1506969025,1468393837,rpoD,yhdT,False,insufficient_data,alpA|basR|btsR|glaR|glrR|nsrR|ptrR|rcdA,0,,,,,-0.18370747076917943,0,
0,10,0.0,0.0,instrument_error,1468393837,1506969025,1468393837,rpoD,yhjX,False,insufficient_data,alpA|basR|btsR|glaR|glrR|nsrR|ptrR|pyrR|rcdA,0,,,,,-0.13185406906830222,0,
0,10,0.0,0.0,instrument_error,1468393837,1506969025,1468393837,rpoD,yigA,False,insufficient_data,alpA|basR|btsR|glaR|glrR|nsrR|ptrR|rcdA,0,,,,,-0.21149679917250425,0,
0,10,0.0,0.0,instrument_error,1468393837,1506969025,1468393837,rpoD,yigB,False,insufficient_data,alpA|basR|btsR|glaR|glrR|nsrR|ptrR|rcdA,0,,,,,-0.1764891839877933,0,
0,10,0.0,0.0,instrument_error,1468393837,1506969025,1468393837,rpoD,yihI,False,insufficient_data,alpA|basR|btsR|glaR|glrR|nsrR|ptrR|rcdA,0,,,,,-0.09414708657421732,0,
0,10,0.0,0.0,instrument_error,1468393837,1506969025,1468393837,rpoD,ykgM,False,insufficient_data,alpA|basR|btsR|glaR|glrR|nsrR|ptrR|rcdA|zur,0,,,,,0.16671116980679854,0,
0,10,0.0,0.0,instrument_error,1468393837,1506969025,1468393837,rpoD,ykgO,False,insufficient_data,alpA|basR|btsR|glaR|glrR|nsrR|ptrR|rcdA|zur,0,,,,,0.10348548509408904,0,
0,10,0.0,0.0,instrument_error,1468393837,1506969025,1468393837,rpoD,yliM,False,insufficient_data,alpA|basR|btsR|glaR|glrR|nsrR|ptrR|rcdA,0,,,,,-0.0937978450522069,0,
0,10,0.0,0.0,instrument_error,1468393837,1506969025,1468393837,rpoD,yoaE,False,insufficient_data,alpA|basR|btsR|glaR|glrR|nsrR|ptrR|rcdA,0,,,,,0.0670741201754464,0,
0,10,0.0,0.0,instrument_error,1468393837,1506969025,1468393837,rpoD,yqhD,False,insufficient_data,alpA|basR|btsR|glaR|glrR|nsrR|ptrR|rcdA|yqhC,0,,,,,-0.13295812536132784,0,
0,10,0.0,0.0,instrument_error,1468393837,1506969025,1468393837,rpoD,yrbG,False,insufficient_data,alpA|basR|btsR|glaR|glrR|nsrR|ptrR|rcdA,0,,,,,-0.14617230967780584,0,
0,10,0.0,0.0,instrument_error,1468393837,1506969025,1468393837,rpoD,yrbN,False,insufficient_data,alpA|basR|btsR|glaR|glrR|nsrR|ptrR|rcdA,0,,,,,0.10711934688691761,0,
0,10,0.0,0.0,instrument_error,1468393837,1506969025,1468393837,rpsD,rplQ,False,insufficient_data,dksA|rpoD,0,,,,,0.356619454804491,0,
0,10,0.0,0.0,instrument_error,1468393837,1506969025,1468393837,rpsD,rpsK,False,insufficient_data,dksA|rpoD,0,,,,,0.08656152686254523,0,
0,10,0.0,0.0,instrument_error,1468393837,1506969025,1468393837,rpsD,rpsM,False,insufficient_data,dksA|rpoD,0,,,,,0.1483484542008061,0,
0,10,0.0,0.0,instrument_error,1468393837,1506969025,1468393837,rpsG,fusA,False,insufficient_data,dksA|rpoE,0,,,,,0.276617946914062,0,
0,10,0.0,0.0,instrument_error,1468393837,1506969025,1468393837,rpsG,rpsL,False,insufficient_data,dksA,0,,,,,-0.12988106980890604,0,
0,10,0.0,0.0,instrument_error,1468393837,1506969025,1468393837,rpsG,tufA,False,insufficient_data,dksA|rpoD|rpoE,0,,,,,-0.25905301837471967,0,
0,10,0.0,0.0,instrument_error,1468393837,1506969025,1468393837,rpsH,rplE,False,insufficient_data,dksA|lrp,0,,,,,0.12224178145118292,0,
0,10,0.0,0.0,instrument_error,1468393837,1506969025,1468393837,rpsH,rplF,False,insufficient_data,dksA|lrp,0,,,,,-0.16637018103746865,0,
0,10,0.0,0.0,instrument_error,1468393837,1506969025,1468393837,rpsH,rplN,False,insufficient_data,dksA|lrp,0,,,,,0.09600936624225812,0,
0,10,0.0,0.0,instrument_error,1468393837,1506969025,1468393837,rpsH,rplO,False,insufficient_data,dksA|lrp,0,,,,,-0.17884353423831467,0,
0,10,0.0,0.0,instrument_error,1468393837,1506969025,1468393837,rpsH,rplR,False,insufficient_data,dksA|lrp,0,,,,,0.4311679518193287,0,
0,10,0.0,0.0,instrument_error,1468393837,1506969025,1468393837,rpsH,rplX,False,insufficient_data,dksA|lrp,0,,,,,-0.09854892820919459,0,
0,10,0.0,0.0,instrument_error,1468393837,1506969025,1468393837,rpsH,rpmD,False,insufficient_data,dksA|lrp,0,,,,,-0.37302335331956804,0,
0,10,0.0,0.0,instrument_error,1468393837,1506969025,1468393837,rpsH,rpmJ,False,insufficient_data,dksA|lrp,0,,,,,-0.3807215338634763,0,
0,10,0.0,0.0,instrument_error,1468393837,1506969025,1468393837,rpsH,rpsE,False,insufficient_data,dksA|lrp,0,,,,,0.4030073587537336,0,
0,10,0.0,0.0,instrument_error,1468393837,1506969025,1468393837,rpsH,rpsN,False,insufficient_data,dksA|lrp,0,,,,,-0.36096989796713513,0,
0,10,0.0,0.0,instrument_error,1468393837,1506969025,1468393837,rpsH,secY,False,insufficient_data,dksA|lrp,0,,,,,-0.33224062931862114,0,
0,10,0.0,0.0,instrument_error,1468393837,1506969025,1468393837,sgrR,alaC,False,insufficient_data,dksA|nac|rpoD,0,,,,,-0.2969831008430808,0,
0,10,0.0,0.0,instrument_error,1468393837,1506969025,1468393837,sgrR,setA,False,insufficient_data,cra|dksA|rpoD|rpoS,0,,,,,-0.10154561593259125,0,
0,10,0.0,0.0,instrument_error,1468393837,1506969025,1468393837,sgrR,sgrT,False,insufficient_data,cra|dksA|rpoD|rpoS,0,,,,,-0.07670449399609648,0,
0,10,0.0,0.0,instrument_error,1468393837,1506969025,1468393837,sgrR,thiB,False,insufficient_data,dksA|rpoD,0,,,,,-0.127650472686824,0,
0,10,0.0,0.0,instrument_error,1468393837,1506969025,1468393837,sgrR,thiP,False,insufficient_data,dksA|rpoD,0,,,,,0.3694709164581986,0,
0,10,0.0,0.0,instrument_error,1468393837,1506969025,1468393837,sgrR,thiQ,False,insufficient_data,dksA|rpoD,0,,,,,-0.20136258884509597,0,
0,10,0.0,0.0,instrument_error,1468393837,1506969025,1468393837,dsdC,dsdA,False,insufficient_data,crp|nsrR|rpoD,0,,,,,0.06443937290203892,0,
0,10,0.0,0.0,instrument_error,1468393837,1506969025,1468393837,dsdC,dsdX,False,insufficient_data,crp|nsrR|rpoD,0,,,,,-0.15403627621662255,0,
0,10,0.0,0.0,instrument_error,1468393837,1506969025,1468393837,ebgR,ebgA,False,insufficient_data,crp|rpoD,0,,,,,-0.08613401034960437,0,
0,10,0.0,0.0,instrument_error,1468393837,1506969025,1468393837,ebgR,ebgC,False,insufficient_data,crp|rpoD|spf,0,,,,,0.19336272491988724,0,
0,10,0.0,0.0,instrument_error,1468393837,1506969025,1468393837,envR,acrA,False,insufficient_data,acrR|marA|mprA|phoP|ptrR|rob|rpoD|soxS,0,,,,,-0.18693152467687302,0,
0,10,0.0,0.0,instrument_error,1468393837,1506969025,1468393837,envR,acrB,False,insufficient_data,acrR|marA|mprA|phoP|ptrR|rob|rpoD|soxS,0,,,,,0.10924523142125925,0,
0,10,0.0,0.0,instrument_error,1468393837,1506969025,1468393837,envY,ompC,False,insufficient_data,cpxR|ihfA|ihfB|lrp|ompR|rpoD|yjjQ,0,,,,,-0.169042562648255,0,
0,10,0.0,0.0,instrument_error,1468393837,1506969025,1468393837,envY,ompF,False,insufficient_data,cpxR|crp|fur|ihfA|ihfB|nac|ompR|phoB|rpoD|rpoS|rstA,0,,,,,-0.2790520555562053,0,
0,10,0.0,0.0,instrument_error,1468393837,1506969025,1468393837,fabR,fabA,False,insufficient_data,fadR|rpoD,0,,,,,0.22121145924062385,0,
0,10,0.0,0.0,instrument_error,1468393837,1506969025,1468393837,fabR,fabB,False,insufficient_data,fadR|rpoD,0,,,,,-0.4464279623475068,0,
0,10,0.0,0.0,instrument_error,1468393837,1506969025,1468393837,iclR,aceA,False,insufficient_data,arcA|cra|crp|fadR|flhC|flhD|ihfA|ihfB|rpoD,0,,,,,0.11339227568140593,0,
0,10,0.0,0.0,instrument_error,1468393837,1506969025,1468393837,iclR,aceB,False,insufficient_data,arcA|cra|crp|fadR|flhC|flhD|ihfA|ihfB|lrp|nac|rpoD,0,,,,,-0.15576535005906317,0,
0,10,0.0,0.0,instrument_error,1468393837,1506969025,1468393837,iclR,aceK,False,insufficient_data,arcA|cra|crp|fadR|flhC|flhD|ihfA|ihfB|rpoD,0,,,,,-0.23493786817720877,0,
0,10,0.0,0.0,instrument_error,1468393837,1506969025,1468393837,fecI,fecA,False,insufficient_data,crp|fur|hypT|pdhR|rpoD|slyA,0,,,,,0.09310545069630852,0,
0,10,0.0,0.0,instrument_error,1468393837,1506969025,1468393837,fecI,fecB,False,insufficient_data,crp|fur|hypT|pdhR|rpoD|slyA,0,,,,,0.0871470941187627,0,
0,10,0.0,0.0,instrument_error,1468393837,1506969025,1468393837,fecI,fecC,False,insufficient_data,crp|fur|hypT|pdhR|rpoD|slyA,0,,,,,-0.20124205647321203,0,
0,10,0.0,0.0,instrument_error,1468393837,1506969025,1468393837,fecI,fecD,False,insufficient_data,crp|fur|hypT|pdhR|rpoD|slyA,0,,,,,-0.09003952301293913,0,
0,10,0.0,0.0,instrument_error,1468393837,1506969025,1468393837,fecI,fecE,False,insufficient_data,crp|fur|hypT|pdhR|rpoD|slyA,0,,,,,0.15190579396294843,0,
0,10,0.0,0.0,instrument_error,1468393837,1506969025,1468393837,fhlA,fdhF,False,insufficient_data,fnr|ihfA|ihfB|narL|narP|nsrR|rpoN,0,,,,,0.09449630376265895,0,
0,10,0.0,0.0,instrument_error,1468393837,1506969025,1468393837,fhlA,focB,False,insufficient_data,crp|fnr|ihfA|ihfB|nsrR|rpoN,0,,,,,-0.054465637741661195,0,
0,10,0.0,0.0,instrument_error,1468393837,1506969025,1468393837,fhlA,hycA,False,insufficient_data,fnr|ihfA|ihfB|modE|nsrR|rpoN,0,,,,,-0.19919565404500542,0,
0,10,0.0,0.0,instrument_error,1468393837,1506969025,1468393837,fhlA,hycB,False,insufficient_data,fnr|ihfA|ihfB|modE|nsrR|rpoN|srsR,0,,,,,0.18982945015105007,0,
0,10,0.0,0.0,instrument_error,1468393837,1506969025,1468393837,fhlA,hycC,False,insufficient_data,fnr|ihfA|ihfB|modE|nsrR|rpoN,0,,,,,-0.188349994472231,0,
0,10,0.0,0.0,instrument_error,1468393837,1506969025,1468393837,fhlA,hycD,False,insufficient_data,fnr|ihfA|ihfB|modE|nsrR|rpoN,0,,,,,-0.17714208588723923,0,
0,10,0.0,0.0,instrument_error,1468393837,1506969025,1468393837,fhlA,hycE,False,insufficient_data,fnr|ihfA|ihfB|modE|nsrR|rpoN,0,,,,,0.10555921204489331,0,
0,10,0.0,0.0,instrument_error,1468393837,1506969025,1468393837,fhlA,hycF,False,insufficient_data,fnr|ihfA|ihfB|modE|nsrR|rpoN,0,,,,,0.1418112408521449,0,
0,10,0.0,0.0,instrument_error,1468393837,1506969025,1468393837,fhlA,hycG,False,insufficient_data,fnr|ihfA|ihfB|modE|nsrR|rpoN,0,,,,,-0.060878840335161784,0,
0,10,0.0,0.0,instrument_error,1468393837,1506969025,1468393837,fhlA,hycH,False,insufficient_data,fnr|ihfA|ihfB|modE|nsrR|rpoN,0,,,,,0.11582607149573335,0,
0,10,0.0,0.0,instrument_error,1468393837,1506969025,1468393837,fhlA,hycI,False,insufficient_data,fnr|ihfA|ihfB|modE|nsrR|rpoN,0,,,,,0.34739474625894173,0,
0,10,0.0,0.0,instrument_error,1468393837,1506969025,1468393837,fhlA,hydN,False,insufficient_data,flhC|flhD|fnr|ihfA|ihfB|nsrR|rpoN,0,,,,,0.4507991798756148,0,
0,10,0.0,0.0,instrument_error,1468393837,1506969025,1468393837,fhlA,hyfA,False,insufficient_data,crp|fnr|ihfA|ihfB|nsrR|rpoN,0,,,,,-0.4560244514693922,0,
0,10,0.0,0.0,instrument_error,1468393837,1506969025,1468393837,fhlA,hyfB,False,insufficient_data,crp|fnr|ihfA|ihfB|nsrR|rpoN,0,,,,,-0.13519662366326793,0,
0,10,0.0,0.0,instrument_error,1468393837,1506969025,1468393837,fhlA,hyfC,False,insufficient_data,crp|fnr|ihfA|ihfB|nsrR|rpoN,0,,,,,0.10207984992535062,0,
0,10,0.0,0.0,instrument_error,1468393837,1506969025,1468393837,fhlA,hyfD,False,insufficient_data,crp|fnr|ihfA|ihfB|nsrR|rpoN,0,,,,,-0.22389206964801792,0,
0,10,0.0,0.0,instrument_error,1468393837,1506969025,1468393837,fhlA,hyfE,False,insufficient_data,crp|fnr|ihfA|ihfB|nsrR|rpoN,0,,,,,-0.06109242710620936,0,
0,10,0.0,0.0,instrument_error,1468393837,1506969025,1468393837,fhlA,hyfF,False,insufficient_data,crp|fnr|ihfA|ihfB|nsrR|rpoN,0,,,,,-0.15761510049946853,0,
0,10,0.0,0.0,instrument_error,1468393837,1506969025,1468393837,fhlA,hyfG,False,insufficient_data,crp|fnr|ihfA|ihfB|nsrR|rpoN,0,,,,,-0.1773644320371066,0,
0,10,0.0,0.0,instrument_error,1468393837,1506969025,1468393837,fhlA,hyfH,False,insufficient_data,crp|fnr|ihfA|ihfB|nsrR|rpoN,0,,,,,0.1986867936439769,0,
0,10,0.0,0.0,instrument_error,1468393837,1506969025,1468393837,fhlA,hyfI,False,insufficient_data,crp|fnr|ihfA|ihfB|nsrR|rpoN,0,,,,,0.11906249488465694,0,
0,10,0.0,0.0,instrument_error,1468393837,1506969025,1468393837,fhlA,hyfJ,False,insufficient_data,crp|fnr|ihfA|ihfB|nsrR|rpoN,0,,,,,0.19362925188369787,0,
0,10,0.0,0.0,instrument_error,1468393837,1506969025,1468393837,fhlA,hyfR,False,insufficient_data,crp|fnr|ihfA|ihfB|nsrR|rpoN,0,,,,,-0.1915184817286723,0,
0,10,0.0,0.0,instrument_error,1468393837,1506969025,1468393837,fhlA,hypA,False,insufficient_data,fnr|ihfA|ihfB|nsrR|rpoN,0,,,,,0.18120114544185206,0,
0,10,0.0,0.0,instrument_error,1468393837,1506969025,1468393837,fhlA,hypB,False,insufficient_data,fnr|ihfA|ihfB|nsrR|rpoN,0,,,,,-0.181688248858096,0,
0,10,0.0,0.0,instrument_error,1468393837,1506969025,1468393837,fhlA,hypC,False,insufficient_data,fnr|ihfA|ihfB|nsrR|rpoN,0,,,,,-0.42852793840067044,0,
0,10,0.0,0.0,instrument_error,1468393837,1506969025,1468393837,fhlA,hypD,False,insufficient_data,fnr|ihfA|ihfB|nsrR|rpoN,0,,,,,-0.338747330431448,0,
0,10,0.0,0.0,instrument_error,1468393837,1506969025,1468393837,fhlA,hypE,False,insufficient_data,fnr|ihfA|ihfB|nsrR|rpoN,0,,,,,0.1701464618640108,0,
0,10,0.0,0.0,instrument_error,1468393837,1506969025,1468393837,fhlA,hypF,False,insufficient_data,cra|flhC|flhD|fnr|ihfA|ihfB|nsrR|rpoD|rpoN,0,,,,,0.21621583885027046,0,
0,10,0.0,0.0,instrument_error,1468393837,1506969025,1468393837,fimZ,puuB,False,insufficient_data,arcA|argR|crp|ptrR|puuR|rpoS,0,,,,,-0.09319711383885518,0,
0,10,0.0,0.0,instrument_error,1468393837,1506969025,1468393837,fimZ,puuC,False,insufficient_data,arcA|crp|ptrR|puuR|rpoS,0,,,,,-0.28004119343954104,0,
0,10,0.0,0.0,instrument_error,1468393837,1506969025,1468393837,fimZ,puuD,False,insufficient_data,arcA|crp|puuR|rpoS,0,,,,,-0.12878896259450742,0,
0,10,0.0,0.0,instrument_error,1468393837,1506969025,1468393837,fimZ,sfmA,False,insufficient_data,,0,,,,,-0.12971771288723496,0,
0,10,0.0,0.0,instrument_error,1468393837,1506969025,1468393837,fimZ,sfmC,False,insufficient_data,,0,,,,,0.1737628639543125,0,
0,10,0.0,0.0,instrument_error,1468393837,1506969025,1468393837,nac,abgA,False,insufficient_data,alpA|basR|btsR|glaR|glrR|nsrR|ptrR|rcdA,0,,,,,0.10782512503513512,0,
0,10,0.0,0.0,instrument_error,1468393837,1506969025,1468393837,nac,abpA,False,insufficient_data,alpA|basR|btsR|glaR|glrR|nsrR|ptrR|rcdA,0,,,,,-0.1182238872985556,0,
0,10,0.0,0.0,instrument_error,1468393837,1506969025,1468393837,nac,allR,False,insufficient_data,alpA|basR|btsR|glaR|glrR|nsrR|ptrR|rcdA,0,,,,,0.10260228577522994,0,
0,10,0.0,0.0,instrument_error,1468393837,1506969025,1468393837,nac,aroE,False,insufficient_data,alpA|basR|btsR|glaR|glrR|nsrR|ptrR|rcdA,0,,,,,0.1296983725057655,0,
0,10,0.0,0.0,instrument_error,1468393837,1506969025,1468393837,nac,bfr,False,insufficient_data,alpA|basR|btsR|glaR|glrR|nsrR|ptrR|rcdA,0,,,,,-0.11673076247784302,0,
0,10,0.0,0.0,instrument_error,1468393837,1506969025,1468393837,nac,bglH,False,insufficient_data,alpA|basR|btsR|glaR|glrR|nsrR|ptrR|rcdA,0,,,,,-0.07334535545558589,0,
0,10,0.0,0.0,instrument_error,1468393837,1506969025,1468393837,nac,bisC,False,insufficient_data,alpA|basR|btsR|glaR|glrR|nsrR|ptrR|rcdA,0,,,,,0.1756617488255187,0,
0,10,0.0,0.0,instrument_error,1468393837,1506969025,1468393837,nac,cbrC,False,insufficient_data,alpA|basR|btsR|glaR|glrR|nsrR|ptrR|rcdA,0,,,,,-0.18539864430971012,0,
0,10,0.0,0.0,instrument_error,1468393837,1506969025,1468393837,nac,cdaR,False,insufficient_data,alpA|basR|btsR|glaR|glrR|nsrR|ptrR|rcdA,0,,,,,0.32556215349752615,0,
0,10,0.0,0.0,instrument_error,1468393837,1506969025,1468393837,nac,cmtA,False,insufficient_data,alpA|basR|btsR|glaR|glrR|nsrR|ptrR|rcdA,0,,,,,0.1348388848075219,0,
0,10,0.0,0.0,instrument_error,1468393837,1506969025,1468393837,nac,cmtB,False,insufficient_data,alpA|basR|btsR|glaR|glrR|nsrR|ptrR|rcdA,0,,,,,0.08933519964486655,0,
0,10,0.0,0.0,instrument_error,1468393837,1506969025,1468393837,nac,curA,False,insufficient_data,alpA|basR|btsR|glaR|glrR|nsrR|ptrR|rcdA,0,,,,,0.07436302028422957,0,
0,10,0.0,0.0,instrument_error,1468393837,1506969025,1468393837,nac,cysQ,False,insufficient_data,alpA|basR|btsR|glaR|glrR|nsrR|ptrR|rcdA,0,,,,,-0.29756684264050753,0,
0,10,0.0,0.0,instrument_error,1468393837,1506969025,1468393837,nac,cysS,False,insufficient_data,alpA|basR|btsR|glaR|glrR|nsrR|ptrR|rcdA,0,,,,,-0.18305579792874446,0,
0,10,0.0,0.0,instrument_error,1468393837,1506969025,1468393837,nac,dcm,False,insufficient_data,alpA|basR|btsR|glaR|glrR|nsrR|ptrR|rcdA,0,,,,,0.21313290966118228,0,
0,10,0.0,0.0,instrument_error,1468393837,1506969025,1468393837,nac,dcp,False,insufficient_data,alpA|basR|btsR|glaR|glrR|nsrR|ptrR|rcdA,0,,,,,0.2713684380563858,0,
0,10,0.0,0.0,instrument_error,1468393837,1506969025,1468393837,nac,dcyD,False,insufficient_data,alpA|basR|btsR|glaR|glrR|nsrR|ptrR|rcdA,0,,,,,-0.18800754436290174,0,
0,10,0.0,0.0,instrument_error,1468393837,1506969025,1468393837,nac,dld,False,insufficient_data,alpA|basR|btsR|glaR|glrR|nsrR|ptrR|rcdA,0,,,,,-0.14067240352281973,0,
0,10,0.0,0.0,instrument_error,1468393837,1506969025,1468393837,nac,dpaA,False,insufficient_data,alpA|basR|btsR|glaR|glrR|nsrR|ptrR|rcdA,0,,,,,0.23932496767217248,0,
0,10,0.0,0.0,instrument_error,1468393837,1506969025,1468393837,nac,ecnA,False,insufficient_data,alpA|basR|btsR|glaR|glrR|nsrR|ptrR|rcdA,0,,,,,0.36118534906266925,0,
0,10,0.0,0.0,instrument_error,1468393837,1506969025,1468393837,nac,elfG,False,insufficient_data,alpA|basR|btsR|glaR|glrR|nsrR|ptrR|rcdA,0,,,,,-0.06424659048512021,0,
0,10,0.0,0.0,instrument_error,1468393837,1506969025,1468393837,nac,eptA,False,insufficient_data,alpA|basR|btsR|glaR|glrR|nsrR|ptrR|rcdA,0,,,,,0.3335002968779131,0,
0,10,0.0,0.0,instrument_error,1468393837,1506969025,1468393837,nac,fdhD,False,insufficient_data,alpA|basR|btsR|glaR|glrR|nsrR|ptrR|rcdA,0,,,,,-0.14454276436229924,0,
0,10,0.0,0.0,instrument_error,1468393837,1506969025,1468393837,nac,fdoG,False,insufficient_data,alpA|basR|btsR|glaR|glrR|nsrR|ptrR|rcdA,0,,,,,-0.1541028597794191,0,
0,10,0.0,0.0,instrument_error,1468393837,1506969025,1468393837,nac,fklB,False,insufficient_data,alpA|basR|btsR|glaR|glrR|nsrR|ptrR|rcdA,0,,,,,0.22595972907712658,0,
0,10,0.0,0.0,instrument_error,1468393837,1506969025,1468393837,nac,greB,False,insufficient_data,alpA|basR|btsR|glaR|glrR|nsrR|ptrR|rcdA,0,,,,,-0.19481993842937825,0,
0,10,0.0,0.0,instrument_error,1468393837,1506969025,1468393837,nac,gudX,False,insufficient_data,alpA|basR|btsR|glaR|glrR|nsrR|ptrR|rcdA,0,,,,,0.06789500977261158,0,
0,10,0.0,0.0,instrument_error,1468393837,1506969025,1468393837,nac,holE,False,insufficient_data,alpA|basR|btsR|glaR|glrR|nsrR|ptrR|rcdA,0,,,,,0.13118701993380405,0,
0,10,0.0,0.0,instrument_error,1468393837,1506969025,1468393837,nac,hxpB,False,insufficient_data,alpA|basR|btsR|glaR|glrR|nsrR|ptrR|rcdA,0,,,,,0.24243196114907853,0,
0,10,0.0,0.0,instrument_error,1468393837,1506969025,1468393837,nac,iaaA,False,insufficient_data,alpA|basR|btsR|glaR|glrR|nsrR|ptrR|rcdA,0,,,,,0.23822878648004672,0,
0,10,0.0,0.0,instrument_error,1468393837,1506969025,1468393837,nac,ileY,False,insufficient_data,alpA|basR|btsR|glaR|glrR|nsrR|ptrR|rcdA,0,,,,,0.1211140758767658,0,
0,10,0.0,0.0,instrument_error,1468393837,1506969025,1468393837,nac,intD,False,insufficient_data,alpA|basR|btsR|glaR|glrR|nsrR|ptrR|rcdA,0,,,,,0.2419376399912862,0,
0,10,0.0,0.0,instrument_error,1468393837,1506969025,1468393837,nac,ispB,False,insufficient_data,alpA|basR|btsR|glaR|glrR|nsrR|ptrR|rcdA,0,,,,,0.3271551314783377,0,
0,10,0.0,0.0,instrument_error,1468393837,1506969025,1468393837,nac,ispD,False,insufficient_data,alpA|basR|btsR|glaR|glrR|nsrR|ptrR|rcdA,0,,,,,-0.20133238866757427,0,
0,10,0.0,0.0,instrument_error,1468393837,1506969025,1468393837,nac,ivy,False,insufficient_data,alpA|basR|btsR|glaR|glrR|nsrR|ptrR|rcdA,0,,,,,0.32938894189358414,0,
0,10,0.0,0.0,instrument_error,1468393837,1506969025,1468393837,nac,kdgR,False,insufficient_data,alpA|basR|btsR|glaR|glrR|nsrR|ptrR|rcdA,0,,,,,-0.19342169679818189,0,
0,10,0.0,0.0,instrument_error,1468393837,1506969025,1468393837,nac,kduI,False,insufficient_data,alpA|basR|btsR|glaR|glrR|nsrR|ptrR|rcdA,0,,,,,0.2421444059259067,0,
0,10,0.0,0.0,instrument_error,1468393837,1506969025,1468393837,nac,lapC,False,insufficient_data,alpA|basR|btsR|glaR|glrR|nsrR|ptrR|rcdA,0,,,,,0.1303974882891879,0,
0,10,0.0,0.0,instrument_error,1468393837,1506969025,1468393837,nac,lepA,False,insufficient_data,alpA|basR|btsR|glaR|glrR|nsrR|ptrR|rcdA,0,,,,,-0.14185574227911796,0,
0,10,0.0,0.0,instrument_error,1468393837,1506969025,1468393837,nac,lepB,False,insufficient_data,alpA|basR|btsR|glaR|glrR|nsrR|ptrR|rcdA,0,,,,,0.1529009657165965,0,
0,10,0.0,0.0,instrument_error,1468393837,1506969025,1468393837,nac,ligB,False,insufficient_data,alpA|basR|btsR|glaR|glrR|nsrR|ptrR|rcdA,0,,,,,0.13295498758339913,0,
0,10,0.0,0.0,instrument_error,1468393837,1506969025,1468393837,nac,lpxH,False,insufficient_data,alpA|basR|btsR|glaR|glrR|nsrR|ptrR|rcdA,0,,,,,0.08125168559622672,0,
0,10,0.0,0.0,instrument_error,1468393837,1506969025,1468393837,nac,macA,False,insufficient_data,alpA|basR|btsR|glaR|glrR|nsrR|ptrR|rcdA,0,,,,,-0.21561031074901746,0,
0,10,0.0,0.0,instrument_error,1468393837,1506969025,1468393837,nac,mcrB,False,insufficient_data,alpA|basR|btsR|glaR|glrR|nsrR|ptrR|rcdA,0,,,,,-0.06552087790553177,0,
0,10,0.0,0.0,instrument_error,1468393837,1506969025,1468393837,nac,mdtG,False,insufficient_data,alpA|basR|btsR|glaR|glrR|nsrR|ptrR|rcdA,0,,,,,0.13903435947618384,0,
0,10,0.0,0.0,instrument_error,1468393837,1506969025,1468393837,nac,mltD,False,insufficient_data,alpA|basR|btsR|glaR|glrR|nsrR|ptrR|rcdA,0,,,,,-0.19454384597725907,0,
0,10,0.0,0.0,instrument_error,1468393837,1506969025,1468393837,nac,mobA,False,insufficient_data,alpA|basR|btsR|glaR|glrR|nsrR|ptrR|rcdA,0,,,,,-0.06426275829289854,0,
0,10,0.0,0.0,instrument_error,1468393837,1506969025,1468393837,nac,mscL,False,insufficient_data,alpA|basR|btsR|glaR|glrR|nsrR|ptrR|rcdA|yrdG,0,,,,,0.2721570918396656,0,
0,10,0.0,0.0,instrument_error,1468393837,1506969025,1468393837,nac,mtfA,False,insufficient_data,alpA|basR|btsR|glaR|glrR|nsrR|ptrR|rcdA,0,,,,,-0.17626377097048482,0,
0,10,0.0,0.0,instrument_error,1468393837,1506969025,1468393837,nac,nadD,False,insufficient_data,alpA|basR|btsR|glaR|glrR|nsrR|ptrR|rcdA,0,,,,,-0.14883379298030286,0,
0,10,0.0,0.0,instrument_error,1468393837,1506969025,1468393837,nac,nudC,False,insufficient_data,alpA|basR|btsR|glaR|glrR|nsrR|ptrR|rcdA,0,,,,,-0.15790050168936107,0,
0,10,0.0,0.0,instrument_error,1468393837,1506969025,1468393837,nac,nudG,False,insufficient_data,alpA|basR|btsR|glaR|glrR|nsrR|ptrR|rcdA,0,,,,,-0.15977108819611346,0,
0,10,0.0,0.0,instrument_error,1468393837,1506969025,1468393837,nac,pabC,False,insufficient_data,alpA|basR|btsR|glaR|glrR|nsrR|ptrR|rcdA,0,,,,,-0.30767065256744197,0,
0,10,0.0,0.0,instrument_error,1468393837,1506969025,1468393837,nac,pdxK,False,insufficient_data,alpA|basR|btsR|glaR|glrR|nsrR|ptrR|rcdA,0,,,,,-0.43795489811161936,0,
0,10,0.0,0.0,instrument_error,1468393837,1506969025,1468393837,nac,pinQ,False,insufficient_data,alpA|basR|btsR|glaR|glrR|nsrR|ptrR|rcdA,0,,,,,0.15258517367906888,0,
0,10,0.0,0.0,instrument_error,1468393837,1506969025,1468393837,nac,pinR,False,insufficient_data,alpA|basR|btsR|glaR|glrR|nsrR|ptrR|rcdA,0,,,,,0.148517940081364,0,
0,10,0.0,0.0,instrument_error,1468393837,1506969025,1468393837,nac,pphB,False,insufficient_data,alpA|basR|btsR|glaR|glrR|nsrR|ptrR|rcdA,0,,,,,0.20113061983931096,0,
0,10,0.0,0.0,instrument_error,1468393837,1506969025,1468393837,nac,ppiB,False,insufficient_data,alpA|basR|btsR|glaR|glrR|nsrR|ptrR|rcdA,0,,,,,-0.16637610131852987,0,
0,10,0.0,0.0,instrument_error,1468393837,1506969025,1468393837,nac,ppnN,False,insufficient_data,alpA|basR|btsR|glaR|glrR|nsrR|ptrR|rcdA,0,,,,,-0.11911468911852509,0,
0,10,0.0,0.0,instrument_error,1468393837,1506969025,1468393837,nac,prmB,False,insufficient_data,alpA|basR|btsR|glaR|glrR|nsrR|ptrR|rcdA,0,,,,,0.07971057840976363,0,
0,10,0.0,0.0,instrument_error,1468393837,1506969025,1468393837,nac,pyrB,False,insufficient_data,alpA|basR|btsR|glaR|glrR|nsrR|ptrR|rcdA,0,,,,,0.15275139257489992,0,
0,10,0.0,0.0,instrument_error,1468393837,1506969025,1468393837,nac,queD,False,insufficient_data,alpA|basR|btsR|glaR|glrR|nsrR|ptrR|rcdA,0,,,,,0.15859371362157282,0,
0,10,0.0,0.0,instrument_error,1468393837,1506969025,1468393837,nac,queF,False,insufficient_data,alpA|basR|btsR|glaR|glrR|nsrR|ptrR|rcdA,0,,,,,0.07480974970552921,0,
0,10,0.0,0.0,instrument_error,1468393837,1506969025,1468393837,nac,rfaH,False,insufficient_data,alpA|basR|btsR|glaR|glrR|nsrR|ptrR|rcdA,0,,,,,0.1471473717853384,0,
0,10,0.0,0.0,instrument_error,1468393837,1506969025,1468393837,nac,rfbB,False,insufficient_data,alpA|basR|btsR|glaR|glrR|nsrR|ptrR|rcdA,0,,,,,0.2721344624133581,0,
0,10,0.0,0.0,instrument_error,1468393837,1506969025,1468393837,nac,rfbC,False,insufficient_data,alpA|basR|btsR|glaR|glrR|nsrR|ptrR|rcdA,0,,,,,0.09081761426328576,0,
0,10,0.0,0.0,instrument_error,1468393837,1506969025,1468393837,nac,rlmF,False,insufficient_data,alpA|basR|btsR|glaR|glrR|nsrR|ptrR|rcdA,0,,,,,-0.07856978340494414,0,
0,10,0.0,0.0,instrument_error,1468393837,1506969025,1468393837,nac,rlmM,False,insufficient_data,alpA|basR|btsR|glaR|glrR|nsrR|ptrR|rcdA,0,,,,,0.2423171425125775,0,
0,10,0.0,0.0,instrument_error,1468393837,1506969025,1468393837,nac,rluE,False,insufficient_data,alpA|basR|btsR|glaR|glrR|nsrR|ptrR|rcdA,0,,,,,-0.06122361000817537,0,
0,10,0.0,0.0,instrument_error,1468393837,1506969025,1468393837,nac,rpmH,False,insufficient_data,alpA|basR|btsR|glaR|glrR|nsrR|ptrR|rcdA|yfeC,0,,,,,0.14589517696309082,0,
0,10,0.0,0.0,instrument_error,1468393837,1506969025,1468393837,nac,rsmF,False,insufficient_data,alpA|basR|btsR|glaR|glrR|nsrR|ptrR|rcdA,0,,,,,0.15561698389242465,0,
0,10,0.0,0.0,instrument_error,1468393837,1506969025,1468393837,nac,selC,False,insufficient_data,alpA|basR|btsR|glaR|glrR|nsrR|ptrR|rcdA,0,,,,,-0.16222646626492337,0,
0,10,0.0,0.0,instrument_error,1468393837,1506969025,1468393837,nac,srsR,False,insufficient_data,alpA|basR|btsR|glaR|glrR|nsrR|ptrR|rcdA,0,,,,,0.12598693097476207,0,
0,10,0.0,0.0,instrument_error,1468393837,1506969025,1468393837,nac,stfR,False,insufficient_data,alpA|basR|btsR|glaR|glrR|nsrR|ptrR|rcdA,0,,,,,-0.17321740502610444,0,
0,10,0.0,0.0,instrument_error,1468393837,1506969025,1468393837,nac,tdcR,False,insufficient_data,alpA|basR|btsR|glaR|glrR|nsrR|ptrR|rcdA,0,,,,,-0.15958505964067476,0,
0,10,0.0,0.0,instrument_error,1468393837,1506969025,1468393837,nac,tfaR,False,insufficient_data,alpA|basR|btsR|glaR|glrR|nsrR|ptrR|rcdA,0,,,,,-0.2626028123221897,0,
0,10,0.0,0.0,instrument_error,1468393837,1506969025,1468393837,nac,torI,False,insufficient_data,alpA|basR|btsR|glaR|glrR|nsrR|ptrR|rcdA,0,,,,,-0.25238691898073523,0,
0,10,0.0,0.0,instrument_error,1468393837,1506969025,1468393837,nac,ubiU,False,insufficient_data,alpA|basR|btsR|glaR|glrR|nsrR|ptrR|rcdA,0,,,,,0.05233055623407731,0,
0,10,0.0,0.0,instrument_error,1468393837,1506969025,1468393837,nac,ugd,False,insufficient_data,alpA|basR|btsR|glaR|glrR|nsrR|ptrR|rcdA,0,,,,,-0.2540342140928912,0,
0,10,0.0,0.0,instrument_error,1468393837,1506969025,1468393837,nac,uhpA,False,insufficient_data,alpA|basR|btsR|glaR|glrR|nsrR|ptrR|rcdA,0,,,,,-0.05873226406081015,0,
0,10,0.0,0.0,instrument_error,1468393837,1506969025,1468393837,nac,uspC,False,insufficient_data,alpA|basR|btsR|glaR|glrR|nsrR|ptrR|rcdA,0,,,,,0.42017985242619005,0,
0,10,0.0,0.0,instrument_error,1468393837,1506969025,1468393837,nac,uspG,False,insufficient_data,alpA|basR|btsR|glaR|glrR|nsrR|ptrR|rcdA,0,,,,,0.18774547656345061,0,
0,10,0.0,0.0,instrument_error,1468393837,1506969025,1468393837,nac,wcaE,False,insufficient_data,alpA|basR|btsR|glaR|glrR|nsrR|ptrR|rcdA,0,,,,,-0.0830759558847348,0,
0,10,0.0,0.0,instrument_error,1468393837,1506969025,1468393837,nac,wcaF,False,insufficient_data,alpA|basR|btsR|glaR|glrR|nsrR|ptrR|rcdA,0,,,,,-0.11134877785473712,0,
0,10,0.0,0.0,instrument_error,1468393837,1506969025,1468393837,nac,wecH,False,insufficient_data,alpA|basR|btsR|glaR|glrR|nsrR|ptrR|rcdA,0,,,,,-0.41322628504925785,0,
0,10,0.0,0.0,instrument_error,1468393837,1506969025,1468393837,nac,yadC,False,insufficient_data,alpA|basR|btsR|glaR|glrR|nsrR|ptrR|rcdA,0,,,,,0.1871171895080773,0,
0,10,0.0,0.0,instrument_error,1468393837,1506969025,1468393837,nac,yadM,False,insufficient_data,alpA|basR|btsR|glaR|glrR|nsrR|ptrR|rcdA,0,,,,,0.11453274977285008,0,
0,10,0.0,0.0,instrument_error,1468393837,1506969025,1468393837,nac,yaeF,False,insufficient_data,alpA|basR|btsR|glaR|glrR|nsrR|ptrR|rcdA,0,,,,,-0.14940476450944706,0,
0,10,0.0,0.0,instrument_error,1468393837,1506969025,1468393837,nac,yafC,False,insufficient_data,alpA|basR|btsR|glaR|glrR|nsrR|ptrR|rcdA,0,,,,,0.14714862923900784,0,
0,10,0.0,0.0,instrument_error,1468393837,1506969025,1468393837,nac,yafV,False,insufficient_data,alpA|basR|btsR|glaR|glrR|nsrR|ptrR|rcdA,0,,,,,-0.09606308510169026,0,
0,10,0.0,0.0,instrument_error,1468393837,1506969025,1468393837,nac,yaiS,False,insufficient_data,alpA|basR|btsR|glaR|glrR|nsrR|ptrR|rcdA,0,,,,,0.14779245530169405,0,
0,10,0.0,0.0,instrument_error,1468393837,1506969025,1468393837,nac,yaiZ,False,insufficient_data,alpA|basR|btsR|glaR|glrR|nsrR|ptrR|rcdA,0,,,,,0.06376687264761251,0,
0,10,0.0,0.0,instrument_error,1468393837,1506969025,1468393837,nac,yajD,False,insufficient_data,alpA|basR|btsR|glaR|glrR|nsrR|ptrR|rcdA,0,,,,,-0.0757579885172008,0,
0,10,0.0,0.0,instrument_error,1468393837,1506969025,1468393837,nac,ybaL,False,insufficient_data,alpA|basR|btsR|glaR|glrR|nsrR|ptrR|rcdA,0,,,,,0.17254158001254594,0,
0,10,0.0,0.0,instrument_error,1468393837,1506969025,1468393837,nac,ybbC,False,insufficient_data,alpA|basR|btsR|glaR|glrR|nsrR|ptrR|rcdA,0,,,,,-0.12577370153704043,0,
0,10,0.0,0.0,instrument_error,1468393837,1506969025,1468393837,nac,ybcK,False,insufficient_data,alpA|basR|btsR|glaR|glrR|nsrR|ptrR|rcdA,0,,,,,0.055383631857308165,0,
0,10,0.0,0.0,instrument_error,1468393837,1506969025,1468393837,nac,ybdK,False,insufficient_data,alpA|basR|btsR|glaR|glrR|nsrR|ptrR|rcdA,0,,,,,0.08577770753973622,0,
0,10,0.0,0.0,instrument_error,1468393837,1506969025,1468393837,nac,ybdR,False,insufficient_data,alpA|basR|btsR|glaR|glrR|nsrR|ptrR|rcdA,0,,,,,-0.10025420359716873,0,
0,10,0.0,0.0,instrument_error,1468393837,1506969025,1468393837,nac,ybeR,False,insufficient_data,alpA|basR|btsR|glaR|glrR|nsrR|ptrR|rcdA,0,,,,,0.2605996224311109,0,
0,10,0.0,0.0,instrument_error,1468393837,1506969025,1468393837,nac,ybeT,False,insufficient_data,alpA|basR|btsR|glaR|glrR|nsrR|ptrR|rcdA,0,,,,,-0.21502490794944717,0,
0,10,0.0,0.0,instrument_error,1468393837,1506969025,1468393837,nac,ybeU,False,insufficient_data,alpA|basR|btsR|glaR|glrR|nsrR|ptrR|rcdA,0,,,,,0.16002250349048971,0,
0,10,0.0,0.0,instrument_error,1468393837,1506969025,1468393837,nac,ybfC,False,insufficient_data,alpA|basR|btsR|glaR|glrR|nsrR|ptrR|rcdA,0,,,,,-0.12289440119945197,0,
0,10,0.0,0.0,instrument_error,1468393837,1506969025,1468393837,nac,ybgC,False,insufficient_data,alpA|basR|btsR|glaR|glrR|nsrR|ptrR|rcdA,0,,,,,-0.16330425116629027,0,
0,10,0.0,0.0,instrument_error,1468393837,1506969025,1468393837,nac,ybgE,False,insufficient_data,alpA|basR|btsR|glaR|glrR|nsrR|ptrR|rcdA,0,,,,,0.07122839236553102,0,
0,10,0.0,0.0,instrument_error,1468393837,1506969025,1468393837,nac,ybhD,False,insufficient_data,alpA|basR|btsR|glaR|glrR|nsrR|ptrR|rcdA,0,,,,,-0.12596150830683675,0,
0,10,0.0,0.0,instrument_error,1468393837,1506969025,1468393837,nac,ybhH,False,insufficient_data,alpA|basR|btsR|glaR|glrR|nsrR|ptrR|rcdA,0,,,,,-0.15425306643865555,0,
0,10,0.0,0.0,instrument_error,1468393837,1506969025,1468393837,nac,ybhI,False,insufficient_data,alpA|basR|btsR|glaR|glrR|nsrR|ptrR|rcdA,0,,,,,0.17856247201106046,0,
0,10,0.0,0.0,instrument_error,1468393837,1506969025,1468393837,nac,ybhM,False,insufficient_data,alpA|basR|btsR|glaR|glrR|nsrR|ptrR|rcdA,0,,,,,-0.10389934392595535,0,
0,10,0.0,0.0,instrument_error,1468393837,1506969025,1468393837,nac,ybjQ,False,insufficient_data,alpA|basR|btsR|glaR|glrR|nsrR|ptrR|rcdA,0,,,,,-0.12750867860229756,0,
0,10,0.0,0.0,instrument_error,1468393837,1506969025,1468393837,nac,ycaD,False,insufficient_data,alpA|basR|btsR|glaR|glrR|nsrR|ptrR|rcdA,0,,,,,0.35729297969366414,0,
0,10,0.0,0.0,instrument_error,1468393837,1506969025,1468393837,nac,ycaK,False,insufficient_data,alpA|basR|btsR|glaR|glrR|nsrR|ptrR|rcdA,0,,,,,0.2573265068507207,0,
0,10,0.0,0.0,instrument_error,1468393837,1506969025,1468393837,nac,ycaN,False,insufficient_data,alpA|basR|btsR|glaR|glrR|nsrR|ptrR|rcdA,0,,,,,0.1692413957369959,0,
0,10,0.0,0.0,instrument_error,1468393837,1506969025,1468393837,nac,yccM,False,insufficient_data,alpA|basR|btsR|glaR|glrR|nsrR|ptrR|rcdA,0,,,,,-0.26011484106486615,0,
0,10,0.0,0.0,instrument_error,1468393837,1506969025,1468393837,nac,ycgJ,False,insufficient_data,alpA|basR|btsR|glaR|glrR|nsrR|ptrR|rcdA,0,,,,,-0.12829240639522807,0,
0,10,0.0,0.0,instrument_error,1468393837,1506969025,1468393837,nac,ycgV,False,insufficient_data,alpA|basR|btsR|glaR|glrR|nsrR|ptrR|rcdA,0,,,,,0.09522237663183321,0,
0,10,0.0,0.0,instrument_error,1468393837,1506969025,1468393837,nac,ycgX,False,insufficient_data,alpA|basR|btsR|glaR|glrR|nsrR|ptrR|rcdA,0,,,,,0.14654583618119216,0,
0,10,0.0,0.0,instrument_error,1468393837,1506969025,1468393837,nac,ydaT,False,insufficient_data,alpA|basR|btsR|glaR|glrR|nsrR|ptrR|racR|rcdA,0,,,,,-0.13385166521988073,0,
0,10,0.0,0.0,instrument_error,1468393837,1506969025,1468393837,nac,ydaU,False,insufficient_data,alpA|basR|btsR|glaR|glrR|nsrR|ptrR|racR|rcdA,0,,,,,0.16792230074299866,0,
0,10,0.0,0.0,instrument_error,1468393837,1506969025,1468393837,nac,ydcI,False,insufficient_data,alpA|basR|btsR|glaR|glrR|nsrR|ptrR|rcdA,0,,,,,0.12493490926721093,0,
0,10,0.0,0.0,instrument_error,1468393837,1506969025,1468393837,nac,ydcY,False,insufficient_data,alpA|basR|btsR|glaR|glrR|nsrR|ptrR|rcdA,0,,,,,-0.3320550205868835,0,
0,10,0.0,0.0,instrument_error,1468393837,1506969025,1468393837,nac,ydcZ,False,insufficient_data,alpA|basR|btsR|glaR|glrR|nsrR|ptrR|rcdA,0,,,,,0.03363846387853785,0,
0,10,0.0,0.0,instrument_error,1468393837,1506969025,1468393837,nac,ydeQ,False,insufficient_data,alpA|basR|btsR|glaR|glrR|nsrR|ptrR|rcdA,0,,,,,-0.06820274496406602,0,
0,10,0.0,0.0,instrument_error,1468393837,1506969025,1468393837,nac,ydfK,False,insufficient_data,alpA|basR|btsR|glaR|glrR|nsrR|ptrR|rcdA,0,,,,,0.14026815478814986,0,
0,10,0.0,0.0,instrument_error,1468393837,1506969025,1468393837,nac,ydfR,False,insufficient_data,alpA|basR|btsR|glaR|glrR|nsrR|ptrR|rcdA,0,,,,,0.17656320760542585,0,
0,10,0.0,0.0,instrument_error,1468393837,1506969025,1468393837,nac,ydiB,False,insufficient_data,alpA|basR|btsR|glaR|glrR|nsrR|ptrR|rcdA,0,,,,,-0.1301623367700498,0,
0,10,0.0,0.0,instrument_error,1468393837,1506969025,1468393837,nac,ydiL,False,insufficient_data,alpA|basR|btsR|glaR|glrR|nsrR|ptrR|rcdA,0,,,,,0.2438752356891662,0,
0,10,0.0,0.0,instrument_error,1468393837,1506969025,1468393837,nac,ydiM,False,insufficient_data,alpA|basR|btsR|glaR|glrR|nsrR|ptrR|rcdA,0,,,,,0.13353567276274542,0,
0,10,0.0,0.0,instrument_error,1468393837,1506969025,1468393837,nac,ydiO,False,insufficient_data,alpA|basR|btsR|glaR|glrR|nsrR|ptrR|rcdA,0,,,,,-0.10976841491561588,0,
0,10,0.0,0.0,instrument_error,1468393837,1506969025,1468393837,nac,ydiY,False,insufficient_data,alpA|basR|btsR|glaR|glrR|nsrR|ptrR|rcdA,0,,,,,0.10642502229633893,0,
0,10,0.0,0.0,instrument_error,1468393837,1506969025,1468393837,nac,yebQ,False,insufficient_data,alpA|basR|btsR|glaR|glrR|nsrR|ptrR|rcdA,0,,,,,0.16903442057202,0,
0,10,0.0,0.0,instrument_error,1468393837,1506969025,1468393837,nac,yecD,False,insufficient_data,alpA|basR|btsR|glaR|glrR|nsrR|ptrR|rcdA,0,,,,,-0.12639707728181798,0,
0,10,0.0,0.0,instrument_error,1468393837,1506969025,1468393837,nac,yecE,False,insufficient_data,alpA|basR|btsR|glaR|glrR|nsrR|ptrR|rcdA,0,,,,,-0.10881485600824997,0,
0,10,0.0,0.0,instrument_error,1468393837,1506969025,1468393837,nac,yedL,False,insufficient_data,alpA|basR|btsR|glaR|glrR|nsrR|ptrR|rcdA,0,,,,,0.17673034418792305,0,
0,10,0.0,0.0,instrument_error,1468393837,1506969025,1468393837,nac,yeeZ,False,insufficient_data,alpA|basR|btsR|glaR|glrR|nsrR|ptrR|rcdA,0,,,,,0.26863588604086786,0,
0,10,0.0,0.0,instrument_error,1468393837,1506969025,1468393837,nac,yegL,False,insufficient_data,alpA|basR|btsR|glaR|glrR|nsrR|ptrR|rcdA,0,,,,,0.0722424813039423,0,
0,10,0.0,0.0,instrument_error,1468393837,1506969025,1468393837,nac,yehE,False,insufficient_data,alpA|basR|btsR|glaR|glrR|nsrR|ptrR|rcdA,0,,,,,0.05579071607859992,0,
0,10,0.0,0.0,instrument_error,1468393837,1506969025,1468393837,nac,yeiE,False,insufficient_data,alpA|basR|btsR|glaR|glrR|nsrR|ptrR|rcdA,0,,,,,-0.1534312356561604,0,
0,10,0.0,0.0,instrument_error,1468393837,1506969025,1468393837,nac,yeiH,False,insufficient_data,alpA|basR|btsR|glaR|glrR|nsrR|ptrR|rcdA,0,,,,,-0.37720560067993725,0,
0,10,0.0,0.0,instrument_error,1468393837,1506969025,1468393837,nac,yejB,False,insufficient_data,alpA|basR|btsR|glaR|glrR|nsrR|ptrR|rcdA,0,,,,,0.3414545997341992,0,
0,10,0.0,0.0,instrument_error,1468393837,1506969025,1468393837,nac,yfbK,False,insufficient_data,alpA|basR|btsR|glaR|glrR|nsrR|ptrR|rcdA,0,,,,,-0.17860506887262903,0,
0,10,0.0,0.0,instrument_error,1468393837,1506969025,1468393837,nac,yfbL,False,insufficient_data,alpA|basR|btsR|glaR|glrR|nsrR|ptrR|rcdA,0,,,,,0.18109298455416217,0,
0,10,0.0,0.0,instrument_error,1468393837,1506969025,1468393837,nac,yfbV,False,insufficient_data,alpA|basR|btsR|glaR|glrR|nsrR|ptrR|rcdA,0,,,,,-0.20344005589441694,0,
0,10,0.0,0.0,instrument_error,1468393837,1506969025,1468393837,nac,yfcO,False,insufficient_data,alpA|basR|btsR|glaR|glrR|nsrR|ptrR|rcdA,0,,,,,0.1503586792159023,0,
0,10,0.0,0.0,instrument_error,1468393837,1506969025,1468393837,nac,yfcP,False,insufficient_data,alpA|basR|btsR|glaR|glrR|nsrR|ptrR|rcdA,0,,,,,0.10636389715810304,0,
0,10,0.0,0.0,instrument_error,1468393837,1506969025,1468393837,nac,yfgH,False,insufficient_data,alpA|basR|btsR|glaR|glrR|nsrR|ptrR|rcdA,0,,,,,-0.23129331726638316,0,
0,10,0.0,0.0,instrument_error,1468393837,1506969025,1468393837,nac,yfhL,False,insufficient_data,alpA|basR|btsR|glaR|glrR|nsrR|ptrR|rcdA,0,,,,,0.1252540388683475,0,
0,10,0.0,0.0,instrument_error,1468393837,1506969025,1468393837,nac,yfiL,False,insufficient_data,alpA|basR|btsR|glaR|glrR|nsrR|ptrR|rcdA,0,,,,,-0.2863269788676337,0,
0,10,0.0,0.0,instrument_error,1468393837,1506969025,1468393837,nac,yfjI,False,insufficient_data,alpA|basR|btsR|glaR|glrR|nsrR|ptrR|rcdA,0,,,,,-0.29471836746369584,0,
0,10,0.0,0.0,instrument_error,1468393837,1506969025,1468393837,nac,ygaM,False,insufficient_data,alpA|basR|btsR|glaR|glrR|nsrR|ptrR|rcdA,0,,,,,-0.11930272156419527,0,
0,10,0.0,0.0,instrument_error,1468393837,1506969025,1468393837,nac,ygaP,False,insufficient_data,alpA|basR|btsR|glaR|glrR|nsrR|ptrR|rcdA,0,,,,,0.20264280425614078,0,
0,10,0.0,0.0,instrument_error,1468393837,1506969025,1468393837,nac,ygaV,False,insufficient_data,alpA|basR|btsR|glaR|glrR|nsrR|ptrR|rcdA,0,,,,,-0.10642102190102591,0,
0,10,0.0,0.0,instrument_error,1468393837,1506969025,1468393837,nac,ygaZ,False,insufficient_data,alpA|basR|btsR|glaR|glrR|nsrR|ptrR|rcdA,0,,,,,0.243795090354817,0,
0,10,0.0,0.0,instrument_error,1468393837,1506969025,1468393837,nac,ygcE,False,insufficient_data,alpA|basR|btsR|glaR|glrR|nsrR|ptrR|rcdA,0,,,,,0.15742376933618463,0,
0,10,0.0,0.0,instrument_error,1468393837,1506969025,1468393837,nac,ygcO,False,insufficient_data,alpA|basR|btsR|glaR|glrR|nsrR|ptrR|rcdA,0,,,,,-0.45485421889527616,0,
0,10,0.0,0.0,instrument_error,1468393837,1506969025,1468393837,nac,ygcP,False,insufficient_data,alpA|basR|btsR|glaR|glrR|nsrR|ptrR|rcdA,0,,,,,-0.533124730720661,0,
0,10,0.0,0.0,instrument_error,1468393837,1506969025,1468393837,nac,ygcS,False,insufficient_data,alpA|basR|btsR|glaR|glrR|nsrR|ptrR|rcdA,0,,,,,0.07353269086007054,0,
0,10,0.0,0.0,instrument_error,1468393837,1506969025,1468393837,nac,ygdR,False,insufficient_data,alpA|basR|btsR|glaR|glrR|nsrR|ptrR|rcdA|yfeC,0,,,,,-0.20637013995091846,0,
0,10,0.0,0.0,instrument_error,1468393837,1506969025,1468393837,nac,ygeG,False,insufficient_data,alpA|basR|btsR|glaR|glrR|nsrR|ptrR|rcdA,0,,,,,0.13740849842132466,0,
0,10,0.0,0.0,instrument_error,1468393837,1506969025,1468393837,nac,yggP,False,insufficient_data,alpA|basR|btsR|glaR|glrR|nsrR|ptrR|rcdA,0,,,,,0.19481915552298706,0,
0,10,0.0,0.0,instrument_error,1468393837,1506969025,1468393837,nac,yghG,False,insufficient_data,alpA|basR|btsR|glaR|glrR|nsrR|ptrR|rcdA,0,,,,,-0.1586578071208444,0,
0,10,0.0,0.0,instrument_error,1468393837,1506969025,1468393837,nac,yghT,False,insufficient_data,alpA|basR|btsR|glaR|glrR|nsrR|ptrR|rcdA,0,,,,,-0.196548010939342,0,
0,10,0.0,0.0,instrument_error,1468393837,1506969025,1468393837,nac,ygiF,False,insufficient_data,alpA|basR|btsR|glaR|glrR|nsrR|ptrR|rcdA,0,,,,,0.4433897964180884,0,
0,10,0.0,0.0,instrument_error,1468393837,1506969025,1468393837,nac,ygiL,False,insufficient_data,alpA|basR|btsR|glaR|glrR|nsrR|ptrR|rcdA,0,,,,,-0.14014213119141708,0,
0,10,0.0,0.0,instrument_error,1468393837,1506969025,1468393837,nac,ygiN,False,insufficient_data,alpA|basR|btsR|glaR|glrR|nsrR|ptrR|rcdA,0,,,,,-0.13976360990380327,0,
0,10,0.0,0.0,instrument_error,1468393837,1506969025,1468393837,nac,ygjH,False,insufficient_data,alpA|basR|btsR|glaR|glrR|nsrR|ptrR|rcdA,0,,,,,-0.1472100299538494,0,
0,10,0.0,0.0,instrument_error,1468393837,1506969025,1468393837,nac,ygjI,False,insufficient_data,alpA|basR|btsR|glaR|glrR|nsrR|ptrR|rcdA,0,,,,,-0.542702847375959,0,
0,10,0.0,0.0,instrument_error,1468393837,1506969025,1468393837,nac,yhaB,False,insufficient_data,alpA|basR|btsR|glaR|glrR|nsrR|ptrR|rcdA,0,,,,,0.18022172190392158,0,
0,10,0.0,0.0,instrument_error,1468393837,1506969025,1468393837,nac,yhaI,False,insufficient_data,alpA|basR|btsR|glaR|glrR|nsrR|ptrR|rcdA,0,,,,,-0.13253989804743066,0,
0,10,0.0,0.0,instrument_error,1468393837,1506969025,1468393837,nac,yhbX,False,insufficient_data,alpA|basR|btsR|glaR|glrR|nsrR|ptrR|rcdA,0,,,,,-0.18038321325951245,0,
0,10,0.0,0.0,instrument_error,1468393837,1506969025,1468393837,nac,yhcA,False,insufficient_data,alpA|basR|btsR|glaR|glrR|nsrR|ptrR|rcdA,0,,,,,0.16704731174298582,0,
0,10,0.0,0.0,instrument_error,1468393837,1506969025,1468393837,nac,yhcD,False,insufficient_data,alpA|basR|btsR|glaR|glrR|nsrR|ptrR|rcdA,0,,,,,-0.11651276106272905,0,
0,10,0.0,0.0,instrument_error,1468393837,1506969025,1468393837,nac,yhfL,False,insufficient_data,alpA|basR|btsR|glaR|glrR|nsrR|ptrR|rcdA,0,,,,,-0.18675031124717903,0,
0,10,0.0,0.0,instrument_error,1468393837,1506969025,1468393837,nac,yhfZ,False,insufficient_data,alpA|basR|btsR|glaR|glrR|nsrR|ptrR|rcdA,0,,,,,-0.11303650583766428,0,
0,10,0.0,0.0,instrument_error,1468393837,1506969025,1468393837,nac,yhhQ,False,insufficient_data,alpA|basR|btsR|glaR|glrR|nsrR|ptrR|rcdA,0,,,,,-0.5682152918584276,0,
0,10,0.0,0.0,instrument_error,1468393837,1506969025,1468393837,nac,yhhZ,False,insufficient_data,alpA|basR|btsR|glaR|glrR|nsrR|ptrR|rcdA,0,,,,,-0.0861634679035379,0,
0,10,0.0,0.0,instrument_error,1468393837,1506969025,1468393837,nac,yhiJ,False,insufficient_data,alpA|basR|btsR|glaR|glrR|nsrR|ptrR|rcdA,0,,,,,-0.20916353867921236,0,
0,10,0.0,0.0,instrument_error,1468393837,1506969025,1468393837,nac,yhjD,False,insufficient_data,alpA|basR|btsR|glaR|glrR|nsrR|ptrR|rcdA,0,,,,,0.1208231718744954,0,
0,10,0.0,0.0,instrument_error,1468393837,1506969025,1468393837,nac,yiaD,False,insufficient_data,alpA|basR|btsR|glaR|glrR|nsrR|ptrR|rcdA,0,,,,,0.22440356142012405,0,
0,10,0.0,0.0,instrument_error,1468393837,1506969025,1468393837,nac,yieH,False,insufficient_data,alpA|basR|btsR|glaR|glrR|nsrR|ptrR|rcdA,0,,,,,0.18999054376614888,0,
0,10,0.0,0.0,instrument_error,1468393837,1506969025,1468393837,nac,yieP,False,insufficient_data,alpA|basR|btsR|glaR|glrR|nsrR|ptrR|rcdA,0,,,,,0.2075162496112988,0,
0,10,0.0,0.0,instrument_error,1468393837,1506969025,1468393837,nac,yifB,False,insufficient_data,alpA|basR|btsR|glaR|glrR|nsrR|ptrR|rcdA,0,,,,,-0.09152188304444676,0,
0,10,0.0,0.0,instrument_error,1468393837,1506969025,1468393837,nac,yigL,False,insufficient_data,alpA|basR|btsR|glaR|glrR|nsrR|ptrR|rcdA,0,,,,,0.13311845728873278,0,
0,10,0.0,0.0,instrument_error,1468393837,1506969025,1468393837,nac,yihD,False,insufficient_data,alpA|basR|btsR|glaR|glrR|nsrR|ptrR|rcdA,0,,,,,-0.23505312081079327,0,
0,10,0.0,0.0,instrument_error,1468393837,1506969025,1468393837,nac,yihL,False,insufficient_data,alpA|basR|btsR|glaR|glrR|nsrR|ptrR|rcdA,0,,,,,0.34214226943560666,0,
0,10,0.0,0.0,instrument_error,1468393837,1506969025,1468393837,nac,yihO,False,insufficient_data,alpA|basR|btsR|glaR|glrR|nsrR|ptrR|rcdA,0,,,,,0.20661987665224718,0,
0,10,0.0,0.0,instrument_error,1468393837,1506969025,1468393837,nac,yihQ,False,insufficient_data,alpA|basR|btsR|glaR|glrR|nsrR|ptrR|rcdA,0,,,,,-0.6390141525061228,0,
0,10,0.0,0.0,instrument_error,1468393837,1506969025,1468393837,nac,yiiE,False,insufficient_data,alpA|basR|btsR|glaR|glrR|nsrR|ptrR|rcdA,0,,,,,-0.1874721833977506,0,
0,10,0.0,0.0,instrument_error,1468393837,1506969025,1468393837,nac,yiiF,False,insufficient_data,alpA|basR|btsR|glaR|glrR|nsrR|ptrR|rcdA,0,,,,,0.2798998738711426,0,
0,10,0.0,0.0,instrument_error,1468393837,1506969025,1468393837,nac,yijO,False,insufficient_data,alpA|basR|btsR|glaR|glrR|nsrR|ptrR|rcdA,0,,,,,0.20194690132343526,0,
0,10,0.0,0.0,instrument_error,1468393837,1506969025,1468393837,nac,yjaH,False,insufficient_data,alpA|basR|btsR|glaR|glrR|nsrR|ptrR|rcdA,0,,,,,0.17880337152916986,0,
0,10,0.0,0.0,instrument_error,1468393837,1506969025,1468393837,nac,yjbB,False,insufficient_data,alpA|basR|btsR|glaR|glrR|nsrR|ptrR|rcdA,0,,,,,-0.22043210254138287,0,
0,10,0.0,0.0,instrument_error,1468393837,1506969025,1468393837,nac,yjcF,False,insufficient_data,alpA|basR|btsR|glaR|glrR|nsrR|ptrR|rcdA,0,,,,,-0.18785129048123606,0,
0,10,0.0,0.0,instrument_error,1468393837,1506969025,1468393837,nac,yjcO,False,insufficient_data,alpA|basR|btsR|glaR|glrR|nsrR|ptrR|rcdA,0,,,,,0.12647308438429403,0,
0,10,0.0,0.0,instrument_error,1468393837,1506969025,1468393837,nac,yjeJ,False,insufficient_data,alpA|basR|btsR|glaR|glrR|nsrR|ptrR|rcdA,0,,,,,-0.13551709239441898,0,
0,10,0.0,0.0,instrument_error,1468393837,1506969025,1468393837,nac,yjfZ,False,insufficient_data,alpA|basR|btsR|glaR|glrR|nsrR|ptrR|rcdA,0,,,,,0.06288276222979565,0,
0,10,0.0,0.0,instrument_error,1468393837,1506969025,1468393837,nac,yjgH,False,insufficient_data,alpA|basR|btsR|glaR|glrR|nsrR|ptrR|rcdA,0,,,,,0.10441207857779146,0,
0,10,0.0,0.0,instrument_error,1468393837,1506969025,1468393837,nac,yjgM,False,insufficient_data,alpA|basR|btsR|glaR|glrR|nsrR|ptrR|rcdA,0,,,,,0.16018164787534211,0,
0,10,0.0,0.0,instrument_error,1468393837,1506969025,1468393837,nac,yjgN,False,insufficient_data,alpA|basR|btsR|glaR|glrR|nsrR|ptrR|rcdA,0,,,,,-0.17873827217499938,0,
0,10,0.0,0.0,instrument_error,1468393837,1506969025,1468393837,nac,ykgH,False,insufficient_data,alpA|basR|btsR|glaR|glrR|nsrR|ptrR|rcdA,0,,,,,0.11131481591317571,0,
0,10,0.0,0.0,instrument_error,1468393837,1506969025,1468393837,nac,ykgL,False,insufficient_data,alpA|basR|btsR|glaR|glrR|nsrR|ptrR|rcdA,0,,,,,-0.4325500329677659,0,
0,10,0.0,0.0,instrument_error,1468393837,1506969025,1468393837,nac,ymjA,False,insufficient_data,alpA|basR|btsR|glaR|glrR|nsrR|ptrR|rcdA,0,,,,,0.08972480871402605,0,
0,10,0.0,0.0,instrument_error,1468393837,1506969025,1468393837,nac,ynaK,False,insufficient_data,alpA|basR|btsR|glaR|glrR|nsrR|ptrR|rcdA,0,,,,,0.13701708036080756,0,
0,10,0.0,0.0,instrument_error,1468393837,1506969025,1468393837,nac,yneK,False,insufficient_data,alpA|basR|btsR|glaR|glrR|nsrR|ptrR|rcdA,0,,,,,-0.14928627582194584,0,
0,10,0.0,0.0,instrument_error,1468393837,1506969025,1468393837,nac,ynfA,False,insufficient_data,alpA|basR|btsR|glaR|glrR|nsrR|ptrR|rcdA,0,,,,,0.16727207322059026,0,
0,10,0.0,0.0,instrument_error,1468393837,1506969025,1468393837,nac,ynfD,False,insufficient_data,alpA|basR|btsR|glaR|glrR|nsrR|ptrR|rcdA,0,,,,,-0.25190291582992863,0,
0,10,0.0,0.0,instrument_error,1468393837,1506969025,1468393837,nac,yniB,False,insufficient_data,alpA|basR|btsR|glaR|glrR|nsrR|ptrR|rcdA,0,,,,,-0.18969428393907445,0,
0,10,0.0,0.0,instrument_error,1468393837,1506969025,1468393837,nac,ynjF,False,insufficient_data,alpA|basR|btsR|glaR|glrR|nsrR|ptrR|rcdA,0,,,,,0.2257669380746156,0,
0,10,0.0,0.0,instrument_error,1468393837,1506969025,1468393837,nac,yobA,False,insufficient_data,alpA|basR|btsR|glaR|glrR|nsrR|ptrR|rcdA,0,,,,,-0.09081062196840341,0,
0,10,0.0,0.0,instrument_error,1468393837,1506969025,1468393837,nac,yohO,False,insufficient_data,alpA|basR|btsR|glaR|glrR|nsrR|ptrR|rcdA,0,,,,,0.06868436717314735,0,
0,10,0.0,0.0,instrument_error,1468393837,1506969025,1468393837,nac,yqeB,False,insufficient_data,alpA|basR|btsR|glaR|glrR|nsrR|ptrR|rcdA,0,,,,,-0.06945470164199853,0,
0,10,0.0,0.0,instrument_error,1468393837,1506969025,1468393837,nac,yqeH,False,insufficient_data,alpA|basR|btsR|glaR|glrR|nsrR|ptrR|rcdA,0,,,,,0.251316733812615,0,
0,10,0.0,0.0,instrument_error,1468393837,1506969025,1468393837,nac,yqeJ,False,insufficient_data,alpA|basR|btsR|glaR|glrR|nsrR|ptrR|rcdA,0,,,,,-0.2740914824208823,0,
0,10,0.0,0.0,instrument_error,1468393837,1506969025,1468393837,nac,yqeK,False,insufficient_data,alpA|basR|btsR|glaR|glrR|nsrR|ptrR|rcdA,0,,,,,0.14830424224046185,0,
0,10,0.0,0.0,instrument_error,1468393837,1506969025,1468393837,nac,yraH,False,insufficient_data,alpA|basR|btsR|glaR|glrR|nsrR|ptrR|rcdA,0,,,,,0.308479014341768,0,
0,10,0.0,0.0,instrument_error,1468393837,1506969025,1468393837,nac,yrhB,False,insufficient_data,alpA|basR|btsR|glaR|glrR|nsrR|ptrR|rcdA,0,,,,,0.16839999713257003,0,
0,10,0.0,0.0,instrument_error,1468393837,1506969025,1468393837,nac,ytfP,False,insufficient_data,alpA|basR|btsR|glaR|glrR|nsrR|ptrR|rcdA,0,,,,,0.1123759875309778,0,
0,10,0.0,0.0,instrument_error,1468393837,1506969025,1468393837,narL,adhE,False,insufficient_data,cra|fis|flhC|flhD|fnr|lrp|modE|rpoD|rpoS|srsR,0,,,,,0.10539316272741306,0,
0,10,0.0,0.0,instrument_error,1468393837,1506969025,1468393837,narL,aspA,False,insufficient_data,crp|fnr|lrp|modE|rpoD,0,,,,,-0.23309879093309332,0,
0,10,0.0,0.0,instrument_error,1468393837,1506969025,1468393837,narL,caiF,False,insufficient_data,crp|fnr|hns|modE|nac|rpoD,0,,,,,-0.10296436527109493,0,
0,10,0.0,0.0,instrument_error,1468393837,1506969025,1468393837,narL,ccmA,False,insufficient_data,flhC|flhD|fnr|modE|nac|narP|rpoD,0,,,,,-0.2859449323442423,0,
0,10,0.0,0.0,instrument_error,1468393837,1506969025,1468393837,narL,ccmB,False,insufficient_data,flhC|flhD|fnr|modE|nac|narP|rpoD,0,,,,,0.13012322936610063,0,
0,10,0.0,0.0,instrument_error,1468393837,1506969025,1468393837,narL,ccmC,False,insufficient_data,flhC|flhD|fnr|modE|narP|rpoD,0,,,,,-0.15109341286245548,0,
0,10,0.0,0.0,instrument_error,1468393837,1506969025,1468393837,narL,ccmD,False,insufficient_data,flhC|flhD|fnr|modE|narP|rpoD,0,,,,,0.1380793939667236,0,
0,10,0.0,0.0,instrument_error,1468393837,1506969025,1468393837,narL,ccmE,False,insufficient_data,flhC|flhD|fnr|modE|narP|rpoD,0,,,,,-0.1350738138945286,0,
0,10,0.0,0.0,instrument_error,1468393837,1506969025,1468393837,narL,ccmF,False,insufficient_data,flhC|flhD|fnr|modE|narP|rpoD,0,,,,,-0.11220942719902523,0,
0,10,0.0,0.0,instrument_error,1468393837,1506969025,1468393837,narL,ccmG,False,insufficient_data,flhC|flhD|fnr|modE|narP|rpoD,0,,,,,0.16928760725739544,0,
0,10,0.0,0.0,instrument_error,1468393837,1506969025,1468393837,narL,ccmH,False,insufficient_data,flhC|flhD|fnr|modE|nac|narP|rpoD,0,,,,,-0.1923370614128187,0,
0,10,0.0,0.0,instrument_error,1468393837,1506969025,1468393837,narL,citC,False,insufficient_data,arcA|crp|fnr|modE|rpoD,0,,,,,0.46016108151141205,0,
0,10,0.0,0.0,instrument_error,1468393837,1506969025,1468393837,narL,citD,False,insufficient_data,arcA|crp|fnr|modE|rpoD,0,,,,,0.09732769584210785,0,
0,10,0.0,0.0,instrument_error,1468393837,1506969025,1468393837,narL,citE,False,insufficient_data,arcA|crp|fnr|modE|rpoD,0,,,,,0.17042598895233343,0,
0,10,0.0,0.0,instrument_error,1468393837,1506969025,1468393837,narL,citF,False,insufficient_data,arcA|crp|fnr|modE|rpoD,0,,,,,0.11814997636789734,0,
0,10,0.0,0.0,instrument_error,1468393837,1506969025,1468393837,narL,citG,False,insufficient_data,arcA|crp|fnr|modE|rpoD,0,,,,,-0.25353391344162834,0,
0,10,0.0,0.0,instrument_error,1468393837,1506969025,1468393837,narL,citX,False,insufficient_data,arcA|crp|fnr|modE|rpoD,0,,,,,-0.21753503053276585,0,
0,10,0.0,0.0,instrument_error,1468393837,1506969025,1468393837,narL,cydC,False,insufficient_data,arcA|fnr|lrp|modE|rpoD,0,,,,,-0.14340281904215604,0,
0,10,0.0,0.0,instrument_error,1468393837,1506969025,1468393837,narL,cydD,False,insufficient_data,arcA|fnr|modE|rpoD,0,,,,,0.1769869302519959,0,
0,10,0.0,0.0,instrument_error,1468393837,1506969025,1468393837,narL,cysG,False,insufficient_data,cra|crp|fis|fnr|hns|ihfA|ihfB|modE|narP|rpoD,0,,,,,0.24392967045555566,0,
0,10,0.0,0.0,instrument_error,1468393837,1506969025,1468393837,narL,dcuA,False,insufficient_data,arcA|crp|fnr|modE|rpoD,0,,,,,0.6774969131598978,0,
0,10,0.0,0.0,instrument_error,1468393837,1506969025,1468393837,narL,dcuB,False,insufficient_data,arcA|crp|fnr|modE|rpoD,0,,,,,0.5097691815919388,0,
0,10,0.0,0.0,instrument_error,1468393837,1506969025,1468393837,narL,dcuR,False,insufficient_data,crp|fnr|modE|rpoD,0,,,,,-0.20180325786008643,0,
0,10,0.0,0.0,instrument_error,1468393837,1506969025,1468393837,narL,dcuS,False,insufficient_data,fnr|modE|rpoD,0,,,,,0.21708415390177474,0,
0,10,0.0,0.0,instrument_error,1468393837,1506969025,1468393837,narL,dmsA,False,insufficient_data,fis|fnr|fur|ihfA|ihfB|modE|rpoD,0,,,,,0.15528028392499849,0,
0,10,0.0,0.0,instrument_error,1468393837,1506969025,1468393837,narL,dmsB,False,insufficient_data,fis|fnr|fur|ihfA|ihfB|modE|rpoD,0,,,,,0.10223206099014885,0,
0,10,0.0,0.0,instrument_error,1468393837,1506969025,1468393837,narL,dmsC,False,insufficient_data,fis|fnr|fur|ihfA|ihfB|modE|rpoD,0,,,,,-0.19669514637389113,0,
0,10,0.0,0.0,instrument_error,1468393837,1506969025,1468393837,narL,dmsD,False,insufficient_data,fnr|modE|rpoD|rpoS,0,,,,,-0.132320119377571,0,
0,10,0.0,0.0,instrument_error,1468393837,1506969025,1468393837,narL,dpiA,False,insufficient_data,arcA|crp|fnr|modE|rpoD,0,,,,,-0.1764979962654157,0,
0,10,0.0,0.0,instrument_error,1468393837,1506969025,1468393837,narL,dpiB,False,insufficient_data,arcA|crp|fnr|modE|rpoD,0,,,,,0.1787034894243031,0,
0,10,0.0,0.0,instrument_error,1468393837,1506969025,1468393837,narL,fdhF,False,insufficient_data,fhlA|fnr|modE|narP|rpoD|rpoN,0,,,,,-0.2685753115642675,0,
0,10,0.0,0.0,instrument_error,1468393837,1506969025,1468393837,narL,fdnG,False,insufficient_data,cpxR|fnr|modE|narP|rpoD,0,,,,,0.21681015059189843,0,
0,10,0.0,0.0,instrument_error,1468393837,1506969025,1468393837,narL,fdnH,False,insufficient_data,fnr|modE|narP|rpoD,0,,,,,0.14714200584912038,0,
0,10,0.0,0.0,instrument_error,1468393837,1506969025,1468393837,narL,fdnI,False,insufficient_data,fnr|modE|narP|rpoD,0,,,,,0.10369973456118742,0,
0,10,0.0,0.0,instrument_error,1468393837,1506969025,1468393837,narL,focA,False,insufficient_data,arcA|cpxR|crp|fnr|ihfA|ihfB|modE|rpoD,0,,,,,-0.16404019960698538,0,
0,10,0.0,0.0,instrument_error,1468393837,1506969025,1468393837,narL,frdA,False,insufficient_data,crp|fnr|lrp|modE|rpoD|rpoS,0,,,,,-0.17353821274844974,0,
0,10,0.0,0.0,instrument_error,1468393837,1506969025,1468393837,narL,frdB,False,insufficient_data,crp|fnr|lrp|modE|rpoD|rpoS,0,,,,,-0.14500664419480974,0,
0,10,0.0,0.0,instrument_error,1468393837,1506969025,1468393837,narL,frdC,False,insufficient_data,crp|fnr|modE|rpoD|rpoS,0,,,,,0.16723532196671237,0,
0,10,0.0,0.0,instrument_error,1468393837,1506969025,1468393837,narL,frdD,False,insufficient_data,crp|fnr|modE|rpoD|rpoS,0,,,,,0.06336728170767429,0,
0,10,0.0,0.0,instrument_error,1468393837,1506969025,1468393837,narL,fumB,False,insufficient_data,arcA|crp|fis|fnr|fur|modE|rpoD,0,,,,,-0.25050353606236536,0,
0,10,0.0,0.0,instrument_error,1468393837,1506969025,1468393837,narL,hcp,False,insufficient_data,cpxR|fnr|modE|narP|nsrR|oxyR|rpoD|rpoE,0,,,,,-0.10259474239811303,0,
0,10,0.0,0.0,instrument_error,1468393837,1506969025,1468393837,narL,hcr,False,insufficient_data,fnr|modE|narP|nsrR|oxyR|rpoD|rpoE,0,,,,,0.17025395413619943,0,
0,10,0.0,0.0,instrument_error,1468393837,1506969025,1468393837,narL,hyaA,False,insufficient_data,arcA|crp|fis|fnr|hns|iscR|modE|narP|rpoD|rpoS|ydeO,0,,,,,-0.1738018244142757,0,
0,10,0.0,0.0,instrument_error,1468393837,1506969025,1468393837,narL,hyaB,False,insufficient_data,arcA|crp|fis|fnr|hns|iscR|modE|narP|rpoD|rpoS|ydeO,0,,,,,0.15345465604492053,0,
0,10,0.0,0.0,instrument_error,1468393837,1506969025,1468393837,narL,hyaC,False,insufficient_data,arcA|crp|fis|fnr|hns|iscR|modE|narP|rpoD|rpoS|ydeO,0,,,,,0.14428553925692192,0,
0,10,0.0,0.0,instrument_error,1468393837,1506969025,1468393837,narL,hyaD,False,insufficient_data,arcA|crp|fis|fnr|hns|iscR|modE|narP|rpoD|rpoS|ydeO,0,,,,,0.0736252647062277,0,
0,10,0.0,0.0,instrument_error,1468393837,1506969025,1468393837,narL,hyaE,False,insufficient_data,arcA|crp|fis|fnr|hns|iscR|modE|narP|rpoD|rpoS|ydeO,0,,,,,-0.07188702962322197,0,
0,10,0.0,0.0,instrument_error,1468393837,1506969025,1468393837,narL,hyaF,False,insufficient_data,arcA|crp|fis|fnr|hns|iscR|modE|narP|rpoD|rpoS|ydeO,0,,,,,-0.25106464873921375,0,
0,10,0.0,0.0,instrument_error,1468393837,1506969025,1468393837,narL,hybA,False,insufficient_data,arcA|fnr|modE|rpoD,0,,,,,-0.15157391224383024,0,
0,10,0.0,0.0,instrument_error,1468393837,1506969025,1468393837,narL,hybB,False,insufficient_data,arcA|fnr|modE|rpoD,0,,,,,0.20000205009096825,0,
0,10,0.0,0.0,instrument_error,1468393837,1506969025,1468393837,narL,hybC,False,insufficient_data,arcA|fnr|modE|rpoD,0,,,,,-0.2451826177177791,0,
0,10,0.0,0.0,instrument_error,1468393837,1506969025,1468393837,narL,hybD,False,insufficient_data,arcA|fnr|modE|rpoD,0,,,,,0.22261816317475758,0,
0,10,0.0,0.0,instrument_error,1468393837,1506969025,1468393837,narL,hybE,False,insufficient_data,arcA|fnr|modE|rpoD|yfeC,0,,,,,-0.23120884974184203,0,
0,10,0.0,0.0,instrument_error,1468393837,1506969025,1468393837,narL,hybF,False,insufficient_data,arcA|fnr|modE|rpoD,0,,,,,0.25532012758580114,0,
0,10,0.0,0.0,instrument_error,1468393837,1506969025,1468393837,narL,hybG,False,insufficient_data,arcA|fnr|modE|rpoD,0,,,,,0.12564257625382902,0,
0,10,0.0,0.0,instrument_error,1468393837,1506969025,1468393837,narL,hybO,False,insufficient_data,arcA|fnr|fur|modE|rpoD,0,,,,,0.5667628774421462,0,
0,10,0.0,0.0,instrument_error,1468393837,1506969025,1468393837,narL,moeA,False,insufficient_data,arcA|fnr|modE|nac|nsrR|rpoD,0,,,,,-0.30881944575159187,0,
0,10,0.0,0.0,instrument_error,1468393837,1506969025,1468393837,narL,moeB,False,insufficient_data,arcA|fnr|modE|nsrR|rpoD,0,,,,,-0.2986352953217545,0,
0,10,0.0,0.0,instrument_error,1468393837,1506969025,1468393837,narL,napA,False,insufficient_data,flhC|flhD|fnr|iscR|modE|narP|rpoD,0,,,,,0.07274951392423622,0,
0,10,0.0,0.0,instrument_error,1468393837,1506969025,1468393837,narL,napB,False,insufficient_data,flhC|flhD|fnr|iscR|modE|nac|narP|rpoD,0,,,,,-0.11012992842092152,0,
0,10,0.0,0.0,instrument_error,1468393837,1506969025,1468393837,narL,napC,False,insufficient_data,flhC|flhD|fnr|iscR|modE|nac|narP|rpoD,0,,,,,0.0866538209946495,0,
0,10,0.0,0.0,instrument_error,1468393837,1506969025,1468393837,narL,napD,False,insufficient_data,flhC|flhD|fnr|iscR|modE|narP|rpoD,0,,,,,-0.15595389985808794,0,
0,10,0.0,0.0,instrument_error,1468393837,1506969025,1468393837,narL,napF,False,insufficient_data,flhC|flhD|fnr|iscR|lrp|modE|narP|rpoD,0,,,,,-0.1336285855696966,0,
0,10,0.0,0.0,instrument_error,1468393837,1506969025,1468393837,narL,napG,False,insufficient_data,flhC|flhD|fnr|iscR|modE|narP|rpoD,0,,,,,0.23438377404811617,0,
0,10,0.0,0.0,instrument_error,1468393837,1506969025,1468393837,narL,napH,False,insufficient_data,flhC|flhD|fnr|iscR|modE|narP|rpoD,0,,,,,-0.11456049580965626,0,
0,10,0.0,0.0,instrument_error,1468393837,1506969025,1468393837,narL,narG,False,insufficient_data,fis|fnr|ihfA|ihfB|modE|rob|rpoD|rstA,0,,,,,-0.14578680284642473,0,
0,10,0.0,0.0,instrument_error,1468393837,1506969025,1468393837,narL,narH,False,insufficient_data,fis|fnr|ihfA|ihfB|modE|rpoD|rstA,0,,,,,-0.7300180349616181,0,
0,10,0.0,0.0,instrument_error,1468393837,1506969025,1468393837,narL,narI,False,insufficient_data,fis|fnr|ihfA|ihfB|modE|rpoD|rstA,0,,,,,-0.20436297611243845,0,
0,10,0.0,0.0,instrument_error,1468393837,1506969025,1468393837,narL,narJ,False,insufficient_data,fis|fnr|ihfA|ihfB|modE|rpoD|rstA,0,,,,,-0.17337806951148668,0,
0,10,0.0,0.0,instrument_error,1468393837,1506969025,1468393837,narL,narK,False,insufficient_data,fis|fnr|ihfA|ihfB|modE|nac|rpoD,0,,,,,0.22705942012629726,0,
0,10,0.0,0.0,instrument_error,1468393837,1506969025,1468393837,narL,nikA,False,insufficient_data,fnr|modE|rpoD|rpoN,0,,,,,-0.14252405764970724,0,
0,10,0.0,0.0,instrument_error,1468393837,1506969025,1468393837,narL,nikB,False,insufficient_data,fnr|modE|rpoD|rpoN,0,,,,,-0.16204053680981045,0,
0,10,0.0,0.0,instrument_error,1468393837,1506969025,1468393837,narL,nikC,False,insufficient_data,fnr|modE|rpoD|rpoN,0,,,,,-0.13673717197261168,0,
0,10,0.0,0.0,instrument_error,1468393837,1506969025,1468393837,narL,nikD,False,insufficient_data,fnr|modE|rpoD|rpoN,0,,,,,0.1061347965496777,0,
0,10,0.0,0.0,instrument_error,1468393837,1506969025,1468393837,narL,nikE,False,insufficient_data,fnr|modE|rpoD|rpoN,0,,,,,-0.19442508386375765,0,
0,10,0.0,0.0,instrument_error,1468393837,1506969025,1468393837,narL,nikR,False,insufficient_data,fnr|modE|rpoD|rpoN,0,,,,,-0.15139628452065493,0,
0,10,0.0,0.0,instrument_error,1468393837,1506969025,1468393837,narL,nirB,False,insufficient_data,cra|crp|fis|fnr|hns|ihfA|ihfB|modE|narP|rpoD,0,,,,,0.3440584479314143,0,
0,10,0.0,0.0,instrument_error,1468393837,1506969025,1468393837,narL,nirC,False,insufficient_data,cra|crp|fis|fnr|hns|ihfA|ihfB|modE|narP|rpoD,0,,,,,-0.06046755653673953,0,
0,10,0.0,0.0,instrument_error,1468393837,1506969025,1468393837,narL,nirD,False,insufficient_data,cra|crp|fis|fnr|hns|ihfA|ihfB|modE|narP|rpoD,0,,,,,0.07209095229561958,0,
0,10,0.0,0.0,instrument_error,1468393837,1506969025,1468393837,narL,norV,False,insufficient_data,fnr|ihfA|ihfB|modE|narP|norR|rpoD|rpoN,0,,,,,-0.12831666389442817,0,
0,10,0.0,0.0,instrument_error,1468393837,1506969025,1468393837,narL,norW,False,insufficient_data,fnr|ihfA|ihfB|modE|narP|norR|rpoD|rpoN,0,,,,,0.11084772295631264,0,
0,10,0.0,0.0,instrument_error,1468393837,1506969025,1468393837,narL,nrfA,False,insufficient_data,fis|flhC|flhD|fnr|ihfA|ihfB|modE|narP|nsrR|rpoD,0,,,,,-0.30032568183945635,0,
0,10,0.0,0.0,instrument_error,1468393837,1506969025,1468393837,narL,nrfB,False,insufficient_data,fis|flhC|flhD|fnr|ihfA|ihfB|modE|narP|nsrR|rpoD,0,,,,,-0.2733430772894935,0,
0,10,0.0,0.0,instrument_error,1468393837,1506969025,1468393837,narL,nrfC,False,insufficient_data,fis|flhC|flhD|fnr|ihfA|ihfB|modE|narP|nsrR|rpoD,0,,,,,-0.16312950048816519,0,
0,10,0.0,0.0,instrument_error,1468393837,1506969025,1468393837,narL,nrfD,False,insufficient_data,fis|flhC|flhD|fnr|ihfA|ihfB|modE|narP|nsrR|rpoD,0,,,,,-0.15550121723845176,0,
0,10,0.0,0.0,instrument_error,1468393837,1506969025,1468393837,narL,nrfE,False,insufficient_data,fis|flhC|flhD|fnr|ihfA|ihfB|modE|narP|nsrR|rpoD,0,,,,,-0.10412123779363291,0,
0,10,0.0,0.0,instrument_error,1468393837,1506969025,1468393837,narL,nrfF,False,insufficient_data,fis|flhC|flhD|fnr|ihfA|ihfB|modE|nac|narP|nsrR|rpoD,0,,,,,-0.33324507890341687,0,
0,10,0.0,0.0,instrument_error,1468393837,1506969025,1468393837,narL,nrfG,False,insufficient_data,fis|flhC|flhD|fnr|ihfA|ihfB|modE|nac|narP|nsrR|rpoD,0,,,,,-0.3230934735931511,0,
0,10,0.0,0.0,instrument_error,1468393837,1506969025,1468393837,narL,nuoA,False,insufficient_data,arcA|cpxR|fis|fnr|ihfA|ihfB|lrp|modE|rpoD,0,,,,,-0.09100137069421609,0,
0,10,0.0,0.0,instrument_error,1468393837,1506969025,1468393837,narL,nuoB,False,insufficient_data,arcA|fis|fnr|ihfA|ihfB|modE|rpoD,0,,,,,-0.15949894830746106,0,
0,10,0.0,0.0,instrument_error,1468393837,1506969025,1468393837,narL,nuoC,False,insufficient_data,arcA|fis|fnr|ihfA|ihfB|modE|rpoD,0,,,,,-0.15137301035540168,0,
0,10,0.0,0.0,instrument_error,1468393837,1506969025,1468393837,narL,nuoE,False,insufficient_data,arcA|fis|fnr|ihfA|ihfB|modE|rpoD,0,,,,,-0.1598416591402904,0,
0,10,0.0,0.0,instrument_error,1468393837,1506969025,1468393837,narL,nuoF,False,insufficient_data,arcA|fis|fnr|ihfA|ihfB|modE|rpoD,0,,,,,-0.2739456773922404,0,
0,10,0.0,0.0,instrument_error,1468393837,1506969025,1468393837,narL,nuoG,False,insufficient_data,arcA|fis|fnr|ihfA|ihfB|modE|rpoD,0,,,,,0.378742197246395,0,
0,10,0.0,0.0,instrument_error,1468393837,1506969025,1468393837,narL,nuoH,False,insufficient_data,arcA|fis|fnr|ihfA|ihfB|modE|rpoD,0,,,,,0.10482741447815735,0,
0,10,0.0,0.0,instrument_error,1468393837,1506969025,1468393837,narL,nuoI,False,insufficient_data,arcA|fis|fnr|ihfA|ihfB|modE|rpoD,0,,,,,-0.2662147111910498,0,
0,10,0.0,0.0,instrument_error,1468393837,1506969025,1468393837,narL,nuoJ,False,insufficient_data,arcA|fis|fnr|ihfA|ihfB|modE|rpoD,0,,,,,-0.13462272575889814,0,
0,10,0.0,0.0,instrument_error,1468393837,1506969025,1468393837,narL,nuoK,False,insufficient_data,arcA|fis|fnr|ihfA|ihfB|modE|rpoD,0,,,,,-0.2033046490249671,0,
0,10,0.0,0.0,instrument_error,1468393837,1506969025,1468393837,narL,nuoL,False,insufficient_data,arcA|fis|fnr|ihfA|ihfB|modE|rpoD,0,,,,,-0.19340927125423396,0,
0,10,0.0,0.0,instrument_error,1468393837,1506969025,1468393837,narL,nuoM,False,insufficient_data,arcA|fis|fnr|ihfA|ihfB|modE|rpoD,0,,,,,-0.1256340695584703,0,
0,10,0.0,0.0,instrument_error,1468393837,1506969025,1468393837,narL,nuoN,False,insufficient_data,arcA|fis|fnr|ihfA|ihfB|modE|ompR|rpoD,0,,,,,-0.10245535910966196,0,
0,10,0.0,0.0,instrument_error,1468393837,1506969025,1468393837,narL,ogt,False,insufficient_data,fis|fnr|modE|rpoD,0,,,,,0.24680456868578446,0,
0,10,0.0,0.0,instrument_error,1468393837,1506969025,1468393837,narL,ompW,False,insufficient_data,arcA|crp|fnr|fur|modE|rpoD|soxS,0,,,,,0.06373328896060118,0,
0,10,0.0,0.0,instrument_error,1468393837,1506969025,1468393837,narL,pflB,False,insufficient_data,arcA|cpxR|crp|fis|fnr|ihfA|ihfB|modE|rpoD|srsR|yeiE,0,,,,,-0.10380585276858664,0,
0,10,0.0,0.0,instrument_error,1468393837,1506969025,1468393837,narL,poxB,False,insufficient_data,cra|fnr|marA|modE|narP|nsrR|oxyR|rpoD|rpoS|soxS,0,,,,,-0.11018355593494808,0,
0,10,0.0,0.0,instrument_error,1468393837,1506969025,1468393837,narL,torA,False,insufficient_data,fnr|modE|nac|rpoD|torR,0,,,,,-0.1147061683026941,0,
0,10,0.0,0.0,instrument_error,1468393837,1506969025,1468393837,narL,torC,False,insufficient_data,fnr|modE|rpoD|torR,0,,,,,-0.12963108624032116,0,
0,10,0.0,0.0,instrument_error,1468393837,1506969025,1468393837,narL,torD,False,insufficient_data,fnr|modE|rpoD|torR,0,,,,,0.09747258220732936,0,
0,10,0.0,0.0,instrument_error,1468393837,1506969025,1468393837,narL,ubiA,False,insufficient_data,arcA|fnr|ihfA|ihfB|lrp|modE|nac|rpoD,0,,,,,0.26311663169014393,0,
0,10,0.0,0.0,instrument_error,1468393837,1506969025,1468393837,narL,ubiC,False,insufficient_data,arcA|fnr|ihfA|ihfB|modE|rpoD,0,,,,,0.06421784407219705,0,
0,10,0.0,0.0,instrument_error,1468393837,1506969025,1468393837,narL,ydeP,False,insufficient_data,evgA|fnr|hns|modE|nac|nagC|narP|phoP|rcsB|rpoD|uvrY,0,,,,,-0.06003141650705035,0,
0,10,0.0,0.0,instrument_error,1468393837,1506969025,1468393837,narL,ydhT,False,insufficient_data,fnr|modE|narP|rpoD|rpoS,0,,,,,0.35440995098044403,0,
0,10,0.0,0.0,instrument_error,1468393837,1506969025,1468393837,narL,ydhU,False,insufficient_data,fnr|modE|narP|rpoD|rpoS,0,,,,,0.20644683391263668,0,
0,10,0.0,0.0,instrument_error,1468393837,1506969025,1468393837,narL,ydhV,False,insufficient_data,fnr|modE|narP|rpoD|rpoS,0,,,,,0.1099940854059991,0,
0,10,0.0,0.0,instrument_error,1468393837,1506969025,1468393837,narL,ydhW,False,insufficient_data,fnr|modE|narP|rpoD|rpoS,0,,,,,-0.22231074125683842,0,
0,10,0.0,0.0,instrument_error,1468393837,1506969025,1468393837,narL,ydhX,False,insufficient_data,fnr|modE|narP|rpoD|rpoS,0,,,,,0.15634206491097144,0,
0,10,0.0,0.0,instrument_error,1468393837,1506969025,1468393837,narL,ydhY,False,insufficient_data,fnr|modE|narP|rpoD|rpoS,0,,,,,0.26944514106641393,0,
0,10,0.0,0.0,instrument_error,1468393837,1506969025,1468393837,narL,yeaR,False,insufficient_data,fis|fnr|modE|narP|nsrR|rpoD,0,,,,,0.14206641602719844,0,
0,10,0.0,0.0,instrument_error,1468393837,1506969025,1468393837,narL,ynfE,False,insufficient_data,fnr|modE|nac|rpoD|rpoS,0,,,,,0.11712551929568422,0,
0,10,0.0,0.0,instrument_error,1468393837,1506969025,1468393837,narL,ynfF,False,insufficient_data,fnr|modE|nac|rpoD|rpoS,0,,,,,-0.3916929509265331,0,
0,10,0.0,0.0,instrument_error,1468393837,1506969025,1468393837,narL,ynfG,False,insufficient_data,fnr|modE|nac|rpoD|rpoS,0,,,,,0.2984079341600063,0,
0,10,0.0,0.0,instrument_error,1468393837,1506969025,1468393837,narL,ynfH,False,insufficient_data,fnr|modE|rpoD|rpoS,0,,,,,-0.11147675373127779,0,
0,10,0.0,0.0,instrument_error,1468393837,1506969025,1468393837,narL,yoaG,False,insufficient_data,fis|fnr|modE|narP|nsrR|rpoD,0,,,,,0.12242566957640386,0,
0,10,0.0,0.0,instrument_error,1468393837,1506969025,1468393837,narL,ytfE,False,insufficient_data,fnr|modE|narP|nsrR|rpoD,0,,,,,0.17051671262892235,0,
0,10,0.0,0.0,instrument_error,1468393837,1506969025,1468393837,nfeR,nfeF,False,insufficient_data,fnr|fur|rpoD,0,,,,,0.133658419357822,0,
0,10,0.0,0.0,instrument_error,1468393837,1506969025,1468393837,nikR,nikA,False,insufficient_data,fnr|narL|rpoN,0,,,,,-0.2707996235973383,0,
0,10,0.0,0.0,instrument_error,1468393837,1506969025,1468393837,nikR,nikB,False,insufficient_data,fnr|narL|rpoN,0,,,,,0.13648153459792775,0,
0,10,0.0,0.0,instrument_error,1468393837,1506969025,1468393837,nikR,nikC,False,insufficient_data,fnr|narL|rpoN,0,,,,,-0.14236127261948622,0,
0,10,0.0,0.0,instrument_error,1468393837,1506969025,1468393837,nikR,nikD,False,insufficient_data,fnr|narL|rpoN,0,,,,,0.11698440371678587,0,
0,10,0.0,0.0,instrument_error,1468393837,1506969025,1468393837,nikR,nikE,False,insufficient_data,fnr|narL|rpoN,0,,,,,-0.10469598843097053,0,
0,10,0.0,0.0,instrument_error,1468393837,1506969025,1468393837,iscR,erpA,False,insufficient_data,fur|rpoD,0,,,,,-0.23065526983686016,0,
0,10,0.0,0.0,instrument_error,1468393837,1506969025,1468393837,iscR,hyaA,False,insufficient_data,appY|arcA|fis|narL|narP|rpoD|rpoS|ydeO,0,,,,,-0.1778661869393913,0,
0,10,0.0,0.0,instrument_error,1468393837,1506969025,1468393837,iscR,hyaB,False,insufficient_data,appY|arcA|fis|narL|narP|rpoD|rpoS|ydeO,0,,,,,-0.12432032640537839,0,
0,10,0.0,0.0,instrument_error,1468393837,1506969025,1468393837,iscR,hyaC,False,insufficient_data,appY|arcA|fis|narL|narP|rpoD|rpoS|ydeO,0,,,,,0.05072049511495013,0,
0,10,0.0,0.0,instrument_error,1468393837,1506969025,1468393837,iscR,hyaD,False,insufficient_data,appY|arcA|fis|narL|narP|rpoD|rpoS|ydeO,0,,,,,-0.1379705424071077,0,
0,10,0.0,0.0,instrument_error,1468393837,1506969025,1468393837,iscR,hyaE,False,insufficient_data,appY|arcA|fis|narL|narP|rpoD|rpoS|ydeO,0,,,,,-0.11565536115882047,0,
0,10,0.0,0.0,instrument_error,1468393837,1506969025,1468393837,iscR,hyaF,False,insufficient_data,appY|arcA|fis|narL|narP|rpoD|rpoS|ydeO,0,,,,,0.14078350820872745,0,
0,10,0.0,0.0,instrument_error,1468393837,1506969025,1468393837,iscR,iscA,False,insufficient_data,rpoD,0,,,,,0.2703204643216317,0,
0,10,0.0,0.0,instrument_error,1468393837,1506969025,1468393837,iscR,iscS,False,insufficient_data,rpoD,0,,,,,-0.14231556461306544,0,
0,10,0.0,0.0,instrument_error,1468393837,1506969025,1468393837,iscR,iscU,False,insufficient_data,rpoD,0,,,,,-0.05322242602374702,0,
0,10,0.0,0.0,instrument_error,1468393837,1506969025,1468393837,iscR,napA,False,insufficient_data,flhC|flhD|fnr|modE|narL|narP|rpoD,0,,,,,-0.1586626937208998,0,
0,10,0.0,0.0,instrument_error,1468393837,1506969025,1468393837,iscR,napB,False,insufficient_data,flhC|flhD|fnr|modE|nac|narL|narP|rpoD,0,,,,,-0.15673850851860963,0,
0,10,0.0,0.0,instrument_error,1468393837,1506969025,1468393837,iscR,napC,False,insufficient_data,flhC|flhD|fnr|modE|nac|narL|narP|rpoD,0,,,,,0.22847873120106596,0,
0,10,0.0,0.0,instrument_error,1468393837,1506969025,1468393837,iscR,napD,False,insufficient_data,flhC|flhD|fnr|modE|narL|narP|rpoD,0,,,,,-0.1860085407304606,0,
0,10,0.0,0.0,instrument_error,1468393837,1506969025,1468393837,iscR,napF,False,insufficient_data,flhC|flhD|fnr|lrp|modE|narL|narP|rpoD,0,,,,,-0.20587861515694117,0,
0,10,0.0,0.0,instrument_error,1468393837,1506969025,1468393837,iscR,napG,False,insufficient_data,flhC|flhD|fnr|modE|narL|narP|rpoD,0,,,,,-0.19438150387411354,0,
0,10,0.0,0.0,instrument_error,1468393837,1506969025,1468393837,iscR,napH,False,insufficient_data,flhC|flhD|fnr|modE|narL|narP|rpoD,0,,,,,0.5308188098208035,0,
0,10,0.0,0.0,instrument_error,1468393837,1506969025,1468393837,iscR,nfuA,False,insufficient_data,crp|gntR|rpoD|rpoH,0,,,,,-0.11007461213889815,0,
0,10,0.0,0.0,instrument_error,1468393837,1506969025,1468393837,iscR,nrdE,False,insufficient_data,fur|nrdR|rpoD,0,,,,,-0.08284579337345875,0,
0,10,0.0,0.0,instrument_error,1468393837,1506969025,1468393837,iscR,nrdF,False,insufficient_data,fur|nrdR|rpoD,0,,,,,-0.22293554781305813,0,
0,10,0.0,0.0,instrument_error,1468393837,1506969025,1468393837,iscR,nrdH,False,insufficient_data,fur|nrdR|rpoD,0,,,,,0.09194340870833931,0,
0,10,0.0,0.0,instrument_error,1468393837,1506969025,1468393837,iscR,nrdI,False,insufficient_data,fur|nrdR|rpoD,0,,,,,0.18041659395709617,0,
0,10,0.0,0.0,instrument_error,1468393837,1506969025,1468393837,iscR,rnlA,False,insufficient_data,rpoD|rpoH,0,,,,,-0.09226387211492304,0,
0,10,0.0,0.0,instrument_error,1468393837,1506969025,1468393837,iscR,rnlB,False,insufficient_data,nac|rpoD|rpoE,0,,,,,0.3784089148775209,0,
0,10,0.0,0.0,instrument_error,1468393837,1506969025,1468393837,iscR,selO,False,insufficient_data,rpoD,0,,,,,-0.26877706413606783,0,
0,10,0.0,0.0,instrument_error,1468393837,1506969025,1468393837,iscR,sufA,False,insufficient_data,fur|ihfA|ihfB|nsrR|oxyR|rpoD,0,,,,,0.12170475645611657,0,
0,10,0.0,0.0,instrument_error,1468393837,1506969025,1468393837,iscR,sufB,False,insufficient_data,fur|ihfA|ihfB|nsrR|oxyR|rpoD,0,,,,,0.313435913055512,0,
0,10,0.0,0.0,instrument_error,1468393837,1506969025,1468393837,iscR,sufC,False,insufficient_data,fur|ihfA|ihfB|nsrR|oxyR|rpoD,0,,,,,-0.08563471841619752,0,
0,10,0.0,0.0,instrument_error,1468393837,1506969025,1468393837,iscR,sufD,False,insufficient_data,fur|ihfA|ihfB|nsrR|oxyR|rpoD,0,,,,,0.18483832159064448,0,
0,10,0.0,0.0,instrument_error,1468393837,1506969025,1468393837,iscR,sufE,False,insufficient_data,fur|ihfA|ihfB|nsrR|oxyR|rpoD,0,,,,,-0.25744188089172265,0,
0,10,0.0,0.0,instrument_error,1468393837,1506969025,1468393837,iscR,sufS,False,insufficient_data,fur|ihfA|ihfB|nsrR|oxyR|rpoD,0,,,,,0.3660147418870506,0,
0,10,0.0,0.0,instrument_error,1468393837,1506969025,1468393837,iscR,torT,False,insufficient_data,rpoD,0,,,,,-0.17918096638485348,0,
0,10,0.0,0.0,instrument_error,1468393837,1506969025,1468393837,frmR,frmA,False,insufficient_data,,0,,,,,-0.09373719155870099,0,
0,10,0.0,0.0,instrument_error,1468393837,1506969025,1468393837,frmR,frmB,False,insufficient_data,cpxR,0,,,,,0.17134221488861293,0,
0,10,0.0,0.0,instrument_error,1468393837,1506969025,1468393837,metJ,ahpC,False,insufficient_data,fur|nac|oxyR|rpoD,0,,,,,-0.09354924514259337,0,
0,10,0.0,0.0,instrument_error,1468393837,1506969025,1468393837,metJ,ahpF,False,insufficient_data,fur|oxyR|rpoD|rpoE,0,,,,,-0.13296513806799057,0,
0,10,0.0,0.0,instrument_error,1468393837,1506969025,1468393837,metJ,folE,False,insufficient_data,arcA|fur|rpoD,0,,,,,0.3084381177439296,0,
0,10,0.0,0.0,instrument_error,1468393837,1506969025,1468393837,metJ,metA,False,insufficient_data,fur|rpoD|rpoH,0,,,,,-0.1556291487817599,0,
0,10,0.0,0.0,instrument_error,1468393837,1506969025,1468393837,metJ,metB,False,insufficient_data,fur|hypT|phoP|rpoD,0,,,,,0.17737940833883123,0,
0,10,0.0,0.0,instrument_error,1468393837,1506969025,1468393837,metJ,metC,False,insufficient_data,cpxR|fur|rpoD,0,,,,,0.10621781833207772,0,
0,10,0.0,0.0,instrument_error,1468393837,1506969025,1468393837,metJ,metE,False,insufficient_data,fur|nac|oxyR|rpoD,0,,,,,0.11737291010230524,0,
0,10,0.0,0.0,instrument_error,1468393837,1506969025,1468393837,metJ,metF,False,insufficient_data,fur|rpoD,0,,,,,0.1242600683891308,0,
0,10,0.0,0.0,instrument_error,1468393837,1506969025,1468393837,metJ,metI,False,insufficient_data,fur|hypT|rpoD,0,,,,,-0.16992374171792868,0,
0,10,0.0,0.0,instrument_error,1468393837,1506969025,1468393837,metJ,metK,False,insufficient_data,crp|fur|lrp|rpoD|rpoS,0,,,,,-0.15892185912264353,0,
0,10,0.0,0.0,instrument_error,1468393837,1506969025,1468393837,metJ,metL,False,insufficient_data,fur|hypT|phoP|rpoD,0,,,,,0.08566099433720407,0,
0,10,0.0,0.0,instrument_error,1468393837,1506969025,1468393837,metJ,metN,False,insufficient_data,fur|hypT|rpoD,0,,,,,0.11993273457679286,0,
0,10,0.0,0.0,instrument_error,1468393837,1506969025,1468393837,metJ,metQ,False,insufficient_data,fur|hypT|rpoD,0,,,,,-0.17119497148202376,0,
0,10,0.0,0.0,instrument_error,1468393837,1506969025,1468393837,metJ,metR,False,insufficient_data,fur|nac|oxyR|rpoD,0,,,,,0.15973031421642436,0,
0,10,0.0,0.0,instrument_error,1468393837,1506969025,1468393837,metJ,yeiB,False,insufficient_data,fur|rpoD,0,,,,,0.11496262980005856,0,
0,10,0.0,0.0,instrument_error,1468393837,1506969025,1468393837,purR,carA,False,insufficient_data,arcA|argR|cpxR|fis|fur|ihfA|ihfB|pepA|rpoD|rutR,0,,,,,0.09825281666557156,0,
0,10,0.0,0.0,instrument_error,1468393837,1506969025,1468393837,purR,carB,False,insufficient_data,argR|cpxR|fis|fur|ihfA|ihfB|pepA|rpoD|rutR,0,,,,,0.13738829496279747,0,
0,10,0.0,0.0,instrument_error,1468393837,1506969025,1468393837,purR,codA,False,insufficient_data,fur|nac|rpoD,0,,,,,0.33903188446556765,0,
0,10,0.0,0.0,instrument_error,1468393837,1506969025,1468393837,purR,codB,False,insufficient_data,fur|nac|rpoD,0,,,,,0.27904860779604734,0,
0,10,0.0,0.0,instrument_error,1468393837,1506969025,1468393837,purR,cvpA,False,insufficient_data,argR|fur|rpoD,0,,,,,-0.2003804179130345,0,
0,10,0.0,0.0,instrument_error,1468393837,1506969025,1468393837,purR,gcvH,False,insufficient_data,crp|fnr|fur|gcvA|lrp|rpoD,0,,,,,0.1263183923857697,0,
0,10,0.0,0.0,instrument_error,1468393837,1506969025,1468393837,purR,gcvP,False,insufficient_data,crp|fnr|fur|gcvA|lrp|rpoD,0,,,,,0.11594114335869954,0,
0,10,0.0,0.0,instrument_error,1468393837,1506969025,1468393837,purR,gcvT,False,insufficient_data,crp|fnr|fur|gcvA|lrp|nac|rpoD,0,,,,,0.2105813933790881,0,
0,10,0.0,0.0,instrument_error,1468393837,1506969025,1468393837,purR,glnB,False,insufficient_data,fur|rpoD,0,,,,,-0.23383637709972552,0,
0,10,0.0,0.0,instrument_error,1468393837,1506969025,1468393837,purR,glyA,False,insufficient_data,fur|metR|rpoD,0,,,,,0.05325496400252078,0,
0,10,0.0,0.0,instrument_error,1468393837,1506969025,1468393837,purR,guaA,False,insufficient_data,crp|dnaA|fis|fur|rpoD,0,,,,,0.20793339954666412,0,
0,10,0.0,0.0,instrument_error,1468393837,1506969025,1468393837,purR,guaB,False,insufficient_data,crp|dnaA|fis|fur|rpoD,0,,,,,0.34892908109561693,0,
0,10,0.0,0.0,instrument_error,1468393837,1506969025,1468393837,purR,hflD,False,insufficient_data,fur|rpoD,0,,,,,-0.13313169823971868,0,
0,10,0.0,0.0,instrument_error,1468393837,1506969025,1468393837,purR,prs,False,insufficient_data,fliA|fur|rpoD,0,,,,,-0.3140237118301514,0,
0,10,0.0,0.0,instrument_error,1468393837,1506969025,1468393837,purR,purA,False,insufficient_data,fur|gadE|marA|rpoD,0,,,,,-0.3375240041530195,0,
0,10,0.0,0.0,instrument_error,1468393837,1506969025,1468393837,purR,purB,False,insufficient_data,fur|rpoD,0,,,,,-0.1018211959601666,0,
0,10,0.0,0.0,instrument_error,1468393837,1506969025,1468393837,purR,purC,False,insufficient_data,fur|rpoD,0,,,,,0.19296420691585028,0,
0,10,0.0,0.0,instrument_error,1468393837,1506969025,1468393837,purR,purD,False,insufficient_data,fur|phoP|rbsR|rpoD,0,,,,,0.15461183037486814,0,
0,10,0.0,0.0,instrument_error,1468393837,1506969025,1468393837,purR,purE,False,insufficient_data,fur|rpoD,0,,,,,-0.12569640717448427,0,
0,10,0.0,0.0,instrument_error,1468393837,1506969025,1468393837,purR,purF,False,insufficient_data,fur|rpoD,0,,,,,-0.24584599283588152,0,
0,10,0.0,0.0,instrument_error,1468393837,1506969025,1468393837,purR,purH,False,insufficient_data,crp|fur|phoP|rbsR|rpoD,0,,,,,-0.14712370397265429,0,
0,10,0.0,0.0,instrument_error,1468393837,1506969025,1468393837,purR,purK,False,insufficient_data,fur|rpoD,0,,,,,0.2196224326677912,0,
0,10,0.0,0.0,instrument_error,1468393837,1506969025,1468393837,purR,purL,False,insufficient_data,fur|rpoD,0,,,,,0.5746136776328833,0,
0,10,0.0,0.0,instrument_error,1468393837,1506969025,1468393837,purR,purM,False,insufficient_data,fnr|fur|lrp|rpoD,0,,,,,0.14614656156407593,0,
0,10,0.0,0.0,instrument_error,1468393837,1506969025,1468393837,purR,purN,False,insufficient_data,fnr|fur|rpoD,0,,,,,0.13697287100592215,0,
0,10,0.0,0.0,instrument_error,1468393837,1506969025,1468393837,purR,purT,False,insufficient_data,fur|lrp|rpoD,0,,,,,-0.34189982501107813,0,
0,10,0.0,0.0,instrument_error,1468393837,1506969025,1468393837,purR,pyrC,False,insufficient_data,fur|rpoD,0,,,,,-0.07315734790995476,0,
0,10,0.0,0.0,instrument_error,1468393837,1506969025,1468393837,purR,pyrD,False,insufficient_data,fis|fur|rpoD,0,,,,,0.2477113110701419,0,
0,10,0.0,0.0,instrument_error,1468393837,1506969025,1468393837,purR,speA,False,insufficient_data,fur|rpoD,0,,,,,-0.29183546939092564,0,
0,10,0.0,0.0,instrument_error,1468393837,1506969025,1468393837,purR,speB,False,insufficient_data,fur|rpoD|rpoS,0,,,,,0.16951963879247536,0,
0,10,0.0,0.0,instrument_error,1468393837,1506969025,1468393837,purR,ubiX,False,insufficient_data,fur|rpoD,0,,,,,-0.29223094510245856,0,
0,10,0.0,0.0,instrument_error,1468393837,1506969025,1468393837,xynR,yagA,False,insufficient_data,fur,0,,,,,-0.1460530615944192,0,
0,10,0.0,0.0,instrument_error,1468393837,1506969025,1468393837,xynR,yagB,False,insufficient_data,fur,0,,,,,-0.08960588805435629,0,
0,10,0.0,0.0,instrument_error,1468393837,1506969025,1468393837,xynR,yagE,False,insufficient_data,fur,0,,,,,0.046455519841192956,0,
0,10,0.0,0.0,instrument_error,1468393837,1506969025,1468393837,xynR,yagF,False,insufficient_data,fur,0,,,,,-0.09873517156708807,0,
0,10,0.0,0.0,instrument_error,1468393837,1506969025,1468393837,gatR,gatA,False,insufficient_data,arcA|crp|nac|rpoD,0,,,,,0.11231119305933136,0,
0,10,0.0,0.0,instrument_error,1468393837,1506969025,1468393837,gatR,gatB,False,insufficient_data,arcA|crp|rpoD,0,,,,,0.11635980596490882,0,
0,10,0.0,0.0,instrument_error,1468393837,1506969025,1468393837,gatR,gatC,False,insufficient_data,arcA|crp|rpoD,0,,,,,0.10733680957549366,0,
0,10,0.0,0.0,instrument_error,1468393837,1506969025,1468393837,gatR,gatD,False,insufficient_data,arcA|crp|rpoD,0,,,,,-0.3466645830937168,0,
0,10,0.0,0.0,instrument_error,1468393837,1506969025,1468393837,gatR,gatY,False,insufficient_data,arcA|crp|rpoD,0,,,,,-0.04726351811981187,0,
0,10,0.0,0.0,instrument_error,1468393837,1506969025,1468393837,gatR,gatZ,False,insufficient_data,arcA|crp|rpoD,0,,,,,-0.27845724483816137,0,
0,10,0.0,0.0,instrument_error,1468393837,1506969025,1468393837,gcvA,gcvH,False,insufficient_data,crp|fnr|glaR|lrp|purR|rpoD,0,,,,,-0.15114761656948567,0,
0,10,0.0,0.0,instrument_error,1468393837,1506969025,1468393837,gcvA,gcvP,False,insufficient_data,crp|fnr|glaR|lrp|purR|rpoD,0,,,,,0.187192323707987,0,
0,10,0.0,0.0,instrument_error,1468393837,1506969025,1468393837,gcvA,gcvT,False,insufficient_data,crp|fnr|glaR|lrp|nac|purR|rpoD,0,,,,,-0.13124061463917433,0,
0,10,0.0,0.0,instrument_error,1468393837,1506969025,1468393837,phoP,mgrB,False,insufficient_data,alpA|basR|btsR|glaR|glrR|nsrR|ptrR|rcdA,0,,,,,0.3659743959465574,0,
0,10,0.0,0.0,instrument_error,1468393837,1506969025,1468393837,phoP,rstB,False,insufficient_data,alpA|basR|btsR|glaR|glrR|nsrR|ptrR|rcdA,0,,,,,-0.22755462049766456,0,
0,10,0.0,0.0,instrument_error,1468393837,1506969025,1468393837,phoP,slyB,False,insufficient_data,alpA|basR|btsR|glaR|glrR|nsrR|ptrR|rcdA,0,,,,,-0.09373234550602184,0,
0,10,0.0,0.0,instrument_error,1468393837,1506969025,1468393837,phoP,ybjG,False,insufficient_data,alpA|basR|btsR|glaR|glrR|nsrR|ptrR|rcdA,0,,,,,0.10066845122754009,0,
0,10,0.0,0.0,instrument_error,1468393837,1506969025,1468393837,glaR,alaE,False,insufficient_data,alpA|basR|btsR|glrR|nsrR|ptrR|rcdA,0,,,,,0.44059455222294824,0,
0,10,0.0,0.0,instrument_error,1468393837,1506969025,1468393837,glaR,apt,False,insufficient_data,alpA|basR|btsR|glrR|nsrR|ptrR|rcdA,0,,,,,-0.13519739221469143,0,
0,10,0.0,0.0,instrument_error,1468393837,1506969025,1468393837,glaR,aroB,False,insufficient_data,alpA|basR|btsR|glrR|nsrR|ptrR|rcdA,0,,,,,0.0890117142200308,0,
0,10,0.0,0.0,instrument_error,1468393837,1506969025,1468393837,glaR,aroP,False,insufficient_data,alpA|basR|btsR|glrR|nsrR|pgrR|ptrR|rcdA,0,,,,,0.29946780038629495,0,
0,10,0.0,0.0,instrument_error,1468393837,1506969025,1468393837,glaR,baeS,False,insufficient_data,alpA|basR|btsR|glrR|nsrR|ptrR|rcdA,0,,,,,0.09572633813891966,0,
0,10,0.0,0.0,instrument_error,1468393837,1506969025,1468393837,glaR,bdcA,False,insufficient_data,alpA|basR|btsR|glrR|nsrR|ptrR|rcdA,0,,,,,0.2091942342295102,0,
0,10,0.0,0.0,instrument_error,1468393837,1506969025,1468393837,glaR,bdcR,False,insufficient_data,,0,,,,,-0.14625691477138522,0,
0,10,0.0,0.0,instrument_error,1468393837,1506969025,1468393837,glaR,bssS,False,insufficient_data,alpA|basR|btsR|glrR|nsrR|ptrR|rcdA|yhaJ,0,,,,,-0.3401218269255857,0,
0,10,0.0,0.0,instrument_error,1468393837,1506969025,1468393837,glaR,cadC,False,insufficient_data,alpA|basR|btsR|glrR|nsrR|ptrR|rcdA,0,,,,,0.11654605558172813,0,
0,10,0.0,0.0,instrument_error,1468393837,1506969025,1468393837,glaR,casA,False,insufficient_data,alpA|basR|btsR|glrR|nsrR|ptrR|rcdA,0,,,,,-0.14453977598281514,0,
0,10,0.0,0.0,instrument_error,1468393837,1506969025,1468393837,glaR,chaA,False,insufficient_data,alpA|basR|btsR|glrR|nsrR|ptrR|rcdA,0,,,,,-0.1371493566380638,0,
0,10,0.0,0.0,instrument_error,1468393837,1506969025,1468393837,glaR,chaB,False,insufficient_data,alpA|basR|btsR|glrR|nsrR|ptrR|rcdA,0,,,,,-0.12851240315095916,0,
0,10,0.0,0.0,instrument_error,1468393837,1506969025,1468393837,glaR,chaC,False,insufficient_data,alpA|basR|btsR|glrR|nsrR|ptrR|rcdA,0,,,,,-0.17193039960177126,0,
0,10,0.0,0.0,instrument_error,1468393837,1506969025,1468393837,glaR,csgI,False,insufficient_data,alpA|basR|btsR|glrR|nsrR|ptrR|rcdA,0,,,,,-0.2419770775808818,0,
0,10,0.0,0.0,instrument_error,1468393837,1506969025,1468393837,glaR,cysN,False,insufficient_data,alpA|basR|btsR|glrR|nsrR|ptrR|rcdA,0,,,,,-0.17525210121244558,0,
0,10,0.0,0.0,instrument_error,1468393837,1506969025,1468393837,glaR,cysS,False,insufficient_data,alpA|basR|btsR|glrR|nsrR|ptrR|rcdA,0,,,,,-0.11455657539519393,0,
0,10,0.0,0.0,instrument_error,1468393837,1506969025,1468393837,glaR,dctR,False,insufficient_data,alpA|basR|btsR|glrR|nsrR|ptrR|rcdA,0,,,,,0.18119953850859172,0,
0,10,0.0,0.0,instrument_error,1468393837,1506969025,1468393837,glaR,dgcN,False,insufficient_data,alpA|basR|btsR|glrR|nsrR|ptrR|rcdA,0,,,,,0.26445171999042166,0,
0,10,0.0,0.0,instrument_error,1468393837,1506969025,1468393837,glaR,dinQ,False,insufficient_data,alpA|basR|btsR|glrR|nsrR|ptrR|rcdA,0,,,,,0.12549169341150676,0,
0,10,0.0,0.0,instrument_error,1468393837,1506969025,1468393837,glaR,elfC,False,insufficient_data,,0,,,,,-0.13435766485980724,0,
0,10,0.0,0.0,instrument_error,1468393837,1506969025,1468393837,glaR,fhuE,False,insufficient_data,alpA|basR|btsR|glrR|nsrR|ptrR|rcdA,0,,,,,0.07435961966942652,0,
0,10,0.0,0.0,instrument_error,1468393837,1506969025,1468393837,glaR,gabD,False,insufficient_data,alpA|basR|btsR|glrR|nsrR|ptrR|rcdA,0,,,,,-0.06607913009184124,0,
0,10,0.0,0.0,instrument_error,1468393837,1506969025,1468393837,glaR,gabP,False,insufficient_data,alpA|basR|btsR|glrR|nsrR|ptrR|rcdA,0,,,,,-0.08343092599239246,0,
0,10,0.0,0.0,instrument_error,1468393837,1506969025,1468393837,glaR,gabT,False,insufficient_data,alpA|basR|btsR|glrR|nsrR|ptrR|rcdA,0,,,,,-0.21697656286943462,0,
0,10,0.0,0.0,instrument_error,1468393837,1506969025,1468393837,glaR,gadW,False,insufficient_data,alpA|basR|btsR|glrR|nsrR|ptrR|rcdA,0,,,,,-0.19769208653314987,0,
0,10,0.0,0.0,instrument_error,1468393837,1506969025,1468393837,glaR,gadX,False,insufficient_data,alpA|basR|btsR|glrR|nsrR|ptrR|rcdA,0,,,,,-0.23089648264845583,0,
0,10,0.0,0.0,instrument_error,1468393837,1506969025,1468393837,glaR,gcvA,False,insufficient_data,alpA|basR|btsR|glrR|nsrR|ptrR|rcdA,0,,,,,0.18270028287797366,0,
0,10,0.0,0.0,instrument_error,1468393837,1506969025,1468393837,glaR,gdhA,False,insufficient_data,alpA|basR|btsR|glrR|nsrR|ptrR|rcdA,0,,,,,-0.2254686571759796,0,
0,10,0.0,0.0,instrument_error,1468393837,1506969025,1468393837,glaR,glaH,False,insufficient_data,alpA|basR|btsR|glrR|nsrR|ptrR|rcdA,0,,,,,-0.20544384119193815,0,
0,10,0.0,0.0,instrument_error,1468393837,1506969025,1468393837,glaR,gltF,False,insufficient_data,alpA|basR|btsR|glrR|nsrR|ptrR|rcdA,0,,,,,0.3407033855114491,0,
0,10,0.0,0.0,instrument_error,1468393837,1506969025,1468393837,glaR,hinT,False,insufficient_data,,0,,,,,-0.2806897705579302,0,
0,10,0.0,0.0,instrument_error,1468393837,1506969025,1468393837,glaR,htrE,False,insufficient_data,alpA|basR|btsR|glrR|nsrR|ptrR|rcdA,0,,,,,0.0799118659122515,0,
0,10,0.0,0.0,instrument_error,1468393837,1506969025,1468393837,glaR,hxpA,False,insufficient_data,,0,,,,,0.12840090862214087,0,
0,10,0.0,0.0,instrument_error,1468393837,1506969025,1468393837,glaR,idnD,False,insufficient_data,alpA|basR|btsR|glrR|nsrR|ptrR|rcdA,0,,,,,-0.07904316259869165,0,
0,10,0.0,0.0,instrument_error,1468393837,1506969025,1468393837,glaR,idnK,False,insufficient_data,alpA|basR|btsR|glrR|nsrR|ptrR|rcdA,0,,,,,-0.20302984185565207,0,
0,10,0.0,0.0,instrument_error,1468393837,1506969025,1468393837,glaR,inaA,False,insufficient_data,alpA|basR|btsR|glrR|nsrR|ptrR|rcdA,0,,,,,0.2014458188650127,0,
0,10,0.0,0.0,instrument_error,1468393837,1506969025,1468393837,glaR,kdgT,False,insufficient_data,,0,,,,,0.3512085839263427,0,
0,10,0.0,0.0,instrument_error,1468393837,1506969025,1468393837,glaR,kdsA,False,insufficient_data,alpA|basR|btsR|glrR|nsrR|ptrR|rcdA,0,,,,,0.25568382948145424,0,
0,10,0.0,0.0,instrument_error,1468393837,1506969025,1468393837,glaR,ldcC,False,insufficient_data,alpA|basR|btsR|glrR|nsrR|ptrR|rcdA,0,,,,,-0.12649935673369134,0,
0,10,0.0,0.0,instrument_error,1468393837,1506969025,1468393837,glaR,lhgD,False,insufficient_data,alpA|basR|btsR|glrR|nsrR|ptrR|rcdA,0,,,,,-0.14424871342495224,0,
0,10,0.0,0.0,instrument_error,1468393837,1506969025,1468393837,glaR,lsrG,False,insufficient_data,alpA|basR|btsR|glrR|nsrR|ptrR|rcdA,0,,,,,0.3116104766334849,0,
0,10,0.0,0.0,instrument_error,1468393837,1506969025,1468393837,glaR,mglA,False,insufficient_data,alpA|basR|btsR|glrR|nsrR|ptrR|rcdA,0,,,,,0.16505710602410614,0,
0,10,0.0,0.0,instrument_error,1468393837,1506969025,1468393837,glaR,mrdA,False,insufficient_data,,0,,,,,0.24669833689441167,0,
0,10,0.0,0.0,instrument_error,1468393837,1506969025,1468393837,glaR,murD,False,insufficient_data,alpA|basR|btsR|glrR|nsrR|ptrR|rcdA,0,,,,,0.19582879985309076,0,
0,10,0.0,0.0,instrument_error,1468393837,1506969025,1468393837,glaR,nlpA,False,insufficient_data,alpA|basR|btsR|glrR|nsrR|ptrR|rcdA,0,,,,,0.1129301743251902,0,
0,10,0.0,0.0,instrument_error,1468393837,1506969025,1468393837,glaR,orn,False,insufficient_data,,0,,,,,-0.0737825986989595,0,
0,10,0.0,0.0,instrument_error,1468393837,1506969025,1468393837,glaR,oxc,False,insufficient_data,alpA|basR|btsR|glrR|nsrR|ptrR|rcdA,0,,,,,-0.3363435424944977,0,
0,10,0.0,0.0,instrument_error,1468393837,1506969025,1468393837,glaR,pdeG,False,insufficient_data,alpA|basR|btsR|glrR|nsrR|ptrR|rcdA,0,,,,,0.22541752620670222,0,
0,10,0.0,0.0,instrument_error,1468393837,1506969025,1468393837,glaR,pdhR,False,insufficient_data,alpA|basR|btsR|glrR|nsrR|ptrR|rcdA,0,,,,,-0.24547607382267628,0,
0,10,0.0,0.0,instrument_error,1468393837,1506969025,1468393837,glaR,pdxA,False,insufficient_data,alpA|basR|btsR|glrR|nsrR|ptrR|rcdA,0,,,,,0.15013922482925354,0,
0,10,0.0,0.0,instrument_error,1468393837,1506969025,1468393837,glaR,phoH,False,insufficient_data,alpA|basR|btsR|glrR|nsrR|ptrR|rcdA,0,,,,,-0.12453563840117701,0,
0,10,0.0,0.0,instrument_error,1468393837,1506969025,1468393837,glaR,pliG,False,insufficient_data,zur,0,,,,,-0.13752506427525074,0,
0,10,0.0,0.0,instrument_error,1468393837,1506969025,1468393837,glaR,ppiB,False,insufficient_data,alpA|basR|btsR|glrR|nsrR|ptrR|rcdA,0,,,,,-0.31467855103286335,0,
0,10,0.0,0.0,instrument_error,1468393837,1506969025,1468393837,glaR,ppx,False,insufficient_data,alpA|basR|btsR|glrR|nsrR|ptrR|rcdA,0,,,,,-0.11710504825748859,0,
0,10,0.0,0.0,instrument_error,1468393837,1506969025,1468393837,glaR,priC,False,insufficient_data,,0,,,,,0.10428474020535872,0,
0,10,0.0,0.0,instrument_error,1468393837,1506969025,1468393837,glaR,prmC,False,insufficient_data,alpA|basR|btsR|glrR|nsrR|ptrR|rcdA,0,,,,,0.14589121919397546,0,
0,10,0.0,0.0,instrument_error,1468393837,1506969025,1468393837,glaR,rfbB,False,insufficient_data,alpA|basR|btsR|glrR|nsrR|ptrR|rcdA,0,,,,,0.33320361178594665,0,
0,10,0.0,0.0,instrument_error,1468393837,1506969025,1468393837,glaR,rhsD,False,insufficient_data,,0,,,,,0.09204175511991039,0,
0,10,0.0,0.0,instrument_error,1468393837,1506969025,1468393837,glaR,rpiB,False,insufficient_data,alpA|basR|btsR|glrR|nsrR|ptrR|rcdA,0,,,,,0.13335832186678148,0,
0,10,0.0,0.0,instrument_error,1468393837,1506969025,1468393837,glaR,rpsF,False,insufficient_data,alpA|basR|btsR|glrR|nsrR|ptrR|rcdA,0,,,,,0.13999078918646962,0,
0,10,0.0,0.0,instrument_error,1468393837,1506969025,1468393837,glaR,rsgA,False,insufficient_data,,0,,,,,-0.06574804153142977,0,
0,10,0.0,0.0,instrument_error,1468393837,1506969025,1468393837,glaR,rssB,False,insufficient_data,alpA|basR|btsR|glrR|nsrR|ptrR|rcdA,0,,,,,-0.20442001780226499,0,
0,10,0.0,0.0,instrument_error,1468393837,1506969025,1468393837,glaR,safA,False,insufficient_data,alpA|basR|btsR|glrR|nsrR|ptrR|rcdA,0,,,,,0.2496707344091738,0,
0,10,0.0,0.0,instrument_error,1468393837,1506969025,1468393837,glaR,sgcC,False,insufficient_data,alpA|basR|btsR|glrR|nsrR|ptrR|rcdA,0,,,,,0.22169941477753374,0,
0,10,0.0,0.0,instrument_error,1468393837,1506969025,1468393837,glaR,smg,False,insufficient_data,,0,,,,,-0.09576369450465276,0,
0,10,0.0,0.0,instrument_error,1468393837,1506969025,1468393837,glaR,tam,False,insufficient_data,alpA|basR|btsR|glrR|nsrR|ptrR|rcdA,0,,,,,0.2966565472443381,0,
0,10,0.0,0.0,instrument_error,1468393837,1506969025,1468393837,glaR,tar,False,insufficient_data,alpA|basR|btsR|glrR|nsrR|ptrR|rcdA,0,,,,,0.29908629190785024,0,
0,10,0.0,0.0,instrument_error,1468393837,1506969025,1468393837,glaR,tehA,False,insufficient_data,nsrR,0,,,,,-0.07454445823947739,0,
0,10,0.0,0.0,instrument_error,1468393837,1506969025,1468393837,glaR,ttdA,False,insufficient_data,alpA|basR|btsR|glrR|nsrR|ptrR|rcdA,0,,,,,0.22235593055971098,0,
0,10,0.0,0.0,instrument_error,1468393837,1506969025,1468393837,glaR,ttdR,False,insufficient_data,alpA|basR|btsR|glrR|nsrR|ptrR|rcdA,0,,,,,0.1762789820053499,0,
0,10,0.0,0.0,instrument_error,1468393837,1506969025,1468393837,glaR,yadN,False,insufficient_data,,0,,,,,0.17759935434842228,0,
0,10,0.0,0.0,instrument_error,1468393837,1506969025,1468393837,glaR,ybaN,False,insufficient_data,alpA|basR|btsR|glrR|nsrR|ptrR|rcdA,0,,,,,-0.2012265088113311,0,
0,10,0.0,0.0,instrument_error,1468393837,1506969025,1468393837,glaR,ycbU,False,insufficient_data,,0,,,,,-0.21822820115232697,0,
0,10,0.0,0.0,instrument_error,1468393837,1506969025,1468393837,glaR,ycbV,False,insufficient_data,,0,,,,,-0.15048023203803984,0,
0,10,0.0,0.0,instrument_error,1468393837,1506969025,1468393837,glaR,yccU,False,insufficient_data,,0,,,,,-0.16274518404063607,0,
0,10,0.0,0.0,instrument_error,1468393837,1506969025,1468393837,glaR,ycgJ,False,insufficient_data,alpA|basR|btsR|glrR|nsrR|ptrR|rcdA,0,,,,,0.19773645491243752,0,
0,10,0.0,0.0,instrument_error,1468393837,1506969025,1468393837,glaR,ycgV,False,insufficient_data,alpA|basR|btsR|glrR|nsrR|ptrR|rcdA,0,,,,,-0.15611628704507877,0,
0,10,0.0,0.0,instrument_error,1468393837,1506969025,1468393837,glaR,ycgY,False,insufficient_data,,0,,,,,0.1755624026797965,0,
0,10,0.0,0.0,instrument_error,1468393837,1506969025,1468393837,glaR,ychQ,False,insufficient_data,alpA|basR|btsR|glrR|nsrR|ptrR|rcdA,0,,,,,0.15006796406831546,0,
0,10,0.0,0.0,instrument_error,1468393837,1506969025,1468393837,glaR,yciU,False,insufficient_data,,0,,,,,0.12585701293092763,0,
0,10,0.0,0.0,instrument_error,1468393837,1506969025,1468393837,glaR,ycjP,False,insufficient_data,ycjW,0,,,,,0.1876618932392825,0,
0,10,0.0,0.0,instrument_error,1468393837,1506969025,1468393837,glaR,ydcK,False,insufficient_data,alpA|basR|btsR|glrR|nsrR|ptrR|rcdA,0,,,,,0.20615541199559526,0,
0,10,0.0,0.0,instrument_error,1468393837,1506969025,1468393837,glaR,ydeO,False,insufficient_data,alpA|basR|btsR|glrR|nsrR|ptrR|rcdA,0,,,,,-0.1591214242808261,0,
0,10,0.0,0.0,instrument_error,1468393837,1506969025,1468393837,glaR,ydfI,False,insufficient_data,,0,,,,,-0.18967853530571024,0,
0,10,0.0,0.0,instrument_error,1468393837,1506969025,1468393837,glaR,ydfK,False,insufficient_data,alpA|basR|btsR|glrR|nsrR|ptrR|rcdA,0,,,,,-0.09581119065338703,0,
0,10,0.0,0.0,instrument_error,1468393837,1506969025,1468393837,glaR,ydhS,False,insufficient_data,,0,,,,,0.1577653119190672,0,
0,10,0.0,0.0,instrument_error,1468393837,1506969025,1468393837,glaR,yeaE,False,insufficient_data,alpA|basR|btsR|glrR|nsrR|ptrR|rcdA,0,,,,,-0.26231259717425304,0,
0,10,0.0,0.0,instrument_error,1468393837,1506969025,1468393837,glaR,yehD,False,insufficient_data,,0,,,,,0.3320443218416367,0,
0,10,0.0,0.0,instrument_error,1468393837,1506969025,1468393837,glaR,yehE,False,insufficient_data,alpA|basR|btsR|glrR|nsrR|ptrR|rcdA,0,,,,,-0.09505480107176092,0,
0,10,0.0,0.0,instrument_error,1468393837,1506969025,1468393837,glaR,yehS,False,insufficient_data,,0,,,,,0.1648929400690477,0,
0,10,0.0,0.0,instrument_error,1468393837,1506969025,1468393837,glaR,yfbN,False,insufficient_data,,0,,,,,0.17098755798466372,0,
0,10,0.0,0.0,instrument_error,1468393837,1506969025,1468393837,glaR,yfbO,False,insufficient_data,,0,,,,,-0.19067936659991222,0,
0,10,0.0,0.0,instrument_error,1468393837,1506969025,1468393837,glaR,yfbU,False,insufficient_data,,0,,,,,0.14459404349694802,0,
0,10,0.0,0.0,instrument_error,1468393837,1506969025,1468393837,glaR,yfcO,False,insufficient_data,alpA|basR|btsR|glrR|nsrR|ptrR|rcdA,0,,,,,-0.17604956196697344,0,
0,10,0.0,0.0,instrument_error,1468393837,1506969025,1468393837,glaR,yfcV,False,insufficient_data,,0,,,,,-0.20699591189459043,0,
0,10,0.0,0.0,instrument_error,1468393837,1506969025,1468393837,glaR,yfdC,False,insufficient_data,,0,,,,,0.161832141074807,0,
0,10,0.0,0.0,instrument_error,1468393837,1506969025,1468393837,glaR,yfdV,False,insufficient_data,alpA|basR|btsR|glrR|nsrR|ptrR|rcdA,0,,,,,-0.21531683511750485,0,
0,10,0.0,0.0,instrument_error,1468393837,1506969025,1468393837,glaR,yfiL,False,insufficient_data,alpA|basR|btsR|glrR|nsrR|ptrR|rcdA,0,,,,,0.21829043709309912,0,
0,10,0.0,0.0,instrument_error,1468393837,1506969025,1468393837,glaR,yfiR,False,insufficient_data,alpA|basR|btsR|glrR|nsrR|ptrR|rcdA,0,,,,,0.056277467658455906,0,
0,10,0.0,0.0,instrument_error,1468393837,1506969025,1468393837,glaR,yfjD,False,insufficient_data,,0,,,,,0.2925081572402594,0,
0,10,0.0,0.0,instrument_error,1468393837,1506969025,1468393837,glaR,ygiV,False,insufficient_data,alpA|basR|btsR|glrR|nsrR|ptrR|rcdA,0,,,,,-0.12818154623699196,0,
0,10,0.0,0.0,instrument_error,1468393837,1506969025,1468393837,glaR,ygiW,False,insufficient_data,alpA|basR|btsR|glrR|nsrR|ptrR|rcdA,0,,,,,0.10649678857404768,0,
0,10,0.0,0.0,instrument_error,1468393837,1506969025,1468393837,glaR,ygjI,False,insufficient_data,alpA|basR|btsR|glrR|nsrR|ptrR|rcdA,0,,,,,0.10791303075330008,0,
0,10,0.0,0.0,instrument_error,1468393837,1506969025,1468393837,glaR,yhcD,False,insufficient_data,alpA|basR|btsR|glrR|nsrR|ptrR|rcdA,0,,,,,-0.17419462682379652,0,
0,10,0.0,0.0,instrument_error,1468393837,1506969025,1468393837,glaR,yidB,False,insufficient_data,,0,,,,,-0.2331857894074778,0,
0,10,0.0,0.0,instrument_error,1468393837,1506969025,1468393837,glaR,yigG,False,insufficient_data,,0,,,,,-0.16930340238603064,0,
0,10,0.0,0.0,instrument_error,1468393837,1506969025,1468393837,glaR,yihD,False,insufficient_data,alpA|basR|btsR|glrR|nsrR|ptrR|rcdA,0,,,,,0.13756426887307932,0,
0,10,0.0,0.0,instrument_error,1468393837,1506969025,1468393837,glaR,yihM,False,insufficient_data,,0,,,,,0.14233248614600424,0,
0,10,0.0,0.0,instrument_error,1468393837,1506969025,1468393837,glaR,yjdP,False,insufficient_data,,0,,,,,-0.059702175989973266,0,
0,10,0.0,0.0,instrument_error,1468393837,1506969025,1468393837,glaR,yjfY,False,insufficient_data,,0,,,,,0.1676309278409334,0,
0,10,0.0,0.0,instrument_error,1468393837,1506969025,1468393837,glaR,yjjP,False,insufficient_data,alpA|basR|btsR|glrR|nsrR|ptrR|rcdA,0,,,,,0.2259733774632013,0,
0,10,0.0,0.0,instrument_error,1468393837,1506969025,1468393837,glaR,yjjQ,False,insufficient_data,alpA|basR|btsR|glrR|nsrR|ptrR|rcdA,0,,,,,0.17087930536997661,0,
0,10,0.0,0.0,instrument_error,1468393837,1506969025,1468393837,glaR,ynaE,False,insufficient_data,,0,,,,,0.11666868900448032,0,
0,10,0.0,0.0,instrument_error,1468393837,1506969025,1468393837,glaR,ynjH,False,insufficient_data,alpA|basR|btsR|glrR|nsrR|ptrR|rcdA,0,,,,,-0.1693804899989163,0,
0,10,0.0,0.0,instrument_error,1468393837,1506969025,1468393837,glaR,yobD,False,insufficient_data,alpA|basR|btsR|glrR|nsrR|ptrR|rcdA,0,,,,,0.18882345896371688,0,
0,10,0.0,0.0,instrument_error,1468393837,1506969025,1468393837,glaR,yodB,False,insufficient_data,,0,,,,,0.10018368008455358,0,
0,10,0.0,0.0,instrument_error,1468393837,1506969025,1468393837,glaR,ypdC,False,insufficient_data,,0,,,,,0.06142639080544419,0,
0,10,0.0,0.0,instrument_error,1468393837,1506969025,1468393837,glaR,ypjA,False,insufficient_data,,0,,,,,0.0733293553658114,0,
0,10,0.0,0.0,instrument_error,1468393837,1506969025,1468393837,glaR,yqhC,False,insufficient_data,,0,,,,,-0.23388430609096825,0,
0,10,0.0,0.0,instrument_error,1468393837,1506969025,1468393837,glaR,zraR,False,insufficient_data,alpA|basR|btsR|glrR|nsrR|ptrR|rcdA,0,,,,,0.1508763321868015,0,
0,10,0.0,0.0,instrument_error,1468393837,1506969025,1468393837,ttdR,ttdA,False,insufficient_data,glaR|hns|rpoD,0,,,,,0.29697523632460004,0,
0,10,0.0,0.0,instrument_error,1468393837,1506969025,1468393837,ttdR,ttdB,False,insufficient_data,glaR|hns|rpoD,0,,,,,-0.12748186481379045,0,
0,10,0.0,0.0,instrument_error,1468393837,1506969025,1468393837,ttdR,ttdT,False,insufficient_data,glaR|hns|rpoD,0,,,,,0.27478848541983564,0,
0,10,0.0,0.0,instrument_error,1468393837,1506969025,1468393837,ygiV,mcbR,False,insufficient_data,glaR|lrp,0,,,,,0.40737208847872225,0,
0,10,0.0,0.0,instrument_error,1468393837,1506969025,1468393837,yqhC,dkgA,False,insufficient_data,glaR|nac|rpoD|rpoS,0,,,,,0.09344537069227525,0,
0,10,0.0,0.0,instrument_error,1468393837,1506969025,1468393837,yqhC,yqhD,False,insufficient_data,glaR|rpoD,0,,,,,0.09434523316303074,0,
0,10,0.0,0.0,instrument_error,1468393837,1506969025,1468393837,glrR,rpoE,False,insufficient_data,alpA|basR|btsR|glaR|nsrR|ptrR|rcdA,0,,,,,0.196673619175961,0,
0,10,0.0,0.0,instrument_error,1468393837,1506969025,1468393837,glrR,rseA,False,insufficient_data,alpA|basR|btsR|glaR|nsrR|ptrR|rcdA,0,,,,,0.29962055724786946,0,
0,10,0.0,0.0,instrument_error,1468393837,1506969025,1468393837,glrR,rseB,False,insufficient_data,alpA|basR|btsR|glaR|nsrR|ptrR|rcdA,0,,,,,-0.2748973558068474,0,
0,10,0.0,0.0,instrument_error,1468393837,1506969025,1468393837,glrR,rseC,False,insufficient_data,alpA|basR|btsR|glaR|nsrR|ptrR|rcdA,0,,,,,-0.17429947726908113,0,
0,10,0.0,0.0,instrument_error,1468393837,1506969025,1468393837,glrR,rseD,False,insufficient_data,alpA|basR|btsR|glaR|nsrR|ptrR|rcdA,0,,,,,-0.2734968428369876,0,
0,10,0.0,0.0,instrument_error,1468393837,1506969025,1468393837,gntR,eda,False,insufficient_data,cra|kdgR|phoB|plaR|rpoD,0,,,,,-0.08417683969702636,0,
0,10,0.0,0.0,instrument_error,1468393837,1506969025,1468393837,gntR,edd,False,insufficient_data,cpxR|cra|kdgR|rpoD,0,,,,,0.13172340742581312,0,
0,10,0.0,0.0,instrument_error,1468393837,1506969025,1468393837,gntR,gntK,False,insufficient_data,crp|rpoD,0,,,,,0.1647092782699838,0,
0,10,0.0,0.0,instrument_error,1468393837,1506969025,1468393837,gntR,gntT,False,insufficient_data,crp|rpoD,0,,,,,-0.1445719616551128,0,
0,10,0.0,0.0,instrument_error,1468393837,1506969025,1468393837,gntR,gntU,False,insufficient_data,crp|rpoD,0,,,,,0.11356475899758754,0,
0,10,0.0,0.0,instrument_error,1468393837,1506969025,1468393837,gntR,idnD,False,insufficient_data,crp|glaR|rpoD,0,,,,,0.1803738181437341,0,
0,10,0.0,0.0,instrument_error,1468393837,1506969025,1468393837,gntR,idnK,False,insufficient_data,crp|glaR|rpoD,0,,,,,0.11730085280440132,0,
0,10,0.0,0.0,instrument_error,1468393837,1506969025,1468393837,gntR,idnO,False,insufficient_data,crp|rpoD,0,,,,,-0.032554890663628336,0,
0,10,0.0,0.0,instrument_error,1468393837,1506969025,1468393837,gntR,idnR,False,insufficient_data,crp|rpoD,0,,,,,-0.19592986441602017,0,
0,10,0.0,0.0,instrument_error,1468393837,1506969025,1468393837,gntR,idnT,False,insufficient_data,crp|rpoD,0,,,,,-0.19552668026445175,0,
0,10,0.0,0.0,instrument_error,1468393837,1506969025,1468393837,gntR,nfuA,False,insufficient_data,crp|iscR|rpoD|rpoH,0,,,,,-0.17147938752558645,0,
0,10,0.0,0.0,instrument_error,1468393837,1506969025,1468393837,gntR,yhgH,False,insufficient_data,crp|rpoD,0,,,,,0.19912744049782488,0,
0,10,0.0,0.0,instrument_error,1468393837,1506969025,1468393837,hdfR,maoP,False,insufficient_data,alpA|basR|btsR|glaR|glrR|nsrR|ptrR|rcdA,0,,,,,-0.0857576207284539,0,
0,10,0.0,0.0,instrument_error,1468393837,1506969025,1468393837,hipB,eutA,False,insufficient_data,ihfA|ihfB|rpoD,0,,,,,0.29094175193624394,0,
0,10,0.0,0.0,instrument_error,1468393837,1506969025,1468393837,hipB,eutH,False,insufficient_data,ihfA|ihfB|rpoD,0,,,,,0.2510501465556384,0,
0,10,0.0,0.0,instrument_error,1468393837,1506969025,1468393837,hipB,fadH,False,insufficient_data,arcA|crp|fadR|ihfA|ihfB|pdhR|rpoD,0,,,,,0.2202253460672392,0,
0,10,0.0,0.0,instrument_error,1468393837,1506969025,1468393837,hprR,cusA,False,insufficient_data,hns|nac|phoB|rpoD|yieP,0,,,,,0.24773392491254884,0,
0,10,0.0,0.0,instrument_error,1468393837,1506969025,1468393837,hprR,cusB,False,insufficient_data,hns|nac|phoB|rpoD,0,,,,,0.12504369574989846,0,
0,10,0.0,0.0,instrument_error,1468393837,1506969025,1468393837,hprR,cusC,False,insufficient_data,fur|hns|nac|phoB|rpoD,0,,,,,0.15666727435762393,0,
0,10,0.0,0.0,instrument_error,1468393837,1506969025,1468393837,hprR,cusF,False,insufficient_data,hns|nac|phoB|rpoD|yciT,0,,,,,-0.11009776944792997,0,
0,10,0.0,0.0,instrument_error,1468393837,1506969025,1468393837,hprR,cusR,False,insufficient_data,hns|nac|phoB|rpoD,0,,,,,0.08539301624060983,0,
0,10,0.0,0.0,instrument_error,1468393837,1506969025,1468393837,hprR,cusS,False,insufficient_data,hns|nac|phoB|rpoD,0,,,,,-0.1784103588840455,0,
0,10,0.0,0.0,instrument_error,1468393837,1506969025,1468393837,hprR,cyoA,False,insufficient_data,arcA|cra|crp|fis|fnr|fur|gadE|hns|nac|pdhR|phoB|rpoD,0,,,,,0.06213200928745451,0,
0,10,0.0,0.0,instrument_error,1468393837,1506969025,1468393837,hprR,cyoB,False,insufficient_data,arcA|cra|crp|fis|fnr|fur|gadE|hns|nac|pdhR|phoB|rpoD,0,,,,,0.15646214128547822,0,
0,10,0.0,0.0,instrument_error,1468393837,1506969025,1468393837,hprR,cyoC,False,insufficient_data,arcA|cra|crp|fis|fnr|fur|gadE|hns|nac|pdhR|phoB|rpoD,0,,,,,0.07836657600781029,0,
0,10,0.0,0.0,instrument_error,1468393837,1506969025,1468393837,hprR,cyoD,False,insufficient_data,arcA|cra|crp|fis|fnr|fur|gadE|hns|nac|pdhR|phoB|rpoD,0,,,,,-0.2900337077313967,0,
0,10,0.0,0.0,instrument_error,1468393837,1506969025,1468393837,hprR,cyoE,False,insufficient_data,arcA|cra|crp|fis|fnr|fur|gadE|hns|nac|pdhR|phoB|rpoD,0,,,,,0.10657525254086521,0,
0,10,0.0,0.0,instrument_error,1468393837,1506969025,1468393837,hprR,hiuH,False,insufficient_data,hns|nac|phoB|rpoD,0,,,,,-0.18934253688368158,0,
0,10,0.0,0.0,instrument_error,1468393837,1506969025,1468393837,hprR,msrP,False,insufficient_data,hns|nac|phoB|rpoD,0,,,,,0.13090530352846383,0,
0,10,0.0,0.0,instrument_error,1468393837,1506969025,1468393837,hprR,msrQ,False,insufficient_data,hns|nac|phoB|rpoD,0,,,,,0.4011146121564794,0,
0,10,0.0,0.0,instrument_error,1468393837,1506969025,1468393837,rcsB,bdm,False,insufficient_data,alpA|basR|btsR|glaR|glrR|nsrR|ptrR|rcdA,0,,,,,-0.12551313883036613,0,
0,10,0.0,0.0,instrument_error,1468393837,1506969025,1468393837,hypT,cydA,False,insufficient_data,arcA|cra|fnr|hns|nac|rpoD,0,,,,,0.16085961799110335,0,
0,10,0.0,0.0,instrument_error,1468393837,1506969025,1468393837,hypT,cydB,False,insufficient_data,arcA|cra|fnr|hns|rpoD,0,,,,,-0.12530160815380426,0,
0,10,0.0,0.0,instrument_error,1468393837,1506969025,1468393837,hypT,cysH,False,insufficient_data,cysB|ihfA|ihfB|rpoD,0,,,,,-0.20111739581895224,0,
0,10,0.0,0.0,instrument_error,1468393837,1506969025,1468393837,hypT,fecA,False,insufficient_data,crp|fecI|fur|pdhR,0,,,,,-0.17567999877592133,0,
0,10,0.0,0.0,instrument_error,1468393837,1506969025,1468393837,hypT,fecB,False,insufficient_data,crp|fecI|fur|pdhR,0,,,,,-0.20845541207727156,0,
0,10,0.0,0.0,instrument_error,1468393837,1506969025,1468393837,hypT,fecC,False,insufficient_data,crp|fecI|fur|pdhR,0,,,,,-0.36451044501801744,0,
0,10,0.0,0.0,instrument_error,1468393837,1506969025,1468393837,hypT,fecD,False,insufficient_data,crp|fecI|fur|pdhR,0,,,,,0.1552110585781656,0,
0,10,0.0,0.0,instrument_error,1468393837,1506969025,1468393837,hypT,fecE,False,insufficient_data,crp|fecI|fur|pdhR,0,,,,,0.05271190647889449,0,
0,10,0.0,0.0,instrument_error,1468393837,1506969025,1468393837,hypT,metB,False,insufficient_data,metJ|phoP|rpoD,0,,,,,0.0903363441460971,0,
0,10,0.0,0.0,instrument_error,1468393837,1506969025,1468393837,hypT,metI,False,insufficient_data,metJ|rpoD,0,,,,,-0.2500368598509564,0,
0,10,0.0,0.0,instrument_error,1468393837,1506969025,1468393837,hypT,metL,False,insufficient_data,metJ|phoP|rpoD,0,,,,,-0.18483888083651687,0,
0,10,0.0,0.0,instrument_error,1468393837,1506969025,1468393837,hypT,metN,False,insufficient_data,metJ|rpoD,0,,,,,-0.1841685238916124,0,
0,10,0.0,0.0,instrument_error,1468393837,1506969025,1468393837,hypT,metQ,False,insufficient_data,metJ|rpoD,0,,,,,-0.3103767031379359,0,
0,10,0.0,0.0,instrument_error,1468393837,1506969025,1468393837,ibpA,ibpB,False,insufficient_data,ihfA|ihfB|lrp|nac|rpoH|rpoN,0,,,,,0.14041712815245197,0,
0,10,0.0,0.0,instrument_error,1468393837,1506969025,1468393837,ilvY,ilvC,False,insufficient_data,rpoD|rpoS,0,,,,,-0.2742745296045017,0,
0,10,0.0,0.0,instrument_error,1468393837,1506969025,1468393837,istR,tisB,False,insufficient_data,lexA|rpoD,0,,,,,-0.1299839298209386,0,
0,10,0.0,0.0,instrument_error,1468393837,1506969025,1468393837,kdgR,eda,False,insufficient_data,cra|gntR|nac|phoB|plaR|rpoD,0,,,,,0.260073736190982,0,
0,10,0.0,0.0,instrument_error,1468393837,1506969025,1468393837,kdgR,edd,False,insufficient_data,cpxR|cra|gntR|nac|rpoD,0,,,,,-0.27438834044543353,0,
0,10,0.0,0.0,instrument_error,1468393837,1506969025,1468393837,kdpE,kdpA,False,insufficient_data,arcA|rpoD,0,,,,,0.24133333383514077,0,
0,10,0.0,0.0,instrument_error,1468393837,1506969025,1468393837,kdpE,kdpB,False,insufficient_data,rpoD,0,,,,,0.2731143697707234,0,
0,10,0.0,0.0,instrument_error,1468393837,1506969025,1468393837,kdpE,kdpC,False,insufficient_data,rpoD,0,,,,,0.15918639120075595,0,
0,10,0.0,0.0,instrument_error,1468393837,1506969025,1468393837,kdpE,kdpF,False,insufficient_data,rpoD,0,,,,,0.1975903856453585,0,
0,10,0.0,0.0,instrument_error,1468393837,1506969025,1468393837,kdpE,rmf,False,insufficient_data,arcA|crp|cueR|fur|mcbR|nhaR|phoP|rcdA|sdiA|slyA|zntR|zraR,0,,,,,-0.07361879220707039,0,
0,10,0.0,0.0,instrument_error,1468393837,1506969025,1468393837,kdpE,rsd,False,insufficient_data,arcA|cueR|fur|lrp|mcbR|nac|nhaR|phoP|rcdA|rpoD|rpoS|sdiA|slyA|zntR,0,,,,,0.1342588754351186,0,
0,10,0.0,0.0,instrument_error,1468393837,1506969025,1468393837,lexA,dinD,False,insufficient_data,alpA|basR|btsR|glaR|glrR|nsrR|ptrR|rcdA,0,,,,,-0.15422504966532435,0,
0,10,0.0,0.0,instrument_error,1468393837,1506969025,1468393837,lexA,ruvA,False,insufficient_data,alpA|basR|btsR|glaR|glrR|nsrR|ptrR|rcdA,0,,,,,-0.20707326575659304,0,
0,10,0.0,0.0,instrument_error,1468393837,1506969025,1468393837,lexA,ruvB,False,insufficient_data,alpA|basR|btsR|glaR|glrR|nsrR|ptrR|rcdA,0,,,,,0.09428560058245102,0,
0,10,0.0,0.0,instrument_error,1468393837,1506969025,1468393837,lexA,yoaA,False,insufficient_data,alpA|basR|btsR|glaR|glrR|nsrR|ptrR|rcdA,0,,,,,0.19517645523102475,0,
0,10,0.0,0.0,instrument_error,1468393837,1506969025,1468393837,rpoN,rtcR,False,insufficient_data,alpA|basR|btsR|glaR|glrR|nsrR|ptrR|rcdA,0,,,,,0.07792204391293357,0,
0,10,0.0,0.0,instrument_error,1468393837,1506969025,1468393837,rpoN,yahE,False,insufficient_data,alpA|basR|btsR|glaR|glrR|nsrR|ptrR|rcdA,0,,,,,-0.14907615573070357,0,
0,10,0.0,0.0,instrument_error,1468393837,1506969025,1468393837,rpoN,ygfK,False,insufficient_data,alpA|basR|btsR|glaR|glrR|nsrR|ptrR|rcdA,0,,,,,0.12421028414524704,0,
0,10,0.0,0.0,instrument_error,1468393837,1506969025,1468393837,slyA,mdtM,False,insufficient_data,alpA|basR|btsR|glaR|glrR|nsrR|ptrR|rcdA,0,,,,,-0.08543003125112845,0,
0,10,0.0,0.0,instrument_error,1468393837,1506969025,1468393837,slyA,yjiN,False,insufficient_data,alpA|basR|btsR|glaR|glrR|nsrR|ptrR|rcdA,0,,,,,-0.19734675371345825,0,
0,10,0.0,0.0,instrument_error,1468393837,1506969025,1468393837,tyrR,aroF,False,insufficient_data,lrp|nac|pgrR|rpoD|rpoH|soxR,0,,,,,0.0752164914916986,0,
0,10,0.0,0.0,instrument_error,1468393837,1506969025,1468393837,tyrR,aroG,False,insufficient_data,cpxR|lrp|pgrR|rpoD|rpoH,0,,,,,0.16667038972939247,0,
0,10,0.0,0.0,instrument_error,1468393837,1506969025,1468393837,tyrR,aroL,False,insufficient_data,lrp|pgrR|rpoD|rpoH|trpR,0,,,,,0.1136240175314997,0,
0,10,0.0,0.0,instrument_error,1468393837,1506969025,1468393837,tyrR,aroM,False,insufficient_data,lrp|pgrR|rpoD|rpoH|trpR,0,,,,,-0.1539357145668638,0,
0,10,0.0,0.0,instrument_error,1468393837,1506969025,1468393837,tyrR,aroP,False,insufficient_data,argR|cra|fnr|glaR|lrp|pgrR|rpoD|rpoH,0,,,,,-0.21029993159287097,0,
0,10,0.0,0.0,instrument_error,1468393837,1506969025,1468393837,tyrR,folA,False,insufficient_data,ihfA|ihfB|lrp|pgrR|rpoD|rpoH,0,,,,,0.15409628217972163,0,
0,10,0.0,0.0,instrument_error,1468393837,1506969025,1468393837,tyrR,mtr,False,insufficient_data,hupA|hupB|ihfA|ihfB|lrp|pgrR|rpoD|rpoH|trpR,0,,,,,0.3469888358111718,0,
0,10,0.0,0.0,instrument_error,1468393837,1506969025,1468393837,tyrR,tyrA,False,insufficient_data,lrp|pgrR|rpoD|rpoH|soxR,0,,,,,-0.16884412006625735,0,
0,10,0.0,0.0,instrument_error,1468393837,1506969025,1468393837,tyrR,tyrB,False,insufficient_data,lrp|pgrR|rpoD|rpoH,0,,,,,0.12937967615007856,0,
0,10,0.0,0.0,instrument_error,1468393837,1506969025,1468393837,tyrR,tyrP,False,insufficient_data,hupA|hupB|ihfA|ihfB|lrp|pgrR|rpoD|rpoH,0,,,,,0.17166473980535538,0,
0,10,0.0,0.0,instrument_error,1468393837,1506969025,1468393837,tyrR,yaiA,False,insufficient_data,lrp|pgrR|rpoD|rpoH|trpR,0,,,,,-0.3665008724970607,0,
0,10,0.0,0.0,instrument_error,1468393837,1506969025,1468393837,yciT,bsmA,False,insufficient_data,lrp|rpoS,0,,,,,-0.293704062950225,0,
0,10,0.0,0.0,instrument_error,1468393837,1506969025,1468393837,yciT,cusF,False,insufficient_data,cusR|hprR|lrp|phoB|rpoD|rpoS,0,,,,,-0.1675761908515791,0,
0,10,0.0,0.0,instrument_error,1468393837,1506969025,1468393837,yciT,rdcA,False,insufficient_data,fliA|lrp|rpoS,0,,,,,-0.17824692375254078,0,
0,10,0.0,0.0,instrument_error,1468393837,1506969025,1468393837,yciT,ybiY,False,insufficient_data,lrp|rpoS,0,,,,,-0.15824048605198393,0,
0,10,0.0,0.0,instrument_error,1468393837,1506969025,1468393837,zntR,rmf,False,insufficient_data,arcA|crp|cueR|fur|kdpE|lrp|mcbR|nhaR|phoP|rcdA|rpoH|sdiA|slyA|zraR,0,,,,,-0.10021374182211823,0,
0,10,0.0,0.0,instrument_error,1468393837,1506969025,1468393837,zntR,rsd,False,insufficient_data,arcA|cueR|fur|kdpE|lrp|mcbR|nac|nhaR|phoP|rcdA|rpoD|rpoH|rpoS|sdiA|slyA,0,,,,,0.3060460755338144,0,
0,10,0.0,0.0,instrument_error,1468393837,1506969025,1468393837,zntR,zntA,False,insufficient_data,lrp|rpoD|rpoH,0,,,,,0.20360463541855395,0,
0,10,0.0,0.0,instrument_error,1468393837,1506969025,1468393837,lysR,lysA,False,insufficient_data,argP|nac|rpoD,0,,,,,0.1351248756599296,0,
0,10,0.0,0.0,instrument_error,1468393837,1506969025,1468393837,rob,acs,False,insufficient_data,acrR|cpxR|cra|crp|fis|ihfA|ihfB|nac|ompR|rpoD|rpoS|soxS,0,,,,,0.12832776283190983,0,
0,10,0.0,0.0,instrument_error,1468393837,1506969025,1468393837,rob,actP,False,insufficient_data,acrR|cpxR|cra|crp|fis|fur|ihfA|ihfB|nac|ompR|rpoD|rpoN|rpoS|soxS,0,,,,,0.07217793850603654,0,
0,10,0.0,0.0,instrument_error,1468393837,1506969025,1468393837,rob,aslB,False,insufficient_data,acrR|cpxR|cra|crp|fis|gadE|nac|ompR|rcsB|rpoD|rpoN|soxS,0,,,,,-0.2025760350508212,0,
0,10,0.0,0.0,instrument_error,1468393837,1506969025,1468393837,rob,astC,False,insufficient_data,acrR|argR|cpxR|cra|crp|fis|glnG|lrp|nac|ompR|rpoD|rpoN|rpoS|soxS,0,,,,,-0.15521186052337577,0,
0,10,0.0,0.0,instrument_error,1468393837,1506969025,1468393837,rob,chaC,False,insufficient_data,acrR|cpxR|cra|crp|fis|glaR|nac|ompR|rpoD|rpoN|soxS,0,,,,,0.06648764274729789,0,
0,10,0.0,0.0,instrument_error,1468393837,1506969025,1468393837,rob,elaB,False,insufficient_data,acrR|cpxR|cra|crp|fis|nac|ompR|oxyR|rpoD|rpoS|soxS,0,,,,,-0.10215698557567428,0,
0,10,0.0,0.0,instrument_error,1468393837,1506969025,1468393837,rob,fadA,False,insufficient_data,acrR|arcA|cpxR|cra|crp|fadR|fis|nac|ompR|rpoD|soxS,0,,,,,-0.16411726877177332,0,
0,10,0.0,0.0,instrument_error,1468393837,1506969025,1468393837,rob,fadB,False,insufficient_data,acrR|arcA|cpxR|cra|crp|fadR|fis|nac|ompR|rpoD|soxS,0,,,,,-0.23726673389861366,0,
0,10,0.0,0.0,instrument_error,1468393837,1506969025,1468393837,rob,fadD,False,insufficient_data,acrR|arcA|cpxR|cra|crp|fadR|fis|nac|ompR|rpoD|soxS,0,,,,,-0.09542019790680649,0,
0,10,0.0,0.0,instrument_error,1468393837,1506969025,1468393837,rob,fadL,False,insufficient_data,acrR|arcA|cpxR|cra|crp|fadR|fis|lldR|lrp|nac|ompR|pdhR|phoP|rpoD|rpoN|rpoS|soxS,0,,,,,-0.10153060561709512,0,
0,10,0.0,0.0,instrument_error,1468393837,1506969025,1468393837,rob,glgS,False,insufficient_data,acrR|cpxR|cra|crp|csrA|fis|nac|ompR|rpoD|rpoS|soxS,0,,,,,-0.10654172887819638,0,
0,10,0.0,0.0,instrument_error,1468393837,1506969025,1468393837,rob,ldtB,False,insufficient_data,acrR|cpxR|cra|crp|fis|nac|ompR|rpoD|soxS,0,,,,,0.216498188185566,0,
0,10,0.0,0.0,instrument_error,1468393837,1506969025,1468393837,rob,mdtD,False,insufficient_data,acrR|baeR|cpxR|cra|crp|fis|nac|ompR|rpoD|rpoS|soxS,0,,,,,-0.22338547654419383,0,
0,10,0.0,0.0,instrument_error,1468393837,1506969025,1468393837,rob,mltF,False,insufficient_data,acrR|cpxR|cra|crp|fis|nac|ompR|rpoD|soxS,0,,,,,-0.19262260764000508,0,
0,10,0.0,0.0,instrument_error,1468393837,1506969025,1468393837,rob,narG,False,insufficient_data,acrR|cpxR|cra|crp|fis|fnr|ihfA|ihfB|nac|narL|ompR|rpoD|rstA|soxS,0,,,,,-0.13839762813655074,0,
0,10,0.0,0.0,instrument_error,1468393837,1506969025,1468393837,rob,yacH,False,insufficient_data,acrR|cpxR|cra|crp|fis|nac|ompR|rpoD|soxS,0,,,,,-0.25208375307283365,0,
0,10,0.0,0.0,instrument_error,1468393837,1506969025,1468393837,rob,ybiT,False,insufficient_data,acrR|ascG|cpxR|cra|crp|fis|lrp|nac|ompR|rpoD|soxS,0,,,,,-0.16836166713547,0,
0,10,0.0,0.0,instrument_error,1468393837,1506969025,1468393837,rob,ydcL,False,insufficient_data,acrR|cpxR|cra|crp|fis|lrp|nac|ompR|rpoD|soxS,0,,,,,-0.2775021118823337,0,
0,10,0.0,0.0,instrument_error,1468393837,1506969025,1468393837,rob,yhbO,False,insufficient_data,acrR|cpxR|cra|crp|fis|nac|ompR|rpoD|soxS,0,,,,,0.08397609743075364,0,
0,10,0.0,0.0,instrument_error,1468393837,1506969025,1468393837,rob,yiaG,False,insufficient_data,acrR|cpxR|cra|crp|fis|lrp|nac|ompR|rpoD|rpoS|soxS,0,,,,,0.16653519860431185,0,
0,10,0.0,0.0,instrument_error,1468393837,1506969025,1468393837,rob,yjcH,False,insufficient_data,acrR|cpxR|cra|crp|fis|fur|ihfA|ihfB|nac|ompR|rpoD|rpoS|soxS,0,,,,,-0.14991483334506817,0,
0,10,0.0,0.0,instrument_error,1468393837,1506969025,1468393837,mcbR,mcbA,False,insufficient_data,nac|rpoD|ygiV,0,,,,,0.11235767295456024,0,
0,10,0.0,0.0,instrument_error,1468393837,1506969025,1468393837,mcbR,rmf,False,insufficient_data,arcA|crp|cueR|fur|kdpE|nhaR|phoP|rcdA|sdiA|slyA|ygiV|zntR|zraR,0,,,,,-0.4017051842441771,0,
0,10,0.0,0.0,instrument_error,1468393837,1506969025,1468393837,mcbR,rsd,False,insufficient_data,arcA|cueR|fur|kdpE|lrp|nac|nhaR|phoP|rcdA|rpoD|rpoS|sdiA|slyA|ygiV|zntR,0,,,,,-0.15393576353585173,0,
0,10,0.0,0.0,instrument_error,1468393837,1506969025,1468393837,mcbR,yciE,False,insufficient_data,hns|rpoD|rpoS|ygiV,0,,,,,-0.13187510175030778,0,
0,10,0.0,0.0,instrument_error,1468393837,1506969025,1468393837,mcbR,yciF,False,insufficient_data,hns|rpoS|ygiV,0,,,,,0.1442868024843686,0,
0,10,0.0,0.0,instrument_error,1468393837,1506969025,1468393837,mcbR,yciG,False,insufficient_data,hns|rpoS|ygiV,0,,,,,-0.11458389771121437,0,
0,10,0.0,0.0,instrument_error,1468393837,1506969025,1468393837,metR,glyA,False,insufficient_data,metJ|nac|oxyR|purR|rpoD,0,,,,,-0.463148077708651,0,
0,10,0.0,0.0,instrument_error,1468393837,1506969025,1468393837,metR,hmp,False,insufficient_data,dksA|fnr|fur|metJ|nac|nsrR|oxyR|rpoS,0,,,,,-0.07942889410613783,0,
0,10,0.0,0.0,instrument_error,1468393837,1506969025,1468393837,metR,metE,False,insufficient_data,metJ|nac|oxyR,0,,,,,0.20022329125660068,0,
0,10,0.0,0.0,instrument_error,1468393837,1506969025,1468393837,metR,metH,False,insufficient_data,fur|lrp|metJ|nac|oxyR|rpoD,0,,,,,-0.1343286915843953,0,
0,10,0.0,0.0,instrument_error,1468393837,1506969025,1468393837,micL,lpp,False,insufficient_data,ompR|rpoE,0,,,,,-0.21788417331411897,0,
0,10,0.0,0.0,instrument_error,1468393837,1506969025,1468393837,mngR,mngA,False,insufficient_data,rpoD|rpoH,0,,,,,-0.19345178842852453,0,
0,10,0.0,0.0,instrument_error,1468393837,1506969025,1468393837,mngR,mngB,False,insufficient_data,rpoD|rpoH,0,,,,,0.4203199876972449,0,
0,10,0.0,0.0,instrument_error,1468393837,1506969025,1468393837,modE,ccmA,False,insufficient_data,flhC|flhD|fnr|nac|narP|rpoD,0,,,,,-0.22397281286707516,0,
0,10,0.0,0.0,instrument_error,1468393837,1506969025,1468393837,modE,ccmB,False,insufficient_data,flhC|flhD|fnr|nac|narP|rpoD,0,,,,,-0.051831035872368494,0,
0,10,0.0,0.0,instrument_error,1468393837,1506969025,1468393837,modE,ccmC,False,insufficient_data,flhC|flhD|fnr|narP|rpoD,0,,,,,-0.0979419029588872,0,
0,10,0.0,0.0,instrument_error,1468393837,1506969025,1468393837,modE,ccmD,False,insufficient_data,flhC|flhD|fnr|narP|rpoD,0,,,,,-0.2593775098406979,0,
0,10,0.0,0.0,instrument_error,1468393837,1506969025,1468393837,modE,ccmE,False,insufficient_data,flhC|flhD|fnr|narP|rpoD,0,,,,,-0.17232922537143117,0,
0,10,0.0,0.0,instrument_error,1468393837,1506969025,1468393837,modE,ccmF,False,insufficient_data,flhC|flhD|fnr|narP|rpoD,0,,,,,0.14949831801678654,0,
0,10,0.0,0.0,instrument_error,1468393837,1506969025,1468393837,modE,ccmG,False,insufficient_data,flhC|flhD|fnr|narP|rpoD,0,,,,,0.11963124683772672,0,
0,10,0.0,0.0,instrument_error,1468393837,1506969025,1468393837,modE,ccmH,False,insufficient_data,flhC|flhD|fnr|nac|narP|rpoD,0,,,,,-0.24970144197830832,0,
0,10,0.0,0.0,instrument_error,1468393837,1506969025,1468393837,modE,deoA,False,insufficient_data,crp|cytR|deoR|fis|rpoD,0,,,,,-0.15267539972686198,0,
0,10,0.0,0.0,instrument_error,1468393837,1506969025,1468393837,modE,deoB,False,insufficient_data,crp|cytR|deoR|fis|lrp|rpoD,0,,,,,-0.36250735014818786,0,
0,10,0.0,0.0,instrument_error,1468393837,1506969025,1468393837,modE,deoC,False,insufficient_data,crp|cytR|deoR|fis|rpoD,0,,,,,0.15760149125921186,0,
0,10,0.0,0.0,instrument_error,1468393837,1506969025,1468393837,modE,deoD,False,insufficient_data,crp|cytR|deoR|fis|rpoD,0,,,,,-0.33779545494070784,0,
0,10,0.0,0.0,instrument_error,1468393837,1506969025,1468393837,modE,dmsA,False,insufficient_data,fis|fnr|fur|ihfA|ihfB|rpoD,0,,,,,-0.11083006539039797,0,
0,10,0.0,0.0,instrument_error,1468393837,1506969025,1468393837,modE,dmsB,False,insufficient_data,fis|fnr|fur|ihfA|ihfB|rpoD,0,,,,,-0.26815154843724176,0,
0,10,0.0,0.0,instrument_error,1468393837,1506969025,1468393837,modE,dmsC,False,insufficient_data,fis|fnr|fur|ihfA|ihfB|rpoD,0,,,,,0.14595268047555301,0,
0,10,0.0,0.0,instrument_error,1468393837,1506969025,1468393837,modE,hycA,False,insufficient_data,fhlA|ihfA|ihfB|nsrR|rpoN,0,,,,,0.11465728159998506,0,
0,10,0.0,0.0,instrument_error,1468393837,1506969025,1468393837,modE,hycB,False,insufficient_data,fhlA|ihfA|ihfB|nsrR|rpoN|srsR,0,,,,,0.21999509969523293,0,
0,10,0.0,0.0,instrument_error,1468393837,1506969025,1468393837,modE,hycC,False,insufficient_data,fhlA|ihfA|ihfB|nsrR|rpoN,0,,,,,-0.21742242338663909,0,
0,10,0.0,0.0,instrument_error,1468393837,1506969025,1468393837,modE,hycD,False,insufficient_data,fhlA|ihfA|ihfB|nsrR|rpoN,0,,,,,-0.1871187734989898,0,
0,10,0.0,0.0,instrument_error,1468393837,1506969025,1468393837,modE,hycE,False,insufficient_data,fhlA|ihfA|ihfB|nsrR|rpoN,0,,,,,-0.2570317291678927,0,
0,10,0.0,0.0,instrument_error,1468393837,1506969025,1468393837,modE,hycF,False,insufficient_data,fhlA|ihfA|ihfB|nsrR|rpoN,0,,,,,0.11423225121104692,0,
0,10,0.0,0.0,instrument_error,1468393837,1506969025,1468393837,modE,hycG,False,insufficient_data,fhlA|ihfA|ihfB|nsrR|rpoN,0,,,,,0.09604121783061513,0,
0,10,0.0,0.0,instrument_error,1468393837,1506969025,1468393837,modE,hycH,False,insufficient_data,fhlA|ihfA|ihfB|nsrR|rpoN,0,,,,,-0.14103371412300725,0,
0,10,0.0,0.0,instrument_error,1468393837,1506969025,1468393837,modE,hycI,False,insufficient_data,fhlA|ihfA|ihfB|nsrR|rpoN,0,,,,,-0.11234271684835063,0,
0,10,0.0,0.0,instrument_error,1468393837,1506969025,1468393837,modE,moaA,False,insufficient_data,csrA|cueR|fnr,0,,,,,0.2384809061878371,0,
0,10,0.0,0.0,instrument_error,1468393837,1506969025,1468393837,modE,moaB,False,insufficient_data,csrA|cueR|fnr,0,,,,,-0.09036901736149151,0,
0,10,0.0,0.0,instrument_error,1468393837,1506969025,1468393837,modE,moaC,False,insufficient_data,csrA|cueR|fnr,0,,,,,0.07291709337531876,0,
0,10,0.0,0.0,instrument_error,1468393837,1506969025,1468393837,modE,moaD,False,insufficient_data,csrA|cueR|fnr,0,,,,,-0.35369302153292487,0,
0,10,0.0,0.0,instrument_error,1468393837,1506969025,1468393837,modE,moaE,False,insufficient_data,csrA|cueR|fnr,0,,,,,0.08048221081207894,0,
0,10,0.0,0.0,instrument_error,1468393837,1506969025,1468393837,modE,modA,False,insufficient_data,crp|fliA|lrp|rpoD,0,,,,,0.25966480162509753,0,
0,10,0.0,0.0,instrument_error,1468393837,1506969025,1468393837,modE,modB,False,insufficient_data,crp|fliA|rpoD,0,,,,,-0.2798197527971444,0,
0,10,0.0,0.0,instrument_error,1468393837,1506969025,1468393837,modE,modC,False,insufficient_data,crp|fliA|rpoD,0,,,,,-0.12494326687827419,0,
0,10,0.0,0.0,instrument_error,1468393837,1506969025,1468393837,modE,napA,False,insufficient_data,flhC|flhD|fnr|iscR|narP|rpoD,0,,,,,-0.17279790846848903,0,
0,10,0.0,0.0,instrument_error,1468393837,1506969025,1468393837,modE,napB,False,insufficient_data,flhC|flhD|fnr|iscR|nac|narP|rpoD,0,,,,,0.09280471293509346,0,
0,10,0.0,0.0,instrument_error,1468393837,1506969025,1468393837,modE,napC,False,insufficient_data,flhC|flhD|fnr|iscR|nac|narP|rpoD,0,,,,,-0.19955420356772324,0,
0,10,0.0,0.0,instrument_error,1468393837,1506969025,1468393837,modE,napD,False,insufficient_data,flhC|flhD|fnr|iscR|narP|rpoD,0,,,,,-0.3010256853051253,0,
0,10,0.0,0.0,instrument_error,1468393837,1506969025,1468393837,modE,napF,False,insufficient_data,flhC|flhD|fnr|iscR|lrp|narP|rpoD,0,,,,,0.09130203913188817,0,
0,10,0.0,0.0,instrument_error,1468393837,1506969025,1468393837,modE,napG,False,insufficient_data,flhC|flhD|fnr|iscR|narP|rpoD,0,,,,,-0.15591017657341655,0,
0,10,0.0,0.0,instrument_error,1468393837,1506969025,1468393837,modE,napH,False,insufficient_data,flhC|flhD|fnr|iscR|narP|rpoD,0,,,,,-0.28616209984204893,0,
0,10,0.0,0.0,instrument_error,1468393837,1506969025,1468393837,modE,narL,False,insufficient_data,fnr|rpoD,0,,,,,-0.0846687604599466,0,
0,10,0.0,0.0,instrument_error,1468393837,1506969025,1468393837,modE,narX,False,insufficient_data,fnr|nac|rpoD,0,,,,,-0.1387218178858935,0,
0,10,0.0,0.0,instrument_error,1468393837,1506969025,1468393837,modE,oppA,False,insufficient_data,arcA|fliA|fur|hfq|lrp|nac,0,,,,,0.11554105700208843,0,
0,10,0.0,0.0,instrument_error,1468393837,1506969025,1468393837,modE,oppB,False,insufficient_data,arcA|fliA|fur|lrp,0,,,,,-0.3033059011521644,0,
0,10,0.0,0.0,instrument_error,1468393837,1506969025,1468393837,modE,oppC,False,insufficient_data,arcA|fliA|fur|lrp|nac,0,,,,,-0.11701646561591258,0,
0,10,0.0,0.0,instrument_error,1468393837,1506969025,1468393837,modE,oppD,False,insufficient_data,arcA|fliA|fur|lrp,0,,,,,-0.22260098640852838,0,
0,10,0.0,0.0,instrument_error,1468393837,1506969025,1468393837,modE,oppF,False,insufficient_data,arcA|fliA|fur|lrp,0,,,,,0.12326277710251073,0,
0,10,0.0,0.0,instrument_error,1468393837,1506969025,1468393837,mprA,acrA,False,insufficient_data,acrR|envR|marA|phoP|ptrR|rob|rpoD|soxS,0,,,,,0.2009774073857477,0,
0,10,0.0,0.0,instrument_error,1468393837,1506969025,1468393837,mprA,acrB,False,insufficient_data,acrR|envR|marA|phoP|ptrR|rob|rpoD|soxS,0,,,,,0.3578723201754134,0,
0,10,0.0,0.0,instrument_error,1468393837,1506969025,1468393837,mprA,emrA,False,insufficient_data,rpoD,0,,,,,0.16347817087954752,0,
0,10,0.0,0.0,instrument_error,1468393837,1506969025,1468393837,mprA,emrB,False,insufficient_data,rpoD,0,,,,,0.0875785362980219,0,
0,10,0.0,0.0,instrument_error,1468393837,1506969025,1468393837,mraZ,ddlB,False,insufficient_data,lexA|pdhR|rpoD,0,,,,,0.15621404927497473,0,
0,10,0.0,0.0,instrument_error,1468393837,1506969025,1468393837,mraZ,ftsA,False,insufficient_data,lexA|pdhR|rcsB|rpoD|rpoS|sdiA,0,,,,,-0.08455225351684921,0,
0,10,0.0,0.0,instrument_error,1468393837,1506969025,1468393837,mraZ,ftsI,False,insufficient_data,lexA|pdhR|rpoD,0,,,,,-0.18285036143951966,0,
0,10,0.0,0.0,instrument_error,1468393837,1506969025,1468393837,mraZ,ftsL,False,insufficient_data,lexA|pdhR|rpoD,0,,,,,0.17915811737552953,0,
0,10,0.0,0.0,instrument_error,1468393837,1506969025,1468393837,mraZ,ftsQ,False,insufficient_data,lexA|lrp|pdhR|rpoD|rpoS|sdiA,0,,,,,0.1067272677933413,0,
0,10,0.0,0.0,instrument_error,1468393837,1506969025,1468393837,mraZ,ftsW,False,insufficient_data,lexA|pdhR|rpoD,0,,,,,0.3162410642335114,0,
0,10,0.0,0.0,instrument_error,1468393837,1506969025,1468393837,mraZ,ftsZ,False,insufficient_data,argR|dicF|lexA|pdhR|rcsB|rpoD|rpoS|sdiA,0,,,,,-0.0860758744295414,0,
0,10,0.0,0.0,instrument_error,1468393837,1506969025,1468393837,mraZ,lpxC,False,insufficient_data,lexA|pdhR|rpoD,0,,,,,-0.20004103230554507,0,
0,10,0.0,0.0,instrument_error,1468393837,1506969025,1468393837,mraZ,mioC,False,insufficient_data,asnC|nac|pdhR|rpoD,0,,,,,-0.1801753854185696,0,
0,10,0.0,0.0,instrument_error,1468393837,1506969025,1468393837,mraZ,mraY,False,insufficient_data,lexA|pdhR|rpoD,0,,,,,0.16344555309289713,0,
0,10,0.0,0.0,instrument_error,1468393837,1506969025,1468393837,mraZ,murC,False,insufficient_data,lexA|pdhR|rpoD,0,,,,,0.07108841262851558,0,
0,10,0.0,0.0,instrument_error,1468393837,1506969025,1468393837,mraZ,murD,False,insufficient_data,glaR|lexA|pdhR|rpoD,0,,,,,-0.33052786461540906,0,
0,10,0.0,0.0,instrument_error,1468393837,1506969025,1468393837,mraZ,murE,False,insufficient_data,lexA|pdhR|rpoD,0,,,,,0.14653650090175335,0,
0,10,0.0,0.0,instrument_error,1468393837,1506969025,1468393837,mraZ,murF,False,insufficient_data,lexA|pdhR|rpoD,0,,,,,-0.13114800138937188,0,
0,10,0.0,0.0,instrument_error,1468393837,1506969025,1468393837,mraZ,murG,False,insufficient_data,lexA|pdhR|rpoD,0,,,,,0.1302073929309776,0,
0,10,0.0,0.0,instrument_error,1468393837,1506969025,1468393837,mraZ,rsmH,False,insufficient_data,pdhR|rpoD,0,,,,,-0.14331338929528067,0,
0,10,0.0,0.0,instrument_error,1468393837,1506969025,1468393837,murR,murP,False,insufficient_data,crp|rpoD|rpoS,0,,,,,0.6104882793320897,0,
0,10,0.0,0.0,instrument_error,1468393837,1506969025,1468393837,murR,murQ,False,insufficient_data,crp|rpoD|rpoS,0,,,,,-0.16338748154652777,0,
0,10,0.0,0.0,instrument_error,1468393837,1506969025,1468393837,srsR,adhE,False,insufficient_data,cra|fis|flhC|flhD|fnr|lrp|nac|narL|rpoD|rpoS,0,,,,,0.10644694994146643,0,
0,10,0.0,0.0,instrument_error,1468393837,1506969025,1468393837,srsR,bluR,False,insufficient_data,nac|rpoD,0,,,,,-0.10538053052163554,0,
0,10,0.0,0.0,instrument_error,1468393837,1506969025,1468393837,srsR,cdgI,False,insufficient_data,hns|nac,0,,,,,0.19284637696102908,0,
0,10,0.0,0.0,instrument_error,1468393837,1506969025,1468393837,srsR,dhaK,False,insufficient_data,dhaR|lrp|nac|rpoS,0,,,,,0.21312919215248388,0,
0,10,0.0,0.0,instrument_error,1468393837,1506969025,1468393837,srsR,dhaL,False,insufficient_data,dhaR|nac|rpoS,0,,,,,0.1493369462486975,0,
0,10,0.0,0.0,instrument_error,1468393837,1506969025,1468393837,srsR,dhaM,False,insufficient_data,dhaR|nac|rpoS,0,,,,,0.17830052344992517,0,
0,10,0.0,0.0,instrument_error,1468393837,1506969025,1468393837,srsR,dinJ,False,insufficient_data,lexA|nac|rpoD,0,,,,,0.15546465671595938,0,
0,10,0.0,0.0,instrument_error,1468393837,1506969025,1468393837,srsR,fucA,False,insufficient_data,crp|hns|nac|rpoD,0,,,,,-0.19539508492747118,0,
0,10,0.0,0.0,instrument_error,1468393837,1506969025,1468393837,srsR,fucI,False,insufficient_data,crp|nac|rpoD|spf,0,,,,,-0.19492852307350375,0,
0,10,0.0,0.0,instrument_error,1468393837,1506969025,1468393837,srsR,fucK,False,insufficient_data,crp|nac|rpoD|spf,0,,,,,-0.0964620461085543,0,
0,10,0.0,0.0,instrument_error,1468393837,1506969025,1468393837,srsR,fucO,False,insufficient_data,crp|nac|rpoD,0,,,,,-0.11731238671106055,0,
0,10,0.0,0.0,instrument_error,1468393837,1506969025,1468393837,srsR,fucP,False,insufficient_data,crp|nac|rpoD|spf,0,,,,,-0.10131309046611671,0,
0,10,0.0,0.0,instrument_error,1468393837,1506969025,1468393837,srsR,fucR,False,insufficient_data,crp|nac|rpoD,0,,,,,0.09057908707962076,0,
0,10,0.0,0.0,instrument_error,1468393837,1506969025,1468393837,srsR,fucU,False,insufficient_data,crp|nac|rpoD,0,,,,,-0.10218237903489813,0,
0,10,0.0,0.0,instrument_error,1468393837,1506969025,1468393837,srsR,hycB,False,insufficient_data,fhlA|ihfA|ihfB|modE|nac|nsrR|rpoN,0,,,,,0.3481685614227263,0,
0,10,0.0,0.0,instrument_error,1468393837,1506969025,1468393837,srsR,narZ,False,insufficient_data,nac|ompR,0,,,,,0.13134552668452437,0,
0,10,0.0,0.0,instrument_error,1468393837,1506969025,1468393837,srsR,paaA,False,insufficient_data,crp|fur|ihfA|ihfB|nac|paaX|rpoD|slyA,0,,,,,0.15786675038942263,0,
0,10,0.0,0.0,instrument_error,1468393837,1506969025,1468393837,srsR,paaB,False,insufficient_data,crp|fur|ihfA|ihfB|nac|paaX|rpoD|slyA,0,,,,,-0.12109576333821102,0,
0,10,0.0,0.0,instrument_error,1468393837,1506969025,1468393837,srsR,paaC,False,insufficient_data,crp|fur|ihfA|ihfB|nac|paaX|rpoD|slyA,0,,,,,0.12144226166411878,0,
0,10,0.0,0.0,instrument_error,1468393837,1506969025,1468393837,srsR,paaD,False,insufficient_data,crp|fur|ihfA|ihfB|nac|paaX|rpoD|slyA,0,,,,,0.2926865576827861,0,
0,10,0.0,0.0,instrument_error,1468393837,1506969025,1468393837,srsR,paaE,False,insufficient_data,crp|fur|ihfA|ihfB|nac|paaX|rpoD|slyA,0,,,,,-0.15579526308093053,0,
0,10,0.0,0.0,instrument_error,1468393837,1506969025,1468393837,srsR,paaF,False,insufficient_data,crp|fur|ihfA|ihfB|nac|paaX|rpoD|slyA,0,,,,,0.19913666306539463,0,
0,10,0.0,0.0,instrument_error,1468393837,1506969025,1468393837,srsR,paaG,False,insufficient_data,crp|fur|ihfA|ihfB|nac|paaX|rpoD|slyA,0,,,,,-0.11255154514090142,0,
0,10,0.0,0.0,instrument_error,1468393837,1506969025,1468393837,srsR,paaH,False,insufficient_data,crp|fur|ihfA|ihfB|nac|paaX|rpoD|slyA,0,,,,,0.36161860124682066,0,
0,10,0.0,0.0,instrument_error,1468393837,1506969025,1468393837,srsR,paaI,False,insufficient_data,crp|fur|ihfA|ihfB|nac|paaX|rpoD|slyA,0,,,,,0.22911146526119555,0,
0,10,0.0,0.0,instrument_error,1468393837,1506969025,1468393837,srsR,paaJ,False,insufficient_data,crp|fur|ihfA|ihfB|nac|paaX|rpoD|slyA,0,,,,,0.2781619242722876,0,
0,10,0.0,0.0,instrument_error,1468393837,1506969025,1468393837,srsR,paaK,False,insufficient_data,crp|fur|ihfA|ihfB|nac|paaX|rpoD|slyA|spf,0,,,,,-0.21777201459731793,0,
0,10,0.0,0.0,instrument_error,1468393837,1506969025,1468393837,srsR,paaZ,False,insufficient_data,crp|ihfA|ihfB|nac|paaX,0,,,,,0.21732056652768825,0,
0,10,0.0,0.0,instrument_error,1468393837,1506969025,1468393837,srsR,pflB,False,insufficient_data,arcA|cpxR|crp|fis|fnr|ihfA|ihfB|nac|narL|rpoD|yeiE,0,,,,,-0.2937148829539705,0,
0,10,0.0,0.0,instrument_error,1468393837,1506969025,1468393837,srsR,yafL,False,insufficient_data,nac,0,,,,,-0.09083243973924235,0,
0,10,0.0,0.0,instrument_error,1468393837,1506969025,1468393837,srsR,yafQ,False,insufficient_data,lexA|nac|rpoD,0,,,,,0.2576578926104632,0,
0,10,0.0,0.0,instrument_error,1468393837,1506969025,1468393837,srsR,yfdK,False,insufficient_data,nac,0,,,,,-0.16031256948698186,0,
0,10,0.0,0.0,instrument_error,1468393837,1506969025,1468393837,srsR,yfdM,False,insufficient_data,nac,0,,,,,0.25364504518757275,0,
0,10,0.0,0.0,instrument_error,1468393837,1506969025,1468393837,srsR,yfdN,False,insufficient_data,nac,0,,,,,0.173550220674935,0,
0,10,0.0,0.0,instrument_error,1468393837,1506969025,1468393837,srsR,yfdO,False,insufficient_data,nac,0,,,,,0.260561958939478,0,
0,10,0.0,0.0,instrument_error,1468393837,1506969025,1468393837,srsR,yfdP,False,insufficient_data,nac,0,,,,,0.146292609423188,0,
0,10,0.0,0.0,instrument_error,1468393837,1506969025,1468393837,srsR,yfdQ,False,insufficient_data,nac,0,,,,,-0.12906009013632766,0,
0,10,0.0,0.0,instrument_error,1468393837,1506969025,1468393837,tdcR,tdcA,False,insufficient_data,crp|fnr|ihfA|ihfB|nac,0,,,,,-0.2966829899151527,0,
0,10,0.0,0.0,instrument_error,1468393837,1506969025,1468393837,tdcR,tdcB,False,insufficient_data,crp|fnr|ihfA|ihfB|nac,0,,,,,-0.09449234113246165,0,
0,10,0.0,0.0,instrument_error,1468393837,1506969025,1468393837,tdcR,tdcC,False,insufficient_data,crp|fnr|ihfA|ihfB|nac,0,,,,,-0.14273137528822694,0,
0,10,0.0,0.0,instrument_error,1468393837,1506969025,1468393837,tdcR,tdcD,False,insufficient_data,crp|fnr|ihfA|ihfB|nac,0,,,,,-0.1298628018984011,0,
0,10,0.0,0.0,instrument_error,1468393837,1506969025,1468393837,tdcR,tdcE,False,insufficient_data,crp|fnr|ihfA|ihfB|nac,0,,,,,0.11076470749569797,0,
0,10,0.0,0.0,instrument_error,1468393837,1506969025,1468393837,tdcR,tdcF,False,insufficient_data,crp|fnr|ihfA|ihfB|nac,0,,,,,-0.12134496457393963,0,
0,10,0.0,0.0,instrument_error,1468393837,1506969025,1468393837,tdcR,tdcG,False,insufficient_data,crp|fnr|ihfA|ihfB|nac,0,,,,,0.2258002606967184,0,
0,10,0.0,0.0,instrument_error,1468393837,1506969025,1468393837,uhpA,uhpT,False,insufficient_data,crp|nac|rpoD|uvrY,0,,,,,-0.2956503539220367,0,
0,10,0.0,0.0,instrument_error,1468393837,1506969025,1468393837,xapR,xapA,False,insufficient_data,nac|rpoD|rpoS,0,,,,,-0.2408215110944361,0,
0,10,0.0,0.0,instrument_error,1468393837,1506969025,1468393837,xapR,xapB,False,insufficient_data,nac|rpoD|rpoN|rpoS,0,,,,,0.22329775950671002,0,
0,10,0.0,0.0,instrument_error,1468393837,1506969025,1468393837,yafC,cysJ,False,insufficient_data,cysB|ihfA|ihfB|nac|rpoD|yeiE,0,,,,,-0.14939164264715654,0,
0,10,0.0,0.0,instrument_error,1468393837,1506969025,1468393837,ydcI,flu,False,insufficient_data,dksA|nac|oxyR|rpoD,0,,,,,-0.17310304710229968,0,
0,10,0.0,0.0,instrument_error,1468393837,1506969025,1468393837,ydcI,iraP,False,insufficient_data,csgD|dksA|hns|lrp|nac|rpoD,0,,,,,-0.19209904048388285,0,
0,10,0.0,0.0,instrument_error,1468393837,1506969025,1468393837,ydcI,isrC,False,insufficient_data,dksA|nac|oxyR|rpoD,0,,,,,0.36603882988639513,0,
0,10,0.0,0.0,instrument_error,1468393837,1506969025,1468393837,ydcI,smrB,False,insufficient_data,nac,0,,,,,0.17483379407267474,0,
0,10,0.0,0.0,instrument_error,1468393837,1506969025,1468393837,yeiE,argO,False,insufficient_data,argP|lrp|nac|rpoD,0,,,,,0.24542028739396843,0,
0,10,0.0,0.0,instrument_error,1468393837,1506969025,1468393837,yeiE,cysJ,False,insufficient_data,cysB|ihfA|ihfB|nac|rpoD|yafC,0,,,,,0.14211880172341126,0,
0,10,0.0,0.0,instrument_error,1468393837,1506969025,1468393837,yeiE,dcuC,False,insufficient_data,arcA|fnr|nac,0,,,,,0.06432551389546765,0,
0,10,0.0,0.0,instrument_error,1468393837,1506969025,1468393837,yeiE,ftp,False,insufficient_data,nac,0,,,,,-0.12211366490884157,0,
0,10,0.0,0.0,instrument_error,1468393837,1506969025,1468393837,yeiE,gltF,False,insufficient_data,adiY|argR|crp|fnr|fur|gadE|glaR|hdfR|ihfA|ihfB|leuO|lrp|nac|rpoD|rpoS,0,,,,,0.09170876360356563,0,
0,10,0.0,0.0,instrument_error,1468393837,1506969025,1468393837,yeiE,infA,False,insufficient_data,nac|rpoD,0,,,,,0.4208048891655894,0,
0,10,0.0,0.0,instrument_error,1468393837,1506969025,1468393837,yeiE,mdtF,False,insufficient_data,crp|evgA|fliZ|gadE|gadW|gadX|hns|nac|rpoD|rpoS|torR|ydeO,0,,,,,0.18625069811271344,0,
0,10,0.0,0.0,instrument_error,1468393837,1506969025,1468393837,yeiE,pflB,False,insufficient_data,arcA|cpxR|crp|fis|fnr|ihfA|ihfB|nac|narL|rpoD|srsR,0,,,,,0.09201076976382419,0,
0,10,0.0,0.0,instrument_error,1468393837,1506969025,1468393837,yeiE,putA,False,insufficient_data,arcA|basR|marA|nac|rpoD,0,,,,,0.10366910888211865,0,
0,10,0.0,0.0,instrument_error,1468393837,1506969025,1468393837,yeiE,sodC,False,insufficient_data,nac|rpoS,0,,,,,0.1511676486075764,0,
0,10,0.0,0.0,instrument_error,1468393837,1506969025,1468393837,yeiE,ssuA,False,insufficient_data,cbl|cysB|fnr|ihfA|ihfB|nac|rpoD,0,,,,,0.20145672881654708,0,
0,10,0.0,0.0,instrument_error,1468393837,1506969025,1468393837,yeiE,uspF,False,insufficient_data,nac,0,,,,,0.15581151277078956,0,
0,10,0.0,0.0,instrument_error,1468393837,1506969025,1468393837,yeiE,ydcT,False,insufficient_data,nac|rpoS,0,,,,,0.19222488375436114,0,
0,10,0.0,0.0,instrument_error,1468393837,1506969025,1468393837,yeiE,yibQ,False,insufficient_data,cra|nac|rpoS,0,,,,,-0.15397759056732963,0,
0,10,0.0,0.0,instrument_error,1468393837,1506969025,1468393837,yeiE,yoaC,False,insufficient_data,cysB|nac|rpoE,0,,,,,-0.29009169713860594,0,
0,10,0.0,0.0,instrument_error,1468393837,1506969025,1468393837,yieP,cusA,False,insufficient_data,cusR|hprR|nac|phoB|rpoD,0,,,,,-0.25612347259808427,0,
0,10,0.0,0.0,instrument_error,1468393837,1506969025,1468393837,yieP,dauA,False,insufficient_data,nac,0,,,,,0.17123811176176337,0,
0,10,0.0,0.0,instrument_error,1468393837,1506969025,1468393837,yieP,ybiX,False,insufficient_data,nac,0,,,,,-0.14178844670725463,0,
0,10,0.0,0.0,instrument_error,1468393837,1506969025,1468393837,yieP,ykgE,False,insufficient_data,lrp|nac,0,,,,,0.13702772972459212,0,
0,10,0.0,0.0,instrument_error,1468393837,1506969025,1468393837,yieP,yohJ,False,insufficient_data,nac,0,,,,,-0.3866424083986156,0,
0,10,0.0,0.0,instrument_error,1468393837,1506969025,1468393837,nadR,nadA,False,insufficient_data,,0,,,,,0.2237715386426379,0,
0,10,0.0,0.0,instrument_error,1468393837,1506969025,1468393837,nadR,nadB,False,insufficient_data,rpoD,0,,,,,-0.11836901649668358,0,
0,10,0.0,0.0,instrument_error,1468393837,1506969025,1468393837,nadR,pncB,False,insufficient_data,arcA|crp|lrp|rpoD,0,,,,,0.13042921676797412,0,
0,10,0.0,0.0,instrument_error,1468393837,1506969025,1468393837,nadR,pnuC,False,insufficient_data,,0,,,,,-0.1579826482094205,0,
0,10,0.0,0.0,instrument_error,1468393837,1506969025,1468393837,nanR,fimB,False,insufficient_data,basR|cpxR|dksA|hns|ihfA|ihfB|nagC|rpoD,0,,,,,-0.2129969111511998,0,
0,10,0.0,0.0,instrument_error,1468393837,1506969025,1468393837,nanR,nanA,False,insufficient_data,crp|fis|nac|rpoD,0,,,,,-0.2262481442029166,0,
0,10,0.0,0.0,instrument_error,1468393837,1506969025,1468393837,nanR,nanC,False,insufficient_data,crp|nagC|spf,0,,,,,0.08523351912905604,0,
0,10,0.0,0.0,instrument_error,1468393837,1506969025,1468393837,nanR,nanE,False,insufficient_data,crp|fis|rpoD,0,,,,,-0.1289785949809244,0,
0,10,0.0,0.0,instrument_error,1468393837,1506969025,1468393837,nanR,nanK,False,insufficient_data,crp|fis|nac|rpoD,0,,,,,-0.09328025974615635,0,
0,10,0.0,0.0,instrument_error,1468393837,1506969025,1468393837,nanR,nanM,False,insufficient_data,crp|nagC,0,,,,,0.18534564875367887,0,
0,10,0.0,0.0,instrument_error,1468393837,1506969025,1468393837,nanR,nanQ,False,insufficient_data,crp|fis|rpoD,0,,,,,0.08563618865335462,0,
0,10,0.0,0.0,instrument_error,1468393837,1506969025,1468393837,nanR,nanS,False,insufficient_data,crp|nagC,0,,,,,0.07354174147971523,0,
0,10,0.0,0.0,instrument_error,1468393837,1506969025,1468393837,nanR,nanT,False,insufficient_data,crp|fis|rpoD|spf,0,,,,,-0.09440776770175344,0,
0,10,0.0,0.0,instrument_error,1468393837,1506969025,1468393837,nanR,nanX,False,insufficient_data,rpoH,0,,,,,0.12481632064522614,0,
0,10,0.0,0.0,instrument_error,1468393837,1506969025,1468393837,nanR,nanY,False,insufficient_data,rpoD|rpoH,0,,,,,-0.32698760491042417,0,
0,10,0.0,0.0,instrument_error,1468393837,1506969025,1468393837,narP,ccmA,False,insufficient_data,flhC|flhD|fnr|modE|nac|narL|rpoD|rpoH,0,,,,,-0.11253442094543738,0,
0,10,0.0,0.0,instrument_error,1468393837,1506969025,1468393837,narP,ccmB,False,insufficient_data,flhC|flhD|fnr|modE|nac|narL|rpoD|rpoH,0,,,,,-0.20835418244730108,0,
0,10,0.0,0.0,instrument_error,1468393837,1506969025,1468393837,narP,ccmC,False,insufficient_data,flhC|flhD|fnr|modE|narL|rpoD|rpoH,0,,,,,0.23021577054815845,0,
0,10,0.0,0.0,instrument_error,1468393837,1506969025,1468393837,narP,ccmD,False,insufficient_data,flhC|flhD|fnr|modE|narL|rpoD|rpoH,0,,,,,-0.20543391016939086,0,
0,10,0.0,0.0,instrument_error,1468393837,1506969025,1468393837,narP,ccmE,False,insufficient_data,flhC|flhD|fnr|modE|narL|rpoD|rpoH,0,,,,,-0.2986473959758597,0,
0,10,0.0,0.0,instrument_error,1468393837,1506969025,1468393837,narP,ccmF,False,insufficient_data,flhC|flhD|fnr|modE|narL|rpoD|rpoH,0,,,,,-0.08503602288552417,0,
0,10,0.0,0.0,instrument_error,1468393837,1506969025,1468393837,narP,ccmG,False,insufficient_data,flhC|flhD|fnr|modE|narL|rpoD|rpoH,0,,,,,-0.2611494530190575,0,
0,10,0.0,0.0,instrument_error,1468393837,1506969025,1468393837,narP,ccmH,False,insufficient_data,flhC|flhD|fnr|modE|nac|narL|rpoD|rpoH,0,,,,,0.10353631478812192,0,
0,10,0.0,0.0,instrument_error,1468393837,1506969025,1468393837,narP,cysG,False,insufficient_data,cra|crp|fis|fnr|hns|ihfA|ihfB|narL|rpoD|rpoH,0,,,,,-0.31360903991468975,0,
0,10,0.0,0.0,instrument_error,1468393837,1506969025,1468393837,narP,fdhF,False,insufficient_data,fhlA|fnr|narL|rpoH|rpoN,0,,,,,0.09704577739786133,0,
0,10,0.0,0.0,instrument_error,1468393837,1506969025,1468393837,narP,fdnG,False,insufficient_data,cpxR|fnr|narL|rpoD|rpoH,0,,,,,-0.19791947968862988,0,
0,10,0.0,0.0,instrument_error,1468393837,1506969025,1468393837,narP,fdnH,False,insufficient_data,fnr|narL|rpoD|rpoH,0,,,,,-0.16368374702594785,0,
0,10,0.0,0.0,instrument_error,1468393837,1506969025,1468393837,narP,fdnI,False,insufficient_data,fnr|narL|rpoD|rpoH,0,,,,,-0.24580442887643084,0,
0,10,0.0,0.0,instrument_error,1468393837,1506969025,1468393837,narP,hcp,False,insufficient_data,cpxR|fnr|narL|nsrR|oxyR|rpoE|rpoH,0,,,,,-0.2833743069247563,0,
0,10,0.0,0.0,instrument_error,1468393837,1506969025,1468393837,narP,hcr,False,insufficient_data,fnr|narL|nsrR|oxyR|rpoE|rpoH,0,,,,,0.13717458795106463,0,
0,10,0.0,0.0,instrument_error,1468393837,1506969025,1468393837,narP,hyaA,False,insufficient_data,appY|arcA|fis|iscR|narL|rpoD|rpoH|rpoS|ydeO,0,,,,,-0.09668249856704833,0,
0,10,0.0,0.0,instrument_error,1468393837,1506969025,1468393837,narP,hyaB,False,insufficient_data,appY|arcA|fis|iscR|narL|rpoD|rpoH|rpoS|ydeO,0,,,,,-0.11925747373183675,0,
0,10,0.0,0.0,instrument_error,1468393837,1506969025,1468393837,narP,hyaC,False,insufficient_data,appY|arcA|fis|iscR|narL|rpoD|rpoH|rpoS|ydeO,0,,,,,-0.2846815299500154,0,
0,10,0.0,0.0,instrument_error,1468393837,1506969025,1468393837,narP,hyaD,False,insufficient_data,appY|arcA|fis|iscR|narL|rpoD|rpoH|rpoS|ydeO,0,,,,,-0.18447604299736736,0,
0,10,0.0,0.0,instrument_error,1468393837,1506969025,1468393837,narP,hyaE,False,insufficient_data,appY|arcA|fis|iscR|narL|rpoD|rpoH|rpoS|ydeO,0,,,,,0.32356760329928325,0,
0,10,0.0,0.0,instrument_error,1468393837,1506969025,1468393837,narP,hyaF,False,insufficient_data,appY|arcA|fis|iscR|narL|rpoD|rpoH|rpoS|ydeO,0,,,,,-0.25680340125165635,0,
0,10,0.0,0.0,instrument_error,1468393837,1506969025,1468393837,narP,napA,False,insufficient_data,flhC|flhD|fnr|iscR|modE|narL|rpoD|rpoH,0,,,,,0.24944055965315604,0,
0,10,0.0,0.0,instrument_error,1468393837,1506969025,1468393837,narP,napB,False,insufficient_data,flhC|flhD|fnr|iscR|modE|nac|narL|rpoD|rpoH,0,,,,,0.292751217069521,0,
0,10,0.0,0.0,instrument_error,1468393837,1506969025,1468393837,narP,napC,False,insufficient_data,flhC|flhD|fnr|iscR|modE|nac|narL|rpoD|rpoH,0,,,,,-0.0848645574930828,0,
0,10,0.0,0.0,instrument_error,1468393837,1506969025,1468393837,narP,napD,False,insufficient_data,flhC|flhD|fnr|iscR|modE|narL|rpoD|rpoH,0,,,,,-0.23727388860696913,0,
0,10,0.0,0.0,instrument_error,1468393837,1506969025,1468393837,narP,napF,False,insufficient_data,flhC|flhD|fnr|iscR|lrp|modE|narL|rpoD|rpoH,0,,,,,0.16619198482209646,0,
0,10,0.0,0.0,instrument_error,1468393837,1506969025,1468393837,narP,napG,False,insufficient_data,flhC|flhD|fnr|iscR|modE|narL|rpoD|rpoH,0,,,,,-0.1348182480731735,0,
0,10,0.0,0.0,instrument_error,1468393837,1506969025,1468393837,narP,napH,False,insufficient_data,flhC|flhD|fnr|iscR|modE|narL|rpoD|rpoH,0,,,,,0.056797229460010264,0,
0,10,0.0,0.0,instrument_error,1468393837,1506969025,1468393837,narP,nirB,False,insufficient_data,cra|crp|fis|fnr|hns|ihfA|ihfB|narL|rpoD|rpoH,0,,,,,-0.28334275240575635,0,
0,10,0.0,0.0,instrument_error,1468393837,1506969025,1468393837,narP,nirC,False,insufficient_data,cra|crp|fis|fnr|hns|ihfA|ihfB|narL|rpoD|rpoH,0,,,,,-0.16621061642747742,0,
0,10,0.0,0.0,instrument_error,1468393837,1506969025,1468393837,narP,nirD,False,insufficient_data,cra|crp|fis|fnr|hns|ihfA|ihfB|narL|rpoD|rpoH,0,,,,,-0.1610594715453964,0,
0,10,0.0,0.0,instrument_error,1468393837,1506969025,1468393837,narP,norV,False,insufficient_data,fnr|ihfA|ihfB|narL|norR|rpoH|rpoN,0,,,,,-0.12643332251040135,0,
0,10,0.0,0.0,instrument_error,1468393837,1506969025,1468393837,narP,norW,False,insufficient_data,fnr|ihfA|ihfB|narL|norR|rpoH|rpoN,0,,,,,0.06796392911797107,0,
0,10,0.0,0.0,instrument_error,1468393837,1506969025,1468393837,narP,nrfA,False,insufficient_data,fis|flhC|flhD|fnr|ihfA|ihfB|narL|nsrR|rpoD|rpoH,0,,,,,0.25304772493730326,0,
0,10,0.0,0.0,instrument_error,1468393837,1506969025,1468393837,narP,nrfB,False,insufficient_data,fis|flhC|flhD|fnr|ihfA|ihfB|narL|nsrR|rpoD|rpoH,0,,,,,-0.32778729114971805,0,
0,10,0.0,0.0,instrument_error,1468393837,1506969025,1468393837,narP,nrfC,False,insufficient_data,fis|flhC|flhD|fnr|ihfA|ihfB|narL|nsrR|rpoD|rpoH,0,,,,,-0.34866369457124213,0,
0,10,0.0,0.0,instrument_error,1468393837,1506969025,1468393837,narP,nrfD,False,insufficient_data,fis|flhC|flhD|fnr|ihfA|ihfB|narL|nsrR|rpoD|rpoH,0,,,,,-0.14380736571631503,0,
0,10,0.0,0.0,instrument_error,1468393837,1506969025,1468393837,narP,nrfE,False,insufficient_data,fis|flhC|flhD|fnr|ihfA|ihfB|narL|nsrR|rpoD|rpoH,0,,,,,0.135379212987526,0,
0,10,0.0,0.0,instrument_error,1468393837,1506969025,1468393837,narP,nrfF,False,insufficient_data,fis|flhC|flhD|fnr|ihfA|ihfB|nac|narL|nsrR|rpoD|rpoH,0,,,,,-0.17712121309695028,0,
0,10,0.0,0.0,instrument_error,1468393837,1506969025,1468393837,narP,nrfG,False,insufficient_data,fis|flhC|flhD|fnr|ihfA|ihfB|nac|narL|nsrR|rpoD|rpoH,0,,,,,0.26882585039379314,0,
0,10,0.0,0.0,instrument_error,1468393837,1506969025,1468393837,narP,poxB,False,insufficient_data,cra|fnr|marA|narL|nsrR|oxyR|rpoD|rpoH|rpoS|soxS,0,,,,,0.1255391690986349,0,
0,10,0.0,0.0,instrument_error,1468393837,1506969025,1468393837,narP,ydeP,False,insufficient_data,evgA|hns|nac|nagC|narL|phoP|rcsB|rpoD|rpoH|uvrY,0,,,,,-0.1821965469253194,0,
0,10,0.0,0.0,instrument_error,1468393837,1506969025,1468393837,narP,ydhT,False,insufficient_data,fnr|narL|rpoH|rpoS,0,,,,,0.3318913566078042,0,
0,10,0.0,0.0,instrument_error,1468393837,1506969025,1468393837,narP,ydhU,False,insufficient_data,fnr|narL|rpoH|rpoS,0,,,,,-0.12270847574500944,0,
0,10,0.0,0.0,instrument_error,1468393837,1506969025,1468393837,narP,ydhV,False,insufficient_data,fnr|narL|rpoH|rpoS,0,,,,,0.09104137218304542,0,
0,10,0.0,0.0,instrument_error,1468393837,1506969025,1468393837,narP,ydhW,False,insufficient_data,fnr|narL|rpoH|rpoS,0,,,,,0.3127488781109554,0,
0,10,0.0,0.0,instrument_error,1468393837,1506969025,1468393837,narP,ydhX,False,insufficient_data,fnr|narL|rpoH|rpoS,0,,,,,-0.05382718273196088,0,
0,10,0.0,0.0,instrument_error,1468393837,1506969025,1468393837,narP,ydhY,False,insufficient_data,fnr|narL|rpoH|rpoS,0,,,,,-0.17234271706205678,0,
0,10,0.0,0.0,instrument_error,1468393837,1506969025,1468393837,narP,yeaR,False,insufficient_data,fis|narL|nsrR|rpoD|rpoH,0,,,,,-0.2003161058066714,0,
0,10,0.0,0.0,instrument_error,1468393837,1506969025,1468393837,narP,yoaG,False,insufficient_data,fis|narL|nsrR|rpoD|rpoH,0,,,,,-0.34805761927800904,0,
0,10,0.0,0.0,instrument_error,1468393837,1506969025,1468393837,narP,ytfE,False,insufficient_data,fnr|narL|nsrR|rpoH,0,,,,,0.11686687366678379,0,
0,10,0.0,0.0,instrument_error,1468393837,1506969025,1468393837,nemR,gloA,False,insufficient_data,rpoD|rutR,0,,,,,-0.46444903607285826,0,
0,10,0.0,0.0,instrument_error,1468393837,1506969025,1468393837,nemR,nemA,False,insufficient_data,rpoD|rutR,0,,,,,0.06667824524312,0,
0,10,0.0,0.0,instrument_error,1468393837,1506969025,1468393837,nimR,nimT,False,insufficient_data,,0,,,,,-0.20717663224029553,0,
0,10,0.0,0.0,instrument_error,1468393837,1506969025,1468393837,norR,norV,False,insufficient_data,fnr|ihfA|ihfB|narL|narP|nsrR|rpoN,0,,,,,-0.1336469855545512,0,
0,10,0.0,0.0,instrument_error,1468393837,1506969025,1468393837,norR,norW,False,insufficient_data,fnr|ihfA|ihfB|narL|narP|nsrR|rpoN,0,,,,,-0.2643350893977595,0,
0,10,0.0,0.0,instrument_error,1468393837,1506969025,1468393837,nrdR,nrdA,False,insufficient_data,argP|crp|dnaA|fis|hns|rpoD,0,,,,,0.17637653547863946,0,
0,10,0.0,0.0,instrument_error,1468393837,1506969025,1468393837,nrdR,nrdB,False,insufficient_data,argP|crp|dnaA|fis|hns|rpoD,0,,,,,-0.12243833092011328,0,
0,10,0.0,0.0,instrument_error,1468393837,1506969025,1468393837,nrdR,nrdD,False,insufficient_data,fnr|hns|rpoD,0,,,,,-0.1260741938820253,0,
0,10,0.0,0.0,instrument_error,1468393837,1506969025,1468393837,nrdR,nrdE,False,insufficient_data,fur|iscR|rpoD,0,,,,,0.2528638279447742,0,
0,10,0.0,0.0,instrument_error,1468393837,1506969025,1468393837,nrdR,nrdF,False,insufficient_data,fur|iscR|rpoD,0,,,,,0.18308272840157486,0,
0,10,0.0,0.0,instrument_error,1468393837,1506969025,1468393837,nrdR,nrdG,False,insufficient_data,fnr|hns|nac|rpoD,0,,,,,-0.11394716312693377,0,
0,10,0.0,0.0,instrument_error,1468393837,1506969025,1468393837,nrdR,nrdH,False,insufficient_data,fur|iscR|rpoD,0,,,,,-0.09488274276499968,0,
0,10,0.0,0.0,instrument_error,1468393837,1506969025,1468393837,nrdR,nrdI,False,insufficient_data,fur|iscR|rpoD,0,,,,,0.21237954255178182,0,
0,10,0.0,0.0,instrument_error,1468393837,1506969025,1468393837,nrdR,yfaE,False,insufficient_data,argP|crp|dnaA|fis|hns|nac|rpoD,0,,,,,0.1344909315109862,0,
0,10,0.0,0.0,instrument_error,1468393837,1506969025,1468393837,nsrR,aceE,False,insufficient_data,alpA|basR|btsR|glaR|glrR|ptrR|rcdA,0,,,,,0.11126582473833166,0,
0,10,0.0,0.0,instrument_error,1468393837,1506969025,1468393837,nsrR,aceF,False,insufficient_data,alpA|basR|btsR|glaR|glrR|ptrR|rcdA,0,,,,,-0.1846816672739793,0,
0,10,0.0,0.0,instrument_error,1468393837,1506969025,1468393837,nsrR,bamE,False,insufficient_data,alpA|basR|btsR|glaR|glrR|ptrR|rcdA,0,,,,,-0.2914736899699905,0,
0,10,0.0,0.0,instrument_error,1468393837,1506969025,1468393837,nsrR,bdcA,False,insufficient_data,alpA|basR|btsR|glaR|glrR|ptrR|rcdA,0,,,,,0.12801238026138811,0,
0,10,0.0,0.0,instrument_error,1468393837,1506969025,1468393837,nsrR,cdd,False,insufficient_data,alpA|basR|btsR|glaR|glrR|ptrR|rcdA,0,,,,,-0.06637247822837909,0,
0,10,0.0,0.0,instrument_error,1468393837,1506969025,1468393837,nsrR,dkgB,False,insufficient_data,alpA|basR|btsR|glaR|glrR|ptrR|rcdA,0,,,,,-0.16994772299043343,0,
0,10,0.0,0.0,instrument_error,1468393837,1506969025,1468393837,nsrR,dsdC,False,insufficient_data,alpA|basR|btsR|glaR|glrR|ptrR|rcdA,0,,,,,-0.1390245446257144,0,
0,10,0.0,0.0,instrument_error,1468393837,1506969025,1468393837,nsrR,feaB,False,insufficient_data,alpA|basR|btsR|glaR|glrR|ptrR|rcdA,0,,,,,-0.1917647065076064,0,
0,10,0.0,0.0,instrument_error,1468393837,1506969025,1468393837,nsrR,feaR,False,insufficient_data,alpA|basR|btsR|glaR|glrR|ptrR|rcdA,0,,,,,-0.08524772511511419,0,
0,10,0.0,0.0,instrument_error,1468393837,1506969025,1468393837,nsrR,fhlA,False,insufficient_data,alpA|basR|btsR|glaR|glrR|ptrR|rcdA,0,,,,,0.32436027543104895,0,
0,10,0.0,0.0,instrument_error,1468393837,1506969025,1468393837,nsrR,fliA,False,insufficient_data,alpA|basR|btsR|glaR|glrR|ptrR|rcdA,0,,,,,0.049200605922159184,0,
0,10,0.0,0.0,instrument_error,1468393837,1506969025,1468393837,nsrR,fliZ,False,insufficient_data,alpA|basR|btsR|glaR|glrR|ptrR|rcdA,0,,,,,0.2658601761070925,0,
0,10,0.0,0.0,instrument_error,1468393837,1506969025,1468393837,nsrR,grxD,False,insufficient_data,alpA|basR|btsR|glaR|glrR|ptrR|rcdA,0,,,,,-0.16628332303130694,0,
0,10,0.0,0.0,instrument_error,1468393837,1506969025,1468393837,nsrR,hcp,False,insufficient_data,alpA|basR|btsR|glaR|glrR|modE|ptrR|rcdA,0,,,,,-0.10930822320790703,0,
0,10,0.0,0.0,instrument_error,1468393837,1506969025,1468393837,nsrR,hcr,False,insufficient_data,alpA|basR|btsR|glaR|glrR|modE|ptrR|rcdA,0,,,,,-0.3806499709224763,0,
0,10,0.0,0.0,instrument_error,1468393837,1506969025,1468393837,nsrR,hmp,False,insufficient_data,alpA|basR|btsR|glaR|glrR|ptrR|rcdA,0,,,,,-0.15549462544365453,0,
0,10,0.0,0.0,instrument_error,1468393837,1506969025,1468393837,nsrR,hycA,False,insufficient_data,alpA|basR|btsR|glaR|glrR|modE|ptrR|rcdA,0,,,,,-0.132253997781659,0,
0,10,0.0,0.0,instrument_error,1468393837,1506969025,1468393837,nsrR,hycB,False,insufficient_data,alpA|basR|btsR|glaR|glrR|modE|ptrR|rcdA,0,,,,,0.14069899154252086,0,
0,10,0.0,0.0,instrument_error,1468393837,1506969025,1468393837,nsrR,hycC,False,insufficient_data,alpA|basR|btsR|glaR|glrR|modE|ptrR|rcdA,0,,,,,-0.2936030063810293,0,
0,10,0.0,0.0,instrument_error,1468393837,1506969025,1468393837,nsrR,hycD,False,insufficient_data,alpA|basR|btsR|glaR|glrR|modE|ptrR|rcdA,0,,,,,-0.2874498106384074,0,
0,10,0.0,0.0,instrument_error,1468393837,1506969025,1468393837,nsrR,hycE,False,insufficient_data,alpA|basR|btsR|glaR|glrR|modE|ptrR|rcdA,0,,,,,-0.07360915938124357,0,
0,10,0.0,0.0,instrument_error,1468393837,1506969025,1468393837,nsrR,hycF,False,insufficient_data,alpA|basR|btsR|glaR|glrR|modE|ptrR|rcdA,0,,,,,0.1882986468710254,0,
0,10,0.0,0.0,instrument_error,1468393837,1506969025,1468393837,nsrR,hycG,False,insufficient_data,alpA|basR|btsR|glaR|glrR|modE|ptrR|rcdA,0,,,,,0.10947377338267282,0,
0,10,0.0,0.0,instrument_error,1468393837,1506969025,1468393837,nsrR,hycH,False,insufficient_data,alpA|basR|btsR|glaR|glrR|modE|ptrR|rcdA,0,,,,,-0.19462070161270345,0,
0,10,0.0,0.0,instrument_error,1468393837,1506969025,1468393837,nsrR,hycI,False,insufficient_data,alpA|basR|btsR|glaR|glrR|modE|ptrR|rcdA,0,,,,,0.07296036208914634,0,
0,10,0.0,0.0,instrument_error,1468393837,1506969025,1468393837,nsrR,hypA,False,insufficient_data,alpA|basR|btsR|glaR|glrR|ptrR|rcdA,0,,,,,0.15110667610543513,0,
0,10,0.0,0.0,instrument_error,1468393837,1506969025,1468393837,nsrR,hypB,False,insufficient_data,alpA|basR|btsR|glaR|glrR|ptrR|rcdA,0,,,,,-0.05454608587628531,0,
0,10,0.0,0.0,instrument_error,1468393837,1506969025,1468393837,nsrR,hypC,False,insufficient_data,alpA|basR|btsR|glaR|glrR|ptrR|rcdA,0,,,,,0.17900403214654156,0,
0,10,0.0,0.0,instrument_error,1468393837,1506969025,1468393837,nsrR,hypD,False,insufficient_data,alpA|basR|btsR|glaR|glrR|ptrR|rcdA,0,,,,,-0.15309877663033353,0,
0,10,0.0,0.0,instrument_error,1468393837,1506969025,1468393837,nsrR,hypE,False,insufficient_data,alpA|basR|btsR|glaR|glrR|ptrR|rcdA,0,,,,,0.16183208603272542,0,
0,10,0.0,0.0,instrument_error,1468393837,1506969025,1468393837,nsrR,ihfA,False,insufficient_data,alpA|basR|btsR|glaR|glrR|ptrR|rcdA,0,,,,,-0.11836076666352006,0,
0,10,0.0,0.0,instrument_error,1468393837,1506969025,1468393837,nsrR,infC,False,insufficient_data,alpA|basR|btsR|glaR|glrR|ptrR|rcdA,0,,,,,0.28143216078244493,0,
0,10,0.0,0.0,instrument_error,1468393837,1506969025,1468393837,nsrR,lrp,False,insufficient_data,alpA|basR|btsR|glaR|glrR|ptrR|rcdA,0,,,,,-0.14708770720901548,0,
0,10,0.0,0.0,instrument_error,1468393837,1506969025,1468393837,nsrR,mepH,False,insufficient_data,alpA|basR|btsR|glaR|glrR|ptrR|rcdA,0,,,,,-0.12247978288845929,0,
0,10,0.0,0.0,instrument_error,1468393837,1506969025,1468393837,nsrR,mhpT,False,insufficient_data,alpA|basR|btsR|glaR|glrR|ptrR|rcdA,0,,,,,-0.14901549637702977,0,
0,10,0.0,0.0,instrument_error,1468393837,1506969025,1468393837,nsrR,moeA,False,insufficient_data,alpA|basR|btsR|glaR|glrR|modE|ptrR|rcdA,0,,,,,-0.20160012046261697,0,
0,10,0.0,0.0,instrument_error,1468393837,1506969025,1468393837,nsrR,moeB,False,insufficient_data,alpA|basR|btsR|glaR|glrR|modE|ptrR|rcdA,0,,,,,-0.07751910424391026,0,
0,10,0.0,0.0,instrument_error,1468393837,1506969025,1468393837,nsrR,ndh,False,insufficient_data,alpA|basR|btsR|glaR|glrR|ptrR|rcdA,0,,,,,0.12827301092739096,0,
0,10,0.0,0.0,instrument_error,1468393837,1506969025,1468393837,nsrR,norR,False,insufficient_data,,0,,,,,0.11608578142720193,0,
0,10,0.0,0.0,instrument_error,1468393837,1506969025,1468393837,nsrR,nrfA,False,insufficient_data,alpA|basR|btsR|glaR|glrR|modE|ptrR|rcdA,0,,,,,-0.3086579279625549,0,
0,10,0.0,0.0,instrument_error,1468393837,1506969025,1468393837,nsrR,nrfB,False,insufficient_data,alpA|basR|btsR|glaR|glrR|modE|ptrR|rcdA,0,,,,,0.07504010457089966,0,
0,10,0.0,0.0,instrument_error,1468393837,1506969025,1468393837,nsrR,nrfC,False,insufficient_data,alpA|basR|btsR|glaR|glrR|modE|ptrR|rcdA,0,,,,,-0.40898099354914674,0,
0,10,0.0,0.0,instrument_error,1468393837,1506969025,1468393837,nsrR,nrfD,False,insufficient_data,alpA|basR|btsR|glaR|glrR|modE|ptrR|rcdA,0,,,,,0.11513677565426397,0,
0,10,0.0,0.0,instrument_error,1468393837,1506969025,1468393837,nsrR,nrfE,False,insufficient_data,alpA|basR|btsR|glaR|glrR|modE|ptrR|rcdA,0,,,,,0.09569600858089573,0,
0,10,0.0,0.0,instrument_error,1468393837,1506969025,1468393837,nsrR,nrfF,False,insufficient_data,alpA|basR|btsR|glaR|glrR|modE|ptrR|rcdA,0,,,,,0.1138852613801575,0,
0,10,0.0,0.0,instrument_error,1468393837,1506969025,1468393837,nsrR,nrfG,False,insufficient_data,alpA|basR|btsR|glaR|glrR|modE|ptrR|rcdA,0,,,,,0.11997417005168548,0,
0,10,0.0,0.0,instrument_error,1468393837,1506969025,1468393837,nsrR,pgpC,False,insufficient_data,alpA|basR|btsR|glaR|glrR|ptrR|rcdA,0,,,,,-0.33042233165274865,0,
0,10,0.0,0.0,instrument_error,1468393837,1506969025,1468393837,nsrR,pheM,False,insufficient_data,alpA|basR|btsR|glaR|glrR|ptrR|rcdA,0,,,,,0.2560816778942741,0,
0,10,0.0,0.0,instrument_error,1468393837,1506969025,1468393837,nsrR,pheS,False,insufficient_data,alpA|basR|btsR|glaR|glrR|ptrR|rcdA,0,,,,,-0.0625775442158253,0,
0,10,0.0,0.0,instrument_error,1468393837,1506969025,1468393837,nsrR,pheT,False,insufficient_data,alpA|basR|btsR|glaR|glrR|ptrR|rcdA,0,,,,,0.38771143357592747,0,
0,10,0.0,0.0,instrument_error,1468393837,1506969025,1468393837,nsrR,poxB,False,insufficient_data,alpA|basR|btsR|glaR|glrR|modE|ptrR|rcdA,0,,,,,-0.0706164746314246,0,
0,10,0.0,0.0,instrument_error,1468393837,1506969025,1468393837,nsrR,rfe,False,insufficient_data,alpA|basR|btsR|glaR|glrR|ptrR|rcdA,0,,,,,-0.6066709511923839,0,
0,10,0.0,0.0,instrument_error,1468393837,1506969025,1468393837,nsrR,rffC,False,insufficient_data,alpA|basR|btsR|glaR|glrR|ptrR|rcdA,0,,,,,-0.4571531653731488,0,
0,10,0.0,0.0,instrument_error,1468393837,1506969025,1468393837,nsrR,rffG,False,insufficient_data,alpA|basR|btsR|glaR|glrR|ptrR|rcdA,0,,,,,0.1825637515423643,0,
0,10,0.0,0.0,instrument_error,1468393837,1506969025,1468393837,nsrR,rffH,False,insufficient_data,alpA|basR|btsR|glaR|glrR|ptrR|rcdA,0,,,,,-0.11547860038291254,0,
0,10,0.0,0.0,instrument_error,1468393837,1506969025,1468393837,nsrR,rffM,False,insufficient_data,alpA|basR|btsR|glaR|glrR|ptrR|rcdA,0,,,,,0.2395463278242835,0,
0,10,0.0,0.0,instrument_error,1468393837,1506969025,1468393837,nsrR,rplT,False,insufficient_data,alpA|basR|btsR|glaR|glrR|ptrR|rcdA,0,,,,,0.2868272100516158,0,
0,10,0.0,0.0,instrument_error,1468393837,1506969025,1468393837,nsrR,rpmI,False,insufficient_data,alpA|basR|btsR|glaR|glrR|ptrR|rcdA,0,,,,,-0.2047037552730763,0,
0,10,0.0,0.0,instrument_error,1468393837,1506969025,1468393837,nsrR,sodB,False,insufficient_data,alpA|basR|btsR|glaR|glrR|ptrR|rcdA,0,,,,,0.14050598554798654,0,
0,10,0.0,0.0,instrument_error,1468393837,1506969025,1468393837,nsrR,sufA,False,insufficient_data,alpA|basR|btsR|glaR|glrR|ptrR|rcdA,0,,,,,-0.14189887289534717,0,
0,10,0.0,0.0,instrument_error,1468393837,1506969025,1468393837,nsrR,sufB,False,insufficient_data,alpA|basR|btsR|glaR|glrR|ptrR|rcdA,0,,,,,-0.1512806286086837,0,
0,10,0.0,0.0,instrument_error,1468393837,1506969025,1468393837,nsrR,sufC,False,insufficient_data,alpA|basR|btsR|glaR|glrR|ptrR|rcdA,0,,,,,-0.06504459177564648,0,
0,10,0.0,0.0,instrument_error,1468393837,1506969025,1468393837,nsrR,sufD,False,insufficient_data,alpA|basR|btsR|glaR|glrR|ptrR|rcdA,0,,,,,-0.16508372486016337,0,
0,10,0.0,0.0,instrument_error,1468393837,1506969025,1468393837,nsrR,sufE,False,insufficient_data,alpA|basR|btsR|glaR|glrR|ptrR|rcdA,0,,,,,-0.2106104019555082,0,
0,10,0.0,0.0,instrument_error,1468393837,1506969025,1468393837,nsrR,sufS,False,insufficient_data,alpA|basR|btsR|glaR|glrR|ptrR|rcdA,0,,,,,0.1538627972809125,0,
0,10,0.0,0.0,instrument_error,1468393837,1506969025,1468393837,nsrR,tadA,False,insufficient_data,alpA|basR|btsR|glaR|glrR|ptrR|rcdA,0,,,,,0.15146988336470205,0,
0,10,0.0,0.0,instrument_error,1468393837,1506969025,1468393837,nsrR,tcyJ,False,insufficient_data,alpA|basR|btsR|glaR|glrR|ptrR|rcdA,0,,,,,-0.2932737454573261,0,
0,10,0.0,0.0,instrument_error,1468393837,1506969025,1468393837,nsrR,tehA,False,insufficient_data,glaR,0,,,,,-0.4595548882628089,0,
0,10,0.0,0.0,instrument_error,1468393837,1506969025,1468393837,nsrR,tehB,False,insufficient_data,,0,,,,,0.1482385903577934,0,
0,10,0.0,0.0,instrument_error,1468393837,1506969025,1468393837,nsrR,thrS,False,insufficient_data,alpA|basR|btsR|glaR|glrR|ptrR|rcdA,0,,,,,0.10079997875537695,0,
0,10,0.0,0.0,instrument_error,1468393837,1506969025,1468393837,nsrR,tsgA,False,insufficient_data,alpA|basR|btsR|glaR|glrR|ptrR|rcdA,0,,,,,-0.11259730873116783,0,
0,10,0.0,0.0,instrument_error,1468393837,1506969025,1468393837,nsrR,waaH,False,insufficient_data,alpA|basR|btsR|glaR|glrR|ptrR|rcdA,0,,,,,-0.12374203799561424,0,
0,10,0.0,0.0,instrument_error,1468393837,1506969025,1468393837,nsrR,wecB,False,insufficient_data,alpA|basR|btsR|glaR|glrR|ptrR|rcdA,0,,,,,-0.12042489384991698,0,
0,10,0.0,0.0,instrument_error,1468393837,1506969025,1468393837,nsrR,wecC,False,insufficient_data,alpA|basR|btsR|glaR|glrR|ptrR|rcdA,0,,,,,-0.28317679287189385,0,
0,10,0.0,0.0,instrument_error,1468393837,1506969025,1468393837,nsrR,wecE,False,insufficient_data,alpA|basR|btsR|glaR|glrR|ptrR|rcdA,0,,,,,-0.20232588548498615,0,
0,10,0.0,0.0,instrument_error,1468393837,1506969025,1468393837,nsrR,wecF,False,insufficient_data,alpA|basR|btsR|glaR|glrR|ptrR|rcdA,0,,,,,0.27680327391866844,0,
0,10,0.0,0.0,instrument_error,1468393837,1506969025,1468393837,nsrR,wzxE,False,insufficient_data,alpA|basR|btsR|glaR|glrR|ptrR|rcdA,0,,,,,0.5436464910002193,0,
0,10,0.0,0.0,instrument_error,1468393837,1506969025,1468393837,nsrR,wzyE,False,insufficient_data,alpA|basR|btsR|glaR|glrR|ptrR|rcdA,0,,,,,0.13176514309864357,0,
0,10,0.0,0.0,instrument_error,1468393837,1506969025,1468393837,nsrR,wzzE,False,insufficient_data,alpA|basR|btsR|glaR|glrR|ptrR|rcdA,0,,,,,0.08272058068251584,0,
0,10,0.0,0.0,instrument_error,1468393837,1506969025,1468393837,nsrR,ydbD,False,insufficient_data,alpA|basR|btsR|glaR|glrR|ptrR|rcdA,0,,,,,0.3086544796826347,0,
0,10,0.0,0.0,instrument_error,1468393837,1506969025,1468393837,nsrR,yeaE,False,insufficient_data,alpA|basR|btsR|glaR|glrR|ptrR|rcdA,0,,,,,0.21356954540446046,0,
0,10,0.0,0.0,instrument_error,1468393837,1506969025,1468393837,nsrR,yeaR,False,insufficient_data,alpA|basR|btsR|glaR|glrR|modE|ptrR|rcdA,0,,,,,0.10465609816816711,0,
0,10,0.0,0.0,instrument_error,1468393837,1506969025,1468393837,nsrR,ygbA,False,insufficient_data,alpA|basR|btsR|glaR|glrR|ptrR|rcdA,0,,,,,-0.16814833682557923,0,
0,10,0.0,0.0,instrument_error,1468393837,1506969025,1468393837,nsrR,yoaG,False,insufficient_data,alpA|basR|btsR|glaR|glrR|modE|ptrR|rcdA,0,,,,,-0.17148758157728608,0,
0,10,0.0,0.0,instrument_error,1468393837,1506969025,1468393837,nsrR,ytfE,False,insufficient_data,alpA|basR|btsR|glaR|glrR|modE|ptrR|rcdA,0,,,,,-0.17219999120973253,0,
0,10,0.0,0.0,instrument_error,1468393837,1506969025,1468393837,paaX,paaA,False,insufficient_data,crp|fur|ihfA|ihfB|rpoD|slyA|srsR,0,,,,,-0.16279907449314193,0,
0,10,0.0,0.0,instrument_error,1468393837,1506969025,1468393837,paaX,paaB,False,insufficient_data,crp|fur|ihfA|ihfB|rpoD|slyA|srsR,0,,,,,-0.15683556186548417,0,
0,10,0.0,0.0,instrument_error,1468393837,1506969025,1468393837,paaX,paaC,False,insufficient_data,crp|fur|ihfA|ihfB|rpoD|slyA|srsR,0,,,,,0.10216253770691944,0,
0,10,0.0,0.0,instrument_error,1468393837,1506969025,1468393837,paaX,paaD,False,insufficient_data,crp|fur|ihfA|ihfB|rpoD|slyA|srsR,0,,,,,0.3223667221875416,0,
0,10,0.0,0.0,instrument_error,1468393837,1506969025,1468393837,paaX,paaE,False,insufficient_data,crp|fur|ihfA|ihfB|rpoD|slyA|srsR,0,,,,,-0.3563077835605549,0,
0,10,0.0,0.0,instrument_error,1468393837,1506969025,1468393837,paaX,paaF,False,insufficient_data,crp|fur|ihfA|ihfB|rpoD|slyA|srsR,0,,,,,0.2539004018129115,0,
0,10,0.0,0.0,instrument_error,1468393837,1506969025,1468393837,paaX,paaG,False,insufficient_data,crp|fur|ihfA|ihfB|rpoD|slyA|srsR,0,,,,,-0.27838223022286596,0,
0,10,0.0,0.0,instrument_error,1468393837,1506969025,1468393837,paaX,paaH,False,insufficient_data,crp|fur|ihfA|ihfB|rpoD|slyA|srsR,0,,,,,0.11603734936153282,0,
0,10,0.0,0.0,instrument_error,1468393837,1506969025,1468393837,paaX,paaI,False,insufficient_data,crp|fur|ihfA|ihfB|rpoD|slyA|srsR,0,,,,,-0.07619002066027852,0,
0,10,0.0,0.0,instrument_error,1468393837,1506969025,1468393837,paaX,paaJ,False,insufficient_data,crp|fur|ihfA|ihfB|rpoD|slyA|srsR,0,,,,,0.16011692173799086,0,
0,10,0.0,0.0,instrument_error,1468393837,1506969025,1468393837,paaX,paaK,False,insufficient_data,crp|fur|ihfA|ihfB|rpoD|slyA|spf|srsR,0,,,,,-0.09230379421267083,0,
0,10,0.0,0.0,instrument_error,1468393837,1506969025,1468393837,paaX,paaY,False,insufficient_data,rpoD,0,,,,,0.1995185590932474,0,
0,10,0.0,0.0,instrument_error,1468393837,1506969025,1468393837,paaX,paaZ,False,insufficient_data,crp|ihfA|ihfB|rpoD|srsR,0,,,,,-0.19202163643736003,0,
0,10,0.0,0.0,instrument_error,1468393837,1506969025,1468393837,pepA,carA,False,insufficient_data,arcA|argR|cpxR|fis|ihfA|ihfB|purR|rpoD|rutR,0,,,,,0.1795554048183645,0,
0,10,0.0,0.0,instrument_error,1468393837,1506969025,1468393837,pepA,carB,False,insufficient_data,argR|cpxR|fis|ihfA|ihfB|purR|rpoD|rutR,0,,,,,-0.06949728934352999,0,
0,10,0.0,0.0,instrument_error,1468393837,1506969025,1468393837,pgrR,mpaA,False,insufficient_data,rpoH,0,,,,,0.15015850767188402,0,
0,10,0.0,0.0,instrument_error,1468393837,1506969025,1468393837,pgrR,mppA,False,insufficient_data,,0,,,,,-0.16703684649877187,0,
0,10,0.0,0.0,instrument_error,1468393837,1506969025,1468393837,pgrR,tyrR,False,insufficient_data,lrp|rpoD|rpoH,0,,,,,-0.30551699168292373,0,
0,10,0.0,0.0,instrument_error,1468393837,1506969025,1468393837,pgrR,ycjF,False,insufficient_data,rpoH,0,,,,,0.3334493995666723,0,
0,10,0.0,0.0,instrument_error,1468393837,1506969025,1468393837,pgrR,ycjG,False,insufficient_data,,0,,,,,0.42619930570833264,0,
0,10,0.0,0.0,instrument_error,1468393837,1506969025,1468393837,pgrR,ycjX,False,insufficient_data,rpoH,0,,,,,0.25335295802375124,0,
0,10,0.0,0.0,instrument_error,1468393837,1506969025,1468393837,pgrR,ycjY,False,insufficient_data,rpoH,0,,,,,-0.4315389361601699,0,
0,10,0.0,0.0,instrument_error,1468393837,1506969025,1468393837,pgrR,ymjC,False,insufficient_data,rpoH,0,,,,,-0.1506989160929625,0,
0,10,0.0,0.0,instrument_error,1468393837,1506969025,1468393837,pgrR,ymjD,False,insufficient_data,rpoH,0,,,,,0.1607629131970703,0,
0,10,0.0,0.0,instrument_error,1468393837,1506969025,1468393837,rspR,rspA,False,insufficient_data,crp|phoB,0,,,,,-0.10262533360198044,0,
0,10,0.0,0.0,instrument_error,1468393837,1506969025,1468393837,rspR,rspB,False,insufficient_data,crp|phoB,0,,,,,-0.10762141336867741,0,
0,10,0.0,0.0,instrument_error,1468393837,1506969025,1468393837,treR,treB,False,insufficient_data,arcA|crp|phoP|rpoD,0,,,,,0.16762521081387052,0,
0,10,0.0,0.0,instrument_error,1468393837,1506969025,1468393837,treR,treC,False,insufficient_data,arcA|crp|phoP|rpoD,0,,,,,-0.13672117598374608,0,
0,10,0.0,0.0,instrument_error,1468393837,1506969025,1468393837,pspF,pspA,False,insufficient_data,ihfA|ihfB|rpoD|rpoN,0,,,,,-0.19396043458585357,0,
0,10,0.0,0.0,instrument_error,1468393837,1506969025,1468393837,pspF,pspB,False,insufficient_data,ihfA|ihfB|rpoD|rpoN,0,,,,,0.1756781742373465,0,
0,10,0.0,0.0,instrument_error,1468393837,1506969025,1468393837,pspF,pspC,False,insufficient_data,ihfA|ihfB|rpoD|rpoN,0,,,,,-0.6634892014873242,0,
0,10,0.0,0.0,instrument_error,1468393837,1506969025,1468393837,pspF,pspD,False,insufficient_data,ihfA|ihfB|rpoD|rpoN,0,,,,,0.07394343250346223,0,
0,10,0.0,0.0,instrument_error,1468393837,1506969025,1468393837,pspF,pspE,False,insufficient_data,ihfA|ihfB|rpoD|rpoN,0,,,,,-0.21521624300763362,0,
0,10,0.0,0.0,instrument_error,1468393837,1506969025,1468393837,pspF,pspG,False,insufficient_data,ihfA|ihfB|lrp|rpoD|rpoN,0,,,,,0.08151083981126267,0,
0,10,0.0,0.0,instrument_error,1468393837,1506969025,1468393837,ptrR,acrA,False,insufficient_data,alpA|basR|btsR|envR|glaR|glrR|nsrR|rcdA,0,,,,,0.1159545062464766,0,
0,10,0.0,0.0,instrument_error,1468393837,1506969025,1468393837,ptrR,acrB,False,insufficient_data,alpA|basR|btsR|envR|glaR|glrR|nsrR|rcdA,0,,,,,0.20236074515306848,0,
0,10,0.0,0.0,instrument_error,1468393837,1506969025,1468393837,ptrR,acrR,False,insufficient_data,alpA|basR|btsR|glaR|glrR|nsrR|rcdA,0,,,,,0.3762008903526752,0,
0,10,0.0,0.0,instrument_error,1468393837,1506969025,1468393837,ptrR,gabD,False,insufficient_data,alpA|basR|btsR|glaR|glrR|nsrR|rcdA,0,,,,,0.06462136770987632,0,
0,10,0.0,0.0,instrument_error,1468393837,1506969025,1468393837,ptrR,gadA,False,insufficient_data,alpA|basR|btsR|glaR|glrR|nsrR|rcdA,0,,,,,-0.16537250977310544,0,
0,10,0.0,0.0,instrument_error,1468393837,1506969025,1468393837,ptrR,gadB,False,insufficient_data,alpA|basR|btsR|glaR|glrR|nsrR|rcdA,0,,,,,-0.14022851469915576,0,
0,10,0.0,0.0,instrument_error,1468393837,1506969025,1468393837,ptrR,glsB,False,insufficient_data,,0,,,,,0.09953858923554014,0,
0,10,0.0,0.0,instrument_error,1468393837,1506969025,1468393837,ptrR,puuA,False,insufficient_data,alpA|basR|btsR|glaR|glrR|nsrR|rcdA,0,,,,,0.14815960519908136,0,
0,10,0.0,0.0,instrument_error,1468393837,1506969025,1468393837,ptrR,puuB,False,insufficient_data,alpA|basR|btsR|fimZ|glaR|glrR|nsrR|rcdA,0,,,,,-0.04492114050815484,0,
0,10,0.0,0.0,instrument_error,1468393837,1506969025,1468393837,ptrR,puuC,False,insufficient_data,alpA|basR|btsR|fimZ|glaR|glrR|nsrR|rcdA,0,,,,,0.10985399676092127,0,
0,10,0.0,0.0,instrument_error,1468393837,1506969025,1468393837,ptrR,puuE,False,insufficient_data,alpA|basR|btsR|glaR|glrR|nsrR|rcdA,0,,,,,-0.1659458077251601,0,
0,10,0.0,0.0,instrument_error,1468393837,1506969025,1468393837,ptrR,sad,False,insufficient_data,alpA|basR|btsR|glaR|glrR|nsrR|rcdA,0,,,,,0.27926629023218646,0,
0,10,0.0,0.0,instrument_error,1468393837,1506969025,1468393837,ptrR,yneG,False,insufficient_data,,0,,,,,-0.23510331236197177,0,
0,10,0.0,0.0,instrument_error,1468393837,1506969025,1468393837,punR,punC,False,insufficient_data,,0,,,,,0.13285286933191146,0,
0,10,0.0,0.0,instrument_error,1468393837,1506969025,1468393837,pyrR,yhjX,False,insufficient_data,rpoD,0,,,,,-0.23283371829973484,0,
0,10,0.0,0.0,instrument_error,1468393837,1506969025,1468393837,racR,ydaS,False,insufficient_data,,0,,,,,-0.14280681639133963,0,
0,10,0.0,0.0,instrument_error,1468393837,1506969025,1468393837,racR,ydaT,False,insufficient_data,nac,0,,,,,0.15557222732447046,0,
0,10,0.0,0.0,instrument_error,1468393837,1506969025,1468393837,racR,ydaU,False,insufficient_data,nac,0,,,,,-0.1308224332294355,0,
0,10,0.0,0.0,instrument_error,1468393837,1506969025,1468393837,racR,ydaV,False,insufficient_data,,0,,,,,-0.24278043794564597,0,
0,10,0.0,0.0,instrument_error,1468393837,1506969025,1468393837,racR,ydaW,False,insufficient_data,,0,,,,,0.14019472951435988,0,
0,10,0.0,0.0,instrument_error,1468393837,1506969025,1468393837,ralA,ralR,False,insufficient_data,,0,,,,,0.10380369787396883,0,
0,10,0.0,0.0,instrument_error,1468393837,1506969025,1468393837,rcdA,asr,False,insufficient_data,alpA|basR|btsR|glaR|glrR|nsrR|ptrR,0,,,,,-0.21591877634094972,0,
0,10,0.0,0.0,instrument_error,1468393837,1506969025,1468393837,rcdA,bluF,False,insufficient_data,alpA|basR|btsR|glaR|glrR|nsrR|ptrR,0,,,,,0.1980844414783599,0,
0,10,0.0,0.0,instrument_error,1468393837,1506969025,1468393837,rcdA,csgD,False,insufficient_data,alpA|basR|btsR|glaR|glrR|nsrR|ptrR,0,,,,,-0.13039378958045963,0,
0,10,0.0,0.0,instrument_error,1468393837,1506969025,1468393837,rcdA,csgE,False,insufficient_data,alpA|basR|btsR|glaR|glrR|nsrR|ptrR,0,,,,,-0.16400688932323854,0,
0,10,0.0,0.0,instrument_error,1468393837,1506969025,1468393837,rcdA,csgF,False,insufficient_data,alpA|basR|btsR|glaR|glrR|nsrR|ptrR,0,,,,,0.23761729322128763,0,
0,10,0.0,0.0,instrument_error,1468393837,1506969025,1468393837,rcdA,csgG,False,insufficient_data,alpA|basR|btsR|glaR|glrR|nsrR|ptrR,0,,,,,-0.16293512852458777,0,
0,10,0.0,0.0,instrument_error,1468393837,1506969025,1468393837,rcdA,rmf,False,insufficient_data,alpA|basR|btsR|cueR|glaR|glrR|kdpE|nsrR|ptrR,0,,,,,-0.1909001603596772,0,
0,10,0.0,0.0,instrument_error,1468393837,1506969025,1468393837,rcdA,rsd,False,insufficient_data,alpA|basR|btsR|cueR|glaR|glrR|kdpE|nsrR|ptrR,0,,,,,0.2091923790375857,0,
0,10,0.0,0.0,instrument_error,1468393837,1506969025,1468393837,rcdA,sulA,False,insufficient_data,alpA|basR|btsR|glaR|glrR|nsrR|ptrR,0,,,,,-0.16545473794255242,0,
0,10,0.0,0.0,instrument_error,1468393837,1506969025,1468393837,rcdA,yagK,False,insufficient_data,alpA|basR|btsR|glaR|glrR|nsrR|ptrR,0,,,,,0.2824554240440723,0,
0,10,0.0,0.0,instrument_error,1468393837,1506969025,1468393837,rcdA,ybjI,False,insufficient_data,,0,,,,,0.4826220413029206,0,
0,10,0.0,0.0,instrument_error,1468393837,1506969025,1468393837,rcdA,ybjJ,False,insufficient_data,,0,,,,,-0.18902281956806968,0,
0,10,0.0,0.0,instrument_error,1468393837,1506969025,1468393837,rcdA,ydeI,False,insufficient_data,alpA|basR|btsR|glaR|glrR|nsrR|ptrR,0,,,,,0.10731181306428843,0,
0,10,0.0,0.0,instrument_error,1468393837,1506969025,1468393837,rclR,rclA,False,insufficient_data,rpoE,0,,,,,0.18541849369824429,0,
0,10,0.0,0.0,instrument_error,1468393837,1506969025,1468393837,rclR,rclB,False,insufficient_data,rpoE,0,,,,,0.13254069763529386,0,
0,10,0.0,0.0,instrument_error,1468393837,1506969025,1468393837,rclR,rclC,False,insufficient_data,rpoE,0,,,,,0.20949333664294198,0,
0,10,0.0,0.0,instrument_error,1468393837,1506969025,1468393837,rcnR,rcnA,False,insufficient_data,fur|rpoD,0,,,,,-0.2541402853472687,0,
0,10,0.0,0.0,instrument_error,1468393837,1506969025,1468393837,rcnR,rcnB,False,insufficient_data,fur|rpoD,0,,,,,-0.2243894189725678,0,
0,10,0.0,0.0,instrument_error,1468393837,1506969025,1468393837,rpsB,tff,False,insufficient_data,nac|rpoD,0,,,,,-0.19914391386548017,0,
0,10,0.0,0.0,instrument_error,1468393837,1506969025,1468393837,rpsB,tsf,False,insufficient_data,rpoD,0,,,,,0.1445827629442983,0,
0,10,0.0,0.0,instrument_error,1468393837,1506969025,1468393837,sutR,cysE,False,insufficient_data,alpA|basR|btsR|glaR|glrR|nsrR|ptrR|rcdA,0,,,,,0.0863757820839316,0,
0,10,0.0,0.0,instrument_error,1468393837,1506969025,1468393837,sutR,ydcO,False,insufficient_data,alpA|basR|btsR|glaR|glrR|nsrR|ptrR|rcdA,0,,,,,0.08540026395153477,0,
0,10,0.0,0.0,instrument_error,1468393837,1506969025,1468393837,trpR,aroH,False,insufficient_data,rpoD,0,,,,,0.1601589716903484,0,
0,10,0.0,0.0,instrument_error,1468393837,1506969025,1468393837,trpR,aroL,False,insufficient_data,rpoD|tyrR,0,,,,,-0.2569757837870638,0,
0,10,0.0,0.0,instrument_error,1468393837,1506969025,1468393837,trpR,aroM,False,insufficient_data,rpoD|tyrR,0,,,,,0.19635023751859523,0,
0,10,0.0,0.0,instrument_error,1468393837,1506969025,1468393837,trpR,mtr,False,insufficient_data,hupA|hupB|ihfA|ihfB|lrp|rpoD|tyrR,0,,,,,0.17922355054808875,0,
0,10,0.0,0.0,instrument_error,1468393837,1506969025,1468393837,trpR,trpA,False,insufficient_data,rpoD,0,,,,,-0.0950369431511563,0,
0,10,0.0,0.0,instrument_error,1468393837,1506969025,1468393837,trpR,trpB,False,insufficient_data,rpoD,0,,,,,0.45596290164872066,0,
0,10,0.0,0.0,instrument_error,1468393837,1506969025,1468393837,trpR,trpC,False,insufficient_data,rpoD,0,,,,,-0.0951549306388902,0,
0,10,0.0,0.0,instrument_error,1468393837,1506969025,1468393837,trpR,trpD,False,insufficient_data,rpoD,0,,,,,-0.1454643641594565,0,
0,10,0.0,0.0,instrument_error,1468393837,1506969025,1468393837,trpR,trpE,False,insufficient_data,rpoD,0,,,,,0.23688720693722873,0,
0,10,0.0,0.0,instrument_error,1468393837,1506969025,1468393837,trpR,trpL,False,insufficient_data,rpoD,0,,,,,-0.2659877447021885,0,
0,10,0.0,0.0,instrument_error,1468393837,1506969025,1468393837,trpR,yaiA,False,insufficient_data,rpoD|tyrR,0,,,,,-0.11966875940682827,0,
0,10,0.0,0.0,instrument_error,1468393837,1506969025,1468393837,uidR,uidA,False,insufficient_data,crp|rpoD|uxuR,0,,,,,-0.07670468521086075,0,
0,10,0.0,0.0,instrument_error,1468393837,1506969025,1468393837,uidR,uidB,False,insufficient_data,crp|rpoD|uxuR,0,,,,,0.18899445792059963,0,
0,10,0.0,0.0,instrument_error,1468393837,1506969025,1468393837,uidR,uidC,False,insufficient_data,crp|rpoD|uxuR,0,,,,,-0.19044393432421874,0,
0,10,0.0,0.0,instrument_error,1468393837,1506969025,1468393837,rtcR,rtcA,False,insufficient_data,ihfA|ihfB|rpoN,0,,,,,-0.18522356146373015,0,
0,10,0.0,0.0,instrument_error,1468393837,1506969025,1468393837,rtcR,rtcB,False,insufficient_data,ihfA|ihfB|rpoN,0,,,,,0.254144932889702,0,
0,10,0.0,0.0,instrument_error,1468393837,1506969025,1468393837,selB,selA,False,insufficient_data,,0,,,,,0.14004144115357234,0,
0,10,0.0,0.0,instrument_error,1468393837,1506969025,1468393837,srmB,rplM,False,insufficient_data,crp|dksA|fis|fnr,0,,,,,-0.09485652044357205,0,
0,10,0.0,0.0,instrument_error,1468393837,1506969025,1468393837,srmB,rpsI,False,insufficient_data,crp|dksA|fis|fnr,0,,,,,0.16996891120039978,0,
0,10,0.0,0.0,instrument_error,1468393837,1506969025,1468393837,ulaR,ulaA,False,insufficient_data,crp|ihfA|ihfB|rpoD,0,,,,,0.2139169890555333,0,
0,10,0.0,0.0,instrument_error,1468393837,1506969025,1468393837,ulaR,ulaB,False,insufficient_data,crp|ihfA|ihfB|rpoD,0,,,,,-0.21634459445832696,0,
0,10,0.0,0.0,instrument_error,1468393837,1506969025,1468393837,ulaR,ulaC,False,insufficient_data,crp|ihfA|ihfB|rpoD,0,,,,,-0.12416299734340758,0,
0,10,0.0,0.0,instrument_error,1468393837,1506969025,1468393837,ulaR,ulaD,False,insufficient_data,crp|ihfA|ihfB|rpoD,0,,,,,-0.040046913811547395,0,
0,10,0.0,0.0,instrument_error,1468393837,1506969025,1468393837,ulaR,ulaE,False,insufficient_data,crp|ihfA|ihfB|rpoD,0,,,,,-0.350144993542423,0,
0,10,0.0,0.0,instrument_error,1468393837,1506969025,1468393837,ulaR,ulaF,False,insufficient_data,crp|ihfA|ihfB|rpoD,0,,,,,0.16312844749142036,0,
0,10,0.0,0.0,instrument_error,1468393837,1506969025,1468393837,ulaR,ulaG,False,insufficient_data,ihfA|ihfB,0,,,,,-0.3399212589454868,0,
0,10,0.0,0.0,instrument_error,1468393837,1506969025,1468393837,ycjW,ompG,False,insufficient_data,,0,,,,,0.1207790665981219,0,
0,10,0.0,0.0,instrument_error,1468393837,1506969025,1468393837,ycjW,ycjM,False,insufficient_data,,0,,,,,0.0875848369901379,0,
0,10,0.0,0.0,instrument_error,1468393837,1506969025,1468393837,ycjW,ycjN,False,insufficient_data,,0,,,,,0.1841912577247756,0,
0,10,0.0,0.0,instrument_error,1468393837,1506969025,1468393837,ycjW,ycjO,False,insufficient_data,,0,,,,,0.16130872928402498,0,
0,10,0.0,0.0,instrument_error,1468393837,1506969025,1468393837,ycjW,ycjP,False,insufficient_data,glaR,0,,,,,0.12662622402830098,0,
0,10,0.0,0.0,instrument_error,1468393837,1506969025,1468393837,ycjW,ycjQ,False,insufficient_data,,0,,,,,0.09452580720317907,0,
0,10,0.0,0.0,instrument_error,1468393837,1506969025,1468393837,ycjW,ycjR,False,insufficient_data,,0,,,,,0.12278910686376204,0,
0,10,0.0,0.0,instrument_error,1468393837,1506969025,1468393837,ycjW,ycjS,False,insufficient_data,,0,,,,,-0.09833049527450412,0,
0,10,0.0,0.0,instrument_error,1468393837,1506969025,1468393837,ycjW,ycjT,False,insufficient_data,,0,,,,,-0.1118052974937117,0,
0,10,0.0,0.0,instrument_error,1468393837,1506969025,1468393837,ycjW,ycjU,False,insufficient_data,,0,,,,,0.24815726096920046,0,
0,10,0.0,0.0,instrument_error,1468393837,1506969025,1468393837,ycjW,ycjV,False,insufficient_data,,0,,,,,0.06801627943256276,0,
0,10,0.0,0.0,instrument_error,1468393837,1506969025,1468393837,yfeC,hybE,False,insufficient_data,arcA|narL|rpoD,0,,,,,0.10368704844662284,0,
0,10,0.0,0.0,instrument_error,1468393837,1506969025,1468393837,yfeC,rpmB,False,insufficient_data,dksA,0,,,,,0.3340623013247843,0,
0,10,0.0,0.0,instrument_error,1468393837,1506969025,1468393837,yfeC,rpmH,False,insufficient_data,nac,0,,,,,0.14476874106204526,0,
0,10,0.0,0.0,instrument_error,1468393837,1506969025,1468393837,yfeC,rpsU,False,insufficient_data,dksA|lexA|rpoD,0,,,,,0.24147247302124375,0,
0,10,0.0,0.0,instrument_error,1468393837,1506969025,1468393837,yfeC,ygdR,False,insufficient_data,nac,0,,,,,0.09173089591481608,0,
0,10,0.0,0.0,instrument_error,1468393837,1506969025,1468393837,ygbI,ygbJ,False,insufficient_data,,0,,,,,-0.1081093421234324,0,
0,10,0.0,0.0,instrument_error,1468393837,1506969025,1468393837,ygbI,ygbK,False,insufficient_data,flhC|flhD|fliA,0,,,,,0.21982810690306293,0,
0,10,0.0,0.0,instrument_error,1468393837,1506969025,1468393837,yhaJ,bssS,False,insufficient_data,glaR|lrp|nac|rpoD|rpoH,0,,,,,0.2629678295117261,0,
0,10,0.0,0.0,instrument_error,1468393837,1506969025,1468393837,yhaJ,ybiJ,False,insufficient_data,lrp,0,,,,,0.32748094878340633,0,
0,10,0.0,0.0,instrument_error,1468393837,1506969025,1468393837,yhaJ,ygiD,False,insufficient_data,,0,,,,,-0.2485700350023452,0,
0,10,0.0,0.0,instrument_error,1468393837,1506969025,1468393837,yhaJ,yhaK,False,insufficient_data,,0,,,,,0.4294427641746696,0,
0,10,0.0,0.0,instrument_error,1468393837,1506969025,1468393837,yhaJ,yhaL,False,insufficient_data,,0,,,,,0.14290009842019158,0,
0,10,0.0,0.0,instrument_error,1468393837,1506969025,1468393837,yhaJ,yhhW,False,insufficient_data,lrp,0,,,,,0.07845533909524846,0,
0,10,0.0,0.0,instrument_error,1468393837,1506969025,1468393837,yhaJ,yqjF,False,insufficient_data,,0,,,,,0.08080937926584918,0,
0,10,0.0,0.0,instrument_error,1468393837,1506969025,1468393837,yiaU,adeP,False,insufficient_data,,0,,,,,0.11698496104698493,0,
0,10,0.0,0.0,instrument_error,1468393837,1506969025,1468393837,yiaU,gltD,False,insufficient_data,adiY|argR|crp|fnr|fur|gadE|hdfR|ihfA|ihfB|lrp|nac|rpoD|rpoS,0,,,,,-0.34328410329867437,0,
0,10,0.0,0.0,instrument_error,1468393837,1506969025,1468393837,yiaU,waaP,False,insufficient_data,rpoD,0,,,,,0.23711385284185652,0,
0,10,0.0,0.0,instrument_error,1468393837,1506969025,1468393837,yiaU,yiaT,False,insufficient_data,,0,,,,,0.25408532220401936,0,
0,10,0.0,0.0,instrument_error,1468393837,1506969025,1468393837,yiaU,yiaV,False,insufficient_data,,0,,,,,-0.1513728960572913,0,
0,10,0.0,0.0,instrument_error,1468393837,1506969025,1468393837,yiaU,yiaW,False,insufficient_data,,0,,,,,0.20646967893739712,0,
0,10,0.0,0.0,instrument_error,1468393837,1506969025,1468393837,yidZ,malE,False,insufficient_data,creB|crp|fis|hns|malT|ompR|rpoD|stpA,0,,,,,0.10187371368421777,0,
0,10,0.0,0.0,instrument_error,1468393837,1506969025,1468393837,yidZ,ppiC,False,insufficient_data,,0,,,,,0.21406883581295438,0,
0,10,0.0,0.0,instrument_error,1468393837,1506969025,1468393837,yidZ,rbsD,False,insufficient_data,crp|rbsR|rpoD,0,,,,,-0.1182822122594071,0,
0,10,0.0,0.0,instrument_error,1468393837,1506969025,1468393837,yidZ,rof,False,insufficient_data,crp,0,,,,,-0.15010124617578105,0,
0,10,0.0,0.0,instrument_error,1468393837,1506969025,1468393837,yrdG,mscL,False,insufficient_data,nac,0,,,,,0.1661760271960629,0,
0,10,0.0,0.0,instrument_error,1468393837,1506969025,1468393837,zur,pliG,False,insufficient_data,glaR,0,,,,,-0.08899946568276394,0,
0,10,0.0,0.0,instrument_error,1468393837,1506969025,1468393837,zur,ykgM,False,insufficient_data,rpoD,0,,,,,0.09445335957486309,0,
0,10,0.0,0.0,instrument_error,1468393837,1506969025,1468393837,zur,ykgO,False,insufficient_data,rpoD,0,,,,,0.2112183867677857,0,
0,10,0.0,0.0,instrument_error,1468393837,1506969025,1468393837,zur,zinT,False,insufficient_data,fur|oxyR|rpoD|soxS,0,,,,,-0.19578161111975956,0,
0,10,0.0,0.0,instrument_error,1468393837,1506969025,1468393837,zur,znuA,False,insufficient_data,nac|ompR|oxyR|rpoS,0,,,,,0.0966255831222711,0,
0,10,0.0,0.0,instrument_error,1468393837,1506969025,1468393837,zur,znuB,False,insufficient_data,oxyR|rpoD,0,,,,,0.2454910244960203,0,
0,10,0.0,0.0,instrument_error,1468393837,1506969025,1468393837,zur,znuC,False,insufficient_data,oxyR|rpoD,0,,,,,0.2421662254806595,0,
