experiment_id,design_mode,seed_schema_version,scm_replicate_id,data_replicate_id,parameter_condition_id,target_effect_id,pairing_scope,sample_parent_id,sample_selection_rule,run_status,trial,n_samples,missing_edge_rate,missing_data_rate,missing_data_mechanism,seed,scm_seed,data_seed,cause,effect,same_scc,status,adjustment_set,n_rows_used,estimated_path_coefficient,stderr,residual_variance,t_value,ground_truth_beta,scm_true_missing_edges_count,error,intervention_id,intervention_set_index,intervention_genes,intervention_n_genes,intervention_semantics,target_removed,target_present_in_intervened_graph,recovery_status
csd-20260805_174708,paired_hierarchical,1,0,0,948c69fa52a0a115,aaeR->aaeA,shared_complete_observation_shared_scores,maximum,prefix,complete,0,5000,0.6,0.0,instrument_error,2151398048,921666314,2151398048,aaeR,aaeA,False,identifiable,crp,5000,0.19919079781525464,0.015458411616408835,1.2447137553963272,12.885592825320881,0.23516256515779693,5636,,,,[],0,,False,True,
csd-20260805_174708,paired_hierarchical,1,0,0,948c69fa52a0a115,aaeR->aaeB,shared_complete_observation_shared_scores,maximum,prefix,complete,0,5000,0.6,0.0,instrument_error,2151398048,921666314,2151398048,aaeR,aaeB,False,identifiable,crp,5000,0.11186388204154152,0.019489305229218042,1.9784836659619744,5.739757304115543,0.15656414042453642,5636,,,,[],0,,False,True,
csd-20260805_174708,paired_hierarchical,1,0,0,948c69fa52a0a115,aaeR->aaeX,shared_complete_observation_shared_scores,maximum,prefix,complete,0,5000,0.6,0.0,instrument_error,2151398048,921666314,2151398048,aaeR,aaeX,False,identifiable,crp,5000,0.15055633633005897,0.01612809704304022,1.3548961552796235,9.335034128842171,0.15119526670554193,5636,,,,[],0,,False,True,
csd-20260805_174708,paired_hierarchical,1,0,0,948c69fa52a0a115,accB->accC,shared_complete_observation_shared_scores,maximum,prefix,complete,0,5000,0.6,0.0,instrument_error,2151398048,921666314,2151398048,accB,accC,False,identifiable,fadR|rpoD,5000,-0.1828941702476315,0.017698983456411133,1.3735458428242184,-10.333597446320084,-0.2056964302392778,5636,,,,[],0,,False,True,
csd-20260805_174708,paired_hierarchical,1,0,0,948c69fa52a0a115,marA->ariR,shared_complete_observation_shared_scores,maximum,prefix,complete,0,5000,0.6,0.0,instrument_error,2151398048,921666314,2151398048,marA,ariR,False,identifiable,acrR|bluR|cpxR|cra|crp|cysB|fis|nac|ompR|rpoD|rpoS|soxS,5000,0.14748798143218306,0.011356906174024009,1.061178486542306,12.986633786719462,0.14512805282571858,5636,,,,[],0,,False,True,
csd-20260805_174708,paired_hierarchical,1,0,0,948c69fa52a0a115,marA->dctR,shared_complete_observation_shared_scores,maximum,prefix,complete,0,5000,0.6,0.0,instrument_error,2151398048,921666314,2151398048,marA,dctR,False,identifiable,acrR|cpxR|cra|crp|fis|gadE|gadW|gadX|glaR|hns|nac|ompR|rcsB|rpoD|soxS|ydeO,5000,-0.15285950717887922,0.011179292773567216,1.0229961563831258,-13.673450572857934,-0.13987854243656425,5636,,,,[],0,,False,True,
csd-20260805_174708,paired_hierarchical,1,0,0,948c69fa52a0a115,marA->decR,shared_complete_observation_shared_scores,maximum,prefix,complete,0,5000,0.6,0.0,instrument_error,2151398048,921666314,2151398048,marA,decR,False,identifiable,acrR|cpxR|cra|crp|fis|nac|ompR|rpoD|soxS,5000,0.20636819113856716,0.011383519392618923,1.0676832770136848,18.128680948387224,0.19331160918969023,5636,,,,[],0,,False,True,
csd-20260805_174708,paired_hierarchical,1,0,0,948c69fa52a0a115,marA->fpr,shared_complete_observation_shared_scores,maximum,prefix,complete,0,5000,0.6,0.0,instrument_error,2151398048,921666314,2151398048,marA,fpr,False,identifiable,acrR|cpxR|cra|crp|fis|nac|ompR|rpoD|soxS,5000,0.15989561090466092,0.011077085607429812,1.0109748719193918,14.434808628490964,0.15630982279419925,5636,,,,[],0,,False,True,
csd-20260805_174708,paired_hierarchical,1,0,0,948c69fa52a0a115,marA->hdeA,shared_complete_observation_shared_scores,maximum,prefix,complete,0,5000,0.6,0.0,instrument_error,2151398048,921666314,2151398048,marA,hdeA,False,identifiable,acrR|cpxR|cra|crp|fis|fliZ|gadE|gadW|gadX|hns|lrp|nac|ompR|phoP|rcsB|rpoD|rpoS|soxS|torR,5000,-0.2145310530659847,0.011300557132232469,1.043640096501121,-18.98411295617274,-0.2140301880380681,5636,,,,[],0,,False,True,
csd-20260805_174708,paired_hierarchical,1,0,0,948c69fa52a0a115,marA->hdeB,shared_complete_observation_shared_scores,maximum,prefix,complete,0,5000,0.6,0.0,instrument_error,2151398048,921666314,2151398048,marA,hdeB,False,identifiable,acrR|cpxR|cra|crp|fis|fliZ|gadE|gadW|gadX|hns|lrp|nac|ompR|phoP|rcsB|rpoD|rpoS|soxS|torR,5000,-0.08461505936230156,0.011704364274346145,1.1195582778067514,-7.229359696857906,-0.08966623785425477,5636,,,,[],0,,False,True,
csd-20260805_174708,paired_hierarchical,1,0,0,948c69fa52a0a115,marA->lacA,shared_complete_observation_shared_scores,maximum,prefix,complete,0,5000,0.6,0.0,instrument_error,2151398048,921666314,2151398048,marA,lacA,False,identifiable,acrR|cpxR|cra|crp|fis|hns|lacI|nac|ompR|rpoD|soxS,5000,-0.26531161350478843,0.01307098666158259,1.4009416962840364,-20.297749540558815,-0.2943329767039848,5636,,,,[],0,,False,True,
csd-20260805_174708,paired_hierarchical,1,0,0,948c69fa52a0a115,marA->lacY,shared_complete_observation_shared_scores,maximum,prefix,complete,0,5000,0.6,0.0,instrument_error,2151398048,921666314,2151398048,marA,lacY,False,identifiable,acrR|cpxR|cra|crp|fis|hns|lacI|nac|ompR|rpoD|soxS,5000,-0.24367280192427387,0.010989720046669023,0.9903223421438995,-22.172794292255965,-0.23826180393758717,5636,,,,[],0,,False,True,
csd-20260805_174708,paired_hierarchical,1,0,0,948c69fa52a0a115,marA->lacZ,shared_complete_observation_shared_scores,maximum,prefix,complete,0,5000,0.6,0.0,instrument_error,2151398048,921666314,2151398048,marA,lacZ,False,identifiable,acrR|cpxR|cra|crp|fis|hns|lacI|nac|ompR|rpoD|soxS,5000,-0.3127088684319672,0.0110883567008879,1.0081791115179546,-28.20155203042188,-0.3197320738264102,5636,,,,[],0,,False,True,
csd-20260805_174708,paired_hierarchical,1,0,0,948c69fa52a0a115,marA->mlaB,shared_complete_observation_shared_scores,maximum,prefix,complete,0,5000,0.6,0.0,instrument_error,2151398048,921666314,2151398048,marA,mlaB,False,identifiable,acrR|cpxR|cra|crp|fis|nac|ompR|rpoD|soxS,5000,0.1441626820547378,0.01168464876331686,1.124917469809902,12.337784812781578,0.1510149779985233,5636,,,,[],0,,False,True,
csd-20260805_174708,paired_hierarchical,1,0,0,948c69fa52a0a115,marA->mlaC,shared_complete_observation_shared_scores,maximum,prefix,complete,0,5000,0.6,0.0,instrument_error,2151398048,921666314,2151398048,marA,mlaC,False,identifiable,acrR|cpxR|cra|crp|fis|nac|ompR|rpoD|soxS,5000,0.3426410965974505,0.01250346427409793,1.2881013995337172,27.403693015483945,0.342028118759297,5636,,,,[],0,,False,True,
csd-20260805_174708,paired_hierarchical,1,0,0,948c69fa52a0a115,marA->mlaD,shared_complete_observation_shared_scores,maximum,prefix,complete,0,5000,0.6,0.0,instrument_error,2151398048,921666314,2151398048,marA,mlaD,False,identifiable,acrR|cpxR|cra|crp|fis|nac|ompR|rpoD|soxS,5000,0.06178761177203929,0.011304289744809412,1.0528727803579778,5.465855278560096,0.07701837198824926,5636,,,,[],0,,False,True,
csd-20260805_174708,paired_hierarchical,1,0,0,948c69fa52a0a115,marA->mlaE,shared_complete_observation_shared_scores,maximum,prefix,complete,0,5000,0.6,0.0,instrument_error,2151398048,921666314,2151398048,marA,mlaE,False,identifiable,acrR|cpxR|cra|crp|fis|nac|ompR|rpoD|soxS,5000,0.2082299635929458,0.012063547636396709,1.1990558823331912,17.26108851799938,0.22904360195784304,5636,,,,[],0,,False,True,
csd-20260805_174708,paired_hierarchical,1,0,0,948c69fa52a0a115,marA->mlaF,shared_complete_observation_shared_scores,maximum,prefix,complete,0,5000,0.6,0.0,instrument_error,2151398048,921666314,2151398048,marA,mlaF,False,identifiable,acrR|cpxR|cra|crp|fis|nac|ompR|rpoD|soxS,5000,0.09128146059813717,0.012230474867843141,1.2324689197443408,7.463443699813985,0.11103741863396366,5636,,,,[],0,,False,True,
csd-20260805_174708,paired_hierarchical,1,0,0,948c69fa52a0a115,marA->poxB,shared_complete_observation_shared_scores,maximum,prefix,complete,0,5000,0.6,0.0,instrument_error,2151398048,921666314,2151398048,marA,poxB,False,identifiable,acrR|cpxR|cra|crp|fis|fnr|nac|narL|narP|nsrR|ompR|oxyR|rpoD|rpoS|soxS,5000,0.25680948250588403,0.011850990964796792,1.1535988518327625,21.669874128563016,0.2562622431082756,5636,,,,[],0,,False,True,
csd-20260805_174708,paired_hierarchical,1,0,0,948c69fa52a0a115,marA->pqiA,shared_complete_observation_shared_scores,maximum,prefix,complete,0,5000,0.6,0.0,instrument_error,2151398048,921666314,2151398048,marA,pqiA,False,identifiable,acrR|cpxR|cra|crp|fis|nac|ompR|rpoD|rpoS|soxS,5000,0.12138974847827577,0.011417763832776753,1.0731017019405023,10.6316569738292,0.0983830856294143,5636,,,,[],0,,False,True,
csd-20260805_174708,paired_hierarchical,1,0,0,948c69fa52a0a115,marA->pqiB,shared_complete_observation_shared_scores,maximum,prefix,complete,0,5000,0.6,0.0,instrument_error,2151398048,921666314,2151398048,marA,pqiB,False,identifiable,acrR|cpxR|cra|crp|fis|nac|ompR|rpoD|rpoS|soxS,5000,0.5889167403602574,0.012462934614129492,1.2785549714909703,47.253456637138264,0.6401531617459061,5636,,,,[],0,,False,True,
csd-20260805_174708,paired_hierarchical,1,0,0,948c69fa52a0a115,marA->pqiC,shared_complete_observation_shared_scores,maximum,prefix,complete,0,5000,0.6,0.0,instrument_error,2151398048,921666314,2151398048,marA,pqiC,False,identifiable,acrR|cpxR|cra|crp|fis|nac|ompR|rpoD|rpoS|soxS,5000,0.24387313047712572,0.011905191039295611,1.16667934674408,20.484604545376104,0.2645945515196673,5636,,,,[],0,,False,True,
csd-20260805_174708,paired_hierarchical,1,0,0,948c69fa52a0a115,marA->purA,shared_complete_observation_shared_scores,maximum,prefix,complete,0,5000,0.6,0.0,instrument_error,2151398048,921666314,2151398048,marA,purA,False,identifiable,acrR|cpxR|cra|crp|fis|gadE|nac|ompR|purR|rpoD|soxS,5000,-0.29928210816012024,0.013723798834762256,1.4696950375291242,-21.807526601311103,-0.28799628570053604,5636,,,,[],0,,False,True,
csd-20260805_174708,paired_hierarchical,1,0,0,948c69fa52a0a115,marA->putA,shared_complete_observation_shared_scores,maximum,prefix,complete,0,5000,0.6,0.0,instrument_error,2151398048,921666314,2151398048,marA,putA,False,identifiable,acrR|arcA|basR|cpxR|cra|crp|fis|nac|ompR|rpoD|soxS|yeiE,5000,0.20472653561152318,0.007083870804682956,0.4131540859962918,28.900376821692458,0.3067819841371434,5636,,,,[],0,,False,True,
csd-20260805_174708,paired_hierarchical,1,0,0,948c69fa52a0a115,marA->slp,shared_complete_observation_shared_scores,maximum,prefix,complete,0,5000,0.6,0.0,instrument_error,2151398048,921666314,2151398048,marA,slp,False,identifiable,acrR|cpxR|cra|crp|fis|gadE|gadW|gadX|hns|nac|ompR|rcsB|rpoD|soxS|torR|ydeO,5000,-0.2624158672231536,0.01167015947483625,1.1146848497290902,-22.486056663491798,-0.25118263174141237,5636,,,,[],0,,False,True,
csd-20260805_174708,paired_hierarchical,1,0,0,948c69fa52a0a115,marA->waaY,shared_complete_observation_shared_scores,maximum,prefix,complete,0,5000,0.6,0.0,instrument_error,2151398048,921666314,2151398048,marA,waaY,False,identifiable,acrR|cpxR|cra|crp|fis|nac|ompR|rpoD|soxS,5000,0.4183342240614104,0.012336848085263879,1.254000676616764,33.90932766377357,0.44001167417696946,5636,,,,[],0,,False,True,
csd-20260805_174708,paired_hierarchical,1,0,0,948c69fa52a0a115,marA->waaZ,shared_complete_observation_shared_scores,maximum,prefix,complete,0,5000,0.6,0.0,instrument_error,2151398048,921666314,2151398048,marA,waaZ,False,identifiable,acrR|cpxR|cra|crp|fis|nac|ompR|rpoD|soxS,5000,0.5231685892256246,0.011893570768270018,1.1655042434132545,43.98751219619827,0.5128358519964242,5636,,,,[],0,,False,True,
csd-20260805_174708,paired_hierarchical,1,0,0,948c69fa52a0a115,marA->xseA,shared_complete_observation_shared_scores,maximum,prefix,complete,0,5000,0.6,0.0,instrument_error,2151398048,921666314,2151398048,marA,xseA,False,identifiable,acrR|cpxR|cra|crp|fis|nac|ompR|rpoD|soxS,5000,0.116037308185791,0.011586316487459938,1.106063629449297,10.015030084097917,0.11110778632093929,5636,,,,[],0,,False,True,
csd-20260805_174708,paired_hierarchical,1,0,0,948c69fa52a0a115,marA->ycgZ,shared_complete_observation_shared_scores,maximum,prefix,complete,0,5000,0.6,0.0,instrument_error,2151398048,921666314,2151398048,marA,ycgZ,False,identifiable,acrR|bluR|cpxR|cra|crp|fis|nac|ompR|rpoD|rpoS|soxS,5000,0.2477777665847397,0.011928499528253672,1.1712409197531035,20.771914019685113,0.20398769135892247,5636,,,,[],0,,False,True,
csd-20260805_174708,paired_hierarchical,1,0,0,948c69fa52a0a115,marA->yhiD,shared_complete_observation_shared_scores,maximum,prefix,complete,0,5000,0.6,0.0,instrument_error,2151398048,921666314,2151398048,marA,yhiD,False,identifiable,acrR|cpxR|cra|crp|fis|fliZ|gadE|gadW|gadX|hns|lrp|nac|ompR|phoP|rcsB|rpoD|rpoS|soxS|torR,5000,-0.25758552503757215,0.016702068637295436,2.2797728319415995,-15.422372559431833,-0.27129393976912725,5636,,,,[],0,,False,True,
csd-20260805_174708,paired_hierarchical,1,0,0,948c69fa52a0a115,marA->ymgA,shared_complete_observation_shared_scores,maximum,prefix,complete,0,5000,0.6,0.0,instrument_error,2151398048,921666314,2151398048,marA,ymgA,False,identifiable,acrR|bluR|cpxR|cra|crp|fis|nac|ompR|rpoD|rpoS|soxS,5000,0.1698486300072554,0.014583633655461982,1.750677273312526,11.646523357616179,0.16492668487320009,5636,,,,[],0,,False,True,
csd-20260805_174708,paired_hierarchical,1,0,0,948c69fa52a0a115,marA->ymgC,shared_complete_observation_shared_scores,maximum,prefix,complete,0,5000,0.6,0.0,instrument_error,2151398048,921666314,2151398048,marA,ymgC,False,identifiable,acrR|bluR|cpxR|cra|crp|fis|nac|ompR|rpoD|rpoS|soxS,5000,0.07000336013828805,0.012628051396167706,1.3126449833826355,5.543480774835324,0.06432190549276444,5636,,,,[],0,,False,True,
csd-20260805_174708,paired_hierarchical,1,0,0,948c69fa52a0a115,marA->yncE,shared_complete_observation_shared_scores,maximum,prefix,complete,0,5000,0.6,0.0,instrument_error,2151398048,921666314,2151398048,marA,yncE,False,identifiable,acrR|arcA|cpxR|cra|crp|fis|nac|ompR|rpoD|soxS,5000,0.06824431427237851,0.01121206181392534,1.0352602265598445,6.086687302028546,0.06220172559157686,5636,,,,[],0,,False,True,
csd-20260805_174708,paired_hierarchical,1,0,0,948c69fa52a0a115,soxS->fldA,shared_complete_observation_shared_scores,maximum,prefix,complete,0,5000,0.6,0.0,instrument_error,2151398048,921666314,2151398048,soxS,fldA,False,identifiable,alpA|basR|btsR|glaR|glrR|nsrR|ptrR|rcdA,5000,0.27193232968237496,0.012661201178621668,1.0615615172758461,21.477609102486298,0.272299755554354,5636,,,,[],0,,False,True,
csd-20260805_174708,paired_hierarchical,1,0,0,948c69fa52a0a115,soxS->nepI,shared_complete_observation_shared_scores,maximum,prefix,complete,0,5000,0.6,0.0,instrument_error,2151398048,921666314,2151398048,soxS,nepI,False,identifiable,alpA|basR|btsR|glaR|glrR|nsrR|ptrR|rcdA,5000,0.08379522489130797,0.013550392224485855,1.2159034202812793,6.1839704344416075,0.09588840152490072,5636,,,,[],0,,False,True,
csd-20260805_174708,paired_hierarchical,1,0,0,948c69fa52a0a115,ada->aidB,shared_complete_observation_shared_scores,maximum,prefix,complete,0,5000,0.6,0.0,instrument_error,2151398048,921666314,2151398048,ada,aidB,False,identifiable,lrp|rpoD|rpoS,5000,0.17553092698184558,0.013468776172312883,0.9029599793705373,13.032433291353975,0.19615490658496176,5636,,,,[],0,,False,True,
csd-20260805_174708,paired_hierarchical,1,0,0,948c69fa52a0a115,ada->alkA,shared_complete_observation_shared_scores,maximum,prefix,complete,0,5000,0.6,0.0,instrument_error,2151398048,921666314,2151398048,ada,alkA,False,identifiable,rpoD|rpoS,5000,0.2830280128655089,0.015267661500799652,1.1666926540675757,18.53774481774338,0.2991610563518812,5636,,,,[],0,,False,True,
csd-20260805_174708,paired_hierarchical,1,0,0,948c69fa52a0a115,ada->alkB,shared_complete_observation_shared_scores,maximum,prefix,complete,0,5000,0.6,0.0,instrument_error,2151398048,921666314,2151398048,ada,alkB,False,identifiable,rpoD|rpoS,5000,0.126892268362509,0.015479390186461455,1.199275918846434,8.197497888094532,0.11083930850387975,5636,,,,[],0,,False,True,
csd-20260805_174708,paired_hierarchical,1,0,0,948c69fa52a0a115,agaR->agaB,shared_complete_observation_shared_scores,maximum,prefix,complete,0,5000,0.6,0.0,instrument_error,2151398048,921666314,2151398048,agaR,agaB,False,identifiable,rpoD,5000,-0.06960196975025942,0.02084208989574478,1.4696532795315802,-3.33949090990485,-0.09002226355549661,5636,,,,[],0,,False,True,
csd-20260805_174708,paired_hierarchical,1,0,0,948c69fa52a0a115,agaR->agaC,shared_complete_observation_shared_scores,maximum,prefix,complete,0,5000,0.6,0.0,instrument_error,2151398048,921666314,2151398048,agaR,agaC,False,identifiable,rpoD,5000,-0.20657063487139543,0.0184246962396067,1.1485053741644864,-11.211616853000827,-0.2067974772412323,5636,,,,[],0,,False,True,
csd-20260805_174708,paired_hierarchical,1,0,0,948c69fa52a0a115,agaR->agaD,shared_complete_observation_shared_scores,maximum,prefix,complete,0,5000,0.6,0.0,instrument_error,2151398048,921666314,2151398048,agaR,agaD,False,identifiable,rpoD,5000,-0.11445137397745309,0.018514155664299797,1.159685375425792,-6.181830597770424,-0.11875367520515279,5636,,,,[],0,,False,True,
csd-20260805_174708,paired_hierarchical,1,0,0,948c69fa52a0a115,agaR->agaI,shared_complete_observation_shared_scores,maximum,prefix,complete,0,5000,0.6,0.0,instrument_error,2151398048,921666314,2151398048,agaR,agaI,False,identifiable,rpoD,5000,-0.1312309745684256,0.01773258222206861,1.0638400183803942,-7.400556384005124,-0.14043067931074468,5636,,,,[],0,,False,True,
csd-20260805_174708,paired_hierarchical,1,0,0,948c69fa52a0a115,agaR->agaS,shared_complete_observation_shared_scores,maximum,prefix,complete,0,5000,0.6,0.0,instrument_error,2151398048,921666314,2151398048,agaR,agaS,False,identifiable,rpoD,5000,-0.257209714326308,0.020829356696441356,1.467858097583873,-12.348423337061181,-0.26612482870232346,5636,,,,[],0,,False,True,
csd-20260805_174708,paired_hierarchical,1,0,0,948c69fa52a0a115,agaR->agaV,shared_complete_observation_shared_scores,maximum,prefix,complete,0,5000,0.6,0.0,instrument_error,2151398048,921666314,2151398048,agaR,agaV,False,identifiable,crp|rpoD,5000,-0.12194946211163932,0.017744188328754112,1.054294661393862,-6.8726424591663395,-0.13835753014378036,5636,,,,[],0,,False,True,
csd-20260805_174708,paired_hierarchical,1,0,0,948c69fa52a0a115,agaR->agaW,shared_complete_observation_shared_scores,maximum,prefix,complete,0,5000,0.6,0.0,instrument_error,2151398048,921666314,2151398048,agaR,agaW,False,identifiable,crp|rpoD,5000,-0.22160655880086283,0.017829761773419887,1.0644881029416158,-12.429025222940878,-0.4915718247649058,5636,,,,[],0,,False,True,
csd-20260805_174708,paired_hierarchical,1,0,0,948c69fa52a0a115,agaR->kbaY,shared_complete_observation_shared_scores,maximum,prefix,complete,0,5000,0.6,0.0,instrument_error,2151398048,921666314,2151398048,agaR,kbaY,False,identifiable,nac|rpoD,5000,-0.1568683337769483,0.017689789480979726,1.058532887531475,-8.86773321670193,-0.16517985054389117,5636,,,,[],0,,False,True,
csd-20260805_174708,paired_hierarchical,1,0,0,948c69fa52a0a115,agaR->kbaZ,shared_complete_observation_shared_scores,maximum,prefix,complete,0,5000,0.6,0.0,instrument_error,2151398048,921666314,2151398048,agaR,kbaZ,False,identifiable,crp|rpoD,5000,-0.24291483225475166,0.017806892746344213,1.0617591606841477,-13.641618204536135,-0.2602626250220087,5636,,,,[],0,,False,True,
csd-20260805_174708,paired_hierarchical,1,0,0,948c69fa52a0a115,allR->allA,shared_complete_observation_shared_scores,maximum,prefix,complete,0,5000,0.6,0.0,instrument_error,2151398048,921666314,2151398048,allR,allA,False,identifiable,nac,5000,-0.2434513409182109,0.014072605734275668,1.30958560177353,-17.29966329727077,-0.18121400568143342,5636,,,,[],0,,False,True,
csd-20260805_174708,paired_hierarchical,1,0,0,948c69fa52a0a115,allR->allB,shared_complete_observation_shared_scores,maximum,prefix,complete,0,5000,0.6,0.0,instrument_error,2151398048,921666314,2151398048,allR,allB,False,identifiable,nac|rpoD,5000,-0.14069406630499495,0.015246109270546874,1.342419221015502,-9.228194800938109,-0.11207157413988388,5636,,,,[],0,,False,True,
csd-20260805_174708,paired_hierarchical,1,0,0,948c69fa52a0a115,allR->allS,shared_complete_observation_shared_scores,maximum,prefix,complete,0,5000,0.6,0.0,instrument_error,2151398048,921666314,2151398048,allR,allS,False,identifiable,nac,5000,-0.2517517229857629,0.013900451361903076,1.2777404854268242,-18.111046643833312,-0.24041732761780363,5636,,,,[],0,,False,True,
csd-20260805_174708,paired_hierarchical,1,0,0,948c69fa52a0a115,allR->allW,shared_complete_observation_shared_scores,maximum,prefix,complete,0,5000,0.6,0.0,instrument_error,2151398048,921666314,2151398048,allR,allW,False,identifiable,nac|rpoD,5000,-0.1114423334362205,0.01302126805396919,0.979211858650701,-8.558485469642893,-0.1182660770116961,5636,,,,[],0,,False,True,
csd-20260805_174708,paired_hierarchical,1,0,0,948c69fa52a0a115,allR->gcl,shared_complete_observation_shared_scores,maximum,prefix,complete,0,5000,0.6,0.0,instrument_error,2151398048,921666314,2151398048,allR,gcl,False,identifiable,nac|rpoD,5000,-0.17394823306679996,0.015767812523766755,1.4358629880473817,-11.031855738049178,-0.19658594131561966,5636,,,,[],0,,False,True,
csd-20260805_174708,paired_hierarchical,1,0,0,948c69fa52a0a115,allR->glxK,shared_complete_observation_shared_scores,maximum,prefix,complete,0,5000,0.6,0.0,instrument_error,2151398048,921666314,2151398048,allR,glxK,False,identifiable,nac|rpoD,5000,-0.11195711866557571,0.01519085385134526,1.3327063795122362,-7.3700346116924225,-0.11066398066847725,5636,,,,[],0,,False,True,
csd-20260805_174708,paired_hierarchical,1,0,0,948c69fa52a0a115,allR->glxR,shared_complete_observation_shared_scores,maximum,prefix,complete,0,5000,0.6,0.0,instrument_error,2151398048,921666314,2151398048,allR,glxR,False,identifiable,nac|rpoD,5000,-0.21018246180275335,0.013966850856430794,1.126593125632605,-15.048665154606308,-0.22376155298015812,5636,,,,[],0,,False,True,
csd-20260805_174708,paired_hierarchical,1,0,0,948c69fa52a0a115,allR->hyi,shared_complete_observation_shared_scores,maximum,prefix,complete,0,5000,0.6,0.0,instrument_error,2151398048,921666314,2151398048,allR,hyi,False,identifiable,nac|rpoD,5000,-0.3432836012229319,0.01407488594250446,1.1440891686021257,-24.389796309912306,-0.33752017906606874,5636,,,,[],0,,False,True,
csd-20260805_174708,paired_hierarchical,1,0,0,948c69fa52a0a115,allR->ybbY,shared_complete_observation_shared_scores,maximum,prefix,complete,0,5000,0.6,0.0,instrument_error,2151398048,921666314,2151398048,allR,ybbY,False,identifiable,nac|rpoD,5000,-0.15354267438362593,0.014054584831639242,1.1407911623847025,-10.924739237972755,-0.18672786466363575,5636,,,,[],0,,False,True,
csd-20260805_174708,paired_hierarchical,1,0,0,948c69fa52a0a115,allS->allC,shared_complete_observation_shared_scores,maximum,prefix,complete,0,5000,0.6,0.0,instrument_error,2151398048,921666314,2151398048,allS,allC,False,identifiable,allR|rpoD,5000,0.21413995455756946,0.013328535800285306,1.1334411209082567,16.066277479105068,0.19520385666489434,5636,,,,[],0,,False,True,
csd-20260805_174708,paired_hierarchical,1,0,0,948c69fa52a0a115,allS->allD,shared_complete_observation_shared_scores,maximum,prefix,complete,0,5000,0.6,0.0,instrument_error,2151398048,921666314,2151398048,allS,allD,False,identifiable,allR|rpoD,5000,0.11523899506858103,0.012519457668494488,1.0000117687897632,9.204791303267289,0.11462369642106694,5636,,,,[],0,,False,True,
csd-20260805_174708,paired_hierarchical,1,0,0,948c69fa52a0a115,allS->allE,shared_complete_observation_shared_scores,maximum,prefix,complete,0,5000,0.6,0.0,instrument_error,2151398048,921666314,2151398048,allS,allE,False,identifiable,allR|rpoD,5000,0.1997624276449901,0.012652740770337473,1.021417512290602,15.788075585433972,0.18214915016694677,5636,,,,[],0,,False,True,
csd-20260805_174708,paired_hierarchical,1,0,0,948c69fa52a0a115,alpA->intA,shared_complete_observation_shared_scores,maximum,prefix,complete,0,5000,0.6,0.0,instrument_error,2151398048,921666314,2151398048,alpA,intA,False,identifiable,,5000,0.25528670479319715,0.013441979766733472,1.0478071162484057,18.991748925629743,0.26409947504322273,5636,,,,[],0,,False,True,
csd-20260805_174708,paired_hierarchical,1,0,0,948c69fa52a0a115,alpA->phoB,shared_complete_observation_shared_scores,maximum,prefix,complete,0,5000,0.6,0.0,instrument_error,2151398048,921666314,2151398048,alpA,phoB,False,identifiable,basR|btsR|glaR|glrR|nsrR|ptrR|rcdA,5000,-0.39414063402325983,0.018974961099568626,2.0690687644265475,-20.771617499243263,-0.348821642797693,5636,,,,[],0,,False,True,
csd-20260805_174708,paired_hierarchical,1,0,0,948c69fa52a0a115,alpA->phoR,shared_complete_observation_shared_scores,maximum,prefix,complete,0,5000,0.6,0.0,instrument_error,2151398048,921666314,2151398048,alpA,phoR,False,identifiable,basR|btsR|glaR|glrR|nsrR|ptrR|rcdA,5000,-0.592148329259815,0.015155892745282366,1.3200068424301385,-39.070501435432455,-0.48464326639435307,5636,,,,[],0,,False,True,
csd-20260805_174708,paired_hierarchical,1,0,0,948c69fa52a0a115,phoB->mipA,shared_complete_observation_shared_scores,maximum,prefix,complete,0,5000,0.6,0.0,instrument_error,2151398048,921666314,2151398048,phoB,mipA,False,identifiable,alpA|basR|btsR|glaR|glrR|nsrR|ptrR|rcdA,5000,0.09404266262252561,0.014474225176075564,2.163481289755883,6.497250213985109,0.24681640815933803,5636,,,,[],0,,False,True,
csd-20260805_174708,paired_hierarchical,1,0,0,948c69fa52a0a115,phoB->rspR,shared_complete_observation_shared_scores,maximum,prefix,complete,0,5000,0.6,0.0,instrument_error,2151398048,921666314,2151398048,phoB,rspR,False,identifiable,alpA|basR|btsR|glaR|glrR|nsrR|ptrR|rcdA,5000,0.31506981654492827,0.009990241806186715,1.0306578005257037,31.53775680883051,0.34917741824796694,5636,,,,[],0,,False,True,
csd-20260805_174708,paired_hierarchical,1,0,0,948c69fa52a0a115,alsR->alsA,shared_complete_observation_shared_scores,maximum,prefix,complete,0,5000,0.6,0.0,instrument_error,2151398048,921666314,2151398048,alsR,alsA,False,identifiable,rpoD,5000,-0.19686594936929425,0.017051383786825816,1.5188784563253688,-11.545452957395526,-0.20563665230358555,5636,,,,[],0,,False,True,
csd-20260805_174708,paired_hierarchical,1,0,0,948c69fa52a0a115,alsR->alsB,shared_complete_observation_shared_scores,maximum,prefix,complete,0,5000,0.6,0.0,instrument_error,2151398048,921666314,2151398048,alsR,alsB,False,identifiable,rpoD,5000,-0.07057746515542782,0.01581287810530268,1.3062479128587092,-4.4632902805821555,-0.08058253201626259,5636,,,,[],0,,False,True,
csd-20260805_174708,paired_hierarchical,1,0,0,948c69fa52a0a115,alsR->alsC,shared_complete_observation_shared_scores,maximum,prefix,complete,0,5000,0.6,0.0,instrument_error,2151398048,921666314,2151398048,alsR,alsC,False,identifiable,rpoD,5000,-0.07945189798339616,0.019958882802434418,2.0810198330592145,-3.9807788226355676,-0.12541483898410102,5636,,,,[],0,,False,True,
csd-20260805_174708,paired_hierarchical,1,0,0,948c69fa52a0a115,alsR->alsE,shared_complete_observation_shared_scores,maximum,prefix,complete,0,5000,0.6,0.0,instrument_error,2151398048,921666314,2151398048,alsR,alsE,False,identifiable,rpoD,5000,-0.19302266737292617,0.013970492091642394,1.0195937646204853,-13.816454431723178,-0.17730638437038562,5636,,,,[],0,,False,True,
csd-20260805_174708,paired_hierarchical,1,0,0,948c69fa52a0a115,alsR->rpiB,shared_complete_observation_shared_scores,maximum,prefix,complete,0,5000,0.6,0.0,instrument_error,2151398048,921666314,2151398048,alsR,rpiB,False,identifiable,glaR|lrp|rpoD,5000,-0.20734200466331665,0.013859948382679762,1.0026097035269685,-14.959796309373266,-0.21120940486899678,5636,,,,[],0,,False,True,
csd-20260805_174708,paired_hierarchical,1,0,0,948c69fa52a0a115,ameF->mazE,shared_complete_observation_shared_scores,maximum,prefix,complete,0,5000,0.6,0.0,instrument_error,2151398048,921666314,2151398048,ameF,mazE,False,identifiable,crp|fis|hipA|hipB|hns|rpoD,5000,0.18555964443098316,0.015095607913559456,1.243280334787704,12.292293592516161,0.2363697717910528,5636,,,,[],0,,False,True,
csd-20260805_174708,paired_hierarchical,1,0,0,948c69fa52a0a115,ameF->mazF,shared_complete_observation_shared_scores,maximum,prefix,complete,0,5000,0.6,0.0,instrument_error,2151398048,921666314,2151398048,ameF,mazF,False,identifiable,crp|fis|hipA|hipB|hns|rpoD,5000,0.10763246967838147,0.01411167181447864,1.0864876290778103,7.627194785521448,0.19202040148866453,5636,,,,[],0,,False,True,
csd-20260805_174708,paired_hierarchical,1,0,0,948c69fa52a0a115,appY->appA,shared_complete_observation_shared_scores,maximum,prefix,complete,0,5000,0.6,0.0,instrument_error,2151398048,921666314,2151398048,appY,appA,False,identifiable,arcA|dpiA|hns|rpoD|rpoS|ydeO,5000,0.28385092999507605,0.014149433283941271,1.2177552921723778,20.06093984818666,0.2859094875952048,5636,,,,[],0,,False,True,
csd-20260805_174708,paired_hierarchical,1,0,0,948c69fa52a0a115,appY->appB,shared_complete_observation_shared_scores,maximum,prefix,complete,0,5000,0.6,0.0,instrument_error,2151398048,921666314,2151398048,appY,appB,False,identifiable,arcA|dpiA|hns|rpoD|rpoS|ydeO,5000,0.24900134499130128,0.01306402204215289,1.038091758344532,19.060083042409428,0.26110930552683104,5636,,,,[],0,,False,True,
csd-20260805_174708,paired_hierarchical,1,0,0,948c69fa52a0a115,appY->appC,shared_complete_observation_shared_scores,maximum,prefix,complete,0,5000,0.6,0.0,instrument_error,2151398048,921666314,2151398048,appY,appC,False,identifiable,arcA|cpxR|dpiA|hns|rpoD|rpoS|ydeO,5000,0.3413778681251068,0.012898711027189801,1.0116931385344043,26.46604512695108,0.325172522043173,5636,,,,[],0,,False,True,
csd-20260805_174708,paired_hierarchical,1,0,0,948c69fa52a0a115,appY->appX,shared_complete_observation_shared_scores,maximum,prefix,complete,0,5000,0.6,0.0,instrument_error,2151398048,921666314,2151398048,appY,appX,False,identifiable,arcA|dpiA|hns|rpoD|rpoS|ydeO,5000,0.411389396840509,0.013738100257051607,1.1479825774023946,29.945144462703105,0.4081532989314864,5636,,,,[],0,,False,True,
csd-20260805_174708,paired_hierarchical,1,0,0,948c69fa52a0a115,appY->hyaA,shared_complete_observation_shared_scores,maximum,prefix,complete,0,5000,0.6,0.0,instrument_error,2151398048,921666314,2151398048,appY,hyaA,False,identifiable,arcA|dpiA|fis|hns|iscR|narL|narP|rpoD|rpoS|ydeO,5000,0.2405964214475611,0.01317368857298169,1.052489566878231,18.26340588777903,0.23767593529103195,5636,,,,[],0,,False,True,
csd-20260805_174708,paired_hierarchical,1,0,0,948c69fa52a0a115,appY->hyaB,shared_complete_observation_shared_scores,maximum,prefix,complete,0,5000,0.6,0.0,instrument_error,2151398048,921666314,2151398048,appY,hyaB,False,identifiable,arcA|dpiA|fis|hns|iscR|narL|narP|rpoD|rpoS|ydeO,5000,0.1963387053079821,0.015169061647184087,1.3954698159913623,12.94336524398195,0.20667123050229802,5636,,,,[],0,,False,True,
csd-20260805_174708,paired_hierarchical,1,0,0,948c69fa52a0a115,appY->hyaC,shared_complete_observation_shared_scores,maximum,prefix,complete,0,5000,0.6,0.0,instrument_error,2151398048,921666314,2151398048,appY,hyaC,False,identifiable,arcA|dpiA|fis|hns|iscR|narL|narP|rpoD|rpoS|ydeO,5000,0.19187132698673307,0.01343352625595428,1.094417607316245,14.283020208613355,0.2076006560449596,5636,,,,[],0,,False,True,
csd-20260805_174708,paired_hierarchical,1,0,0,948c69fa52a0a115,appY->hyaD,shared_complete_observation_shared_scores,maximum,prefix,complete,0,5000,0.6,0.0,instrument_error,2151398048,921666314,2151398048,appY,hyaD,False,identifiable,arcA|dpiA|fis|hns|iscR|narL|narP|rpoD|rpoS|ydeO,5000,0.23025699859290968,0.015127566067149066,1.3878455305985309,15.221020854963207,0.2273588517237226,5636,,,,[],0,,False,True,
csd-20260805_174708,paired_hierarchical,1,0,0,948c69fa52a0a115,appY->hyaE,shared_complete_observation_shared_scores,maximum,prefix,complete,0,5000,0.6,0.0,instrument_error,2151398048,921666314,2151398048,appY,hyaE,False,identifiable,arcA|dpiA|fis|hns|iscR|narL|narP|rpoD|rpoS|ydeO,5000,0.3010153133707741,0.012778047133426684,0.9902206663419051,23.557223590397804,0.29039091964218866,5636,,,,[],0,,False,True,
csd-20260805_174708,paired_hierarchical,1,0,0,948c69fa52a0a115,appY->hyaF,shared_complete_observation_shared_scores,maximum,prefix,complete,0,5000,0.6,0.0,instrument_error,2151398048,921666314,2151398048,appY,hyaF,False,identifiable,arcA|dpiA|fis|hns|iscR|narL|narP|rpoD|rpoS|ydeO,5000,0.19231146246105515,0.014087713899847788,1.2036052152490941,13.651005679717345,0.1748561396354968,5636,,,,[],0,,False,True,
csd-20260805_174708,paired_hierarchical,1,0,0,948c69fa52a0a115,araC->araA,shared_complete_observation_shared_scores,maximum,prefix,complete,0,5000,0.6,0.0,instrument_error,2151398048,921666314,2151398048,araC,araA,False,identifiable,crp|rpoD|xylR,5000,-0.46504266003770534,0.011752875106041533,1.1418956945614573,-39.568416735633605,-0.4709763890477094,5636,,,,[],0,,False,True,
csd-20260805_174708,paired_hierarchical,1,0,0,948c69fa52a0a115,araC->araB,shared_complete_observation_shared_scores,maximum,prefix,complete,0,5000,0.6,0.0,instrument_error,2151398048,921666314,2151398048,araC,araB,False,identifiable,crp|fur|rpoD|xylR,5000,0.49996330199553574,0.013793821216447434,1.5553828731502197,36.24545324680525,0.5245709367928159,5636,,,,[],0,,False,True,
csd-20260805_174708,paired_hierarchical,1,0,0,948c69fa52a0a115,araC->araD,shared_complete_observation_shared_scores,maximum,prefix,complete,0,5000,0.6,0.0,instrument_error,2151398048,921666314,2151398048,araC,araD,False,identifiable,crp|rpoD|xylR,5000,-0.13776547913379586,0.013433823018755902,1.4918921825913547,-10.255120894584648,-0.12089391825530023,5636,,,,[],0,,False,True,
csd-20260805_174708,paired_hierarchical,1,0,0,948c69fa52a0a115,araC->araE,shared_complete_observation_shared_scores,maximum,prefix,complete,0,5000,0.6,0.0,instrument_error,2151398048,921666314,2151398048,araC,araE,False,identifiable,crp|nac|rpoD|xylR,5000,0.30670472424283535,0.01162901775617962,1.1167703073360502,26.374086846660244,0.3131889061245187,5636,,,,[],0,,False,True,
csd-20260805_174708,paired_hierarchical,1,0,0,948c69fa52a0a115,araC->araF,shared_complete_observation_shared_scores,maximum,prefix,complete,0,5000,0.6,0.0,instrument_error,2151398048,921666314,2151398048,araC,araF,False,identifiable,crp|nac|rpoD|rpoS|spf|xylR,5000,0.1396853332675736,0.01305456345419368,1.3949434947761692,10.700115232325194,0.10946959651071081,5636,,,,[],0,,False,True,
csd-20260805_174708,paired_hierarchical,1,0,0,948c69fa52a0a115,araC->araG,shared_complete_observation_shared_scores,maximum,prefix,complete,0,5000,0.6,0.0,instrument_error,2151398048,921666314,2151398048,araC,araG,False,identifiable,crp|rpoD|rpoS|xylR,5000,0.357531353822439,0.01253336449749291,1.2872381953077183,28.526366874110874,0.342865936698906,5636,,,,[],0,,False,True,
csd-20260805_174708,paired_hierarchical,1,0,0,948c69fa52a0a115,araC->araH,shared_complete_observation_shared_scores,maximum,prefix,complete,0,5000,0.6,0.0,instrument_error,2151398048,921666314,2151398048,araC,araH,False,identifiable,crp|rpoD|rpoS|xylR,5000,0.22312600813551897,0.011843442138250847,1.149421887732367,18.839624961301357,0.23319084339680418,5636,,,,[],0,,False,True,
csd-20260805_174708,paired_hierarchical,1,0,0,948c69fa52a0a115,araC->araJ,shared_complete_observation_shared_scores,maximum,prefix,complete,0,5000,0.6,0.0,instrument_error,2151398048,921666314,2151398048,araC,araJ,False,identifiable,crp|rpoD|xylR,5000,0.2079700208410109,0.011344260036701116,1.0638748427093185,18.332621093679382,0.22291387438529045,5636,,,,[],0,,False,True,
csd-20260805_174708,paired_hierarchical,1,0,0,948c69fa52a0a115,araC->xylA,shared_complete_observation_shared_scores,maximum,prefix,complete,0,5000,0.6,0.0,instrument_error,2151398048,921666314,2151398048,araC,xylA,False,identifiable,crp|rpoD|xylR,5000,-0.1580233265484674,0.011374320861067247,1.0695205749811632,-13.892990050013426,-0.1482260752093679,5636,,,,[],0,,False,True,
csd-20260805_174708,paired_hierarchical,1,0,0,948c69fa52a0a115,araC->xylB,shared_complete_observation_shared_scores,maximum,prefix,complete,0,5000,0.6,0.0,instrument_error,2151398048,921666314,2151398048,araC,xylB,False,identifiable,crp|rpoD|xylR,5000,-0.07727878631488402,0.013327003164984294,1.4682607696254693,-5.798661961597508,-0.10004076328713664,5636,,,,[],0,,False,True,
csd-20260805_174708,paired_hierarchical,1,0,0,948c69fa52a0a115,araC->ydeM,shared_complete_observation_shared_scores,maximum,prefix,complete,0,5000,0.6,0.0,instrument_error,2151398048,921666314,2151398048,araC,ydeM,False,identifiable,crp|gadX|nagC|rpoD|xylR,5000,-0.12152257102942762,0.013685534093310046,1.5008216859688228,-8.879636717198489,-0.0937945405143596,5636,,,,[],0,,False,True,
csd-20260805_174708,paired_hierarchical,1,0,0,948c69fa52a0a115,araC->ydeN,shared_complete_observation_shared_scores,maximum,prefix,complete,0,5000,0.6,0.0,instrument_error,2151398048,921666314,2151398048,araC,ydeN,False,identifiable,crp|gadX|lrp|nagC|rpoD|xylR,5000,-0.19467071916451845,0.01172747991308732,1.0962596572983105,-16.59953550184938,-0.19745691024245535,5636,,,,[],0,,False,True,
csd-20260805_174708,paired_hierarchical,1,0,0,948c69fa52a0a115,araC->ygeA,shared_complete_observation_shared_scores,maximum,prefix,complete,0,5000,0.6,0.0,instrument_error,2151398048,921666314,2151398048,araC,ygeA,False,identifiable,crp|rpoD|xylR,5000,0.26026062386036786,0.011569810436431705,1.1066000362688944,22.494804499202836,0.28530562683546584,5636,,,,[],0,,False,True,
csd-20260805_174708,paired_hierarchical,1,0,0,948c69fa52a0a115,araC->yjfF,shared_complete_observation_shared_scores,maximum,prefix,complete,0,5000,0.6,0.0,instrument_error,2151398048,921666314,2151398048,araC,yjfF,False,identifiable,crp|rpoD|xylR,5000,-0.1318227440811815,0.01106238189712672,1.0116621172241038,-11.916307474018808,-0.1294079841960869,5636,,,,[],0,,False,True,
csd-20260805_174708,paired_hierarchical,1,0,0,948c69fa52a0a115,araC->ytfQ,shared_complete_observation_shared_scores,maximum,prefix,complete,0,5000,0.6,0.0,instrument_error,2151398048,921666314,2151398048,araC,ytfQ,False,identifiable,crp|rpoD|xylR,5000,-0.21784482944983946,0.01311239478988651,1.4213539031855733,-16.61365699710792,-0.18640729402478273,5636,,,,[],0,,False,True,
csd-20260805_174708,paired_hierarchical,1,0,0,948c69fa52a0a115,araC->ytfR,shared_complete_observation_shared_scores,maximum,prefix,complete,0,5000,0.6,0.0,instrument_error,2151398048,921666314,2151398048,araC,ytfR,False,identifiable,crp|rpoD|xylR,5000,-0.3192125896923796,0.011908647739367239,1.172365666006169,-26.805108075968736,-0.27102087122290863,5636,,,,[],0,,False,True,
csd-20260805_174708,paired_hierarchical,1,0,0,948c69fa52a0a115,araC->ytfT,shared_complete_observation_shared_scores,maximum,prefix,complete,0,5000,0.6,0.0,instrument_error,2151398048,921666314,2151398048,araC,ytfT,False,identifiable,crp|rpoD|xylR,5000,-0.2770457599484955,0.011478601563788216,1.0892213761479619,-24.135846026967045,-0.28373107637976636,5636,,,,[],0,,False,True,
csd-20260805_174708,paired_hierarchical,1,0,0,948c69fa52a0a115,arcA->dsbB,shared_complete_observation_shared_scores,maximum,prefix,complete,0,5000,0.6,0.0,instrument_error,2151398048,921666314,2151398048,arcA,dsbB,False,identifiable,alpA|basR|btsR|glaR|glrR|nsrR|ptrR|rcdA,5000,0.3498272866108446,0.01193460193401087,1.1908342089506667,29.312019667276655,0.36307902181487156,5636,,,,[],0,,False,True,
csd-20260805_174708,paired_hierarchical,1,0,0,948c69fa52a0a115,arcA->igaA,shared_complete_observation_shared_scores,maximum,prefix,complete,0,5000,0.6,0.0,instrument_error,2151398048,921666314,2151398048,arcA,igaA,False,identifiable,alpA|basR|btsR|glaR|glrR|nsrR|ptrR|rcdA,5000,0.23548954235506941,0.011071795232250681,1.0248764550329776,21.269318788439964,0.23014424155274077,5636,,,,[],0,,False,True,
csd-20260805_174708,paired_hierarchical,1,0,0,948c69fa52a0a115,arcA->kgtP,shared_complete_observation_shared_scores,maximum,prefix,complete,0,5000,0.6,0.0,instrument_error,2151398048,921666314,2151398048,arcA,kgtP,False,identifiable,alpA|basR|btsR|glaR|glrR|nsrR|ptrR|rcdA,5000,-0.3465688948129967,0.011214910749741493,1.051543078867701,-30.902510287117998,-0.35419364754449006,5636,,,,[],0,,False,True,
csd-20260805_174708,paired_hierarchical,1,0,0,948c69fa52a0a115,arcA->ndk,shared_complete_observation_shared_scores,maximum,prefix,complete,0,5000,0.6,0.0,instrument_error,2151398048,921666314,2151398048,arcA,ndk,False,identifiable,alpA|basR|btsR|glaR|glrR|nsrR|ptrR|rcdA,5000,-0.6684019495425791,0.015383991609760353,1.9786705710488817,-43.44788833078357,-0.6493671710770879,5636,,,,[],0,,False,True,
csd-20260805_174708,paired_hierarchical,1,0,0,948c69fa52a0a115,arcA->nudE,shared_complete_observation_shared_scores,maximum,prefix,complete,0,5000,0.6,0.0,instrument_error,2151398048,921666314,2151398048,arcA,nudE,False,identifiable,alpA|basR|btsR|glaR|glrR|nsrR|ptrR|rcdA,5000,-0.6588282464881252,0.01165398458913482,1.1354925906353315,-56.53244531508652,-0.6609048711665568,5636,,,,[],0,,False,True,
csd-20260805_174708,paired_hierarchical,1,0,0,948c69fa52a0a115,arcA->pepN,shared_complete_observation_shared_scores,maximum,prefix,complete,0,5000,0.6,0.0,instrument_error,2151398048,921666314,2151398048,arcA,pepN,False,identifiable,alpA|basR|btsR|glaR|glrR|nsrR|ptrR|rcdA,5000,-0.36968874720070044,0.01858207345213007,2.8868470222325575,-19.894913673281323,-0.6248279662693704,5636,,,,[],0,,False,True,
csd-20260805_174708,paired_hierarchical,1,0,0,948c69fa52a0a115,arcA->pqqU,shared_complete_observation_shared_scores,maximum,prefix,complete,0,5000,0.6,0.0,instrument_error,2151398048,921666314,2151398048,arcA,pqqU,False,identifiable,alpA|basR|btsR|glaR|glrR|nsrR|ptrR|rcdA,5000,-0.12400392555892416,0.0106027609031129,0.9398820636033468,-11.695437319775591,-0.13740234616775984,5636,,,,[],0,,False,True,
csd-20260805_174708,paired_hierarchical,1,0,0,948c69fa52a0a115,arcA->pyrS,shared_complete_observation_shared_scores,maximum,prefix,complete,0,5000,0.6,0.0,instrument_error,2151398048,921666314,2151398048,arcA,pyrS,False,identifiable,alpA|basR|btsR|glaR|glrR|nsrR|ptrR|rcdA,5000,0.33219904223452973,0.01291987661141989,1.3955717122059332,25.712245730032645,0.3340006239060555,5636,,,,[],0,,False,True,
csd-20260805_174708,paired_hierarchical,1,0,0,948c69fa52a0a115,arcA->rho,shared_complete_observation_shared_scores,maximum,prefix,complete,0,5000,0.6,0.0,instrument_error,2151398048,921666314,2151398048,arcA,rho,False,identifiable,alpA|basR|btsR|glaR|glrR|nsrR|ptrR|rcdA,5000,0.09342794403172612,0.009032313617995686,0.6820770595999521,10.343744469366447,0.17935594382215794,5636,,,,[],0,,False,True,
csd-20260805_174708,paired_hierarchical,1,0,0,948c69fa52a0a115,arcA->ybfA,shared_complete_observation_shared_scores,maximum,prefix,complete,0,5000,0.6,0.0,instrument_error,2151398048,921666314,2151398048,arcA,ybfA,False,identifiable,alpA|basR|btsR|glaR|glrR|nsrR|ptrR|rcdA,5000,0.5221861490686176,0.01132695317538599,1.0726588891822175,46.10120135424882,0.5287006769415276,5636,,,,[],0,,False,True,
csd-20260805_174708,paired_hierarchical,1,0,0,948c69fa52a0a115,arcA->ybiU,shared_complete_observation_shared_scores,maximum,prefix,complete,0,5000,0.6,0.0,instrument_error,2151398048,921666314,2151398048,arcA,ybiU,False,identifiable,alpA|basR|btsR|glaR|glrR|nsrR|ptrR|rcdA,5000,-0.08384593670075821,0.010801334866695921,0.9754169241791366,-7.762553215462553,-0.0834508828770702,5636,,,,[],0,,False,True,
csd-20260805_174708,paired_hierarchical,1,0,0,948c69fa52a0a115,arcA->ydeA,shared_complete_observation_shared_scores,maximum,prefix,complete,0,5000,0.6,0.0,instrument_error,2151398048,921666314,2151398048,arcA,ydeA,False,identifiable,alpA|basR|btsR|glaR|glrR|nsrR|ptrR|rcdA,5000,-0.2562907740090315,0.012266669745698743,1.2580235517259057,-20.893264375923938,-0.2979768359718148,5636,,,,[],0,,False,True,
csd-20260805_174708,paired_hierarchical,1,0,0,948c69fa52a0a115,arcA->ydgC,shared_complete_observation_shared_scores,maximum,prefix,complete,0,5000,0.6,0.0,instrument_error,2151398048,921666314,2151398048,arcA,ydgC,False,identifiable,alpA|basR|btsR|glaR|glrR|nsrR|ptrR|rcdA,5000,-0.19710396852125858,0.011114520702860833,1.0328016047232702,-17.733915279902696,-0.1961560564783186,5636,,,,[],0,,False,True,
csd-20260805_174708,paired_hierarchical,1,0,0,948c69fa52a0a115,arcA->yeiQ,shared_complete_observation_shared_scores,maximum,prefix,complete,0,5000,0.6,0.0,instrument_error,2151398048,921666314,2151398048,arcA,yeiQ,False,identifiable,alpA|basR|btsR|glaR|glrR|nsrR|ptrR|rcdA,5000,-0.05533738987767432,0.012003639619401013,1.2046512132661749,-4.610050920575345,-0.0839340000609033,5636,,,,[],0,,False,True,
csd-20260805_174708,paired_hierarchical,1,0,0,948c69fa52a0a115,arcA->yfiF,shared_complete_observation_shared_scores,maximum,prefix,complete,0,5000,0.6,0.0,instrument_error,2151398048,921666314,2151398048,arcA,yfiF,False,identifiable,alpA|basR|btsR|glaR|glrR|nsrR|ptrR|rcdA,5000,0.2636380092218483,0.014391083269435914,1.7314996096343978,18.319538862079153,0.14168085579299539,5636,,,,[],0,,False,True,
csd-20260805_174708,paired_hierarchical,1,0,0,948c69fa52a0a115,arcA->yhgE,shared_complete_observation_shared_scores,maximum,prefix,complete,0,5000,0.6,0.0,instrument_error,2151398048,921666314,2151398048,arcA,yhgE,False,identifiable,alpA|basR|btsR|glaR|glrR|nsrR|ptrR|rcdA,5000,0.15703849616115376,0.011630011074381342,1.1308257319971686,13.502867293658825,0.18735221310554917,5636,,,,[],0,,False,True,
csd-20260805_174708,paired_hierarchical,1,0,0,948c69fa52a0a115,arcA->yjiR,shared_complete_observation_shared_scores,maximum,prefix,complete,0,5000,0.6,0.0,instrument_error,2151398048,921666314,2151398048,arcA,yjiR,False,identifiable,alpA|basR|btsR|glaR|glrR|nsrR|ptrR|rcdA,5000,-0.04872497163932315,0.013602272877786195,1.54688629555667,-3.5821198469629043,-0.17734906741668208,5636,,,,[],0,,False,True,
csd-20260805_174708,paired_hierarchical,1,0,0,948c69fa52a0a115,arcA->ynaJ,shared_complete_observation_shared_scores,maximum,prefix,complete,0,5000,0.6,0.0,instrument_error,2151398048,921666314,2151398048,arcA,ynaJ,False,identifiable,alpA|basR|btsR|glaR|glrR|nsrR|ptrR|rcdA,5000,-0.09132944410430907,0.01229057913172957,1.2629324446763694,-7.43084952510752,-0.1860854586121763,5636,,,,[],0,,False,True,
csd-20260805_174708,paired_hierarchical,1,0,0,948c69fa52a0a115,argR->ydgI,shared_complete_observation_shared_scores,maximum,prefix,complete,0,5000,0.6,0.0,instrument_error,2151398048,921666314,2151398048,argR,ydgI,False,identifiable,alpA|basR|btsR|glaR|glrR|nsrR|ptrR|rcdA,5000,-0.4288360336671621,0.016256947777754188,1.2727228872967669,-26.378631433753892,-0.3698672621741682,5636,,,,[],0,,False,True,
csd-20260805_174708,paired_hierarchical,1,0,0,948c69fa52a0a115,argR->ykgA,shared_complete_observation_shared_scores,maximum,prefix,complete,0,5000,0.6,0.0,instrument_error,2151398048,921666314,2151398048,argR,ykgA,False,identifiable,alpA|basR|btsR|glaR|glrR|nsrR|ptrR|rcdA,5000,0.21596386986268462,0.014271171126142068,0.9807878121274026,15.132876479007384,0.22236250120683104,5636,,,,[],0,,False,True,
csd-20260805_174708,paired_hierarchical,1,0,0,948c69fa52a0a115,argR->yraQ,shared_complete_observation_shared_scores,maximum,prefix,complete,0,5000,0.6,0.0,instrument_error,2151398048,921666314,2151398048,argR,yraQ,False,identifiable,alpA|basR|btsR|glaR|glrR|nsrR|ptrR|rcdA,5000,0.15314740173866215,0.015882243095532367,1.2147293109498065,9.64268087432449,0.1616503587229533,5636,,,,[],0,,False,True,
csd-20260805_174708,paired_hierarchical,1,0,0,948c69fa52a0a115,betI->betA,shared_complete_observation_shared_scores,maximum,prefix,complete,0,5000,0.6,0.0,instrument_error,2151398048,921666314,2151398048,betI,betA,False,identifiable,arcA|cra|rpoD,5000,-0.20508029452595422,0.016912969010366843,0.9970607863910272,-12.125623502310551,-0.21466056743747447,5636,,,,[],0,,False,True,
csd-20260805_174708,paired_hierarchical,1,0,0,948c69fa52a0a115,betI->betB,shared_complete_observation_shared_scores,maximum,prefix,complete,0,5000,0.6,0.0,instrument_error,2151398048,921666314,2151398048,betI,betB,False,identifiable,arcA|cra|rpoD,5000,-0.16212092462641842,0.022524724755693983,1.7684831059590467,-7.19746529135439,-0.18018062579436583,5636,,,,[],0,,False,True,
csd-20260805_174708,paired_hierarchical,1,0,0,948c69fa52a0a115,betI->betT,shared_complete_observation_shared_scores,maximum,prefix,complete,0,5000,0.6,0.0,instrument_error,2151398048,921666314,2151398048,betI,betT,False,identifiable,arcA|cra|rpoD,5000,-0.524588756067601,0.016996009156142147,1.0068756605458191,-30.86540794654851,-0.5389478527460669,5636,,,,[],0,,False,True,
csd-20260805_174708,paired_hierarchical,1,0,0,948c69fa52a0a115,dpiA->appY,shared_complete_observation_shared_scores,maximum,prefix,complete,0,5000,0.6,0.0,instrument_error,2151398048,921666314,2151398048,dpiA,appY,False,identifiable,arcA|crp|dcuR|fnr|hns|narL|rpoD|rpoS,5000,-0.23028434985920768,0.007497606461990997,1.2182225730727048,-30.714382120031335,-0.22602512838082336,5636,,,,[],0,,False,True,
csd-20260805_174708,paired_hierarchical,1,0,0,948c69fa52a0a115,dpiA->citC,shared_complete_observation_shared_scores,maximum,prefix,complete,0,5000,0.6,0.0,instrument_error,2151398048,921666314,2151398048,dpiA,citC,False,identifiable,arcA|crp|dcuR|fnr|narL,5000,0.17068635088651396,0.00677474565900637,0.9965027488113312,25.194503155938104,0.17781174932189278,5636,,,,[],0,,False,True,
csd-20260805_174708,paired_hierarchical,1,0,0,948c69fa52a0a115,dpiA->citD,shared_complete_observation_shared_scores,maximum,prefix,complete,0,5000,0.6,0.0,instrument_error,2151398048,921666314,2151398048,dpiA,citD,False,identifiable,arcA|crp|dcuR|fnr|narL,5000,0.03672868191844504,0.008633967725978275,1.6185024165214195,4.2539748912813415,0.04264114791249831,5636,,,,[],0,,False,True,
csd-20260805_174708,paired_hierarchical,1,0,0,948c69fa52a0a115,dpiA->citE,shared_complete_observation_shared_scores,maximum,prefix,complete,0,5000,0.6,0.0,instrument_error,2151398048,921666314,2151398048,dpiA,citE,False,identifiable,arcA|crp|dcuR|fnr|narL,5000,0.3226706447089505,0.007001441458940143,1.0643082635571426,46.08631616807026,0.30994178376740544,5636,,,,[],0,,False,True,
csd-20260805_174708,paired_hierarchical,1,0,0,948c69fa52a0a115,dpiA->citF,shared_complete_observation_shared_scores,maximum,prefix,complete,0,5000,0.6,0.0,instrument_error,2151398048,921666314,2151398048,dpiA,citF,False,identifiable,arcA|crp|dcuR|fnr|narL,5000,0.13498461973636328,0.006755799823802002,0.9909370260286818,19.980553488394683,0.14972470683765604,5636,,,,[],0,,False,True,
csd-20260805_174708,paired_hierarchical,1,0,0,948c69fa52a0a115,dpiA->citG,shared_complete_observation_shared_scores,maximum,prefix,complete,0,5000,0.6,0.0,instrument_error,2151398048,921666314,2151398048,dpiA,citG,False,identifiable,arcA|crp|dcuR|fnr|narL,5000,0.1685576183769448,0.006804011672875752,1.0051308675161033,24.773270017878,0.17606824567250892,5636,,,,[],0,,False,True,
csd-20260805_174708,paired_hierarchical,1,0,0,948c69fa52a0a115,dpiA->citX,shared_complete_observation_shared_scores,maximum,prefix,complete,0,5000,0.6,0.0,instrument_error,2151398048,921666314,2151398048,dpiA,citX,False,identifiable,arcA|crp|dcuR|fnr|narL,5000,0.20356774081166482,0.007413570680115892,1.1932937753317876,27.45879814131381,0.19327511298437747,5636,,,,[],0,,False,True,
csd-20260805_174708,paired_hierarchical,1,0,0,948c69fa52a0a115,dpiA->dpiB,shared_complete_observation_shared_scores,maximum,prefix,complete,0,5000,0.6,0.0,instrument_error,2151398048,921666314,2151398048,dpiA,dpiB,False,identifiable,arcA|crp|dcuR|fnr|narL,5000,0.30952373199058797,0.007581756895293156,1.2480506768597297,40.82480304568245,0.3012453915616857,5636,,,,[],0,,False,True,
csd-20260805_174708,paired_hierarchical,1,0,0,948c69fa52a0a115,dpiA->exuT,shared_complete_observation_shared_scores,maximum,prefix,complete,0,5000,0.6,0.0,instrument_error,2151398048,921666314,2151398048,dpiA,exuT,False,identifiable,arcA|crp|dcuR|exuR|fnr|nac|narL,5000,0.1722305121066737,0.0073253043365547445,1.1644198439342448,23.511721041705904,0.1726797590099076,5636,,,,[],0,,False,True,
csd-20260805_174708,paired_hierarchical,1,0,0,948c69fa52a0a115,dpiA->mdh,shared_complete_observation_shared_scores,maximum,prefix,complete,0,5000,0.6,0.0,instrument_error,2151398048,921666314,2151398048,dpiA,mdh,False,identifiable,arcA|btsR|crp|dcuR|flhC|flhD|fnr|narL|rpoD,5000,0.13783109831051776,0.0070520237031150125,1.07090240856437,19.5449000333954,0.14886420806373624,5636,,,,[],0,,False,True,
csd-20260805_174708,paired_hierarchical,1,0,0,948c69fa52a0a115,fnr->argK,shared_complete_observation_shared_scores,maximum,prefix,complete,0,5000,0.6,0.0,instrument_error,2151398048,921666314,2151398048,fnr,argK,False,identifiable,alpA|basR|btsR|glaR|glrR|nsrR|ptrR|rcdA,5000,0.20132180341124828,0.012097896508307162,1.0352065934601427,16.641058490871394,0.1977815168247183,5636,,,,[],0,,False,True,
csd-20260805_174708,paired_hierarchical,1,0,0,948c69fa52a0a115,fnr->mltA,shared_complete_observation_shared_scores,maximum,prefix,complete,0,5000,0.6,0.0,instrument_error,2151398048,921666314,2151398048,fnr,mltA,False,identifiable,alpA|basR|btsR|glaR|glrR|nsrR|ptrR|rcdA,5000,0.28282887103870796,0.012368553077244127,1.0820444296508758,22.866771017788757,0.32673649728251336,5636,,,,[],0,,False,True,
csd-20260805_174708,paired_hierarchical,1,0,0,948c69fa52a0a115,fnr->nfeR,shared_complete_observation_shared_scores,maximum,prefix,complete,0,5000,0.6,0.0,instrument_error,2151398048,921666314,2151398048,fnr,nfeR,False,identifiable,alpA|basR|btsR|glaR|glrR|nsrR|ptrR|rcdA,5000,0.20371943115252733,0.010068974286260277,0.7170967644885301,20.232391637995818,0.23258389151304443,5636,,,,[],0,,False,True,
csd-20260805_174708,paired_hierarchical,1,0,0,948c69fa52a0a115,fnr->pepT,shared_complete_observation_shared_scores,maximum,prefix,complete,0,5000,0.6,0.0,instrument_error,2151398048,921666314,2151398048,fnr,pepT,False,identifiable,alpA|basR|btsR|glaR|glrR|nsrR|ptrR|rcdA,5000,0.1652922147787652,0.01364557012932598,1.3170148472295231,12.113250909431205,0.17697229410574208,5636,,,,[],0,,False,True,
csd-20260805_174708,paired_hierarchical,1,0,0,948c69fa52a0a115,fnr->pitA,shared_complete_observation_shared_scores,maximum,prefix,complete,0,5000,0.6,0.0,instrument_error,2151398048,921666314,2151398048,fnr,pitA,False,identifiable,alpA|basR|btsR|glaR|glrR|nsrR|ptrR|rcdA,5000,0.21943302292892755,0.011979296532751446,1.0150090870924446,18.317688549490093,0.22887619807371454,5636,,,,[],0,,False,True,
csd-20260805_174708,paired_hierarchical,1,0,0,948c69fa52a0a115,fnr->scpA,shared_complete_observation_shared_scores,maximum,prefix,complete,0,5000,0.6,0.0,instrument_error,2151398048,921666314,2151398048,fnr,scpA,False,identifiable,alpA|basR|btsR|glaR|glrR|nsrR|ptrR|rcdA,5000,0.4310146335966324,0.012791294805698248,1.157274320070802,33.69593462927808,0.43968753208038924,5636,,,,[],0,,False,True,
csd-20260805_174708,paired_hierarchical,1,0,0,948c69fa52a0a115,fnr->scpC,shared_complete_observation_shared_scores,maximum,prefix,complete,0,5000,0.6,0.0,instrument_error,2151398048,921666314,2151398048,fnr,scpC,False,identifiable,alpA|basR|btsR|glaR|glrR|nsrR|ptrR|rcdA,5000,0.24472272904372472,0.01208326228066202,1.0327036316984635,20.25303459938774,0.29044358074184945,5636,,,,[],0,,False,True,
csd-20260805_174708,paired_hierarchical,1,0,0,948c69fa52a0a115,fnr->ydfO,shared_complete_observation_shared_scores,maximum,prefix,complete,0,5000,0.6,0.0,instrument_error,2151398048,921666314,2151398048,fnr,ydfO,False,identifiable,alpA|basR|btsR|glaR|glrR|nsrR|ptrR|rcdA,5000,0.1306826229707945,0.012799388714171798,1.1587393532971288,10.210067518779196,0.1418037645634853,5636,,,,[],0,,False,True,
csd-20260805_174708,paired_hierarchical,1,0,0,948c69fa52a0a115,fnr->ydfZ,shared_complete_observation_shared_scores,maximum,prefix,complete,0,5000,0.6,0.0,instrument_error,2151398048,921666314,2151398048,fnr,ydfZ,False,identifiable,alpA|basR|btsR|glaR|glrR|nsrR|ptrR|rcdA,5000,0.20595511949866346,0.011766831446511979,0.9793239246991535,17.50302283455538,0.2038839986761103,5636,,,,[],0,,False,True,
csd-20260805_174708,paired_hierarchical,1,0,0,948c69fa52a0a115,fnr->yffS,shared_complete_observation_shared_scores,maximum,prefix,complete,0,5000,0.6,0.0,instrument_error,2151398048,921666314,2151398048,fnr,yffS,False,identifiable,alpA|basR|btsR|glaR|glrR|nsrR|ptrR|rcdA,5000,0.3511479936465218,0.013744304641794061,1.3361427049246308,25.548618340337228,0.33496546352192597,5636,,,,[],0,,False,True,
csd-20260805_174708,paired_hierarchical,1,0,0,948c69fa52a0a115,fnr->ygbA,shared_complete_observation_shared_scores,maximum,prefix,complete,0,5000,0.6,0.0,instrument_error,2151398048,921666314,2151398048,fnr,ygbA,False,identifiable,alpA|basR|btsR|glaR|glrR|nsrR|ptrR|rcdA,5000,-0.1911027708812144,0.011806240765673846,0.9858947877846093,-16.18658933644973,-0.20266343933175796,5636,,,,[],0,,False,True,
csd-20260805_174708,paired_hierarchical,1,0,0,948c69fa52a0a115,glcC->glcA,shared_complete_observation_shared_scores,maximum,prefix,complete,0,5000,0.6,0.0,instrument_error,2151398048,921666314,2151398048,glcC,glcA,False,identifiable,arcA|cra|crp|fis|ihfA|ihfB|lrp|nac|pdhR|rpoD,5000,0.34309794642505476,0.015666335383120785,0.9837499394568,21.900332019874615,0.30233683076042495,5636,,,,[],0,,False,True,
csd-20260805_174708,paired_hierarchical,1,0,0,948c69fa52a0a115,glcC->glcB,shared_complete_observation_shared_scores,maximum,prefix,complete,0,5000,0.6,0.0,instrument_error,2151398048,921666314,2151398048,glcC,glcB,False,identifiable,arcA|cra|crp|fis|ihfA|ihfB|pdhR|rpoD,5000,0.19532155519079122,0.01601967664875196,1.032206728381604,12.192602851694144,0.1965979298797187,5636,,,,[],0,,False,True,
csd-20260805_174708,paired_hierarchical,1,0,0,948c69fa52a0a115,glcC->glcD,shared_complete_observation_shared_scores,maximum,prefix,complete,0,5000,0.6,0.0,instrument_error,2151398048,921666314,2151398048,glcC,glcD,False,identifiable,arcA|cra|crp|fis|ihfA|ihfB|lldR|pdhR|rpoD,5000,0.27489046712191384,0.016013182483746953,1.0310602633777415,17.166510617169443,0.2685329555053546,5636,,,,[],0,,False,True,
csd-20260805_174708,paired_hierarchical,1,0,0,948c69fa52a0a115,glcC->glcE,shared_complete_observation_shared_scores,maximum,prefix,complete,0,5000,0.6,0.0,instrument_error,2151398048,921666314,2151398048,glcC,glcE,False,identifiable,arcA|cra|crp|fis|ihfA|ihfB|pdhR|rpoD,5000,0.31299334582977967,0.015637826269021233,0.9835851473708297,20.015144077270136,0.31333145083269404,5636,,,,[],0,,False,True,
csd-20260805_174708,paired_hierarchical,1,0,0,948c69fa52a0a115,glcC->glcF,shared_complete_observation_shared_scores,maximum,prefix,complete,0,5000,0.6,0.0,instrument_error,2151398048,921666314,2151398048,glcC,glcF,False,identifiable,arcA|cra|crp|fis|ihfA|ihfB|pdhR|rpoD,5000,0.245179333221428,0.0164172914499848,1.0840821919290418,14.93421335476474,0.2544997996209487,5636,,,,[],0,,False,True,
csd-20260805_174708,paired_hierarchical,1,0,0,948c69fa52a0a115,glcC->glcG,shared_complete_observation_shared_scores,maximum,prefix,complete,0,5000,0.6,0.0,instrument_error,2151398048,921666314,2151398048,glcC,glcG,False,identifiable,arcA|cra|crp|fis|ihfA|ihfB|pdhR|rpoD,5000,0.2705947959566497,0.01646453653291768,1.0903306342160877,16.43500838396801,0.24781213664536125,5636,,,,[],0,,False,True,
csd-20260805_174708,paired_hierarchical,1,0,0,948c69fa52a0a115,lldR->yfdY,shared_complete_observation_shared_scores,maximum,prefix,complete,0,5000,0.6,0.0,instrument_error,2151398048,921666314,2151398048,lldR,yfdY,False,identifiable,alpA|basR|btsR|glaR|glrR|nsrR|ptrR|rcdA,5000,0.37348737269020793,0.02227820674672677,1.5649521307337766,16.764696410992894,0.34834857786370516,5636,,,,[],0,,False,True,
csd-20260805_174708,paired_hierarchical,1,0,0,948c69fa52a0a115,lldR->yhcO,shared_complete_observation_shared_scores,maximum,prefix,complete,0,5000,0.6,0.0,instrument_error,2151398048,921666314,2151398048,lldR,yhcO,False,identifiable,alpA|basR|btsR|glaR|glrR|nsrR|ptrR|rcdA,5000,0.19665093185701743,0.021901591506660375,1.5124880320444134,8.97884209908741,0.2685176312272055,5636,,,,[],0,,False,True,
csd-20260805_174708,paired_hierarchical,1,0,0,948c69fa52a0a115,putA->putP,shared_complete_observation_shared_scores,maximum,prefix,complete,0,5000,0.6,0.0,instrument_error,2151398048,921666314,2151398048,putA,putP,False,identifiable,arcA|basR|crp|marA|rpoD|yeiE,5000,-0.10598328571242902,0.024295775678704112,1.2169362400282968,-4.3622104152585734,-0.12576088034182528,5636,,,,[],0,,False,True,
csd-20260805_174708,paired_hierarchical,1,0,0,948c69fa52a0a115,puuR->puuA,shared_complete_observation_shared_scores,maximum,prefix,complete,0,5000,0.6,0.0,instrument_error,2151398048,921666314,2151398048,puuR,puuA,False,identifiable,acrR|arcA|crp|fnr|ptrR|rpoS,5000,-0.5436415079187438,0.017371566481412564,1.0420935365164705,-31.294904146982702,-0.5110470577224066,5636,,,,[],0,,False,True,
csd-20260805_174708,paired_hierarchical,1,0,0,948c69fa52a0a115,puuR->puuB,shared_complete_observation_shared_scores,maximum,prefix,complete,0,5000,0.6,0.0,instrument_error,2151398048,921666314,2151398048,puuR,puuB,False,identifiable,arcA|argR|crp|fimZ|ptrR|rpoS,5000,-0.24133157905847233,0.021387478903670442,1.5797569816785648,-11.283778707412582,-0.24459274973556394,5636,,,,[],0,,False,True,
csd-20260805_174708,paired_hierarchical,1,0,0,948c69fa52a0a115,puuR->puuC,shared_complete_observation_shared_scores,maximum,prefix,complete,0,5000,0.6,0.0,instrument_error,2151398048,921666314,2151398048,puuR,puuC,False,identifiable,arcA|crp|fimZ|ptrR|rpoS,5000,-0.08426713877242092,0.016880881622732945,0.9841964862275702,-4.99186835472746,-0.09007042845083608,5636,,,,[],0,,False,True,
csd-20260805_174708,paired_hierarchical,1,0,0,948c69fa52a0a115,puuR->puuD,shared_complete_observation_shared_scores,maximum,prefix,complete,0,5000,0.6,0.0,instrument_error,2151398048,921666314,2151398048,puuR,puuD,False,identifiable,arcA|crp|fimZ|rpoS,5000,-0.2634701731135475,0.023115093427277755,1.8455830748600428,-11.398187679511194,-0.2645895818098313,5636,,,,[],0,,False,True,
csd-20260805_174708,paired_hierarchical,1,0,0,948c69fa52a0a115,puuR->puuE,shared_complete_observation_shared_scores,maximum,prefix,complete,0,5000,0.6,0.0,instrument_error,2151398048,921666314,2151398048,puuR,puuE,False,identifiable,arcA|crp|ptrR|rpoS|spf,5000,-0.12674705846060408,0.01692543002433574,0.9893962357065065,-7.4885576483648855,-0.1303789635247932,5636,,,,[],0,,False,True,
csd-20260805_174708,paired_hierarchical,1,0,0,948c69fa52a0a115,puuR->puuP,shared_complete_observation_shared_scores,maximum,prefix,complete,0,5000,0.6,0.0,instrument_error,2151398048,921666314,2151398048,puuR,puuP,False,identifiable,arcA|crp|fnr|rpoN|rpoS,5000,-0.4390487789279617,0.0193050084243646,1.2869478431028905,-22.74273956668384,-0.474616085220482,5636,,,,[],0,,False,True,
csd-20260805_174708,paired_hierarchical,1,0,0,948c69fa52a0a115,puuR->ymjE,shared_complete_observation_shared_scores,maximum,prefix,complete,0,5000,0.6,0.0,instrument_error,2151398048,921666314,2151398048,puuR,ymjE,False,identifiable,arcA|crp|fnr|rpoN|rpoS,5000,-0.2616047727389315,0.021136275353932116,1.5426871839872283,-12.377051697060878,-0.23533352603194857,5636,,,,[],0,,False,True,
csd-20260805_174708,paired_hierarchical,1,0,0,948c69fa52a0a115,rplD->rplB,shared_complete_observation_shared_scores,maximum,prefix,complete,0,5000,0.6,0.0,instrument_error,2151398048,921666314,2151398048,rplD,rplB,False,identifiable,arcA|dksA|fnr|rpoD,5000,-0.2605210720907677,0.015135969235901254,1.2906908376637842,-17.2120508459302,-0.2541732825490622,5636,,,,[],0,,False,True,
csd-20260805_174708,paired_hierarchical,1,0,0,948c69fa52a0a115,rplD->rplC,shared_complete_observation_shared_scores,maximum,prefix,complete,0,5000,0.6,0.0,instrument_error,2151398048,921666314,2151398048,rplD,rplC,False,identifiable,arcA|dksA|fnr|rpoD,5000,-0.28202862566782716,0.015483188118697542,1.3505869072166954,-18.215152041409908,-0.3032905715978973,5636,,,,[],0,,False,True,
csd-20260805_174708,paired_hierarchical,1,0,0,948c69fa52a0a115,rplD->rplP,shared_complete_observation_shared_scores,maximum,prefix,complete,0,5000,0.6,0.0,instrument_error,2151398048,921666314,2151398048,rplD,rplP,False,identifiable,arcA|dksA|fnr|rpoD,5000,-0.11784686584436085,0.014677116582417923,1.2136214457890124,-8.029292755331282,-0.09480065677429689,5636,,,,[],0,,False,True,
csd-20260805_174708,paired_hierarchical,1,0,0,948c69fa52a0a115,rplD->rplV,shared_complete_observation_shared_scores,maximum,prefix,complete,0,5000,0.6,0.0,instrument_error,2151398048,921666314,2151398048,rplD,rplV,False,identifiable,arcA|dksA|fnr|rpoD,5000,-0.48993644932346925,0.017432457102042262,1.712059937144877,-28.104841816365163,-0.3201256345710475,5636,,,,[],0,,False,True,
csd-20260805_174708,paired_hierarchical,1,0,0,948c69fa52a0a115,rplD->rplW,shared_complete_observation_shared_scores,maximum,prefix,complete,0,5000,0.6,0.0,instrument_error,2151398048,921666314,2151398048,rplD,rplW,False,identifiable,arcA|dksA|fnr|rpoD,5000,-0.35435873753902003,0.017389022960116896,1.7035391399820063,-20.37830062975763,-0.30372173917878614,5636,,,,[],0,,False,True,
csd-20260805_174708,paired_hierarchical,1,0,0,948c69fa52a0a115,rplD->rpmC,shared_complete_observation_shared_scores,maximum,prefix,complete,0,5000,0.6,0.0,instrument_error,2151398048,921666314,2151398048,rplD,rpmC,False,identifiable,arcA|dksA|fnr|rpoD,5000,-0.5895450641129021,0.016177050500871915,1.474349466336872,-36.44329750229355,-0.6070373324518026,5636,,,,[],0,,False,True,
csd-20260805_174708,paired_hierarchical,1,0,0,948c69fa52a0a115,rplD->rpsC,shared_complete_observation_shared_scores,maximum,prefix,complete,0,5000,0.6,0.0,instrument_error,2151398048,921666314,2151398048,rplD,rpsC,False,identifiable,arcA|dksA|fnr|rpoD,5000,-0.39619207363243625,0.013604669203244261,1.0427440663409209,-29.121771923565596,-0.3890815703589862,5636,,,,[],0,,False,True,
csd-20260805_174708,paired_hierarchical,1,0,0,948c69fa52a0a115,rplD->rpsJ,shared_complete_observation_shared_scores,maximum,prefix,complete,0,5000,0.6,0.0,instrument_error,2151398048,921666314,2151398048,rplD,rpsJ,False,identifiable,arcA|dksA|fnr|rpoD,5000,-0.16401447447258596,0.0142659122116841,1.1465707246276637,-11.496949654453534,-0.22595998700838799,5636,,,,[],0,,False,True,
csd-20260805_174708,paired_hierarchical,1,0,0,948c69fa52a0a115,rplD->rpsQ,shared_complete_observation_shared_scores,maximum,prefix,complete,0,5000,0.6,0.0,instrument_error,2151398048,921666314,2151398048,rplD,rpsQ,False,identifiable,arcA|dksA|fnr|rpoD,5000,-0.42909105007122544,0.014969691199632394,1.26248851999371,-28.663988077573872,-0.376353614480213,5636,,,,[],0,,False,True,
csd-20260805_174708,paired_hierarchical,1,0,0,948c69fa52a0a115,rplD->rpsS,shared_complete_observation_shared_scores,maximum,prefix,complete,0,5000,0.6,0.0,instrument_error,2151398048,921666314,2151398048,rplD,rpsS,False,identifiable,arcA|dksA|fnr|rpoD,5000,-0.3787567156270928,0.013365177595910464,1.006355031849711,-28.339070910886097,-0.37170578143217253,5636,,,,[],0,,False,True,
csd-20260805_174708,paired_hierarchical,1,0,0,948c69fa52a0a115,rplD->tnaA,shared_complete_observation_shared_scores,maximum,prefix,complete,0,5000,0.6,0.0,instrument_error,2151398048,921666314,2151398048,rplD,tnaA,False,identifiable,arcA|crp|dksA|fnr|nac|rpoD|torR|zraR,5000,-0.6511783159073201,0.015603938810816745,1.3623022882794,-41.7316629988269,-0.6144968544098472,5636,,,,[],0,,False,True,
csd-20260805_174708,paired_hierarchical,1,0,0,948c69fa52a0a115,rpoS->blr,shared_complete_observation_shared_scores,maximum,prefix,complete,0,5000,0.6,0.0,instrument_error,2151398048,921666314,2151398048,rpoS,blr,False,identifiable,alpA|basR|btsR|glaR|glrR|nsrR|ptrR|rcdA,5000,0.3544008862008948,0.009421965931497033,1.2237370908197804,37.61432473621616,0.34637069953431376,5636,,,,[],0,,False,True,
csd-20260805_174708,paired_hierarchical,1,0,0,948c69fa52a0a115,rpoS->dkgB,shared_complete_observation_shared_scores,maximum,prefix,complete,0,5000,0.6,0.0,instrument_error,2151398048,921666314,2151398048,rpoS,dkgB,False,identifiable,alpA|basR|btsR|glaR|glrR|nsrR|ptrR|rcdA,5000,0.4722723039669701,0.010510408558257538,1.5228048827180503,44.93377220773476,0.597545964987982,5636,,,,[],0,,False,True,
csd-20260805_174708,paired_hierarchical,1,0,0,948c69fa52a0a115,rpoS->fic,shared_complete_observation_shared_scores,maximum,prefix,complete,0,5000,0.6,0.0,instrument_error,2151398048,921666314,2151398048,rpoS,fic,False,identifiable,alpA|basR|btsR|glaR|glrR|nsrR|ptrR|rcdA,5000,0.35362526319547927,0.010226734570588881,1.4417137245368659,34.578511914494385,0.30577370267942516,5636,,,,[],0,,False,True,
csd-20260805_174708,paired_hierarchical,1,0,0,948c69fa52a0a115,rpoS->insCD5,shared_complete_observation_shared_scores,maximum,prefix,complete,0,5000,0.6,0.0,instrument_error,2151398048,921666314,2151398048,rpoS,insCD5,False,identifiable,alpA|basR|btsR|glaR|glrR|nsrR|ptrR|rcdA,5000,0.246670147983625,0.008728318172921906,1.050185947524863,28.260902397998773,0.24092469720417578,5636,,,,[],0,,False,True,
csd-20260805_174708,paired_hierarchical,1,0,0,948c69fa52a0a115,rpoS->insD5,shared_complete_observation_shared_scores,maximum,prefix,complete,0,5000,0.6,0.0,instrument_error,2151398048,921666314,2151398048,rpoS,insD5,False,identifiable,alpA|basR|btsR|glaR|glrR|nsrR|ptrR|rcdA,5000,0.18122890937652494,0.00919091683635022,1.1644550728921061,19.718262345684792,0.204829158547348,5636,,,,[],0,,False,True,
csd-20260805_174708,paired_hierarchical,1,0,0,948c69fa52a0a115,rpoS->insI1,shared_complete_observation_shared_scores,maximum,prefix,complete,0,5000,0.6,0.0,instrument_error,2151398048,921666314,2151398048,rpoS,insI1,False,identifiable,alpA|basR|btsR|glaR|glrR|nsrR|ptrR|rcdA,5000,0.1765211495840491,0.008581557026713212,1.0151664350275333,20.56982771711042,0.16083157634906886,5636,,,,[],0,,False,True,
csd-20260805_174708,paired_hierarchical,1,0,0,948c69fa52a0a115,rpoS->insN,shared_complete_observation_shared_scores,maximum,prefix,complete,0,5000,0.6,0.0,instrument_error,2151398048,921666314,2151398048,rpoS,insN,False,identifiable,alpA|basR|btsR|glaR|glrR|nsrR|ptrR|rcdA,5000,0.2188130667130288,0.009966044240953022,1.369148912661936,21.955859458647595,0.26713678081457704,5636,,,,[],0,,False,True,
csd-20260805_174708,paired_hierarchical,1,0,0,948c69fa52a0a115,rpoS->ldcC,shared_complete_observation_shared_scores,maximum,prefix,complete,0,5000,0.6,0.0,instrument_error,2151398048,921666314,2151398048,rpoS,ldcC,False,identifiable,alpA|basR|btsR|glaR|glrR|nsrR|ptrR|rcdA,5000,0.17884063854352047,0.009219413799218514,1.1716871863212395,19.398265707379352,0.19155331852175203,5636,,,,[],0,,False,True,
csd-20260805_174708,paired_hierarchical,1,0,0,948c69fa52a0a115,rpoS->msyB,shared_complete_observation_shared_scores,maximum,prefix,complete,0,5000,0.6,0.0,instrument_error,2151398048,921666314,2151398048,rpoS,msyB,False,identifiable,alpA|basR|btsR|glaR|glrR|nsrR|ptrR|rcdA,5000,0.16443026504693112,0.008695670236822087,1.0423442809982533,18.909441201052683,0.17313124200895647,5636,,,,[],0,,False,True,
csd-20260805_174708,paired_hierarchical,1,0,0,948c69fa52a0a115,rpoS->otsA,shared_complete_observation_shared_scores,maximum,prefix,complete,0,5000,0.6,0.0,instrument_error,2151398048,921666314,2151398048,rpoS,otsA,False,identifiable,alpA|basR|btsR|glaR|glrR|nsrR|ptrR|rcdA,5000,0.3072561599901709,0.008957982542176616,1.10617919961857,34.29970515610244,0.28900509663115753,5636,,,,[],0,,False,True,
csd-20260805_174708,paired_hierarchical,1,0,0,948c69fa52a0a115,rpoS->otsB,shared_complete_observation_shared_scores,maximum,prefix,complete,0,5000,0.6,0.0,instrument_error,2151398048,921666314,2151398048,rpoS,otsB,False,identifiable,alpA|basR|btsR|glaR|glrR|nsrR|ptrR|rcdA,5000,0.45082857716994595,0.00855438661347167,1.008748292854881,52.7014498573129,0.4551570088662038,5636,,,,[],0,,False,True,
csd-20260805_174708,paired_hierarchical,1,0,0,948c69fa52a0a115,rpoS->rssA,shared_complete_observation_shared_scores,maximum,prefix,complete,0,5000,0.6,0.0,instrument_error,2151398048,921666314,2151398048,rpoS,rssA,False,identifiable,alpA|basR|btsR|glaR|glrR|nsrR|ptrR|rcdA,5000,0.2963347636148947,0.008734950952718468,1.0517826580592524,33.92517773928314,0.3012744359731392,5636,,,,[],0,,False,True,
csd-20260805_174708,paired_hierarchical,1,0,0,948c69fa52a0a115,rpoS->rssB,shared_complete_observation_shared_scores,maximum,prefix,complete,0,5000,0.6,0.0,instrument_error,2151398048,921666314,2151398048,rpoS,rssB,False,identifiable,alpA|basR|btsR|glaR|glrR|nsrR|ptrR|rcdA,5000,0.22260470392575166,0.008511165102211839,0.9985805314703445,26.15443376464431,0.20480968517641857,5636,,,,[],0,,False,True,
csd-20260805_174708,paired_hierarchical,1,0,0,948c69fa52a0a115,rpoS->treF,shared_complete_observation_shared_scores,maximum,prefix,complete,0,5000,0.6,0.0,instrument_error,2151398048,921666314,2151398048,rpoS,treF,False,identifiable,alpA|basR|btsR|glaR|glrR|nsrR|ptrR|rcdA,5000,0.20412925198542423,0.010046398879128239,1.3913163824271697,20.31864894489808,0.16981650165260115,5636,,,,[],0,,False,True,
csd-20260805_174708,paired_hierarchical,1,0,0,948c69fa52a0a115,rpoS->yabI,shared_complete_observation_shared_scores,maximum,prefix,complete,0,5000,0.6,0.0,instrument_error,2151398048,921666314,2151398048,rpoS,yabI,False,identifiable,alpA|basR|btsR|glaR|glrR|nsrR|ptrR|rcdA,5000,0.3323996892252237,0.009286512118605959,1.1888041814142265,35.79381418770191,0.2963998105638275,5636,,,,[],0,,False,True,
csd-20260805_174708,paired_hierarchical,1,0,0,948c69fa52a0a115,rpoS->ydbD,shared_complete_observation_shared_scores,maximum,prefix,complete,0,5000,0.6,0.0,instrument_error,2151398048,921666314,2151398048,rpoS,ydbD,False,identifiable,alpA|basR|btsR|glaR|glrR|nsrR|ptrR|rcdA,5000,0.298099683316794,0.008692493568405681,1.0415828497911777,34.29392049253704,0.29980659014642375,5636,,,,[],0,,False,True,
csd-20260805_174708,paired_hierarchical,1,0,0,948c69fa52a0a115,rpoS->yffO,shared_complete_observation_shared_scores,maximum,prefix,complete,0,5000,0.6,0.0,instrument_error,2151398048,921666314,2151398048,rpoS,yffO,False,identifiable,alpA|basR|btsR|glaR|glrR|nsrR|ptrR|rcdA,5000,0.4158695307904521,0.008781437501756204,1.063007414838757,47.35779656887407,0.4127246733676128,5636,,,,[],0,,False,True,
csd-20260805_174708,paired_hierarchical,1,0,0,948c69fa52a0a115,rpoS->yffP,shared_complete_observation_shared_scores,maximum,prefix,complete,0,5000,0.6,0.0,instrument_error,2151398048,921666314,2151398048,rpoS,yffP,False,identifiable,alpA|basR|btsR|glaR|glrR|nsrR|ptrR|rcdA,5000,0.24209642478159954,0.008512480001699407,0.9988890989671164,28.44017545219115,0.24404854037342955,5636,,,,[],0,,False,True,
csd-20260805_174708,paired_hierarchical,1,0,0,948c69fa52a0a115,rpoS->yggE,shared_complete_observation_shared_scores,maximum,prefix,complete,0,5000,0.6,0.0,instrument_error,2151398048,921666314,2151398048,rpoS,yggE,False,identifiable,alpA|basR|btsR|glaR|glrR|nsrR|ptrR|rcdA,5000,0.4945067397852885,0.008901477769787553,1.09226819402699,55.553330870935895,0.38694161199262195,5636,,,,[],0,,False,True,
csd-20260805_174708,paired_hierarchical,1,0,0,948c69fa52a0a115,rpoS->yhfG,shared_complete_observation_shared_scores,maximum,prefix,complete,0,5000,0.6,0.0,instrument_error,2151398048,921666314,2151398048,rpoS,yhfG,False,identifiable,alpA|basR|btsR|glaR|glrR|nsrR|ptrR|rcdA,5000,0.1560629514122954,0.008573104743392465,1.0131676721710023,18.203784519555477,0.15905601296740424,5636,,,,[],0,,False,True,
csd-20260805_174708,paired_hierarchical,1,0,0,948c69fa52a0a115,rpoS->yhjG,shared_complete_observation_shared_scores,maximum,prefix,complete,0,5000,0.6,0.0,instrument_error,2151398048,921666314,2151398048,rpoS,yhjG,False,identifiable,alpA|basR|btsR|glaR|glrR|nsrR|ptrR|rcdA,5000,0.12158042722479953,0.009122323420575755,1.1471388691298188,13.327791793762778,0.20774836592242674,5636,,,,[],0,,False,True,
csd-20260805_174708,paired_hierarchical,1,0,0,948c69fa52a0a115,rpoS->yihG,shared_complete_observation_shared_scores,maximum,prefix,complete,0,5000,0.6,0.0,instrument_error,2151398048,921666314,2151398048,rpoS,yihG,False,identifiable,alpA|basR|btsR|glaR|glrR|nsrR|ptrR|rcdA,5000,0.14783166214228555,0.009287329102152903,1.1890133613876372,15.917564728918304,0.15820298425230417,5636,,,,[],0,,False,True,
csd-20260805_174708,paired_hierarchical,1,0,0,948c69fa52a0a115,rpoS->yqiH,shared_complete_observation_shared_scores,maximum,prefix,complete,0,5000,0.6,0.0,instrument_error,2151398048,921666314,2151398048,rpoS,yqiH,False,identifiable,alpA|basR|btsR|glaR|glrR|nsrR|ptrR|rcdA,5000,0.14963990043394967,0.00872485730280369,1.0493532930495646,17.150985424811893,0.1575354915733999,5636,,,,[],0,,False,True,
csd-20260805_174708,paired_hierarchical,1,0,0,948c69fa52a0a115,rpoS->yqiI,shared_complete_observation_shared_scores,maximum,prefix,complete,0,5000,0.6,0.0,instrument_error,2151398048,921666314,2151398048,rpoS,yqiI,False,identifiable,alpA|basR|btsR|glaR|glrR|nsrR|ptrR|rcdA,5000,0.15084625715660172,0.009099362865856319,1.141371523140895,16.57767245689525,0.2424237181190371,5636,,,,[],0,,False,True,
csd-20260805_174708,paired_hierarchical,1,0,0,948c69fa52a0a115,xylR->araC,shared_complete_observation_shared_scores,maximum,prefix,complete,0,5000,0.6,0.0,instrument_error,2151398048,921666314,2151398048,xylR,araC,False,identifiable,arcA|crp|dicF|fis|rpoD,5000,-0.17455626267997942,0.014666758042090283,1.6492959144315706,-11.90148921657004,-0.20467001088289408,5636,,,,[],0,,False,True,
csd-20260805_174708,paired_hierarchical,1,0,0,948c69fa52a0a115,xylR->xylA,shared_complete_observation_shared_scores,maximum,prefix,complete,0,5000,0.6,0.0,instrument_error,2151398048,921666314,2151398048,xylR,xylA,False,identifiable,arcA|crp|dicF|fis|rpoD,5000,0.15617201411212617,0.012035619246312775,1.1106243947506163,12.975818768940446,0.1433933490584182,5636,,,,[],0,,False,True,
csd-20260805_174708,paired_hierarchical,1,0,0,948c69fa52a0a115,xylR->xylB,shared_complete_observation_shared_scores,maximum,prefix,complete,0,5000,0.6,0.0,instrument_error,2151398048,921666314,2151398048,xylR,xylB,False,identifiable,arcA|crp|dicF|fis|rpoD,5000,0.26921900131069026,0.013877861367879283,1.476642683353391,19.399170677248986,0.27296258513270716,5636,,,,[],0,,False,True,
csd-20260805_174708,paired_hierarchical,1,0,0,948c69fa52a0a115,xylR->xylE,shared_complete_observation_shared_scores,maximum,prefix,complete,0,5000,0.6,0.0,instrument_error,2151398048,921666314,2151398048,xylR,xylE,False,identifiable,arcA|cpxR|crp|dicF|fis|rpoD,5000,0.20947516517378398,0.011411905783764659,0.9981738055438988,18.355844250992448,0.20473900348005025,5636,,,,[],0,,False,True,
csd-20260805_174708,paired_hierarchical,1,0,0,948c69fa52a0a115,xylR->xylF,shared_complete_observation_shared_scores,maximum,prefix,complete,0,5000,0.6,0.0,instrument_error,2151398048,921666314,2151398048,xylR,xylF,False,identifiable,arcA|crp|dicF|fis|spf,5000,0.1745079428632058,0.013816475857175369,1.4639844497844492,12.630423609257628,0.20873806264448236,5636,,,,[],0,,False,True,
csd-20260805_174708,paired_hierarchical,1,0,0,948c69fa52a0a115,xylR->xylG,shared_complete_observation_shared_scores,maximum,prefix,complete,0,5000,0.6,0.0,instrument_error,2151398048,921666314,2151398048,xylR,xylG,False,identifiable,arcA|crp|dicF|fis,5000,0.2805478966092519,0.012771778302622562,1.2520658823340154,21.966236021466493,0.2939627938316982,5636,,,,[],0,,False,True,
csd-20260805_174708,paired_hierarchical,1,0,0,948c69fa52a0a115,xylR->xylH,shared_complete_observation_shared_scores,maximum,prefix,complete,0,5000,0.6,0.0,instrument_error,2151398048,921666314,2151398048,xylR,xylH,False,identifiable,arcA|crp|dicF|fis,5000,0.07046850735926469,0.01355119389927233,1.4095469883406115,5.200169659076954,0.0829095431285229,5636,,,,[],0,,False,True,
csd-20260805_174708,paired_hierarchical,1,0,0,948c69fa52a0a115,argP->asd,shared_complete_observation_shared_scores,maximum,prefix,complete,0,5000,0.6,0.0,instrument_error,2151398048,921666314,2151398048,argP,asd,False,identifiable,alpA|basR|btsR|glaR|glrR|nsrR|ptrR|rcdA,5000,0.09012596113818874,0.02531653873943112,2.671243485195897,3.5599637875384356,0.2640199787466885,5636,,,,[],0,,False,True,
csd-20260805_174708,paired_hierarchical,1,0,0,948c69fa52a0a115,lrp->alaS,shared_complete_observation_shared_scores,maximum,prefix,complete,0,5000,0.6,0.0,instrument_error,2151398048,921666314,2151398048,lrp,alaS,False,identifiable,alpA|basR|btsR|glaR|glrR|nsrR|ptrR|rcdA,5000,-0.2734475638779227,0.014027278623209613,0.9687876757120754,-19.49398534263623,-0.2984314882437418,5636,,,,[],0,,False,True,
csd-20260805_174708,paired_hierarchical,1,0,0,948c69fa52a0a115,lrp->amiC,shared_complete_observation_shared_scores,maximum,prefix,complete,0,5000,0.6,0.0,instrument_error,2151398048,921666314,2151398048,lrp,amiC,False,identifiable,alpA|basR|btsR|glaR|glrR|nsrR|ptrR|rcdA,5000,-0.0889614988792618,0.014378743225847354,1.01794336238583,-6.187014920702098,-0.11942912083351727,5636,,,,[],0,,False,True,
csd-20260805_174708,paired_hierarchical,1,0,0,948c69fa52a0a115,lrp->aphA,shared_complete_observation_shared_scores,maximum,prefix,complete,0,5000,0.6,0.0,instrument_error,2151398048,921666314,2151398048,lrp,aphA,False,identifiable,alpA|basR|btsR|glaR|glrR|nsrR|ptrR|rcdA,5000,-0.33509637654749935,0.015176857800690774,1.1340846925263144,-22.079430468950395,-0.3293697709755861,5636,,,,[],0,,False,True,
csd-20260805_174708,paired_hierarchical,1,0,0,948c69fa52a0a115,lrp->arcB,shared_complete_observation_shared_scores,maximum,prefix,complete,0,5000,0.6,0.0,instrument_error,2151398048,921666314,2151398048,lrp,arcB,False,identifiable,alpA|basR|btsR|glaR|glrR|nsrR|ptrR|rcdA,5000,-0.11548024241853808,0.019494300143084974,1.871100243172616,-5.923795241220869,-0.13029411352903222,5636,,,,[],0,,False,True,
csd-20260805_174708,paired_hierarchical,1,0,0,948c69fa52a0a115,lrp->aspS,shared_complete_observation_shared_scores,maximum,prefix,complete,0,5000,0.6,0.0,instrument_error,2151398048,921666314,2151398048,lrp,aspS,False,identifiable,alpA|basR|btsR|glaR|glrR|nsrR|ptrR|rcdA,5000,-0.3890032036764086,0.01561379886065792,1.2003251872560832,-24.914065253945328,-0.42847057643892905,5636,,,,[],0,,False,True,
csd-20260805_174708,paired_hierarchical,1,0,0,948c69fa52a0a115,lrp->avtA,shared_complete_observation_shared_scores,maximum,prefix,complete,0,5000,0.6,0.0,instrument_error,2151398048,921666314,2151398048,lrp,avtA,False,identifiable,alpA|basR|btsR|glaR|glrR|nsrR|ptrR|rcdA,5000,-0.6503371192932204,0.01437041923227214,1.0167651090124898,-45.25526421892663,-0.64279664122837,5636,,,,[],0,,False,True,
csd-20260805_174708,paired_hierarchical,1,0,0,948c69fa52a0a115,lrp->brnQ,shared_complete_observation_shared_scores,maximum,prefix,complete,0,5000,0.6,0.0,instrument_error,2151398048,921666314,2151398048,lrp,brnQ,False,identifiable,alpA|basR|btsR|glaR|glrR|nsrR|ptrR|rcdA,5000,0.1691887286230889,0.01905060323164924,1.7868957772983234,8.881016866805112,-0.0750326826155182,5636,,,,[],0,,False,True,
csd-20260805_174708,paired_hierarchical,1,0,0,948c69fa52a0a115,lrp->cpoB,shared_complete_observation_shared_scores,maximum,prefix,complete,0,5000,0.6,0.0,instrument_error,2151398048,921666314,2151398048,lrp,cpoB,False,identifiable,alpA|basR|btsR|glaR|glrR|nsrR|ptrR|rcdA,5000,-0.11599046435179523,0.014470827946186,1.0310233909985997,-8.01546841570777,-0.14610298530134794,5636,,,,[],0,,False,True,
csd-20260805_174708,paired_hierarchical,1,0,0,948c69fa52a0a115,lrp->dedA,shared_complete_observation_shared_scores,maximum,prefix,complete,0,5000,0.6,0.0,instrument_error,2151398048,921666314,2151398048,lrp,dedA,False,identifiable,alpA|basR|btsR|glaR|glrR|nsrR|ptrR|rcdA,5000,-0.21515927983538002,0.01525926039025173,1.1464331263965595,-14.100243021793704,-0.20880347644519626,5636,,,,[],0,,False,True,
csd-20260805_174708,paired_hierarchical,1,0,0,948c69fa52a0a115,lrp->dgcM,shared_complete_observation_shared_scores,maximum,prefix,complete,0,5000,0.6,0.0,instrument_error,2151398048,921666314,2151398048,lrp,dgcM,False,identifiable,alpA|basR|btsR|glaR|glrR|nsrR|ptrR|rcdA,5000,-0.2751904618500446,0.016427466035451217,1.3286876990619108,-16.75185090970032,-0.24710589320305287,5636,,,,[],0,,False,True,
csd-20260805_174708,paired_hierarchical,1,0,0,948c69fa52a0a115,lrp->dgcQ,shared_complete_observation_shared_scores,maximum,prefix,complete,0,5000,0.6,0.0,instrument_error,2151398048,921666314,2151398048,lrp,dgcQ,False,identifiable,alpA|basR|btsR|glaR|glrR|nsrR|ptrR|rcdA,5000,-0.506341133949723,0.0160745027830389,1.272204287439672,-31.499645169988817,-0.518034719532641,5636,,,,[],0,,False,True,
csd-20260805_174708,paired_hierarchical,1,0,0,948c69fa52a0a115,lrp->dtpB,shared_complete_observation_shared_scores,maximum,prefix,complete,0,5000,0.6,0.0,instrument_error,2151398048,921666314,2151398048,lrp,dtpB,False,identifiable,alpA|basR|btsR|glaR|glrR|nsrR|ptrR|rcdA,5000,-0.24526800509153351,0.014576468483728962,1.0461317771955132,-16.826298178143414,-0.2303097181508261,5636,,,,[],0,,False,True,
csd-20260805_174708,paired_hierarchical,1,0,0,948c69fa52a0a115,lrp->eco,shared_complete_observation_shared_scores,maximum,prefix,complete,0,5000,0.6,0.0,instrument_error,2151398048,921666314,2151398048,lrp,eco,False,identifiable,alpA|basR|btsR|glaR|glrR|nsrR|ptrR|rcdA,5000,-0.44829364488732404,0.017312666394536633,1.4757394238453498,-25.89396888215857,-0.4209795428843562,5636,,,,[],0,,False,True,
csd-20260805_174708,paired_hierarchical,1,0,0,948c69fa52a0a115,lrp->insH3,shared_complete_observation_shared_scores,maximum,prefix,complete,0,5000,0.6,0.0,instrument_error,2151398048,921666314,2151398048,lrp,insH3,False,identifiable,alpA|basR|btsR|glaR|glrR|nsrR|ptrR|rcdA,5000,0.1961736114062642,0.015312437698426464,1.1544375058806606,12.811390013127914,0.2139820122180448,5636,,,,[],0,,False,True,
csd-20260805_174708,paired_hierarchical,1,0,0,948c69fa52a0a115,lrp->intZ,shared_complete_observation_shared_scores,maximum,prefix,complete,0,5000,0.6,0.0,instrument_error,2151398048,921666314,2151398048,lrp,intZ,False,identifiable,alpA|basR|btsR|glaR|glrR|nsrR|ptrR|rcdA,5000,-0.23676913873724292,0.017416435683400212,1.4934831225236287,-13.594580604280019,-0.2433095021092633,5636,,,,[],0,,False,True,
csd-20260805_174708,paired_hierarchical,1,0,0,948c69fa52a0a115,lrp->leuE,shared_complete_observation_shared_scores,maximum,prefix,complete,0,5000,0.6,0.0,instrument_error,2151398048,921666314,2151398048,lrp,leuE,False,identifiable,alpA|basR|btsR|glaR|glrR|nsrR|ptrR|rcdA,5000,-0.1724890915365974,0.015135087034551327,1.1278506752526407,-11.396636910169624,-0.14078865959364695,5636,,,,[],0,,False,True,
csd-20260805_174708,paired_hierarchical,1,0,0,948c69fa52a0a115,lrp->lipA,shared_complete_observation_shared_scores,maximum,prefix,complete,0,5000,0.6,0.0,instrument_error,2151398048,921666314,2151398048,lrp,lipA,False,identifiable,alpA|basR|btsR|glaR|glrR|nsrR|ptrR|rcdA,5000,0.30012593674711774,0.014566100131247815,1.0446440635750294,20.604412577342845,0.307702122887315,5636,,,,[],0,,False,True,
csd-20260805_174708,paired_hierarchical,1,0,0,948c69fa52a0a115,lrp->lolC,shared_complete_observation_shared_scores,maximum,prefix,complete,0,5000,0.6,0.0,instrument_error,2151398048,921666314,2151398048,lrp,lolC,False,identifiable,alpA|basR|btsR|glaR|glrR|nsrR|ptrR|rcdA,5000,0.13037089755015296,0.014274845700409084,1.0032856569938895,9.132911156189719,0.12660861356645478,5636,,,,[],0,,False,True,
csd-20260805_174708,paired_hierarchical,1,0,0,948c69fa52a0a115,lrp->lpxL,shared_complete_observation_shared_scores,maximum,prefix,complete,0,5000,0.6,0.0,instrument_error,2151398048,921666314,2151398048,lrp,lpxL,False,identifiable,alpA|basR|btsR|glaR|glrR|nsrR|ptrR|rcdA,5000,-0.11581811567067772,0.01471863878489572,1.066638002960036,-7.86880616905487,-0.14201517654618664,5636,,,,[],0,,False,True,
csd-20260805_174708,paired_hierarchical,1,0,0,948c69fa52a0a115,lrp->mnmA,shared_complete_observation_shared_scores,maximum,prefix,complete,0,5000,0.6,0.0,instrument_error,2151398048,921666314,2151398048,lrp,mnmA,False,identifiable,alpA|basR|btsR|glaR|glrR|nsrR|ptrR|rcdA,5000,-0.20801781328879004,0.019236959124586478,1.8220261377724725,-10.813445718815585,-0.23132313755020098,5636,,,,[],0,,False,True,
csd-20260805_174708,paired_hierarchical,1,0,0,948c69fa52a0a115,lrp->msbA,shared_complete_observation_shared_scores,maximum,prefix,complete,0,5000,0.6,0.0,instrument_error,2151398048,921666314,2151398048,lrp,msbA,False,identifiable,alpA|basR|btsR|glaR|glrR|nsrR|ptrR|rcdA,5000,-0.1857551932029925,0.018505538267690653,1.6861072748853252,-10.037816275104399,-0.3789047830083517,5636,,,,[],0,,False,True,
csd-20260805_174708,paired_hierarchical,1,0,0,948c69fa52a0a115,lrp->mscK,shared_complete_observation_shared_scores,maximum,prefix,complete,0,5000,0.6,0.0,instrument_error,2151398048,921666314,2151398048,lrp,mscK,False,identifiable,alpA|basR|btsR|glaR|glrR|nsrR|ptrR|rcdA,5000,-0.17645929669629626,0.01574121416353563,1.2199954578755032,-11.210018163977624,-0.12580149170737798,5636,,,,[],0,,False,True,
csd-20260805_174708,paired_hierarchical,1,0,0,948c69fa52a0a115,lrp->mscS,shared_complete_observation_shared_scores,maximum,prefix,complete,0,5000,0.6,0.0,instrument_error,2151398048,921666314,2151398048,lrp,mscS,False,identifiable,alpA|basR|btsR|glaR|glrR|nsrR|ptrR|rcdA,5000,-0.3645408799147417,0.01784796070801347,1.5684076821505122,-20.42479171029709,-0.32682890383895613,5636,,,,[],0,,False,True,
csd-20260805_174708,paired_hierarchical,1,0,0,948c69fa52a0a115,lrp->mutY,shared_complete_observation_shared_scores,maximum,prefix,complete,0,5000,0.6,0.0,instrument_error,2151398048,921666314,2151398048,lrp,mutY,False,identifiable,alpA|basR|btsR|glaR|glrR|nsrR|ptrR|rcdA,5000,-0.22722631649217157,0.01629445254580368,1.3072579934205975,-13.945010785323333,-0.22621862090727154,5636,,,,[],0,,False,True,
csd-20260805_174708,paired_hierarchical,1,0,0,948c69fa52a0a115,lrp->pabB,shared_complete_observation_shared_scores,maximum,prefix,complete,0,5000,0.6,0.0,instrument_error,2151398048,921666314,2151398048,lrp,pabB,False,identifiable,alpA|basR|btsR|glaR|glrR|nsrR|ptrR|rcdA,5000,-0.1710610717102275,0.014163041834863485,0.9876312756152034,-12.07798958053959,-0.15656583021993734,5636,,,,[],0,,False,True,
csd-20260805_174708,paired_hierarchical,1,0,0,948c69fa52a0a115,lrp->pal,shared_complete_observation_shared_scores,maximum,prefix,complete,0,5000,0.6,0.0,instrument_error,2151398048,921666314,2151398048,lrp,pal,False,identifiable,alpA|basR|btsR|glaR|glrR|nsrR|ptrR|rcdA,5000,-0.25154777697930175,0.016683335532017216,1.3704005590456712,-15.077786842838053,-0.2537277203855494,5636,,,,[],0,,False,True,
csd-20260805_174708,paired_hierarchical,1,0,0,948c69fa52a0a115,lrp->panZ,shared_complete_observation_shared_scores,maximum,prefix,complete,0,5000,0.6,0.0,instrument_error,2151398048,921666314,2151398048,lrp,panZ,False,identifiable,alpA|basR|btsR|glaR|glrR|nsrR|ptrR|rcdA,5000,-0.16180939326215646,0.014328190797598379,1.010798224879675,-11.293079185494804,-0.18313853451798895,5636,,,,[],0,,False,True,
csd-20260805_174708,paired_hierarchical,1,0,0,948c69fa52a0a115,lrp->pgl,shared_complete_observation_shared_scores,maximum,prefix,complete,0,5000,0.6,0.0,instrument_error,2151398048,921666314,2151398048,lrp,pgl,False,identifiable,alpA|basR|btsR|glaR|glrR|nsrR|ptrR|rcdA,5000,-0.3723757583355955,0.014653658938978676,1.0572408053986166,-25.411793729215127,-0.31679199869796854,5636,,,,[],0,,False,True,
csd-20260805_174708,paired_hierarchical,1,0,0,948c69fa52a0a115,lrp->pyrI,shared_complete_observation_shared_scores,maximum,prefix,complete,0,5000,0.6,0.0,instrument_error,2151398048,921666314,2151398048,lrp,pyrI,False,identifiable,alpA|basR|btsR|glaR|glrR|nsrR|ptrR|rcdA,5000,0.2843697763417795,0.014829919874952698,1.0828277264380646,19.175408818092926,0.2618209269708534,5636,,,,[],0,,False,True,
csd-20260805_174708,paired_hierarchical,1,0,0,948c69fa52a0a115,lrp->rhtB,shared_complete_observation_shared_scores,maximum,prefix,complete,0,5000,0.6,0.0,instrument_error,2151398048,921666314,2151398048,lrp,rhtB,False,identifiable,alpA|basR|btsR|glaR|glrR|nsrR|ptrR|rcdA,5000,0.49865100461033807,0.014319908878819,1.0096300481665603,34.822219109781315,0.4892112705871329,5636,,,,[],0,,False,True,
csd-20260805_174708,paired_hierarchical,1,0,0,948c69fa52a0a115,lrp->ridA,shared_complete_observation_shared_scores,maximum,prefix,complete,0,5000,0.6,0.0,instrument_error,2151398048,921666314,2151398048,lrp,ridA,False,identifiable,alpA|basR|btsR|glaR|glrR|nsrR|ptrR|rcdA,5000,-0.7807784153066091,0.01407860685010735,0.9758905690459012,-55.45849980892503,-0.7491507464371877,5636,,,,[],0,,False,True,
csd-20260805_174708,paired_hierarchical,1,0,0,948c69fa52a0a115,lrp->rnr,shared_complete_observation_shared_scores,maximum,prefix,complete,0,5000,0.6,0.0,instrument_error,2151398048,921666314,2151398048,lrp,rnr,False,identifiable,alpA|basR|btsR|glaR|glrR|nsrR|ptrR|rcdA,5000,0.18587252148236727,0.014399575350976352,1.0208951203922187,12.908194648237618,0.20667403062239448,5636,,,,[],0,,False,True,
csd-20260805_174708,paired_hierarchical,1,0,0,948c69fa52a0a115,lrp->rpiA,shared_complete_observation_shared_scores,maximum,prefix,complete,0,5000,0.6,0.0,instrument_error,2151398048,921666314,2151398048,lrp,rpiA,False,identifiable,alpA|basR|btsR|glaR|glrR|nsrR|ptrR|rcdA,5000,-0.10727627849839899,0.01572632510457667,1.2176886480584557,-6.82144606480121,-0.15094533515936726,5636,,,,[],0,,False,True,
csd-20260805_174708,paired_hierarchical,1,0,0,948c69fa52a0a115,lrp->sad,shared_complete_observation_shared_scores,maximum,prefix,complete,0,5000,0.6,0.0,instrument_error,2151398048,921666314,2151398048,lrp,sad,False,identifiable,alpA|basR|btsR|glaR|glrR|nsrR|ptrR|rcdA,5000,0.24970617946711637,0.02062083067787086,2.093601741124234,12.109414182576423,0.28970632034564414,5636,,,,[],0,,False,True,
csd-20260805_174708,paired_hierarchical,1,0,0,948c69fa52a0a115,lrp->sdaC,shared_complete_observation_shared_scores,maximum,prefix,complete,0,5000,0.6,0.0,instrument_error,2151398048,921666314,2151398048,lrp,sdaC,False,identifiable,alpA|basR|btsR|glaR|glrR|nsrR|ptrR|rcdA,5000,-0.18053806357007326,0.01499315260103948,1.1067962551513946,-12.041367707919981,-0.10772904513685037,5636,,,,[],0,,False,True,
csd-20260805_174708,paired_hierarchical,1,0,0,948c69fa52a0a115,lrp->serB,shared_complete_observation_shared_scores,maximum,prefix,complete,0,5000,0.6,0.0,instrument_error,2151398048,921666314,2151398048,lrp,serB,False,identifiable,alpA|basR|btsR|glaR|glrR|nsrR|ptrR|rcdA,5000,0.2955840635919513,0.01735975826770694,1.4837786072616306,17.02696886867395,0.33927411297100085,5636,,,,[],0,,False,True,
csd-20260805_174708,paired_hierarchical,1,0,0,948c69fa52a0a115,lrp->serS,shared_complete_observation_shared_scores,maximum,prefix,complete,0,5000,0.6,0.0,instrument_error,2151398048,921666314,2151398048,lrp,serS,False,identifiable,alpA|basR|btsR|glaR|glrR|nsrR|ptrR|rcdA,5000,-0.2172330808922553,0.01488116966033141,1.0903248106231527,-14.59784989020933,-0.2097462143602104,5636,,,,[],0,,False,True,
csd-20260805_174708,paired_hierarchical,1,0,0,948c69fa52a0a115,lrp->slyX,shared_complete_observation_shared_scores,maximum,prefix,complete,0,5000,0.6,0.0,instrument_error,2151398048,921666314,2151398048,lrp,slyX,False,identifiable,alpA|basR|btsR|glaR|glrR|nsrR|ptrR|rcdA,5000,0.287640174128223,0.014546581130207537,1.0418462321022912,19.773730442468526,0.2808343796494453,5636,,,,[],0,,False,True,
csd-20260805_174708,paired_hierarchical,1,0,0,948c69fa52a0a115,lrp->trhO,shared_complete_observation_shared_scores,maximum,prefix,complete,0,5000,0.6,0.0,instrument_error,2151398048,921666314,2151398048,lrp,trhO,False,identifiable,alpA|basR|btsR|glaR|glrR|nsrR|ptrR|rcdA,5000,-0.30502814139596884,0.015547910047055465,1.1902160355839417,-19.618594426698298,-0.196041651516906,5636,,,,[],0,,False,True,
csd-20260805_174708,paired_hierarchical,1,0,0,948c69fa52a0a115,lrp->tsuA,shared_complete_observation_shared_scores,maximum,prefix,complete,0,5000,0.6,0.0,instrument_error,2151398048,921666314,2151398048,lrp,tsuA,False,identifiable,alpA|basR|btsR|glaR|glrR|nsrR|ptrR|rcdA,5000,0.2615562859743107,0.01529195549772423,1.1513511773832197,17.10417519938741,0.2886290524608469,5636,,,,[],0,,False,True,
csd-20260805_174708,paired_hierarchical,1,0,0,948c69fa52a0a115,lrp->yaaX,shared_complete_observation_shared_scores,maximum,prefix,complete,0,5000,0.6,0.0,instrument_error,2151398048,921666314,2151398048,lrp,yaaX,False,identifiable,alpA|basR|btsR|glaR|glrR|nsrR|ptrR|rcdA,5000,0.14279906555842767,0.015412471133600732,1.1695702449683858,9.265163536761564,0.17604632058439226,5636,,,,[],0,,False,True,
csd-20260805_174708,paired_hierarchical,1,0,0,948c69fa52a0a115,lrp->yabQ,shared_complete_observation_shared_scores,maximum,prefix,complete,0,5000,0.6,0.0,instrument_error,2151398048,921666314,2151398048,lrp,yabQ,False,identifiable,alpA|basR|btsR|glaR|glrR|nsrR|ptrR|rcdA,5000,0.6013240495767372,0.015013241288875701,1.1097641406004917,40.0529131588858,0.5890273762087186,5636,,,,[],0,,False,True,
csd-20260805_174708,paired_hierarchical,1,0,0,948c69fa52a0a115,lrp->yacL,shared_complete_observation_shared_scores,maximum,prefix,complete,0,5000,0.6,0.0,instrument_error,2151398048,921666314,2151398048,lrp,yacL,False,identifiable,alpA|basR|btsR|glaR|glrR|nsrR|ptrR|rcdA,5000,0.1738701353354067,0.015589029938002775,1.1965199403308193,11.153364643398875,0.2709215975674958,5636,,,,[],0,,False,True,
csd-20260805_174708,paired_hierarchical,1,0,0,948c69fa52a0a115,lrp->ybdF,shared_complete_observation_shared_scores,maximum,prefix,complete,0,5000,0.6,0.0,instrument_error,2151398048,921666314,2151398048,lrp,ybdF,False,identifiable,alpA|basR|btsR|glaR|glrR|nsrR|ptrR|rcdA,5000,0.06453749083472304,0.0164241119672119,1.328145186388416,3.9294356348496513,0.10406426390372323,5636,,,,[],0,,False,True,
csd-20260805_174708,paired_hierarchical,1,0,0,948c69fa52a0a115,lrp->ybdG,shared_complete_observation_shared_scores,maximum,prefix,complete,0,5000,0.6,0.0,instrument_error,2151398048,921666314,2151398048,lrp,ybdG,False,identifiable,alpA|basR|btsR|glaR|glrR|nsrR|ptrR|rcdA,5000,-0.262589077109854,0.01439961288433769,1.020900442448522,-18.235842811820966,-0.3348949005497981,5636,,,,[],0,,False,True,
csd-20260805_174708,paired_hierarchical,1,0,0,948c69fa52a0a115,lrp->ybdL,shared_complete_observation_shared_scores,maximum,prefix,complete,0,5000,0.6,0.0,instrument_error,2151398048,921666314,2151398048,lrp,ybdL,False,identifiable,alpA|basR|btsR|glaR|glrR|nsrR|ptrR|rcdA,5000,-0.066705292946907,0.01672669526617982,1.3775331159523443,-3.987954098845832,-0.0975632773933222,5636,,,,[],0,,False,True,
csd-20260805_174708,paired_hierarchical,1,0,0,948c69fa52a0a115,lrp->ybgS,shared_complete_observation_shared_scores,maximum,prefix,complete,0,5000,0.6,0.0,instrument_error,2151398048,921666314,2151398048,lrp,ybgS,False,identifiable,alpA|basR|btsR|glaR|glrR|nsrR|ptrR|rcdA,5000,0.1886143305117751,0.014577094948223854,1.0462217000048937,12.93908911080783,0.20239363886773262,5636,,,,[],0,,False,True,
csd-20260805_174708,paired_hierarchical,1,0,0,948c69fa52a0a115,lrp->ybhQ,shared_complete_observation_shared_scores,maximum,prefix,complete,0,5000,0.6,0.0,instrument_error,2151398048,921666314,2151398048,lrp,ybhQ,False,identifiable,alpA|basR|btsR|glaR|glrR|nsrR|ptrR|rcdA,5000,-0.20222824077387683,0.015355715746671317,1.1609723773891625,-13.169574385857862,-0.1963269168635909,5636,,,,[],0,,False,True,
csd-20260805_174708,paired_hierarchical,1,0,0,948c69fa52a0a115,lrp->ybiJ,shared_complete_observation_shared_scores,maximum,prefix,complete,0,5000,0.6,0.0,instrument_error,2151398048,921666314,2151398048,lrp,ybiJ,False,identifiable,alpA|basR|btsR|glaR|glrR|nsrR|ptrR|rcdA|yhaJ,5000,-0.19442961833377256,0.01489547225569494,1.0907549782320387,-13.052934139730741,-0.17653854742996505,5636,,,,[],0,,False,True,
csd-20260805_174708,paired_hierarchical,1,0,0,948c69fa52a0a115,lrp->ybiO,shared_complete_observation_shared_scores,maximum,prefix,complete,0,5000,0.6,0.0,instrument_error,2151398048,921666314,2151398048,lrp,ybiO,False,identifiable,alpA|basR|btsR|glaR|glrR|nsrR|ptrR|rcdA,5000,-0.4192446489780453,0.01492044855012094,1.0960882377880816,-28.098662554930165,-0.4224280492100358,5636,,,,[],0,,False,True,
csd-20260805_174708,paired_hierarchical,1,0,0,948c69fa52a0a115,lrp->ybjS,shared_complete_observation_shared_scores,maximum,prefix,complete,0,5000,0.6,0.0,instrument_error,2151398048,921666314,2151398048,lrp,ybjS,False,identifiable,alpA|basR|btsR|glaR|glrR|nsrR|ptrR|rcdA,5000,-0.40925039843958033,0.014120580765898212,0.9817182778409042,-28.982547192955195,-0.4080604468906185,5636,,,,[],0,,False,True,
csd-20260805_174708,paired_hierarchical,1,0,0,948c69fa52a0a115,lrp->ycaM,shared_complete_observation_shared_scores,maximum,prefix,complete,0,5000,0.6,0.0,instrument_error,2151398048,921666314,2151398048,lrp,ycaM,False,identifiable,alpA|basR|btsR|glaR|glrR|nsrR|ptrR|rcdA,5000,-0.3426154081748196,0.015113793168363688,1.1246793149837822,-22.669054972380124,-0.32861055197591926,5636,,,,[],0,,False,True,
csd-20260805_174708,paired_hierarchical,1,0,0,948c69fa52a0a115,lrp->yceB,shared_complete_observation_shared_scores,maximum,prefix,complete,0,5000,0.6,0.0,instrument_error,2151398048,921666314,2151398048,lrp,yceB,False,identifiable,alpA|basR|btsR|glaR|glrR|nsrR|ptrR|rcdA,5000,-0.43915731614489856,0.014796539989856352,1.077958652655984,-29.679730291403214,-0.3794555473609282,5636,,,,[],0,,False,True,
csd-20260805_174708,paired_hierarchical,1,0,0,948c69fa52a0a115,lrp->ycfJ,shared_complete_observation_shared_scores,maximum,prefix,complete,0,5000,0.6,0.0,instrument_error,2151398048,921666314,2151398048,lrp,ycfJ,False,identifiable,alpA|basR|btsR|glaR|glrR|nsrR|ptrR|rcdA,5000,0.14531842883359936,0.014295047338052185,1.0061273486351114,10.16564866118171,0.12333017768393531,5636,,,,[],0,,False,True,
csd-20260805_174708,paired_hierarchical,1,0,0,948c69fa52a0a115,lrp->ychE,shared_complete_observation_shared_scores,maximum,prefix,complete,0,5000,0.6,0.0,instrument_error,2151398048,921666314,2151398048,lrp,ychE,False,identifiable,alpA|basR|btsR|glaR|glrR|nsrR|ptrR|rcdA,5000,-0.17259952256162814,0.01518478228245414,1.1352693092418347,-11.36661160832481,-0.19571636436683756,5636,,,,[],0,,False,True,
csd-20260805_174708,paired_hierarchical,1,0,0,948c69fa52a0a115,lrp->yciN,shared_complete_observation_shared_scores,maximum,prefix,complete,0,5000,0.6,0.0,instrument_error,2151398048,921666314,2151398048,lrp,yciN,False,identifiable,alpA|basR|btsR|glaR|glrR|nsrR|ptrR|rcdA,5000,-0.35744243928515057,0.018639808634770494,1.710663768424588,-19.17629339919195,-0.2708928035040697,5636,,,,[],0,,False,True,
csd-20260805_174708,paired_hierarchical,1,0,0,948c69fa52a0a115,lrp->ydcK,shared_complete_observation_shared_scores,maximum,prefix,complete,0,5000,0.6,0.0,instrument_error,2151398048,921666314,2151398048,lrp,ydcK,False,identifiable,alpA|basR|btsR|glaR|glrR|nsrR|ptrR|rcdA,5000,0.3781268508099279,0.016638702058476708,1.3630778126289569,22.72574203690897,0.36533544708596244,5636,,,,[],0,,False,True,
csd-20260805_174708,paired_hierarchical,1,0,0,948c69fa52a0a115,lrp->yebF,shared_complete_observation_shared_scores,maximum,prefix,complete,0,5000,0.6,0.0,instrument_error,2151398048,921666314,2151398048,lrp,yebF,False,identifiable,alpA|basR|btsR|glaR|glrR|nsrR|ptrR|rcdA,5000,-0.21762532842715013,0.01440269075668777,1.0213369176631124,-15.11004659501542,-0.2440199283006899,5636,,,,[],0,,False,True,
csd-20260805_174708,paired_hierarchical,1,0,0,948c69fa52a0a115,lrp->yehL,shared_complete_observation_shared_scores,maximum,prefix,complete,0,5000,0.6,0.0,instrument_error,2151398048,921666314,2151398048,lrp,yehL,False,identifiable,alpA|basR|btsR|glaR|glrR|nsrR|ptrR|rcdA,5000,-0.2550595079451181,0.01487508747715983,1.0894337247539303,-17.146756840035593,-0.2370512698662898,5636,,,,[],0,,False,True,
csd-20260805_174708,paired_hierarchical,1,0,0,948c69fa52a0a115,lrp->yfaP,shared_complete_observation_shared_scores,maximum,prefix,complete,0,5000,0.6,0.0,instrument_error,2151398048,921666314,2151398048,lrp,yfaP,False,identifiable,alpA|basR|btsR|glaR|glrR|nsrR|ptrR|rcdA,5000,0.14707386246247883,0.02253334299265641,2.499959731399447,6.526943761092618,0.23038930428456877,5636,,,,[],0,,False,True,
csd-20260805_174708,paired_hierarchical,1,0,0,948c69fa52a0a115,lrp->ygiV,shared_complete_observation_shared_scores,maximum,prefix,complete,0,5000,0.6,0.0,instrument_error,2151398048,921666314,2151398048,lrp,ygiV,False,identifiable,alpA|basR|btsR|glaR|glrR|nsrR|ptrR|rcdA,5000,0.3839122938097456,0.01430166297198425,1.0070588195538739,26.843891830047834,0.4072802147728546,5636,,,,[],0,,False,True,
csd-20260805_174708,paired_hierarchical,1,0,0,948c69fa52a0a115,lrp->ygiW,shared_complete_observation_shared_scores,maximum,prefix,complete,0,5000,0.6,0.0,instrument_error,2151398048,921666314,2151398048,lrp,ygiW,False,identifiable,alpA|basR|btsR|glaR|glrR|nsrR|ptrR|rcdA,5000,-0.4576440568418408,0.015107388295439141,1.1237262912536397,-30.292731469674454,-0.4746975792477143,5636,,,,[],0,,False,True,
csd-20260805_174708,paired_hierarchical,1,0,0,948c69fa52a0a115,lrp->yhbY,shared_complete_observation_shared_scores,maximum,prefix,complete,0,5000,0.6,0.0,instrument_error,2151398048,921666314,2151398048,lrp,yhbY,False,identifiable,alpA|basR|btsR|glaR|glrR|nsrR|ptrR|rcdA,5000,-0.29801358875868567,0.014730443162589547,1.0683495806454892,-20.23113530728944,-0.30845850504212524,5636,,,,[],0,,False,True,
csd-20260805_174708,paired_hierarchical,1,0,0,948c69fa52a0a115,lrp->yhcN,shared_complete_observation_shared_scores,maximum,prefix,complete,0,5000,0.6,0.0,instrument_error,2151398048,921666314,2151398048,lrp,yhcN,False,identifiable,alpA|basR|btsR|glaR|glrR|nsrR|ptrR|rcdA,5000,-0.26757941912498906,0.01590387325493968,1.2453389466955909,-16.824795748537543,-0.27330951206938625,5636,,,,[],0,,False,True,
csd-20260805_174708,paired_hierarchical,1,0,0,948c69fa52a0a115,lrp->yhhA,shared_complete_observation_shared_scores,maximum,prefix,complete,0,5000,0.6,0.0,instrument_error,2151398048,921666314,2151398048,lrp,yhhA,False,identifiable,alpA|basR|btsR|glaR|glrR|nsrR|ptrR|rcdA,5000,0.29460802456685914,0.018390168166507955,1.665149225369896,16.019865718433028,0.15988860011887623,5636,,,,[],0,,False,True,
csd-20260805_174708,paired_hierarchical,1,0,0,948c69fa52a0a115,lrp->yhhW,shared_complete_observation_shared_scores,maximum,prefix,complete,0,5000,0.6,0.0,instrument_error,2151398048,921666314,2151398048,lrp,yhhW,False,identifiable,alpA|basR|btsR|glaR|glrR|nsrR|ptrR|rcdA|yhaJ,5000,0.4491086648835425,0.016791787266897343,1.386157238282212,26.745733360313427,0.18117963663243478,5636,,,,[],0,,False,True,
csd-20260805_174708,paired_hierarchical,1,0,0,948c69fa52a0a115,lrp->yibL,shared_complete_observation_shared_scores,maximum,prefix,complete,0,5000,0.6,0.0,instrument_error,2151398048,921666314,2151398048,lrp,yibL,False,identifiable,alpA|basR|btsR|glaR|glrR|nsrR|ptrR|rcdA,5000,0.22374379145231704,0.0147238196405538,1.0673890330229314,15.19604266518314,0.21314078165948813,5636,,,,[],0,,False,True,
csd-20260805_174708,paired_hierarchical,1,0,0,948c69fa52a0a115,lrp->yibT,shared_complete_observation_shared_scores,maximum,prefix,complete,0,5000,0.6,0.0,instrument_error,2151398048,921666314,2151398048,lrp,yibT,False,identifiable,alpA|basR|btsR|glaR|glrR|nsrR|ptrR|rcdA,5000,0.0697175070655851,0.016147796013124858,1.2838322102674524,4.317462705679402,0.1688783351591651,5636,,,,[],0,,False,True,
csd-20260805_174708,paired_hierarchical,1,0,0,948c69fa52a0a115,lrp->yicH,shared_complete_observation_shared_scores,maximum,prefix,complete,0,5000,0.6,0.0,instrument_error,2151398048,921666314,2151398048,lrp,yicH,False,identifiable,alpA|basR|btsR|glaR|glrR|nsrR|ptrR|rcdA,5000,0.24247608329642367,0.015705450419067814,1.2144581415976108,15.438976713589579,0.30102137662040246,5636,,,,[],0,,False,True,
csd-20260805_174708,paired_hierarchical,1,0,0,948c69fa52a0a115,lrp->yiiM,shared_complete_observation_shared_scores,maximum,prefix,complete,0,5000,0.6,0.0,instrument_error,2151398048,921666314,2151398048,lrp,yiiM,False,identifiable,alpA|basR|btsR|glaR|glrR|nsrR|ptrR|rcdA,5000,-0.2796850017869913,0.014698818899625129,1.0637673014874758,-19.0277194172468,-0.22173613355633326,5636,,,,[],0,,False,True,
csd-20260805_174708,paired_hierarchical,1,0,0,948c69fa52a0a115,lrp->yjfP,shared_complete_observation_shared_scores,maximum,prefix,complete,0,5000,0.6,0.0,instrument_error,2151398048,921666314,2151398048,lrp,yjfP,False,identifiable,alpA|basR|btsR|glaR|glrR|nsrR|ptrR|rcdA,5000,0.21112074253371999,0.01430451877836458,1.007461045805365,14.75902445967198,0.21017556640601082,5636,,,,[],0,,False,True,
csd-20260805_174708,paired_hierarchical,1,0,0,948c69fa52a0a115,lrp->yjiC,shared_complete_observation_shared_scores,maximum,prefix,complete,0,5000,0.6,0.0,instrument_error,2151398048,921666314,2151398048,lrp,yjiC,False,identifiable,alpA|basR|btsR|glaR|glrR|nsrR|ptrR|rcdA,5000,-0.34586790096210274,0.017759851517666368,1.5529605358432326,-19.474706791217,-0.41219627106575496,5636,,,,[],0,,False,True,
csd-20260805_174708,paired_hierarchical,1,0,0,948c69fa52a0a115,lrp->yjiL,shared_complete_observation_shared_scores,maximum,prefix,complete,0,5000,0.6,0.0,instrument_error,2151398048,921666314,2151398048,lrp,yjiL,False,identifiable,alpA|basR|btsR|glaR|glrR|nsrR|ptrR|rcdA,5000,0.668937806574452,0.018043426376005728,1.6029492852172649,37.07376817653714,0.6239552773230592,5636,,,,[],0,,False,True,
csd-20260805_174708,paired_hierarchical,1,0,0,948c69fa52a0a115,lrp->yoaH,shared_complete_observation_shared_scores,maximum,prefix,complete,0,5000,0.6,0.0,instrument_error,2151398048,921666314,2151398048,lrp,yoaH,False,identifiable,alpA|basR|btsR|glaR|glrR|nsrR|ptrR|rcdA,5000,0.4788264620590915,0.016012591986856704,1.2624233936131037,29.903120147701078,0.370627604466636,5636,,,,[],0,,False,True,
csd-20260805_174708,paired_hierarchical,1,0,0,948c69fa52a0a115,lrp->yodC,shared_complete_observation_shared_scores,maximum,prefix,complete,0,5000,0.6,0.0,instrument_error,2151398048,921666314,2151398048,lrp,yodC,False,identifiable,alpA|basR|btsR|glaR|glrR|nsrR|ptrR|rcdA,5000,-0.2099804323561102,0.016209895638237947,1.2937256717887644,-12.953842334480047,-0.19965014364155667,5636,,,,[],0,,False,True,
csd-20260805_174708,paired_hierarchical,1,0,0,948c69fa52a0a115,lrp->yqeG,shared_complete_observation_shared_scores,maximum,prefix,complete,0,5000,0.6,0.0,instrument_error,2151398048,921666314,2151398048,lrp,yqeG,False,identifiable,alpA|basR|btsR|glaR|glrR|nsrR|ptrR|rcdA,5000,-0.29444459703833165,0.015809169986627923,1.2305517910074588,-18.624924476578187,-0.41019148690903773,5636,,,,[],0,,False,True,
csd-20260805_174708,paired_hierarchical,1,0,0,948c69fa52a0a115,lrp->ytjB,shared_complete_observation_shared_scores,maximum,prefix,complete,0,5000,0.6,0.0,instrument_error,2151398048,921666314,2151398048,lrp,ytjB,False,identifiable,alpA|basR|btsR|glaR|glrR|nsrR|ptrR|rcdA,5000,0.473267731858543,0.014153024124103452,0.9862346398414422,33.439336194766994,0.49541381551084324,5636,,,,[],0,,False,True,
csd-20260805_174708,paired_hierarchical,1,0,0,948c69fa52a0a115,lrp->yzgL,shared_complete_observation_shared_scores,maximum,prefix,complete,0,5000,0.6,0.0,instrument_error,2151398048,921666314,2151398048,lrp,yzgL,False,identifiable,alpA|basR|btsR|glaR|glrR|nsrR|ptrR|rcdA,5000,0.35595652846678694,0.015244760019102419,1.1442553265653252,23.349434692363555,0.35246981254371107,5636,,,,[],0,,False,True,
csd-20260805_174708,paired_hierarchical,1,0,0,948c69fa52a0a115,lrp->zipA,shared_complete_observation_shared_scores,maximum,prefix,complete,0,5000,0.6,0.0,instrument_error,2151398048,921666314,2151398048,lrp,zipA,False,identifiable,alpA|basR|btsR|glaR|glrR|nsrR|ptrR|rcdA,5000,0.1304686224714729,0.014969617735258407,1.1033242892618806,8.715561397681926,0.11800179586209379,5636,,,,[],0,,False,True,
csd-20260805_174708,paired_hierarchical,1,0,0,948c69fa52a0a115,lrp->zitB,shared_complete_observation_shared_scores,maximum,prefix,complete,0,5000,0.6,0.0,instrument_error,2151398048,921666314,2151398048,lrp,zitB,False,identifiable,alpA|basR|btsR|glaR|glrR|nsrR|ptrR|rcdA,5000,0.3760093249109048,0.01996808600601905,1.9631552041590965,18.830514091213498,0.27213368063464427,5636,,,,[],0,,False,True,
csd-20260805_174708,paired_hierarchical,1,0,0,948c69fa52a0a115,arsR->arsB,shared_complete_observation_shared_scores,maximum,prefix,complete,0,5000,0.6,0.0,instrument_error,2151398048,921666314,2151398048,arsR,arsB,False,identifiable,rpoD,5000,-0.508627682963339,0.018194770295266803,1.3478181336608372,-27.954608643542684,-0.47876830710038354,5636,,,,[],0,,False,True,
csd-20260805_174708,paired_hierarchical,1,0,0,948c69fa52a0a115,arsR->arsC,shared_complete_observation_shared_scores,maximum,prefix,complete,0,5000,0.6,0.0,instrument_error,2151398048,921666314,2151398048,arsR,arsC,False,identifiable,rpoD,5000,-0.1934177610446847,0.015741444683914006,1.0088516673333685,-12.287167088439855,-0.18176443639953094,5636,,,,[],0,,False,True,
csd-20260805_174708,paired_hierarchical,1,0,0,948c69fa52a0a115,ascG->ascB,shared_complete_observation_shared_scores,maximum,prefix,complete,0,5000,0.6,0.0,instrument_error,2151398048,921666314,2151398048,ascG,ascB,False,identifiable,crp|hns|rpoD,5000,-0.4344699814918722,0.011125748930540035,0.976132676959329,-39.050852594674126,-0.4333892449028004,5636,,,,[],0,,False,True,
csd-20260805_174708,paired_hierarchical,1,0,0,948c69fa52a0a115,ascG->ascF,shared_complete_observation_shared_scores,maximum,prefix,complete,0,5000,0.6,0.0,instrument_error,2151398048,921666314,2151398048,ascG,ascF,False,identifiable,cpxR|crp|hns|rpoD|spf,5000,-0.251951043655599,0.012109783282386684,1.1092506374052775,-20.805578248625988,-0.26764013771582057,5636,,,,[],0,,False,True,
csd-20260805_174708,paired_hierarchical,1,0,0,948c69fa52a0a115,ascG->htpG,shared_complete_observation_shared_scores,maximum,prefix,complete,0,5000,0.6,0.0,instrument_error,2151398048,921666314,2151398048,ascG,htpG,False,identifiable,crp|hns|nac|rpoH|rpoN,5000,-0.3590828237575727,0.011273850035336413,0.9937873578516834,-31.8509491107363,-0.3421418851713987,5636,,,,[],0,,False,True,
csd-20260805_174708,paired_hierarchical,1,0,0,948c69fa52a0a115,ascG->prpR,shared_complete_observation_shared_scores,maximum,prefix,complete,0,5000,0.6,0.0,instrument_error,2151398048,921666314,2151398048,ascG,prpR,False,identifiable,crp|hns|phoB|rpoD,5000,-0.15208680178592343,0.009445152559644437,0.7034633351008938,-16.102101138708207,-0.20147628346134122,5636,,,,[],0,,False,True,
csd-20260805_174708,paired_hierarchical,1,0,0,948c69fa52a0a115,ascG->ybiT,shared_complete_observation_shared_scores,maximum,prefix,complete,0,5000,0.6,0.0,instrument_error,2151398048,921666314,2151398048,ascG,ybiT,False,identifiable,crp|hns|lrp|rob,5000,-0.24064468494030417,0.011556532882976266,1.033896257337336,-20.82325965556623,-0.25067617743105924,5636,,,,[],0,,False,True,
csd-20260805_174708,paired_hierarchical,1,0,0,948c69fa52a0a115,prpR->prpB,shared_complete_observation_shared_scores,maximum,prefix,complete,0,5000,0.6,0.0,instrument_error,2151398048,921666314,2151398048,prpR,prpB,False,identifiable,ascG|cra|crp|phoB|rpoD|rpoN,5000,0.2325831114019251,0.016835544963833708,0.9943825757680221,13.815003428850243,0.25820288756932325,5636,,,,[],0,,False,True,
csd-20260805_174708,paired_hierarchical,1,0,0,948c69fa52a0a115,prpR->prpC,shared_complete_observation_shared_scores,maximum,prefix,complete,0,5000,0.6,0.0,instrument_error,2151398048,921666314,2151398048,prpR,prpC,False,identifiable,ascG|cra|crp|phoB|rpoD|rpoN,5000,0.2936753920907296,0.022452742757862368,1.7686339162976366,13.079711252109371,0.24950339241250194,5636,,,,[],0,,False,True,
csd-20260805_174708,paired_hierarchical,1,0,0,948c69fa52a0a115,prpR->prpD,shared_complete_observation_shared_scores,maximum,prefix,complete,0,5000,0.6,0.0,instrument_error,2151398048,921666314,2151398048,prpR,prpD,False,identifiable,ascG|cra|crp|phoB|rpoD|rpoN,5000,0.07599195007597004,0.018171101073773375,1.1584082341045838,4.182022309349782,0.04328363817867575,5636,,,,[],0,,False,True,
csd-20260805_174708,paired_hierarchical,1,0,0,948c69fa52a0a115,prpR->prpE,shared_complete_observation_shared_scores,maximum,prefix,complete,0,5000,0.6,0.0,instrument_error,2151398048,921666314,2151398048,prpR,prpE,False,identifiable,ascG|cra|crp|phoB|rpoD|rpoN,5000,0.3895047367025434,0.019685123547066224,1.3594881844001752,19.786756012541932,0.4076655612635451,5636,,,,[],0,,False,True,
csd-20260805_174708,paired_hierarchical,1,0,0,948c69fa52a0a115,asnC->asnA,shared_complete_observation_shared_scores,maximum,prefix,complete,0,5000,0.6,0.0,instrument_error,2151398048,921666314,2151398048,asnC,asnA,False,identifiable,lrp|nac|rpoD,5000,0.1165990769842564,0.013387349511304315,1.4341171800686163,8.709646139125583,0.13268421703065014,5636,,,,[],0,,False,True,
csd-20260805_174708,paired_hierarchical,1,0,0,948c69fa52a0a115,asnC->mioC,shared_complete_observation_shared_scores,maximum,prefix,complete,0,5000,0.6,0.0,instrument_error,2151398048,921666314,2151398048,asnC,mioC,False,identifiable,mraZ|nac|rpoD,5000,-0.13520010694852785,0.01192335118786577,1.138678925547153,-11.339102976864352,-0.1318676878769921,5636,,,,[],0,,False,True,
csd-20260805_174708,paired_hierarchical,1,0,0,948c69fa52a0a115,asnC->mnmG,shared_complete_observation_shared_scores,maximum,prefix,complete,0,5000,0.6,0.0,instrument_error,2151398048,921666314,2151398048,asnC,mnmG,False,identifiable,nac|rpoD|rpoS,5000,-0.5706968729171816,0.01350997378646901,1.4223471947923132,-42.242633622928736,-0.6398308075468904,5636,,,,[],0,,False,True,
csd-20260805_174708,paired_hierarchical,1,0,0,948c69fa52a0a115,atoC->atoA,shared_complete_observation_shared_scores,maximum,prefix,complete,0,5000,0.6,0.0,instrument_error,2151398048,921666314,2151398048,atoC,atoA,False,identifiable,ihfA|ihfB|rpoN,5000,0.11104988185750655,0.014217337537085812,1.0210305491186225,7.81087749853542,0.11061345161569959,5636,,,,[],0,,False,True,
csd-20260805_174708,paired_hierarchical,1,0,0,948c69fa52a0a115,atoC->atoB,shared_complete_observation_shared_scores,maximum,prefix,complete,0,5000,0.6,0.0,instrument_error,2151398048,921666314,2151398048,atoC,atoB,False,identifiable,ihfA|ihfB|rpoN,5000,0.09018224000845876,0.015386611981298032,1.1958816216619792,5.861084956069119,0.09262127579512358,5636,,,,[],0,,False,True,
csd-20260805_174708,paired_hierarchical,1,0,0,948c69fa52a0a115,atoC->atoD,shared_complete_observation_shared_scores,maximum,prefix,complete,0,5000,0.6,0.0,instrument_error,2151398048,921666314,2151398048,atoC,atoD,False,identifiable,ihfA|ihfB|rpoN|spf,5000,0.2937580996676496,0.013957504934443024,0.9828632775477244,21.046605467624868,0.30766825593536423,5636,,,,[],0,,False,True,
csd-20260805_174708,paired_hierarchical,1,0,0,948c69fa52a0a115,atoC->atoE,shared_complete_observation_shared_scores,maximum,prefix,complete,0,5000,0.6,0.0,instrument_error,2151398048,921666314,2151398048,atoC,atoE,False,identifiable,ihfA|ihfB|rpoN,5000,0.21877702263424376,0.0166125049968304,1.3940310175429795,13.16941801829318,0.2274190268723959,5636,,,,[],0,,False,True,
csd-20260805_174708,paired_hierarchical,1,0,0,948c69fa52a0a115,baeR->acrD,shared_complete_observation_shared_scores,maximum,prefix,complete,0,5000,0.6,0.0,instrument_error,2151398048,921666314,2151398048,baeR,acrD,False,identifiable,cpxR|evgA|rpoD|rpoN|rpoS,5000,0.12192974638007938,0.009091798242994605,1.1290191841802737,13.410960419631886,0.11779449240609544,5636,,,,[],0,,False,True,
csd-20260805_174708,paired_hierarchical,1,0,0,948c69fa52a0a115,baeR->baeS,shared_complete_observation_shared_scores,maximum,prefix,complete,0,5000,0.6,0.0,instrument_error,2151398048,921666314,2151398048,baeR,baeS,False,identifiable,cpxR|glaR|rpoS,5000,0.4481738041354525,0.012378846332190552,2.0939256459957507,36.20481199205128,0.3806863675463578,5636,,,,[],0,,False,True,
csd-20260805_174708,paired_hierarchical,1,0,0,948c69fa52a0a115,baeR->mdtA,shared_complete_observation_shared_scores,maximum,prefix,complete,0,5000,0.6,0.0,instrument_error,2151398048,921666314,2151398048,baeR,mdtA,False,identifiable,cpxR|rpoS,5000,0.2927697919569805,0.009297258128145023,1.1811717018681647,31.489906800661622,0.28701310707507455,5636,,,,[],0,,False,True,
csd-20260805_174708,paired_hierarchical,1,0,0,948c69fa52a0a115,baeR->mdtB,shared_complete_observation_shared_scores,maximum,prefix,complete,0,5000,0.6,0.0,instrument_error,2151398048,921666314,2151398048,baeR,mdtB,False,identifiable,cpxR|rpoS,5000,0.14030749859576597,0.011742718909937189,1.8842589479321457,11.948467784324786,0.13851776783646555,5636,,,,[],0,,False,True,
csd-20260805_174708,paired_hierarchical,1,0,0,948c69fa52a0a115,baeR->mdtC,shared_complete_observation_shared_scores,maximum,prefix,complete,0,5000,0.6,0.0,instrument_error,2151398048,921666314,2151398048,baeR,mdtC,False,identifiable,cpxR|rpoS,5000,0.3239327343716598,0.011009317296368755,1.6562429140106547,29.423507893491614,0.30819786919019015,5636,,,,[],0,,False,True,
csd-20260805_174708,paired_hierarchical,1,0,0,948c69fa52a0a115,baeR->mdtD,shared_complete_observation_shared_scores,maximum,prefix,complete,0,5000,0.6,0.0,instrument_error,2151398048,921666314,2151398048,baeR,mdtD,False,identifiable,cpxR|rob|rpoS,5000,0.33072365301888396,0.008709705534089769,1.0363021481994223,37.971852403555125,0.337270412229875,5636,,,,[],0,,False,True,
csd-20260805_174708,paired_hierarchical,1,0,0,948c69fa52a0a115,baeR->spy,shared_complete_observation_shared_scores,maximum,prefix,complete,0,5000,0.6,0.0,instrument_error,2151398048,921666314,2151398048,baeR,spy,False,identifiable,cpxR|rpoD|rpoS,5000,0.17328246512750434,0.010331386369468372,1.4584268899127415,16.772431010768695,0.18613028134515566,5636,,,,[],0,,False,True,
csd-20260805_174708,paired_hierarchical,1,0,0,948c69fa52a0a115,baeR->ycaC,shared_complete_observation_shared_scores,maximum,prefix,complete,0,5000,0.6,0.0,instrument_error,2151398048,921666314,2151398048,baeR,ycaC,False,identifiable,cpxR|fnr|nac|rpoS,5000,0.15153436160224204,0.009086518143574715,1.1250909852617044,16.67683475759034,0.1418241589503946,5636,,,,[],0,,False,True,
csd-20260805_174708,paired_hierarchical,1,0,0,948c69fa52a0a115,basR->arnA,shared_complete_observation_shared_scores,maximum,prefix,complete,0,5000,0.6,0.0,instrument_error,2151398048,921666314,2151398048,basR,arnA,False,identifiable,,5000,0.14452133920756854,0.00944308064687518,1.040809395736712,15.304469442966397,0.1105205337685562,5636,,,,[],0,,False,True,
csd-20260805_174708,paired_hierarchical,1,0,0,948c69fa52a0a115,basR->arnB,shared_complete_observation_shared_scores,maximum,prefix,complete,0,5000,0.6,0.0,instrument_error,2151398048,921666314,2151398048,basR,arnB,False,identifiable,,5000,0.32062181336362167,0.009314139731064331,1.0125799053500193,34.423126839539485,0.3207360860059423,5636,,,,[],0,,False,True,
csd-20260805_174708,paired_hierarchical,1,0,0,948c69fa52a0a115,basR->arnC,shared_complete_observation_shared_scores,maximum,prefix,complete,0,5000,0.6,0.0,instrument_error,2151398048,921666314,2151398048,basR,arnC,False,identifiable,,5000,0.4944926948025359,0.013530838005257145,2.136944268140624,36.545607493816,0.22525459473924564,5636,,,,[],0,,False,True,
csd-20260805_174708,paired_hierarchical,1,0,0,948c69fa52a0a115,basR->arnD,shared_complete_observation_shared_scores,maximum,prefix,complete,0,5000,0.6,0.0,instrument_error,2151398048,921666314,2151398048,basR,arnD,False,identifiable,,5000,0.026286673951453766,0.012437746456128067,1.805623529869686,2.1134595438309765,0.2838755302749208,5636,,,,[],0,,False,True,
csd-20260805_174708,paired_hierarchical,1,0,0,948c69fa52a0a115,basR->arnE,shared_complete_observation_shared_scores,maximum,prefix,complete,0,5000,0.6,0.0,instrument_error,2151398048,921666314,2151398048,basR,arnE,False,identifiable,,5000,0.11085380105534634,0.00949946689790352,1.0532762078159685,11.669476008154854,0.11182824680679676,5636,,,,[],0,,False,True,
csd-20260805_174708,paired_hierarchical,1,0,0,948c69fa52a0a115,basR->arnF,shared_complete_observation_shared_scores,maximum,prefix,complete,0,5000,0.6,0.0,instrument_error,2151398048,921666314,2151398048,basR,arnF,False,identifiable,,5000,0.03858925754609914,0.010066021037849525,1.1826588176145187,3.8336158250612233,0.102905604400566,5636,,,,[],0,,False,True,
csd-20260805_174708,paired_hierarchical,1,0,0,948c69fa52a0a115,basR->arnT,shared_complete_observation_shared_scores,maximum,prefix,complete,0,5000,0.6,0.0,instrument_error,2151398048,921666314,2151398048,basR,arnT,False,identifiable,,5000,-0.046460446853816464,0.010790521488435083,1.3590288448085386,-4.305672057055927,0.07169198747615385,5636,,,,[],0,,False,True,
csd-20260805_174708,paired_hierarchical,1,0,0,948c69fa52a0a115,basR->csgD,shared_complete_observation_shared_scores,maximum,prefix,complete,0,5000,0.6,0.0,instrument_error,2151398048,921666314,2151398048,basR,csgD,False,identifiable,alpA|btsR|glaR|glrR|nsrR|ptrR|rcdA,5000,1.1190171046222148,0.04064824618046587,15.214094214926067,27.529283788877844,0.3131610726372506,5636,,,,[],0,,False,True,
csd-20260805_174708,paired_hierarchical,1,0,0,948c69fa52a0a115,basR->csgE,shared_complete_observation_shared_scores,maximum,prefix,complete,0,5000,0.6,0.0,instrument_error,2151398048,921666314,2151398048,basR,csgE,False,identifiable,alpA|btsR|glaR|glrR|nsrR|ptrR|rcdA,5000,0.6242427130375913,0.025915251158005456,6.1840546852268234,24.087851174259487,0.31329091535465187,5636,,,,[],0,,False,True,
csd-20260805_174708,paired_hierarchical,1,0,0,948c69fa52a0a115,basR->csgF,shared_complete_observation_shared_scores,maximum,prefix,complete,0,5000,0.6,0.0,instrument_error,2151398048,921666314,2151398048,basR,csgF,False,identifiable,alpA|btsR|glaR|glrR|nsrR|ptrR|rcdA,5000,0.3841462335478141,0.023397747652961723,5.040929022856192,16.418086016035318,0.15726735490420451,5636,,,,[],0,,False,True,
csd-20260805_174708,paired_hierarchical,1,0,0,948c69fa52a0a115,basR->csgG,shared_complete_observation_shared_scores,maximum,prefix,complete,0,5000,0.6,0.0,instrument_error,2151398048,921666314,2151398048,basR,csgG,False,identifiable,alpA|btsR|glaR|glrR|nsrR|ptrR|rcdA,5000,0.6998096549186643,0.022242133690570324,4.555283080901169,31.463242899909037,0.309210736053905,5636,,,,[],0,,False,True,
csd-20260805_174708,paired_hierarchical,1,0,0,948c69fa52a0a115,basR->cspI,shared_complete_observation_shared_scores,maximum,prefix,complete,0,5000,0.6,0.0,instrument_error,2151398048,921666314,2151398048,basR,cspI,False,identifiable,alpA|btsR|glaR|glrR|nsrR|ptrR|rcdA,5000,0.3028768851890998,0.011093034720418638,1.133086908054924,27.303338790746125,0.19514639563432967,5636,,,,[],0,,False,True,
csd-20260805_174708,paired_hierarchical,1,0,0,948c69fa52a0a115,basR->dgkA,shared_complete_observation_shared_scores,maximum,prefix,complete,0,5000,0.6,0.0,instrument_error,2151398048,921666314,2151398048,basR,dgkA,False,identifiable,,5000,0.321775224395018,0.010979929177909444,1.4071580657998422,29.305765017355363,0.4465758884472924,5636,,,,[],0,,False,True,
csd-20260805_174708,paired_hierarchical,1,0,0,948c69fa52a0a115,basR->emrD,shared_complete_observation_shared_scores,maximum,prefix,complete,0,5000,0.6,0.0,instrument_error,2151398048,921666314,2151398048,basR,emrD,False,identifiable,alpA|btsR|glaR|glrR|nsrR|ptrR|rcdA,5000,0.3327222421658829,0.01220165866828102,1.3708824625032177,27.268607589459567,0.36771365684735297,5636,,,,[],0,,False,True,
csd-20260805_174708,paired_hierarchical,1,0,0,948c69fa52a0a115,basR->eptA,shared_complete_observation_shared_scores,maximum,prefix,complete,0,5000,0.6,0.0,instrument_error,2151398048,921666314,2151398048,basR,eptA,False,identifiable,alpA|btsR|glaR|glrR|nsrR|ptrR|rcdA,5000,-0.11438933649353683,0.016592777670190205,2.5351325129188784,-6.8939232940511985,0.1580579658622536,5636,,,,[],0,,False,True,
csd-20260805_174708,paired_hierarchical,1,0,0,948c69fa52a0a115,basR->fimB,shared_complete_observation_shared_scores,maximum,prefix,complete,0,5000,0.6,0.0,instrument_error,2151398048,921666314,2151398048,basR,fimB,False,identifiable,alpA|btsR|glaR|glrR|nanR|nsrR|ptrR|rcdA,5000,0.35275737344080194,0.01598923560550677,2.295540500478017,22.062178714741723,0.16829211770797425,5636,,,,[],0,,False,True,
csd-20260805_174708,paired_hierarchical,1,0,0,948c69fa52a0a115,basR->glpA,shared_complete_observation_shared_scores,maximum,prefix,complete,0,5000,0.6,0.0,instrument_error,2151398048,921666314,2151398048,basR,glpA,False,identifiable,alpA|btsR|glaR|glrR|nsrR|ptrR|rcdA,5000,0.21297273877153922,0.019825005502945726,3.6190043915603503,10.742632012883647,0.34641231854832527,5636,,,,[],0,,False,True,
csd-20260805_174708,paired_hierarchical,1,0,0,948c69fa52a0a115,basR->glpB,shared_complete_observation_shared_scores,maximum,prefix,complete,0,5000,0.6,0.0,instrument_error,2151398048,921666314,2151398048,basR,glpB,False,identifiable,alpA|btsR|glaR|glrR|nsrR|ptrR|rcdA,5000,-0.3544818910762382,0.025722693187346036,6.092497396715261,-13.780901109166175,0.20596351173182265,5636,,,,[],0,,False,True,
csd-20260805_174708,paired_hierarchical,1,0,0,948c69fa52a0a115,basR->glpC,shared_complete_observation_shared_scores,maximum,prefix,complete,0,5000,0.6,0.0,instrument_error,2151398048,921666314,2151398048,basR,glpC,False,identifiable,alpA|btsR|glaR|glrR|nsrR|ptrR|rcdA,5000,0.006589577860535647,0.01753327454392851,2.8306654461163205,0.3758326970826742,0.1555115685957323,5636,,,,[],0,,False,True,
csd-20260805_174708,paired_hierarchical,1,0,0,948c69fa52a0a115,basR->hha,shared_complete_observation_shared_scores,maximum,prefix,complete,0,5000,0.6,0.0,instrument_error,2151398048,921666314,2151398048,basR,hha,False,identifiable,alpA|btsR|glaR|glrR|nsrR|ptrR|rcdA,5000,0.24326437370305884,0.011768033515716285,1.275176410897337,20.6716248197439,0.25168062621833065,5636,,,,[],0,,False,True,
csd-20260805_174708,paired_hierarchical,1,0,0,948c69fa52a0a115,basR->putA,shared_complete_observation_shared_scores,maximum,prefix,complete,0,5000,0.6,0.0,instrument_error,2151398048,921666314,2151398048,basR,putA,False,identifiable,alpA|btsR|glaR|glrR|nsrR|ptrR|rcdA,5000,-0.2532539544056846,0.008496762701622253,0.6647670054242164,-29.805934718799648,-0.20072850484274207,5636,,,,[],0,,False,True,
csd-20260805_174708,paired_hierarchical,1,0,0,948c69fa52a0a115,basR->qseB,shared_complete_observation_shared_scores,maximum,prefix,complete,0,5000,0.6,0.0,instrument_error,2151398048,921666314,2151398048,basR,qseB,False,identifiable,alpA|btsR|glaR|glrR|nsrR|ptrR|rcdA,5000,0.136720089112064,0.021288729278126785,4.173130399306418,6.422181771672853,0.214580354538653,5636,,,,[],0,,False,True,
csd-20260805_174708,paired_hierarchical,1,0,0,948c69fa52a0a115,basR->qseC,shared_complete_observation_shared_scores,maximum,prefix,complete,0,5000,0.6,0.0,instrument_error,2151398048,921666314,2151398048,basR,qseC,False,identifiable,alpA|btsR|glaR|glrR|nsrR|ptrR|rcdA,5000,0.0755151831069161,0.011788772965556337,1.279674997886489,6.405686438067083,0.13823978458807437,5636,,,,[],0,,False,True,
csd-20260805_174708,paired_hierarchical,1,0,0,948c69fa52a0a115,basR->tomB,shared_complete_observation_shared_scores,maximum,prefix,complete,0,5000,0.6,0.0,instrument_error,2151398048,921666314,2151398048,basR,tomB,False,identifiable,alpA|btsR|glaR|glrR|nsrR|ptrR|rcdA,5000,-0.2922144999077323,0.022836704029111445,4.80207925717077,-12.79582638261753,0.17039785554176595,5636,,,,[],0,,False,True,
csd-20260805_174708,paired_hierarchical,1,0,0,948c69fa52a0a115,basR->waaH,shared_complete_observation_shared_scores,maximum,prefix,complete,0,5000,0.6,0.0,instrument_error,2151398048,921666314,2151398048,basR,waaH,False,identifiable,alpA|btsR|glaR|glrR|nsrR|ptrR|rcdA,5000,0.26261694247586065,0.012592267537987986,1.4600588514004917,20.85541318778413,0.4684053291917241,5636,,,,[],0,,False,True,
csd-20260805_174708,paired_hierarchical,1,0,0,948c69fa52a0a115,basR->yrbL,shared_complete_observation_shared_scores,maximum,prefix,complete,0,5000,0.6,0.0,instrument_error,2151398048,921666314,2151398048,basR,yrbL,False,identifiable,alpA|btsR|glaR|glrR|nsrR|ptrR|rcdA,5000,-0.3896970404486951,0.01257008062581905,1.4549182905023113,-31.001952338177855,-0.284855001273001,5636,,,,[],0,,False,True,
csd-20260805_174708,paired_hierarchical,1,0,0,948c69fa52a0a115,csgD->nlpA,shared_complete_observation_shared_scores,maximum,prefix,complete,0,5000,0.6,0.0,instrument_error,2151398048,921666314,2151398048,csgD,nlpA,False,identifiable,alpA|basR|btsR|glaR|glrR|nsrR|ptrR|rcdA,5000,0.3049992208447138,0.0049474583192407155,1.8586514695554062,61.64765848730221,0.24177930967063124,5636,,,,[],0,,False,True,
csd-20260805_174708,paired_hierarchical,1,0,0,948c69fa52a0a115,csgD->yhbS,shared_complete_observation_shared_scores,maximum,prefix,complete,0,5000,0.6,0.0,instrument_error,2151398048,921666314,2151398048,csgD,yhbS,False,identifiable,alpA|basR|btsR|glaR|glrR|nsrR|ptrR|rcdA,5000,-0.2696148207028865,0.005117072060436623,1.988276305539582,-52.689275726142725,-0.27722019266553033,5636,,,,[],0,,False,True,
csd-20260805_174708,paired_hierarchical,1,0,0,948c69fa52a0a115,bglG->bglB,shared_complete_observation_shared_scores,maximum,prefix,complete,0,5000,0.6,0.0,instrument_error,2151398048,921666314,2151398048,bglG,bglB,False,identifiable,bglJ|crp|fis|hns|leuO|nac|rcsB|stpA,5000,0.18022426468952038,0.011642220723465237,1.1642534089477714,15.480230874361718,0.1683068749987642,5636,,,,[],0,,False,True,
csd-20260805_174708,paired_hierarchical,1,0,0,948c69fa52a0a115,bglG->bglF,shared_complete_observation_shared_scores,maximum,prefix,complete,0,5000,0.6,0.0,instrument_error,2151398048,921666314,2151398048,bglG,bglF,False,identifiable,bglJ|crp|fis|hns|leuO|rcsB|stpA,5000,0.30882712240138743,0.010777909006106208,0.9982554461514564,28.65371402063442,0.31829215621180534,5636,,,,[],0,,False,True,
csd-20260805_174708,paired_hierarchical,1,0,0,948c69fa52a0a115,leuO->yghR,shared_complete_observation_shared_scores,maximum,prefix,complete,0,5000,0.6,0.0,instrument_error,2151398048,921666314,2151398048,leuO,yghR,False,identifiable,alpA|basR|btsR|glaR|glrR|nsrR|ptrR|rcdA,5000,-0.04290507539835809,0.013226416271246438,1.9480221902743022,-3.2438927157941913,-0.11605852110444007,5636,,,,[],0,,False,True,
csd-20260805_174708,paired_hierarchical,1,0,0,948c69fa52a0a115,birA->bioA,shared_complete_observation_shared_scores,maximum,prefix,complete,0,5000,0.6,0.0,instrument_error,2151398048,921666314,2151398048,birA,bioA,False,identifiable,rpoD,5000,-0.21224884076797412,0.01702962798301302,1.4046503131327823,-12.463504251513386,-0.23327106197849662,5636,,,,[],0,,False,True,
csd-20260805_174708,paired_hierarchical,1,0,0,948c69fa52a0a115,birA->bioB,shared_complete_observation_shared_scores,maximum,prefix,complete,0,5000,0.6,0.0,instrument_error,2151398048,921666314,2151398048,birA,bioB,False,identifiable,rpoD,5000,-0.14751115594894293,0.016338403483282467,1.2929363116665096,-9.028492661469466,-0.16041284286455104,5636,,,,[],0,,False,True,
csd-20260805_174708,paired_hierarchical,1,0,0,948c69fa52a0a115,birA->bioC,shared_complete_observation_shared_scores,maximum,prefix,complete,0,5000,0.6,0.0,instrument_error,2151398048,921666314,2151398048,birA,bioC,False,identifiable,rpoD,5000,-0.11610586274017429,0.015018861903067128,1.0925264167891677,-7.730669839667634,-0.13044745298583252,5636,,,,[],0,,False,True,
csd-20260805_174708,paired_hierarchical,1,0,0,948c69fa52a0a115,birA->bioD,shared_complete_observation_shared_scores,maximum,prefix,complete,0,5000,0.6,0.0,instrument_error,2151398048,921666314,2151398048,birA,bioD,False,identifiable,rpoD,5000,-0.2611982537962207,0.014700463671244132,1.0466945554052005,-17.768028249826962,-0.2599306912122465,5636,,,,[],0,,False,True,
csd-20260805_174708,paired_hierarchical,1,0,0,948c69fa52a0a115,birA->bioF,shared_complete_observation_shared_scores,maximum,prefix,complete,0,5000,0.6,0.0,instrument_error,2151398048,921666314,2151398048,birA,bioF,False,identifiable,rpoD,5000,-0.7531515369763229,0.016008724441511593,1.2412845707372626,-47.04631775804419,-0.7708104111360181,5636,,,,[],0,,False,True,
csd-20260805_174708,paired_hierarchical,1,0,0,948c69fa52a0a115,bluR->ariR,shared_complete_observation_shared_scores,maximum,prefix,complete,0,5000,0.6,0.0,instrument_error,2151398048,921666314,2151398048,bluR,ariR,False,identifiable,cysB|marA|rpoD|rpoS|srsR,5000,-0.13286332866360834,0.013688543781007326,1.085650231989868,-9.706169683874954,-0.11959081238808374,5636,,,,[],0,,False,True,
csd-20260805_174708,paired_hierarchical,1,0,0,948c69fa52a0a115,bluR->ycgZ,shared_complete_observation_shared_scores,maximum,prefix,complete,0,5000,0.6,0.0,instrument_error,2151398048,921666314,2151398048,bluR,ycgZ,False,identifiable,marA|rpoD|rpoS|srsR,5000,-0.20502444506912706,0.01414623253324341,1.1595480624944987,-14.493218925061711,-0.18824967303661805,5636,,,,[],0,,False,True,
csd-20260805_174708,paired_hierarchical,1,0,0,948c69fa52a0a115,bluR->ymgA,shared_complete_observation_shared_scores,maximum,prefix,complete,0,5000,0.6,0.0,instrument_error,2151398048,921666314,2151398048,bluR,ymgA,False,identifiable,marA|rpoD|rpoS|srsR,5000,-0.3205372187269334,0.017714593007660873,1.8183166981332914,-18.09452910311366,-0.3015961405409132,5636,,,,[],0,,False,True,
csd-20260805_174708,paired_hierarchical,1,0,0,948c69fa52a0a115,bluR->ymgC,shared_complete_observation_shared_scores,maximum,prefix,complete,0,5000,0.6,0.0,instrument_error,2151398048,921666314,2151398048,bluR,ymgC,False,identifiable,marA|rpoD|rpoS|srsR,5000,-0.3787493424536391,0.015083795951551796,1.3183431495101785,-25.109683508724075,-0.3739383295973294,5636,,,,[],0,,False,True,
csd-20260805_174708,paired_hierarchical,1,0,0,948c69fa52a0a115,btsR->aceE,shared_complete_observation_shared_scores,maximum,prefix,complete,0,5000,0.6,0.0,instrument_error,2151398048,921666314,2151398048,btsR,aceE,False,identifiable,alpA|basR|glaR|glrR|nsrR|ptrR|rcdA,5000,-0.1331136884442083,0.014732772394304153,1.9685364853358611,-9.035209727102785,-0.12049574693025131,5636,,,,[],0,,False,True,
csd-20260805_174708,paired_hierarchical,1,0,0,948c69fa52a0a115,btsR->aceF,shared_complete_observation_shared_scores,maximum,prefix,complete,0,5000,0.6,0.0,instrument_error,2151398048,921666314,2151398048,btsR,aceF,False,identifiable,alpA|basR|glaR|glrR|nsrR|ptrR|rcdA,5000,-0.30257089066270254,0.017664993419988118,2.8300979677923204,-17.128276443077556,-0.34566218348495503,5636,,,,[],0,,False,True,
csd-20260805_174708,paired_hierarchical,1,0,0,948c69fa52a0a115,btsR->btsT,shared_complete_observation_shared_scores,maximum,prefix,complete,0,5000,0.6,0.0,instrument_error,2151398048,921666314,2151398048,btsR,btsT,False,identifiable,alpA|basR|glaR|glrR|nsrR|ptrR|rcdA,5000,0.2513873439722954,0.017005048648997836,2.622589191053043,14.783100546266915,0.15795737406285862,5636,,,,[],0,,False,True,
csd-20260805_174708,paired_hierarchical,1,0,0,948c69fa52a0a115,btsR->csgA,shared_complete_observation_shared_scores,maximum,prefix,complete,0,5000,0.6,0.0,instrument_error,2151398048,921666314,2151398048,btsR,csgA,False,identifiable,alpA|basR|glaR|glrR|nsrR|ptrR|rcdA,5000,-1.1991700458227237,0.032311286339812034,9.46853972276007,-37.1130394875421,-0.17191836999302204,5636,,,,[],0,,False,True,
csd-20260805_174708,paired_hierarchical,1,0,0,948c69fa52a0a115,btsR->csgB,shared_complete_observation_shared_scores,maximum,prefix,complete,0,5000,0.6,0.0,instrument_error,2151398048,921666314,2151398048,btsR,csgB,False,identifiable,alpA|basR|glaR|glrR|nsrR|ptrR|rcdA,5000,-0.9590495825181695,0.022996478163270006,4.796198733942355,-41.704193820859246,-0.116394192751108,5636,,,,[],0,,False,True,
csd-20260805_174708,paired_hierarchical,1,0,0,948c69fa52a0a115,btsR->csgC,shared_complete_observation_shared_scores,maximum,prefix,complete,0,5000,0.6,0.0,instrument_error,2151398048,921666314,2151398048,btsR,csgC,False,identifiable,alpA|basR|glaR|glrR|nsrR|ptrR|rcdA,5000,-0.7719390412553306,0.01869447685936133,3.169575801096581,-41.29235854325494,-0.2567341859462898,5636,,,,[],0,,False,True,
csd-20260805_174708,paired_hierarchical,1,0,0,948c69fa52a0a115,btsR->csgD,shared_complete_observation_shared_scores,maximum,prefix,complete,0,5000,0.6,0.0,instrument_error,2151398048,921666314,2151398048,btsR,csgD,False,identifiable,alpA|basR|glaR|glrR|nsrR|ptrR|rcdA,5000,-2.021272486604405,0.04095772219037879,15.214094214926067,-49.35021721201121,-0.8652857207712863,5636,,,,[],0,,False,True,
csd-20260805_174708,paired_hierarchical,1,0,0,948c69fa52a0a115,btsR->csgE,shared_complete_observation_shared_scores,maximum,prefix,complete,0,5000,0.6,0.0,instrument_error,2151398048,921666314,2151398048,btsR,csgE,False,identifiable,alpA|basR|glaR|glrR|nsrR|ptrR|rcdA,5000,-0.6147184928296254,0.0261125572973322,6.1840546852268234,-23.54110651936907,-0.2058824829293834,5636,,,,[],0,,False,True,
csd-20260805_174708,paired_hierarchical,1,0,0,948c69fa52a0a115,btsR->csgF,shared_complete_observation_shared_scores,maximum,prefix,complete,0,5000,0.6,0.0,instrument_error,2151398048,921666314,2151398048,btsR,csgF,False,identifiable,alpA|basR|glaR|glrR|nsrR|ptrR|rcdA,5000,-0.4568507604867558,0.023575886742959358,5.040929022856192,-19.377882387528373,-0.30758306118549494,5636,,,,[],0,,False,True,
csd-20260805_174708,paired_hierarchical,1,0,0,948c69fa52a0a115,btsR->csgG,shared_complete_observation_shared_scores,maximum,prefix,complete,0,5000,0.6,0.0,instrument_error,2151398048,921666314,2151398048,btsR,csgG,False,identifiable,alpA|basR|glaR|glrR|nsrR|ptrR|rcdA,5000,-0.39525057802193586,0.02241147449695954,4.555283080901168,-17.636080931469174,-0.19199025411127532,5636,,,,[],0,,False,True,
csd-20260805_174708,paired_hierarchical,1,0,0,948c69fa52a0a115,btsR->cspC,shared_complete_observation_shared_scores,maximum,prefix,complete,0,5000,0.6,0.0,instrument_error,2151398048,921666314,2151398048,btsR,cspC,False,identifiable,alpA|basR|glaR|glrR|nsrR|ptrR|rcdA,5000,-0.1964240271838591,0.012867784274372147,1.501696098239389,-15.264790191972903,-0.182128575035281,5636,,,,[],0,,False,True,
csd-20260805_174708,paired_hierarchical,1,0,0,948c69fa52a0a115,btsR->lpd,shared_complete_observation_shared_scores,maximum,prefix,complete,0,5000,0.6,0.0,instrument_error,2151398048,921666314,2151398048,btsR,lpd,False,identifiable,alpA|basR|glaR|glrR|nsrR|ptrR|rcdA,5000,-0.19173489874652036,0.017745582889324072,2.8559792507285198,-10.804654879038663,-0.19658084836366832,5636,,,,[],0,,False,True,
csd-20260805_174708,paired_hierarchical,1,0,0,948c69fa52a0a115,btsR->mdh,shared_complete_observation_shared_scores,maximum,prefix,complete,0,5000,0.6,0.0,instrument_error,2151398048,921666314,2151398048,btsR,mdh,False,identifiable,alpA|basR|glaR|glrR|modE|nsrR|ptrR|rcdA,5000,-0.1660527118163952,0.01397214334683417,1.7696805854665554,-11.884555411036466,-0.21459767817447079,5636,,,,[],0,,False,True,
csd-20260805_174708,paired_hierarchical,1,0,0,948c69fa52a0a115,btsR->pdhR,shared_complete_observation_shared_scores,maximum,prefix,complete,0,5000,0.6,0.0,instrument_error,2151398048,921666314,2151398048,btsR,pdhR,False,identifiable,alpA|basR|glaR|glrR|nsrR|ptrR|rcdA,5000,-0.09508626786015902,0.009647292351989255,0.8440834569710903,-9.856264782993996,-0.22327279559407306,5636,,,,[],0,,False,True,
csd-20260805_174708,paired_hierarchical,1,0,0,948c69fa52a0a115,btsR->yobF,shared_complete_observation_shared_scores,maximum,prefix,complete,0,5000,0.6,0.0,instrument_error,2151398048,921666314,2151398048,btsR,yobF,False,identifiable,alpA|basR|glaR|glrR|nsrR|ptrR|rcdA,5000,-0.4141299422915484,0.01632242848508966,2.4162621920984986,-25.371833772765562,-0.3428840040945994,5636,,,,[],0,,False,True,
csd-20260805_174708,paired_hierarchical,1,0,0,948c69fa52a0a115,pdhR->aceE,shared_complete_observation_shared_scores,maximum,prefix,complete,0,5000,0.6,0.0,instrument_error,2151398048,921666314,2151398048,pdhR,aceE,False,identifiable,arcA|btsR|cra|crp|fnr|glaR|nsrR|ompR|rpoD|rpoS,5000,-0.1661410657717547,0.018595823221891326,1.0510366416012251,-8.934321637138954,-0.16538634362691929,5636,,,,[],0,,False,True,
csd-20260805_174708,paired_hierarchical,1,0,0,948c69fa52a0a115,pdhR->aceF,shared_complete_observation_shared_scores,maximum,prefix,complete,0,5000,0.6,0.0,instrument_error,2151398048,921666314,2151398048,pdhR,aceF,False,identifiable,arcA|btsR|cra|crp|fnr|glaR|nsrR|ompR|rpoD|rpoS,5000,-0.5936517765568057,0.018008030278330908,0.9856425945521226,-32.965947268044516,-0.6125132973504995,5636,,,,[],0,,False,True,
csd-20260805_174708,paired_hierarchical,1,0,0,948c69fa52a0a115,pdhR->acpP,shared_complete_observation_shared_scores,maximum,prefix,complete,0,5000,0.6,0.0,instrument_error,2151398048,921666314,2151398048,pdhR,acpP,False,identifiable,arcA|btsR|cra|crp|fnr|glaR|ompR|rpoD|rpoS,5000,0.31688103943761503,0.018651206617349796,1.0573083565049077,16.98984124398926,0.3300581930911295,5636,,,,[],0,,False,True,
csd-20260805_174708,paired_hierarchical,1,0,0,948c69fa52a0a115,pdhR->cyoA,shared_complete_observation_shared_scores,maximum,prefix,complete,0,5000,0.6,0.0,instrument_error,2151398048,921666314,2151398048,pdhR,cyoA,False,identifiable,arcA|btsR|cra|crp|cusR|fis|fnr|fur|gadE|glaR|hprR|ompR|rpoD|rpoS,5000,-0.19710022711551145,0.023624107055976278,1.6486316729919401,-8.343182099898684,-0.16823160939144072,5636,,,,[],0,,False,True,
csd-20260805_174708,paired_hierarchical,1,0,0,948c69fa52a0a115,pdhR->cyoB,shared_complete_observation_shared_scores,maximum,prefix,complete,0,5000,0.6,0.0,instrument_error,2151398048,921666314,2151398048,pdhR,cyoB,False,identifiable,arcA|btsR|cra|crp|cusR|fis|fnr|fur|gadE|glaR|hprR|ompR|rpoD|rpoS,5000,-0.2751450155108404,0.024778659956085743,1.8137125855560667,-11.104112005995047,-0.2568515612509211,5636,,,,[],0,,False,True,
csd-20260805_174708,paired_hierarchical,1,0,0,948c69fa52a0a115,pdhR->cyoC,shared_complete_observation_shared_scores,maximum,prefix,complete,0,5000,0.6,0.0,instrument_error,2151398048,921666314,2151398048,pdhR,cyoC,False,identifiable,arcA|btsR|cra|crp|cusR|fis|fnr|fur|gadE|glaR|hprR|ompR|rpoD|rpoS,5000,-0.08278191560048384,0.023562564535428755,1.6400532499609546,-3.5132812252254064,-0.09692974862700378,5636,,,,[],0,,False,True,
csd-20260805_174708,paired_hierarchical,1,0,0,948c69fa52a0a115,pdhR->cyoD,shared_complete_observation_shared_scores,maximum,prefix,complete,0,5000,0.6,0.0,instrument_error,2151398048,921666314,2151398048,pdhR,cyoD,False,identifiable,arcA|btsR|cra|crp|cusR|fis|fnr|fur|gadE|glaR|hprR|ompR|rpoD|rpoS,5000,-0.17128202518449617,0.01978250902436775,1.1560472370797006,-8.658255885212233,-0.1480341240128047,5636,,,,[],0,,False,True,
csd-20260805_174708,paired_hierarchical,1,0,0,948c69fa52a0a115,pdhR->cyoE,shared_complete_observation_shared_scores,maximum,prefix,complete,0,5000,0.6,0.0,instrument_error,2151398048,921666314,2151398048,pdhR,cyoE,False,identifiable,arcA|btsR|cra|crp|cusR|fis|fnr|fur|gadE|glaR|hprR|ompR|rpoD|rpoS,5000,-0.23441903890342886,0.02372847591824089,1.6632308192011884,-9.879228641196587,-0.15387545894481286,5636,,,,[],0,,False,True,
csd-20260805_174708,paired_hierarchical,1,0,0,948c69fa52a0a115,pdhR->ddlB,shared_complete_observation_shared_scores,maximum,prefix,complete,0,5000,0.6,0.0,instrument_error,2151398048,921666314,2151398048,pdhR,ddlB,False,identifiable,btsR|cra|crp|fnr|glaR|lexA|ompR|rpoD|rpoS,5000,-0.18569923108616176,0.021325767802367886,1.382684936230716,-8.707739519959643,-0.18913514378714158,5636,,,,[],0,,False,True,
csd-20260805_174708,paired_hierarchical,1,0,0,948c69fa52a0a115,pdhR->fadE,shared_complete_observation_shared_scores,maximum,prefix,complete,0,5000,0.6,0.0,instrument_error,2151398048,921666314,2151398048,pdhR,fadE,False,identifiable,arcA|btsR|cpxR|cra|crp|fadR|fnr|glaR|lldR|ompR|rpoD|rpoS,5000,0.1678879041295252,0.01804575754752639,0.9842805872905824,9.30345560098353,0.17623131072266807,5636,,,,[],0,,False,True,
csd-20260805_174708,paired_hierarchical,1,0,0,948c69fa52a0a115,pdhR->fadH,shared_complete_observation_shared_scores,maximum,prefix,complete,0,5000,0.6,0.0,instrument_error,2151398048,921666314,2151398048,pdhR,fadH,False,identifiable,arcA|btsR|cra|crp|fadR|fnr|glaR|hipB|ompR|rpoD|rpoS,5000,0.2979184052549295,0.019023782560839073,1.0910602250599952,15.660313836229497,0.308330629018017,5636,,,,[],0,,False,True,
csd-20260805_174708,paired_hierarchical,1,0,0,948c69fa52a0a115,pdhR->fadL,shared_complete_observation_shared_scores,maximum,prefix,complete,0,5000,0.6,0.0,instrument_error,2151398048,921666314,2151398048,pdhR,fadL,False,identifiable,arcA|btsR|cra|crp|fadR|fnr|glaR|lldR|lrp|ompR|phoP|rob|rpoD|rpoN|rpoS,5000,0.515438746061916,0.018906849781712275,1.074086114911402,27.262010964961288,0.5119538009986876,5636,,,,[],0,,False,True,
csd-20260805_174708,paired_hierarchical,1,0,0,948c69fa52a0a115,pdhR->fadM,shared_complete_observation_shared_scores,maximum,prefix,complete,0,5000,0.6,0.0,instrument_error,2151398048,921666314,2151398048,pdhR,fadM,False,identifiable,btsR|cra|crp|fadR|fnr|glaR|ompR|rpoD|rpoE|rpoS,5000,0.2692916298265755,0.019254150413296683,1.1164296422376583,13.986160076977791,0.26490557051052555,5636,,,,[],0,,False,True,
csd-20260805_174708,paired_hierarchical,1,0,0,948c69fa52a0a115,pdhR->fecA,shared_complete_observation_shared_scores,maximum,prefix,complete,0,5000,0.6,0.0,instrument_error,2151398048,921666314,2151398048,pdhR,fecA,False,identifiable,btsR|cra|crp|fecI|fnr|fur|glaR|hypT|ompR|rpoD|rpoS,5000,0.26718295592317926,0.019284624751368988,1.1242275787069251,13.85471376124196,0.2356371080846108,5636,,,,[],0,,False,True,
csd-20260805_174708,paired_hierarchical,1,0,0,948c69fa52a0a115,pdhR->fecB,shared_complete_observation_shared_scores,maximum,prefix,complete,0,5000,0.6,0.0,instrument_error,2151398048,921666314,2151398048,pdhR,fecB,False,identifiable,btsR|cra|crp|fecI|fnr|fur|glaR|hypT|ompR|rpoD|rpoS,5000,0.40070224214892863,0.018680703723928264,1.0549170578279745,21.45006141474563,0.40351643192601755,5636,,,,[],0,,False,True,
csd-20260805_174708,paired_hierarchical,1,0,0,948c69fa52a0a115,pdhR->fecC,shared_complete_observation_shared_scores,maximum,prefix,complete,0,5000,0.6,0.0,instrument_error,2151398048,921666314,2151398048,pdhR,fecC,False,identifiable,btsR|cra|crp|fecI|fnr|fur|glaR|hypT|ompR|rpoD|rpoS,5000,0.31212935869403535,0.01917254844782252,1.1111982210197584,16.280014080730346,0.3055259166613486,5636,,,,[],0,,False,True,
csd-20260805_174708,paired_hierarchical,1,0,0,948c69fa52a0a115,pdhR->fecD,shared_complete_observation_shared_scores,maximum,prefix,complete,0,5000,0.6,0.0,instrument_error,2151398048,921666314,2151398048,pdhR,fecD,False,identifiable,btsR|cra|crp|fecI|fnr|fur|glaR|hypT|ompR|rpoD|rpoS,5000,0.21500510023067665,0.02038214343312526,1.2558320331838653,10.548699205072232,0.28007942447923945,5636,,,,[],0,,False,True,
csd-20260805_174708,paired_hierarchical,1,0,0,948c69fa52a0a115,pdhR->fecE,shared_complete_observation_shared_scores,maximum,prefix,complete,0,5000,0.6,0.0,instrument_error,2151398048,921666314,2151398048,pdhR,fecE,False,identifiable,btsR|cra|crp|fecI|fnr|fur|glaR|hypT|ompR|rpoD|rpoS,5000,0.17993472480149725,0.020662804019688168,1.2906555783814349,8.70814651438642,0.15328707250429774,5636,,,,[],0,,False,True,
csd-20260805_174708,paired_hierarchical,1,0,0,948c69fa52a0a115,pdhR->ftsA,shared_complete_observation_shared_scores,maximum,prefix,complete,0,5000,0.6,0.0,instrument_error,2151398048,921666314,2151398048,pdhR,ftsA,False,identifiable,btsR|cra|crp|fnr|glaR|lexA|ompR|rcsB|rpoD|rpoS|sdiA,5000,-0.08375593337037499,0.018540835383932246,1.0403415789246875,-4.51737646314249,-0.1357333014903631,5636,,,,[],0,,False,True,
csd-20260805_174708,paired_hierarchical,1,0,0,948c69fa52a0a115,pdhR->ftsI,shared_complete_observation_shared_scores,maximum,prefix,complete,0,5000,0.6,0.0,instrument_error,2151398048,921666314,2151398048,pdhR,ftsI,False,identifiable,btsR|cra|crp|fnr|glaR|lexA|ompR|rpoD|rpoS,5000,-0.14372715001840017,0.01879465448014272,1.073946312330122,-7.647235556804381,-0.22254757159215316,5636,,,,[],0,,False,True,
csd-20260805_174708,paired_hierarchical,1,0,0,948c69fa52a0a115,pdhR->ftsL,shared_complete_observation_shared_scores,maximum,prefix,complete,0,5000,0.6,0.0,instrument_error,2151398048,921666314,2151398048,pdhR,ftsL,False,identifiable,btsR|cra|crp|fnr|glaR|lexA|ompR|rpoD|rpoS,5000,-0.18087712730820266,0.021756368383967644,1.4390857954624232,-8.313755499814562,-0.2650449060230077,5636,,,,[],0,,False,True,
csd-20260805_174708,paired_hierarchical,1,0,0,948c69fa52a0a115,pdhR->ftsQ,shared_complete_observation_shared_scores,maximum,prefix,complete,0,5000,0.6,0.0,instrument_error,2151398048,921666314,2151398048,pdhR,ftsQ,False,identifiable,btsR|cra|crp|fnr|glaR|lexA|lrp|ompR|rpoD|rpoS|sdiA,5000,-0.18679365167606943,0.020406060857066633,1.265819295711257,-9.153831941620552,-0.23815752785344388,5636,,,,[],0,,False,True,
csd-20260805_174708,paired_hierarchical,1,0,0,948c69fa52a0a115,pdhR->ftsW,shared_complete_observation_shared_scores,maximum,prefix,complete,0,5000,0.6,0.0,instrument_error,2151398048,921666314,2151398048,pdhR,ftsW,False,identifiable,btsR|cra|crp|fnr|glaR|lexA|ompR|rpoD|rpoS,5000,-0.2001301634814116,0.019190115133532956,1.1196158542121284,-10.42881515242723,-0.24948802328673345,5636,,,,[],0,,False,True,
csd-20260805_174708,paired_hierarchical,1,0,0,948c69fa52a0a115,pdhR->ftsZ,shared_complete_observation_shared_scores,maximum,prefix,complete,0,5000,0.6,0.0,instrument_error,2151398048,921666314,2151398048,pdhR,ftsZ,False,identifiable,argR|btsR|cra|crp|dicF|fnr|glaR|lexA|ompR|rcsB|rpoD|rpoS|sdiA,5000,-0.14289856984338248,0.020373535550197452,1.256141356488636,-7.013930865916769,-0.2229306770137547,5636,,,,[],0,,False,True,
csd-20260805_174708,paired_hierarchical,1,0,0,948c69fa52a0a115,pdhR->fumD,shared_complete_observation_shared_scores,maximum,prefix,complete,0,5000,0.6,0.0,instrument_error,2151398048,921666314,2151398048,pdhR,fumD,False,identifiable,btsR|cra|crp|fnr|glaR|nac|ompR|rpoD|rpoS,5000,0.24004445704933033,0.0189617822839695,1.077941910993751,12.65938261786006,0.218838944860782,5636,,,,[],0,,False,True,
csd-20260805_174708,paired_hierarchical,1,0,0,948c69fa52a0a115,pdhR->glcA,shared_complete_observation_shared_scores,maximum,prefix,complete,0,5000,0.6,0.0,instrument_error,2151398048,921666314,2151398048,pdhR,glcA,False,identifiable,arcA|btsR|cra|crp|fnr|glaR|glcC|ihfA|ihfB|lrp|nac|ompR|rpoD|rpoS,5000,-0.10593533966538347,0.018590675676805175,0.9840230350944948,-5.698304973258969,-0.10403500490868484,5636,,,,[],0,,False,True,
csd-20260805_174708,paired_hierarchical,1,0,0,948c69fa52a0a115,pdhR->glcB,shared_complete_observation_shared_scores,maximum,prefix,complete,0,5000,0.6,0.0,instrument_error,2151398048,921666314,2151398048,pdhR,glcB,False,identifiable,arcA|btsR|cra|crp|fnr|glaR|glcC|ihfA|ihfB|ompR|rpoD|rpoS,5000,-0.48517013212543614,0.018911137488401827,1.0294005985687313,-25.65525909919434,-0.47752584747843363,5636,,,,[],0,,False,True,
csd-20260805_174708,paired_hierarchical,1,0,0,948c69fa52a0a115,pdhR->glcD,shared_complete_observation_shared_scores,maximum,prefix,complete,0,5000,0.6,0.0,instrument_error,2151398048,921666314,2151398048,pdhR,glcD,False,identifiable,arcA|btsR|cra|crp|fnr|glaR|glcC|ihfA|ihfB|lldR|ompR|rpoD|rpoS,5000,-0.29116621734096426,0.018937622743265832,1.0315504428820312,-15.375014133941505,-0.26099283889980807,5636,,,,[],0,,False,True,
csd-20260805_174708,paired_hierarchical,1,0,0,948c69fa52a0a115,pdhR->glcE,shared_complete_observation_shared_scores,maximum,prefix,complete,0,5000,0.6,0.0,instrument_error,2151398048,921666314,2151398048,pdhR,glcE,False,identifiable,arcA|btsR|cra|crp|fnr|glaR|glcC|ihfA|ihfB|ompR|rpoD|rpoS,5000,-0.18318923140589166,0.01849224199038551,0.9843017297770073,-9.906274831420411,-0.1744445955246842,5636,,,,[],0,,False,True,
csd-20260805_174708,paired_hierarchical,1,0,0,948c69fa52a0a115,pdhR->glcF,shared_complete_observation_shared_scores,maximum,prefix,complete,0,5000,0.6,0.0,instrument_error,2151398048,921666314,2151398048,pdhR,glcF,False,identifiable,arcA|btsR|cra|crp|fnr|glaR|glcC|ihfA|ihfB|ompR|rpoD|rpoS,5000,-0.1190808189415805,0.019380234286778972,1.0811032132097131,-6.144446820378039,-0.13585282094700363,5636,,,,[],0,,False,True,
csd-20260805_174708,paired_hierarchical,1,0,0,948c69fa52a0a115,pdhR->glcG,shared_complete_observation_shared_scores,maximum,prefix,complete,0,5000,0.6,0.0,instrument_error,2151398048,921666314,2151398048,pdhR,glcG,False,identifiable,arcA|btsR|cra|crp|fnr|glaR|glcC|ihfA|ihfB|ompR|rpoD|rpoS,5000,-0.5940004395452262,0.019449005656193584,1.0887894838849757,-30.54142972888001,-0.6010862077489977,5636,,,,[],0,,False,True,
csd-20260805_174708,paired_hierarchical,1,0,0,948c69fa52a0a115,pdhR->gmhA,shared_complete_observation_shared_scores,maximum,prefix,complete,0,5000,0.6,0.0,instrument_error,2151398048,921666314,2151398048,pdhR,gmhA,False,identifiable,btsR|cpxR|cra|crp|fnr|glaR|ompR|rpoD|rpoS,5000,0.1125753339838411,0.020020259839002096,1.2178350940061522,5.623070573965757,0.09078970056137217,5636,,,,[],0,,False,True,
csd-20260805_174708,paired_hierarchical,1,0,0,948c69fa52a0a115,pdhR->grcA,shared_complete_observation_shared_scores,maximum,prefix,complete,0,5000,0.6,0.0,instrument_error,2151398048,921666314,2151398048,pdhR,grcA,False,identifiable,arcA|btsR|cra|crp|fis|fnr|fur|glaR|ompR|rpoD|rpoS,5000,-0.09137020787769629,0.01813705871546107,0.974583156524301,-5.03776325098441,-0.1293584889758389,5636,,,,[],0,,False,True,
csd-20260805_174708,paired_hierarchical,1,0,0,948c69fa52a0a115,pdhR->hemL,shared_complete_observation_shared_scores,maximum,prefix,complete,0,5000,0.6,0.0,instrument_error,2151398048,921666314,2151398048,pdhR,hemL,False,identifiable,btsR|cra|crp|fliA|fnr|glaR|ompR|phoP|rpoD|rpoS,5000,-0.1710377172350175,0.01903156108782693,1.0737215830679647,-8.987056629023332,-0.17613790249734365,5636,,,,[],0,,False,True,
csd-20260805_174708,paired_hierarchical,1,0,0,948c69fa52a0a115,pdhR->hha,shared_complete_observation_shared_scores,maximum,prefix,complete,0,5000,0.6,0.0,instrument_error,2151398048,921666314,2151398048,pdhR,hha,False,identifiable,basR|btsR|cpxR|cra|crp|fnr|glaR|ompR|rpoD|rpoS,5000,-0.11930005342736841,0.019852691252878026,1.1974534834889476,-6.009263525421199,-0.16218816566993272,5636,,,,[],0,,False,True,
csd-20260805_174708,paired_hierarchical,1,0,0,948c69fa52a0a115,pdhR->lldP,shared_complete_observation_shared_scores,maximum,prefix,complete,0,5000,0.6,0.0,instrument_error,2151398048,921666314,2151398048,pdhR,lldP,False,identifiable,arcA|btsR|cra|crp|fnr|glaR|lldR|ompR|rpoD|rpoS|spf,5000,-0.4171356224547136,0.018450626733034648,1.031877768796381,-22.6082088424595,-0.4237769586044434,5636,,,,[],0,,False,True,
csd-20260805_174708,paired_hierarchical,1,0,0,948c69fa52a0a115,pdhR->lpd,shared_complete_observation_shared_scores,maximum,prefix,complete,0,5000,0.6,0.0,instrument_error,2151398048,921666314,2151398048,pdhR,lpd,False,identifiable,arcA|btsR|cra|crp|fis|fnr|fur|glaR|ompR|rpoD|rpoS,5000,-0.44570783408896414,0.018512844893091285,1.0153867884934515,-24.075599221127575,-0.4686910769331225,5636,,,,[],0,,False,True,
csd-20260805_174708,paired_hierarchical,1,0,0,948c69fa52a0a115,pdhR->lpxC,shared_complete_observation_shared_scores,maximum,prefix,complete,0,5000,0.6,0.0,instrument_error,2151398048,921666314,2151398048,pdhR,lpxC,False,identifiable,btsR|cra|crp|fnr|glaR|lexA|ompR|rpoD|rpoS,5000,-0.14248066262173822,0.01927499254426176,1.129541824113628,-7.391995732011595,-0.16764716713697284,5636,,,,[],0,,False,True,
csd-20260805_174708,paired_hierarchical,1,0,0,948c69fa52a0a115,pdhR->mraY,shared_complete_observation_shared_scores,maximum,prefix,complete,0,5000,0.6,0.0,instrument_error,2151398048,921666314,2151398048,pdhR,mraY,False,identifiable,btsR|cra|crp|fnr|glaR|lexA|ompR|rpoD|rpoS,5000,0.08758673294159673,0.02165992452935637,1.4263554210396874,4.043722905076964,-0.08871933775547025,5636,,,,[],0,,False,True,
csd-20260805_174708,paired_hierarchical,1,0,0,948c69fa52a0a115,pdhR->mraZ,shared_complete_observation_shared_scores,maximum,prefix,complete,0,5000,0.6,0.0,instrument_error,2151398048,921666314,2151398048,pdhR,mraZ,False,identifiable,btsR|cra|crp|fnr|glaR|ompR|rpoD|rpoS,5000,-0.21554758191780488,0.01775037451495749,0.9579979333231633,-12.143269525731531,-0.25830352659509836,5636,,,,[],0,,False,True,
csd-20260805_174708,paired_hierarchical,1,0,0,948c69fa52a0a115,pdhR->murC,shared_complete_observation_shared_scores,maximum,prefix,complete,0,5000,0.6,0.0,instrument_error,2151398048,921666314,2151398048,pdhR,murC,False,identifiable,btsR|cra|crp|fnr|glaR|lexA|ompR|rpoD|rpoS,5000,-0.2697910298238226,0.01853936092098917,1.0449689774847526,-14.55233710447813,-0.2722260147872948,5636,,,,[],0,,False,True,
csd-20260805_174708,paired_hierarchical,1,0,0,948c69fa52a0a115,pdhR->murD,shared_complete_observation_shared_scores,maximum,prefix,complete,0,5000,0.6,0.0,instrument_error,2151398048,921666314,2151398048,pdhR,murD,False,identifiable,btsR|cra|crp|fnr|glaR|lexA|ompR|rpoD|rpoS,5000,-0.14155529088346006,0.018058470172660088,0.9914613556152952,-7.838719976278498,-0.1692046266163352,5636,,,,[],0,,False,True,
csd-20260805_174708,paired_hierarchical,1,0,0,948c69fa52a0a115,pdhR->murE,shared_complete_observation_shared_scores,maximum,prefix,complete,0,5000,0.6,0.0,instrument_error,2151398048,921666314,2151398048,pdhR,murE,False,identifiable,btsR|cra|crp|fnr|glaR|lexA|ompR|rpoD|rpoS,5000,-0.1065667213777576,0.017944948748831062,0.9790352382202008,-5.9385358447847,-0.12568511967497004,5636,,,,[],0,,False,True,
csd-20260805_174708,paired_hierarchical,1,0,0,948c69fa52a0a115,pdhR->murF,shared_complete_observation_shared_scores,maximum,prefix,complete,0,5000,0.6,0.0,instrument_error,2151398048,921666314,2151398048,pdhR,murF,False,identifiable,btsR|cra|crp|fnr|glaR|lexA|ompR|rpoD|rpoS,5000,-0.2829661709508673,0.018349177959507818,1.023639661000308,-15.421190615476341,-0.2943482138064734,5636,,,,[],0,,False,True,
csd-20260805_174708,paired_hierarchical,1,0,0,948c69fa52a0a115,pdhR->murG,shared_complete_observation_shared_scores,maximum,prefix,complete,0,5000,0.6,0.0,instrument_error,2151398048,921666314,2151398048,pdhR,murG,False,identifiable,btsR|cra|crp|fnr|glaR|lexA|ompR|rpoD|rpoS,5000,-0.39548020126929684,0.018335023667511545,1.0220610282756988,-21.569658618443004,-0.41550492247483783,5636,,,,[],0,,False,True,
csd-20260805_174708,paired_hierarchical,1,0,0,948c69fa52a0a115,pdhR->ndh,shared_complete_observation_shared_scores,maximum,prefix,complete,0,5000,0.6,0.0,instrument_error,2151398048,921666314,2151398048,pdhR,ndh,False,identifiable,arcA|btsR|cra|crp|fis|fnr|fur|glaR|ihfA|ihfB|nsrR|ompR|rpoD|rpoS,5000,-0.23033687250007046,0.024088606643692317,1.642021898729991,-9.562067076236845,-0.24046762106275915,5636,,,,[],0,,False,True,
csd-20260805_174708,paired_hierarchical,1,0,0,948c69fa52a0a115,pdhR->ppsA,shared_complete_observation_shared_scores,maximum,prefix,complete,0,5000,0.6,0.0,instrument_error,2151398048,921666314,2151398048,pdhR,ppsA,False,identifiable,btsR|cra|crp|fnr|glaR|lrp|ompR|rpoD|rpoS,5000,0.3184714761642556,0.019884783738463516,1.2021755405559573,16.015838057530903,0.31656391692674424,5636,,,,[],0,,False,True,
csd-20260805_174708,paired_hierarchical,1,0,0,948c69fa52a0a115,pdhR->ppsR,shared_complete_observation_shared_scores,maximum,prefix,complete,0,5000,0.6,0.0,instrument_error,2151398048,921666314,2151398048,pdhR,ppsR,False,identifiable,btsR|cra|crp|fnr|glaR|ompR|rpoD|rpoS,5000,0.3324859827293375,0.018106730742528256,0.99684955129983,18.36256293072331,0.343794900248911,5636,,,,[],0,,False,True,
csd-20260805_174708,paired_hierarchical,1,0,0,948c69fa52a0a115,pdhR->rsmH,shared_complete_observation_shared_scores,maximum,prefix,complete,0,5000,0.6,0.0,instrument_error,2151398048,921666314,2151398048,pdhR,rsmH,False,identifiable,btsR|cra|crp|fnr|glaR|ompR|rpoD|rpoS,5000,-0.3797693889284705,0.01867633499960731,1.0605541348037668,-20.334256637421397,-0.40201267738171936,5636,,,,[],0,,False,True,
csd-20260805_174708,paired_hierarchical,1,0,0,948c69fa52a0a115,pdhR->tomB,shared_complete_observation_shared_scores,maximum,prefix,complete,0,5000,0.6,0.0,instrument_error,2151398048,921666314,2151398048,pdhR,tomB,False,identifiable,basR|btsR|cpxR|cra|crp|fnr|glaR|nac|ompR|rpoD|rpoS,5000,-0.1344406896656634,0.03371286911780317,3.405616798404422,-3.987815133618148,-0.1581529118212229,5636,,,,[],0,,False,True,
csd-20260805_174708,paired_hierarchical,1,0,0,948c69fa52a0a115,pdhR->ybcV,shared_complete_observation_shared_scores,maximum,prefix,complete,0,5000,0.6,0.0,instrument_error,2151398048,921666314,2151398048,pdhR,ybcV,False,identifiable,btsR|cra|crp|fnr|glaR|nac|ompR|rpoD|rpoS,5000,0.14332770580405885,0.021207713166506544,1.3484185804461308,6.758281983482173,0.19629968869266895,5636,,,,[],0,,False,True,
csd-20260805_174708,paired_hierarchical,1,0,0,948c69fa52a0a115,pdhR->ybcW,shared_complete_observation_shared_scores,maximum,prefix,complete,0,5000,0.6,0.0,instrument_error,2151398048,921666314,2151398048,pdhR,ybcW,False,identifiable,btsR|cra|crp|fnr|glaR|ompR|rpoD|rpoS,5000,0.19508100235749365,0.018675570788996322,1.0604673436703518,10.44578527540565,0.2228931541321753,5636,,,,[],0,,False,True,
csd-20260805_174708,paired_hierarchical,1,0,0,948c69fa52a0a115,c0293->fadR,shared_complete_observation_shared_scores,maximum,prefix,complete,0,5000,0.6,0.0,instrument_error,2151398048,921666314,2151398048,c0293,fadR,False,identifiable,dksA|rpoD,5000,-0.5581465743481584,0.012089824159795102,1.2151280619362523,-46.16664121586512,-0.5067308381050665,5636,,,,[],0,,False,True,
csd-20260805_174708,paired_hierarchical,1,0,0,948c69fa52a0a115,c0293->hcaR,shared_complete_observation_shared_scores,maximum,prefix,complete,0,5000,0.6,0.0,instrument_error,2151398048,921666314,2151398048,c0293,hcaR,False,identifiable,fur|nac,5000,-0.5824359732833357,0.012344742503081341,1.2721896527833514,-47.18089284875366,-0.6896011437937986,5636,,,,[],0,,False,True,
csd-20260805_174708,paired_hierarchical,1,0,0,948c69fa52a0a115,fadR->accA,shared_complete_observation_shared_scores,maximum,prefix,complete,0,5000,0.6,0.0,instrument_error,2151398048,921666314,2151398048,fadR,accA,False,identifiable,c0293|dksA|rpoD,5000,0.3047597003062472,0.012409198492418972,0.93482849746,24.559176847113132,0.4292361280957233,5636,,,,[],0,,False,True,
csd-20260805_174708,paired_hierarchical,1,0,0,948c69fa52a0a115,fadR->accB,shared_complete_observation_shared_scores,maximum,prefix,complete,0,5000,0.6,0.0,instrument_error,2151398048,921666314,2151398048,fadR,accB,False,identifiable,c0293|dksA|rpoD,5000,0.16986925757974972,0.01202467121195832,0.8777905498073025,14.126727840243797,0.18231407031784222,5636,,,,[],0,,False,True,
csd-20260805_174708,paired_hierarchical,1,0,0,948c69fa52a0a115,fadR->accC,shared_complete_observation_shared_scores,maximum,prefix,complete,0,5000,0.6,0.0,instrument_error,2151398048,921666314,2151398048,fadR,accC,False,identifiable,c0293|dksA|rpoD,5000,0.05241339846805247,0.015201704332693487,1.4029075195390384,3.4478633001254866,0.11792980642902048,5636,,,,[],0,,False,True,
csd-20260805_174708,paired_hierarchical,1,0,0,948c69fa52a0a115,fadR->accD,shared_complete_observation_shared_scores,maximum,prefix,complete,0,5000,0.6,0.0,instrument_error,2151398048,921666314,2151398048,fadR,accD,False,identifiable,c0293|dksA|rpoD,5000,0.15114670493345517,0.011853021800263448,0.8529089005496682,12.751744447993486,0.23059193675946504,5636,,,,[],0,,False,True,
csd-20260805_174708,paired_hierarchical,1,0,0,948c69fa52a0a115,fadR->fabA,shared_complete_observation_shared_scores,maximum,prefix,complete,0,5000,0.6,0.0,instrument_error,2151398048,921666314,2151398048,fadR,fabA,False,identifiable,c0293|dksA|fabR|rpoD,5000,0.24991373029100938,0.014798151023635605,1.329327237163619,16.888172711026346,0.2445912654179741,5636,,,,[],0,,False,True,
csd-20260805_174708,paired_hierarchical,1,0,0,948c69fa52a0a115,fadR->fabB,shared_complete_observation_shared_scores,maximum,prefix,complete,0,5000,0.6,0.0,instrument_error,2151398048,921666314,2151398048,fadR,fabB,False,identifiable,c0293|dksA|fabR|rpoD,5000,0.4152894478962914,0.01316553617650272,1.052189816901723,31.543679066978072,0.41145709803727815,5636,,,,[],0,,False,True,
csd-20260805_174708,paired_hierarchical,1,0,0,948c69fa52a0a115,fadR->fabD,shared_complete_observation_shared_scores,maximum,prefix,complete,0,5000,0.6,0.0,instrument_error,2151398048,921666314,2151398048,fadR,fabD,False,identifiable,c0293|dksA|rpoD,5000,0.4484592288161616,0.013801412301971197,1.1563559529019733,32.493720135591495,0.47459222079600943,5636,,,,[],0,,False,True,
csd-20260805_174708,paired_hierarchical,1,0,0,948c69fa52a0a115,fadR->fabG,shared_complete_observation_shared_scores,maximum,prefix,complete,0,5000,0.6,0.0,instrument_error,2151398048,921666314,2151398048,fadR,fabG,False,identifiable,c0293|dksA|rpoD,5000,0.35618341575830414,0.013269323761340952,1.0689122680120735,26.842620028310282,0.3678661689337082,5636,,,,[],0,,False,True,
csd-20260805_174708,paired_hierarchical,1,0,0,948c69fa52a0a115,fadR->fabH,shared_complete_observation_shared_scores,maximum,prefix,complete,0,5000,0.6,0.0,instrument_error,2151398048,921666314,2151398048,fadR,fabH,False,identifiable,c0293|dksA|rpoD,5000,0.1787350251148784,0.012681816867631458,0.9763542815545484,14.09380272404613,0.16517619181290072,5636,,,,[],0,,False,True,
csd-20260805_174708,paired_hierarchical,1,0,0,948c69fa52a0a115,fadR->fabI,shared_complete_observation_shared_scores,maximum,prefix,complete,0,5000,0.6,0.0,instrument_error,2151398048,921666314,2151398048,fadR,fabI,False,identifiable,c0293|dksA|rpoD,5000,0.08782809368148643,0.013047795456956151,1.0335197019472293,6.731259236184821,0.08628188454499378,5636,,,,[],0,,False,True,
csd-20260805_174708,paired_hierarchical,1,0,0,948c69fa52a0a115,fadR->fadA,shared_complete_observation_shared_scores,maximum,prefix,complete,0,5000,0.6,0.0,instrument_error,2151398048,921666314,2151398048,fadR,fadA,False,identifiable,arcA|c0293|dksA|fis|rob|rpoD,5000,-0.08917603365322664,0.01355630741727633,1.1149099620224983,-6.57819499870441,-0.08101123356234353,5636,,,,[],0,,False,True,
csd-20260805_174708,paired_hierarchical,1,0,0,948c69fa52a0a115,fadR->fadB,shared_complete_observation_shared_scores,maximum,prefix,complete,0,5000,0.6,0.0,instrument_error,2151398048,921666314,2151398048,fadR,fadB,False,identifiable,arcA|c0293|dksA|fis|rob|rpoD,5000,-0.1429235347639134,0.013600862707919392,1.1222507177448495,-10.508416843344293,-0.1487448880702921,5636,,,,[],0,,False,True,
csd-20260805_174708,paired_hierarchical,1,0,0,948c69fa52a0a115,fadR->fadD,shared_complete_observation_shared_scores,maximum,prefix,complete,0,5000,0.6,0.0,instrument_error,2151398048,921666314,2151398048,fadR,fadD,False,identifiable,arcA|c0293|crp|dksA|rob|rpoD,5000,-0.11539953389814932,0.0142125607618022,1.2239974126849833,-8.11954550852638,-0.12935357232551387,5636,,,,[],0,,False,True,
csd-20260805_174708,paired_hierarchical,1,0,0,948c69fa52a0a115,fadR->fadE,shared_complete_observation_shared_scores,maximum,prefix,complete,0,5000,0.6,0.0,instrument_error,2151398048,921666314,2151398048,fadR,fadE,False,identifiable,arcA|c0293|cpxR|dksA|lldR|ompR|pdhR|rpoD,5000,-0.24467171617201566,0.012745304895828787,0.9851024957171189,-19.197007695915573,-0.2259794828063416,5636,,,,[],0,,False,True,
csd-20260805_174708,paired_hierarchical,1,0,0,948c69fa52a0a115,fadR->fadH,shared_complete_observation_shared_scores,maximum,prefix,complete,0,5000,0.6,0.0,instrument_error,2151398048,921666314,2151398048,fadR,fadH,False,identifiable,arcA|c0293|crp|dksA|hipB|pdhR|rpoD,5000,-0.22050250622688178,0.013423655286945434,1.0919453337163152,-16.426413038281865,-0.22596208257656927,5636,,,,[],0,,False,True,
csd-20260805_174708,paired_hierarchical,1,0,0,948c69fa52a0a115,fadR->fadI,shared_complete_observation_shared_scores,maximum,prefix,complete,0,5000,0.6,0.0,instrument_error,2151398048,921666314,2151398048,fadR,fadI,False,identifiable,arcA|c0293|cpxR|dksA|lrp|rpoD,5000,-0.2068243073520086,0.013953839290447937,1.1816783918008629,-14.822035931973906,-0.19318506119845782,5636,,,,[],0,,False,True,
csd-20260805_174708,paired_hierarchical,1,0,0,948c69fa52a0a115,fadR->fadJ,shared_complete_observation_shared_scores,maximum,prefix,complete,0,5000,0.6,0.0,instrument_error,2151398048,921666314,2151398048,fadR,fadJ,False,identifiable,arcA|c0293|dksA|rpoD,5000,-0.17277714233103664,0.013880581874362386,1.1695327569025247,-12.447399100044809,-0.1699995150830245,5636,,,,[],0,,False,True,
csd-20260805_174708,paired_hierarchical,1,0,0,948c69fa52a0a115,fadR->fadL,shared_complete_observation_shared_scores,maximum,prefix,complete,0,5000,0.6,0.0,instrument_error,2151398048,921666314,2151398048,fadR,fadL,False,identifiable,arcA|c0293|crp|dksA|lldR|lrp|ompR|pdhR|phoP|rob|rpoD|rpoN|rpoS,5000,-0.26191770405684006,0.013346053820968401,1.0759273570722223,-19.62510473660259,-0.267594702173648,5636,,,,[],0,,False,True,
csd-20260805_174708,paired_hierarchical,1,0,0,948c69fa52a0a115,fadR->fadM,shared_complete_observation_shared_scores,maximum,prefix,complete,0,5000,0.6,0.0,instrument_error,2151398048,921666314,2151398048,fadR,fadM,False,identifiable,c0293|dksA|pdhR|rpoD|rpoE,5000,-0.33068529412667247,0.01389318316558908,1.1715131977994564,-23.801981891789964,-0.32929406877401607,5636,,,,[],0,,False,True,
csd-20260805_174708,paired_hierarchical,1,0,0,948c69fa52a0a115,fadR->iclR,shared_complete_observation_shared_scores,maximum,prefix,complete,0,5000,0.6,0.0,instrument_error,2151398048,921666314,2151398048,fadR,iclR,False,identifiable,c0293|dksA|flhC|flhD|rpoD,5000,0.2228102558354219,0.017583036959541446,1.8766869965949222,12.67188690714284,0.23850473525785992,5636,,,,[],0,,False,True,
csd-20260805_174708,paired_hierarchical,1,0,0,948c69fa52a0a115,fadR->uspA,shared_complete_observation_shared_scores,maximum,prefix,complete,0,5000,0.6,0.0,instrument_error,2151398048,921666314,2151398048,fadR,uspA,False,identifiable,c0293|dksA|ihfA|ihfB|nac|rpoD,5000,-0.16566938806526693,0.012886479008477707,1.006356951601199,-12.856063161727652,-0.17195865959066867,5636,,,,[],0,,False,True,
csd-20260805_174708,paired_hierarchical,1,0,0,948c69fa52a0a115,hcaR->hcaB,shared_complete_observation_shared_scores,maximum,prefix,complete,0,5000,0.6,0.0,instrument_error,2151398048,921666314,2151398048,hcaR,hcaB,False,identifiable,c0293|fur|nac,5000,0.22583849333331024,0.01290412770588098,1.0583555546301584,17.501259944163888,0.30278143845833677,5636,,,,[],0,,False,True,
csd-20260805_174708,paired_hierarchical,1,0,0,948c69fa52a0a115,hcaR->hcaC,shared_complete_observation_shared_scores,maximum,prefix,complete,0,5000,0.6,0.0,instrument_error,2151398048,921666314,2151398048,hcaR,hcaC,False,identifiable,c0293|fur|nac,5000,0.46120957687612074,0.015370929461580727,1.5016701492465803,30.005314774809364,0.2975604160677373,5636,,,,[],0,,False,True,
csd-20260805_174708,paired_hierarchical,1,0,0,948c69fa52a0a115,hcaR->hcaD,shared_complete_observation_shared_scores,maximum,prefix,complete,0,5000,0.6,0.0,instrument_error,2151398048,921666314,2151398048,hcaR,hcaD,False,identifiable,c0293|fur|nac,5000,0.3937069566052924,0.01647418158196517,1.7249717452329618,23.898422792443686,0.22784864019829154,5636,,,,[],0,,False,True,
csd-20260805_174708,paired_hierarchical,1,0,0,948c69fa52a0a115,hcaR->hcaE,shared_complete_observation_shared_scores,maximum,prefix,complete,0,5000,0.6,0.0,instrument_error,2151398048,921666314,2151398048,hcaR,hcaE,False,identifiable,c0293|fur|nac,5000,0.646988025113711,0.01458470804364761,1.3519784474669052,44.36071145047758,0.7549251216716445,5636,,,,[],0,,False,True,
csd-20260805_174708,paired_hierarchical,1,0,0,948c69fa52a0a115,hcaR->hcaF,shared_complete_observation_shared_scores,maximum,prefix,complete,0,5000,0.6,0.0,instrument_error,2151398048,921666314,2151398048,hcaR,hcaF,False,identifiable,c0293|fur|nac,5000,0.28623956129035766,0.012529396295338509,0.9977795081489916,22.845439200997376,0.2793526175897282,5636,,,,[],0,,False,True,
csd-20260805_174708,paired_hierarchical,1,0,0,948c69fa52a0a115,cadC->cadA,shared_complete_observation_shared_scores,maximum,prefix,complete,0,5000,0.6,0.0,instrument_error,2151398048,921666314,2151398048,cadC,cadA,False,identifiable,arcA|fnr|fur|gadE|gadX|glaR|hns|leuO|lrp|mlrA|ompR|rcsB|rpoD|soxS,5000,0.3728757818413803,0.011949530143010107,1.3650240800480016,31.20422120191014,0.3554509657826936,5636,,,,[],0,,False,True,
csd-20260805_174708,paired_hierarchical,1,0,0,948c69fa52a0a115,cadC->cadB,shared_complete_observation_shared_scores,maximum,prefix,complete,0,5000,0.6,0.0,instrument_error,2151398048,921666314,2151398048,cadC,cadB,False,identifiable,arcA|fnr|fur|gadE|gadX|glaR|hns|leuO|lrp|mlrA|ompR|rcsB|rpoD,5000,0.5307527758870547,0.011350216480916614,1.2321157844069979,46.761467217777025,0.5291286985447259,5636,,,,[],0,,False,True,
csd-20260805_174708,paired_hierarchical,1,0,0,948c69fa52a0a115,caiF->caiA,shared_complete_observation_shared_scores,maximum,prefix,complete,0,5000,0.6,0.0,instrument_error,2151398048,921666314,2151398048,caiF,caiA,False,identifiable,arcA|crp|fnr|hns|nac|narL|rpoD|spf,5000,0.11049827115300452,0.01606482659065954,1.2904495465696417,6.878273508240093,0.1208609620522718,5636,,,,[],0,,False,True,
csd-20260805_174708,paired_hierarchical,1,0,0,948c69fa52a0a115,caiF->caiB,shared_complete_observation_shared_scores,maximum,prefix,complete,0,5000,0.6,0.0,instrument_error,2151398048,921666314,2151398048,caiF,caiB,False,identifiable,arcA|crp|fnr|hns|nac|narL|rpoD,5000,0.42045217459922574,0.014263147148015912,1.0172708432635775,29.478218953782097,0.39839616023968916,5636,,,,[],0,,False,True,
csd-20260805_174708,paired_hierarchical,1,0,0,948c69fa52a0a115,caiF->caiC,shared_complete_observation_shared_scores,maximum,prefix,complete,0,5000,0.6,0.0,instrument_error,2151398048,921666314,2151398048,caiF,caiC,False,identifiable,arcA|crp|fnr|hns|nac|narL|rpoD,5000,0.10749036633847003,0.01602091278436003,1.2834542251788075,6.709378409662433,0.14157821662819467,5636,,,,[],0,,False,True,
csd-20260805_174708,paired_hierarchical,1,0,0,948c69fa52a0a115,caiF->caiD,shared_complete_observation_shared_scores,maximum,prefix,complete,0,5000,0.6,0.0,instrument_error,2151398048,921666314,2151398048,caiF,caiD,False,identifiable,arcA|crp|fnr|hns|nac|narL|rpoD,5000,0.26618184914705467,0.014407616363893292,1.0379827673557929,18.475078904386223,0.27165443141834866,5636,,,,[],0,,False,True,
csd-20260805_174708,paired_hierarchical,1,0,0,948c69fa52a0a115,caiF->caiE,shared_complete_observation_shared_scores,maximum,prefix,complete,0,5000,0.6,0.0,instrument_error,2151398048,921666314,2151398048,caiF,caiE,False,identifiable,arcA|crp|fnr|hns|nac|narL|rpoD,5000,0.2461046332208088,0.014494484909905276,1.0505372217262916,16.979191378689507,0.24844108612592913,5636,,,,[],0,,False,True,
csd-20260805_174708,paired_hierarchical,1,0,0,948c69fa52a0a115,caiF->caiT,shared_complete_observation_shared_scores,maximum,prefix,complete,0,5000,0.6,0.0,instrument_error,2151398048,921666314,2151398048,caiF,caiT,False,identifiable,arcA|crp|fnr|hns|nac|narL|rpoD,5000,0.45544599634077054,0.01488384405398733,1.107735550500573,30.60002474419625,0.461300616290422,5636,,,,[],0,,False,True,
csd-20260805_174708,paired_hierarchical,1,0,0,948c69fa52a0a115,caiF->fixA,shared_complete_observation_shared_scores,maximum,prefix,complete,0,5000,0.6,0.0,instrument_error,2151398048,921666314,2151398048,caiF,fixA,False,identifiable,crp|fnr|hns|nac|narL|rpoD,5000,0.32193593985004865,0.014842403829377184,1.101578455914633,21.690283026314727,0.33548878052643244,5636,,,,[],0,,False,True,
csd-20260805_174708,paired_hierarchical,1,0,0,948c69fa52a0a115,caiF->fixB,shared_complete_observation_shared_scores,maximum,prefix,complete,0,5000,0.6,0.0,instrument_error,2151398048,921666314,2151398048,caiF,fixB,False,identifiable,crp|fnr|hns|nac|narL|rpoD,5000,0.17712328492562784,0.014416152509400749,1.0392156601212503,12.286446387836564,0.19101579202003363,5636,,,,[],0,,False,True,
csd-20260805_174708,paired_hierarchical,1,0,0,948c69fa52a0a115,caiF->fixC,shared_complete_observation_shared_scores,maximum,prefix,complete,0,5000,0.6,0.0,instrument_error,2151398048,921666314,2151398048,caiF,fixC,False,identifiable,crp|fnr|hns|nac|narL|rpoD,5000,0.12739189583140423,0.015285053013259409,1.1682635989800652,8.334409813357853,0.13449073385795265,5636,,,,[],0,,False,True,
csd-20260805_174708,paired_hierarchical,1,0,0,948c69fa52a0a115,caiF->fixX,shared_complete_observation_shared_scores,maximum,prefix,complete,0,5000,0.6,0.0,instrument_error,2151398048,921666314,2151398048,caiF,fixX,False,identifiable,crp|fnr|hns|nac|narL|rpoD,5000,0.31455821816949453,0.018359289404657274,1.6854609001977314,17.133463678049505,0.3342264713664342,5636,,,,[],0,,False,True,
csd-20260805_174708,paired_hierarchical,1,0,0,948c69fa52a0a115,cbl->ssuA,shared_complete_observation_shared_scores,maximum,prefix,complete,0,5000,0.6,0.0,instrument_error,2151398048,921666314,2151398048,cbl,ssuA,False,identifiable,cpxR|cysB|fnr|glnG|ihfA|ihfB|lrp|rpoD|yeiE,5000,0.125314637139054,0.012229510136652664,1.0973007598263416,10.246905700946893,0.13489669856717265,5636,,,,[],0,,False,True,
csd-20260805_174708,paired_hierarchical,1,0,0,948c69fa52a0a115,cbl->ssuB,shared_complete_observation_shared_scores,maximum,prefix,complete,0,5000,0.6,0.0,instrument_error,2151398048,921666314,2151398048,cbl,ssuB,False,identifiable,cpxR|cysB|fnr|glnG|ihfA|ihfB|lrp|rpoD,5000,0.13655249955668208,0.011958881454443992,1.0496983032773082,11.418500975769632,0.13487291008693936,5636,,,,[],0,,False,True,
csd-20260805_174708,paired_hierarchical,1,0,0,948c69fa52a0a115,cbl->ssuC,shared_complete_observation_shared_scores,maximum,prefix,complete,0,5000,0.6,0.0,instrument_error,2151398048,921666314,2151398048,cbl,ssuC,False,identifiable,cpxR|cysB|fnr|glnG|ihfA|ihfB|lrp|rpoD,5000,0.16559553157218487,0.01167905381772205,1.0011489423774496,14.178848231772562,0.18066136681388695,5636,,,,[],0,,False,True,
csd-20260805_174708,paired_hierarchical,1,0,0,948c69fa52a0a115,cbl->ssuD,shared_complete_observation_shared_scores,maximum,prefix,complete,0,5000,0.6,0.0,instrument_error,2151398048,921666314,2151398048,cbl,ssuD,False,identifiable,cpxR|cysB|fnr|glnG|ihfA|ihfB|lrp|rpoD,5000,0.22564877692669363,0.011953275272106942,1.0487143616357595,18.877568849539234,0.24732265451352128,5636,,,,[],0,,False,True,
csd-20260805_174708,paired_hierarchical,1,0,0,948c69fa52a0a115,cbl->ssuE,shared_complete_observation_shared_scores,maximum,prefix,complete,0,5000,0.6,0.0,instrument_error,2151398048,921666314,2151398048,cbl,ssuE,False,identifiable,cpxR|cysB|fnr|glnG|ihfA|ihfB|lrp|nac|rpoD,5000,0.08884774545341731,0.012898576790312985,1.2061337529573681,6.888182076036732,0.07182196240395226,5636,,,,[],0,,False,True,
csd-20260805_174708,paired_hierarchical,1,0,0,948c69fa52a0a115,cbl->tauA,shared_complete_observation_shared_scores,maximum,prefix,complete,0,5000,0.6,0.0,instrument_error,2151398048,921666314,2151398048,cbl,tauA,False,identifiable,cpxR|cysB|fur|glnG|lrp|nac|rpoD,5000,0.22394966643141404,0.012420985029037603,1.1200460502143605,18.029944155625955,0.21240923737115736,5636,,,,[],0,,False,True,
csd-20260805_174708,paired_hierarchical,1,0,0,948c69fa52a0a115,cbl->tauB,shared_complete_observation_shared_scores,maximum,prefix,complete,0,5000,0.6,0.0,instrument_error,2151398048,921666314,2151398048,cbl,tauB,False,identifiable,cpxR|cysB|fur|glnG|lrp|rpoD,5000,0.3293325469317402,0.013714752007400645,1.383396859400098,24.013015091634788,0.3263513054014365,5636,,,,[],0,,False,True,
csd-20260805_174708,paired_hierarchical,1,0,0,948c69fa52a0a115,cbl->tauC,shared_complete_observation_shared_scores,maximum,prefix,complete,0,5000,0.6,0.0,instrument_error,2151398048,921666314,2151398048,cbl,tauC,False,identifiable,cpxR|cysB|fur|glnG|lrp|rpoD,5000,0.3772458053930478,0.01424359596808815,1.492142015848102,26.48529249483364,0.3092342371242649,5636,,,,[],0,,False,True,
csd-20260805_174708,paired_hierarchical,1,0,0,948c69fa52a0a115,cbl->tauD,shared_complete_observation_shared_scores,maximum,prefix,complete,0,5000,0.6,0.0,instrument_error,2151398048,921666314,2151398048,cbl,tauD,False,identifiable,cpxR|cysB|glnG|lrp|rpoD,5000,0.4053689619056721,0.012082272951405779,1.0736695986650222,33.55072042620153,0.4127768887695329,5636,,,,[],0,,False,True,
csd-20260805_174708,paired_hierarchical,1,0,0,948c69fa52a0a115,cdaR->garD,shared_complete_observation_shared_scores,maximum,prefix,complete,0,5000,0.6,0.0,instrument_error,2151398048,921666314,2151398048,cdaR,garD,False,identifiable,fnr|nac,5000,0.18443554881817167,0.010558214015324358,1.029149564824771,17.468441968544965,0.1432827979466912,5636,,,,[],0,,False,True,
csd-20260805_174708,paired_hierarchical,1,0,0,948c69fa52a0a115,cdaR->garK,shared_complete_observation_shared_scores,maximum,prefix,complete,0,5000,0.6,0.0,instrument_error,2151398048,921666314,2151398048,cdaR,garK,False,identifiable,fnr|fur|hns|nac|rpoD,5000,0.37023008283118847,0.010947036403180897,1.008368229097291,33.82011982015609,0.3579065948342678,5636,,,,[],0,,False,True,
csd-20260805_174708,paired_hierarchical,1,0,0,948c69fa52a0a115,cdaR->garL,shared_complete_observation_shared_scores,maximum,prefix,complete,0,5000,0.6,0.0,instrument_error,2151398048,921666314,2151398048,cdaR,garL,False,identifiable,fnr|fur|hns|nac|rpoD,5000,0.3231911997827779,0.011450605149655237,1.103272790713512,28.224813934179604,0.32117264181463573,5636,,,,[],0,,False,True,
csd-20260805_174708,paired_hierarchical,1,0,0,948c69fa52a0a115,cdaR->garP,shared_complete_observation_shared_scores,maximum,prefix,complete,0,5000,0.6,0.0,instrument_error,2151398048,921666314,2151398048,cdaR,garP,False,identifiable,fnr|fur|hns|nac|rpoD,5000,0.45836727642913644,0.011375464398294753,1.0888405853909178,40.29437923412149,0.46945111650873755,5636,,,,[],0,,False,True,
csd-20260805_174708,paired_hierarchical,1,0,0,948c69fa52a0a115,cdaR->garR,shared_complete_observation_shared_scores,maximum,prefix,complete,0,5000,0.6,0.0,instrument_error,2151398048,921666314,2151398048,cdaR,garR,False,identifiable,fnr|fur|hns|nac|rpoD,5000,0.10074993742337594,0.011266722294286614,1.0681228573449166,8.94225798699827,0.10140928487240997,5636,,,,[],0,,False,True,
csd-20260805_174708,paired_hierarchical,1,0,0,948c69fa52a0a115,cdaR->gudD,shared_complete_observation_shared_scores,maximum,prefix,complete,0,5000,0.6,0.0,instrument_error,2151398048,921666314,2151398048,cdaR,gudD,False,identifiable,nac,5000,0.12525211732313124,0.014118397277643554,1.8723171056959873,8.871553538266532,0.3108133115606141,5636,,,,[],0,,False,True,
csd-20260805_174708,paired_hierarchical,1,0,0,948c69fa52a0a115,cdaR->gudP,shared_complete_observation_shared_scores,maximum,prefix,complete,0,5000,0.6,0.0,instrument_error,2151398048,921666314,2151398048,cdaR,gudP,False,identifiable,nac,5000,0.37680339337588087,0.013816311722050821,1.7930518765040184,27.272357555055954,0.22810933760740973,5636,,,,[],0,,False,True,
csd-20260805_174708,paired_hierarchical,1,0,0,948c69fa52a0a115,cdaR->gudX,shared_complete_observation_shared_scores,maximum,prefix,complete,0,5000,0.6,0.0,instrument_error,2151398048,921666314,2151398048,cdaR,gudX,False,identifiable,nac,5000,0.13383607594503077,0.011855722160189196,1.3202757133343597,11.288732490243765,0.23878242695714696,5636,,,,[],0,,False,True,
csd-20260805_174708,paired_hierarchical,1,0,0,948c69fa52a0a115,cdaR->rnpB,shared_complete_observation_shared_scores,maximum,prefix,complete,0,5000,0.6,0.0,instrument_error,2151398048,921666314,2151398048,cdaR,rnpB,False,identifiable,fis|fnr|fur|hns|nac|rpoD,5000,0.22884354981505106,0.01122620615705193,1.060087642439378,20.384762814221006,0.24695747422470427,5636,,,,[],0,,False,True,
csd-20260805_174708,paired_hierarchical,1,0,0,948c69fa52a0a115,cecR->rhlE,shared_complete_observation_shared_scores,maximum,prefix,complete,0,5000,0.6,0.0,instrument_error,2151398048,921666314,2151398048,cecR,rhlE,False,identifiable,rpoD,5000,0.37737835531741054,0.014680082420046396,1.2777971808108892,25.706828103504467,0.36514787080947275,5636,,,,[],0,,False,True,
csd-20260805_174708,paired_hierarchical,1,0,0,948c69fa52a0a115,cecR->ybhF,shared_complete_observation_shared_scores,maximum,prefix,complete,0,5000,0.6,0.0,instrument_error,2151398048,921666314,2151398048,cecR,ybhF,False,identifiable,rpoD,5000,-0.5547252074797349,0.013053592716821502,1.0103342001625553,-42.49597942219299,-0.5904548617984298,5636,,,,[],0,,False,True,
csd-20260805_174708,paired_hierarchical,1,0,0,948c69fa52a0a115,cecR->ybhG,shared_complete_observation_shared_scores,maximum,prefix,complete,0,5000,0.6,0.0,instrument_error,2151398048,921666314,2151398048,cecR,ybhG,False,identifiable,rpoD,5000,-0.2123008928066809,0.014367215671271654,1.2239119076769036,-14.776759649483983,-0.2802626340967018,5636,,,,[],0,,False,True,
csd-20260805_174708,paired_hierarchical,1,0,0,948c69fa52a0a115,cecR->ybhR,shared_complete_observation_shared_scores,maximum,prefix,complete,0,5000,0.6,0.0,instrument_error,2151398048,921666314,2151398048,cecR,ybhR,False,identifiable,rpoD,5000,-0.17778352261829924,0.014425361031862914,1.2338385080530045,-12.324372487150153,-0.1667053018752521,5636,,,,[],0,,False,True,
csd-20260805_174708,paired_hierarchical,1,0,0,948c69fa52a0a115,cecR->ybhS,shared_complete_observation_shared_scores,maximum,prefix,complete,0,5000,0.6,0.0,instrument_error,2151398048,921666314,2151398048,cecR,ybhS,False,identifiable,rpoD,5000,-0.1633969141675442,0.015856713303905368,1.4908408558461639,-10.304589042881982,-0.13225235698272841,5636,,,,[],0,,False,True,
csd-20260805_174708,paired_hierarchical,1,0,0,948c69fa52a0a115,chbR->chbA,shared_complete_observation_shared_scores,maximum,prefix,complete,0,5000,0.6,0.0,instrument_error,2151398048,921666314,2151398048,chbR,chbA,False,identifiable,crp|nagC,5000,0.2805733308499923,0.01614729491872734,1.0442232071682997,17.375872074064148,0.27280601338490934,5636,,,,[],0,,False,True,
csd-20260805_174708,paired_hierarchical,1,0,0,948c69fa52a0a115,chbR->chbB,shared_complete_observation_shared_scores,maximum,prefix,complete,0,5000,0.6,0.0,instrument_error,2151398048,921666314,2151398048,chbR,chbB,False,identifiable,crp|nagC,5000,-0.2860944015405293,0.01979829071882395,1.569817551180203,-14.450459668647786,-0.3056690991074972,5636,,,,[],0,,False,True,
csd-20260805_174708,paired_hierarchical,1,0,0,948c69fa52a0a115,chbR->chbC,shared_complete_observation_shared_scores,maximum,prefix,complete,0,5000,0.6,0.0,instrument_error,2151398048,921666314,2151398048,chbR,chbC,False,identifiable,crp|nagC,5000,0.3050246773265869,0.017205204932414966,1.1855325591889418,17.728627966058923,0.29576637871094835,5636,,,,[],0,,False,True,
csd-20260805_174708,paired_hierarchical,1,0,0,948c69fa52a0a115,chbR->chbF,shared_complete_observation_shared_scores,maximum,prefix,complete,0,5000,0.6,0.0,instrument_error,2151398048,921666314,2151398048,chbR,chbF,False,identifiable,crp|nagC,5000,-0.2891282637554239,0.018087444604142036,1.3102320362947268,-15.98502552921231,-0.2998566641136204,5636,,,,[],0,,False,True,
csd-20260805_174708,paired_hierarchical,1,0,0,948c69fa52a0a115,chbR->chbG,shared_complete_observation_shared_scores,maximum,prefix,complete,0,5000,0.6,0.0,instrument_error,2151398048,921666314,2151398048,chbR,chbG,False,identifiable,crp|lrp|nagC,5000,-0.37934309288598833,0.01591746945635396,1.0141468077532145,-23.83187188931979,-0.3596378154610357,5636,,,,[],0,,False,True,
csd-20260805_174708,paired_hierarchical,1,0,0,948c69fa52a0a115,citR->ybdM,shared_complete_observation_shared_scores,maximum,prefix,complete,0,5000,0.6,0.0,instrument_error,2151398048,921666314,2151398048,citR,ybdM,False,identifiable,,5000,-0.7156569383360489,0.029405009291519006,3.522143722513727,-24.3379259377571,-0.4449018133781509,5636,,,,[],0,,False,True,
csd-20260805_174708,paired_hierarchical,1,0,0,948c69fa52a0a115,citR->ybdN,shared_complete_observation_shared_scores,maximum,prefix,complete,0,5000,0.6,0.0,instrument_error,2151398048,921666314,2151398048,citR,ybdN,False,identifiable,arcA|cysB|fnr|rpoD,5000,-0.5016280521913759,0.017663737995606135,1.2346979088767227,-28.398748459479876,-0.541424778610839,5636,,,,[],0,,False,True,
csd-20260805_174708,paired_hierarchical,1,0,0,948c69fa52a0a115,comR->bhsA,shared_complete_observation_shared_scores,maximum,prefix,complete,0,5000,0.6,0.0,instrument_error,2151398048,921666314,2151398048,comR,bhsA,False,identifiable,crp|rpoD|rpoE,5000,-0.9052369730989056,0.014355877010459813,1.3888124221708071,-63.05689108644093,-0.8947662331505476,5636,,,,[],0,,False,True,
csd-20260805_174708,paired_hierarchical,1,0,0,948c69fa52a0a115,cpxR->ampH,shared_complete_observation_shared_scores,maximum,prefix,complete,0,5000,0.6,0.0,instrument_error,2151398048,921666314,2151398048,cpxR,ampH,False,identifiable,alpA|basR|btsR|glaR|glrR|nsrR|ptrR|rcdA,5000,0.4288166198630929,0.008642407424571246,1.4382735461547853,49.617727884932094,0.32061567492090753,5636,,,,[],0,,False,True,
csd-20260805_174708,paired_hierarchical,1,0,0,948c69fa52a0a115,cpxR->chaA,shared_complete_observation_shared_scores,maximum,prefix,complete,0,5000,0.6,0.0,instrument_error,2151398048,921666314,2151398048,cpxR,chaA,False,identifiable,alpA|basR|btsR|glaR|glrR|nsrR|ptrR|rcdA,5000,0.17116492812647263,0.011838018814634227,2.6985475316572822,14.458916716273297,0.22547906612383314,5636,,,,[],0,,False,True,
csd-20260805_174708,paired_hierarchical,1,0,0,948c69fa52a0a115,cpxR->chaB,shared_complete_observation_shared_scores,maximum,prefix,complete,0,5000,0.6,0.0,instrument_error,2151398048,921666314,2151398048,cpxR,chaB,False,identifiable,alpA|basR|btsR|glaR|glrR|nsrR|ptrR|rcdA,5000,-0.00237924043198368,0.008044990250152831,1.2463013472693159,-0.29574186642904654,-0.09119690959722158,5636,,,,[],0,,False,True,
csd-20260805_174708,paired_hierarchical,1,0,0,948c69fa52a0a115,cpxR->dgt,shared_complete_observation_shared_scores,maximum,prefix,complete,0,5000,0.6,0.0,instrument_error,2151398048,921666314,2151398048,cpxR,dgt,False,identifiable,alpA|basR|btsR|glaR|glrR|nsrR|ptrR|rcdA,5000,0.5639935093592412,0.00723791127943906,1.0087848025982364,77.92213631595534,0.5624962658096867,5636,,,,[],0,,False,True,
csd-20260805_174708,paired_hierarchical,1,0,0,948c69fa52a0a115,cpxR->epmB,shared_complete_observation_shared_scores,maximum,prefix,complete,0,5000,0.6,0.0,instrument_error,2151398048,921666314,2151398048,cpxR,epmB,False,identifiable,alpA|basR|btsR|glaR|glrR|nsrR|ptrR|rcdA,5000,0.2806527075394959,0.008311098165041995,1.330113937326439,33.768426502284946,0.21933468062138511,5636,,,,[],0,,False,True,
csd-20260805_174708,paired_hierarchical,1,0,0,948c69fa52a0a115,cpxR->ettA,shared_complete_observation_shared_scores,maximum,prefix,complete,0,5000,0.6,0.0,instrument_error,2151398048,921666314,2151398048,cpxR,ettA,False,identifiable,alpA|basR|btsR|glaR|glrR|nsrR|ptrR|rcdA,5000,0.20044168419883757,0.007463441861315084,1.0726309609288789,26.856467555241203,0.1712967114446853,5636,,,,[],0,,False,True,
csd-20260805_174708,paired_hierarchical,1,0,0,948c69fa52a0a115,cpxR->frmB,shared_complete_observation_shared_scores,maximum,prefix,complete,0,5000,0.6,0.0,instrument_error,2151398048,921666314,2151398048,cpxR,frmB,False,identifiable,alpA|basR|btsR|frmR|glaR|glrR|nsrR|ptrR|rcdA,5000,-0.1834074387591701,0.0077301864974736265,1.1418918050975557,-23.7261337509918,-0.17447693733883216,5636,,,,[],0,,False,True,
csd-20260805_174708,paired_hierarchical,1,0,0,948c69fa52a0a115,cpxR->gstA,shared_complete_observation_shared_scores,maximum,prefix,complete,0,5000,0.6,0.0,instrument_error,2151398048,921666314,2151398048,cpxR,gstA,False,identifiable,alpA|basR|btsR|glaR|glrR|nsrR|ptrR|rcdA,5000,0.10351835459803435,0.007635971791295384,1.1227954680147656,13.556670640931381,0.17791574373359753,5636,,,,[],0,,False,True,
csd-20260805_174708,paired_hierarchical,1,0,0,948c69fa52a0a115,cpxR->pdeB,shared_complete_observation_shared_scores,maximum,prefix,complete,0,5000,0.6,0.0,instrument_error,2151398048,921666314,2151398048,cpxR,pdeB,False,identifiable,alpA|basR|btsR|glaR|glrR|nsrR|ptrR|rcdA,5000,-0.2725231809965092,0.007666371705288355,1.1317532878141385,-35.54786951022991,-0.21645184250218752,5636,,,,[],0,,False,True,
csd-20260805_174708,paired_hierarchical,1,0,0,948c69fa52a0a115,cpxR->qmcA,shared_complete_observation_shared_scores,maximum,prefix,complete,0,5000,0.6,0.0,instrument_error,2151398048,921666314,2151398048,cpxR,qmcA,False,identifiable,alpA|basR|btsR|glaR|glrR|nsrR|ptrR|rcdA,5000,-0.1020555141077014,0.007477157934599331,1.0765770769494858,-13.648971307059883,-0.16963514675004626,5636,,,,[],0,,False,True,
csd-20260805_174708,paired_hierarchical,1,0,0,948c69fa52a0a115,cpxR->ygjR,shared_complete_observation_shared_scores,maximum,prefix,complete,0,5000,0.6,0.0,instrument_error,2151398048,921666314,2151398048,cpxR,ygjR,False,identifiable,alpA|basR|btsR|glaR|glrR|nsrR|ptrR|rcdA,5000,0.21756451652304845,0.008074684841093853,1.255518688194604,26.94402577990594,0.156697030688272,5636,,,,[],0,,False,True,
csd-20260805_174708,paired_hierarchical,1,0,0,948c69fa52a0a115,cpxR->yhdJ,shared_complete_observation_shared_scores,maximum,prefix,complete,0,5000,0.6,0.0,instrument_error,2151398048,921666314,2151398048,cpxR,yhdJ,False,identifiable,alpA|basR|btsR|glaR|glrR|nsrR|ptrR|rcdA,5000,-0.19995057835560726,0.008004483627540054,1.2337826581571938,-24.97982226706812,-0.21677047702235464,5636,,,,[],0,,False,True,
csd-20260805_174708,paired_hierarchical,1,0,0,948c69fa52a0a115,cpxR->yjfN,shared_complete_observation_shared_scores,maximum,prefix,complete,0,5000,0.6,0.0,instrument_error,2151398048,921666314,2151398048,cpxR,yjfN,False,identifiable,alpA|basR|btsR|glaR|glrR|nsrR|ptrR|rcdA,5000,0.3997507221082799,0.00932744426804647,1.67531835175297,42.85747634834202,0.41585740791708053,5636,,,,[],0,,False,True,
csd-20260805_174708,paired_hierarchical,1,0,0,948c69fa52a0a115,cpxR->yqaE,shared_complete_observation_shared_scores,maximum,prefix,complete,0,5000,0.6,0.0,instrument_error,2151398048,921666314,2151398048,cpxR,yqaE,False,identifiable,alpA|basR|btsR|glaR|glrR|nsrR|ptrR|rcdA,5000,0.43969393153514696,0.007369672119344945,1.0458474765756791,59.6626178769849,0.4320624411590768,5636,,,,[],0,,False,True,
csd-20260805_174708,paired_hierarchical,1,0,0,948c69fa52a0a115,feaR->feaB,shared_complete_observation_shared_scores,maximum,prefix,complete,0,5000,0.6,0.0,instrument_error,2151398048,921666314,2151398048,feaR,feaB,False,identifiable,cpxR|crp|nac|nsrR|phoB|qseB|rpoD,5000,0.263734354592393,0.0159272794272213,1.3305391164972775,16.558656850186534,0.2694687991298255,5636,,,,[],0,,False,True,
csd-20260805_174708,paired_hierarchical,1,0,0,948c69fa52a0a115,feaR->tynA,shared_complete_observation_shared_scores,maximum,prefix,complete,0,5000,0.6,0.0,instrument_error,2151398048,921666314,2151398048,feaR,tynA,False,identifiable,cpxR|crp|nac|nsrR|phoB|qseB|rpoD,5000,0.2857938567751747,0.014804642304866679,1.1495828756983542,19.30434055007372,0.29362776244162947,5636,,,,[],0,,False,True,
csd-20260805_174708,paired_hierarchical,1,0,0,948c69fa52a0a115,rpoE->bamA,shared_complete_observation_shared_scores,maximum,prefix,complete,0,5000,0.6,0.0,instrument_error,2151398048,921666314,2151398048,rpoE,bamA,False,identifiable,alpA|basR|btsR|glaR|glrR|nsrR|ptrR|rcdA,5000,0.08273053309192016,0.007473209087925694,1.0068168174275889,11.070282139648164,0.09751803187624797,5636,,,,[],0,,False,True,
csd-20260805_174708,paired_hierarchical,1,0,0,948c69fa52a0a115,rpoE->bamB,shared_complete_observation_shared_scores,maximum,prefix,complete,0,5000,0.6,0.0,instrument_error,2151398048,921666314,2151398048,rpoE,bamB,False,identifiable,alpA|basR|btsR|glaR|glrR|nsrR|ptrR|rcdA,5000,0.21253390408275194,0.008773381463505156,1.3876189436386936,24.224856170546587,0.16436046426713066,5636,,,,[],0,,False,True,
csd-20260805_174708,paired_hierarchical,1,0,0,948c69fa52a0a115,rpoE->bamD,shared_complete_observation_shared_scores,maximum,prefix,complete,0,5000,0.6,0.0,instrument_error,2151398048,921666314,2151398048,rpoE,bamD,False,identifiable,alpA|basR|btsR|glaR|glrR|nsrR|ptrR|rcdA,5000,0.36716517676344623,0.007667126879040247,1.0597452901717797,47.8882353919526,0.3301002843284525,5636,,,,[],0,,False,True,
csd-20260805_174708,paired_hierarchical,1,0,0,948c69fa52a0a115,rpoE->bepA,shared_complete_observation_shared_scores,maximum,prefix,complete,0,5000,0.6,0.0,instrument_error,2151398048,921666314,2151398048,rpoE,bepA,False,identifiable,alpA|basR|btsR|glaR|glrR|nsrR|ptrR|rcdA,5000,0.2043424905350014,0.009441491804126232,1.6070057682122751,21.643030018380912,0.321048633958929,5636,,,,[],0,,False,True,
csd-20260805_174708,paired_hierarchical,1,0,0,948c69fa52a0a115,rpoE->cca,shared_complete_observation_shared_scores,maximum,prefix,complete,0,5000,0.6,0.0,instrument_error,2151398048,921666314,2151398048,rpoE,cca,False,identifiable,alpA|basR|btsR|glaR|glrR|nsrR|ptrR|rcdA,5000,0.2874145499638688,0.007793003864806484,1.0948282068365995,36.88109937451004,0.28021462704395156,5636,,,,[],0,,False,True,
csd-20260805_174708,paired_hierarchical,1,0,0,948c69fa52a0a115,rpoE->der,shared_complete_observation_shared_scores,maximum,prefix,complete,0,5000,0.6,0.0,instrument_error,2151398048,921666314,2151398048,rpoE,der,False,identifiable,alpA|basR|btsR|glaR|glrR|nsrR|ptrR|rcdA,5000,0.3016756375793266,0.008045524206407155,1.1669302184462593,37.49608227380428,0.2370457036488034,5636,,,,[],0,,False,True,
csd-20260805_174708,paired_hierarchical,1,0,0,948c69fa52a0a115,rpoE->dnaE,shared_complete_observation_shared_scores,maximum,prefix,complete,0,5000,0.6,0.0,instrument_error,2151398048,921666314,2151398048,rpoE,dnaE,False,identifiable,alpA|basR|btsR|glaR|glrR|nsrR|ptrR|rcdA,5000,0.10698778878567472,0.007882180308671879,1.1200281172396223,13.573374954131417,0.1269886894405649,5636,,,,[],0,,False,True,
csd-20260805_174708,paired_hierarchical,1,0,0,948c69fa52a0a115,rpoE->dolP,shared_complete_observation_shared_scores,maximum,prefix,complete,0,5000,0.6,0.0,instrument_error,2151398048,921666314,2151398048,rpoE,dolP,False,identifiable,alpA|basR|btsR|glaR|glrR|nsrR|ptrR|rcdA,5000,0.02711689765987995,0.009543194593336106,1.6418132404875445,2.8414905925543366,0.08010592176605419,5636,,,,[],0,,False,True,
csd-20260805_174708,paired_hierarchical,1,0,0,948c69fa52a0a115,rpoE->essD,shared_complete_observation_shared_scores,maximum,prefix,complete,0,5000,0.6,0.0,instrument_error,2151398048,921666314,2151398048,rpoE,essD,False,identifiable,alpA|basR|btsR|glaR|glrR|nsrR|ptrR|rcdA,5000,0.2919544806829912,0.008830449881355997,1.405729810011964,33.062243102631015,0.2070523397704765,5636,,,,[],0,,False,True,
csd-20260805_174708,paired_hierarchical,1,0,0,948c69fa52a0a115,rpoE->fkpA,shared_complete_observation_shared_scores,maximum,prefix,complete,0,5000,0.6,0.0,instrument_error,2151398048,921666314,2151398048,rpoE,fkpA,False,identifiable,alpA|basR|btsR|glaR|glrR|nsrR|ptrR|rcdA,5000,0.43712922100241147,0.007495049381961697,1.0127102178454508,58.32239371957288,0.42475488697147196,5636,,,,[],0,,False,True,
csd-20260805_174708,paired_hierarchical,1,0,0,948c69fa52a0a115,rpoE->lpxB,shared_complete_observation_shared_scores,maximum,prefix,complete,0,5000,0.6,0.0,instrument_error,2151398048,921666314,2151398048,rpoE,lpxB,False,identifiable,alpA|basR|btsR|glaR|glrR|nsrR|ptrR|rcdA,5000,0.17978142758313656,0.009620506216995168,1.6685224091620656,18.687314734597074,0.22037051037472474,5636,,,,[],0,,False,True,
csd-20260805_174708,paired_hierarchical,1,0,0,948c69fa52a0a115,rpoE->micL,shared_complete_observation_shared_scores,maximum,prefix,complete,0,5000,0.6,0.0,instrument_error,2151398048,921666314,2151398048,rpoE,micL,False,identifiable,alpA|basR|btsR|glaR|glrR|nsrR|ptrR|rcdA,5000,0.1917425010178227,0.007891564327182894,1.122696572072244,24.297147316832472,0.22800980661098277,5636,,,,[],0,,False,True,
csd-20260805_174708,paired_hierarchical,1,0,0,948c69fa52a0a115,rpoE->prfB,shared_complete_observation_shared_scores,maximum,prefix,complete,0,5000,0.6,0.0,instrument_error,2151398048,921666314,2151398048,rpoE,prfB,False,identifiable,alpA|basR|btsR|glaR|glrR|nsrR|ptrR|rcdA,5000,0.4233481517861137,0.0074376997276506445,0.9972716586427974,56.91923138712635,0.42502671289394506,5636,,,,[],0,,False,True,
csd-20260805_174708,paired_hierarchical,1,0,0,948c69fa52a0a115,rpoE->rclA,shared_complete_observation_shared_scores,maximum,prefix,complete,0,5000,0.6,0.0,instrument_error,2151398048,921666314,2151398048,rpoE,rclA,False,identifiable,alpA|basR|btsR|glaR|glrR|nsrR|ptrR|rcdA|rclR,5000,0.7831447281646008,0.007691525256134607,1.0526049178820216,101.81917137176143,0.8068432124222867,5636,,,,[],0,,False,True,
csd-20260805_174708,paired_hierarchical,1,0,0,948c69fa52a0a115,rpoE->rclB,shared_complete_observation_shared_scores,maximum,prefix,complete,0,5000,0.6,0.0,instrument_error,2151398048,921666314,2151398048,rpoE,rclB,False,identifiable,alpA|basR|btsR|glaR|glrR|nsrR|ptrR|rcdA|rclR,5000,0.3359801646827933,0.008761479770991148,1.365826010312888,38.34742229220319,0.40967655132363834,5636,,,,[],0,,False,True,
csd-20260805_174708,paired_hierarchical,1,0,0,948c69fa52a0a115,rpoE->rclC,shared_complete_observation_shared_scores,maximum,prefix,complete,0,5000,0.6,0.0,instrument_error,2151398048,921666314,2151398048,rpoE,rclC,False,identifiable,alpA|basR|btsR|glaR|glrR|nsrR|ptrR|rcdA|rclR,5000,0.21043393107429792,0.007688474870343617,1.0517701772339385,27.370048627718685,0.1888654025350098,5636,,,,[],0,,False,True,
csd-20260805_174708,paired_hierarchical,1,0,0,948c69fa52a0a115,rpoE->recR,shared_complete_observation_shared_scores,maximum,prefix,complete,0,5000,0.6,0.0,instrument_error,2151398048,921666314,2151398048,rpoE,recR,False,identifiable,alpA|basR|btsR|glaR|glrR|nsrR|ptrR|rcdA,5000,0.4037390555312933,0.008797824892330832,1.395361776787876,45.890781013752324,0.33005996368499163,5636,,,,[],0,,False,True,
csd-20260805_174708,paired_hierarchical,1,0,0,948c69fa52a0a115,rpoE->rnhB,shared_complete_observation_shared_scores,maximum,prefix,complete,0,5000,0.6,0.0,instrument_error,2151398048,921666314,2151398048,rpoE,rnhB,False,identifiable,alpA|basR|btsR|glaR|glrR|nsrR|ptrR|rcdA,5000,0.4040178544559049,0.00934647405658591,1.5748232007726102,43.22676680102881,0.44267726549213876,5636,,,,[],0,,False,True,
csd-20260805_174708,paired_hierarchical,1,0,0,948c69fa52a0a115,rpoE->rrrD,shared_complete_observation_shared_scores,maximum,prefix,complete,0,5000,0.6,0.0,instrument_error,2151398048,921666314,2151398048,rpoE,rrrD,False,identifiable,alpA|basR|btsR|glaR|glrR|nsrR|ptrR|rcdA,5000,0.2796267110618412,0.007639022157639335,1.051990297049679,36.605039924148286,0.3196744470963082,5636,,,,[],0,,False,True,
csd-20260805_174708,paired_hierarchical,1,0,0,948c69fa52a0a115,rpoE->rseP,shared_complete_observation_shared_scores,maximum,prefix,complete,0,5000,0.6,0.0,instrument_error,2151398048,921666314,2151398048,rpoE,rseP,False,identifiable,alpA|basR|btsR|glaR|glrR|nsrR|ptrR|rcdA,5000,0.5814746313567263,0.007469433977815786,1.0057998823201635,77.84721480686562,0.5792144002234743,5636,,,,[],0,,False,True,
csd-20260805_174708,paired_hierarchical,1,0,0,948c69fa52a0a115,rpoE->rzpD,shared_complete_observation_shared_scores,maximum,prefix,complete,0,5000,0.6,0.0,instrument_error,2151398048,921666314,2151398048,rpoE,rzpD,False,identifiable,alpA|basR|btsR|glaR|glrR|nsrR|ptrR|rcdA,5000,0.16288552192218642,0.007798831184698874,1.0964661630421997,20.885888931890722,0.17150168071125668,5636,,,,[],0,,False,True,
csd-20260805_174708,paired_hierarchical,1,0,0,948c69fa52a0a115,rpoE->surA,shared_complete_observation_shared_scores,maximum,prefix,complete,0,5000,0.6,0.0,instrument_error,2151398048,921666314,2151398048,rpoE,surA,False,identifiable,alpA|basR|btsR|glaR|glrR|nsrR|ptrR|rcdA,5000,0.6345199566309395,0.009625673194540909,1.6703151491215378,65.91954077464423,0.5709429552419603,5636,,,,[],0,,False,True,
csd-20260805_174708,paired_hierarchical,1,0,0,948c69fa52a0a115,rpoE->ybaB,shared_complete_observation_shared_scores,maximum,prefix,complete,0,5000,0.6,0.0,instrument_error,2151398048,921666314,2151398048,rpoE,ybaB,False,identifiable,alpA|basR|btsR|glaR|glrR|nsrR|ptrR|rcdA,5000,0.41288141070633916,0.008809424637782675,1.3990437122586161,46.868147204022286,0.5024595301116309,5636,,,,[],0,,False,True,
csd-20260805_174708,paired_hierarchical,1,0,0,948c69fa52a0a115,rpoE->ydhI,shared_complete_observation_shared_scores,maximum,prefix,complete,0,5000,0.6,0.0,instrument_error,2151398048,921666314,2151398048,rpoE,ydhI,False,identifiable,alpA|basR|btsR|glaR|glrR|nsrR|ptrR|rcdA,5000,0.14627108350575896,0.009306876236048853,1.5615074909112416,15.716453060716425,0.24010470311191948,5636,,,,[],0,,False,True,
csd-20260805_174708,paired_hierarchical,1,0,0,948c69fa52a0a115,rpoE->ydhJ,shared_complete_observation_shared_scores,maximum,prefix,complete,0,5000,0.6,0.0,instrument_error,2151398048,921666314,2151398048,rpoE,ydhJ,False,identifiable,alpA|basR|btsR|glaR|glrR|nsrR|ptrR|rcdA,5000,0.2317488122337849,0.008849415354514924,1.411774566737259,26.188036491647768,0.22644615421371833,5636,,,,[],0,,False,True,
csd-20260805_174708,paired_hierarchical,1,0,0,948c69fa52a0a115,rpoE->ydhK,shared_complete_observation_shared_scores,maximum,prefix,complete,0,5000,0.6,0.0,instrument_error,2151398048,921666314,2151398048,rpoE,ydhK,False,identifiable,alpA|basR|btsR|glaR|glrR|nsrR|ptrR|rcdA,5000,0.31258550511704347,0.007445927522326712,0.999479299509688,41.98073432487111,0.32359062464740385,5636,,,,[],0,,False,True,
csd-20260805_174708,paired_hierarchical,1,0,0,948c69fa52a0a115,rpoE->yeaY,shared_complete_observation_shared_scores,maximum,prefix,complete,0,5000,0.6,0.0,instrument_error,2151398048,921666314,2151398048,rpoE,yeaY,False,identifiable,alpA|basR|btsR|glaR|glrR|nsrR|ptrR|rcdA,5000,0.29587591564763915,0.009317881568530808,1.5652026232428653,31.75356044950153,0.1570675019579417,5636,,,,[],0,,False,True,
csd-20260805_174708,paired_hierarchical,1,0,0,948c69fa52a0a115,rpoE->yfeX,shared_complete_observation_shared_scores,maximum,prefix,complete,0,5000,0.6,0.0,instrument_error,2151398048,921666314,2151398048,rpoE,yfeX,False,identifiable,alpA|basR|btsR|glaR|glrR|nsrR|ptrR|rcdA,5000,0.33286736992753996,0.00957364766073314,1.6523082634914572,34.769126849405,0.12351843742600364,5636,,,,[],0,,False,True,
csd-20260805_174708,paired_hierarchical,1,0,0,948c69fa52a0a115,rpoE->yfeY,shared_complete_observation_shared_scores,maximum,prefix,complete,0,5000,0.6,0.0,instrument_error,2151398048,921666314,2151398048,rpoE,yfeY,False,identifiable,alpA|basR|btsR|glaR|glrR|nsrR|ptrR|rcdA,5000,0.26012689675553696,0.007522704592958744,1.0201973958132056,34.57890623526755,0.266897312198702,5636,,,,[],0,,False,True,
csd-20260805_174708,paired_hierarchical,1,0,0,948c69fa52a0a115,rpoE->yfgD,shared_complete_observation_shared_scores,maximum,prefix,complete,0,5000,0.6,0.0,instrument_error,2151398048,921666314,2151398048,rpoE,yfgD,False,identifiable,alpA|basR|btsR|glaR|glrR|nsrR|ptrR|rcdA,5000,0.20637024487646088,0.008195076086567171,1.2107157019526882,25.182224386510505,0.2037657413173121,5636,,,,[],0,,False,True,
csd-20260805_174708,paired_hierarchical,1,0,0,948c69fa52a0a115,rpoE->yggN,shared_complete_observation_shared_scores,maximum,prefix,complete,0,5000,0.6,0.0,instrument_error,2151398048,921666314,2151398048,rpoE,yggN,False,identifiable,alpA|basR|btsR|glaR|glrR|nsrR|ptrR|rcdA,5000,0.3596715558036604,0.008678502345212807,1.357768612880657,41.443965962866926,0.25473339092151676,5636,,,,[],0,,False,True,
csd-20260805_174708,paired_hierarchical,1,0,0,948c69fa52a0a115,rpoE->yghF,shared_complete_observation_shared_scores,maximum,prefix,complete,0,5000,0.6,0.0,instrument_error,2151398048,921666314,2151398048,rpoE,yghF,False,identifiable,alpA|basR|btsR|glaR|glrR|nsrR|ptrR|rcdA,5000,0.19310154477105496,0.007889413099704782,1.1220845650153823,24.476034190462244,0.14509617763432264,5636,,,,[],0,,False,True,
csd-20260805_174708,paired_hierarchical,1,0,0,948c69fa52a0a115,rpoE->yicI,shared_complete_observation_shared_scores,maximum,prefix,complete,0,5000,0.6,0.0,instrument_error,2151398048,921666314,2151398048,rpoE,yicI,False,identifiable,alpA|basR|btsR|glaR|glrR|nsrR|ptrR|rcdA,5000,0.8952637584674958,0.009080704359903834,1.486535441175134,98.58968236214848,0.8066526648669347,5636,,,,[],0,,False,True,
csd-20260805_174708,paired_hierarchical,1,0,0,948c69fa52a0a115,rpoE->yieF,shared_complete_observation_shared_scores,maximum,prefix,complete,0,5000,0.6,0.0,instrument_error,2151398048,921666314,2151398048,rpoE,yieF,False,identifiable,alpA|basR|btsR|glaR|glrR|nsrR|ptrR|rcdA,5000,0.19120022834711164,0.008866143819832736,1.4171170990793003,21.56520717827908,0.19509112541462528,5636,,,,[],0,,False,True,
csd-20260805_174708,paired_hierarchical,1,0,0,948c69fa52a0a115,rpoH->cnoX,shared_complete_observation_shared_scores,maximum,prefix,complete,0,5000,0.6,0.0,instrument_error,2151398048,921666314,2151398048,rpoH,cnoX,False,identifiable,alpA|basR|btsR|glaR|glrR|nsrR|ptrR|rcdA,5000,0.12536031211099405,0.006837259897446402,1.0882370608595506,18.334875957810812,0.12140557163821707,5636,,,,[],0,,False,True,
csd-20260805_174708,paired_hierarchical,1,0,0,948c69fa52a0a115,rpoH->dnaJ,shared_complete_observation_shared_scores,maximum,prefix,complete,0,5000,0.6,0.0,instrument_error,2151398048,921666314,2151398048,rpoH,dnaJ,False,identifiable,alpA|basR|btsR|glaR|glrR|nsrR|ptrR|rcdA,5000,0.11880351229277017,0.007139131113641468,1.1864516675008212,16.64117249027128,0.20327699931570756,5636,,,,[],0,,False,True,
csd-20260805_174708,paired_hierarchical,1,0,0,948c69fa52a0a115,rpoH->dnaK,shared_complete_observation_shared_scores,maximum,prefix,complete,0,5000,0.6,0.0,instrument_error,2151398048,921666314,2151398048,rpoH,dnaK,False,identifiable,alpA|basR|btsR|glaR|glrR|nsrR|ptrR|rcdA,5000,0.16273065481965696,0.006925773353793052,1.116595530715452,23.496387552233994,0.2318849410188238,5636,,,,[],0,,False,True,
csd-20260805_174708,paired_hierarchical,1,0,0,948c69fa52a0a115,rpoH->hemW,shared_complete_observation_shared_scores,maximum,prefix,complete,0,5000,0.6,0.0,instrument_error,2151398048,921666314,2151398048,rpoH,hemW,False,identifiable,alpA|basR|btsR|glaR|glrR|nsrR|ptrR|rcdA,5000,0.22521477700415082,0.0070030011932466895,1.1416362113252851,32.1597513393737,0.18653612099657985,5636,,,,[],0,,False,True,
csd-20260805_174708,paired_hierarchical,1,0,0,948c69fa52a0a115,rpoH->holC,shared_complete_observation_shared_scores,maximum,prefix,complete,0,5000,0.6,0.0,instrument_error,2151398048,921666314,2151398048,rpoH,holC,False,identifiable,alpA|basR|btsR|glaR|glrR|nsrR|ptrR|rcdA,5000,0.40484221858040015,0.008432196497880193,1.6551630093629706,48.01147822897334,0.2321866043275262,5636,,,,[],0,,False,True,
csd-20260805_174708,paired_hierarchical,1,0,0,948c69fa52a0a115,rpoH->hslO,shared_complete_observation_shared_scores,maximum,prefix,complete,0,5000,0.6,0.0,instrument_error,2151398048,921666314,2151398048,rpoH,hslO,False,identifiable,alpA|basR|btsR|glaR|glrR|nsrR|ptrR|rcdA,5000,0.1391909226698398,0.0066906399581340825,1.0420646289046434,20.80382796575681,0.1646130555366305,5636,,,,[],0,,False,True,
csd-20260805_174708,paired_hierarchical,1,0,0,948c69fa52a0a115,rpoH->hslR,shared_complete_observation_shared_scores,maximum,prefix,complete,0,5000,0.6,0.0,instrument_error,2151398048,921666314,2151398048,rpoH,hslR,False,identifiable,alpA|basR|btsR|glaR|glrR|nsrR|ptrR|rcdA,5000,0.3802591423357673,0.007222516398812744,1.2143291156435485,52.64912135031985,0.277826675047142,5636,,,,[],0,,False,True,
csd-20260805_174708,paired_hierarchical,1,0,0,948c69fa52a0a115,rpoH->hslU,shared_complete_observation_shared_scores,maximum,prefix,complete,0,5000,0.6,0.0,instrument_error,2151398048,921666314,2151398048,rpoH,hslU,False,identifiable,alpA|basR|btsR|glaR|glrR|nsrR|ptrR|rcdA,5000,0.08694437916279629,0.008104852510761386,1.5291481624122258,10.727447420832656,0.11992441745140871,5636,,,,[],0,,False,True,
csd-20260805_174708,paired_hierarchical,1,0,0,948c69fa52a0a115,rpoH->hslV,shared_complete_observation_shared_scores,maximum,prefix,complete,0,5000,0.6,0.0,instrument_error,2151398048,921666314,2151398048,rpoH,hslV,False,identifiable,alpA|basR|btsR|glaR|glrR|nsrR|ptrR|rcdA,5000,0.3319790346407556,0.006701005918078713,1.0452961189152576,49.541671608602215,0.3516744986547995,5636,,,,[],0,,False,True,
csd-20260805_174708,paired_hierarchical,1,0,0,948c69fa52a0a115,rpoH->lnt,shared_complete_observation_shared_scores,maximum,prefix,complete,0,5000,0.6,0.0,instrument_error,2151398048,921666314,2151398048,rpoH,lnt,False,identifiable,alpA|basR|btsR|glaR|glrR|nsrR|ptrR|rcdA,5000,0.2973280180527013,0.009874523369184908,2.2698210476964156,30.110619716650106,0.18485004484354528,5636,,,,[],0,,False,True,
csd-20260805_174708,paired_hierarchical,1,0,0,948c69fa52a0a115,rpoH->mbiA,shared_complete_observation_shared_scores,maximum,prefix,complete,0,5000,0.6,0.0,instrument_error,2151398048,921666314,2151398048,rpoH,mbiA,False,identifiable,alpA|basR|btsR|glaR|glrR|nsrR|ptrR|rcdA,5000,-0.05675916997728235,0.009716784835729178,2.1978826814546006,-5.841352971877654,0.14502956885049795,5636,,,,[],0,,False,True,
csd-20260805_174708,paired_hierarchical,1,0,0,948c69fa52a0a115,rpoH->mhpT,shared_complete_observation_shared_scores,maximum,prefix,complete,0,5000,0.6,0.0,instrument_error,2151398048,921666314,2151398048,rpoH,mhpT,False,identifiable,alpA|basR|btsR|glaR|glrR|nsrR|ptrR|rcdA,5000,0.171610329077259,0.007434472151543168,1.286647596034908,23.083054933716845,0.1537489107581022,5636,,,,[],0,,False,True,
csd-20260805_174708,paired_hierarchical,1,0,0,948c69fa52a0a115,rpoH->mpaA,shared_complete_observation_shared_scores,maximum,prefix,complete,0,5000,0.6,0.0,instrument_error,2151398048,921666314,2151398048,rpoH,mpaA,False,identifiable,alpA|basR|btsR|glaR|glrR|nsrR|pgrR|ptrR|rcdA,5000,0.35019237345767734,0.006506631001411221,0.9847584318524396,53.820844209810616,0.3464831914852341,5636,,,,[],0,,False,True,
csd-20260805_174708,paired_hierarchical,1,0,0,948c69fa52a0a115,rpoH->nanX,shared_complete_observation_shared_scores,maximum,prefix,complete,0,5000,0.6,0.0,instrument_error,2151398048,921666314,2151398048,rpoH,nanX,False,identifiable,alpA|basR|btsR|glaR|glrR|nanR|nsrR|ptrR|rcdA,5000,0.25860514605215207,0.009663758402265608,2.0893274069367562,26.760307458796124,0.26443562524449954,5636,,,,[],0,,False,True,
csd-20260805_174708,paired_hierarchical,1,0,0,948c69fa52a0a115,rpoH->narP,shared_complete_observation_shared_scores,maximum,prefix,complete,0,5000,0.6,0.0,instrument_error,2151398048,921666314,2151398048,rpoH,narP,False,identifiable,alpA|basR|btsR|glaR|glrR|nsrR|ptrR|rcdA,5000,0.3959919283560497,0.006561025890307049,1.0020810235738233,60.355184536166746,0.3892011093466488,5636,,,,[],0,,False,True,
csd-20260805_174708,paired_hierarchical,1,0,0,948c69fa52a0a115,rpoH->pgpC,shared_complete_observation_shared_scores,maximum,prefix,complete,0,5000,0.6,0.0,instrument_error,2151398048,921666314,2151398048,rpoH,pgpC,False,identifiable,alpA|basR|btsR|glaR|glrR|nsrR|ptrR|rcdA,5000,0.17309080720004963,0.00672472322292176,1.0527085821418016,25.7394693375715,0.18962978145302964,5636,,,,[],0,,False,True,
csd-20260805_174708,paired_hierarchical,1,0,0,948c69fa52a0a115,rpoH->pncC,shared_complete_observation_shared_scores,maximum,prefix,complete,0,5000,0.6,0.0,instrument_error,2151398048,921666314,2151398048,rpoH,pncC,False,identifiable,alpA|basR|btsR|glaR|glrR|nsrR|ptrR|rcdA,5000,0.26752899054766555,0.006576513571641203,1.0068175479066417,40.679455403435334,0.2565528874930288,5636,,,,[],0,,False,True,
csd-20260805_174708,paired_hierarchical,1,0,0,948c69fa52a0a115,rpoH->prlC,shared_complete_observation_shared_scores,maximum,prefix,complete,0,5000,0.6,0.0,instrument_error,2151398048,921666314,2151398048,rpoH,prlC,False,identifiable,alpA|basR|btsR|glaR|glrR|nsrR|ptrR|rcdA,5000,0.23396831964253695,0.007567754061125837,1.3331940125123591,30.91648033917873,0.14054795811848186,5636,,,,[],0,,False,True,
csd-20260805_174708,paired_hierarchical,1,0,0,948c69fa52a0a115,rpoH->rdgB,shared_complete_observation_shared_scores,maximum,prefix,complete,0,5000,0.6,0.0,instrument_error,2151398048,921666314,2151398048,rpoH,rdgB,False,identifiable,alpA|basR|btsR|glaR|glrR|nsrR|ptrR|rcdA,5000,0.2939475650491341,0.006721673830778043,1.051754076404384,43.73130450084771,0.27634179338118303,5636,,,,[],0,,False,True,
csd-20260805_174708,paired_hierarchical,1,0,0,948c69fa52a0a115,rpoH->rpmE,shared_complete_observation_shared_scores,maximum,prefix,complete,0,5000,0.6,0.0,instrument_error,2151398048,921666314,2151398048,rpoH,rpmE,False,identifiable,alpA|basR|btsR|glaR|glrR|nsrR|ptrR|rcdA,5000,0.18338109248887766,0.004592558247561292,0.4909855166840532,39.930052620727324,0.26372613681369766,5636,,,,[],0,,False,True,
csd-20260805_174708,paired_hierarchical,1,0,0,948c69fa52a0a115,rpoH->rsmJ,shared_complete_observation_shared_scores,maximum,prefix,complete,0,5000,0.6,0.0,instrument_error,2151398048,921666314,2151398048,rpoH,rsmJ,False,identifiable,alpA|basR|btsR|glaR|glrR|nsrR|ptrR|rcdA,5000,0.18864998513900275,0.008437357983741707,1.6571899344137522,22.358893092188357,0.25474624800060025,5636,,,,[],0,,False,True,
csd-20260805_174708,paired_hierarchical,1,0,0,948c69fa52a0a115,rpoH->tadA,shared_complete_observation_shared_scores,maximum,prefix,complete,0,5000,0.6,0.0,instrument_error,2151398048,921666314,2151398048,rpoH,tadA,False,identifiable,alpA|basR|btsR|glaR|glrR|nsrR|ptrR|rcdA,5000,0.43500219738834556,0.007188978253070876,1.203077693807259,60.5095998450862,0.46558629902632453,5636,,,,[],0,,False,True,
csd-20260805_174708,paired_hierarchical,1,0,0,948c69fa52a0a115,rpoH->yafE,shared_complete_observation_shared_scores,maximum,prefix,complete,0,5000,0.6,0.0,instrument_error,2151398048,921666314,2151398048,rpoH,yafE,False,identifiable,alpA|basR|btsR|glaR|glrR|nsrR|ptrR|rcdA,5000,0.351882458473316,0.006674502420820578,1.0370438605564603,52.72040315329676,0.33776643541688195,5636,,,,[],0,,False,True,
csd-20260805_174708,paired_hierarchical,1,0,0,948c69fa52a0a115,rpoH->ybeY,shared_complete_observation_shared_scores,maximum,prefix,complete,0,5000,0.6,0.0,instrument_error,2151398048,921666314,2151398048,rpoH,ybeY,False,identifiable,alpA|basR|btsR|glaR|glrR|nsrR|ptrR|rcdA,5000,0.18614521189801925,0.006717575995763445,1.0504720740250706,27.71017581571313,0.18895335052054624,5636,,,,[],0,,False,True,
csd-20260805_174708,paired_hierarchical,1,0,0,948c69fa52a0a115,rpoH->ybeZ,shared_complete_observation_shared_scores,maximum,prefix,complete,0,5000,0.6,0.0,instrument_error,2151398048,921666314,2151398048,rpoH,ybeZ,False,identifiable,alpA|basR|btsR|glaR|glrR|nsrR|ptrR|rcdA,5000,0.10925670463053311,0.006451251328274309,0.9688292851774286,16.935738366243278,0.10750499805484615,5636,,,,[],0,,False,True,
csd-20260805_174708,paired_hierarchical,1,0,0,948c69fa52a0a115,rpoH->yccE,shared_complete_observation_shared_scores,maximum,prefix,complete,0,5000,0.6,0.0,instrument_error,2151398048,921666314,2151398048,rpoH,yccE,False,identifiable,alpA|basR|btsR|glaR|glrR|nsrR|ptrR|rcdA,5000,0.060897756181881264,0.006938234786586746,1.1206172904273923,8.777125314296235,0.18624492312262528,5636,,,,[],0,,False,True,
csd-20260805_174708,paired_hierarchical,1,0,0,948c69fa52a0a115,rpoH->ycjF,shared_complete_observation_shared_scores,maximum,prefix,complete,0,5000,0.6,0.0,instrument_error,2151398048,921666314,2151398048,rpoH,ycjF,False,identifiable,alpA|basR|btsR|glaR|glrR|nsrR|pgrR|ptrR|rcdA,5000,0.16429612593335763,0.006552755590552081,0.9987695450203726,25.072829844324378,0.15748555698233677,5636,,,,[],0,,False,True,
csd-20260805_174708,paired_hierarchical,1,0,0,948c69fa52a0a115,rpoH->ycjX,shared_complete_observation_shared_scores,maximum,prefix,complete,0,5000,0.6,0.0,instrument_error,2151398048,921666314,2151398048,rpoH,ycjX,False,identifiable,alpA|basR|btsR|glaR|glrR|nsrR|pgrR|ptrR|rcdA,5000,0.27243726016085046,0.006778990879341724,1.0689255332054015,40.18846831481584,0.1800343368014822,5636,,,,[],0,,False,True,
csd-20260805_174708,paired_hierarchical,1,0,0,948c69fa52a0a115,rpoH->ycjY,shared_complete_observation_shared_scores,maximum,prefix,complete,0,5000,0.6,0.0,instrument_error,2151398048,921666314,2151398048,rpoH,ycjY,False,identifiable,alpA|basR|btsR|glaR|glrR|nsrR|pgrR|ptrR|rcdA,5000,0.16581480426605588,0.009225889277180275,1.9798570222629586,17.972771977243386,0.2530428973178052,5636,,,,[],0,,False,True,
csd-20260805_174708,paired_hierarchical,1,0,0,948c69fa52a0a115,rpoH->yehR,shared_complete_observation_shared_scores,maximum,prefix,complete,0,5000,0.6,0.0,instrument_error,2151398048,921666314,2151398048,rpoH,yehR,False,identifiable,alpA|basR|btsR|glaR|glrR|nsrR|ptrR|rcdA,5000,0.20405625132343497,0.00771420274928745,1.3852923408735327,26.45202076679711,0.13833799388460497,5636,,,,[],0,,False,True,
csd-20260805_174708,paired_hierarchical,1,0,0,948c69fa52a0a115,rpoH->yiaA,shared_complete_observation_shared_scores,maximum,prefix,complete,0,5000,0.6,0.0,instrument_error,2151398048,921666314,2151398048,rpoH,yiaA,False,identifiable,alpA|basR|btsR|glaR|glrR|nsrR|ptrR|rcdA,5000,0.3936893552236286,0.0065400905631810575,0.9956962221695098,60.196315543395265,0.387184838293375,5636,,,,[],0,,False,True,
csd-20260805_174708,paired_hierarchical,1,0,0,948c69fa52a0a115,rpoH->yibA,shared_complete_observation_shared_scores,maximum,prefix,complete,0,5000,0.6,0.0,instrument_error,2151398048,921666314,2151398048,rpoH,yibA,False,identifiable,alpA|basR|btsR|glaR|glrR|nsrR|ptrR|rcdA,5000,0.3628924013184026,0.006553084307866489,0.9996566183434761,55.37734359418776,0.35673073921006354,5636,,,,[],0,,False,True,
csd-20260805_174708,paired_hierarchical,1,0,0,948c69fa52a0a115,rpoH->yjaZ,shared_complete_observation_shared_scores,maximum,prefix,complete,0,5000,0.6,0.0,instrument_error,2151398048,921666314,2151398048,rpoH,yjaZ,False,identifiable,alpA|basR|btsR|glaR|glrR|nsrR|ptrR|rcdA,5000,0.19327110313875592,0.0071400879645000005,1.186769726759659,27.06844847005889,0.25061061850449645,5636,,,,[],0,,False,True,
csd-20260805_174708,paired_hierarchical,1,0,0,948c69fa52a0a115,rpoH->yjiT,shared_complete_observation_shared_scores,maximum,prefix,complete,0,5000,0.6,0.0,instrument_error,2151398048,921666314,2151398048,rpoH,yjiT,False,identifiable,alpA|basR|btsR|glaR|glrR|nsrR|ptrR|rcdA,5000,0.5071397744985586,0.006482306879596827,0.9781793926003831,78.23445941672244,0.5107560525570081,5636,,,,[],0,,False,True,
csd-20260805_174708,paired_hierarchical,1,0,0,948c69fa52a0a115,rpoH->ymjC,shared_complete_observation_shared_scores,maximum,prefix,complete,0,5000,0.6,0.0,instrument_error,2151398048,921666314,2151398048,rpoH,ymjC,False,identifiable,alpA|basR|btsR|glaR|glrR|nsrR|pgrR|ptrR|rcdA,5000,0.2649407224918294,0.007455647416665003,1.2929688895074882,35.5355756093869,0.14022482967622088,5636,,,,[],0,,False,True,
csd-20260805_174708,paired_hierarchical,1,0,0,948c69fa52a0a115,rpoH->ymjD,shared_complete_observation_shared_scores,maximum,prefix,complete,0,5000,0.6,0.0,instrument_error,2151398048,921666314,2151398048,rpoH,ymjD,False,identifiable,alpA|basR|btsR|glaR|glrR|nsrR|pgrR|ptrR|rcdA,5000,0.20150190417970354,0.0074747951288947605,1.2996186641017633,26.957515317145294,0.2588565147935149,5636,,,,[],0,,False,True,
csd-20260805_174708,paired_hierarchical,1,0,0,948c69fa52a0a115,rpoH->yrdA,shared_complete_observation_shared_scores,maximum,prefix,complete,0,5000,0.6,0.0,instrument_error,2151398048,921666314,2151398048,rpoH,yrdA,False,identifiable,alpA|basR|btsR|glaR|glrR|nsrR|ptrR|rcdA,5000,-0.11714059343631636,0.012062562488151051,3.3871816447626055,-9.711086972720972,0.13085324543884772,5636,,,,[],0,,False,True,
csd-20260805_174708,paired_hierarchical,1,0,0,948c69fa52a0a115,rpoH->yrfG,shared_complete_observation_shared_scores,maximum,prefix,complete,0,5000,0.6,0.0,instrument_error,2151398048,921666314,2151398048,rpoH,yrfG,False,identifiable,alpA|basR|btsR|glaR|glrR|nsrR|ptrR|rcdA,5000,0.1954507360925213,0.006654971275683173,1.0309834779341316,29.369132937761194,0.19536722612804153,5636,,,,[],0,,False,True,
csd-20260805_174708,paired_hierarchical,1,0,0,948c69fa52a0a115,crp->aaeA,shared_complete_observation_shared_scores,maximum,prefix,complete,0,5000,0.6,0.0,instrument_error,2151398048,921666314,2151398048,crp,aaeA,False,identifiable,alpA|basR|btsR|glaR|glrR|nsrR|ptrR|rcdA,5000,0.299468995373701,0.013837697942575366,1.207798385019443,21.641532906445715,0.3267092680543544,5636,,,,[],0,,False,True,
csd-20260805_174708,paired_hierarchical,1,0,0,948c69fa52a0a115,crp->aaeB,shared_complete_observation_shared_scores,maximum,prefix,complete,0,5000,0.6,0.0,instrument_error,2151398048,921666314,2151398048,crp,aaeB,False,identifiable,alpA|basR|btsR|glaR|glrR|nsrR|ptrR|rcdA,5000,0.13242216658713882,0.017149013873137813,1.8550048748623638,7.721853137839295,0.13742626981466227,5636,,,,[],0,,False,True,
csd-20260805_174708,paired_hierarchical,1,0,0,948c69fa52a0a115,crp->aaeR,shared_complete_observation_shared_scores,maximum,prefix,complete,0,5000,0.6,0.0,instrument_error,2151398048,921666314,2151398048,crp,aaeR,False,identifiable,alpA|basR|btsR|glaR|glrR|nsrR|ptrR|rcdA,5000,-0.09580234071861957,0.012837959809052713,1.0395820577509196,-7.462427219242761,-0.10403702077580167,5636,,,,[],0,,False,True,
csd-20260805_174708,paired_hierarchical,1,0,0,948c69fa52a0a115,crp->aaeX,shared_complete_observation_shared_scores,maximum,prefix,complete,0,5000,0.6,0.0,instrument_error,2151398048,921666314,2151398048,crp,aaeX,False,identifiable,alpA|basR|btsR|glaR|glrR|nsrR|ptrR|rcdA,5000,0.31479171125764405,0.014402206157127203,1.3083525897265575,21.85718686590689,0.25261700370773066,5636,,,,[],0,,False,True,
csd-20260805_174708,paired_hierarchical,1,0,0,948c69fa52a0a115,crp->aegA,shared_complete_observation_shared_scores,maximum,prefix,complete,0,5000,0.6,0.0,instrument_error,2151398048,921666314,2151398048,crp,aegA,False,identifiable,alpA|basR|btsR|glaR|glrR|nsrR|ptrR|rcdA,5000,-0.04082909236031601,0.01531445534063917,1.4793463459127307,-2.666049262096183,-0.10763267639484722,5636,,,,[],0,,False,True,
csd-20260805_174708,paired_hierarchical,1,0,0,948c69fa52a0a115,crp->agp,shared_complete_observation_shared_scores,maximum,prefix,complete,0,5000,0.6,0.0,instrument_error,2151398048,921666314,2151398048,crp,agp,False,identifiable,alpA|basR|btsR|glaR|glrR|nsrR|ptrR|rcdA,5000,0.3934512105907253,0.012725206565319043,1.0214013643399844,30.91904312681472,0.39144412478189494,5636,,,,[],0,,False,True,
csd-20260805_174708,paired_hierarchical,1,0,0,948c69fa52a0a115,crp->ampE,shared_complete_observation_shared_scores,maximum,prefix,complete,0,5000,0.6,0.0,instrument_error,2151398048,921666314,2151398048,crp,ampE,False,identifiable,alpA|basR|btsR|glaR|glrR|nsrR|ptrR|rcdA,5000,-0.5176365995943651,0.01236640693422188,0.9646145731550452,-41.85828610911193,-0.5383875456710223,5636,,,,[],0,,False,True,
csd-20260805_174708,paired_hierarchical,1,0,0,948c69fa52a0a115,crp->arfB,shared_complete_observation_shared_scores,maximum,prefix,complete,0,5000,0.6,0.0,instrument_error,2151398048,921666314,2151398048,crp,arfB,False,identifiable,alpA|basR|btsR|glaR|glrR|nsrR|ptrR|rcdA,5000,-0.33359206376542727,0.012840111466806864,1.0399305573998034,-25.980464782396975,-0.3244933747945988,5636,,,,[],0,,False,True,
csd-20260805_174708,paired_hierarchical,1,0,0,948c69fa52a0a115,crp->comR,shared_complete_observation_shared_scores,maximum,prefix,complete,0,5000,0.6,0.0,instrument_error,2151398048,921666314,2151398048,crp,comR,False,identifiable,alpA|basR|btsR|glaR|glrR|nsrR|ptrR|rcdA,5000,-0.520729755488958,0.014456341648585077,1.3182068336632453,-36.02085286493797,-0.5576894955210375,5636,,,,[],0,,False,True,
csd-20260805_174708,paired_hierarchical,1,0,0,948c69fa52a0a115,crp->glpG,shared_complete_observation_shared_scores,maximum,prefix,complete,0,5000,0.6,0.0,instrument_error,2151398048,921666314,2151398048,crp,glpG,False,identifiable,alpA|basR|btsR|glaR|glrR|nsrR|ptrR|rcdA,5000,0.359601985405704,0.014790020984884519,1.379762484216962,24.313825232108808,0.3751212785474022,5636,,,,[],0,,False,True,
csd-20260805_174708,paired_hierarchical,1,0,0,948c69fa52a0a115,crp->glpR,shared_complete_observation_shared_scores,maximum,prefix,complete,0,5000,0.6,0.0,instrument_error,2151398048,921666314,2151398048,crp,glpR,False,identifiable,alpA|basR|btsR|glaR|glrR|nsrR|ptrR|rcdA,5000,0.027039554227504772,0.015093353526145496,1.4369386980177834,1.791487503467367,0.1446020306921607,5636,,,,[],0,,False,True,
csd-20260805_174708,paired_hierarchical,1,0,0,948c69fa52a0a115,crp->mokB,shared_complete_observation_shared_scores,maximum,prefix,complete,0,5000,0.6,0.0,instrument_error,2151398048,921666314,2151398048,crp,mokB,False,identifiable,alpA|basR|btsR|glaR|glrR|nsrR|ptrR|rcdA,5000,0.16695330420034782,0.012908621611587054,1.0510575423948534,12.933472621932536,0.09208079405402236,5636,,,,[],0,,False,True,
csd-20260805_174708,paired_hierarchical,1,0,0,948c69fa52a0a115,crp->psuG,shared_complete_observation_shared_scores,maximum,prefix,complete,0,5000,0.6,0.0,instrument_error,2151398048,921666314,2151398048,crp,psuG,False,identifiable,alpA|basR|btsR|glaR|glrR|nsrR|ptrR|rcdA,5000,0.31631390435804907,0.01313493103181035,1.088234137428391,24.081885439062898,0.2863957961723735,5636,,,,[],0,,False,True,
csd-20260805_174708,paired_hierarchical,1,0,0,948c69fa52a0a115,crp->psuK,shared_complete_observation_shared_scores,maximum,prefix,complete,0,5000,0.6,0.0,instrument_error,2151398048,921666314,2151398048,crp,psuK,False,identifiable,alpA|basR|btsR|glaR|glrR|nsrR|ptrR|rcdA,5000,0.12177577849759469,0.013688182357121088,1.18183899791934,8.8964170202074,0.18465973376184416,5636,,,,[],0,,False,True,
csd-20260805_174708,paired_hierarchical,1,0,0,948c69fa52a0a115,crp->rihA,shared_complete_observation_shared_scores,maximum,prefix,complete,0,5000,0.6,0.0,instrument_error,2151398048,921666314,2151398048,crp,rihA,False,identifiable,alpA|basR|btsR|glaR|glrR|nsrR|ptrR|rcdA,5000,0.22064952498600862,0.012702897789907271,1.0178232314308306,17.370014986763056,0.2090063316901066,5636,,,,[],0,,False,True,
csd-20260805_174708,paired_hierarchical,1,0,0,948c69fa52a0a115,crp->rof,shared_complete_observation_shared_scores,maximum,prefix,complete,0,5000,0.6,0.0,instrument_error,2151398048,921666314,2151398048,crp,rof,False,identifiable,alpA|basR|btsR|glaR|glrR|nsrR|ptrR|rcdA|yidZ,5000,-0.3711380532894534,0.012525395837000727,0.9854200127407043,-29.630844255882963,-0.3544419481010278,5636,,,,[],0,,False,True,
csd-20260805_174708,paired_hierarchical,1,0,0,948c69fa52a0a115,crp->yaeP,shared_complete_observation_shared_scores,maximum,prefix,complete,0,5000,0.6,0.0,instrument_error,2151398048,921666314,2151398048,crp,yaeP,False,identifiable,alpA|basR|btsR|glaR|glrR|nsrR|ptrR|rcdA,5000,-0.057168374027135815,0.012590566561911114,0.9999016811270082,-4.540572002540469,-0.06588703856169346,5636,,,,[],0,,False,True,
csd-20260805_174708,paired_hierarchical,1,0,0,948c69fa52a0a115,crp->yahN,shared_complete_observation_shared_scores,maximum,prefix,complete,0,5000,0.6,0.0,instrument_error,2151398048,921666314,2151398048,crp,yahN,False,identifiable,alpA|basR|btsR|glaR|glrR|nsrR|ptrR|rcdA,5000,0.2797727438231464,0.013281169735760117,1.1126008978878208,21.0653691948418,0.29868355474558617,5636,,,,[],0,,False,True,
csd-20260805_174708,paired_hierarchical,1,0,0,948c69fa52a0a115,crp->yeiP,shared_complete_observation_shared_scores,maximum,prefix,complete,0,5000,0.6,0.0,instrument_error,2151398048,921666314,2151398048,crp,yeiP,False,identifiable,alpA|basR|btsR|glaR|glrR|nsrR|ptrR|rcdA,5000,0.08703359393659843,0.013305941656554032,1.1167551953446697,6.540957129007761,0.1701142190064807,5636,,,,[],0,,False,True,
csd-20260805_174708,paired_hierarchical,1,0,0,948c69fa52a0a115,crp->yeiW,shared_complete_observation_shared_scores,maximum,prefix,complete,0,5000,0.6,0.0,instrument_error,2151398048,921666314,2151398048,crp,yeiW,False,identifiable,alpA|basR|btsR|glaR|glrR|nsrR|ptrR|rcdA,5000,0.01724117113571092,0.016000767290476677,1.6149101715609784,1.0775215227317572,0.10213470807618247,5636,,,,[],0,,False,True,
csd-20260805_174708,paired_hierarchical,1,0,0,948c69fa52a0a115,crp->ygcW,shared_complete_observation_shared_scores,maximum,prefix,complete,0,5000,0.6,0.0,instrument_error,2151398048,921666314,2151398048,crp,ygcW,False,identifiable,alpA|basR|btsR|glaR|glrR|nsrR|ptrR|rcdA,5000,0.15805662764692496,0.01252423882578777,0.9893943663391099,12.620058579646518,0.1509956340372804,5636,,,,[],0,,False,True,
csd-20260805_174708,paired_hierarchical,1,0,0,948c69fa52a0a115,crp->ygeW,shared_complete_observation_shared_scores,maximum,prefix,complete,0,5000,0.6,0.0,instrument_error,2151398048,921666314,2151398048,crp,ygeW,False,identifiable,alpA|basR|btsR|glaR|glrR|nsrR|ptrR|rcdA,5000,0.11861906976736492,0.013917393684001864,1.2217506441157264,8.523080719037093,0.1275769652870929,5636,,,,[],0,,False,True,
csd-20260805_174708,paired_hierarchical,1,0,0,948c69fa52a0a115,pdeL->fliF,shared_complete_observation_shared_scores,maximum,prefix,complete,0,5000,0.6,0.0,instrument_error,2151398048,921666314,2151398048,pdeL,fliF,False,identifiable,cra|csgD|flhC|flhD|fliA|hns|nac|rpoD,5000,-0.26806009089293964,0.009002294617353043,1.141993433027039,-29.77686270967187,-0.26853994192598524,5636,,,,[],0,,False,True,
csd-20260805_174708,paired_hierarchical,1,0,0,948c69fa52a0a115,pdeL->fliG,shared_complete_observation_shared_scores,maximum,prefix,complete,0,5000,0.6,0.0,instrument_error,2151398048,921666314,2151398048,pdeL,fliG,False,identifiable,cra|csgD|flhC|flhD|fliA|hns|nac|rpoD,5000,-0.1832227639215776,0.009073672271565782,1.1601745671551107,-20.19279057452227,-0.1807689175534927,5636,,,,[],0,,False,True,
csd-20260805_174708,paired_hierarchical,1,0,0,948c69fa52a0a115,pdeL->fliH,shared_complete_observation_shared_scores,maximum,prefix,complete,0,5000,0.6,0.0,instrument_error,2151398048,921666314,2151398048,pdeL,fliH,False,identifiable,cra|csgD|flhC|flhD|fliA|hns|nac|rpoD,5000,-0.38171482389868094,0.008316072026588866,0.9745264858263034,-45.90085591830245,-0.38688245802211124,5636,,,,[],0,,False,True,
csd-20260805_174708,paired_hierarchical,1,0,0,948c69fa52a0a115,pdeL->fliI,shared_complete_observation_shared_scores,maximum,prefix,complete,0,5000,0.6,0.0,instrument_error,2151398048,921666314,2151398048,pdeL,fliI,False,identifiable,cra|csgD|flhC|flhD|fliA|hns|nac|rpoD,5000,-0.5917452396100304,0.009240106674461717,1.2031260570009317,-64.04095325495824,-0.5832009164019488,5636,,,,[],0,,False,True,
csd-20260805_174708,paired_hierarchical,1,0,0,948c69fa52a0a115,pdeL->fliJ,shared_complete_observation_shared_scores,maximum,prefix,complete,0,5000,0.6,0.0,instrument_error,2151398048,921666314,2151398048,pdeL,fliJ,False,identifiable,cra|csgD|flhC|flhD|fliA|hns|nac|rpoD,5000,-0.29571584814416507,0.00854347590703444,1.0285522550721373,-34.61306046414686,-0.3002620387516226,5636,,,,[],0,,False,True,
csd-20260805_174708,paired_hierarchical,1,0,0,948c69fa52a0a115,pdeL->fliK,shared_complete_observation_shared_scores,maximum,prefix,complete,0,5000,0.6,0.0,instrument_error,2151398048,921666314,2151398048,pdeL,fliK,False,identifiable,cra|csgD|flhC|flhD|fliA|hns|nac|rpoD,5000,-0.20914890168185568,0.00877094731661003,1.0840521307639115,-23.845645644887046,-0.21753586269830855,5636,,,,[],0,,False,True,
csd-20260805_174708,paired_hierarchical,1,0,0,948c69fa52a0a115,pdeL->rfe,shared_complete_observation_shared_scores,maximum,prefix,complete,0,5000,0.6,0.0,instrument_error,2151398048,921666314,2151398048,pdeL,rfe,False,identifiable,cra|hns|nac|nsrR|rpoD,5000,-0.07597877104957748,0.00830613387081371,0.9730080505623795,-9.147308751735087,-0.07339946256131946,5636,,,,[],0,,False,True,
csd-20260805_174708,paired_hierarchical,1,0,0,948c69fa52a0a115,pdeL->yghJ,shared_complete_observation_shared_scores,maximum,prefix,complete,0,5000,0.6,0.0,instrument_error,2151398048,921666314,2151398048,pdeL,yghJ,False,identifiable,cra|hns|nac|rpoD,5000,0.5565698972009818,0.009690754123785433,1.3247444641552493,57.43308416368867,0.5624636612910558,5636,,,,[],0,,False,True,
csd-20260805_174708,paired_hierarchical,1,0,0,948c69fa52a0a115,creB->ackA,shared_complete_observation_shared_scores,maximum,prefix,complete,0,5000,0.6,0.0,instrument_error,2151398048,921666314,2151398048,creB,ackA,False,identifiable,arcA|fnr|nac|nagC|rpoD|rpoH,5000,0.26752964484063024,0.013821800314434371,1.1451706629889604,19.355629422691333,0.23070410709679276,5636,,,,[],0,,False,True,
csd-20260805_174708,paired_hierarchical,1,0,0,948c69fa52a0a115,creB->cbrA,shared_complete_observation_shared_scores,maximum,prefix,complete,0,5000,0.6,0.0,instrument_error,2151398048,921666314,2151398048,creB,cbrA,False,identifiable,nagC|rpoD|rpoH,5000,0.15295683494456003,0.022967810365873538,3.176383826734834,6.659617634767188,0.15025701722700913,5636,,,,[],0,,False,True,
csd-20260805_174708,paired_hierarchical,1,0,0,948c69fa52a0a115,creB->cbrB,shared_complete_observation_shared_scores,maximum,prefix,complete,0,5000,0.6,0.0,instrument_error,2151398048,921666314,2151398048,creB,cbrB,False,identifiable,nac|nagC|rpoD|rpoH,5000,0.2351025607610877,0.01499476096381026,1.3497594014539056,15.678980233730028,0.23571935371088928,5636,,,,[],0,,False,True,
csd-20260805_174708,paired_hierarchical,1,0,0,948c69fa52a0a115,creB->cpdA,shared_complete_observation_shared_scores,maximum,prefix,complete,0,5000,0.6,0.0,instrument_error,2151398048,921666314,2151398048,creB,cpdA,False,identifiable,nagC|rpoD|rpoH,5000,0.4177374048201371,0.013105847698291527,1.0342464099945834,31.874123249165574,0.3518389262684667,5636,,,,[],0,,False,True,
csd-20260805_174708,paired_hierarchical,1,0,0,948c69fa52a0a115,creB->creD,shared_complete_observation_shared_scores,maximum,prefix,complete,0,5000,0.6,0.0,instrument_error,2151398048,921666314,2151398048,creB,creD,False,identifiable,nagC|rpoD|rpoH,5000,0.25090358523288897,0.01545831025833079,1.4388576422031416,16.230983919970946,0.2422726872535915,5636,,,,[],0,,False,True,
csd-20260805_174708,paired_hierarchical,1,0,0,948c69fa52a0a115,creB->malE,shared_complete_observation_shared_scores,maximum,prefix,complete,0,5000,0.6,0.0,instrument_error,2151398048,921666314,2151398048,creB,malE,False,identifiable,crp|fis|hns|malT|nagC|ompR|rpoD|rpoH|stpA|yidZ,5000,-0.2424678227156718,0.013484168684944934,1.093221156220487,-17.98166638084163,-0.2297934847600516,5636,,,,[],0,,False,True,
csd-20260805_174708,paired_hierarchical,1,0,0,948c69fa52a0a115,creB->malF,shared_complete_observation_shared_scores,maximum,prefix,complete,0,5000,0.6,0.0,instrument_error,2151398048,921666314,2151398048,creB,malF,False,identifiable,crp|fis|hns|malT|nagC|rpoD|rpoH|stpA,5000,-0.43018254576199016,0.012978841538397339,1.013297209952116,-33.1449108527378,-0.4241675699834768,5636,,,,[],0,,False,True,
csd-20260805_174708,paired_hierarchical,1,0,0,948c69fa52a0a115,creB->malG,shared_complete_observation_shared_scores,maximum,prefix,complete,0,5000,0.6,0.0,instrument_error,2151398048,921666314,2151398048,creB,malG,False,identifiable,crp|fis|hns|malT|nagC|rpoD|rpoH|stpA,5000,-0.12728700651289931,0.013314832762824538,1.066439981479116,-9.559790106285746,-0.11564465157781399,5636,,,,[],0,,False,True,
csd-20260805_174708,paired_hierarchical,1,0,0,948c69fa52a0a115,creB->nudF,shared_complete_observation_shared_scores,maximum,prefix,complete,0,5000,0.6,0.0,instrument_error,2151398048,921666314,2151398048,creB,nudF,False,identifiable,nagC|rpoD|rpoH,5000,0.2921350867892848,0.013380607810482304,1.0780663034513163,21.832721721387543,0.2954885376169645,5636,,,,[],0,,False,True,
csd-20260805_174708,paired_hierarchical,1,0,0,948c69fa52a0a115,creB->parE,shared_complete_observation_shared_scores,maximum,prefix,complete,0,5000,0.6,0.0,instrument_error,2151398048,921666314,2151398048,creB,parE,False,identifiable,nagC|rpoD|rpoH,5000,0.1895966886542246,0.014221172163572684,1.217768053486661,13.332001502652055,0.178549917863663,5636,,,,[],0,,False,True,
csd-20260805_174708,paired_hierarchical,1,0,0,948c69fa52a0a115,creB->pta,shared_complete_observation_shared_scores,maximum,prefix,complete,0,5000,0.6,0.0,instrument_error,2151398048,921666314,2151398048,creB,pta,False,identifiable,nagC|rpoD|rpoH,5000,0.12940480020655534,0.013060151103704879,1.027046701010106,9.908369296726287,0.11642374223006347,5636,,,,[],0,,False,True,
csd-20260805_174708,paired_hierarchical,1,0,0,948c69fa52a0a115,creB->recG,shared_complete_observation_shared_scores,maximum,prefix,complete,0,5000,0.6,0.0,instrument_error,2151398048,921666314,2151398048,creB,recG,False,identifiable,dksA|nagC|rpoD|rpoH,5000,0.4791439686074214,0.013346854862384435,1.0722522481317214,35.89939154562902,0.47283938203862735,5636,,,,[],0,,False,True,
csd-20260805_174708,paired_hierarchical,1,0,0,948c69fa52a0a115,creB->talA,shared_complete_observation_shared_scores,maximum,prefix,complete,0,5000,0.6,0.0,instrument_error,2151398048,921666314,2151398048,creB,talA,False,identifiable,dksA|nagC|rpoD|rpoH|rpoS,5000,0.22898947880556692,0.01342085679988074,1.0821494157609182,17.062210127121077,0.2343778362674058,5636,,,,[],0,,False,True,
csd-20260805_174708,paired_hierarchical,1,0,0,948c69fa52a0a115,creB->yqiA,shared_complete_observation_shared_scores,maximum,prefix,complete,0,5000,0.6,0.0,instrument_error,2151398048,921666314,2151398048,creB,yqiA,False,identifiable,nagC|rpoD|rpoH,5000,0.18412817722760638,0.01542746852685426,1.4331218805415444,11.93508688136997,0.15056722761128696,5636,,,,[],0,,False,True,
csd-20260805_174708,paired_hierarchical,1,0,0,948c69fa52a0a115,creB->yqiB,shared_complete_observation_shared_scores,maximum,prefix,complete,0,5000,0.6,0.0,instrument_error,2151398048,921666314,2151398048,creB,yqiB,False,identifiable,nagC|rpoD|rpoH,5000,0.22470473004513417,0.013204083786762997,1.0498090964328928,17.017820673812984,0.22570423524288866,5636,,,,[],0,,False,True,
csd-20260805_174708,paired_hierarchical,1,0,0,948c69fa52a0a115,csqR->yihS,shared_complete_observation_shared_scores,maximum,prefix,complete,0,5000,0.6,0.0,instrument_error,2151398048,921666314,2151398048,csqR,yihS,False,identifiable,crp|rpoD,5000,-0.454572726151735,0.013944551147984065,1.184922253499982,-32.59859147330473,-0.4450502681205056,5636,,,,[],0,,False,True,
csd-20260805_174708,paired_hierarchical,1,0,0,948c69fa52a0a115,csqR->yihT,shared_complete_observation_shared_scores,maximum,prefix,complete,0,5000,0.6,0.0,instrument_error,2151398048,921666314,2151398048,csqR,yihT,False,identifiable,crp|rpoD,5000,-0.18569485821233517,0.014645106779903156,1.3069707305466147,-12.679652050550848,-0.17487161966703954,5636,,,,[],0,,False,True,
csd-20260805_174708,paired_hierarchical,1,0,0,948c69fa52a0a115,csqR->yihU,shared_complete_observation_shared_scores,maximum,prefix,complete,0,5000,0.6,0.0,instrument_error,2151398048,921666314,2151398048,csqR,yihU,False,identifiable,crp|rpoD,5000,-0.2397673962399628,0.012912943994923232,1.0160879745807891,-18.567988549646632,-0.22893641975983198,5636,,,,[],0,,False,True,
csd-20260805_174708,paired_hierarchical,1,0,0,948c69fa52a0a115,csqR->yihV,shared_complete_observation_shared_scores,maximum,prefix,complete,0,5000,0.6,0.0,instrument_error,2151398048,921666314,2151398048,csqR,yihV,False,identifiable,crp|rpoD,5000,-0.13756447968366844,0.01474822831647521,1.3254412461149476,-9.32752576999337,-0.1331438181029673,5636,,,,[],0,,False,True,
csd-20260805_174708,paired_hierarchical,1,0,0,948c69fa52a0a115,dcuR->aspA,shared_complete_observation_shared_scores,maximum,prefix,complete,0,5000,0.6,0.0,instrument_error,2151398048,921666314,2151398048,dcuR,aspA,False,identifiable,crp|fnr|lrp|narL|rpoD,5000,0.520161675526509,0.01399386690243165,0.9915059045354164,37.17068907066159,0.5249039634310212,5636,,,,[],0,,False,True,
csd-20260805_174708,paired_hierarchical,1,0,0,948c69fa52a0a115,dcuR->dctA,shared_complete_observation_shared_scores,maximum,prefix,complete,0,5000,0.6,0.0,instrument_error,2151398048,921666314,2151398048,dcuR,dctA,False,identifiable,arcA|crp|fnr|narL|rpoD,5000,0.26458076087893867,0.015361370635623508,1.1947046314230991,17.223773005344164,0.2725858977664508,5636,,,,[],0,,False,True,
csd-20260805_174708,paired_hierarchical,1,0,0,948c69fa52a0a115,dcuR->dcuA,shared_complete_observation_shared_scores,maximum,prefix,complete,0,5000,0.6,0.0,instrument_error,2151398048,921666314,2151398048,dcuR,dcuA,False,identifiable,arcA|crp|fnr|narL|rpoD,5000,0.1881934063154412,0.014682610734844838,1.091458384631823,12.817434835946427,0.19154264579812702,5636,,,,[],0,,False,True,
csd-20260805_174708,paired_hierarchical,1,0,0,948c69fa52a0a115,dcuR->dcuB,shared_complete_observation_shared_scores,maximum,prefix,complete,0,5000,0.6,0.0,instrument_error,2151398048,921666314,2151398048,dcuR,dcuB,False,identifiable,arcA|crp|fnr|narL|rpoD,5000,0.14681687379265118,0.01553443808721691,1.2217763345037034,9.451057899124455,0.12332429761188722,5636,,,,[],0,,False,True,
csd-20260805_174708,paired_hierarchical,1,0,0,948c69fa52a0a115,dcuR->dpiA,shared_complete_observation_shared_scores,maximum,prefix,complete,0,5000,0.6,0.0,instrument_error,2151398048,921666314,2151398048,dcuR,dpiA,False,identifiable,arcA|crp|fnr|narL|rpoD,5000,0.18520403198302243,0.029294384364901106,4.344795727260699,6.322168429145196,0.1054563984203142,5636,,,,[],0,,False,True,
csd-20260805_174708,paired_hierarchical,1,0,0,948c69fa52a0a115,dcuR->dpiB,shared_complete_observation_shared_scores,maximum,prefix,complete,0,5000,0.6,0.0,instrument_error,2151398048,921666314,2151398048,dcuR,dpiB,False,identifiable,arcA|crp|fnr|narL|rpoD,5000,0.6019787309125078,0.018090184897882524,1.6568630895399086,33.276538316806814,0.5645314205263541,5636,,,,[],0,,False,True,
csd-20260805_174708,paired_hierarchical,1,0,0,948c69fa52a0a115,dcuR->frdA,shared_complete_observation_shared_scores,maximum,prefix,complete,0,5000,0.6,0.0,instrument_error,2151398048,921666314,2151398048,dcuR,frdA,False,identifiable,crp|fnr|lrp|narL|rpoD|rpoS,5000,0.35958707952629576,0.015463821266047334,1.2105540609512242,23.253442557294175,0.34257533639014637,5636,,,,[],0,,False,True,
csd-20260805_174708,paired_hierarchical,1,0,0,948c69fa52a0a115,dcuR->frdB,shared_complete_observation_shared_scores,maximum,prefix,complete,0,5000,0.6,0.0,instrument_error,2151398048,921666314,2151398048,dcuR,frdB,False,identifiable,crp|fnr|lrp|narL|rpoD|rpoS,5000,0.2284025099254417,0.01494805076850295,1.1311486318233268,15.279752086921516,0.2383601503885051,5636,,,,[],0,,False,True,
csd-20260805_174708,paired_hierarchical,1,0,0,948c69fa52a0a115,dcuR->frdC,shared_complete_observation_shared_scores,maximum,prefix,complete,0,5000,0.6,0.0,instrument_error,2151398048,921666314,2151398048,dcuR,frdC,False,identifiable,crp|fnr|narL|rpoD|rpoS,5000,0.1511529731280511,0.01801645742872765,1.6431989966909162,8.389716664666508,0.1559052763056469,5636,,,,[],0,,False,True,
csd-20260805_174708,paired_hierarchical,1,0,0,948c69fa52a0a115,dcuR->frdD,shared_complete_observation_shared_scores,maximum,prefix,complete,0,5000,0.6,0.0,instrument_error,2151398048,921666314,2151398048,dcuR,frdD,False,identifiable,crp|fnr|narL|rpoD|rpoS,5000,0.22621572788459007,0.018298856623334116,1.6951154026191375,12.362287575723558,0.23461730422746988,5636,,,,[],0,,False,True,
csd-20260805_174708,paired_hierarchical,1,0,0,948c69fa52a0a115,dcuR->fumB,shared_complete_observation_shared_scores,maximum,prefix,complete,0,5000,0.6,0.0,instrument_error,2151398048,921666314,2151398048,dcuR,fumB,False,identifiable,arcA|crp|fis|fnr|fur|narL|rpoD,5000,0.17126805482444468,0.019615623900808014,1.9455227630428042,8.731206088091328,0.17033874791126927,5636,,,,[],0,,False,True,
csd-20260805_174708,paired_hierarchical,1,0,0,948c69fa52a0a115,dcuR->pck,shared_complete_observation_shared_scores,maximum,prefix,complete,0,5000,0.6,0.0,instrument_error,2151398048,921666314,2151398048,dcuR,pck,False,identifiable,cra|crp|fnr|narL|rpoD,5000,0.32565093621855523,0.015539837389240354,1.2226723258271361,20.955877983899178,0.29566757286071244,5636,,,,[],0,,False,True,
csd-20260805_174708,paired_hierarchical,1,0,0,948c69fa52a0a115,dgoR->dgoA,shared_complete_observation_shared_scores,maximum,prefix,complete,0,5000,0.6,0.0,instrument_error,2151398048,921666314,2151398048,dgoR,dgoA,False,identifiable,crp|rpoD,5000,-0.28662873624636337,0.019457422068733316,1.31654432056331,-14.731074611726454,-0.29265392324226214,5636,,,,[],0,,False,True,
csd-20260805_174708,paired_hierarchical,1,0,0,948c69fa52a0a115,dgoR->dgoD,shared_complete_observation_shared_scores,maximum,prefix,complete,0,5000,0.6,0.0,instrument_error,2151398048,921666314,2151398048,dgoR,dgoD,False,identifiable,crp|rpoD,5000,-0.21706967963040447,0.020171776197488302,1.4149893356763301,-10.761059289237652,-0.2065440302439212,5636,,,,[],0,,False,True,
csd-20260805_174708,paired_hierarchical,1,0,0,948c69fa52a0a115,dgoR->dgoK,shared_complete_observation_shared_scores,maximum,prefix,complete,0,5000,0.6,0.0,instrument_error,2151398048,921666314,2151398048,dgoR,dgoK,False,identifiable,crp|rpoD,5000,-0.24805115067826577,0.016866046690028353,0.9892167945591022,-14.707130558634116,-0.21882896884531025,5636,,,,[],0,,False,True,
csd-20260805_174708,paired_hierarchical,1,0,0,948c69fa52a0a115,dgoR->dgoT,shared_complete_observation_shared_scores,maximum,prefix,complete,0,5000,0.6,0.0,instrument_error,2151398048,921666314,2151398048,dgoR,dgoT,False,identifiable,crp|rpoD,5000,-0.07318414166979836,0.01825446364159224,1.1587854630532581,-4.009109394101864,-0.0764607544877783,5636,,,,[],0,,False,True,
csd-20260805_174708,paired_hierarchical,1,0,0,948c69fa52a0a115,dksA->hisC,shared_complete_observation_shared_scores,maximum,prefix,complete,0,5000,0.6,0.0,instrument_error,2151398048,921666314,2151398048,dksA,hisC,False,identifiable,alpA|basR|btsR|glaR|glrR|nsrR|ptrR|rcdA,5000,0.3651498500035815,0.025603198678395257,2.2073100634751888,14.261884016535241,0.10018162339973254,5636,,,,[],0,,False,True,
csd-20260805_174708,paired_hierarchical,1,0,0,948c69fa52a0a115,dksA->hisD,shared_complete_observation_shared_scores,maximum,prefix,complete,0,5000,0.6,0.0,instrument_error,2151398048,921666314,2151398048,dksA,hisD,False,identifiable,alpA|basR|btsR|glaR|glrR|nsrR|ptrR|rcdA,5000,0.18500303805175244,0.016963331078069622,0.9689406304925557,10.906055962730479,0.1921563453269491,5636,,,,[],0,,False,True,
csd-20260805_174708,paired_hierarchical,1,0,0,948c69fa52a0a115,dksA->hisG,shared_complete_observation_shared_scores,maximum,prefix,complete,0,5000,0.6,0.0,instrument_error,2151398048,921666314,2151398048,dksA,hisG,False,identifiable,alpA|basR|btsR|glaR|glrR|nsrR|ptrR|rcdA,5000,0.2314279402199917,0.020714170587282546,1.4448075007447403,11.172445415800368,0.27214035519326646,5636,,,,[],0,,False,True,
csd-20260805_174708,paired_hierarchical,1,0,0,948c69fa52a0a115,dksA->pheS,shared_complete_observation_shared_scores,maximum,prefix,complete,0,5000,0.6,0.0,instrument_error,2151398048,921666314,2151398048,dksA,pheS,False,identifiable,alpA|basR|btsR|glaR|glrR|nsrR|ptrR|rcdA,5000,-0.08112441240088387,0.018657396957113905,1.172133272592861,-4.348109899111721,-0.0817345909938404,5636,,,,[],0,,False,True,
csd-20260805_174708,paired_hierarchical,1,0,0,948c69fa52a0a115,dksA->pheT,shared_complete_observation_shared_scores,maximum,prefix,complete,0,5000,0.6,0.0,instrument_error,2151398048,921666314,2151398048,dksA,pheT,False,identifiable,alpA|basR|btsR|glaR|glrR|nsrR|ptrR|rcdA,5000,-0.4181382347511974,0.019404090634615016,1.267831330195133,-21.548973493520965,-0.357447134465124,5636,,,,[],0,,False,True,
csd-20260805_174708,paired_hierarchical,1,0,0,948c69fa52a0a115,dksA->rplA,shared_complete_observation_shared_scores,maximum,prefix,complete,0,5000,0.6,0.0,instrument_error,2151398048,921666314,2151398048,dksA,rplA,False,identifiable,alpA|basR|btsR|glaR|glrR|nsrR|ptrR|rcdA,5000,0.08647768136585388,0.01960741020092676,1.294539659604224,4.41045913150562,-0.14073496592126533,5636,,,,[],0,,False,True,
csd-20260805_174708,paired_hierarchical,1,0,0,948c69fa52a0a115,dksA->rplJ,shared_complete_observation_shared_scores,maximum,prefix,complete,0,5000,0.6,0.0,instrument_error,2151398048,921666314,2151398048,dksA,rplJ,False,identifiable,alpA|basR|btsR|glaR|glrR|nsrR|ptrR|rcdA,5000,-0.12028849047944673,0.019208557548700902,1.2424084510411504,-6.262234432464294,-0.11702783265306102,5636,,,,[],0,,False,True,
csd-20260805_174708,paired_hierarchical,1,0,0,948c69fa52a0a115,dksA->rplK,shared_complete_observation_shared_scores,maximum,prefix,complete,0,5000,0.6,0.0,instrument_error,2151398048,921666314,2151398048,dksA,rplK,False,identifiable,alpA|basR|btsR|glaR|glrR|nsrR|ptrR|rcdA,5000,-0.2415692759447317,0.020722710450239993,1.4459990523351633,-11.657223919853305,-0.15184205377675336,5636,,,,[],0,,False,True,
csd-20260805_174708,paired_hierarchical,1,0,0,948c69fa52a0a115,dksA->rplL,shared_complete_observation_shared_scores,maximum,prefix,complete,0,5000,0.6,0.0,instrument_error,2151398048,921666314,2151398048,dksA,rplL,False,identifiable,alpA|basR|btsR|glaR|glrR|nsrR|ptrR|rcdA,5000,-0.2030595828353472,0.020879229991409207,1.4679249329323885,-9.725434458976522,-0.2685513351694109,5636,,,,[],0,,False,True,
csd-20260805_174708,paired_hierarchical,1,0,0,948c69fa52a0a115,dksA->rpmB,shared_complete_observation_shared_scores,maximum,prefix,complete,0,5000,0.6,0.0,instrument_error,2151398048,921666314,2151398048,dksA,rpmB,False,identifiable,alpA|basR|btsR|glaR|glrR|nsrR|ptrR|rcdA|yfeC,5000,-0.3154666186800186,0.017506108013984056,1.0312959728447306,-18.02037428467942,-0.31227091935127915,5636,,,,[],0,,False,True,
csd-20260805_174708,paired_hierarchical,1,0,0,948c69fa52a0a115,dksA->rpmG,shared_complete_observation_shared_scores,maximum,prefix,complete,0,5000,0.6,0.0,instrument_error,2151398048,921666314,2151398048,dksA,rpmG,False,identifiable,alpA|basR|btsR|glaR|glrR|nsrR|ptrR|rcdA,5000,-0.2345951291902647,0.019487843961189254,1.2787995590385626,-12.038023788443164,-0.18963942871475,5636,,,,[],0,,False,True,
csd-20260805_174708,paired_hierarchical,1,0,0,948c69fa52a0a115,dksA->rpoB,shared_complete_observation_shared_scores,maximum,prefix,complete,0,5000,0.6,0.0,instrument_error,2151398048,921666314,2151398048,dksA,rpoB,False,identifiable,alpA|basR|btsR|glaR|glrR|nsrR|ptrR|rcdA,5000,-0.31318784397849464,0.01742931692551281,1.0229057610895655,-17.969025712077926,-0.3038152968156038,5636,,,,[],0,,False,True,
csd-20260805_174708,paired_hierarchical,1,0,0,948c69fa52a0a115,dksA->rpoC,shared_complete_observation_shared_scores,maximum,prefix,complete,0,5000,0.6,0.0,instrument_error,2151398048,921666314,2151398048,dksA,rpoC,False,identifiable,alpA|basR|btsR|glaR|glrR|nsrR|ptrR|rcdA,5000,-0.23193192999626097,0.020776499088686295,1.4535153724186785,-11.163186300359813,-0.19288342658028151,5636,,,,[],0,,False,True,
csd-20260805_174708,paired_hierarchical,1,0,0,948c69fa52a0a115,dksA->rpsG,shared_complete_observation_shared_scores,maximum,prefix,complete,0,5000,0.6,0.0,instrument_error,2151398048,921666314,2151398048,dksA,rpsG,False,identifiable,alpA|basR|btsR|glaR|glrR|nsrR|ptrR|rcdA,5000,-0.42132695033791234,0.014994312984899208,0.7570560499865008,-28.0991166959254,-0.4843297016815547,5636,,,,[],0,,False,True,
csd-20260805_174708,paired_hierarchical,1,0,0,948c69fa52a0a115,dksA->rpsL,shared_complete_observation_shared_scores,maximum,prefix,complete,0,5000,0.6,0.0,instrument_error,2151398048,921666314,2151398048,dksA,rpsL,False,identifiable,alpA|basR|btsR|glaR|glrR|nsrR|ptrR|rcdA,5000,-0.23575279143705402,0.02237236019733172,1.6853825633695396,-10.537680841790285,-0.3626542188029138,5636,,,,[],0,,False,True,
csd-20260805_174708,paired_hierarchical,1,0,0,948c69fa52a0a115,dksA->rpsT,shared_complete_observation_shared_scores,maximum,prefix,complete,0,5000,0.6,0.0,instrument_error,2151398048,921666314,2151398048,dksA,rpsT,False,identifiable,alpA|basR|btsR|glaR|glrR|nsrR|ptrR|rcdA,5000,-0.25367299110000796,0.017393080580647167,1.0186568470616166,-14.584707402681923,-0.26763631173131297,5636,,,,[],0,,False,True,
csd-20260805_174708,paired_hierarchical,1,0,0,948c69fa52a0a115,exuR->exuT,shared_complete_observation_shared_scores,maximum,prefix,complete,0,5000,0.6,0.0,instrument_error,2151398048,921666314,2151398048,exuR,exuT,False,identifiable,crp|dpiA|nac|rpoD|zraR,5000,-0.3089724993758099,0.015565958973885276,1.1126747294997512,-19.84924281852261,-0.2970498372327876,5636,,,,[],0,,False,True,
csd-20260805_174708,paired_hierarchical,1,0,0,948c69fa52a0a115,exuR->uxaA,shared_complete_observation_shared_scores,maximum,prefix,complete,0,5000,0.6,0.0,instrument_error,2151398048,921666314,2151398048,exuR,uxaA,False,identifiable,crp|fnr|rpoD|zraR,5000,-0.10575316621037092,0.017714407484213275,1.4426369286791834,-5.9698957644852655,-0.09286316964155848,5636,,,,[],0,,False,True,
csd-20260805_174708,paired_hierarchical,1,0,0,948c69fa52a0a115,exuR->uxaB,shared_complete_observation_shared_scores,maximum,prefix,complete,0,5000,0.6,0.0,instrument_error,2151398048,921666314,2151398048,exuR,uxaB,False,identifiable,crp|fur|rpoD|zraR,5000,-0.12087889293015856,0.018064551658626728,1.5017210393965885,-6.691496983399134,-0.11822295237151335,5636,,,,[],0,,False,True,
csd-20260805_174708,paired_hierarchical,1,0,0,948c69fa52a0a115,exuR->uxaC,shared_complete_observation_shared_scores,maximum,prefix,complete,0,5000,0.6,0.0,instrument_error,2151398048,921666314,2151398048,exuR,uxaC,False,identifiable,crp|fnr|fur|nac|rpoD|zraR,5000,-0.26466341797153603,0.014615947171851534,0.9818094293214958,-18.107852666657436,-0.26761486469856294,5636,,,,[],0,,False,True,
csd-20260805_174708,paired_hierarchical,1,0,0,948c69fa52a0a115,fis->cspI,shared_complete_observation_shared_scores,maximum,prefix,complete,0,5000,0.6,0.0,instrument_error,2151398048,921666314,2151398048,fis,cspI,False,identifiable,alpA|basR|btsR|glaR|glrR|nsrR|ptrR|rcdA,5000,-0.27215763963477135,0.011803572579620386,1.0241959265364486,-23.05722592028355,-0.27918393998940827,5636,,,,[],0,,False,True,
csd-20260805_174708,paired_hierarchical,1,0,0,948c69fa52a0a115,fis->queA,shared_complete_observation_shared_scores,maximum,prefix,complete,0,5000,0.6,0.0,instrument_error,2151398048,921666314,2151398048,fis,queA,False,identifiable,alpA|basR|btsR|glaR|glrR|nsrR|ptrR|rcdA,5000,0.1909437066040635,0.013434273578123984,1.3267358692831484,14.213176878799848,0.2057397813943604,5636,,,,[],0,,False,True,
csd-20260805_174708,paired_hierarchical,1,0,0,948c69fa52a0a115,fis->yodD,shared_complete_observation_shared_scores,maximum,prefix,complete,0,5000,0.6,0.0,instrument_error,2151398048,921666314,2151398048,fis,yodD,False,identifiable,alpA|basR|btsR|glaR|glrR|nsrR|ptrR|rcdA,5000,0.16174656726007242,0.014727602799721375,1.594484200349415,10.982545459681491,0.17568571817826673,5636,,,,[],0,,False,True,
csd-20260805_174708,paired_hierarchical,1,0,0,948c69fa52a0a115,frlR->frlA,shared_complete_observation_shared_scores,maximum,prefix,complete,0,5000,0.6,0.0,instrument_error,2151398048,921666314,2151398048,frlR,frlA,False,identifiable,crp|rpoD,5000,-0.3673546078288477,0.015406013627499389,0.9942054655848164,-23.844883998617785,-0.4168398769751931,5636,,,,[],0,,False,True,
csd-20260805_174708,paired_hierarchical,1,0,0,948c69fa52a0a115,frlR->frlB,shared_complete_observation_shared_scores,maximum,prefix,complete,0,5000,0.6,0.0,instrument_error,2151398048,921666314,2151398048,frlR,frlB,False,identifiable,crp|rpoD,5000,-0.8589813853174282,0.015207470359734512,0.9687451657379463,-56.48417290963729,-0.8807160296797321,5636,,,,[],0,,False,True,
csd-20260805_174708,paired_hierarchical,1,0,0,948c69fa52a0a115,frlR->frlC,shared_complete_observation_shared_scores,maximum,prefix,complete,0,5000,0.6,0.0,instrument_error,2151398048,921666314,2151398048,frlR,frlC,False,identifiable,crp|rpoD,5000,-0.18905088847766177,0.016031111243351746,1.0765218437315833,-11.792750084998817,-0.19418599495019168,5636,,,,[],0,,False,True,
csd-20260805_174708,paired_hierarchical,1,0,0,948c69fa52a0a115,frlR->frlD,shared_complete_observation_shared_scores,maximum,prefix,complete,0,5000,0.6,0.0,instrument_error,2151398048,921666314,2151398048,frlR,frlD,False,identifiable,crp|rpoD,5000,-0.25922968377186,0.016872053921926707,1.1924261741362152,-15.364441399453353,-0.2293619604462632,5636,,,,[],0,,False,True,
csd-20260805_174708,paired_hierarchical,1,0,0,948c69fa52a0a115,fucR->fucA,shared_complete_observation_shared_scores,maximum,prefix,complete,0,5000,0.6,0.0,instrument_error,2151398048,921666314,2151398048,fucR,fucA,False,identifiable,crp|hns|nac|rpoD|srsR,5000,0.6139373359737113,0.009272783201781149,1.107300047880047,66.20852904829954,0.6176894831950748,5636,,,,[],0,,False,True,
csd-20260805_174708,paired_hierarchical,1,0,0,948c69fa52a0a115,fucR->fucI,shared_complete_observation_shared_scores,maximum,prefix,complete,0,5000,0.6,0.0,instrument_error,2151398048,921666314,2151398048,fucR,fucI,False,identifiable,crp|rpoD|spf|srsR,5000,0.7124238648760188,0.010029284446729642,1.296910681071365,71.0343662760833,0.7212698956978497,5636,,,,[],0,,False,True,
csd-20260805_174708,paired_hierarchical,1,0,0,948c69fa52a0a115,fucR->fucK,shared_complete_observation_shared_scores,maximum,prefix,complete,0,5000,0.6,0.0,instrument_error,2151398048,921666314,2151398048,fucR,fucK,False,identifiable,crp|rpoD|spf|srsR,5000,0.50325938476524,0.009927303812583919,1.270670056075159,50.69446793068879,0.504521175475752,5636,,,,[],0,,False,True,
csd-20260805_174708,paired_hierarchical,1,0,0,948c69fa52a0a115,fucR->fucO,shared_complete_observation_shared_scores,maximum,prefix,complete,0,5000,0.6,0.0,instrument_error,2151398048,921666314,2151398048,fucR,fucO,False,identifiable,crp|rpoD|srsR,5000,0.17067068724955456,0.009309086467707057,1.1174442753112919,18.33377397896196,0.16712314344759177,5636,,,,[],0,,False,True,
csd-20260805_174708,paired_hierarchical,1,0,0,948c69fa52a0a115,fucR->fucP,shared_complete_observation_shared_scores,maximum,prefix,complete,0,5000,0.6,0.0,instrument_error,2151398048,921666314,2151398048,fucR,fucP,False,identifiable,crp|rpoD|spf|srsR,5000,0.1901721135582123,0.008853521356861759,1.0106534153308167,21.47982773101043,0.1766795260030883,5636,,,,[],0,,False,True,
csd-20260805_174708,paired_hierarchical,1,0,0,948c69fa52a0a115,fucR->fucU,shared_complete_observation_shared_scores,maximum,prefix,complete,0,5000,0.6,0.0,instrument_error,2151398048,921666314,2151398048,fucR,fucU,False,identifiable,crp|rpoD|srsR,5000,0.18078987767362112,0.008877593429810466,1.0162539569948257,20.36473950998237,0.17019966175913676,5636,,,,[],0,,False,True,
csd-20260805_174708,paired_hierarchical,1,0,0,948c69fa52a0a115,fur->adhP,shared_complete_observation_shared_scores,maximum,prefix,complete,0,5000,0.6,0.0,instrument_error,2151398048,921666314,2151398048,fur,adhP,False,identifiable,alpA|basR|btsR|glaR|glrR|nsrR|ptrR|rcdA,5000,-0.01676311347835415,0.02253193271829239,1.7648263578565941,-0.7439713977463255,-0.29532587348505945,5636,,,,[],0,,False,True,
csd-20260805_174708,paired_hierarchical,1,0,0,948c69fa52a0a115,fur->bssR,shared_complete_observation_shared_scores,maximum,prefix,complete,0,5000,0.6,0.0,instrument_error,2151398048,921666314,2151398048,fur,bssR,False,identifiable,alpA|basR|btsR|glaR|glrR|nsrR|ptrR|rcdA,5000,0.20212507121151446,0.01778782079737227,1.099893361770106,11.363116005833252,0.14336987922486233,5636,,,,[],0,,False,True,
csd-20260805_174708,paired_hierarchical,1,0,0,948c69fa52a0a115,fur->efeB,shared_complete_observation_shared_scores,maximum,prefix,complete,0,5000,0.6,0.0,instrument_error,2151398048,921666314,2151398048,fur,efeB,False,identifiable,alpA|basR|btsR|glaR|glrR|nsrR|ptrR|rcdA,5000,-0.5952597690337283,0.017370078225527597,1.048838542809694,-34.26926242386845,-0.5941814895304951,5636,,,,[],0,,False,True,
csd-20260805_174708,paired_hierarchical,1,0,0,948c69fa52a0a115,fur->efeO,shared_complete_observation_shared_scores,maximum,prefix,complete,0,5000,0.6,0.0,instrument_error,2151398048,921666314,2151398048,fur,efeO,False,identifiable,alpA|basR|btsR|glaR|glrR|nsrR|ptrR|rcdA,5000,-0.4950991619258513,0.017350106190860505,1.0464280301071878,-28.53580009709993,-0.5003099202418074,5636,,,,[],0,,False,True,
csd-20260805_174708,paired_hierarchical,1,0,0,948c69fa52a0a115,fur->fhuE,shared_complete_observation_shared_scores,maximum,prefix,complete,0,5000,0.6,0.0,instrument_error,2151398048,921666314,2151398048,fur,fhuE,False,identifiable,alpA|basR|btsR|glaR|glrR|nsrR|ptrR|rcdA,5000,-0.17894059630741949,0.018360001487416244,1.1717919603761626,-9.746219052872274,-0.14402201057342504,5636,,,,[],0,,False,True,
csd-20260805_174708,paired_hierarchical,1,0,0,948c69fa52a0a115,fur->gpr,shared_complete_observation_shared_scores,maximum,prefix,complete,0,5000,0.6,0.0,instrument_error,2151398048,921666314,2151398048,fur,gpr,False,identifiable,alpA|basR|btsR|glaR|glrR|nsrR|ptrR|rcdA,5000,0.9135389983820554,0.01815668143011906,1.1459826361291316,50.31420537382117,0.8903955653824905,5636,,,,[],0,,False,True,
csd-20260805_174708,paired_hierarchical,1,0,0,948c69fa52a0a115,fur->maeB,shared_complete_observation_shared_scores,maximum,prefix,complete,0,5000,0.6,0.0,instrument_error,2151398048,921666314,2151398048,fur,maeB,False,identifiable,alpA|basR|btsR|glaR|glrR|nsrR|ptrR|rcdA,5000,-0.09394582491043982,0.019720340966715457,1.3518668832342964,-4.763904694599561,-0.08681900918014962,5636,,,,[],0,,False,True,
csd-20260805_174708,paired_hierarchical,1,0,0,948c69fa52a0a115,fur->mocA,shared_complete_observation_shared_scores,maximum,prefix,complete,0,5000,0.6,0.0,instrument_error,2151398048,921666314,2151398048,fur,mocA,False,identifiable,alpA|basR|btsR|glaR|glrR|nsrR|ptrR|rcdA,5000,-0.14766447309099268,0.020703990894736922,1.4900924899838024,-7.1321743639546265,-0.19458124381546676,5636,,,,[],0,,False,True,
csd-20260805_174708,paired_hierarchical,1,0,0,948c69fa52a0a115,fur->pepE,shared_complete_observation_shared_scores,maximum,prefix,complete,0,5000,0.6,0.0,instrument_error,2151398048,921666314,2151398048,fur,pepE,False,identifiable,alpA|basR|btsR|glaR|glrR|nsrR|ptrR|rcdA,5000,0.006782701850598349,0.018495307121262655,1.1891268476610124,0.3667255594150578,0.08599494457453438,5636,,,,[],0,,False,True,
csd-20260805_174708,paired_hierarchical,1,0,0,948c69fa52a0a115,fur->qorA,shared_complete_observation_shared_scores,maximum,prefix,complete,0,5000,0.6,0.0,instrument_error,2151398048,921666314,2151398048,fur,qorA,False,identifiable,alpA|basR|btsR|glaR|glrR|nsrR|ptrR|rcdA,5000,0.2953980635731059,0.018122504767561835,1.1416724871976494,16.300068194869517,0.30135038026001254,5636,,,,[],0,,False,True,
csd-20260805_174708,paired_hierarchical,1,0,0,948c69fa52a0a115,fur->rimO,shared_complete_observation_shared_scores,maximum,prefix,complete,0,5000,0.6,0.0,instrument_error,2151398048,921666314,2151398048,fur,rimO,False,identifiable,alpA|basR|btsR|glaR|glrR|nsrR|ptrR|rcdA,5000,-0.3240497710256169,0.018050580631724204,1.1326283884366593,-17.95231841218968,-0.18778612108776252,5636,,,,[],0,,False,True,
csd-20260805_174708,paired_hierarchical,1,0,0,948c69fa52a0a115,fur->rsxA,shared_complete_observation_shared_scores,maximum,prefix,complete,0,5000,0.6,0.0,instrument_error,2151398048,921666314,2151398048,fur,rsxA,False,identifiable,alpA|basR|btsR|glaR|glrR|nsrR|ptrR|rcdA,5000,-0.4875036022633581,0.01995305173545414,1.383960666233731,-24.432533365165572,-0.3163804177804914,5636,,,,[],0,,False,True,
csd-20260805_174708,paired_hierarchical,1,0,0,948c69fa52a0a115,fur->rsxB,shared_complete_observation_shared_scores,maximum,prefix,complete,0,5000,0.6,0.0,instrument_error,2151398048,921666314,2151398048,fur,rsxB,False,identifiable,alpA|basR|btsR|glaR|glrR|nsrR|ptrR|rcdA,5000,0.08137979355401147,0.022912731667897975,1.8249830201608634,3.551728127992226,-0.12385705479566515,5636,,,,[],0,,False,True,
csd-20260805_174708,paired_hierarchical,1,0,0,948c69fa52a0a115,fur->rsxC,shared_complete_observation_shared_scores,maximum,prefix,complete,0,5000,0.6,0.0,instrument_error,2151398048,921666314,2151398048,fur,rsxC,False,identifiable,alpA|basR|btsR|glaR|glrR|nsrR|ptrR|rcdA,5000,-0.17837287185718803,0.017398390309427546,1.0522604047868336,-10.252262921158536,-0.2104764428177059,5636,,,,[],0,,False,True,
csd-20260805_174708,paired_hierarchical,1,0,0,948c69fa52a0a115,fur->rsxD,shared_complete_observation_shared_scores,maximum,prefix,complete,0,5000,0.6,0.0,instrument_error,2151398048,921666314,2151398048,fur,rsxD,False,identifiable,alpA|basR|btsR|glaR|glrR|nsrR|ptrR|rcdA,5000,-0.2742876269547302,0.0208365741731878,1.509237969299937,-13.163758335459939,-0.2786951800621756,5636,,,,[],0,,False,True,
csd-20260805_174708,paired_hierarchical,1,0,0,948c69fa52a0a115,fur->rsxE,shared_complete_observation_shared_scores,maximum,prefix,complete,0,5000,0.6,0.0,instrument_error,2151398048,921666314,2151398048,fur,rsxE,False,identifiable,alpA|basR|btsR|glaR|glrR|nsrR|ptrR|rcdA,5000,-0.4531934699728496,0.019023954332573288,1.2580754260964937,-23.822253883194016,-0.4239447342907052,5636,,,,[],0,,False,True,
csd-20260805_174708,paired_hierarchical,1,0,0,948c69fa52a0a115,fur->rsxG,shared_complete_observation_shared_scores,maximum,prefix,complete,0,5000,0.6,0.0,instrument_error,2151398048,921666314,2151398048,fur,rsxG,False,identifiable,alpA|basR|btsR|glaR|glrR|nsrR|ptrR|rcdA,5000,-0.22811714586846984,0.024968053329086172,2.167077566871952,-9.136360887323486,-0.43003142779676257,5636,,,,[],0,,False,True,
csd-20260805_174708,paired_hierarchical,1,0,0,948c69fa52a0a115,fur->tqsA,shared_complete_observation_shared_scores,maximum,prefix,complete,0,5000,0.6,0.0,instrument_error,2151398048,921666314,2151398048,fur,tqsA,False,identifiable,alpA|basR|btsR|glaR|glrR|nsrR|ptrR|rcdA,5000,0.3012711586160868,0.01713708582835847,1.020890197002532,17.580069425662963,0.30087715311961966,5636,,,,[],0,,False,True,
csd-20260805_174708,paired_hierarchical,1,0,0,948c69fa52a0a115,fur->xynR,shared_complete_observation_shared_scores,maximum,prefix,complete,0,5000,0.6,0.0,instrument_error,2151398048,921666314,2151398048,fur,xynR,False,identifiable,alpA|basR|btsR|glaR|glrR|nsrR|ptrR|rcdA,5000,0.14019522802814965,0.015677508914117847,0.8543959925371174,8.942442884015943,0.1789654380905352,5636,,,,[],0,,False,True,
csd-20260805_174708,paired_hierarchical,1,0,0,948c69fa52a0a115,fur->ybaN,shared_complete_observation_shared_scores,maximum,prefix,complete,0,5000,0.6,0.0,instrument_error,2151398048,921666314,2151398048,fur,ybaN,False,identifiable,alpA|basR|btsR|glaR|glrR|nsrR|ptrR|rcdA,5000,-0.3123158267533833,0.01892450114515455,1.244955907451949,-16.50325281273525,-0.20497246745185774,5636,,,,[],0,,False,True,
csd-20260805_174708,paired_hierarchical,1,0,0,948c69fa52a0a115,fur->yobD,shared_complete_observation_shared_scores,maximum,prefix,complete,0,5000,0.6,0.0,instrument_error,2151398048,921666314,2151398048,fur,yobD,False,identifiable,alpA|basR|btsR|glaR|glrR|nsrR|ptrR|rcdA,5000,0.29863212942415973,0.022129356863719776,1.702325774276121,13.494839965898672,0.22981022408185278,5636,,,,[],0,,False,True,
csd-20260805_174708,paired_hierarchical,1,0,0,948c69fa52a0a115,glpR->glpA,shared_complete_observation_shared_scores,maximum,prefix,complete,0,5000,0.6,0.0,instrument_error,2151398048,921666314,2151398048,glpR,glpA,False,identifiable,arcA|basR|crp|fis|flhC|flhD|fnr|plaR|rpoD,5000,-0.1752440072188834,0.012839145068973276,1.049509922986246,-13.649195976636577,-0.18647049966471135,5636,,,,[],0,,False,True,
csd-20260805_174708,paired_hierarchical,1,0,0,948c69fa52a0a115,glpR->glpB,shared_complete_observation_shared_scores,maximum,prefix,complete,0,5000,0.6,0.0,instrument_error,2151398048,921666314,2151398048,glpR,glpB,False,identifiable,arcA|basR|crp|fis|flhC|flhD|fnr|rpoD,5000,-0.2512341119338907,0.015563703551676378,1.5427079101790155,-16.142309001177942,-0.2607491493354075,5636,,,,[],0,,False,True,
csd-20260805_174708,paired_hierarchical,1,0,0,948c69fa52a0a115,glpR->glpC,shared_complete_observation_shared_scores,maximum,prefix,complete,0,5000,0.6,0.0,instrument_error,2151398048,921666314,2151398048,glpR,glpC,False,identifiable,arcA|basR|crp|fis|flhC|flhD|fnr|rpoD,5000,-0.21277314875977824,0.012666504938291596,1.0218129439536536,-16.798094643815467,-0.23124705920992022,5636,,,,[],0,,False,True,
csd-20260805_174708,paired_hierarchical,1,0,0,948c69fa52a0a115,glpR->glpD,shared_complete_observation_shared_scores,maximum,prefix,complete,0,5000,0.6,0.0,instrument_error,2151398048,921666314,2151398048,glpR,glpD,False,identifiable,arcA|crp|rpoD,5000,-0.13888488248269343,0.015858730806560445,1.6147991161020079,-8.75762910517653,-0.11862567070018859,5636,,,,[],0,,False,True,
csd-20260805_174708,paired_hierarchical,1,0,0,948c69fa52a0a115,glpR->glpF,shared_complete_observation_shared_scores,maximum,prefix,complete,0,5000,0.6,0.0,instrument_error,2151398048,921666314,2151398048,glpR,glpF,False,identifiable,crp|fur|rpoD|spf,5000,-0.11610260767248518,0.013515854360015912,1.1968106971984303,-8.590104967093511,-0.12570960161978348,5636,,,,[],0,,False,True,
csd-20260805_174708,paired_hierarchical,1,0,0,948c69fa52a0a115,glpR->glpK,shared_complete_observation_shared_scores,maximum,prefix,complete,0,5000,0.6,0.0,instrument_error,2151398048,921666314,2151398048,glpR,glpK,False,identifiable,crp|fur|nac|rpoD,5000,-0.1825632933582242,0.0136850305879742,1.2269859484734642,-13.340364289624077,-0.16625418366549533,5636,,,,[],0,,False,True,
csd-20260805_174708,paired_hierarchical,1,0,0,948c69fa52a0a115,glpR->glpQ,shared_complete_observation_shared_scores,maximum,prefix,complete,0,5000,0.6,0.0,instrument_error,2151398048,921666314,2151398048,glpR,glpQ,False,identifiable,crp|fis|fnr|ihfA|ihfB|rpoD|rpoN,5000,-0.2978681921945854,0.014502573790971343,1.360921462636571,-20.538988216010654,-0.2883580133890388,5636,,,,[],0,,False,True,
csd-20260805_174708,paired_hierarchical,1,0,0,948c69fa52a0a115,glpR->glpT,shared_complete_observation_shared_scores,maximum,prefix,complete,0,5000,0.6,0.0,instrument_error,2151398048,921666314,2151398048,glpR,glpT,False,identifiable,crp|fis|fnr|ihfA|ihfB|plaR|rpoD,5000,-0.3035103011870659,0.013035572587543046,1.1055017853360136,-23.283235097559434,-0.29129401188131193,5636,,,,[],0,,False,True,
csd-20260805_174708,paired_hierarchical,1,0,0,948c69fa52a0a115,glpR->glpX,shared_complete_observation_shared_scores,maximum,prefix,complete,0,5000,0.6,0.0,instrument_error,2151398048,921666314,2151398048,glpR,glpX,False,identifiable,crp|rpoD,5000,-0.09663025146231854,0.012185004978656872,0.9728199550769986,-7.930259497765909,-0.10911739871617676,5636,,,,[],0,,False,True,
csd-20260805_174708,paired_hierarchical,1,0,0,948c69fa52a0a115,hfq->cirA,shared_complete_observation_shared_scores,maximum,prefix,complete,0,5000,0.6,0.0,instrument_error,2151398048,921666314,2151398048,hfq,cirA,False,identifiable,crp|fur|nac|rpoD|rpoH,5000,-0.18341644142689706,0.013916415792824337,1.1128590479381686,-13.179862125237111,-0.17376426252424654,5636,,,,[],0,,False,True,
csd-20260805_174708,paired_hierarchical,1,0,0,948c69fa52a0a115,hfq->manX,shared_complete_observation_shared_scores,maximum,prefix,complete,0,5000,0.6,0.0,instrument_error,2151398048,921666314,2151398048,hfq,manX,False,identifiable,cra|crp|dicF|fur|mlc|nac|nagC|rpoD|rpoH,5000,-0.3794465756212191,0.015317581885761315,1.347719685236517,-24.771963254457237,-0.3860346583352603,5636,,,,[],0,,False,True,
csd-20260805_174708,paired_hierarchical,1,0,0,948c69fa52a0a115,hfq->mutS,shared_complete_observation_shared_scores,maximum,prefix,complete,0,5000,0.6,0.0,instrument_error,2151398048,921666314,2151398048,hfq,mutS,False,identifiable,crp|nac|rpoD|rpoH|rpoS,5000,-0.19566833523268373,0.013355687912656794,1.0222064812354035,-14.650562105996396,-0.2083009452834405,5636,,,,[],0,,False,True,
csd-20260805_174708,paired_hierarchical,1,0,0,948c69fa52a0a115,hfq->oppA,shared_complete_observation_shared_scores,maximum,prefix,complete,0,5000,0.6,0.0,instrument_error,2151398048,921666314,2151398048,hfq,oppA,False,identifiable,arcA|crp|fliA|fur|lrp|modE|nac|rpoD|rpoH,5000,-0.24535192144521473,0.013447256585501619,1.0114132735209966,-18.245500105184647,-0.25569685526722785,5636,,,,[],0,,False,True,
csd-20260805_174708,paired_hierarchical,1,0,0,948c69fa52a0a115,hicB->hicA,shared_complete_observation_shared_scores,maximum,prefix,complete,0,5000,0.6,0.0,instrument_error,2151398048,921666314,2151398048,hicB,hicA,False,identifiable,crp|rpoD,5000,-0.14172590480594388,0.01927928524052693,1.2235746121388136,-7.351201200551889,-0.1122687172974108,5636,,,,[],0,,False,True,
csd-20260805_174708,paired_hierarchical,1,0,0,948c69fa52a0a115,hupA->galE,shared_complete_observation_shared_scores,maximum,prefix,complete,0,5000,0.6,0.0,instrument_error,2151398048,921666314,2151398048,hupA,galE,False,identifiable,crp|fis|galR|galS|hns|hupB|nac|rpoD|rpoS,5000,-0.34154029146357584,0.01531841626260875,1.198403239664889,-22.296057608595824,-0.3077807317277498,5636,,,,[],0,,False,True,
csd-20260805_174708,paired_hierarchical,1,0,0,948c69fa52a0a115,hupA->galK,shared_complete_observation_shared_scores,maximum,prefix,complete,0,5000,0.6,0.0,instrument_error,2151398048,921666314,2151398048,hupA,galK,False,identifiable,crp|fis|galR|galS|hns|hupB|nac|rpoD|rpoS|spf,5000,-0.2130549997461412,0.016211462091561647,1.3421313153105725,-13.142244576264352,-0.22246062852873966,5636,,,,[],0,,False,True,
csd-20260805_174708,paired_hierarchical,1,0,0,948c69fa52a0a115,hupA->galM,shared_complete_observation_shared_scores,maximum,prefix,complete,0,5000,0.6,0.0,instrument_error,2151398048,921666314,2151398048,hupA,galM,False,identifiable,crp|fis|galR|galS|hns|hupB|nac|rpoD|rpoS,5000,-0.21321838773581375,0.01388249694449971,0.9842613097122362,-15.35879234032834,-0.21659303108880068,5636,,,,[],0,,False,True,
csd-20260805_174708,paired_hierarchical,1,0,0,948c69fa52a0a115,hupA->galT,shared_complete_observation_shared_scores,maximum,prefix,complete,0,5000,0.6,0.0,instrument_error,2151398048,921666314,2151398048,hupA,galT,False,identifiable,crp|fis|galR|galS|hns|hupB|nac|rpoD|rpoS,5000,-0.40875568898874004,0.014137983875384353,1.0208224315602534,-28.911879698803777,-0.40531098635450913,5636,,,,[],0,,False,True,
csd-20260805_174708,paired_hierarchical,1,0,0,948c69fa52a0a115,hupA->mtr,shared_complete_observation_shared_scores,maximum,prefix,complete,0,5000,0.6,0.0,instrument_error,2151398048,921666314,2151398048,hupA,mtr,False,identifiable,crp|fis|hupB|ihfA|ihfB|lrp|nac|rpoD|trpR|tyrR,5000,-0.21523439641778397,0.014001635327451342,1.001148236422819,-15.37208985837529,-0.21189996685447698,5636,,,,[],0,,False,True,
csd-20260805_174708,paired_hierarchical,1,0,0,948c69fa52a0a115,hupA->pgm,shared_complete_observation_shared_scores,maximum,prefix,complete,0,5000,0.6,0.0,instrument_error,2151398048,921666314,2151398048,hupA,pgm,False,identifiable,crp|fis|hupB|nac,5000,-0.2263528577700688,0.014095786242611506,1.0170855302468178,-16.058193127660026,-0.24579947310102282,5636,,,,[],0,,False,True,
csd-20260805_174708,paired_hierarchical,1,0,0,948c69fa52a0a115,hupA->seqA,shared_complete_observation_shared_scores,maximum,prefix,complete,0,5000,0.6,0.0,instrument_error,2151398048,921666314,2151398048,hupA,seqA,False,identifiable,crp|fis|hupB|nac,5000,-0.1927786238675129,0.018019034502612746,1.6620416358565075,-10.698610063683498,-0.22094268089021815,5636,,,,[],0,,False,True,
csd-20260805_174708,paired_hierarchical,1,0,0,948c69fa52a0a115,hupA->tyrP,shared_complete_observation_shared_scores,maximum,prefix,complete,0,5000,0.6,0.0,instrument_error,2151398048,921666314,2151398048,hupA,tyrP,False,identifiable,crp|fis|hupB|ihfA|ihfB|lrp|nac|rpoD|tyrR,5000,-0.34313756247747407,0.013919896835358467,0.9898695402090044,-24.650869653419925,-0.37314855919953444,5636,,,,[],0,,False,True,
csd-20260805_174708,paired_hierarchical,1,0,0,948c69fa52a0a115,hupB->galE,shared_complete_observation_shared_scores,maximum,prefix,complete,0,5000,0.6,0.0,instrument_error,2151398048,921666314,2151398048,hupB,galE,False,identifiable,crp|fis|galR|galS|hns|hupA|rpoD|rpoS,5000,-0.5146753768540309,0.015650856808007745,1.2058801363488871,-32.884805168666404,-0.5151020548454079,5636,,,,[],0,,False,True,
csd-20260805_174708,paired_hierarchical,1,0,0,948c69fa52a0a115,hupB->galK,shared_complete_observation_shared_scores,maximum,prefix,complete,0,5000,0.6,0.0,instrument_error,2151398048,921666314,2151398048,hupB,galK,False,identifiable,crp|fis|galR|galS|hns|hupA|rpoD|rpoS|spf,5000,-0.17286237778648408,0.016540078673605903,1.3453514194693146,-10.451121859676038,-0.15913012561538523,5636,,,,[],0,,False,True,
csd-20260805_174708,paired_hierarchical,1,0,0,948c69fa52a0a115,hupB->galM,shared_complete_observation_shared_scores,maximum,prefix,complete,0,5000,0.6,0.0,instrument_error,2151398048,921666314,2151398048,hupB,galM,False,identifiable,crp|fis|galR|galS|hns|hupA|rpoD|rpoS,5000,-0.12826209058529178,0.014138331914116628,0.9840660552658852,-9.071939417211347,-0.13806436017514903,5636,,,,[],0,,False,True,
csd-20260805_174708,paired_hierarchical,1,0,0,948c69fa52a0a115,hupB->galT,shared_complete_observation_shared_scores,maximum,prefix,complete,0,5000,0.6,0.0,instrument_error,2151398048,921666314,2151398048,hupB,galT,False,identifiable,crp|fis|galR|galS|hns|hupA|rpoD|rpoS,5000,-0.08152774265743024,0.014443276655054864,1.0269738031774314,-5.644684693406957,-0.09747161903366042,5636,,,,[],0,,False,True,
csd-20260805_174708,paired_hierarchical,1,0,0,948c69fa52a0a115,hupB->mtr,shared_complete_observation_shared_scores,maximum,prefix,complete,0,5000,0.6,0.0,instrument_error,2151398048,921666314,2151398048,hupB,mtr,False,identifiable,crp|fis|hupA|ihfA|ihfB|lrp|rpoD|trpR|tyrR,5000,-0.26221175229022703,0.014258664802766908,1.0010008505508727,-18.38964278333723,-0.2671717097072437,5636,,,,[],0,,False,True,
csd-20260805_174708,paired_hierarchical,1,0,0,948c69fa52a0a115,hupB->pgm,shared_complete_observation_shared_scores,maximum,prefix,complete,0,5000,0.6,0.0,instrument_error,2151398048,921666314,2151398048,hupB,pgm,False,identifiable,crp|fis|hupA|rpoD,5000,-0.29731714323156083,0.014370749836511919,1.017130111672032,-20.68904870058791,-0.30004337386218877,5636,,,,[],0,,False,True,
csd-20260805_174708,paired_hierarchical,1,0,0,948c69fa52a0a115,hupB->seqA,shared_complete_observation_shared_scores,maximum,prefix,complete,0,5000,0.6,0.0,instrument_error,2151398048,921666314,2151398048,hupB,seqA,False,identifiable,crp|fis|hupA|rpoD,5000,-0.2167919823022153,0.018335128076648485,1.655714868892165,-11.823859718674141,-0.24762032848124416,5636,,,,[],0,,False,True,
csd-20260805_174708,paired_hierarchical,1,0,0,948c69fa52a0a115,hupB->tyrP,shared_complete_observation_shared_scores,maximum,prefix,complete,0,5000,0.6,0.0,instrument_error,2151398048,921666314,2151398048,hupB,tyrP,False,identifiable,crp|fis|hupA|ihfA|ihfB|lrp|rpoD|tyrR,5000,-0.13167435531917748,0.01417802098388227,0.9897103455891328,-9.287216845627915,-0.12519039575257757,5636,,,,[],0,,False,True,
csd-20260805_174708,paired_hierarchical,1,0,0,948c69fa52a0a115,hyfR->focB,shared_complete_observation_shared_scores,maximum,prefix,complete,0,5000,0.6,0.0,instrument_error,2151398048,921666314,2151398048,hyfR,focB,False,identifiable,crp|fhlA|fnr|rpoN,5000,0.11496832138019258,0.011084345349082442,1.1063214416805138,10.372134551880379,0.12139784983047676,5636,,,,[],0,,False,True,
csd-20260805_174708,paired_hierarchical,1,0,0,948c69fa52a0a115,hyfR->hyfA,shared_complete_observation_shared_scores,maximum,prefix,complete,0,5000,0.6,0.0,instrument_error,2151398048,921666314,2151398048,hyfR,hyfA,False,identifiable,crp|fhlA|fnr|rpoN,5000,0.1685203525770561,0.012779582421916373,1.4705999922931783,13.186686936503634,0.1717276096207865,5636,,,,[],0,,False,True,
csd-20260805_174708,paired_hierarchical,1,0,0,948c69fa52a0a115,hyfR->hyfB,shared_complete_observation_shared_scores,maximum,prefix,complete,0,5000,0.6,0.0,instrument_error,2151398048,921666314,2151398048,hyfR,hyfB,False,identifiable,crp|fhlA|fnr|rpoN,5000,0.17090527433633318,0.012030349808844668,1.3032200229056587,14.206176632593365,0.16548706006623035,5636,,,,[],0,,False,True,
csd-20260805_174708,paired_hierarchical,1,0,0,948c69fa52a0a115,hyfR->hyfC,shared_complete_observation_shared_scores,maximum,prefix,complete,0,5000,0.6,0.0,instrument_error,2151398048,921666314,2151398048,hyfR,hyfC,False,identifiable,crp|fhlA|fnr|rpoN,5000,0.2222316101951307,0.012440893679931906,1.3936842431327388,17.862994083263242,0.20707957257791276,5636,,,,[],0,,False,True,
csd-20260805_174708,paired_hierarchical,1,0,0,948c69fa52a0a115,hyfR->hyfD,shared_complete_observation_shared_scores,maximum,prefix,complete,0,5000,0.6,0.0,instrument_error,2151398048,921666314,2151398048,hyfR,hyfD,False,identifiable,crp|fhlA|fnr|rpoN,5000,0.19354195798015683,0.011047511741541576,1.098980980497847,17.51905429096651,0.1929980787502943,5636,,,,[],0,,False,True,
csd-20260805_174708,paired_hierarchical,1,0,0,948c69fa52a0a115,hyfR->hyfE,shared_complete_observation_shared_scores,maximum,prefix,complete,0,5000,0.6,0.0,instrument_error,2151398048,921666314,2151398048,hyfR,hyfE,False,identifiable,crp|fhlA|fnr|rpoN,5000,0.15592951386591575,0.01250951866846573,1.4091020018606584,12.464869192688148,0.17298918567749064,5636,,,,[],0,,False,True,
csd-20260805_174708,paired_hierarchical,1,0,0,948c69fa52a0a115,hyfR->hyfF,shared_complete_observation_shared_scores,maximum,prefix,complete,0,5000,0.6,0.0,instrument_error,2151398048,921666314,2151398048,hyfR,hyfF,False,identifiable,crp|fhlA|fnr|rpoN,5000,0.16056672635843594,0.010691342059579091,1.0292613907272514,15.018388286863708,0.16175199112690766,5636,,,,[],0,,False,True,
csd-20260805_174708,paired_hierarchical,1,0,0,948c69fa52a0a115,hyfR->hyfG,shared_complete_observation_shared_scores,maximum,prefix,complete,0,5000,0.6,0.0,instrument_error,2151398048,921666314,2151398048,hyfR,hyfG,False,identifiable,crp|fhlA|fnr|rpoN,5000,0.11326952781696531,0.010368346415386446,0.9680108621398649,10.924550866556242,0.11992611489116331,5636,,,,[],0,,False,True,
csd-20260805_174708,paired_hierarchical,1,0,0,948c69fa52a0a115,hyfR->hyfH,shared_complete_observation_shared_scores,maximum,prefix,complete,0,5000,0.6,0.0,instrument_error,2151398048,921666314,2151398048,hyfR,hyfH,False,identifiable,crp|fhlA|fnr|rpoN,5000,0.21355431891892904,0.01478386692354968,1.9680554112215831,14.445092073897914,0.20460615248499878,5636,,,,[],0,,False,True,
csd-20260805_174708,paired_hierarchical,1,0,0,948c69fa52a0a115,hyfR->hyfI,shared_complete_observation_shared_scores,maximum,prefix,complete,0,5000,0.6,0.0,instrument_error,2151398048,921666314,2151398048,hyfR,hyfI,False,identifiable,crp|fhlA|fnr|rpoN,5000,0.11042022741672765,0.012096363618911995,1.3175615103766045,9.12838195803669,0.09982817224071178,5636,,,,[],0,,False,True,
csd-20260805_174708,paired_hierarchical,1,0,0,948c69fa52a0a115,hyfR->hyfJ,shared_complete_observation_shared_scores,maximum,prefix,complete,0,5000,0.6,0.0,instrument_error,2151398048,921666314,2151398048,hyfR,hyfJ,False,identifiable,crp|fhlA|fnr|rpoN,5000,0.2179327711554076,0.011088491006325652,1.1071491472488733,19.653961123392126,0.20527218922932228,5636,,,,[],0,,False,True,
csd-20260805_174708,paired_hierarchical,1,0,0,948c69fa52a0a115,idnR->gntK,shared_complete_observation_shared_scores,maximum,prefix,complete,0,5000,0.6,0.0,instrument_error,2151398048,921666314,2151398048,idnR,gntK,False,identifiable,crp|gntR|rpoD,5000,-0.7871158581376456,0.013808817376631763,1.4559596600144988,-57.000960811434695,-0.7853907752689879,5636,,,,[],0,,False,True,
csd-20260805_174708,paired_hierarchical,1,0,0,948c69fa52a0a115,idnR->gntU,shared_complete_observation_shared_scores,maximum,prefix,complete,0,5000,0.6,0.0,instrument_error,2151398048,921666314,2151398048,idnR,gntU,False,identifiable,crp|gntR|rpoD,5000,-0.2289299369849751,0.012360787966879803,1.166618028564566,-18.520658844596554,-0.2104596458313711,5636,,,,[],0,,False,True,
csd-20260805_174708,paired_hierarchical,1,0,0,948c69fa52a0a115,idnR->idnD,shared_complete_observation_shared_scores,maximum,prefix,complete,0,5000,0.6,0.0,instrument_error,2151398048,921666314,2151398048,idnR,idnD,False,identifiable,crp|glaR|gntR|rpoD,5000,0.22167948669692247,0.011307966330159777,0.9762275174312256,19.60383328217694,0.20551376492787984,5636,,,,[],0,,False,True,
csd-20260805_174708,paired_hierarchical,1,0,0,948c69fa52a0a115,idnR->idnK,shared_complete_observation_shared_scores,maximum,prefix,complete,0,5000,0.6,0.0,instrument_error,2151398048,921666314,2151398048,idnR,idnK,False,identifiable,crp|glaR|gntR|rpoD,5000,0.21803664886649288,0.011497024708179692,1.0091435789516314,18.96461514180866,0.21618995831043084,5636,,,,[],0,,False,True,
csd-20260805_174708,paired_hierarchical,1,0,0,948c69fa52a0a115,idnR->idnO,shared_complete_observation_shared_scores,maximum,prefix,complete,0,5000,0.6,0.0,instrument_error,2151398048,921666314,2151398048,idnR,idnO,False,identifiable,crp|gntR|rpoD,5000,0.31225620463472403,0.011766248876817558,1.0570911346470597,26.53829677612434,0.33138528288549673,5636,,,,[],0,,False,True,
csd-20260805_174708,paired_hierarchical,1,0,0,948c69fa52a0a115,idnR->idnT,shared_complete_observation_shared_scores,maximum,prefix,complete,0,5000,0.6,0.0,instrument_error,2151398048,921666314,2151398048,idnR,idnT,False,identifiable,crp|gntR|rpoD,5000,0.20121201358521232,0.011351914390677965,0.983953522185535,17.724941068128988,0.20820845591580037,5636,,,,[],0,,False,True,
csd-20260805_174708,paired_hierarchical,1,0,0,948c69fa52a0a115,lacI->lacA,shared_complete_observation_shared_scores,maximum,prefix,complete,0,5000,0.6,0.0,instrument_error,2151398048,921666314,2151398048,lacI,lacA,False,identifiable,crp|hns|marA|rpoD,5000,-0.17015725738477327,0.01572917534827952,1.4448775592131418,-10.817938869464337,-0.18231048007757608,5636,,,,[],0,,False,True,
csd-20260805_174708,paired_hierarchical,1,0,0,948c69fa52a0a115,lacI->lacY,shared_complete_observation_shared_scores,maximum,prefix,complete,0,5000,0.6,0.0,instrument_error,2151398048,921666314,2151398048,lacI,lacY,False,identifiable,crp|hns|marA|rpoD,5000,-0.13723523006386232,0.013017100975827423,0.9895726543289941,-10.542687678209322,-0.1444834032522439,5636,,,,[],0,,False,True,
csd-20260805_174708,paired_hierarchical,1,0,0,948c69fa52a0a115,lacI->lacZ,shared_complete_observation_shared_scores,maximum,prefix,complete,0,5000,0.6,0.0,instrument_error,2151398048,921666314,2151398048,lacI,lacZ,False,identifiable,crp|hns|marA|rpoD,5000,-0.1632066793610801,0.013142991365612033,1.0088058295824793,-12.417772698847088,-0.14141712725125508,5636,,,,[],0,,False,True,
csd-20260805_174708,paired_hierarchical,1,0,0,948c69fa52a0a115,lsrR->lsrA,shared_complete_observation_shared_scores,maximum,prefix,complete,0,5000,0.6,0.0,instrument_error,2151398048,921666314,2151398048,lsrR,lsrA,False,identifiable,crp|rpoD|rpoS,5000,-0.3242550495954421,0.01691044761552423,1.0906440203296492,-19.17483540162281,-0.31818470918070074,5636,,,,[],0,,False,True,
csd-20260805_174708,paired_hierarchical,1,0,0,948c69fa52a0a115,lsrR->lsrB,shared_complete_observation_shared_scores,maximum,prefix,complete,0,5000,0.6,0.0,instrument_error,2151398048,921666314,2151398048,lsrR,lsrB,False,identifiable,crp|rpoD|rpoS,5000,-0.13449119047344235,0.018048585858703062,1.242393513527656,-7.45161928620521,-0.13969798795559027,5636,,,,[],0,,False,True,
csd-20260805_174708,paired_hierarchical,1,0,0,948c69fa52a0a115,lsrR->lsrC,shared_complete_observation_shared_scores,maximum,prefix,complete,0,5000,0.6,0.0,instrument_error,2151398048,921666314,2151398048,lsrR,lsrC,False,identifiable,crp|rpoD|rpoS,5000,-0.13598831802856542,0.018030395255989377,1.2398904367616987,-7.542170656707735,-0.10512308215622203,5636,,,,[],0,,False,True,
csd-20260805_174708,paired_hierarchical,1,0,0,948c69fa52a0a115,lsrR->lsrD,shared_complete_observation_shared_scores,maximum,prefix,complete,0,5000,0.6,0.0,instrument_error,2151398048,921666314,2151398048,lsrR,lsrD,False,identifiable,crp|rpoD|rpoS,5000,-0.1369817866373335,0.017060935623985442,1.1101419249388593,-8.028972716171266,-0.12810992469613297,5636,,,,[],0,,False,True,
csd-20260805_174708,paired_hierarchical,1,0,0,948c69fa52a0a115,lsrR->lsrF,shared_complete_observation_shared_scores,maximum,prefix,complete,0,5000,0.6,0.0,instrument_error,2151398048,921666314,2151398048,lsrR,lsrF,False,identifiable,crp|rpoD|rpoS,5000,-0.24546104576429925,0.016220834782909952,1.0035042529098266,-15.13245459000135,-0.23479293855762925,5636,,,,[],0,,False,True,
csd-20260805_174708,paired_hierarchical,1,0,0,948c69fa52a0a115,lsrR->lsrG,shared_complete_observation_shared_scores,maximum,prefix,complete,0,5000,0.6,0.0,instrument_error,2151398048,921666314,2151398048,lsrR,lsrG,False,identifiable,crp|glaR|rpoD|rpoS,5000,-0.29455464612116355,0.0165792609408459,1.0483051652040927,-17.766452145974544,-0.3115770510626376,5636,,,,[],0,,False,True,
csd-20260805_174708,paired_hierarchical,1,0,0,948c69fa52a0a115,lsrR->lsrK,shared_complete_observation_shared_scores,maximum,prefix,complete,0,5000,0.6,0.0,instrument_error,2151398048,921666314,2151398048,lsrR,lsrK,False,identifiable,crp|rpoD,5000,-0.1254109560422908,0.017967747828799095,1.2313877597810496,-6.979781619668516,-0.13328946789095594,5636,,,,[],0,,False,True,
csd-20260805_174708,paired_hierarchical,1,0,0,948c69fa52a0a115,lsrR->tam,shared_complete_observation_shared_scores,maximum,prefix,complete,0,5000,0.6,0.0,instrument_error,2151398048,921666314,2151398048,lsrR,tam,False,identifiable,crp|glaR|rpoD|rpoS,5000,-0.24854886808104543,0.016804438437585563,1.0769744487192803,-14.790667894330218,-0.2698532935767446,5636,,,,[],0,,False,True,
csd-20260805_174708,paired_hierarchical,1,0,0,948c69fa52a0a115,malI->malX,shared_complete_observation_shared_scores,maximum,prefix,complete,0,5000,0.6,0.0,instrument_error,2151398048,921666314,2151398048,malI,malX,False,identifiable,crp|nac|rpoD,5000,-0.5089732522133326,0.022752394325021956,1.602881047672027,-22.370096304703587,-0.5362903437514164,5636,,,,[],0,,False,True,
csd-20260805_174708,paired_hierarchical,1,0,0,948c69fa52a0a115,malI->malY,shared_complete_observation_shared_scores,maximum,prefix,complete,0,5000,0.6,0.0,instrument_error,2151398048,921666314,2151398048,malI,malY,False,identifiable,crp|nac|rpoD,5000,-0.1922720170971739,0.019129408977544452,1.133052899604236,-10.051121669408467,-0.18815993807658316,5636,,,,[],0,,False,True,
csd-20260805_174708,paired_hierarchical,1,0,0,948c69fa52a0a115,malT->lamB,shared_complete_observation_shared_scores,maximum,prefix,complete,0,5000,0.6,0.0,instrument_error,2151398048,921666314,2151398048,malT,lamB,False,identifiable,crp|lrp|mlc|rpoD,5000,0.2018584577390524,0.01436027521719955,1.4277415086452747,14.056726259485822,0.18371537931285328,5636,,,,[],0,,False,True,
csd-20260805_174708,paired_hierarchical,1,0,0,948c69fa52a0a115,malT->malE,shared_complete_observation_shared_scores,maximum,prefix,complete,0,5000,0.6,0.0,instrument_error,2151398048,921666314,2151398048,malT,malE,False,identifiable,creB|crp|fis|hns|lrp|mlc|ompR|rpoD|stpA|yidZ,5000,0.15207676663888103,0.012580909666332225,1.0923849176875713,12.087899100480286,0.14308893657210267,5636,,,,[],0,,False,True,
csd-20260805_174708,paired_hierarchical,1,0,0,948c69fa52a0a115,malT->malF,shared_complete_observation_shared_scores,maximum,prefix,complete,0,5000,0.6,0.0,instrument_error,2151398048,921666314,2151398048,malT,malF,False,identifiable,creB|crp|fis|hns|lrp|mlc|rpoD|stpA,5000,0.35318919326033293,0.012112632463193516,1.012811325018797,29.158747640825716,0.3558637422095448,5636,,,,[],0,,False,True,
csd-20260805_174708,paired_hierarchical,1,0,0,948c69fa52a0a115,malT->malG,shared_complete_observation_shared_scores,maximum,prefix,complete,0,5000,0.6,0.0,instrument_error,2151398048,921666314,2151398048,malT,malG,False,identifiable,creB|crp|fis|hns|lrp|mlc|rpoD|stpA,5000,0.1270208742985605,0.012436023661295134,1.0676147104609834,10.213946013458457,0.14879234701557897,5636,,,,[],0,,False,True,
csd-20260805_174708,paired_hierarchical,1,0,0,948c69fa52a0a115,malT->malK,shared_complete_observation_shared_scores,maximum,prefix,complete,0,5000,0.6,0.0,instrument_error,2151398048,921666314,2151398048,malT,malK,False,identifiable,crp|lrp|mlc|rpoD,5000,0.3005593243882838,0.018613245289492056,2.3986576118353584,16.147604553299576,0.26252470732520977,5636,,,,[],0,,False,True,
csd-20260805_174708,paired_hierarchical,1,0,0,948c69fa52a0a115,malT->malM,shared_complete_observation_shared_scores,maximum,prefix,complete,0,5000,0.6,0.0,instrument_error,2151398048,921666314,2151398048,malT,malM,False,identifiable,crp|lrp|mlc|rpoD,5000,0.2651545159754681,0.012308191386056823,1.0488479667956092,21.542930854637586,0.2595399978588453,5636,,,,[],0,,False,True,
csd-20260805_174708,paired_hierarchical,1,0,0,948c69fa52a0a115,malT->malP,shared_complete_observation_shared_scores,maximum,prefix,complete,0,5000,0.6,0.0,instrument_error,2151398048,921666314,2151398048,malT,malP,False,identifiable,crp|fnr|lrp|mlc|rpoD,5000,0.3197078495163824,0.012683638019112336,1.111203298861601,25.206320854839184,0.3433285894060334,5636,,,,[],0,,False,True,
csd-20260805_174708,paired_hierarchical,1,0,0,948c69fa52a0a115,malT->malQ,shared_complete_observation_shared_scores,maximum,prefix,complete,0,5000,0.6,0.0,instrument_error,2151398048,921666314,2151398048,malT,malQ,False,identifiable,crp|fnr|lrp|mlc|rpoD|rpoE,5000,0.08365988400572835,0.011804814348092382,0.9616062173208855,7.086929242495669,0.09180958281888914,5636,,,,[],0,,False,True,
csd-20260805_174708,paired_hierarchical,1,0,0,948c69fa52a0a115,malT->malS,shared_complete_observation_shared_scores,maximum,prefix,complete,0,5000,0.6,0.0,instrument_error,2151398048,921666314,2151398048,malT,malS,False,identifiable,crp|lrp|mlc|phoP|rpoD,5000,0.18265665874365586,0.012376259951993146,1.0583225279062751,14.758631400129872,0.18039133423356823,5636,,,,[],0,,False,True,
csd-20260805_174708,paired_hierarchical,1,0,0,948c69fa52a0a115,malT->malZ,shared_complete_observation_shared_scores,maximum,prefix,complete,0,5000,0.6,0.0,instrument_error,2151398048,921666314,2151398048,malT,malZ,False,identifiable,crp|lrp|mlc|rpoD,5000,0.08466272377778142,0.014279007746794045,1.4116275241478966,5.929174161054019,0.10870706642799509,5636,,,,[],0,,False,True,
csd-20260805_174708,paired_hierarchical,1,0,0,948c69fa52a0a115,melR->melA,shared_complete_observation_shared_scores,maximum,prefix,complete,0,5000,0.6,0.0,instrument_error,2151398048,921666314,2151398048,melR,melA,False,identifiable,crp|rpoD,5000,-0.4284147990644209,0.010114252338134783,1.001015958264225,-42.35753516343719,-0.409003553038815,5636,,,,[],0,,False,True,
csd-20260805_174708,paired_hierarchical,1,0,0,948c69fa52a0a115,melR->melB,shared_complete_observation_shared_scores,maximum,prefix,complete,0,5000,0.6,0.0,instrument_error,2151398048,921666314,2151398048,melR,melB,False,identifiable,crp|rpoD,5000,-0.23282675293354527,0.010533833069663023,1.0857911451289737,-22.102757030019404,-0.2351732940406256,5636,,,,[],0,,False,True,
csd-20260805_174708,paired_hierarchical,1,0,0,948c69fa52a0a115,mhpR->mhpA,shared_complete_observation_shared_scores,maximum,prefix,complete,0,5000,0.6,0.0,instrument_error,2151398048,921666314,2151398048,mhpR,mhpA,False,identifiable,crp|rpoD,5000,0.1727314901731311,0.013384528098143137,0.9902865241225863,12.905310438034382,0.19396215784984158,5636,,,,[],0,,False,True,
csd-20260805_174708,paired_hierarchical,1,0,0,948c69fa52a0a115,mhpR->mhpB,shared_complete_observation_shared_scores,maximum,prefix,complete,0,5000,0.6,0.0,instrument_error,2151398048,921666314,2151398048,mhpR,mhpB,False,identifiable,crp|rpoD,5000,0.08671404813771892,0.015062343729843207,1.2541221838498833,5.757008981670715,0.09192629560358904,5636,,,,[],0,,False,True,
csd-20260805_174708,paired_hierarchical,1,0,0,948c69fa52a0a115,mhpR->mhpC,shared_complete_observation_shared_scores,maximum,prefix,complete,0,5000,0.6,0.0,instrument_error,2151398048,921666314,2151398048,mhpR,mhpC,False,identifiable,crp|rpoD,5000,0.5020067995329991,0.01554189353318905,1.3352500436385142,32.30023410345625,0.5293163605506362,5636,,,,[],0,,False,True,
csd-20260805_174708,paired_hierarchical,1,0,0,948c69fa52a0a115,mhpR->mhpD,shared_complete_observation_shared_scores,maximum,prefix,complete,0,5000,0.6,0.0,instrument_error,2151398048,921666314,2151398048,mhpR,mhpD,False,identifiable,crp|rpoD,5000,0.2642731368095247,0.01352922578577932,1.0118138759747959,19.533500363879234,0.2552493612384728,5636,,,,[],0,,False,True,
csd-20260805_174708,paired_hierarchical,1,0,0,948c69fa52a0a115,mhpR->mhpE,shared_complete_observation_shared_scores,maximum,prefix,complete,0,5000,0.6,0.0,instrument_error,2151398048,921666314,2151398048,mhpR,mhpE,False,identifiable,crp|rpoD,5000,0.2392451051232898,0.016952383805005546,1.5886063504529089,14.112770680230097,0.23424391638264916,5636,,,,[],0,,False,True,
csd-20260805_174708,paired_hierarchical,1,0,0,948c69fa52a0a115,mhpR->mhpF,shared_complete_observation_shared_scores,maximum,prefix,complete,0,5000,0.6,0.0,instrument_error,2151398048,921666314,2151398048,mhpR,mhpF,False,identifiable,crp|rpoD,5000,0.23546116138912365,0.015743639900194256,1.3701402894177268,14.95595446045602,0.24040246818630526,5636,,,,[],0,,False,True,
csd-20260805_174708,paired_hierarchical,1,0,0,948c69fa52a0a115,mlc->bidA,shared_complete_observation_shared_scores,maximum,prefix,complete,0,5000,0.6,0.0,instrument_error,2151398048,921666314,2151398048,mlc,bidA,False,identifiable,crp|fnr|nac|rpoD|rpoH,5000,-0.23945737332713984,0.018072515502893897,1.0257611017236659,-13.249808710292502,-0.23488734805941813,5636,,,,[],0,,False,True,
csd-20260805_174708,paired_hierarchical,1,0,0,948c69fa52a0a115,mlc->crr,shared_complete_observation_shared_scores,maximum,prefix,complete,0,5000,0.6,0.0,instrument_error,2151398048,921666314,2151398048,mlc,crr,False,identifiable,cra|crp|nagC|rpoD|rpoH|rpoS,5000,-0.11292156160235928,0.018735783869054015,1.1086605036296926,-6.027052958743422,-0.1306792385834963,5636,,,,[],0,,False,True,
csd-20260805_174708,paired_hierarchical,1,0,0,948c69fa52a0a115,mlc->malT,shared_complete_observation_shared_scores,maximum,prefix,complete,0,5000,0.6,0.0,instrument_error,2151398048,921666314,2151398048,mlc,malT,False,identifiable,crp|lrp|rpoD|rpoH,5000,-0.08508980146747538,0.02097074029450349,1.3863485564476605,-4.057548769023559,-0.14435697676415046,5636,,,,[],0,,False,True,
csd-20260805_174708,paired_hierarchical,1,0,0,948c69fa52a0a115,mlc->manX,shared_complete_observation_shared_scores,maximum,prefix,complete,0,5000,0.6,0.0,instrument_error,2151398048,921666314,2151398048,mlc,manX,False,identifiable,cra|crp|dicF|fur|hfq|nagC|rpoD|rpoH,5000,-0.1886553704204445,0.020698570360832703,1.3523385030787192,-9.1144154949673,-0.18889890869393317,5636,,,,[],0,,False,True,
csd-20260805_174708,paired_hierarchical,1,0,0,948c69fa52a0a115,mlc->manY,shared_complete_observation_shared_scores,maximum,prefix,complete,0,5000,0.6,0.0,instrument_error,2151398048,921666314,2151398048,mlc,manY,False,identifiable,cra|crp|fur|nagC|rpoD|rpoH|rpsA,5000,-0.19245927454689443,0.018245257411083127,1.0513265035835029,-10.548454878470752,-0.1914488067091802,5636,,,,[],0,,False,True,
csd-20260805_174708,paired_hierarchical,1,0,0,948c69fa52a0a115,mlc->manZ,shared_complete_observation_shared_scores,maximum,prefix,complete,0,5000,0.6,0.0,instrument_error,2151398048,921666314,2151398048,mlc,manZ,False,identifiable,cra|crp|fur|nagC|rpoD|rpoH,5000,-0.1772924808849194,0.021156711969541633,1.4136415567419363,-8.379963821417968,-0.18704154888687807,5636,,,,[],0,,False,True,
csd-20260805_174708,paired_hierarchical,1,0,0,948c69fa52a0a115,mlc->ptsG,shared_complete_observation_shared_scores,maximum,prefix,complete,0,5000,0.6,0.0,instrument_error,2151398048,921666314,2151398048,mlc,ptsG,False,identifiable,arcA|crp|fis|rpoD|rpoH|soxS,5000,-0.44519123386115833,0.0189732970541694,1.1325398961913251,-23.464094437046043,-0.45471516552718705,5636,,,,[],0,,False,True,
csd-20260805_174708,paired_hierarchical,1,0,0,948c69fa52a0a115,mlc->ptsH,shared_complete_observation_shared_scores,maximum,prefix,complete,0,5000,0.6,0.0,instrument_error,2151398048,921666314,2151398048,mlc,ptsH,False,identifiable,cra|crp|flhC|flhD|nagC|rpoD|rpoH,5000,-0.3678539799834443,0.02421315824249421,1.8511962797625454,-15.192317181401755,-0.314374017141529,5636,,,,[],0,,False,True,
csd-20260805_174708,paired_hierarchical,1,0,0,948c69fa52a0a115,mlc->ptsI,shared_complete_observation_shared_scores,maximum,prefix,complete,0,5000,0.6,0.0,instrument_error,2151398048,921666314,2151398048,mlc,ptsI,False,identifiable,cra|crp|nagC|rpoD|rpoH,5000,-0.19344165169667077,0.02093342557243877,1.3841417833909377,-9.240802515922605,-0.20991986440510327,5636,,,,[],0,,False,True,
csd-20260805_174708,paired_hierarchical,1,0,0,948c69fa52a0a115,nagC->chbA,shared_complete_observation_shared_scores,maximum,prefix,complete,0,5000,0.6,0.0,instrument_error,2151398048,921666314,2151398048,nagC,chbA,False,identifiable,crp|rpoD,5000,-0.2178201466849111,0.015915577852427892,1.104651069362148,-13.685971612503094,-0.10777938172578574,5636,,,,[],0,,False,True,
csd-20260805_174708,paired_hierarchical,1,0,0,948c69fa52a0a115,nagC->chbB,shared_complete_observation_shared_scores,maximum,prefix,complete,0,5000,0.6,0.0,instrument_error,2151398048,921666314,2151398048,nagC,chbB,False,identifiable,crp|rpoD,5000,-0.31051310641655633,0.019269514400943703,1.619279566052742,-16.114215436656217,-0.4015830323865429,5636,,,,[],0,,False,True,
csd-20260805_174708,paired_hierarchical,1,0,0,948c69fa52a0a115,nagC->chbC,shared_complete_observation_shared_scores,maximum,prefix,complete,0,5000,0.6,0.0,instrument_error,2151398048,921666314,2151398048,nagC,chbC,False,identifiable,crp|rpoD,5000,-0.3492058837644971,0.016745367674685804,1.2228400948340505,-20.85387974444994,-0.26234586722870706,5636,,,,[],0,,False,True,
csd-20260805_174708,paired_hierarchical,1,0,0,948c69fa52a0a115,nagC->chbF,shared_complete_observation_shared_scores,maximum,prefix,complete,0,5000,0.6,0.0,instrument_error,2151398048,921666314,2151398048,nagC,chbF,False,identifiable,crp|rpoD,5000,-0.08871549776423275,0.01698240621304746,1.2577048751348292,-5.223965123156297,-0.21548871719657559,5636,,,,[],0,,False,True,
csd-20260805_174708,paired_hierarchical,1,0,0,948c69fa52a0a115,nagC->chbG,shared_complete_observation_shared_scores,maximum,prefix,complete,0,5000,0.6,0.0,instrument_error,2151398048,921666314,2151398048,nagC,chbG,False,identifiable,crp|lrp|rpoD,5000,-0.06240323234762894,0.016094876239406412,1.129215489219844,-3.877211071362075,-0.17117291808120616,5636,,,,[],0,,False,True,
csd-20260805_174708,paired_hierarchical,1,0,0,948c69fa52a0a115,nagC->chbR,shared_complete_observation_shared_scores,maximum,prefix,complete,0,5000,0.6,0.0,instrument_error,2151398048,921666314,2151398048,nagC,chbR,False,identifiable,crp|rpoD,5000,-0.3399804073622,0.013557518592100366,0.8015686292811386,-25.0768903654905,-0.413204137702481,5636,,,,[],0,,False,True,
csd-20260805_174708,paired_hierarchical,1,0,0,948c69fa52a0a115,nagC->chiP,shared_complete_observation_shared_scores,maximum,prefix,complete,0,5000,0.6,0.0,instrument_error,2151398048,921666314,2151398048,nagC,chiP,False,identifiable,crp|rpoD,5000,-0.24907838371764415,0.01576965956284575,1.0844884481808665,-15.794785088733782,-0.24338750426336372,5636,,,,[],0,,False,True,
csd-20260805_174708,paired_hierarchical,1,0,0,948c69fa52a0a115,nagC->chiQ,shared_complete_observation_shared_scores,maximum,prefix,complete,0,5000,0.6,0.0,instrument_error,2151398048,921666314,2151398048,nagC,chiQ,False,identifiable,crp|rpoD,5000,-0.19470527131602813,0.019262347704027964,1.6180753086343096,-10.108075833109023,-0.22997519906291564,5636,,,,[],0,,False,True,
csd-20260805_174708,paired_hierarchical,1,0,0,948c69fa52a0a115,nagC->creA,shared_complete_observation_shared_scores,maximum,prefix,complete,0,5000,0.6,0.0,instrument_error,2151398048,921666314,2151398048,nagC,creA,False,identifiable,crp|lrp|rpoD|rpoH,5000,-0.2889856960732531,0.01569560142792369,1.0736718049346583,-18.411890579683373,-0.26694117746549273,5636,,,,[],0,,False,True,
csd-20260805_174708,paired_hierarchical,1,0,0,948c69fa52a0a115,nagC->creB,shared_complete_observation_shared_scores,maximum,prefix,complete,0,5000,0.6,0.0,instrument_error,2151398048,921666314,2151398048,nagC,creB,False,identifiable,crp|rpoD|rpoH,5000,-0.17742663164812172,0.016622718086039233,1.2047973491808874,-10.673743651896219,-0.1765042401655751,5636,,,,[],0,,False,True,
csd-20260805_174708,paired_hierarchical,1,0,0,948c69fa52a0a115,nagC->creC,shared_complete_observation_shared_scores,maximum,prefix,complete,0,5000,0.6,0.0,instrument_error,2151398048,921666314,2151398048,nagC,creC,False,identifiable,crp|rpoD|rpoH,5000,-0.3576612390112378,0.016652867133315312,1.2091716557740686,-21.47745707378579,-0.33946578221564677,5636,,,,[],0,,False,True,
csd-20260805_174708,paired_hierarchical,1,0,0,948c69fa52a0a115,nagC->creD,shared_complete_observation_shared_scores,maximum,prefix,complete,0,5000,0.6,0.0,instrument_error,2151398048,921666314,2151398048,nagC,creD,False,identifiable,crp|rpoD|rpoH,5000,-0.24809582028785004,0.018603452212521507,1.5090269999105375,-13.336009760643408,-0.19577458259685124,5636,,,,[],0,,False,True,
csd-20260805_174708,paired_hierarchical,1,0,0,948c69fa52a0a115,nagC->crr,shared_complete_observation_shared_scores,maximum,prefix,complete,0,5000,0.6,0.0,instrument_error,2151398048,921666314,2151398048,nagC,crr,False,identifiable,cra|crp|mlc|rpoD|rpoH|rpoS,5000,-0.14478680251253842,0.016018641772303704,1.1086605036296928,-9.038644135414488,-0.1547195071097241,5636,,,,[],0,,False,True,
csd-20260805_174708,paired_hierarchical,1,0,0,948c69fa52a0a115,nagC->dinI,shared_complete_observation_shared_scores,maximum,prefix,complete,0,5000,0.6,0.0,instrument_error,2151398048,921666314,2151398048,nagC,dinI,False,identifiable,crp|lexA|rpoD,5000,-0.19959269700332133,0.016514692865738322,1.1893818224427906,-12.0857649988393,-0.14497703237636844,5636,,,,[],0,,False,True,
csd-20260805_174708,paired_hierarchical,1,0,0,948c69fa52a0a115,nagC->eutD,shared_complete_observation_shared_scores,maximum,prefix,complete,0,5000,0.6,0.0,instrument_error,2151398048,921666314,2151398048,nagC,eutD,False,identifiable,crp|rpoD,5000,0.08186132204036906,0.01765531224174039,1.3593494003820215,4.636639721773592,0.10128596501571485,5636,,,,[],0,,False,True,
csd-20260805_174708,paired_hierarchical,1,0,0,948c69fa52a0a115,nagC->eutM,shared_complete_observation_shared_scores,maximum,prefix,complete,0,5000,0.6,0.0,instrument_error,2151398048,921666314,2151398048,nagC,eutM,False,identifiable,crp|rpoD,5000,0.22462814322720367,0.015557866677723197,1.055553829480654,14.438235516495421,0.21394741847185159,5636,,,,[],0,,False,True,
csd-20260805_174708,paired_hierarchical,1,0,0,948c69fa52a0a115,nagC->eutP,shared_complete_observation_shared_scores,maximum,prefix,complete,0,5000,0.6,0.0,instrument_error,2151398048,921666314,2151398048,nagC,eutP,False,identifiable,crp|rpoD,5000,-0.19974447372407383,0.01506538776650021,0.9897851267602071,-13.258501992775178,-0.19964252044406805,5636,,,,[],0,,False,True,
csd-20260805_174708,paired_hierarchical,1,0,0,948c69fa52a0a115,nagC->eutQ,shared_complete_observation_shared_scores,maximum,prefix,complete,0,5000,0.6,0.0,instrument_error,2151398048,921666314,2151398048,nagC,eutQ,False,identifiable,crp|rpoD,5000,-0.13300390617066896,0.015235894635540294,1.0123162676519482,-8.729642029711528,-0.12480928561703983,5636,,,,[],0,,False,True,
csd-20260805_174708,paired_hierarchical,1,0,0,948c69fa52a0a115,nagC->eutS,shared_complete_observation_shared_scores,maximum,prefix,complete,0,5000,0.6,0.0,instrument_error,2151398048,921666314,2151398048,nagC,eutS,False,identifiable,argR|crp|nac|rpoD,5000,0.14127278571566798,0.016700226357599882,1.2100540345543593,8.45933358570185,0.1298896735651158,5636,,,,[],0,,False,True,
csd-20260805_174708,paired_hierarchical,1,0,0,948c69fa52a0a115,nagC->eutT,shared_complete_observation_shared_scores,maximum,prefix,complete,0,5000,0.6,0.0,instrument_error,2151398048,921666314,2151398048,nagC,eutT,False,identifiable,crp|rpoD,5000,0.05878812530514385,0.01514983622844201,1.0009126332694946,3.8804462582094557,0.07333412935046921,5636,,,,[],0,,False,True,
csd-20260805_174708,paired_hierarchical,1,0,0,948c69fa52a0a115,nagC->feoA,shared_complete_observation_shared_scores,maximum,prefix,complete,0,5000,0.6,0.0,instrument_error,2151398048,921666314,2151398048,nagC,feoA,False,identifiable,arcA|crp|fnr|fur|ompR|rpoD,5000,-0.2269814949412327,0.018298237822347595,1.3964278105378756,-12.404554861781321,-0.21907271344372548,5636,,,,[],0,,False,True,
csd-20260805_174708,paired_hierarchical,1,0,0,948c69fa52a0a115,nagC->feoB,shared_complete_observation_shared_scores,maximum,prefix,complete,0,5000,0.6,0.0,instrument_error,2151398048,921666314,2151398048,nagC,feoB,False,identifiable,crp|fnr|fur|ompR|rpoD,5000,-0.10166611196237912,0.018569257434533755,1.4389300924065942,-5.47496916991995,-0.10684975700490551,5636,,,,[],0,,False,True,
csd-20260805_174708,paired_hierarchical,1,0,0,948c69fa52a0a115,nagC->feoC,shared_complete_observation_shared_scores,maximum,prefix,complete,0,5000,0.6,0.0,instrument_error,2151398048,921666314,2151398048,nagC,feoC,False,identifiable,crp|fnr|fur|ompR|rpoD,5000,-0.07019478366166612,0.01843827472312858,1.418702009619656,-3.807014740571973,-0.09337697387330078,5636,,,,[],0,,False,True,
csd-20260805_174708,paired_hierarchical,1,0,0,948c69fa52a0a115,nagC->fimB,shared_complete_observation_shared_scores,maximum,prefix,complete,0,5000,0.6,0.0,instrument_error,2151398048,921666314,2151398048,nagC,fimB,False,identifiable,basR|cpxR|crp|dksA|hns|ihfA|ihfB|nanR|rpoD,5000,0.3183130360337252,0.018354393376409445,1.4623555634383085,17.342607271501922,0.30219560776878746,5636,,,,[],0,,False,True,
csd-20260805_174708,paired_hierarchical,1,0,0,948c69fa52a0a115,nagC->galP,shared_complete_observation_shared_scores,maximum,prefix,complete,0,5000,0.6,0.0,instrument_error,2151398048,921666314,2151398048,nagC,galP,False,identifiable,cpxR|crp|galR|galS|ompR|rpoD,5000,-0.27760455002199885,0.015801479158129562,1.0870737113421296,-17.56826353051743,-0.2906151781523305,5636,,,,[],0,,False,True,
csd-20260805_174708,paired_hierarchical,1,0,0,948c69fa52a0a115,nagC->glmS,shared_complete_observation_shared_scores,maximum,prefix,complete,0,5000,0.6,0.0,instrument_error,2151398048,921666314,2151398048,nagC,glmS,False,identifiable,crp|rpoD,5000,0.1228696374685857,0.015470364325537778,1.0437136840070473,7.942258817121589,0.13615967999013234,5636,,,,[],0,,False,True,
csd-20260805_174708,paired_hierarchical,1,0,0,948c69fa52a0a115,nagC->glmU,shared_complete_observation_shared_scores,maximum,prefix,complete,0,5000,0.6,0.0,instrument_error,2151398048,921666314,2151398048,nagC,glmU,False,identifiable,crp|rpoD,5000,0.2658737386640596,0.016835470294274367,1.2360350901828425,15.792474698760362,0.27526651523484386,5636,,,,[],0,,False,True,
csd-20260805_174708,paired_hierarchical,1,0,0,948c69fa52a0a115,nagC->manX,shared_complete_observation_shared_scores,maximum,prefix,complete,0,5000,0.6,0.0,instrument_error,2151398048,921666314,2151398048,nagC,manX,False,identifiable,cra|crp|dicF|fur|hfq|mlc|rpoD,5000,-0.12774604723912705,0.01766305869502711,1.3554087537977453,-7.2323853668160485,-0.14277805528225126,5636,,,,[],0,,False,True,
csd-20260805_174708,paired_hierarchical,1,0,0,948c69fa52a0a115,nagC->manY,shared_complete_observation_shared_scores,maximum,prefix,complete,0,5000,0.6,0.0,instrument_error,2151398048,921666314,2151398048,nagC,manY,False,identifiable,cra|crp|fur|mlc|rpoD|rpsA,5000,-0.05826203144864216,0.015551963140823374,1.0511181268078946,-3.7462814772050423,-0.06837143917658198,5636,,,,[],0,,False,True,
csd-20260805_174708,paired_hierarchical,1,0,0,948c69fa52a0a115,nagC->manZ,shared_complete_observation_shared_scores,maximum,prefix,complete,0,5000,0.6,0.0,instrument_error,2151398048,921666314,2151398048,nagC,manZ,False,identifiable,cra|crp|fur|mlc|rpoD,5000,-0.1373356779971216,0.018033076010540248,1.4134706672330928,-7.61576549207964,-0.17511009446853412,5636,,,,[],0,,False,True,
csd-20260805_174708,paired_hierarchical,1,0,0,948c69fa52a0a115,nagC->nagA,shared_complete_observation_shared_scores,maximum,prefix,complete,0,5000,0.6,0.0,instrument_error,2151398048,921666314,2151398048,nagC,nagA,False,identifiable,crp|phoP|rpoD,5000,-0.25100064132219874,0.015681031807296703,1.0721276452330877,-16.006640660304193,-0.25589612771252157,5636,,,,[],0,,False,True,
csd-20260805_174708,paired_hierarchical,1,0,0,948c69fa52a0a115,nagC->nagB,shared_complete_observation_shared_scores,maximum,prefix,complete,0,5000,0.6,0.0,instrument_error,2151398048,921666314,2151398048,nagC,nagB,False,identifiable,crp|rpoD,5000,-0.32618276778432065,0.016126311172901187,1.1340974293339694,-20.226744001594202,-0.3333816989008716,5636,,,,[],0,,False,True,
csd-20260805_174708,paired_hierarchical,1,0,0,948c69fa52a0a115,nagC->nagE,shared_complete_observation_shared_scores,maximum,prefix,complete,0,5000,0.6,0.0,instrument_error,2151398048,921666314,2151398048,nagC,nagE,False,identifiable,crp|rpoD,5000,-0.17520719993026618,0.016369870556982597,1.1686131937893247,-10.703029038646322,-0.18868072254219373,5636,,,,[],0,,False,True,
csd-20260805_174708,paired_hierarchical,1,0,0,948c69fa52a0a115,nagC->nanC,shared_complete_observation_shared_scores,maximum,prefix,complete,0,5000,0.6,0.0,instrument_error,2151398048,921666314,2151398048,nagC,nanC,False,identifiable,crp|nanR|rpoD|spf,5000,-0.15526370450133858,0.021932424057071815,2.096173560821223,-7.07918577979874,-0.1891577900448526,5636,,,,[],0,,False,True,
csd-20260805_174708,paired_hierarchical,1,0,0,948c69fa52a0a115,nagC->nanM,shared_complete_observation_shared_scores,maximum,prefix,complete,0,5000,0.6,0.0,instrument_error,2151398048,921666314,2151398048,nagC,nanM,False,identifiable,crp|nanR|rpoD,5000,-0.2728496910638365,0.015273477312998622,1.0173163228705482,-17.864281032559983,-0.26160202974461416,5636,,,,[],0,,False,True,
csd-20260805_174708,paired_hierarchical,1,0,0,948c69fa52a0a115,nagC->nanS,shared_complete_observation_shared_scores,maximum,prefix,complete,0,5000,0.6,0.0,instrument_error,2151398048,921666314,2151398048,nagC,nanS,False,identifiable,crp|nanR|rpoD,5000,-0.25128997251012436,0.016693602417706038,1.2152910411508016,-15.053070405198708,-0.2586658699566282,5636,,,,[],0,,False,True,
csd-20260805_174708,paired_hierarchical,1,0,0,948c69fa52a0a115,nagC->ptsH,shared_complete_observation_shared_scores,maximum,prefix,complete,0,5000,0.6,0.0,instrument_error,2151398048,921666314,2151398048,nagC,ptsH,False,identifiable,cra|crp|flhC|flhD|mlc|rpoD|rpoH,5000,-0.19000985836636822,0.020642568382463575,1.8511962797625454,-9.204758576834207,-0.18784787705237768,5636,,,,[],0,,False,True,
csd-20260805_174708,paired_hierarchical,1,0,0,948c69fa52a0a115,nagC->ptsI,shared_complete_observation_shared_scores,maximum,prefix,complete,0,5000,0.6,0.0,instrument_error,2151398048,921666314,2151398048,nagC,ptsI,False,identifiable,cra|crp|mlc|rpoD|rpoH,5000,-0.2638091299453467,0.01784035664670346,1.384141783390938,-14.787211666763028,-0.2749309164642396,5636,,,,[],0,,False,True,
csd-20260805_174708,paired_hierarchical,1,0,0,948c69fa52a0a115,nagC->umpH,shared_complete_observation_shared_scores,maximum,prefix,complete,0,5000,0.6,0.0,instrument_error,2151398048,921666314,2151398048,nagC,umpH,False,identifiable,crp|rpoD,5000,-0.38898101366576476,0.021416759468788855,2.00026627626113,-18.16245890199383,-0.32819237340226315,5636,,,,[],0,,False,True,
csd-20260805_174708,paired_hierarchical,1,0,0,948c69fa52a0a115,nagC->ydeM,shared_complete_observation_shared_scores,maximum,prefix,complete,0,5000,0.6,0.0,instrument_error,2151398048,921666314,2151398048,nagC,ydeM,False,identifiable,araC|crp|gadX|rpoD,5000,-0.1855403621081015,0.01856411180861597,1.5007585573234372,-9.994572539796305,-0.14727334394555855,5636,,,,[],0,,False,True,
csd-20260805_174708,paired_hierarchical,1,0,0,948c69fa52a0a115,nagC->ydeN,shared_complete_observation_shared_scores,maximum,prefix,complete,0,5000,0.6,0.0,instrument_error,2151398048,921666314,2151398048,nagC,ydeN,False,identifiable,araC|crp|gadX|lrp|rpoD,5000,-0.2476117055507237,0.015868433989906065,1.096113097211366,-15.604041691084948,-0.24064044136816878,5636,,,,[],0,,False,True,
csd-20260805_174708,paired_hierarchical,1,0,0,948c69fa52a0a115,nagC->ydeP,shared_complete_observation_shared_scores,maximum,prefix,complete,0,5000,0.6,0.0,instrument_error,2151398048,921666314,2151398048,nagC,ydeP,False,identifiable,crp|evgA|hns|nac|narL|narP|phoP|rcsB|rpoD|uvrY,5000,-0.1474660594578271,0.016279084635377264,1.1438556497056616,-9.05862109331122,-0.14090614759655523,5636,,,,[],0,,False,True,
csd-20260805_174708,paired_hierarchical,1,0,0,948c69fa52a0a115,ompR->alx,shared_complete_observation_shared_scores,maximum,prefix,complete,0,5000,0.6,0.0,instrument_error,2151398048,921666314,2151398048,ompR,alx,False,identifiable,alpA|basR|btsR|glaR|glrR|nsrR|ptrR|rcdA,5000,-0.18053346231220158,0.01443241175472394,1.1842780975614682,-12.508890778639982,-0.1871184346192975,5636,,,,[],0,,False,True,
csd-20260805_174708,paired_hierarchical,1,0,0,948c69fa52a0a115,ompR->exoX,shared_complete_observation_shared_scores,maximum,prefix,complete,0,5000,0.6,0.0,instrument_error,2151398048,921666314,2151398048,ompR,exoX,False,identifiable,alpA|basR|btsR|glaR|glrR|nsrR|ptrR|rcdA,5000,-0.15838694664329878,0.02098349940970597,2.5034084275347426,-7.548166468841536,-0.18061995868288175,5636,,,,[],0,,False,True,
csd-20260805_174708,paired_hierarchical,1,0,0,948c69fa52a0a115,ompR->narY,shared_complete_observation_shared_scores,maximum,prefix,complete,0,5000,0.6,0.0,instrument_error,2151398048,921666314,2151398048,ompR,narY,False,identifiable,alpA|basR|btsR|glaR|glrR|nsrR|ptrR|rcdA,5000,0.18391938087160506,0.014239667250695524,1.1528573101847297,12.915988669792945,0.19332117942815077,5636,,,,[],0,,False,True,
csd-20260805_174708,paired_hierarchical,1,0,0,948c69fa52a0a115,ompR->potE,shared_complete_observation_shared_scores,maximum,prefix,complete,0,5000,0.6,0.0,instrument_error,2151398048,921666314,2151398048,ompR,potE,False,identifiable,alpA|basR|btsR|glaR|glrR|nsrR|ptrR|rcdA,5000,-0.1441211050578285,0.013249694057210385,0.9981310743076804,-10.87731569012334,-0.14909723344247666,5636,,,,[],0,,False,True,
csd-20260805_174708,paired_hierarchical,1,0,0,948c69fa52a0a115,ompR->speF,shared_complete_observation_shared_scores,maximum,prefix,complete,0,5000,0.6,0.0,instrument_error,2151398048,921666314,2151398048,ompR,speF,False,identifiable,alpA|basR|btsR|glaR|glrR|nsrR|ptrR|rcdA,5000,-0.4662990387945369,0.014774406031349021,1.241069024226415,-31.561271417959,-0.4588385322571602,5636,,,,[],0,,False,True,
csd-20260805_174708,paired_hierarchical,1,0,0,948c69fa52a0a115,ompR->speFL,shared_complete_observation_shared_scores,maximum,prefix,complete,0,5000,0.6,0.0,instrument_error,2151398048,921666314,2151398048,ompR,speFL,False,identifiable,alpA|basR|btsR|glaR|glrR|nsrR|ptrR|rcdA,5000,-0.3579442675130696,0.01661909623109291,1.5703291082932251,-21.53813074644736,-0.28376364033414114,5636,,,,[],0,,False,True,
csd-20260805_174708,paired_hierarchical,1,0,0,948c69fa52a0a115,ompR->tsgA,shared_complete_observation_shared_scores,maximum,prefix,complete,0,5000,0.6,0.0,instrument_error,2151398048,921666314,2151398048,ompR,tsgA,False,identifiable,alpA|basR|btsR|glaR|glrR|nsrR|ptrR|rcdA,5000,0.09642678609093636,0.013204447930138951,0.9913257164565514,7.302598836475676,0.09316079008585741,5636,,,,[],0,,False,True,
csd-20260805_174708,paired_hierarchical,1,0,0,948c69fa52a0a115,oxyR->grxA,shared_complete_observation_shared_scores,maximum,prefix,complete,0,5000,0.6,0.0,instrument_error,2151398048,921666314,2151398048,oxyR,grxA,False,identifiable,alpA|basR|btsR|glaR|glrR|nsrR|ptrR|rcdA,5000,0.20793352844786286,0.023175812633974197,1.6967146296097266,8.972005932730323,0.2760211134787213,5636,,,,[],0,,False,True,
csd-20260805_174708,paired_hierarchical,1,0,0,948c69fa52a0a115,plaR->eda,shared_complete_observation_shared_scores,maximum,prefix,complete,0,5000,0.6,0.0,instrument_error,2151398048,921666314,2151398048,plaR,eda,False,identifiable,cra|crp|gntR|ihfA|ihfB|kdgR|phoB|rpoD,5000,-0.14365756021186765,0.021486423675188892,1.4290316265400895,-6.685968888240529,-0.11871407776390255,5636,,,,[],0,,False,True,
csd-20260805_174708,paired_hierarchical,1,0,0,948c69fa52a0a115,plaR->glpA,shared_complete_observation_shared_scores,maximum,prefix,complete,0,5000,0.6,0.0,instrument_error,2151398048,921666314,2151398048,plaR,glpA,False,identifiable,arcA|basR|crp|fis|flhC|flhD|fnr|glpR|ihfA|ihfB|rpoD,5000,-0.1744188819128562,0.018564462036797614,1.0498795312285714,-9.395310328256818,-0.19036315243128296,5636,,,,[],0,,False,True,
csd-20260805_174708,paired_hierarchical,1,0,0,948c69fa52a0a115,plaR->glpT,shared_complete_observation_shared_scores,maximum,prefix,complete,0,5000,0.6,0.0,instrument_error,2151398048,921666314,2151398048,plaR,glpT,False,identifiable,crp|fis|fnr|glpR|ihfA|ihfB|rpoD,5000,-0.08221456206595665,0.018903774861495148,1.1055017853360138,-4.349108189677947,-0.10456011158255538,5636,,,,[],0,,False,True,
csd-20260805_174708,paired_hierarchical,1,0,0,948c69fa52a0a115,plaR->lyxK,shared_complete_observation_shared_scores,maximum,prefix,complete,0,5000,0.6,0.0,instrument_error,2151398048,921666314,2151398048,plaR,lyxK,False,identifiable,crp|ihfA|ihfB|rpoD|rpoE,5000,-0.17444270665558825,0.02120467103100863,1.3921778258146018,-8.226616975122704,-0.16288378889405208,5636,,,,[],0,,False,True,
csd-20260805_174708,paired_hierarchical,1,0,0,948c69fa52a0a115,plaR->sgbE,shared_complete_observation_shared_scores,maximum,prefix,complete,0,5000,0.6,0.0,instrument_error,2151398048,921666314,2151398048,plaR,sgbE,False,identifiable,crp|ihfA|ihfB|rpoD|rpoE,5000,-0.3645400665266343,0.018921500583084238,1.1085180897050575,-19.265917358189444,-0.3819145758983342,5636,,,,[],0,,False,True,
csd-20260805_174708,paired_hierarchical,1,0,0,948c69fa52a0a115,plaR->sgbH,shared_complete_observation_shared_scores,maximum,prefix,complete,0,5000,0.6,0.0,instrument_error,2151398048,921666314,2151398048,plaR,sgbH,False,identifiable,crp|ihfA|ihfB|rpoD|rpoE,5000,-0.1828398290706606,0.018242961146051607,1.030439029923632,-10.022486350042648,-0.1997116744640822,5636,,,,[],0,,False,True,
csd-20260805_174708,paired_hierarchical,1,0,0,948c69fa52a0a115,plaR->sgbU,shared_complete_observation_shared_scores,maximum,prefix,complete,0,5000,0.6,0.0,instrument_error,2151398048,921666314,2151398048,plaR,sgbU,False,identifiable,crp|ihfA|ihfB|rpoD|rpoE,5000,-0.1567943070036551,0.018121583246774663,1.0167727786614125,-8.65235144570284,-0.14972810011205742,5636,,,,[],0,,False,True,
csd-20260805_174708,paired_hierarchical,1,0,0,948c69fa52a0a115,plaR->ygjV,shared_complete_observation_shared_scores,maximum,prefix,complete,0,5000,0.6,0.0,instrument_error,2151398048,921666314,2151398048,plaR,ygjV,False,identifiable,crp|ihfA|ihfB|rpoD,5000,-0.2710626318318327,0.019520841927328985,1.1799457511197606,-13.885806403275451,-0.27108337644025454,5636,,,,[],0,,False,True,
csd-20260805_174708,paired_hierarchical,1,0,0,948c69fa52a0a115,plaR->yiaK,shared_complete_observation_shared_scores,maximum,prefix,complete,0,5000,0.6,0.0,instrument_error,2151398048,921666314,2151398048,plaR,yiaK,False,identifiable,crp|ihfA|ihfB|rpoD|rpoE,5000,-0.22364579006732255,0.018453418348212715,1.0543511809330621,-12.11947758660029,-0.22349587945348914,5636,,,,[],0,,False,True,
csd-20260805_174708,paired_hierarchical,1,0,0,948c69fa52a0a115,plaR->yiaL,shared_complete_observation_shared_scores,maximum,prefix,complete,0,5000,0.6,0.0,instrument_error,2151398048,921666314,2151398048,plaR,yiaL,False,identifiable,crp|ihfA|ihfB|rpoD|rpoE,5000,-0.4102499344810836,0.019044635931847465,1.1229928301056522,-21.54149525090378,-0.40251134930294297,5636,,,,[],0,,False,True,
csd-20260805_174708,paired_hierarchical,1,0,0,948c69fa52a0a115,plaR->yiaM,shared_complete_observation_shared_scores,maximum,prefix,complete,0,5000,0.6,0.0,instrument_error,2151398048,921666314,2151398048,plaR,yiaM,False,identifiable,crp|ihfA|ihfB|rpoD|rpoE,5000,-0.005996059812218967,0.020232500276084125,1.2674497314991409,-0.2963578267836044,-0.07884272112723187,5636,,,,[],0,,False,True,
csd-20260805_174708,paired_hierarchical,1,0,0,948c69fa52a0a115,plaR->yiaN,shared_complete_observation_shared_scores,maximum,prefix,complete,0,5000,0.6,0.0,instrument_error,2151398048,921666314,2151398048,plaR,yiaN,False,identifiable,crp|ihfA|ihfB|rpoD|rpoE,5000,-0.210160039538882,0.020219483399577506,1.2658193912824927,-10.393937143976357,-0.21724036676566277,5636,,,,[],0,,False,True,
csd-20260805_174708,paired_hierarchical,1,0,0,948c69fa52a0a115,plaR->yiaO,shared_complete_observation_shared_scores,maximum,prefix,complete,0,5000,0.6,0.0,instrument_error,2151398048,921666314,2151398048,plaR,yiaO,False,identifiable,crp|ihfA|ihfB|rpoD|rpoE,5000,-0.057532915046410504,0.019277845671126222,1.150664281670414,-2.984405831849851,-0.06408954572136841,5636,,,,[],0,,False,True,
csd-20260805_174708,paired_hierarchical,1,0,0,948c69fa52a0a115,rbsR->add,shared_complete_observation_shared_scores,maximum,prefix,complete,0,5000,0.6,0.0,instrument_error,2151398048,921666314,2151398048,rbsR,add,False,identifiable,crp|rpoD,5000,0.39781008582286037,0.014920337729853126,1.1132085952086694,26.662270856436997,0.3821903372022568,5636,,,,[],0,,False,True,
csd-20260805_174708,paired_hierarchical,1,0,0,948c69fa52a0a115,rbsR->dcd,shared_complete_observation_shared_scores,maximum,prefix,complete,0,5000,0.6,0.0,instrument_error,2151398048,921666314,2151398048,rbsR,dcd,False,identifiable,crp|rpoD,5000,0.27884274688352373,0.014710769193172811,1.0821563361989732,18.955007941592417,0.2761045151813002,5636,,,,[],0,,False,True,
csd-20260805_174708,paired_hierarchical,1,0,0,948c69fa52a0a115,rbsR->purD,shared_complete_observation_shared_scores,maximum,prefix,complete,0,5000,0.6,0.0,instrument_error,2151398048,921666314,2151398048,rbsR,purD,False,identifiable,crp|phoP|purR|rpoD,5000,-0.19804295724233345,0.014643074401574679,1.0705755006489648,-13.52468421665852,-0.1988931530219271,5636,,,,[],0,,False,True,
csd-20260805_174708,paired_hierarchical,1,0,0,948c69fa52a0a115,rbsR->purH,shared_complete_observation_shared_scores,maximum,prefix,complete,0,5000,0.6,0.0,instrument_error,2151398048,921666314,2151398048,rbsR,purH,False,identifiable,crp|phoP|purR|rpoD,5000,-0.2527751255096229,0.014782951775602569,1.0911264481630967,-17.09909694265505,-0.24412951894505508,5636,,,,[],0,,False,True,
csd-20260805_174708,paired_hierarchical,1,0,0,948c69fa52a0a115,rbsR->rbsA,shared_complete_observation_shared_scores,maximum,prefix,complete,0,5000,0.6,0.0,instrument_error,2151398048,921666314,2151398048,rbsR,rbsA,False,identifiable,crp|rpoD,5000,-0.16106457167353933,0.014573062219787526,1.0619911110863371,-11.05221189921521,-0.1845718901863739,5636,,,,[],0,,False,True,
csd-20260805_174708,paired_hierarchical,1,0,0,948c69fa52a0a115,rbsR->rbsB,shared_complete_observation_shared_scores,maximum,prefix,complete,0,5000,0.6,0.0,instrument_error,2151398048,921666314,2151398048,rbsR,rbsB,False,identifiable,crp|rpoD,5000,-0.29823277526656095,0.014339173428688784,1.0281760382256984,-20.798463506263083,-0.307209766967215,5636,,,,[],0,,False,True,
csd-20260805_174708,paired_hierarchical,1,0,0,948c69fa52a0a115,rbsR->rbsC,shared_complete_observation_shared_scores,maximum,prefix,complete,0,5000,0.6,0.0,instrument_error,2151398048,921666314,2151398048,rbsR,rbsC,False,identifiable,crp|rpoD,5000,-0.16720768759842292,0.018113744275549282,1.6407246686612664,-9.230984221419483,-0.17172984287502085,5636,,,,[],0,,False,True,
csd-20260805_174708,paired_hierarchical,1,0,0,948c69fa52a0a115,rbsR->rbsD,shared_complete_observation_shared_scores,maximum,prefix,complete,0,5000,0.6,0.0,instrument_error,2151398048,921666314,2151398048,rbsR,rbsD,False,identifiable,crp|rpoD|yidZ,5000,-0.4696128482065221,0.01667353771920462,1.3901744138968688,-28.165159434978268,-0.4666867888343927,5636,,,,[],0,,False,True,
csd-20260805_174708,paired_hierarchical,1,0,0,948c69fa52a0a115,rbsR->rbsK,shared_complete_observation_shared_scores,maximum,prefix,complete,0,5000,0.6,0.0,instrument_error,2151398048,921666314,2151398048,rbsR,rbsK,False,identifiable,crp|rpoD,5000,-0.12402802679408424,0.01837159619003502,1.6877690765718016,-6.751075165769133,-0.11640117948226268,5636,,,,[],0,,False,True,
csd-20260805_174708,paired_hierarchical,1,0,0,948c69fa52a0a115,rbsR->udk,shared_complete_observation_shared_scores,maximum,prefix,complete,0,5000,0.6,0.0,instrument_error,2151398048,921666314,2151398048,rbsR,udk,False,identifiable,crp|rpoD,5000,0.41184254225509553,0.014874888208918696,1.1064369337747726,27.68710167570622,0.4274220916267891,5636,,,,[],0,,False,True,
csd-20260805_174708,paired_hierarchical,1,0,0,948c69fa52a0a115,rhaS->rhaA,shared_complete_observation_shared_scores,maximum,prefix,complete,0,5000,0.6,0.0,instrument_error,2151398048,921666314,2151398048,rhaS,rhaA,False,identifiable,crp|rpoD|rpoS,5000,0.2606616989137997,0.008216503320120128,1.0264948550508295,31.72416400970781,0.25730552217467145,5636,,,,[],0,,False,True,
csd-20260805_174708,paired_hierarchical,1,0,0,948c69fa52a0a115,rhaS->rhaB,shared_complete_observation_shared_scores,maximum,prefix,complete,0,5000,0.6,0.0,instrument_error,2151398048,921666314,2151398048,rhaS,rhaB,False,identifiable,crp|rpoD|rpoS,5000,0.20796521676222013,0.00989284908157729,1.488077240802913,21.02177189273999,0.18717018362430127,5636,,,,[],0,,False,True,
csd-20260805_174708,paired_hierarchical,1,0,0,948c69fa52a0a115,rhaS->rhaD,shared_complete_observation_shared_scores,maximum,prefix,complete,0,5000,0.6,0.0,instrument_error,2151398048,921666314,2151398048,rhaS,rhaD,False,identifiable,crp|rpoD|rpoN|rpoS,5000,0.24392616269355075,0.00901396981889479,1.2351250246721448,27.060902975539218,0.26197601600653914,5636,,,,[],0,,False,True,
csd-20260805_174708,paired_hierarchical,1,0,0,948c69fa52a0a115,rhaS->rhaT,shared_complete_observation_shared_scores,maximum,prefix,complete,0,5000,0.6,0.0,instrument_error,2151398048,921666314,2151398048,rhaS,rhaT,False,identifiable,arcA|crp|rpoD|rpoS,5000,-0.29564466091620706,0.008762094902157404,1.1672881306906757,-33.741321478201904,-0.2924713032208601,5636,,,,[],0,,False,True,
csd-20260805_174708,paired_hierarchical,1,0,0,948c69fa52a0a115,rplM->rpsI,shared_complete_observation_shared_scores,maximum,prefix,complete,0,5000,0.6,0.0,instrument_error,2151398048,921666314,2151398048,rplM,rpsI,False,identifiable,crp|dksA|fis|fnr|srmB,5000,-0.26156292763503114,0.01719420302144186,1.108243886272362,-15.212274003561065,-0.23097385412295954,5636,,,,[],0,,False,True,
csd-20260805_174708,paired_hierarchical,1,0,0,948c69fa52a0a115,spf->araF,shared_complete_observation_shared_scores,maximum,prefix,complete,0,5000,0.6,0.0,instrument_error,2151398048,921666314,2151398048,spf,araF,False,identifiable,araC|crp|nac|rpoD|rpoS,5000,-0.1256560100699397,0.013639668008583029,1.3946936909588064,-9.2125416828964,-0.14173305851710857,5636,,,,[],0,,False,True,
csd-20260805_174708,paired_hierarchical,1,0,0,948c69fa52a0a115,spf->ascF,shared_complete_observation_shared_scores,maximum,prefix,complete,0,5000,0.6,0.0,instrument_error,2151398048,921666314,2151398048,spf,ascF,False,identifiable,ascG|cpxR|crp|hns|nac|rpoD,5000,-0.17472922922805484,0.012037727204859714,1.108867555340205,-14.515134481325964,-0.1648310774894811,5636,,,,[],0,,False,True,
csd-20260805_174708,paired_hierarchical,1,0,0,948c69fa52a0a115,spf->atoD,shared_complete_observation_shared_scores,maximum,prefix,complete,0,5000,0.6,0.0,instrument_error,2151398048,921666314,2151398048,spf,atoD,False,identifiable,atoC|crp|ihfA|ihfB|nac|rpoD|rpoN,5000,-0.1349314613207157,0.011399486483663755,0.9834519054996322,-11.83662628260332,-0.1477803921225942,5636,,,,[],0,,False,True,
csd-20260805_174708,paired_hierarchical,1,0,0,948c69fa52a0a115,spf->caiA,shared_complete_observation_shared_scores,maximum,prefix,complete,0,5000,0.6,0.0,instrument_error,2151398048,921666314,2151398048,spf,caiA,False,identifiable,arcA|caiF|crp|fnr|hns|nac|rpoD,5000,-0.14359261988187236,0.013008255541684959,1.290257647955456,-11.038576188923239,-0.1301421656948836,5636,,,,[],0,,False,True,
csd-20260805_174708,paired_hierarchical,1,0,0,948c69fa52a0a115,spf->dppB,shared_complete_observation_shared_scores,maximum,prefix,complete,0,5000,0.6,0.0,instrument_error,2151398048,921666314,2151398048,spf,dppB,False,identifiable,crp|fnr|fur|ihfA|ihfB|nac|rpoD,5000,0.776446831654961,0.011452027639351556,0.9925865360618236,67.79994391446697,0.7878946405588613,5636,,,,[],0,,False,True,
csd-20260805_174708,paired_hierarchical,1,0,0,948c69fa52a0a115,spf->ebgC,shared_complete_observation_shared_scores,maximum,prefix,complete,0,5000,0.6,0.0,instrument_error,2151398048,921666314,2151398048,spf,ebgC,False,identifiable,crp|ebgR|nac|rpoD,5000,-0.22439970436882717,0.015219365737262567,1.780896873082648,-14.744353230135912,-0.2084035541037476,5636,,,,[],0,,False,True,
csd-20260805_174708,paired_hierarchical,1,0,0,948c69fa52a0a115,spf->fucI,shared_complete_observation_shared_scores,maximum,prefix,complete,0,5000,0.6,0.0,instrument_error,2151398048,921666314,2151398048,spf,fucI,False,identifiable,crp|fucR|nac|rpoD|srsR,5000,-0.12910975346305292,0.012817099889369098,1.2638705508538812,-10.073242354156932,-0.11767538104685471,5636,,,,[],0,,False,True,
csd-20260805_174708,paired_hierarchical,1,0,0,948c69fa52a0a115,spf->fucK,shared_complete_observation_shared_scores,maximum,prefix,complete,0,5000,0.6,0.0,instrument_error,2151398048,921666314,2151398048,spf,fucK,False,identifiable,crp|fucR|nac|rpoD|srsR,5000,-0.15485265855439173,0.012796502864522377,1.259811745550248,-12.101170155145473,-0.17024581831020577,5636,,,,[],0,,False,True,
csd-20260805_174708,paired_hierarchical,1,0,0,948c69fa52a0a115,spf->fucP,shared_complete_observation_shared_scores,maximum,prefix,complete,0,5000,0.6,0.0,instrument_error,2151398048,921666314,2151398048,spf,fucP,False,identifiable,crp|fucR|nac|rpoD|srsR,5000,-0.19106985382517563,0.011461271046767507,1.0106217092365748,-16.67091311648757,-0.19111454703787073,5636,,,,[],0,,False,True,
csd-20260805_174708,paired_hierarchical,1,0,0,948c69fa52a0a115,spf->galK,shared_complete_observation_shared_scores,maximum,prefix,complete,0,5000,0.6,0.0,instrument_error,2151398048,921666314,2151398048,spf,galK,False,identifiable,crp|galR|galS|hns|hupA|hupB|nac|rpoD|rpoS,5000,-0.132339577084226,0.01339737496175652,1.3428623041914116,-9.87802293076039,-0.08853074582620364,5636,,,,[],0,,False,True,
csd-20260805_174708,paired_hierarchical,1,0,0,948c69fa52a0a115,spf->gdhA,shared_complete_observation_shared_scores,maximum,prefix,complete,0,5000,0.6,0.0,instrument_error,2151398048,921666314,2151398048,spf,gdhA,False,identifiable,argP|crp|fnr|fur|glaR|lrp|nac|rpoD,5000,-0.18196960470243168,0.013917113449847,1.4785662201762786,-13.075240448257766,-0.19302615176458376,5636,,,,[],0,,False,True,
csd-20260805_174708,paired_hierarchical,1,0,0,948c69fa52a0a115,spf->glpF,shared_complete_observation_shared_scores,maximum,prefix,complete,0,5000,0.6,0.0,instrument_error,2151398048,921666314,2151398048,spf,glpF,False,identifiable,crp|fur|glpR|nac|rpoD,5000,-0.20913469426567172,0.012483840931478292,1.1970411137190091,-16.752431836770185,-0.21197532988689238,5636,,,,[],0,,False,True,
csd-20260805_174708,paired_hierarchical,1,0,0,948c69fa52a0a115,spf->gltA,shared_complete_observation_shared_scores,maximum,prefix,complete,0,5000,0.6,0.0,instrument_error,2151398048,921666314,2151398048,spf,gltA,False,identifiable,arcA|crp|ihfA|ihfB|nac|rpoD,5000,-0.17926095127700606,0.013224807406070103,1.3260985121178357,-13.554900708400972,-0.1648294914731085,5636,,,,[],0,,False,True,
csd-20260805_174708,paired_hierarchical,1,0,0,948c69fa52a0a115,spf->gss,shared_complete_observation_shared_scores,maximum,prefix,complete,0,5000,0.6,0.0,instrument_error,2151398048,921666314,2151398048,spf,gss,False,identifiable,crp|nac|rpoD,5000,0.13304598519144414,0.013866089658345402,1.479226688840709,9.595061655422766,0.09381300282381777,5636,,,,[],0,,False,True,
csd-20260805_174708,paired_hierarchical,1,0,0,948c69fa52a0a115,spf->lldP,shared_complete_observation_shared_scores,maximum,prefix,complete,0,5000,0.6,0.0,instrument_error,2151398048,921666314,2151398048,spf,lldP,False,identifiable,arcA|crp|lldR|nac|pdhR|rpoD,5000,-0.28872128374126893,0.011594482767573822,1.0309484084679401,-24.90160963011933,-0.2872221523872236,5636,,,,[],0,,False,True,
csd-20260805_174708,paired_hierarchical,1,0,0,948c69fa52a0a115,spf->maeA,shared_complete_observation_shared_scores,maximum,prefix,complete,0,5000,0.6,0.0,instrument_error,2151398048,921666314,2151398048,spf,maeA,False,identifiable,crp|nac|rpoD,5000,-0.17681297256280537,0.011875303486714648,1.0849660794336125,-14.889132960737614,-0.1976402404821731,5636,,,,[],0,,False,True,
csd-20260805_174708,paired_hierarchical,1,0,0,948c69fa52a0a115,spf->nanC,shared_complete_observation_shared_scores,maximum,prefix,complete,0,5000,0.6,0.0,instrument_error,2151398048,921666314,2151398048,spf,nanC,False,identifiable,crp|nac|nagC|nanR|rpoD,5000,-0.12201617115753996,0.016503365007481487,2.095217221316882,-7.393411652849358,-0.11186493638076613,5636,,,,[],0,,False,True,
csd-20260805_174708,paired_hierarchical,1,0,0,948c69fa52a0a115,spf->nanT,shared_complete_observation_shared_scores,maximum,prefix,complete,0,5000,0.6,0.0,instrument_error,2151398048,921666314,2151398048,spf,nanT,False,identifiable,crp|fis|nac|nanR|rpoD,5000,-0.286670337543034,0.011571028262191743,1.0300738399690383,-24.77483686387038,-0.30110518040267165,5636,,,,[],0,,False,True,
csd-20260805_174708,paired_hierarchical,1,0,0,948c69fa52a0a115,spf->paaK,shared_complete_observation_shared_scores,maximum,prefix,complete,0,5000,0.6,0.0,instrument_error,2151398048,921666314,2151398048,spf,paaK,False,identifiable,crp|fur|ihfA|ihfB|nac|paaX|rpoD|slyA|srsR,5000,-0.20052616718603478,0.012049109151109596,1.1006250610399828,-16.642406062656377,-0.1900374494599507,5636,,,,[],0,,False,True,
csd-20260805_174708,paired_hierarchical,1,0,0,948c69fa52a0a115,spf->puuE,shared_complete_observation_shared_scores,maximum,prefix,complete,0,5000,0.6,0.0,instrument_error,2151398048,921666314,2151398048,spf,puuE,False,identifiable,arcA|crp|nac|ptrR|puuR|rpoD|rpoS,5000,-0.25279076197721,0.011513203221134,0.9892773968564553,-21.95659688462541,-0.256717888260968,5636,,,,[],0,,False,True,
csd-20260805_174708,paired_hierarchical,1,0,0,948c69fa52a0a115,spf->sdhC,shared_complete_observation_shared_scores,maximum,prefix,complete,0,5000,0.6,0.0,instrument_error,2151398048,921666314,2151398048,spf,sdhC,False,identifiable,arcA|cpxR|crp|fnr|fur|nac|rpoD,5000,-0.49505000710938757,0.011222816999092305,0.9610147901918313,-44.111029089169584,-0.4770524433237829,5636,,,,[],0,,False,True,
csd-20260805_174708,paired_hierarchical,1,0,0,948c69fa52a0a115,spf->srlA,shared_complete_observation_shared_scores,maximum,prefix,complete,0,5000,0.6,0.0,instrument_error,2151398048,921666314,2151398048,spf,srlA,False,identifiable,crp|gutM|hns|nac|rpoD|srlR,5000,-0.2828668592006345,0.011512812383261005,1.014124121341912,-24.569744540604805,-0.2716298542822723,5636,,,,[],0,,False,True,
csd-20260805_174708,paired_hierarchical,1,0,0,948c69fa52a0a115,spf->sthA,shared_complete_observation_shared_scores,maximum,prefix,complete,0,5000,0.6,0.0,instrument_error,2151398048,921666314,2151398048,spf,sthA,False,identifiable,arcA|crp|lrp|nac|rpoD,5000,-0.394603842326872,0.012890298959589395,1.2754093534090316,-30.612466286774286,-0.4073155555522237,5636,,,,[],0,,False,True,
csd-20260805_174708,paired_hierarchical,1,0,0,948c69fa52a0a115,spf->sucC,shared_complete_observation_shared_scores,maximum,prefix,complete,0,5000,0.6,0.0,instrument_error,2151398048,921666314,2151398048,spf,sucC,False,identifiable,arcA|crp|fnr|fur|ihfA|ihfB|nac|rpoD|rpoS,5000,-0.23106815357267999,0.013479304401206236,1.3479022718518376,-17.142439008351364,-0.24790867500964855,5636,,,,[],0,,False,True,
csd-20260805_174708,paired_hierarchical,1,0,0,948c69fa52a0a115,spf->xylF,shared_complete_observation_shared_scores,maximum,prefix,complete,0,5000,0.6,0.0,instrument_error,2151398048,921666314,2151398048,spf,xylF,False,identifiable,crp|fis|nac|rpoD|xylR,5000,-0.22805828791113358,0.013136533870322221,1.3275277917045802,-17.360613550151005,-0.18344904848526125,5636,,,,[],0,,False,True,
csd-20260805_174708,paired_hierarchical,1,0,0,948c69fa52a0a115,spf->yjiA,shared_complete_observation_shared_scores,maximum,prefix,complete,0,5000,0.6,0.0,instrument_error,2151398048,921666314,2151398048,spf,yjiA,False,identifiable,crp|nac|rpoD,5000,-0.1527906915053014,0.012381838736423444,1.1794974672170155,-12.339903204831737,-0.16533485715384427,5636,,,,[],0,,False,True,
csd-20260805_174708,paired_hierarchical,1,0,0,948c69fa52a0a115,spf->ytfJ,shared_complete_observation_shared_scores,maximum,prefix,complete,0,5000,0.6,0.0,instrument_error,2151398048,921666314,2151398048,spf,ytfJ,False,identifiable,crp|lrp|nac|rpoD|rpoE,5000,-0.20794436936142088,0.011598185727559423,1.0308978345072002,-17.929042890501986,-0.22101159284619692,5636,,,,[],0,,False,True,
csd-20260805_174708,paired_hierarchical,1,0,0,948c69fa52a0a115,tdcA->tdcB,shared_complete_observation_shared_scores,maximum,prefix,complete,0,5000,0.6,0.0,instrument_error,2151398048,921666314,2151398048,tdcA,tdcB,False,identifiable,crp|fnr|ihfA|ihfB|nac|tdcR,5000,0.4300045635551663,0.011505526824317781,1.222064156170093,37.37373960541467,0.4461293691365776,5636,,,,[],0,,False,True,
csd-20260805_174708,paired_hierarchical,1,0,0,948c69fa52a0a115,tdcA->tdcC,shared_complete_observation_shared_scores,maximum,prefix,complete,0,5000,0.6,0.0,instrument_error,2151398048,921666314,2151398048,tdcA,tdcC,False,identifiable,crp|fnr|ihfA|ihfB|nac|tdcR,5000,0.1767701732473353,0.010865663986222065,1.0899172567597517,16.268694989232532,0.1704945681254768,5636,,,,[],0,,False,True,
csd-20260805_174708,paired_hierarchical,1,0,0,948c69fa52a0a115,tdcA->tdcD,shared_complete_observation_shared_scores,maximum,prefix,complete,0,5000,0.6,0.0,instrument_error,2151398048,921666314,2151398048,tdcA,tdcD,False,identifiable,crp|fnr|ihfA|ihfB|nac|tdcR,5000,0.1929649855034172,0.010390903484823024,0.9967531331261359,18.57056855404944,0.1862802483624634,5636,,,,[],0,,False,True,
csd-20260805_174708,paired_hierarchical,1,0,0,948c69fa52a0a115,tdcA->tdcE,shared_complete_observation_shared_scores,maximum,prefix,complete,0,5000,0.6,0.0,instrument_error,2151398048,921666314,2151398048,tdcA,tdcE,False,identifiable,crp|fnr|ihfA|ihfB|nac|tdcR,5000,0.15464276629026608,0.011291979335247988,1.1771210796037104,13.694921120475987,0.1747277379439599,5636,,,,[],0,,False,True,
csd-20260805_174708,paired_hierarchical,1,0,0,948c69fa52a0a115,tdcA->tdcF,shared_complete_observation_shared_scores,maximum,prefix,complete,0,5000,0.6,0.0,instrument_error,2151398048,921666314,2151398048,tdcA,tdcF,False,identifiable,crp|fnr|ihfA|ihfB|nac|tdcR,5000,0.5380519315686316,0.017512659781234487,2.831295567412541,30.723598716008617,0.39863579511281494,5636,,,,[],0,,False,True,
csd-20260805_174708,paired_hierarchical,1,0,0,948c69fa52a0a115,tdcA->tdcG,shared_complete_observation_shared_scores,maximum,prefix,complete,0,5000,0.6,0.0,instrument_error,2151398048,921666314,2151398048,tdcA,tdcG,False,identifiable,crp|fnr|ihfA|ihfB|nac|tdcR,5000,0.13828315206960357,0.010841171598053909,1.0850092106052416,12.755369732771934,0.12391789012303661,5636,,,,[],0,,False,True,
csd-20260805_174708,paired_hierarchical,1,0,0,948c69fa52a0a115,uxuR->fliC,shared_complete_observation_shared_scores,maximum,prefix,complete,0,5000,0.6,0.0,instrument_error,2151398048,921666314,2151398048,uxuR,fliC,False,identifiable,crp|fliA|gadE|hns|matA|nac|rpoD|zraR,5000,-0.21046173048165565,0.01940659337527749,1.4364425860261405,-10.844857024199195,-0.19975753500648757,5636,,,,[],0,,False,True,
csd-20260805_174708,paired_hierarchical,1,0,0,948c69fa52a0a115,uxuR->gntP,shared_complete_observation_shared_scores,maximum,prefix,complete,0,5000,0.6,0.0,instrument_error,2151398048,921666314,2151398048,uxuR,gntP,False,identifiable,crp|oxyR|rpoD|zraR,5000,-0.3591471041375414,0.017147269374118933,1.122450914822844,-20.94485695078755,-0.3581411450247097,5636,,,,[],0,,False,True,
csd-20260805_174708,paired_hierarchical,1,0,0,948c69fa52a0a115,uxuR->uidA,shared_complete_observation_shared_scores,maximum,prefix,complete,0,5000,0.6,0.0,instrument_error,2151398048,921666314,2151398048,uxuR,uidA,False,identifiable,crp|rpoD|uidR|zraR,5000,-0.16491673500401657,0.02553873145086243,2.4903787518485214,-6.4575147485819,-0.16505861652642467,5636,,,,[],0,,False,True,
csd-20260805_174708,paired_hierarchical,1,0,0,948c69fa52a0a115,uxuR->uidB,shared_complete_observation_shared_scores,maximum,prefix,complete,0,5000,0.6,0.0,instrument_error,2151398048,921666314,2151398048,uxuR,uidB,False,identifiable,crp|rpoD|uidR|zraR,5000,-0.25738930092867784,0.01696771599553891,1.0992931765660545,-15.169354614159602,-0.2402749678192665,5636,,,,[],0,,False,True,
csd-20260805_174708,paired_hierarchical,1,0,0,948c69fa52a0a115,uxuR->uidC,shared_complete_observation_shared_scores,maximum,prefix,complete,0,5000,0.6,0.0,instrument_error,2151398048,921666314,2151398048,uxuR,uidC,False,identifiable,crp|rpoD|uidR|zraR,5000,-0.12019485710531931,0.016442008651811706,1.0322300650174625,-7.310229525519397,-0.11086965392836315,5636,,,,[],0,,False,True,
csd-20260805_174708,paired_hierarchical,1,0,0,948c69fa52a0a115,zraR->sspA,shared_complete_observation_shared_scores,maximum,prefix,complete,0,5000,0.6,0.0,instrument_error,2151398048,921666314,2151398048,zraR,sspA,False,identifiable,alpA|basR|btsR|glaR|glrR|nsrR|ptrR|rcdA,5000,0.10010267663468764,0.008034295190431445,0.9648163132056676,12.45942229679416,0.10160018671541124,5636,,,,[],0,,False,True,
csd-20260805_174708,paired_hierarchical,1,0,0,948c69fa52a0a115,zraR->yjjY,shared_complete_observation_shared_scores,maximum,prefix,complete,0,5000,0.6,0.0,instrument_error,2151398048,921666314,2151398048,zraR,yjjY,False,identifiable,alpA|basR|btsR|glaR|glrR|nsrR|ptrR|rcdA,5000,0.3727517274679049,0.009741347938790008,1.4183623050105507,38.26490233282902,0.40984165327841726,5636,,,,[],0,,False,True,
csd-20260805_174708,paired_hierarchical,1,0,0,948c69fa52a0a115,zraR->yrdD,shared_complete_observation_shared_scores,maximum,prefix,complete,0,5000,0.6,0.0,instrument_error,2151398048,921666314,2151398048,zraR,yrdD,False,identifiable,alpA|basR|btsR|glaR|glrR|nsrR|ptrR|rcdA,5000,0.3349762096300939,0.009293242327321682,1.2908732257286035,36.04513880427717,0.2638471886804952,5636,,,,[],0,,False,True,
csd-20260805_174708,paired_hierarchical,1,0,0,948c69fa52a0a115,fliA->flgK,shared_complete_observation_shared_scores,maximum,prefix,complete,0,5000,0.6,0.0,instrument_error,2151398048,921666314,2151398048,fliA,flgK,False,identifiable,alpA|basR|btsR|glaR|glrR|nsrR|ptrR|rcdA,5000,0.16272217380178883,0.005374188628742784,1.1235189577689229,30.27846341892458,0.17020118440427076,5636,,,,[],0,,False,True,
csd-20260805_174708,paired_hierarchical,1,0,0,948c69fa52a0a115,fliA->flgL,shared_complete_observation_shared_scores,maximum,prefix,complete,0,5000,0.6,0.0,instrument_error,2151398048,921666314,2151398048,fliA,flgL,False,identifiable,alpA|basR|btsR|glaR|glrR|nsrR|ptrR|rcdA,5000,0.5511487572864093,0.006075502900541622,1.4358830161920204,90.71656557636986,0.6023209177928293,5636,,,,[],0,,False,True,
csd-20260805_174708,paired_hierarchical,1,0,0,948c69fa52a0a115,fliA->ispE,shared_complete_observation_shared_scores,maximum,prefix,complete,0,5000,0.6,0.0,instrument_error,2151398048,921666314,2151398048,fliA,ispE,False,identifiable,alpA|basR|btsR|glaR|glrR|nsrR|ptrR|rcdA,5000,0.710154897367451,0.005876756171668645,1.3434760778782835,120.84130711276553,0.7690892207721678,5636,,,,[],0,,False,True,
csd-20260805_174708,paired_hierarchical,1,0,0,948c69fa52a0a115,fliA->lolB,shared_complete_observation_shared_scores,maximum,prefix,complete,0,5000,0.6,0.0,instrument_error,2151398048,921666314,2151398048,fliA,lolB,False,identifiable,alpA|basR|btsR|glaR|glrR|nsrR|ptrR|rcdA,5000,0.21436133740921362,0.005093349290281108,1.0091634523407973,42.0865181616835,0.2095188076736379,5636,,,,[],0,,False,True,
csd-20260805_174708,paired_hierarchical,1,0,0,948c69fa52a0a115,fliA->rdcB,shared_complete_observation_shared_scores,maximum,prefix,complete,0,5000,0.6,0.0,instrument_error,2151398048,921666314,2151398048,fliA,rdcB,False,identifiable,alpA|basR|btsR|glaR|glrR|nsrR|ptrR|rcdA,5000,0.7927591515754953,0.00554421800957561,1.1957356898026454,142.988452150744,0.8116854698078413,5636,,,,[],0,,False,True,
csd-20260805_174708,paired_hierarchical,1,0,0,948c69fa52a0a115,fliA->ves,shared_complete_observation_shared_scores,maximum,prefix,complete,0,5000,0.6,0.0,instrument_error,2151398048,921666314,2151398048,fliA,ves,False,identifiable,alpA|basR|btsR|glaR|glrR|nsrR|ptrR|rcdA,5000,0.12498889435822619,0.005416568961979065,1.1413087508722062,23.07528903177828,0.1723794769348005,5636,,,,[],0,,False,True,
csd-20260805_174708,paired_hierarchical,1,0,0,948c69fa52a0a115,fliA->yafW,shared_complete_observation_shared_scores,maximum,prefix,complete,0,5000,0.6,0.0,instrument_error,2151398048,921666314,2151398048,fliA,yafW,False,identifiable,alpA|basR|btsR|glaR|glrR|nsrR|ptrR|rcdA,5000,0.17449448118912314,0.006896266763199772,1.850046732235257,25.30274526505702,0.22666721775040705,5636,,,,[],0,,False,True,
csd-20260805_174708,paired_hierarchical,1,0,0,948c69fa52a0a115,fliA->yafX,shared_complete_observation_shared_scores,maximum,prefix,complete,0,5000,0.6,0.0,instrument_error,2151398048,921666314,2151398048,fliA,yafX,False,identifiable,alpA|basR|btsR|glaR|glrR|nsrR|ptrR|rcdA,5000,0.2664455296927943,0.006648819026096285,1.7196640713011064,40.074113710571574,0.23276826956538987,5636,,,,[],0,,False,True,
csd-20260805_174708,paired_hierarchical,1,0,0,948c69fa52a0a115,fliA->yjcS,shared_complete_observation_shared_scores,maximum,prefix,complete,0,5000,0.6,0.0,instrument_error,2151398048,921666314,2151398048,fliA,yjcS,False,identifiable,alpA|basR|btsR|glaR|glrR|nsrR|ptrR|rcdA,5000,0.14370632153861523,0.00502535034490845,0.9823975755120813,28.5962791995616,0.13695959803382285,5636,,,,[],0,,False,True,
csd-20260805_174708,paired_hierarchical,1,0,0,948c69fa52a0a115,fliA->ykfB,shared_complete_observation_shared_scores,maximum,prefix,complete,0,5000,0.6,0.0,instrument_error,2151398048,921666314,2151398048,fliA,ykfB,False,identifiable,alpA|basR|btsR|glaR|glrR|nsrR|ptrR|rcdA,5000,0.5589492360293715,0.005506699176646903,1.1796068830446504,101.50349930132239,0.5989399714566107,5636,,,,[],0,,False,True,
csd-20260805_174708,paired_hierarchical,1,0,0,948c69fa52a0a115,fliA->ykfF,shared_complete_observation_shared_scores,maximum,prefix,complete,0,5000,0.6,0.0,instrument_error,2151398048,921666314,2151398048,fliA,ykfF,False,identifiable,alpA|basR|btsR|glaR|glrR|nsrR|ptrR|rcdA,5000,0.21101328132798733,0.0050439598680703645,0.9896869382007303,41.8348454086161,0.209093162725478,5636,,,,[],0,,False,True,
csd-20260805_174708,paired_hierarchical,1,0,0,948c69fa52a0a115,fliA->ykfG,shared_complete_observation_shared_scores,maximum,prefix,complete,0,5000,0.6,0.0,instrument_error,2151398048,921666314,2151398048,fliA,ykfG,False,identifiable,alpA|basR|btsR|glaR|glrR|nsrR|ptrR|rcdA,5000,0.3813048389541289,0.006143937839529978,1.4684129970347972,62.06196236244789,0.2946672470898645,5636,,,,[],0,,False,True,
csd-20260805_174708,paired_hierarchical,1,0,0,948c69fa52a0a115,fliA->ykfH,shared_complete_observation_shared_scores,maximum,prefix,complete,0,5000,0.6,0.0,instrument_error,2151398048,921666314,2151398048,fliA,ykfH,False,identifiable,alpA|basR|btsR|glaR|glrR|nsrR|ptrR|rcdA,5000,0.17637340345645447,0.006448518344385068,1.6176124202266517,27.350996622352554,0.15841077016109525,5636,,,,[],0,,False,True,
csd-20260805_174708,paired_hierarchical,1,0,0,948c69fa52a0a115,fliA->ykfI,shared_complete_observation_shared_scores,maximum,prefix,complete,0,5000,0.6,0.0,instrument_error,2151398048,921666314,2151398048,fliA,ykfI,False,identifiable,alpA|basR|btsR|glaR|glrR|nsrR|ptrR|rcdA,5000,0.2778657299442905,0.005212484620080248,1.0569249904157487,53.30773137897769,0.2903229069943335,5636,,,,[],0,,False,True,
csd-20260805_174708,paired_hierarchical,1,0,0,948c69fa52a0a115,hns->ascG,shared_complete_observation_shared_scores,maximum,prefix,complete,0,5000,0.6,0.0,instrument_error,2151398048,921666314,2151398048,hns,ascG,False,identifiable,alpA|basR|btsR|glaR|glrR|nsrR|ptrR|rcdA,5000,-0.15256557815563115,0.012078742037862925,1.5617510163570785,-12.63091617300773,-0.15852033661625184,5636,,,,[],0,,False,True,
csd-20260805_174708,paired_hierarchical,1,0,0,948c69fa52a0a115,hns->dosC,shared_complete_observation_shared_scores,maximum,prefix,complete,0,5000,0.6,0.0,instrument_error,2151398048,921666314,2151398048,hns,dosC,False,identifiable,alpA|basR|btsR|glaR|glrR|nsrR|ptrR|rcdA,5000,-0.11476608062758775,0.01066210968033871,1.2168993979757512,-10.763918592886009,-0.317867474680063,5636,,,,[],0,,False,True,
csd-20260805_174708,paired_hierarchical,1,0,0,948c69fa52a0a115,hns->glvC,shared_complete_observation_shared_scores,maximum,prefix,complete,0,5000,0.6,0.0,instrument_error,2151398048,921666314,2151398048,hns,glvC,False,identifiable,alpA|basR|btsR|glaR|glrR|nsrR|ptrR|rcdA,5000,-0.2922613144162811,0.010267109366534306,1.128404374513706,-28.465783696520106,-0.1875366589241696,5636,,,,[],0,,False,True,
csd-20260805_174708,paired_hierarchical,1,0,0,948c69fa52a0a115,hns->pdeG,shared_complete_observation_shared_scores,maximum,prefix,complete,0,5000,0.6,0.0,instrument_error,2151398048,921666314,2151398048,hns,pdeG,False,identifiable,alpA|basR|btsR|glaR|glrR|nsrR|ptrR|rcdA,5000,-0.391576928669812,0.01154030055429221,1.425616207396718,-33.93125914074845,-0.28945529814137366,5636,,,,[],0,,False,True,
csd-20260805_174708,paired_hierarchical,1,0,0,948c69fa52a0a115,hns->ttdR,shared_complete_observation_shared_scores,maximum,prefix,complete,0,5000,0.6,0.0,instrument_error,2151398048,921666314,2151398048,hns,ttdR,False,identifiable,alpA|basR|btsR|glaR|glrR|nsrR|ptrR|rcdA,5000,-0.642952631715898,0.011591518950853778,1.4382986865748582,-55.467504685271734,-0.5754687621875907,5636,,,,[],0,,False,True,
csd-20260805_174708,paired_hierarchical,1,0,0,948c69fa52a0a115,hns->ydcC,shared_complete_observation_shared_scores,maximum,prefix,complete,0,5000,0.6,0.0,instrument_error,2151398048,921666314,2151398048,hns,ydcC,False,identifiable,alpA|basR|btsR|glaR|glrR|nsrR|ptrR|rcdA,5000,-0.42056859328867835,0.010071446098109175,1.0858055325886677,-41.75851106105174,-0.43037861816671613,5636,,,,[],0,,False,True,
csd-20260805_174708,paired_hierarchical,1,0,0,948c69fa52a0a115,hns->yjjP,shared_complete_observation_shared_scores,maximum,prefix,complete,0,5000,0.6,0.0,instrument_error,2151398048,921666314,2151398048,hns,yjjP,False,identifiable,alpA|basR|btsR|glaR|glrR|nsrR|ptrR|rcdA,5000,-0.2527058500641288,0.009923956370788212,1.0542365702157277,-25.464224208802886,-0.2219182990119893,5636,,,,[],0,,False,True,
csd-20260805_174708,paired_hierarchical,1,0,0,948c69fa52a0a115,csrA->dgcI,shared_complete_observation_shared_scores,maximum,prefix,complete,0,5000,0.6,0.0,instrument_error,2151398048,921666314,2151398048,csrA,dgcI,False,identifiable,alpA|basR|btsR|glaR|glrR|nsrR|ptrR|rcdA,5000,-0.15584586549926285,0.00937239460518014,1.3706524256754313,-16.628180103847374,-0.1363866817488462,5636,,,,[],0,,False,True,
csd-20260805_174708,paired_hierarchical,1,0,0,948c69fa52a0a115,nhaR->alaT,shared_complete_observation_shared_scores,maximum,prefix,complete,0,5000,0.6,0.0,instrument_error,2151398048,921666314,2151398048,nhaR,alaT,False,identifiable,csrA|dksA|fis|hns|lrp|rpoD|rpoH|rpoS|ydeO,5000,0.1395773085765877,0.010037781083185622,1.6452001242626102,13.90519552278291,0.14261316290846937,5636,,,,[],0,,False,True,
csd-20260805_174708,paired_hierarchical,1,0,0,948c69fa52a0a115,nhaR->alaU,shared_complete_observation_shared_scores,maximum,prefix,complete,0,5000,0.6,0.0,instrument_error,2151398048,921666314,2151398048,nhaR,alaU,False,identifiable,csrA|dksA|fis|hns|lrp|rpoD|rpoH|rpoS|ydeO,5000,-0.26797439455847305,0.007843626750345938,1.004562893179795,-34.16460307046791,-0.2666373659167749,5636,,,,[],0,,False,True,
csd-20260805_174708,paired_hierarchical,1,0,0,948c69fa52a0a115,nhaR->alaV,shared_complete_observation_shared_scores,maximum,prefix,complete,0,5000,0.6,0.0,instrument_error,2151398048,921666314,2151398048,nhaR,alaV,False,identifiable,csrA|dksA|fis|hns|lrp|rpoD|rpoH|rpoS|ydeO,5000,0.16952800746311253,0.007815044218589032,0.9972548873144912,21.6925205694767,0.18219545736820456,5636,,,,[],0,,False,True,
csd-20260805_174708,paired_hierarchical,1,0,0,948c69fa52a0a115,nhaR->gltT,shared_complete_observation_shared_scores,maximum,prefix,complete,0,5000,0.6,0.0,instrument_error,2151398048,921666314,2151398048,nhaR,gltT,False,identifiable,csrA|dksA|fis|hns|lrp|rpoD|rpoH|rpoS|ydeO,5000,0.13387982679333404,0.007791585033097423,0.991276757564874,17.182617686213224,0.12758281483398157,5636,,,,[],0,,False,True,
csd-20260805_174708,paired_hierarchical,1,0,0,948c69fa52a0a115,nhaR->gltU,shared_complete_observation_shared_scores,maximum,prefix,complete,0,5000,0.6,0.0,instrument_error,2151398048,921666314,2151398048,nhaR,gltU,False,identifiable,csrA|dksA|fis|hns|lrp|rpoD|rpoH|rpoS|ydeO,5000,-0.3966515084606056,0.007811359316580501,0.9963146699393745,-50.7788071685126,-0.3880475790880483,5636,,,,[],0,,False,True,
csd-20260805_174708,paired_hierarchical,1,0,0,948c69fa52a0a115,nhaR->gltV,shared_complete_observation_shared_scores,maximum,prefix,complete,0,5000,0.6,0.0,instrument_error,2151398048,921666314,2151398048,nhaR,gltV,False,identifiable,csrA|dksA|fis|hns|lrp|rpoD|rpoH|rpoS|ydeO,5000,-0.15386004488709587,0.008378677746723726,1.1462893794721611,-18.363284701725046,-0.14882626588347037,5636,,,,[],0,,False,True,
csd-20260805_174708,paired_hierarchical,1,0,0,948c69fa52a0a115,nhaR->gltW,shared_complete_observation_shared_scores,maximum,prefix,complete,0,5000,0.6,0.0,instrument_error,2151398048,921666314,2151398048,nhaR,gltW,False,identifiable,csrA|dksA|fis|hns|lrp|rpoD|rpoH|rpoS|ydeO,5000,0.14997169172676977,0.007929662989473164,1.0267217317168367,18.912744706283373,0.14621524553338214,5636,,,,[],0,,False,True,
csd-20260805_174708,paired_hierarchical,1,0,0,948c69fa52a0a115,nhaR->ileT,shared_complete_observation_shared_scores,maximum,prefix,complete,0,5000,0.6,0.0,instrument_error,2151398048,921666314,2151398048,nhaR,ileT,False,identifiable,csrA|dksA|fis|hns|lrp|rpoD|rpoH|rpoS|ydeO,5000,-0.20453650860262373,0.008061771514607729,1.061217161625116,-25.371161689711585,-0.20063969343307844,5636,,,,[],0,,False,True,
csd-20260805_174708,paired_hierarchical,1,0,0,948c69fa52a0a115,nhaR->ileU,shared_complete_observation_shared_scores,maximum,prefix,complete,0,5000,0.6,0.0,instrument_error,2151398048,921666314,2151398048,nhaR,ileU,False,identifiable,csrA|dksA|fis|hns|lrp|rpoD|rpoH|rpoS|ydeO,5000,-0.22226486376475957,0.008305223230923668,1.126278812318812,-26.76205775386971,-0.22223565381078572,5636,,,,[],0,,False,True,
csd-20260805_174708,paired_hierarchical,1,0,0,948c69fa52a0a115,nhaR->ileV,shared_complete_observation_shared_scores,maximum,prefix,complete,0,5000,0.6,0.0,instrument_error,2151398048,921666314,2151398048,nhaR,ileV,False,identifiable,csrA|dksA|fis|hns|lrp|rpoD|rpoH|rpoS|ydeO,5000,0.11388518237398479,0.013076711513022709,2.7921605047278355,8.709007785372485,0.18681179981101342,5636,,,,[],0,,False,True,
csd-20260805_174708,paired_hierarchical,1,0,0,948c69fa52a0a115,nhaR->nhaA,shared_complete_observation_shared_scores,maximum,prefix,complete,0,5000,0.6,0.0,instrument_error,2151398048,921666314,2151398048,nhaR,nhaA,False,identifiable,csrA|hns|rpoD|rpoS|ydeO,5000,0.13620778706359254,0.00972983151655594,1.547363933886251,13.99898722108663,0.13519966144016807,5636,,,,[],0,,False,True,
csd-20260805_174708,paired_hierarchical,1,0,0,948c69fa52a0a115,nhaR->osmC,shared_complete_observation_shared_scores,maximum,prefix,complete,0,5000,0.6,0.0,instrument_error,2151398048,921666314,2151398048,nhaR,osmC,False,identifiable,csrA|hns|lrp|rcsB|rpoD|rpoS|ydeO,5000,0.3342457521858333,0.008246156485760919,1.111275011491692,40.533520405899814,0.33317712450656356,5636,,,,[],0,,False,True,
csd-20260805_174708,paired_hierarchical,1,0,0,948c69fa52a0a115,nhaR->pgaA,shared_complete_observation_shared_scores,maximum,prefix,complete,0,5000,0.6,0.0,instrument_error,2151398048,921666314,2151398048,nhaR,pgaA,False,identifiable,csrA|hns|nac|ompR|rpoD|rpoS|ydeO,5000,0.5729402417246809,0.009757252484569915,1.5529501343538796,58.71942359088551,0.5762366447233503,5636,,,,[],0,,False,True,
csd-20260805_174708,paired_hierarchical,1,0,0,948c69fa52a0a115,nhaR->pgaB,shared_complete_observation_shared_scores,maximum,prefix,complete,0,5000,0.6,0.0,instrument_error,2151398048,921666314,2151398048,nhaR,pgaB,False,identifiable,csrA|hns|ompR|rpoD|rpoS|ydeO,5000,0.19729855617335462,0.009437485669568282,1.455740698002076,20.905839021250674,0.1963671841824852,5636,,,,[],0,,False,True,
csd-20260805_174708,paired_hierarchical,1,0,0,948c69fa52a0a115,nhaR->pgaC,shared_complete_observation_shared_scores,maximum,prefix,complete,0,5000,0.6,0.0,instrument_error,2151398048,921666314,2151398048,nhaR,pgaC,False,identifiable,csrA|hns|ompR|rpoD|rpoS|ydeO,5000,0.14898452799386047,0.0077603196631779656,0.9843071402411919,19.198246265650493,0.1406270782646984,5636,,,,[],0,,False,True,
csd-20260805_174708,paired_hierarchical,1,0,0,948c69fa52a0a115,nhaR->pgaD,shared_complete_observation_shared_scores,maximum,prefix,complete,0,5000,0.6,0.0,instrument_error,2151398048,921666314,2151398048,nhaR,pgaD,False,identifiable,csrA|hns|ompR|rpoD|rpoS|ydeO,5000,0.3843533488003663,0.008605039919177023,1.2102558542965516,44.66607388349286,0.3792212218727013,5636,,,,[],0,,False,True,
csd-20260805_174708,paired_hierarchical,1,0,0,948c69fa52a0a115,nhaR->rmf,shared_complete_observation_shared_scores,maximum,prefix,complete,0,5000,0.6,0.0,instrument_error,2151398048,921666314,2151398048,nhaR,rmf,False,identifiable,arcA|crp|csrA|cueR|fur|hns|kdpE|mcbR|phoP|rcdA|rpoD|rpoS|sdiA|slyA|ydeO|zntR|zraR,5000,-0.3024651300796234,0.007860977433695283,1.0075741582634552,-38.47678391533568,-0.30187331213187324,5636,,,,[],0,,False,True,
csd-20260805_174708,paired_hierarchical,1,0,0,948c69fa52a0a115,nhaR->rrfA,shared_complete_observation_shared_scores,maximum,prefix,complete,0,5000,0.6,0.0,instrument_error,2151398048,921666314,2151398048,nhaR,rrfA,False,identifiable,csrA|dksA|fis|hns|lrp|rpoD|rpoH|rpoS|ydeO,5000,0.11705087551728277,0.007715637549608027,0.9720462519608783,15.170603176302553,0.10969936761967063,5636,,,,[],0,,False,True,
csd-20260805_174708,paired_hierarchical,1,0,0,948c69fa52a0a115,nhaR->rrfB,shared_complete_observation_shared_scores,maximum,prefix,complete,0,5000,0.6,0.0,instrument_error,2151398048,921666314,2151398048,nhaR,rrfB,False,identifiable,csrA|dksA|fis|hns|lrp|rpoD|rpoH|rpoS|ydeO,5000,0.20114804034350445,0.007919232331295444,1.0240224140046574,25.399941803525827,0.2053504924587117,5636,,,,[],0,,False,True,
csd-20260805_174708,paired_hierarchical,1,0,0,948c69fa52a0a115,nhaR->rrfC,shared_complete_observation_shared_scores,maximum,prefix,complete,0,5000,0.6,0.0,instrument_error,2151398048,921666314,2151398048,nhaR,rrfC,False,identifiable,csrA|dksA|fis|hns|lrp|rpoD|rpoH|rpoS|ydeO,5000,-0.20754824601320288,0.008375746056657462,1.1454873490422028,-24.77967271324244,-0.21315332134097656,5636,,,,[],0,,False,True,
csd-20260805_174708,paired_hierarchical,1,0,0,948c69fa52a0a115,nhaR->rrfD,shared_complete_observation_shared_scores,maximum,prefix,complete,0,5000,0.6,0.0,instrument_error,2151398048,921666314,2151398048,nhaR,rrfD,False,identifiable,csrA|dksA|fis|hns|lrp|rpoD|rpoH|rpoS|ydeO,5000,-0.13333855933511815,0.008966095947848276,1.3126533706441883,-14.87141785127978,-0.12417167988707394,5636,,,,[],0,,False,True,
csd-20260805_174708,paired_hierarchical,1,0,0,948c69fa52a0a115,nhaR->rrfE,shared_complete_observation_shared_scores,maximum,prefix,complete,0,5000,0.6,0.0,instrument_error,2151398048,921666314,2151398048,nhaR,rrfE,False,identifiable,csrA|dksA|fis|hns|lrp|rpoD|rpoH|rpoS|ydeO,5000,-0.17124259889547672,0.00784180531812857,1.0040963919485455,-21.837139784585137,-0.1675788898787997,5636,,,,[],0,,False,True,
csd-20260805_174708,paired_hierarchical,1,0,0,948c69fa52a0a115,nhaR->rrfF,shared_complete_observation_shared_scores,maximum,prefix,complete,0,5000,0.6,0.0,instrument_error,2151398048,921666314,2151398048,nhaR,rrfF,False,identifiable,csrA|dksA|fis|hns|lrp|rpoD|rpoH|rpoS|ydeO,5000,-0.3484021786532556,0.008025415912879386,1.0516673511461363,-43.41235176287016,-0.3522906376019571,5636,,,,[],0,,False,True,
csd-20260805_174708,paired_hierarchical,1,0,0,948c69fa52a0a115,nhaR->rrfG,shared_complete_observation_shared_scores,maximum,prefix,complete,0,5000,0.6,0.0,instrument_error,2151398048,921666314,2151398048,nhaR,rrfG,False,identifiable,csrA|dksA|fis|hns|lrp|rpoD|rpoH|rpoS|ydeO,5000,0.2923944693198486,0.009687891517413576,1.5325047458985857,30.18143512386383,0.28132919378717774,5636,,,,[],0,,False,True,
csd-20260805_174708,paired_hierarchical,1,0,0,948c69fa52a0a115,nhaR->rrfH,shared_complete_observation_shared_scores,maximum,prefix,complete,0,5000,0.6,0.0,instrument_error,2151398048,921666314,2151398048,nhaR,rrfH,False,identifiable,csrA|dksA|fis|hns|lrp|rpoD|rpoH|rpoS|ydeO,5000,0.3183328331033639,0.010523284244514979,1.8081976339220316,30.250331142512625,0.30354130559641807,5636,,,,[],0,,False,True,
csd-20260805_174708,paired_hierarchical,1,0,0,948c69fa52a0a115,nhaR->rrlA,shared_complete_observation_shared_scores,maximum,prefix,complete,0,5000,0.6,0.0,instrument_error,2151398048,921666314,2151398048,nhaR,rrlA,False,identifiable,csrA|dksA|fis|hns|lrp|rpoD|rpoH|rpoS|ydeO,5000,0.1949896370955067,0.007765267079273283,0.9845915154896323,25.110486877645798,0.19862204209863915,5636,,,,[],0,,False,True,
csd-20260805_174708,paired_hierarchical,1,0,0,948c69fa52a0a115,nhaR->rrlB,shared_complete_observation_shared_scores,maximum,prefix,complete,0,5000,0.6,0.0,instrument_error,2151398048,921666314,2151398048,nhaR,rrlB,False,identifiable,csrA|dksA|fis|hns|lrp|rpoD|rpoH|rpoS|ydeO,5000,0.435586266695773,0.007820284833537331,0.9985928147853134,55.69953984639525,0.4336812890097631,5636,,,,[],0,,False,True,
csd-20260805_174708,paired_hierarchical,1,0,0,948c69fa52a0a115,nhaR->rrlC,shared_complete_observation_shared_scores,maximum,prefix,complete,0,5000,0.6,0.0,instrument_error,2151398048,921666314,2151398048,nhaR,rrlC,False,identifiable,csrA|dksA|fis|hns|lrp|rpoD|rpoH|rpoS|ydeO,5000,-0.26624421057919206,0.008061277899409941,1.0610872108118816,-33.02754400746813,-0.2692128451268061,5636,,,,[],0,,False,True,
csd-20260805_174708,paired_hierarchical,1,0,0,948c69fa52a0a115,nhaR->rrlD,shared_complete_observation_shared_scores,maximum,prefix,complete,0,5000,0.6,0.0,instrument_error,2151398048,921666314,2151398048,nhaR,rrlD,False,identifiable,csrA|dksA|fis|hns|lrp|rpoD|rpoH|rpoS|ydeO,5000,-0.24582330408524852,0.00770618308675223,0.9696654909491562,-31.899489191717443,-0.2514299175792095,5636,,,,[],0,,False,True,
csd-20260805_174708,paired_hierarchical,1,0,0,948c69fa52a0a115,nhaR->rrlE,shared_complete_observation_shared_scores,maximum,prefix,complete,0,5000,0.6,0.0,instrument_error,2151398048,921666314,2151398048,nhaR,rrlE,False,identifiable,csrA|dksA|fis|hns|lrp|rpoD|rpoH|rpoS|ydeO,5000,-0.10646291963150249,0.008839052399521834,1.2757180812973516,-12.04460781760518,-0.09490255644866902,5636,,,,[],0,,False,True,
csd-20260805_174708,paired_hierarchical,1,0,0,948c69fa52a0a115,nhaR->rrlG,shared_complete_observation_shared_scores,maximum,prefix,complete,0,5000,0.6,0.0,instrument_error,2151398048,921666314,2151398048,nhaR,rrlG,False,identifiable,csrA|dksA|fis|hns|lrp|rpoD|rpoH|rpoS|ydeO,5000,0.14843202266078495,0.007842162817479159,1.0041879453538827,18.9274344483067,0.14679143017629645,5636,,,,[],0,,False,True,
csd-20260805_174708,paired_hierarchical,1,0,0,948c69fa52a0a115,nhaR->rrlH,shared_complete_observation_shared_scores,maximum,prefix,complete,0,5000,0.6,0.0,instrument_error,2151398048,921666314,2151398048,nhaR,rrlH,False,identifiable,csrA|dksA|fis|hns|lrp|rpoD|rpoH|rpoS|ydeO,5000,0.09989598279634537,0.00902069166467109,1.3286878725316158,11.074093485267989,0.11989900864047628,5636,,,,[],0,,False,True,
csd-20260805_174708,paired_hierarchical,1,0,0,948c69fa52a0a115,nhaR->rrsA,shared_complete_observation_shared_scores,maximum,prefix,complete,0,5000,0.6,0.0,instrument_error,2151398048,921666314,2151398048,nhaR,rrsA,False,identifiable,csrA|dksA|fis|hns|lrp|rpoD|rpoH|rpoS|ydeO,5000,0.09299801732795436,0.010102776185577204,1.6665745969393213,9.205194257467467,0.08900035702435243,5636,,,,[],0,,False,True,
csd-20260805_174708,paired_hierarchical,1,0,0,948c69fa52a0a115,nhaR->rrsB,shared_complete_observation_shared_scores,maximum,prefix,complete,0,5000,0.6,0.0,instrument_error,2151398048,921666314,2151398048,nhaR,rrsB,False,identifiable,csrA|dksA|fis|hns|lrp|rpoD|rpoH|rpoS|ydeO,5000,0.12092676422508562,0.00911711713498662,1.3572453524003014,13.26370632675469,0.11761378541266578,5636,,,,[],0,,False,True,
csd-20260805_174708,paired_hierarchical,1,0,0,948c69fa52a0a115,nhaR->rrsC,shared_complete_observation_shared_scores,maximum,prefix,complete,0,5000,0.6,0.0,instrument_error,2151398048,921666314,2151398048,nhaR,rrsC,False,identifiable,csrA|dksA|fis|hns|lrp|rpoD|rpoH|rpoS|ydeO,5000,-0.09422563872602609,0.007982290234638681,1.0403951602307244,-11.804336344115809,-0.09009769305449579,5636,,,,[],0,,False,True,
csd-20260805_174708,paired_hierarchical,1,0,0,948c69fa52a0a115,nhaR->rrsD,shared_complete_observation_shared_scores,maximum,prefix,complete,0,5000,0.6,0.0,instrument_error,2151398048,921666314,2151398048,nhaR,rrsD,False,identifiable,csrA|dksA|fis|hns|lrp|rpoD|rpoH|rpoS|ydeO,5000,-0.09676492464907245,0.008222043074571257,1.1038315153890486,-11.768963476771654,-0.11074360874883435,5636,,,,[],0,,False,True,
csd-20260805_174708,paired_hierarchical,1,0,0,948c69fa52a0a115,nhaR->rrsE,shared_complete_observation_shared_scores,maximum,prefix,complete,0,5000,0.6,0.0,instrument_error,2151398048,921666314,2151398048,nhaR,rrsE,False,identifiable,csrA|dksA|fis|hns|lrp|rpoD|rpoH|rpoS|ydeO,5000,-0.10242654595832826,0.008579559467487612,1.2019136616976795,-11.938438837853553,-0.10387172133793669,5636,,,,[],0,,False,True,
csd-20260805_174708,paired_hierarchical,1,0,0,948c69fa52a0a115,nhaR->rrsG,shared_complete_observation_shared_scores,maximum,prefix,complete,0,5000,0.6,0.0,instrument_error,2151398048,921666314,2151398048,nhaR,rrsG,False,identifiable,csrA|dksA|fis|hns|lrp|rpoD|rpoH|rpoS|ydeO,5000,0.20842894859340388,0.008309234663987185,1.1273670631794315,25.08401279082294,0.2165708821461751,5636,,,,[],0,,False,True,
csd-20260805_174708,paired_hierarchical,1,0,0,948c69fa52a0a115,nhaR->rrsH,shared_complete_observation_shared_scores,maximum,prefix,complete,0,5000,0.6,0.0,instrument_error,2151398048,921666314,2151398048,nhaR,rrsH,False,identifiable,csrA|dksA|fis|hns|lrp|rpoD|rpoH|rpoS|ydeO,5000,0.36079515882739543,0.007821726063401327,0.9989609175936501,46.127306927251475,0.34363136078120743,5636,,,,[],0,,False,True,
csd-20260805_174708,paired_hierarchical,1,0,0,948c69fa52a0a115,nhaR->rsd,shared_complete_observation_shared_scores,maximum,prefix,complete,0,5000,0.6,0.0,instrument_error,2151398048,921666314,2151398048,nhaR,rsd,False,identifiable,arcA|csrA|cueR|fur|hns|kdpE|lrp|mcbR|nac|phoP|rcdA|rpoD|rpoS|sdiA|slyA|ydeO|zntR,5000,-0.1365160817316578,0.008607187816462808,1.2056132600429113,-15.860706730547466,-0.13639429990246663,5636,,,,[],0,,False,True,
csd-20260805_174708,paired_hierarchical,1,0,0,948c69fa52a0a115,nhaR->thrV,shared_complete_observation_shared_scores,maximum,prefix,complete,0,5000,0.6,0.0,instrument_error,2151398048,921666314,2151398048,nhaR,thrV,False,identifiable,csrA|dksA|fis|hns|lrp|rpoD|rpoH|rpoS|ydeO,5000,-0.2332920134581848,0.008319092206230401,1.1300435215570876,-28.0429652268388,-0.22944675539786383,5636,,,,[],0,,False,True,
csd-20260805_174708,paired_hierarchical,1,0,0,948c69fa52a0a115,cueR->copA,shared_complete_observation_shared_scores,maximum,prefix,complete,0,5000,0.6,0.0,instrument_error,2151398048,921666314,2151398048,cueR,copA,False,identifiable,ompR|rpoD,5000,0.07953920468324091,0.011017835510960602,1.1394938981442368,7.219131616560701,0.10669552161547582,5636,,,,[],0,,False,True,
csd-20260805_174708,paired_hierarchical,1,0,0,948c69fa52a0a115,cueR->cueO,shared_complete_observation_shared_scores,maximum,prefix,complete,0,5000,0.6,0.0,instrument_error,2151398048,921666314,2151398048,cueR,cueO,False,identifiable,,5000,0.9821504485339669,0.011964146260525407,1.3587224878986393,82.09114358410022,0.9686927148561317,5636,,,,[],0,,False,True,
csd-20260805_174708,paired_hierarchical,1,0,0,948c69fa52a0a115,cueR->moaA,shared_complete_observation_shared_scores,maximum,prefix,complete,0,5000,0.6,0.0,instrument_error,2151398048,921666314,2151398048,cueR,moaA,False,identifiable,csrA|fnr|modE,5000,-0.5195104034962255,0.011901075100322052,1.3372841430296258,-43.65239267183241,-0.5122414623387156,5636,,,,[],0,,False,True,
csd-20260805_174708,paired_hierarchical,1,0,0,948c69fa52a0a115,cueR->moaB,shared_complete_observation_shared_scores,maximum,prefix,complete,0,5000,0.6,0.0,instrument_error,2151398048,921666314,2151398048,cueR,moaB,False,identifiable,csrA|fnr|modE,5000,-0.16426811255150908,0.011684652056979484,1.2890889112210933,-14.058451355715667,-0.15327989546708234,5636,,,,[],0,,False,True,
csd-20260805_174708,paired_hierarchical,1,0,0,948c69fa52a0a115,cueR->moaC,shared_complete_observation_shared_scores,maximum,prefix,complete,0,5000,0.6,0.0,instrument_error,2151398048,921666314,2151398048,cueR,moaC,False,identifiable,csrA|fnr|modE,5000,-0.20921394748619992,0.011697601048886449,1.2919476443866866,-17.88520112900551,-0.21338084893594386,5636,,,,[],0,,False,True,
csd-20260805_174708,paired_hierarchical,1,0,0,948c69fa52a0a115,cueR->moaD,shared_complete_observation_shared_scores,maximum,prefix,complete,0,5000,0.6,0.0,instrument_error,2151398048,921666314,2151398048,cueR,moaD,False,identifiable,csrA|fnr|modE,5000,-0.1861532972146211,0.01314911765653952,1.6324674336216063,-14.157094192707332,-0.24636013349478542,5636,,,,[],0,,False,True,
csd-20260805_174708,paired_hierarchical,1,0,0,948c69fa52a0a115,cueR->moaE,shared_complete_observation_shared_scores,maximum,prefix,complete,0,5000,0.6,0.0,instrument_error,2151398048,921666314,2151398048,cueR,moaE,False,identifiable,csrA|fnr|modE,5000,-0.4490131343035287,0.01039453508553571,1.0201439126310705,-43.197038694721726,-0.44442204335054936,5636,,,,[],0,,False,True,
csd-20260805_174708,paired_hierarchical,1,0,0,948c69fa52a0a115,cueR->rmf,shared_complete_observation_shared_scores,maximum,prefix,complete,0,5000,0.6,0.0,instrument_error,2151398048,921666314,2151398048,cueR,rmf,False,identifiable,arcA|crp|fur|kdpE|mcbR|nhaR|phoP|rcdA|sdiA|slyA|zntR|zraR,5000,-0.3667362834407371,0.010441488384482526,1.0072752067612911,-35.12298916941354,-0.3592438730432345,5636,,,,[],0,,False,True,
csd-20260805_174708,paired_hierarchical,1,0,0,948c69fa52a0a115,cueR->rsd,shared_complete_observation_shared_scores,maximum,prefix,complete,0,5000,0.6,0.0,instrument_error,2151398048,921666314,2151398048,cueR,rsd,False,identifiable,arcA|fur|kdpE|lrp|mcbR|nac|nhaR|phoP|rcdA|rpoD|rpoS|sdiA|slyA|zntR,5000,-0.29365813407189556,0.012235871457065263,1.2060866702302384,-23.999772725818467,-0.2790012077259851,5636,,,,[],0,,False,True,
csd-20260805_174708,paired_hierarchical,1,0,0,948c69fa52a0a115,cusR->cusA,shared_complete_observation_shared_scores,maximum,prefix,complete,0,5000,0.6,0.0,instrument_error,2151398048,921666314,2151398048,cusR,cusA,False,identifiable,hprR|phoB|rpoD|yieP,5000,0.3610491472513619,0.011596346133675857,1.0136939486278866,31.134733569470907,0.3523035534682537,5636,,,,[],0,,False,True,
csd-20260805_174708,paired_hierarchical,1,0,0,948c69fa52a0a115,cusR->cusB,shared_complete_observation_shared_scores,maximum,prefix,complete,0,5000,0.6,0.0,instrument_error,2151398048,921666314,2151398048,cusR,cusB,False,identifiable,hprR|phoB|rpoD,5000,0.20441115528556236,0.012711223622960175,1.2179931518680618,16.081154839911417,0.18804186806493337,5636,,,,[],0,,False,True,
csd-20260805_174708,paired_hierarchical,1,0,0,948c69fa52a0a115,cusR->cusC,shared_complete_observation_shared_scores,maximum,prefix,complete,0,5000,0.6,0.0,instrument_error,2151398048,921666314,2151398048,cusR,cusC,False,identifiable,fur|hprR|phoB|rpoD,5000,0.19004264763494155,0.012578897608117735,1.192495679854958,15.10805267325639,0.20944418490586098,5636,,,,[],0,,False,True,
csd-20260805_174708,paired_hierarchical,1,0,0,948c69fa52a0a115,cusR->cusF,shared_complete_observation_shared_scores,maximum,prefix,complete,0,5000,0.6,0.0,instrument_error,2151398048,921666314,2151398048,cusR,cusF,False,identifiable,hprR|phoB|rpoD|yciT,5000,0.13124704518184552,0.012338387826784012,1.1475547506879187,10.637292896316335,0.14984403498935145,5636,,,,[],0,,False,True,
csd-20260805_174708,paired_hierarchical,1,0,0,948c69fa52a0a115,cusR->cusS,shared_complete_observation_shared_scores,maximum,prefix,complete,0,5000,0.6,0.0,instrument_error,2151398048,921666314,2151398048,cusR,cusS,False,identifiable,hprR|phoB|rpoD,5000,0.5511717721606614,0.014916560127236743,1.677287437904638,36.95032684876554,0.582713669614109,5636,,,,[],0,,False,True,
csd-20260805_174708,paired_hierarchical,1,0,0,948c69fa52a0a115,cusR->cyoA,shared_complete_observation_shared_scores,maximum,prefix,complete,0,5000,0.6,0.0,instrument_error,2151398048,921666314,2151398048,cusR,cyoA,False,identifiable,arcA|cra|crp|fis|fnr|fur|gadE|hprR|pdhR|phoB|rpoD,5000,0.9373071566575315,0.014895661062659412,1.6591010162024147,62.92484453792939,0.9072511097642502,5636,,,,[],0,,False,True,
csd-20260805_174708,paired_hierarchical,1,0,0,948c69fa52a0a115,cusR->cyoB,shared_complete_observation_shared_scores,maximum,prefix,complete,0,5000,0.6,0.0,instrument_error,2151398048,921666314,2151398048,cusR,cyoB,False,identifiable,arcA|cra|crp|fis|fnr|fur|gadE|hprR|pdhR|phoB|rpoD,5000,0.5158115285521478,0.015601316427461757,1.8200183071669767,33.06205158714721,0.4840596942051797,5636,,,,[],0,,False,True,
csd-20260805_174708,paired_hierarchical,1,0,0,948c69fa52a0a115,cusR->cyoC,shared_complete_observation_shared_scores,maximum,prefix,complete,0,5000,0.6,0.0,instrument_error,2151398048,921666314,2151398048,cusR,cyoC,False,identifiable,arcA|cra|crp|fis|fnr|fur|gadE|hprR|pdhR|phoB|rpoD,5000,0.21960246931816246,0.01489697142185719,1.6593929285775404,14.741417104147526,0.21269048001655147,5636,,,,[],0,,False,True,
csd-20260805_174708,paired_hierarchical,1,0,0,948c69fa52a0a115,cusR->cyoD,shared_complete_observation_shared_scores,maximum,prefix,complete,0,5000,0.6,0.0,instrument_error,2151398048,921666314,2151398048,cusR,cyoD,False,identifiable,arcA|cra|crp|fis|fnr|fur|gadE|hprR|pdhR|phoB|rpoD,5000,0.42281405471086797,0.012432332856313363,1.1557356881355698,34.00922896752683,0.420601087259971,5636,,,,[],0,,False,True,
csd-20260805_174708,paired_hierarchical,1,0,0,948c69fa52a0a115,cusR->cyoE,shared_complete_observation_shared_scores,maximum,prefix,complete,0,5000,0.6,0.0,instrument_error,2151398048,921666314,2151398048,cusR,cyoE,False,identifiable,arcA|cra|crp|fis|fnr|fur|gadE|hprR|pdhR|phoB|rpoD,5000,0.30930959743948766,0.014985769436063417,1.6792345403658813,20.640221295219632,0.3125198032993806,5636,,,,[],0,,False,True,
csd-20260805_174708,paired_hierarchical,1,0,0,948c69fa52a0a115,cusR->hiuH,shared_complete_observation_shared_scores,maximum,prefix,complete,0,5000,0.6,0.0,instrument_error,2151398048,921666314,2151398048,cusR,hiuH,False,identifiable,hprR|phoB|rpoD,5000,0.11193675368363476,0.012490565371561024,1.1760731134904034,8.961704322727973,0.1141228658882779,5636,,,,[],0,,False,True,
csd-20260805_174708,paired_hierarchical,1,0,0,948c69fa52a0a115,cusR->msrP,shared_complete_observation_shared_scores,maximum,prefix,complete,0,5000,0.6,0.0,instrument_error,2151398048,921666314,2151398048,cusR,msrP,False,identifiable,hprR|phoB|rpoD,5000,0.4737671725217576,0.013516579855688484,1.3772213839690168,35.05081740943302,0.30855080368399085,5636,,,,[],0,,False,True,
csd-20260805_174708,paired_hierarchical,1,0,0,948c69fa52a0a115,cusR->msrQ,shared_complete_observation_shared_scores,maximum,prefix,complete,0,5000,0.6,0.0,instrument_error,2151398048,921666314,2151398048,cusR,msrQ,False,identifiable,hprR|phoB|rpoD,5000,0.5002844897602249,0.011463220847541353,0.9905660683130693,43.64257623698549,0.492244960987508,5636,,,,[],0,,False,True,
csd-20260805_174708,paired_hierarchical,1,0,0,948c69fa52a0a115,cynR->cynS,shared_complete_observation_shared_scores,maximum,prefix,complete,0,5000,0.6,0.0,instrument_error,2151398048,921666314,2151398048,cynR,cynS,False,identifiable,nac|rpoD,5000,0.3222258706899415,0.01960165248101597,1.2425200863775128,16.438709491560186,0.3276832840073283,5636,,,,[],0,,False,True,
csd-20260805_174708,paired_hierarchical,1,0,0,948c69fa52a0a115,cynR->cynT,shared_complete_observation_shared_scores,maximum,prefix,complete,0,5000,0.6,0.0,instrument_error,2151398048,921666314,2151398048,cynR,cynT,False,identifiable,nac|rpoD,5000,0.1840654392727643,0.017849382335717093,1.030301737378341,10.312146146617321,0.17510888186176166,5636,,,,[],0,,False,True,
csd-20260805_174708,paired_hierarchical,1,0,0,948c69fa52a0a115,cynR->cynX,shared_complete_observation_shared_scores,maximum,prefix,complete,0,5000,0.6,0.0,instrument_error,2151398048,921666314,2151398048,cynR,cynX,False,identifiable,nac|rpoD,5000,0.22774044400348262,0.01924838749651966,1.1981377551665908,11.83166351179603,0.21145425028076317,5636,,,,[],0,,False,True,
csd-20260805_174708,paired_hierarchical,1,0,0,948c69fa52a0a115,cysB->ariR,shared_complete_observation_shared_scores,maximum,prefix,complete,0,5000,0.6,0.0,instrument_error,2151398048,921666314,2151398048,cysB,ariR,False,identifiable,bluR|lrp|marA|phoP|rpoD|rpoS,5000,0.19991746605609229,0.018032878321995176,1.0865684954136443,11.086275994678436,0.185975668087698,5636,,,,[],0,,False,True,
csd-20260805_174708,paired_hierarchical,1,0,0,948c69fa52a0a115,cysB->cbl,shared_complete_observation_shared_scores,maximum,prefix,complete,0,5000,0.6,0.0,instrument_error,2151398048,921666314,2151398048,cysB,cbl,False,identifiable,cpxR|glnG|lrp|phoP|rpoD,5000,0.16021232293635712,0.021008829355678826,1.473021842510912,7.625951937824211,0.15860042207892291,5636,,,,[],0,,False,True,
csd-20260805_174708,paired_hierarchical,1,0,0,948c69fa52a0a115,cysB->cysA,shared_complete_observation_shared_scores,maximum,prefix,complete,0,5000,0.6,0.0,instrument_error,2151398048,921666314,2151398048,cysB,cysA,False,identifiable,hns|lrp|phoP|rpoD,5000,0.40835028923740285,0.01937905092358113,1.2563944760400958,21.071738283143034,0.38903265784571445,5636,,,,[],0,,False,True,
csd-20260805_174708,paired_hierarchical,1,0,0,948c69fa52a0a115,cysB->cysC,shared_complete_observation_shared_scores,maximum,prefix,complete,0,5000,0.6,0.0,instrument_error,2151398048,921666314,2151398048,cysB,cysC,False,identifiable,lrp|phoP|rpoD,5000,0.628690471274603,0.017117588413366518,0.9802757237187572,36.72774786334276,0.6092795234562749,5636,,,,[],0,,False,True,
csd-20260805_174708,paired_hierarchical,1,0,0,948c69fa52a0a115,cysB->cysD,shared_complete_observation_shared_scores,maximum,prefix,complete,0,5000,0.6,0.0,instrument_error,2151398048,921666314,2151398048,cysB,cysD,False,identifiable,lrp|phoP|rpoD,5000,0.1587671516527583,0.017329480199248067,1.004694813947947,9.161679971200016,0.17538295445383745,5636,,,,[],0,,False,True,
csd-20260805_174708,paired_hierarchical,1,0,0,948c69fa52a0a115,cysB->cysH,shared_complete_observation_shared_scores,maximum,prefix,complete,0,5000,0.6,0.0,instrument_error,2151398048,921666314,2151398048,cysB,cysH,False,identifiable,hypT|ihfA|ihfB|lrp|phoP|rpoD,5000,0.17267687850509272,0.018177287873573863,1.1030026439069345,9.499595303000637,0.19519687901921648,5636,,,,[],0,,False,True,
csd-20260805_174708,paired_hierarchical,1,0,0,948c69fa52a0a115,cysB->cysI,shared_complete_observation_shared_scores,maximum,prefix,complete,0,5000,0.6,0.0,instrument_error,2151398048,921666314,2151398048,cysB,cysI,False,identifiable,ihfA|ihfB|lrp|phoP|rpoD,5000,0.22809175938736642,0.023620700842892826,1.863137829375259,9.656434874835494,0.25900919368269965,5636,,,,[],0,,False,True,
csd-20260805_174708,paired_hierarchical,1,0,0,948c69fa52a0a115,cysB->cysJ,shared_complete_observation_shared_scores,maximum,prefix,complete,0,5000,0.6,0.0,instrument_error,2151398048,921666314,2151398048,cysB,cysJ,False,identifiable,ihfA|ihfB|lrp|nac|phoP|rpoD|yafC|yeiE,5000,0.27449919773817233,0.01757964850331374,1.0171957279222132,15.614601036330708,0.2655682016202856,5636,,,,[],0,,False,True,
csd-20260805_174708,paired_hierarchical,1,0,0,948c69fa52a0a115,cysB->cysK,shared_complete_observation_shared_scores,maximum,prefix,complete,0,5000,0.6,0.0,instrument_error,2151398048,921666314,2151398048,cysB,cysK,False,identifiable,lrp|phoP|rpoD,5000,0.23813855626945446,0.01832264391628218,1.1231541633649513,12.996953788848982,0.21071170673890702,5636,,,,[],0,,False,True,
csd-20260805_174708,paired_hierarchical,1,0,0,948c69fa52a0a115,cysB->cysM,shared_complete_observation_shared_scores,maximum,prefix,complete,0,5000,0.6,0.0,instrument_error,2151398048,921666314,2151398048,cysB,cysM,False,identifiable,hns|lrp|phoP|rpoD,5000,0.5793103509447123,0.01841283281555561,1.134232873096308,31.46231526391185,0.5771711014423376,5636,,,,[],0,,False,True,
csd-20260805_174708,paired_hierarchical,1,0,0,948c69fa52a0a115,cysB->cysN,shared_complete_observation_shared_scores,maximum,prefix,complete,0,5000,0.6,0.0,instrument_error,2151398048,921666314,2151398048,cysB,cysN,False,identifiable,glaR|lrp|phoP|rpoD,5000,0.3281363129267445,0.020997703038343297,1.4746672575942559,15.627248005533952,0.2731652820361783,5636,,,,[],0,,False,True,
csd-20260805_174708,paired_hierarchical,1,0,0,948c69fa52a0a115,cysB->cysP,shared_complete_observation_shared_scores,maximum,prefix,complete,0,5000,0.6,0.0,instrument_error,2151398048,921666314,2151398048,cysB,cysP,False,identifiable,hns|lrp|phoP|rpoD,5000,0.15700085733600416,0.020923196797256,1.4645934590291578,7.503674455549462,0.14934291928980273,5636,,,,[],0,,False,True,
csd-20260805_174708,paired_hierarchical,1,0,0,948c69fa52a0a115,cysB->cysU,shared_complete_observation_shared_scores,maximum,prefix,complete,0,5000,0.6,0.0,instrument_error,2151398048,921666314,2151398048,cysB,cysU,False,identifiable,hns|lrp|phoP|rpoD,5000,0.23019784758002745,0.017398288252024764,1.0126842467204369,13.231062978465005,0.2362974999431278,5636,,,,[],0,,False,True,
csd-20260805_174708,paired_hierarchical,1,0,0,948c69fa52a0a115,cysB->cysW,shared_complete_observation_shared_scores,maximum,prefix,complete,0,5000,0.6,0.0,instrument_error,2151398048,921666314,2151398048,cysB,cysW,False,identifiable,hns|lrp|phoP|rpoD,5000,0.2920848752496405,0.01768171986696038,1.0459478266032227,16.51903080963425,0.2537743615681877,5636,,,,[],0,,False,True,
csd-20260805_174708,paired_hierarchical,1,0,0,948c69fa52a0a115,cysB->dgcZ,shared_complete_observation_shared_scores,maximum,prefix,complete,0,5000,0.6,0.0,instrument_error,2151398048,921666314,2151398048,cysB,dgcZ,False,identifiable,cpxR|csrA|hns|lrp|phoP|rpoD,5000,0.32632507403634914,0.018949430773675408,1.200194385390067,17.220837814805535,0.2983868762033194,5636,,,,[],0,,False,True,
csd-20260805_174708,paired_hierarchical,1,0,0,948c69fa52a0a115,cysB->hslJ,shared_complete_observation_shared_scores,maximum,prefix,complete,0,5000,0.6,0.0,instrument_error,2151398048,921666314,2151398048,cysB,hslJ,False,identifiable,lrp|phoP|rpoD,5000,-0.12662830869750633,0.020328493113840905,1.382526492314739,-6.229104537575876,-0.11824812127832068,5636,,,,[],0,,False,True,
csd-20260805_174708,paired_hierarchical,1,0,0,948c69fa52a0a115,cysB->ssuA,shared_complete_observation_shared_scores,maximum,prefix,complete,0,5000,0.6,0.0,instrument_error,2151398048,921666314,2151398048,cysB,ssuA,False,identifiable,cpxR|fnr|glnG|ihfA|ihfB|lrp|phoP|rpoD|yeiE,5000,-0.27380510303417077,0.018356938947186777,1.1203575962861752,-14.915618765302465,-0.2753920820107811,5636,,,,[],0,,False,True,
csd-20260805_174708,paired_hierarchical,1,0,0,948c69fa52a0a115,cysB->ssuB,shared_complete_observation_shared_scores,maximum,prefix,complete,0,5000,0.6,0.0,instrument_error,2151398048,921666314,2151398048,cysB,ssuB,False,identifiable,cpxR|fnr|glnG|ihfA|ihfB|lrp|phoP|rpoD,5000,-0.08950063283486755,0.017992291162208723,1.0769905580710983,-4.974387754621047,-0.1028667989796517,5636,,,,[],0,,False,True,
csd-20260805_174708,paired_hierarchical,1,0,0,948c69fa52a0a115,cysB->ssuC,shared_complete_observation_shared_scores,maximum,prefix,complete,0,5000,0.6,0.0,instrument_error,2151398048,921666314,2151398048,cysB,ssuC,False,identifiable,cpxR|fnr|glnG|ihfA|ihfB|lrp|phoP|rpoD,5000,-0.2417908445468092,0.017683256406306455,1.0403116052575785,-13.67343429237266,-0.29137919577305793,5636,,,,[],0,,False,True,
csd-20260805_174708,paired_hierarchical,1,0,0,948c69fa52a0a115,cysB->ssuD,shared_complete_observation_shared_scores,maximum,prefix,complete,0,5000,0.6,0.0,instrument_error,2151398048,921666314,2151398048,cysB,ssuD,False,identifiable,cpxR|fnr|glnG|ihfA|ihfB|lrp|phoP|rpoD,5000,-0.2242006472510209,0.01837037875093261,1.1227296080343907,-12.204465149616954,-0.2589699879989128,5636,,,,[],0,,False,True,
csd-20260805_174708,paired_hierarchical,1,0,0,948c69fa52a0a115,cysB->ssuE,shared_complete_observation_shared_scores,maximum,prefix,complete,0,5000,0.6,0.0,instrument_error,2151398048,921666314,2151398048,cysB,ssuE,False,identifiable,cpxR|fnr|glnG|ihfA|ihfB|lrp|nac|phoP|rpoD,5000,-0.078468052625115,0.01922905552075789,1.2160903862169348,-4.080702379813102,-0.11866480173894531,5636,,,,[],0,,False,True,
csd-20260805_174708,paired_hierarchical,1,0,0,948c69fa52a0a115,cysB->tauA,shared_complete_observation_shared_scores,maximum,prefix,complete,0,5000,0.6,0.0,instrument_error,2151398048,921666314,2151398048,cysB,tauA,False,identifiable,cpxR|fur|glnG|lrp|nac|phoP|rpoD,5000,0.766298846598531,0.01902114258243988,1.1928197270627856,40.286688524482756,0.7298002170201405,5636,,,,[],0,,False,True,
csd-20260805_174708,paired_hierarchical,1,0,0,948c69fa52a0a115,cysB->tauB,shared_complete_observation_shared_scores,maximum,prefix,complete,0,5000,0.6,0.0,instrument_error,2151398048,921666314,2151398048,cysB,tauB,False,identifiable,cpxR|fur|glnG|lrp|phoP|rpoD,5000,0.4792820267447146,0.021500171541950972,1.5426326251832176,22.292009429298883,0.4240205381376478,5636,,,,[],0,,False,True,
csd-20260805_174708,paired_hierarchical,1,0,0,948c69fa52a0a115,cysB->tauC,shared_complete_observation_shared_scores,maximum,prefix,complete,0,5000,0.6,0.0,instrument_error,2151398048,921666314,2151398048,cysB,tauC,False,identifiable,cpxR|fur|glnG|lrp|phoP|rpoD,5000,0.3035526258667038,0.022571355953392096,1.7001763136570145,13.448577324885301,0.3024456440878819,5636,,,,[],0,,False,True,
csd-20260805_174708,paired_hierarchical,1,0,0,948c69fa52a0a115,cysB->tauD,shared_complete_observation_shared_scores,maximum,prefix,complete,0,5000,0.6,0.0,instrument_error,2151398048,921666314,2151398048,cysB,tauD,False,identifiable,cpxR|glnG|lrp|phoP|rpoD,5000,0.2810914143006179,0.019854106004780003,1.3155463451696499,14.157847965198904,0.2262975345873362,5636,,,,[],0,,False,True,
csd-20260805_174708,paired_hierarchical,1,0,0,948c69fa52a0a115,cysB->tcyJ,shared_complete_observation_shared_scores,maximum,prefix,complete,0,5000,0.6,0.0,instrument_error,2151398048,921666314,2151398048,cysB,tcyJ,False,identifiable,csgD|flhC|flhD|fliA|hns|ihfA|ihfB|lrp|matA|nsrR|phoP|rpoD|sutR,5000,0.20878020951374845,0.01952850873212432,1.2674096870315654,10.691047246751916,0.1814932782132118,5636,,,,[],0,,False,True,
csd-20260805_174708,paired_hierarchical,1,0,0,948c69fa52a0a115,cysB->tcyP,shared_complete_observation_shared_scores,maximum,prefix,complete,0,5000,0.6,0.0,instrument_error,2151398048,921666314,2151398048,cysB,tcyP,False,identifiable,lrp|phoP|rpoD,5000,0.33504190135605055,0.024988189634117634,2.0889722672831392,13.408010194488078,0.2883317518922237,5636,,,,[],0,,False,True,
csd-20260805_174708,paired_hierarchical,1,0,0,948c69fa52a0a115,cysB->ybdN,shared_complete_observation_shared_scores,maximum,prefix,complete,0,5000,0.6,0.0,instrument_error,2151398048,921666314,2151398048,cysB,ybdN,False,identifiable,arcA|citR|fnr|lrp|phoP|rpoD,5000,0.12668793011231752,0.01921712975963029,1.2344823330765,6.592448076114506,0.14945200964825506,5636,,,,[],0,,False,True,
csd-20260805_174708,paired_hierarchical,1,0,0,948c69fa52a0a115,cysB->yciW,shared_complete_observation_shared_scores,maximum,prefix,complete,0,5000,0.6,0.0,instrument_error,2151398048,921666314,2151398048,cysB,yciW,False,identifiable,lrp|phoP|rpoD,5000,0.17669066109224818,0.018314488796776097,1.1221545894930665,9.647589023797982,0.16542267673327504,5636,,,,[],0,,False,True,
csd-20260805_174708,paired_hierarchical,1,0,0,948c69fa52a0a115,cysB->yfbR,shared_complete_observation_shared_scores,maximum,prefix,complete,0,5000,0.6,0.0,instrument_error,2151398048,921666314,2151398048,cysB,yfbR,False,identifiable,lrp|phoP|rpoD|rpoH,5000,0.3622428242730969,0.017720310829701352,1.0504838296140793,20.442238725628602,0.3296520297606686,5636,,,,[],0,,False,True,
csd-20260805_174708,paired_hierarchical,1,0,0,948c69fa52a0a115,cysB->ygeH,shared_complete_observation_shared_scores,maximum,prefix,complete,0,5000,0.6,0.0,instrument_error,2151398048,921666314,2151398048,cysB,ygeH,False,identifiable,lrp|phoP|rpoD,5000,0.10167829299755687,0.017425115108416753,1.015814480745012,5.835157608137911,0.08827321792312758,5636,,,,[],0,,False,True,
csd-20260805_174708,paired_hierarchical,1,0,0,948c69fa52a0a115,cysB->yoaC,shared_complete_observation_shared_scores,maximum,prefix,complete,0,5000,0.6,0.0,instrument_error,2151398048,921666314,2151398048,cysB,yoaC,False,identifiable,lrp|phoP|rpoD|rpoE|yeiE,5000,0.29177346500357215,0.019875685785476358,1.3192538140658878,14.679919382544176,0.2645910506419844,5636,,,,[],0,,False,True,
csd-20260805_174708,paired_hierarchical,1,0,0,948c69fa52a0a115,deaD->mntR,shared_complete_observation_shared_scores,maximum,prefix,complete,0,5000,0.6,0.0,instrument_error,2151398048,921666314,2151398048,deaD,mntR,False,identifiable,alpA|basR|btsR|glaR|glrR|nsrR|ptrR|rcdA,5000,0.12515832313674796,0.014498775361000662,1.7989272275907535,8.632337560964178,0.1554026761334349,5636,,,,[],0,,False,True,
csd-20260805_174708,paired_hierarchical,1,0,0,948c69fa52a0a115,mntR->dps,shared_complete_observation_shared_scores,maximum,prefix,complete,0,5000,0.6,0.0,instrument_error,2151398048,921666314,2151398048,mntR,dps,False,identifiable,argR|deaD|fis|hns|ihfA|ihfB|oxyR|rpoD|rpoS,5000,-0.2967236389421043,0.014030021924536767,1.7263344445290292,-21.149192819376246,-0.3050832087787979,5636,,,,[],0,,False,True,
csd-20260805_174708,paired_hierarchical,1,0,0,948c69fa52a0a115,mntR->mntH,shared_complete_observation_shared_scores,maximum,prefix,complete,0,5000,0.6,0.0,instrument_error,2151398048,921666314,2151398048,mntR,mntH,False,identifiable,deaD|fur|nac|oxyR|rpoD,5000,-0.12046791333633175,0.0111376776920542,1.1133142247215535,-10.816250628465887,-0.11676352227949882,5636,,,,[],0,,False,True,
csd-20260805_174708,paired_hierarchical,1,0,0,948c69fa52a0a115,mntR->mntP,shared_complete_observation_shared_scores,maximum,prefix,complete,0,5000,0.6,0.0,instrument_error,2151398048,921666314,2151398048,mntR,mntP,False,identifiable,deaD|fur|rpoD,5000,0.3437704662212261,0.010614385688586619,1.0158794330160497,32.38722205005927,0.32491063120133273,5636,,,,[],0,,False,True,
csd-20260805_174708,paired_hierarchical,1,0,0,948c69fa52a0a115,mntR->mntS,shared_complete_observation_shared_scores,maximum,prefix,complete,0,5000,0.6,0.0,instrument_error,2151398048,921666314,2151398048,mntR,mntS,False,identifiable,deaD|rpoD,5000,-0.23903780958274812,0.010689539141447685,1.0304993529303772,-22.361844268468175,-0.24903755413619333,5636,,,,[],0,,False,True,
csd-20260805_174708,paired_hierarchical,1,0,0,948c69fa52a0a115,uvrY->luxS,shared_complete_observation_shared_scores,maximum,prefix,complete,0,5000,0.6,0.0,instrument_error,2151398048,921666314,2151398048,uvrY,luxS,False,identifiable,deaD|lexA|nac|rpoD|rpoS,5000,0.27129688398730506,0.013579137875094224,0.9886409812959567,19.978947594669926,0.2647351697668895,5636,,,,[],0,,False,True,
csd-20260805_174708,paired_hierarchical,1,0,0,948c69fa52a0a115,uvrY->uhpT,shared_complete_observation_shared_scores,maximum,prefix,complete,0,5000,0.6,0.0,instrument_error,2151398048,921666314,2151398048,uvrY,uhpT,False,identifiable,crp|deaD|lexA|nac|rpoD|uhpA,5000,0.2755840445680775,0.014876036176824235,1.1834714529712111,18.525368000745864,0.27645096642096334,5636,,,,[],0,,False,True,
csd-20260805_174708,paired_hierarchical,1,0,0,948c69fa52a0a115,uvrY->ydeP,shared_complete_observation_shared_scores,maximum,prefix,complete,0,5000,0.6,0.0,instrument_error,2151398048,921666314,2151398048,uvrY,ydeP,False,identifiable,deaD|evgA|hns|lexA|nac|nagC|narL|narP|phoP|rcsB|rpoD,5000,0.12192518585700733,0.014617362903527976,1.1446561522816918,8.341120533278957,0.10178049269186655,5636,,,,[],0,,False,True,
csd-20260805_174708,paired_hierarchical,1,0,0,948c69fa52a0a115,decR->cyuA,shared_complete_observation_shared_scores,maximum,prefix,complete,0,5000,0.6,0.0,instrument_error,2151398048,921666314,2151398048,decR,cyuA,False,identifiable,marA|rpoD|soxS,5000,0.1960902858508531,0.013823091431738127,1.0216466176171815,14.185704176174761,0.19125323812457692,5636,,,,[],0,,False,True,
csd-20260805_174708,paired_hierarchical,1,0,0,948c69fa52a0a115,decR->cyuP,shared_complete_observation_shared_scores,maximum,prefix,complete,0,5000,0.6,0.0,instrument_error,2151398048,921666314,2151398048,decR,cyuP,False,identifiable,marA|rpoD|soxS,5000,0.2197487919382305,0.015457160851478814,1.2774673024447925,14.216633575188986,0.23497326439910468,5636,,,,[],0,,False,True,
csd-20260805_174708,paired_hierarchical,1,0,0,948c69fa52a0a115,deoR->deoA,shared_complete_observation_shared_scores,maximum,prefix,complete,0,5000,0.6,0.0,instrument_error,2151398048,921666314,2151398048,deoR,deoA,False,identifiable,crp|cytR|fis|modE|rpoD,5000,-0.17330766188303032,0.014419779178604809,1.0263950926010863,-12.018745900087962,-0.18889372143359512,5636,,,,[],0,,False,True,
csd-20260805_174708,paired_hierarchical,1,0,0,948c69fa52a0a115,deoR->deoB,shared_complete_observation_shared_scores,maximum,prefix,complete,0,5000,0.6,0.0,instrument_error,2151398048,921666314,2151398048,deoR,deoB,False,identifiable,crp|cytR|fis|lrp|modE|rpoD,5000,-0.26524254719397444,0.014542030438609278,1.043531251436707,-18.239718883392793,-0.2816245675264687,5636,,,,[],0,,False,True,
csd-20260805_174708,paired_hierarchical,1,0,0,948c69fa52a0a115,deoR->deoC,shared_complete_observation_shared_scores,maximum,prefix,complete,0,5000,0.6,0.0,instrument_error,2151398048,921666314,2151398048,deoR,deoC,False,identifiable,crp|cytR|fis|modE|rpoD,5000,-0.05952655480434928,0.01489040781314452,1.0944868093808349,-3.9976443594649007,-0.06218844705569409,5636,,,,[],0,,False,True,
csd-20260805_174708,paired_hierarchical,1,0,0,948c69fa52a0a115,deoR->deoD,shared_complete_observation_shared_scores,maximum,prefix,complete,0,5000,0.6,0.0,instrument_error,2151398048,921666314,2151398048,deoR,deoD,False,identifiable,crp|cytR|fis|modE|rpoD,5000,-0.208627945039729,0.01549610459826452,1.1853385961869563,-13.463250955539769,-0.18975518218128687,5636,,,,[],0,,False,True,
csd-20260805_174708,paired_hierarchical,1,0,0,948c69fa52a0a115,deoR->nupG,shared_complete_observation_shared_scores,maximum,prefix,complete,0,5000,0.6,0.0,instrument_error,2151398048,921666314,2151398048,deoR,nupG,False,identifiable,crp|cytR|rpoD,5000,-0.05341455254486436,0.01730021577464986,1.477436247660403,-3.087507880863146,-0.0746585440309413,5636,,,,[],0,,False,True,
csd-20260805_174708,paired_hierarchical,1,0,0,948c69fa52a0a115,deoR->tsx,shared_complete_observation_shared_scores,maximum,prefix,complete,0,5000,0.6,0.0,instrument_error,2151398048,921666314,2151398048,deoR,tsx,False,identifiable,crp|cytR|rpoD,5000,-0.23718486578465864,0.014242354196977723,1.001311662437113,-16.653487373245504,-0.2394113219400979,5636,,,,[],0,,False,True,
csd-20260805_174708,paired_hierarchical,1,0,0,948c69fa52a0a115,dhaR->dhaK,shared_complete_observation_shared_scores,maximum,prefix,complete,0,5000,0.6,0.0,instrument_error,2151398048,921666314,2151398048,dhaR,dhaK,False,identifiable,lrp|nac|rpoS|srsR,5000,0.3475061747351666,0.03291086627985672,4.343064128861673,10.559010260628105,0.1534621795153991,5636,,,,[],0,,False,True,
csd-20260805_174708,paired_hierarchical,1,0,0,948c69fa52a0a115,dhaR->dhaL,shared_complete_observation_shared_scores,maximum,prefix,complete,0,5000,0.6,0.0,instrument_error,2151398048,921666314,2151398048,dhaR,dhaL,False,identifiable,nac|rpoS|srsR,5000,0.11798489519457347,0.01621637575354588,1.0554733535754215,7.275663624702014,0.08962556235284977,5636,,,,[],0,,False,True,
csd-20260805_174708,paired_hierarchical,1,0,0,948c69fa52a0a115,dhaR->dhaM,shared_complete_observation_shared_scores,maximum,prefix,complete,0,5000,0.6,0.0,instrument_error,2151398048,921666314,2151398048,dhaR,dhaM,False,identifiable,nac|rpoS|srsR,5000,0.3565160375713807,0.019677452959510837,1.5540945642943758,18.117997197348824,0.30954337699434825,5636,,,,[],0,,False,True,
csd-20260805_174708,paired_hierarchical,1,0,0,948c69fa52a0a115,dicA->dicB,shared_complete_observation_shared_scores,maximum,prefix,complete,0,5000,0.6,0.0,instrument_error,2151398048,921666314,2151398048,dicA,dicB,False,identifiable,dicD|rpoD,5000,-0.10144443616198116,0.01112103928963002,1.2191213836289354,-9.121848553900403,-0.12030279162379634,5636,,,,[],0,,False,True,
csd-20260805_174708,paired_hierarchical,1,0,0,948c69fa52a0a115,dicA->dicC,shared_complete_observation_shared_scores,maximum,prefix,complete,0,5000,0.6,0.0,instrument_error,2151398048,921666314,2151398048,dicA,dicC,False,identifiable,dicD|rpoD,5000,-0.27379852839781105,0.010036722883921951,0.9929790036005725,-27.279674009572883,-0.2750592498475789,5636,,,,[],0,,False,True,
csd-20260805_174708,paired_hierarchical,1,0,0,948c69fa52a0a115,dicA->insD7,shared_complete_observation_shared_scores,maximum,prefix,complete,0,5000,0.6,0.0,instrument_error,2151398048,921666314,2151398048,dicA,insD7,False,identifiable,dicD|rpoD,5000,-0.10491050599771959,0.009895521959945754,0.9652362253385091,-10.60181629856084,-0.1325018899618088,5636,,,,[],0,,False,True,
csd-20260805_174708,paired_hierarchical,1,0,0,948c69fa52a0a115,dicA->intQ,shared_complete_observation_shared_scores,maximum,prefix,complete,0,5000,0.6,0.0,instrument_error,2151398048,921666314,2151398048,dicA,intQ,False,identifiable,dicD|rpoD,5000,-0.21616047624399673,0.010114085392999635,1.0083456541951148,-21.37222179215632,-0.224984618617155,5636,,,,[],0,,False,True,
csd-20260805_174708,paired_hierarchical,1,0,0,948c69fa52a0a115,dicA->ydfD,shared_complete_observation_shared_scores,maximum,prefix,complete,0,5000,0.6,0.0,instrument_error,2151398048,921666314,2151398048,dicA,ydfD,False,identifiable,dicD|rpoD,5000,-0.39546215127680484,0.010577023395261955,1.1027653933031842,-37.38879422862529,-0.37740446180633225,5636,,,,[],0,,False,True,
csd-20260805_174708,paired_hierarchical,1,0,0,948c69fa52a0a115,dicA->ydfW,shared_complete_observation_shared_scores,maximum,prefix,complete,0,5000,0.6,0.0,instrument_error,2151398048,921666314,2151398048,dicA,ydfW,False,identifiable,dicD|rpoD,5000,-0.2554264261921457,0.015175881396809799,2.2701996184625557,-16.831076858958596,-0.2582068338273763,5636,,,,[],0,,False,True,
csd-20260805_174708,paired_hierarchical,1,0,0,948c69fa52a0a115,dicA->ydfX,shared_complete_observation_shared_scores,maximum,prefix,complete,0,5000,0.6,0.0,instrument_error,2151398048,921666314,2151398048,dicA,ydfX,False,identifiable,dicD|rpoD,5000,-0.1768782501015871,0.012482478218368606,1.53588193612466,-14.17012287201925,-0.1819892048635385,5636,,,,[],0,,False,True,
csd-20260805_174708,paired_hierarchical,1,0,0,948c69fa52a0a115,dicD->dicA,shared_complete_observation_shared_scores,maximum,prefix,complete,0,5000,0.6,0.0,instrument_error,2151398048,921666314,2151398048,dicD,dicA,False,identifiable,,5000,-0.33398005960431754,0.016007530237016433,2.032083821622966,-20.863934327108694,-0.29226083968807315,5636,,,,[],0,,False,True,
csd-20260805_174708,paired_hierarchical,1,0,0,948c69fa52a0a115,dicD->dicB,shared_complete_observation_shared_scores,maximum,prefix,complete,0,5000,0.6,0.0,instrument_error,2151398048,921666314,2151398048,dicD,dicB,False,identifiable,rpoD,5000,-0.18132266620359258,0.012941731256240367,1.2391777531042567,-14.010696298160317,-0.21383494315223323,5636,,,,[],0,,False,True,
csd-20260805_174708,paired_hierarchical,1,0,0,948c69fa52a0a115,dicD->dicC,shared_complete_observation_shared_scores,maximum,prefix,complete,0,5000,0.6,0.0,instrument_error,2151398048,921666314,2151398048,dicD,dicC,False,identifiable,rpoD,5000,-0.17413981754763247,0.012416629146521004,1.140660161425881,-14.024725671735508,-0.2598635972642823,5636,,,,[],0,,False,True,
csd-20260805_174708,paired_hierarchical,1,0,0,948c69fa52a0a115,dicF->ftsZ,shared_complete_observation_shared_scores,maximum,prefix,complete,0,5000,0.6,0.0,instrument_error,2151398048,921666314,2151398048,dicF,ftsZ,False,identifiable,argR|lexA|mraZ|pdhR|rcsB|rpoD|rpoS|sdiA,5000,-0.13983576094714795,0.014349850243860564,1.0623285650112533,-9.744754026751968,-0.1532899081090858,5636,,,,[],0,,False,True,
csd-20260805_174708,paired_hierarchical,1,0,0,948c69fa52a0a115,dicF->manX,shared_complete_observation_shared_scores,maximum,prefix,complete,0,5000,0.6,0.0,instrument_error,2151398048,921666314,2151398048,dicF,manX,False,identifiable,cra|crp|fur|hfq|mlc|nagC|rpoD,5000,-0.24021241535967552,0.01621548844221724,1.3554087537977455,-14.813763779959864,-0.23231380329018986,5636,,,,[],0,,False,True,
csd-20260805_174708,paired_hierarchical,1,0,0,948c69fa52a0a115,dicF->pykA,shared_complete_observation_shared_scores,maximum,prefix,complete,0,5000,0.6,0.0,instrument_error,2151398048,921666314,2151398048,dicF,pykA,False,identifiable,fnr|rpoD|rpoS,5000,-0.17617140320412777,0.014769549856829718,1.1267758338269775,-11.928014388513189,-0.1857447260349376,5636,,,,[],0,,False,True,
csd-20260805_174708,paired_hierarchical,1,0,0,948c69fa52a0a115,dicF->xylR,shared_complete_observation_shared_scores,maximum,prefix,complete,0,5000,0.6,0.0,instrument_error,2151398048,921666314,2151398048,dicF,xylR,False,identifiable,arcA|crp|fis,5000,-0.22604295583092476,0.017224180089511227,1.5366994875436681,-13.123582931449668,-0.22524776284955367,5636,,,,[],0,,False,True,
csd-20260805_174708,paired_hierarchical,1,0,0,948c69fa52a0a115,rplA->rplJ,shared_complete_observation_shared_scores,maximum,prefix,complete,0,5000,0.6,0.0,instrument_error,2151398048,921666314,2151398048,rplA,rplJ,False,identifiable,dksA,5000,-0.18593456250794715,0.011360312212605025,1.190556592263749,-16.367029270695603,-0.3035140855596459,5636,,,,[],0,,False,True,
csd-20260805_174708,paired_hierarchical,1,0,0,948c69fa52a0a115,rplA->rplK,shared_complete_observation_shared_scores,maximum,prefix,complete,0,5000,0.6,0.0,instrument_error,2151398048,921666314,2151398048,rplA,rplK,False,identifiable,dksA,5000,-0.24434613734776633,0.012321288660129243,1.400495682478898,-19.831216043046854,-0.19611634271549627,5636,,,,[],0,,False,True,
csd-20260805_174708,paired_hierarchical,1,0,0,948c69fa52a0a115,rplA->rplL,shared_complete_observation_shared_scores,maximum,prefix,complete,0,5000,0.6,0.0,instrument_error,2151398048,921666314,2151398048,rplA,rplL,False,identifiable,dksA,5000,0.26308021433445605,0.013154921713771153,1.596415903669154,19.998614971539666,-0.10815605107295094,5636,,,,[],0,,False,True,
csd-20260805_174708,paired_hierarchical,1,0,0,948c69fa52a0a115,rplA->rpoB,shared_complete_observation_shared_scores,maximum,prefix,complete,0,5000,0.6,0.0,instrument_error,2151398048,921666314,2151398048,rplA,rpoB,False,identifiable,dksA,5000,-0.14778082464054118,0.010390923291426447,0.9960423111635026,-14.222107169482731,-0.12089438377655297,5636,,,,[],0,,False,True,
csd-20260805_174708,paired_hierarchical,1,0,0,948c69fa52a0a115,rplA->rpoC,shared_complete_observation_shared_scores,maximum,prefix,complete,0,5000,0.6,0.0,instrument_error,2151398048,921666314,2151398048,rplA,rpoC,False,identifiable,dksA,5000,-0.554410607945278,0.010828088272744996,1.081615955006802,-51.201153332002804,-0.5080948956767296,5636,,,,[],0,,False,True,
csd-20260805_174708,paired_hierarchical,1,0,0,948c69fa52a0a115,rplT->rpmI,shared_complete_observation_shared_scores,maximum,prefix,complete,0,5000,0.6,0.0,instrument_error,2151398048,921666314,2151398048,rplT,rpmI,False,identifiable,dksA|fnr|nsrR|rpoD,5000,-0.367687396523752,0.01201077929146027,1.0322456553558668,-30.613117400731834,-0.3688204070391086,5636,,,,[],0,,False,True,
csd-20260805_174708,paired_hierarchical,1,0,0,948c69fa52a0a115,rpoD->3'ETS-<i>leuZ</i>,shared_complete_observation_shared_scores,maximum,prefix,complete,0,5000,0.6,0.0,instrument_error,2151398048,921666314,2151398048,rpoD,3'ETS-<i>leuZ</i>,False,estimation_error,alpA|basR|btsR|glaR|glrR|nsrR|ptrR|rcdA,5000,,,,,0.07187244472257437,5636,PatsyError('error tokenizing input (unterminated string literal (detected at line 1))'),,,[],0,,False,True,
csd-20260805_174708,paired_hierarchical,1,0,0,948c69fa52a0a115,rpoD->acpS,shared_complete_observation_shared_scores,maximum,prefix,complete,0,5000,0.6,0.0,instrument_error,2151398048,921666314,2151398048,rpoD,acpS,False,identifiable,alpA|basR|btsR|glaR|glrR|nsrR|ptrR|rcdA,5000,0.1639702504068148,0.008238633352185123,1.108322154164195,19.902603186404107,0.12123979365236447,5636,,,,[],0,,False,True,
csd-20260805_174708,paired_hierarchical,1,0,0,948c69fa52a0a115,rpoD->agaB,shared_complete_observation_shared_scores,maximum,prefix,complete,0,5000,0.6,0.0,instrument_error,2151398048,921666314,2151398048,rpoD,agaB,False,identifiable,alpA|basR|btsR|glaR|glrR|nsrR|ptrR|rcdA,5000,0.3261934415005706,0.009496069277117594,1.4724596806175734,34.35036455416238,0.3089840652583991,5636,,,,[],0,,False,True,
csd-20260805_174708,paired_hierarchical,1,0,0,948c69fa52a0a115,rpoD->agaC,shared_complete_observation_shared_scores,maximum,prefix,complete,0,5000,0.6,0.0,instrument_error,2151398048,921666314,2151398048,rpoD,agaC,False,identifiable,alpA|basR|btsR|glaR|glrR|nsrR|ptrR|rcdA,5000,0.1595907714988787,0.008418629526030796,1.1572800310836986,18.95685883378246,0.1989297163431422,5636,,,,[],0,,False,True,
csd-20260805_174708,paired_hierarchical,1,0,0,948c69fa52a0a115,rpoD->agaD,shared_complete_observation_shared_scores,maximum,prefix,complete,0,5000,0.6,0.0,instrument_error,2151398048,921666314,2151398048,rpoD,agaD,False,identifiable,alpA|basR|btsR|glaR|glrR|nsrR|ptrR|rcdA,5000,0.07220506161679106,0.008446866601573007,1.1650563578202648,8.548147499256679,0.15017208639341284,5636,,,,[],0,,False,True,
csd-20260805_174708,paired_hierarchical,1,0,0,948c69fa52a0a115,rpoD->agaI,shared_complete_observation_shared_scores,maximum,prefix,complete,0,5000,0.6,0.0,instrument_error,2151398048,921666314,2151398048,rpoD,agaI,False,identifiable,alpA|basR|btsR|glaR|glrR|nsrR|ptrR|rcdA,5000,0.24277027967511364,0.008117812545091644,1.0760530924940528,29.90587406725748,0.29146868476237237,5636,,,,[],0,,False,True,
csd-20260805_174708,paired_hierarchical,1,0,0,948c69fa52a0a115,rpoD->agaR,shared_complete_observation_shared_scores,maximum,prefix,complete,0,5000,0.6,0.0,instrument_error,2151398048,921666314,2151398048,rpoD,agaR,False,identifiable,alpA|basR|btsR|glaR|glrR|nsrR|ptrR|rcdA,5000,0.19078872129269225,0.006438082298038978,0.6768130297710009,29.63440236711574,0.18866628019417953,5636,,,,[],0,,False,True,
csd-20260805_174708,paired_hierarchical,1,0,0,948c69fa52a0a115,rpoD->agaS,shared_complete_observation_shared_scores,maximum,prefix,complete,0,5000,0.6,0.0,instrument_error,2151398048,921666314,2151398048,rpoD,agaS,False,identifiable,alpA|basR|btsR|glaR|glrR|nsrR|ptrR|rcdA,5000,0.3033077294515593,0.009559441177893755,1.492178140157236,31.72860461267962,0.14173018880913912,5636,,,,[],0,,False,True,
csd-20260805_174708,paired_hierarchical,1,0,0,948c69fa52a0a115,rpoD->alsA,shared_complete_observation_shared_scores,maximum,prefix,complete,0,5000,0.6,0.0,instrument_error,2151398048,921666314,2151398048,rpoD,alsA,False,identifiable,alpA|basR|btsR|glaR|glrR|nsrR|ptrR|rcdA,5000,0.5375600362238168,0.009746133986354936,1.5510307866371387,55.15623292029713,0.15299450809937232,5636,,,,[],0,,False,True,
csd-20260805_174708,paired_hierarchical,1,0,0,948c69fa52a0a115,rpoD->alsB,shared_complete_observation_shared_scores,maximum,prefix,complete,0,5000,0.6,0.0,instrument_error,2151398048,921666314,2151398048,rpoD,alsB,False,identifiable,alpA|basR|btsR|glaR|glrR|nsrR|ptrR|rcdA,5000,0.1717633924012372,0.008951448273299833,1.308405243324184,19.1883354689731,0.17433298157776464,5636,,,,[],0,,False,True,
csd-20260805_174708,paired_hierarchical,1,0,0,948c69fa52a0a115,rpoD->alsC,shared_complete_observation_shared_scores,maximum,prefix,complete,0,5000,0.6,0.0,instrument_error,2151398048,921666314,2151398048,rpoD,alsC,False,identifiable,alpA|basR|btsR|glaR|glrR|nsrR|ptrR|rcdA,5000,0.3299848426118621,0.011277360012173096,2.0766846496394686,29.26082365515221,0.49840060033477857,5636,,,,[],0,,False,True,
csd-20260805_174708,paired_hierarchical,1,0,0,948c69fa52a0a115,rpoD->alsE,shared_complete_observation_shared_scores,maximum,prefix,complete,0,5000,0.6,0.0,instrument_error,2151398048,921666314,2151398048,rpoD,alsE,False,identifiable,alpA|basR|btsR|glaR|glrR|nsrR|ptrR|rcdA,5000,0.7330859043252655,0.008047944971204441,1.057610270010161,91.08982565713956,0.8181063051947165,5636,,,,[],0,,False,True,
csd-20260805_174708,paired_hierarchical,1,0,0,948c69fa52a0a115,rpoD->alsR,shared_complete_observation_shared_scores,maximum,prefix,complete,0,5000,0.6,0.0,instrument_error,2151398048,921666314,2151398048,rpoD,alsR,False,identifiable,alpA|basR|btsR|glaR|glrR|nsrR|ptrR|rcdA,5000,0.22081617741571155,0.007937060807748107,1.0286676405180342,27.82090030104749,0.2423222566983105,5636,,,,[],0,,False,True,
csd-20260805_174708,paired_hierarchical,1,0,0,948c69fa52a0a115,rpoD->ampG,shared_complete_observation_shared_scores,maximum,prefix,complete,0,5000,0.6,0.0,instrument_error,2151398048,921666314,2151398048,rpoD,ampG,False,identifiable,alpA|basR|btsR|glaR|glrR|nsrR|ptrR|rcdA,5000,0.25915709449399416,0.0082402199321367,1.1087490723078106,31.450264268224984,0.2408277377743384,5636,,,,[],0,,False,True,
csd-20260805_174708,paired_hierarchical,1,0,0,948c69fa52a0a115,rpoD->amyA,shared_complete_observation_shared_scores,maximum,prefix,complete,0,5000,0.6,0.0,instrument_error,2151398048,921666314,2151398048,rpoD,amyA,False,identifiable,alpA|basR|btsR|glaR|glrR|nsrR|ptrR|rcdA,5000,0.07665593141364349,0.0101981377899805,1.6982335409113534,7.516659707123849,0.176179157979505,5636,,,,[],0,,False,True,
csd-20260805_174708,paired_hierarchical,1,0,0,948c69fa52a0a115,rpoD->apt,shared_complete_observation_shared_scores,maximum,prefix,complete,0,5000,0.6,0.0,instrument_error,2151398048,921666314,2151398048,rpoD,apt,False,identifiable,alpA|basR|btsR|glaR|glrR|nsrR|ptrR|rcdA,5000,0.28648823754425135,0.008832804743526802,1.2739515843713354,32.43457156167827,0.36563542348632927,5636,,,,[],0,,False,True,
csd-20260805_174708,paired_hierarchical,1,0,0,948c69fa52a0a115,rpoD->arfA,shared_complete_observation_shared_scores,maximum,prefix,complete,0,5000,0.6,0.0,instrument_error,2151398048,921666314,2151398048,rpoD,arfA,False,identifiable,alpA|basR|btsR|glaR|glrR|nsrR|ptrR|rcdA,5000,-0.23248720683911053,0.009751632551619526,1.552781398685908,-23.840849786787718,0.1386411324966613,5636,,,,[],0,,False,True,
csd-20260805_174708,paired_hierarchical,1,0,0,948c69fa52a0a115,rpoD->argQ,shared_complete_observation_shared_scores,maximum,prefix,complete,0,5000,0.6,0.0,instrument_error,2151398048,921666314,2151398048,rpoD,argQ,False,identifiable,alpA|basR|btsR|glaR|glrR|nsrR|ptrR|rcdA,5000,-0.13623768011338974,0.011321760003975946,2.093069032265478,-12.033259852315023,0.22097823798176827,5636,,,,[],0,,False,True,
csd-20260805_174708,paired_hierarchical,1,0,0,948c69fa52a0a115,rpoD->argV,shared_complete_observation_shared_scores,maximum,prefix,complete,0,5000,0.6,0.0,instrument_error,2151398048,921666314,2151398048,rpoD,argV,False,identifiable,alpA|basR|btsR|glaR|glrR|nsrR|ptrR|rcdA,5000,0.555970747839895,0.008939101498496905,1.3047983535003553,62.19537253642109,0.34909989666841656,5636,,,,[],0,,False,True,
csd-20260805_174708,paired_hierarchical,1,0,0,948c69fa52a0a115,rpoD->argY,shared_complete_observation_shared_scores,maximum,prefix,complete,0,5000,0.6,0.0,instrument_error,2151398048,921666314,2151398048,rpoD,argY,False,identifiable,alpA|basR|btsR|glaR|glrR|nsrR|ptrR|rcdA,5000,0.2238089250037515,0.008515497045343535,1.1840653389568159,26.282543909299488,0.337313333039333,5636,,,,[],0,,False,True,
csd-20260805_174708,paired_hierarchical,1,0,0,948c69fa52a0a115,rpoD->argZ,shared_complete_observation_shared_scores,maximum,prefix,complete,0,5000,0.6,0.0,instrument_error,2151398048,921666314,2151398048,rpoD,argZ,False,identifiable,alpA|basR|btsR|glaR|glrR|nsrR|ptrR|rcdA,5000,0.29867143946034724,0.008182114524202753,1.0931676495784803,36.5029649214607,0.3188558161140553,5636,,,,[],0,,False,True,
csd-20260805_174708,paired_hierarchical,1,0,0,948c69fa52a0a115,rpoD->aroB,shared_complete_observation_shared_scores,maximum,prefix,complete,0,5000,0.6,0.0,instrument_error,2151398048,921666314,2151398048,rpoD,aroB,False,identifiable,alpA|basR|btsR|glaR|glrR|nsrR|ptrR|rcdA,5000,0.11543150620434033,0.007774249361845893,0.986898744304956,14.84792946967328,0.10167851566392186,5636,,,,[],0,,False,True,
csd-20260805_174708,paired_hierarchical,1,0,0,948c69fa52a0a115,rpoD->aroH,shared_complete_observation_shared_scores,maximum,prefix,complete,0,5000,0.6,0.0,instrument_error,2151398048,921666314,2151398048,rpoD,aroH,False,identifiable,alpA|basR|btsR|glaR|glrR|nsrR|ptrR|rcdA,5000,0.21659385110365503,0.007904412794582474,1.0202224782640714,27.401637127568048,0.2119609791943815,5636,,,,[],0,,False,True,
csd-20260805_174708,paired_hierarchical,1,0,0,948c69fa52a0a115,rpoD->arsB,shared_complete_observation_shared_scores,maximum,prefix,complete,0,5000,0.6,0.0,instrument_error,2151398048,921666314,2151398048,rpoD,arsB,False,identifiable,alpA|basR|btsR|glaR|glrR|nsrR|ptrR|rcdA,5000,0.3739605382384016,0.009744278826555514,1.550440370763101,38.37744638620857,0.441871146881909,5636,,,,[],0,,False,True,
csd-20260805_174708,paired_hierarchical,1,0,0,948c69fa52a0a115,rpoD->arsC,shared_complete_observation_shared_scores,maximum,prefix,complete,0,5000,0.6,0.0,instrument_error,2151398048,921666314,2151398048,rpoD,arsC,False,identifiable,alpA|basR|btsR|glaR|glrR|nsrR|ptrR|rcdA,5000,0.2836142813216268,0.007977468447741339,1.0391682122535548,35.551915144449936,0.31889638472786674,5636,,,,[],0,,False,True,
csd-20260805_174708,paired_hierarchical,1,0,0,948c69fa52a0a115,rpoD->arsR,shared_complete_observation_shared_scores,maximum,prefix,complete,0,5000,0.6,0.0,instrument_error,2151398048,921666314,2151398048,rpoD,arsR,False,identifiable,alpA|basR|btsR|glaR|glrR|nsrR|ptrR|rcdA,5000,0.29616126334792325,0.007065288712089305,0.8151086270256271,41.91778643683256,0.32318964405139,5636,,,,[],0,,False,True,
csd-20260805_174708,paired_hierarchical,1,0,0,948c69fa52a0a115,rpoD->asnU,shared_complete_observation_shared_scores,maximum,prefix,complete,0,5000,0.6,0.0,instrument_error,2151398048,921666314,2151398048,rpoD,asnU,False,identifiable,alpA|basR|btsR|glaR|glrR|nsrR|ptrR|rcdA,5000,0.2539299977694773,0.008155199498515505,1.0859875392354992,31.137190183477458,0.3242569955676153,5636,,,,[],0,,False,True,
csd-20260805_174708,paired_hierarchical,1,0,0,948c69fa52a0a115,rpoD->atpC,shared_complete_observation_shared_scores,maximum,prefix,complete,0,5000,0.6,0.0,instrument_error,2151398048,921666314,2151398048,rpoD,atpC,False,identifiable,alpA|basR|btsR|glaR|glrR|nsrR|ptrR|rcdA,5000,0.15255049442095495,0.008248278674131845,1.110918793979082,18.494827884438727,0.10552203296086414,5636,,,,[],0,,False,True,
csd-20260805_174708,paired_hierarchical,1,0,0,948c69fa52a0a115,rpoD->atpD,shared_complete_observation_shared_scores,maximum,prefix,complete,0,5000,0.6,0.0,instrument_error,2151398048,921666314,2151398048,rpoD,atpD,False,identifiable,alpA|basR|btsR|glaR|glrR|nsrR|ptrR|rcdA,5000,0.25931840370141435,0.00793442025686405,1.027983307240519,32.68271597752571,0.2620039792893895,5636,,,,[],0,,False,True,
csd-20260805_174708,paired_hierarchical,1,0,0,948c69fa52a0a115,rpoD->atpE,shared_complete_observation_shared_scores,maximum,prefix,complete,0,5000,0.6,0.0,instrument_error,2151398048,921666314,2151398048,rpoD,atpE,False,identifiable,alpA|basR|btsR|glaR|glrR|nsrR|ptrR|rcdA,5000,0.5037068896360548,0.008721682859075739,1.242099092161425,57.753405824874726,0.4018546277073528,5636,,,,[],0,,False,True,
csd-20260805_174708,paired_hierarchical,1,0,0,948c69fa52a0a115,rpoD->atpF,shared_complete_observation_shared_scores,maximum,prefix,complete,0,5000,0.6,0.0,instrument_error,2151398048,921666314,2151398048,rpoD,atpF,False,identifiable,alpA|basR|btsR|glaR|glrR|nsrR|ptrR|rcdA,5000,0.6428308658892832,0.00783058189169257,1.0012527791183476,82.0923495572225,0.6499119200667811,5636,,,,[],0,,False,True,
csd-20260805_174708,paired_hierarchical,1,0,0,948c69fa52a0a115,rpoD->atpG,shared_complete_observation_shared_scores,maximum,prefix,complete,0,5000,0.6,0.0,instrument_error,2151398048,921666314,2151398048,rpoD,atpG,False,identifiable,alpA|basR|btsR|glaR|glrR|nsrR|ptrR|rcdA,5000,0.5707899329863525,0.010173821218520642,1.690144616113938,56.10379037792352,0.4534124752735266,5636,,,,[],0,,False,True,
csd-20260805_174708,paired_hierarchical,1,0,0,948c69fa52a0a115,rpoD->azoR,shared_complete_observation_shared_scores,maximum,prefix,complete,0,5000,0.6,0.0,instrument_error,2151398048,921666314,2151398048,rpoD,azoR,False,identifiable,alpA|basR|btsR|glaR|glrR|nsrR|ptrR|rcdA,5000,0.16829544963966575,0.008675933143459538,1.2291023709600473,19.39796525132716,0.40378165252317666,5636,,,,[],0,,False,True,
csd-20260805_174708,paired_hierarchical,1,0,0,948c69fa52a0a115,rpoD->bcp,shared_complete_observation_shared_scores,maximum,prefix,complete,0,5000,0.6,0.0,instrument_error,2151398048,921666314,2151398048,rpoD,bcp,False,identifiable,alpA|basR|btsR|glaR|glrR|nsrR|ptrR|rcdA,5000,0.10295762770529955,0.008299355959608207,1.124720074863384,12.405496065764595,0.2220869208685665,5636,,,,[],0,,False,True,
csd-20260805_174708,paired_hierarchical,1,0,0,948c69fa52a0a115,rpoD->bcsE,shared_complete_observation_shared_scores,maximum,prefix,complete,0,5000,0.6,0.0,instrument_error,2151398048,921666314,2151398048,rpoD,bcsE,False,identifiable,alpA|basR|btsR|glaR|glrR|nsrR|ptrR|rcdA,5000,0.09289192409613284,0.008908885247644268,1.2959922157401556,10.42688524029376,0.1066614746807049,5636,,,,[],0,,False,True,
csd-20260805_174708,paired_hierarchical,1,0,0,948c69fa52a0a115,rpoD->bcsF,shared_complete_observation_shared_scores,maximum,prefix,complete,0,5000,0.6,0.0,instrument_error,2151398048,921666314,2151398048,rpoD,bcsF,False,identifiable,alpA|basR|btsR|glaR|glrR|nsrR|ptrR|rcdA,5000,-0.156876069588624,0.00938695658520092,1.4388160759296185,-16.712133284599204,0.13178221577989002,5636,,,,[],0,,False,True,
csd-20260805_174708,paired_hierarchical,1,0,0,948c69fa52a0a115,rpoD->bcsG,shared_complete_observation_shared_scores,maximum,prefix,complete,0,5000,0.6,0.0,instrument_error,2151398048,921666314,2151398048,rpoD,bcsG,False,identifiable,alpA|basR|btsR|glaR|glrR|nsrR|ptrR|rcdA,5000,0.06984150533786526,0.008584915310594502,1.2034490087386218,8.13537499335317,0.18018461011896336,5636,,,,[],0,,False,True,
csd-20260805_174708,paired_hierarchical,1,0,0,948c69fa52a0a115,rpoD->bdcA,shared_complete_observation_shared_scores,maximum,prefix,complete,0,5000,0.6,0.0,instrument_error,2151398048,921666314,2151398048,rpoD,bdcA,False,identifiable,alpA|basR|btsR|glaR|glrR|nsrR|ptrR|rcdA,5000,0.16600705994849646,0.008981383729785384,1.3171710205268827,18.483461451263846,0.31521494297258834,5636,,,,[],0,,False,True,
csd-20260805_174708,paired_hierarchical,1,0,0,948c69fa52a0a115,rpoD->bioA,shared_complete_observation_shared_scores,maximum,prefix,complete,0,5000,0.6,0.0,instrument_error,2151398048,921666314,2151398048,rpoD,bioA,False,identifiable,alpA|basR|birA|btsR|glaR|glrR|nsrR|ptrR|rcdA,5000,0.0035511005238294266,0.009269769803709966,1.403049184309269,0.3830840030577888,0.17687602477715086,5636,,,,[],0,,False,True,
csd-20260805_174708,paired_hierarchical,1,0,0,948c69fa52a0a115,rpoD->bioB,shared_complete_observation_shared_scores,maximum,prefix,complete,0,5000,0.6,0.0,instrument_error,2151398048,921666314,2151398048,rpoD,bioB,False,identifiable,alpA|basR|birA|btsR|glaR|glrR|nsrR|ptrR|rcdA,5000,0.21541297528903766,0.00888702295299226,1.2895779551722117,24.239047927349862,0.1916271587799797,5636,,,,[],0,,False,True,
csd-20260805_174708,paired_hierarchical,1,0,0,948c69fa52a0a115,rpoD->bioC,shared_complete_observation_shared_scores,maximum,prefix,complete,0,5000,0.6,0.0,instrument_error,2151398048,921666314,2151398048,rpoD,bioC,False,identifiable,alpA|basR|birA|btsR|glaR|glrR|nsrR|ptrR|rcdA,5000,0.3010471108387183,0.00816838878580526,1.0894512401343843,36.85513982413122,0.19407519261500805,5636,,,,[],0,,False,True,
csd-20260805_174708,paired_hierarchical,1,0,0,948c69fa52a0a115,rpoD->bioD,shared_complete_observation_shared_scores,maximum,prefix,complete,0,5000,0.6,0.0,instrument_error,2151398048,921666314,2151398048,rpoD,bioD,False,identifiable,alpA|basR|birA|btsR|glaR|glrR|nsrR|ptrR|rcdA,5000,0.08003603855797035,0.007996466743994662,1.0440739679973174,10.008925331688191,0.10125323442736532,5636,,,,[],0,,False,True,
csd-20260805_174708,paired_hierarchical,1,0,0,948c69fa52a0a115,rpoD->bioF,shared_complete_observation_shared_scores,maximum,prefix,complete,0,5000,0.6,0.0,instrument_error,2151398048,921666314,2151398048,rpoD,bioF,False,identifiable,alpA|basR|birA|btsR|glaR|glrR|nsrR|ptrR|rcdA,5000,0.16627693149272313,0.008721308195138326,1.241933278900982,19.065595180481505,0.1697688492913313,5636,,,,[],0,,False,True,
csd-20260805_174708,paired_hierarchical,1,0,0,948c69fa52a0a115,rpoD->btuD,shared_complete_observation_shared_scores,maximum,prefix,complete,0,5000,0.6,0.0,instrument_error,2151398048,921666314,2151398048,rpoD,btuD,False,identifiable,alpA|basR|btsR|glaR|glrR|nsrR|ptrR|rcdA,5000,-0.0006050280726874495,0.00848041361526895,1.1743288550593314,-0.0713441702416612,0.0692293252357389,5636,,,,[],0,,False,True,
csd-20260805_174708,paired_hierarchical,1,0,0,948c69fa52a0a115,rpoD->cecR,shared_complete_observation_shared_scores,maximum,prefix,complete,0,5000,0.6,0.0,instrument_error,2151398048,921666314,2151398048,rpoD,cecR,False,identifiable,alpA|basR|btsR|glaR|glrR|nsrR|ptrR|rcdA,5000,-0.13441943522909353,0.008518792562492048,1.1849819883716586,-15.77916520950841,0.1118629624222787,5636,,,,[],0,,False,True,
csd-20260805_174708,paired_hierarchical,1,0,0,948c69fa52a0a115,rpoD->cedA,shared_complete_observation_shared_scores,maximum,prefix,complete,0,5000,0.6,0.0,instrument_error,2151398048,921666314,2151398048,rpoD,cedA,False,identifiable,alpA|basR|btsR|glaR|glrR|nsrR|ptrR|rcdA,5000,0.2714436106279078,0.009178397207847593,1.3755911084733299,29.574184302660342,0.21424402519179078,5636,,,,[],0,,False,True,
csd-20260805_174708,paired_hierarchical,1,0,0,948c69fa52a0a115,rpoD->chpB,shared_complete_observation_shared_scores,maximum,prefix,complete,0,5000,0.6,0.0,instrument_error,2151398048,921666314,2151398048,rpoD,chpB,False,identifiable,alpA|basR|btsR|glaR|glrR|nsrR|ptrR|rcdA,5000,0.23974445614325957,0.008075986968454076,1.0649933157963685,29.6860875431987,0.1761815856812677,5636,,,,[],0,,False,True,
csd-20260805_174708,paired_hierarchical,1,0,0,948c69fa52a0a115,rpoD->clpA,shared_complete_observation_shared_scores,maximum,prefix,complete,0,5000,0.6,0.0,instrument_error,2151398048,921666314,2151398048,rpoD,clpA,False,identifiable,alpA|basR|btsR|glaR|glrR|nsrR|ptrR|rcdA,5000,0.04697998054598628,0.009359964345780401,1.4305533275404139,5.019247810186958,0.2536658733661259,5636,,,,[],0,,False,True,
csd-20260805_174708,paired_hierarchical,1,0,0,948c69fa52a0a115,rpoD->cmk,shared_complete_observation_shared_scores,maximum,prefix,complete,0,5000,0.6,0.0,instrument_error,2151398048,921666314,2151398048,rpoD,cmk,False,identifiable,alpA|basR|btsR|glaR|glrR|nsrR|ptrR|rcdA,5000,0.113514790728012,0.008021003882600726,1.0505412652895043,14.152192467360585,0.07385918819324618,5636,,,,[],0,,False,True,
csd-20260805_174708,paired_hierarchical,1,0,0,948c69fa52a0a115,rpoD->coaD,shared_complete_observation_shared_scores,maximum,prefix,complete,0,5000,0.6,0.0,instrument_error,2151398048,921666314,2151398048,rpoD,coaD,False,identifiable,alpA|basR|btsR|glaR|glrR|nsrR|ptrR|rcdA,5000,0.10437569584097742,0.00853549887205902,1.1896343114648174,12.228423599545138,0.08429316366910043,5636,,,,[],0,,False,True,
csd-20260805_174708,paired_hierarchical,1,0,0,948c69fa52a0a115,rpoD->cobS,shared_complete_observation_shared_scores,maximum,prefix,complete,0,5000,0.6,0.0,instrument_error,2151398048,921666314,2151398048,rpoD,cobS,False,identifiable,alpA|basR|btsR|glaR|glrR|nsrR|ptrR|rcdA,5000,0.2593437988950898,0.008089664530341305,1.0686037344434116,32.05865928338415,0.1537078989875123,5636,,,,[],0,,False,True,
csd-20260805_174708,paired_hierarchical,1,0,0,948c69fa52a0a115,rpoD->corA,shared_complete_observation_shared_scores,maximum,prefix,complete,0,5000,0.6,0.0,instrument_error,2151398048,921666314,2151398048,rpoD,corA,False,identifiable,alpA|basR|btsR|glaR|glrR|nsrR|ptrR|rcdA,5000,0.22662526972283087,0.007979409399134125,1.0396739417017744,28.401258587812627,0.2214842457270662,5636,,,,[],0,,False,True,
csd-20260805_174708,paired_hierarchical,1,0,0,948c69fa52a0a115,rpoD->cutA,shared_complete_observation_shared_scores,maximum,prefix,complete,0,5000,0.6,0.0,instrument_error,2151398048,921666314,2151398048,rpoD,cutA,False,identifiable,alpA|basR|btsR|glaR|glrR|nsrR|ptrR|rcdA,5000,0.7628880537570395,0.01051764779794803,1.8063125953427581,72.5340939735477,0.5613178968848994,5636,,,,[],0,,False,True,
csd-20260805_174708,paired_hierarchical,1,0,0,948c69fa52a0a115,rpoD->cysT,shared_complete_observation_shared_scores,maximum,prefix,complete,0,5000,0.6,0.0,instrument_error,2151398048,921666314,2151398048,rpoD,cysT,False,identifiable,alpA|basR|btsR|glaR|glrR|nsrR|ptrR|rcdA,5000,0.15198618280240808,0.008635599748033665,1.2177010289784147,17.599956834152195,0.0949643232887055,5636,,,,[],0,,False,True,
csd-20260805_174708,paired_hierarchical,1,0,0,948c69fa52a0a115,rpoD->dam,shared_complete_observation_shared_scores,maximum,prefix,complete,0,5000,0.6,0.0,instrument_error,2151398048,921666314,2151398048,rpoD,dam,False,identifiable,alpA|basR|btsR|glaR|glrR|nsrR|ptrR|rcdA,5000,0.1074272789743026,0.009665718032712805,1.5255410791569963,11.114257483067897,0.3681715063601573,5636,,,,[],0,,False,True,
csd-20260805_174708,paired_hierarchical,1,0,0,948c69fa52a0a115,rpoD->damX,shared_complete_observation_shared_scores,maximum,prefix,complete,0,5000,0.6,0.0,instrument_error,2151398048,921666314,2151398048,rpoD,damX,False,identifiable,alpA|basR|btsR|glaR|glrR|nsrR|ptrR|rcdA,5000,0.5500949036209318,0.009034108291456573,1.3326811266227028,60.89089104025338,0.37435402131834405,5636,,,,[],0,,False,True,
csd-20260805_174708,paired_hierarchical,1,0,0,948c69fa52a0a115,rpoD->dapA,shared_complete_observation_shared_scores,maximum,prefix,complete,0,5000,0.6,0.0,instrument_error,2151398048,921666314,2151398048,rpoD,dapA,False,identifiable,alpA|basR|btsR|glaR|glrR|nsrR|ptrR|rcdA,5000,0.5392614548636862,0.009417565219597178,1.4482146487547811,57.26123921515589,0.36178137905313834,5636,,,,[],0,,False,True,
csd-20260805_174708,paired_hierarchical,1,0,0,948c69fa52a0a115,rpoD->dapE,shared_complete_observation_shared_scores,maximum,prefix,complete,0,5000,0.6,0.0,instrument_error,2151398048,921666314,2151398048,rpoD,dapE,False,identifiable,alpA|basR|btsR|glaR|glrR|nsrR|ptrR|rcdA,5000,0.1922224454410341,0.00784802284770584,1.0057179014460844,24.493104718371864,0.1910852891375738,5636,,,,[],0,,False,True,
csd-20260805_174708,paired_hierarchical,1,0,0,948c69fa52a0a115,rpoD->dapF,shared_complete_observation_shared_scores,maximum,prefix,complete,0,5000,0.6,0.0,instrument_error,2151398048,921666314,2151398048,rpoD,dapF,False,identifiable,alpA|basR|btsR|glaR|glrR|nsrR|ptrR|rcdA,5000,0.14103812883393865,0.007622902229194403,0.9488473788278623,18.501893975996033,0.1345173599821634,5636,,,,[],0,,False,True,
csd-20260805_174708,paired_hierarchical,1,0,0,948c69fa52a0a115,rpoD->def,shared_complete_observation_shared_scores,maximum,prefix,complete,0,5000,0.6,0.0,instrument_error,2151398048,921666314,2151398048,rpoD,def,False,estimation_error,alpA|basR|btsR|glaR|glrR|nsrR|ptrR|rcdA,5000,,,,,0.19332453836317293,5636,"SyntaxError('invalid syntax', ('<unknown>', 1, 4, 'def\n', 1, 5))",,,[],0,,False,True,
csd-20260805_174708,paired_hierarchical,1,0,0,948c69fa52a0a115,rpoD->degQ,shared_complete_observation_shared_scores,maximum,prefix,complete,0,5000,0.6,0.0,instrument_error,2151398048,921666314,2151398048,rpoD,degQ,False,identifiable,alpA|basR|btsR|glaR|glrR|nsrR|ptrR|rcdA,5000,0.2909682553924284,0.007883061787634142,1.0147183735291532,36.910563843208635,0.2842989530461196,5636,,,,[],0,,False,True,
csd-20260805_174708,paired_hierarchical,1,0,0,948c69fa52a0a115,rpoD->degS,shared_complete_observation_shared_scores,maximum,prefix,complete,0,5000,0.6,0.0,instrument_error,2151398048,921666314,2151398048,rpoD,degS,False,identifiable,alpA|basR|btsR|glaR|glrR|nsrR|ptrR|rcdA,5000,0.36241732934914916,0.00795946170099732,1.0344822844978796,45.53289442974998,0.28177245020257957,5636,,,,[],0,,False,True,
csd-20260805_174708,paired_hierarchical,1,0,0,948c69fa52a0a115,rpoD->dicB,shared_complete_observation_shared_scores,maximum,prefix,complete,0,5000,0.6,0.0,instrument_error,2151398048,921666314,2151398048,rpoD,dicB,False,identifiable,alpA|basR|btsR|dicA|dicD|glaR|glrR|nsrR|ptrR|rcdA,5000,0.21747910378887264,0.00872789454172748,1.2193595997527782,24.917705266616085,0.18907627882190794,5636,,,,[],0,,False,True,
csd-20260805_174708,paired_hierarchical,1,0,0,948c69fa52a0a115,rpoD->dicC,shared_complete_observation_shared_scores,maximum,prefix,complete,0,5000,0.6,0.0,instrument_error,2151398048,921666314,2151398048,rpoD,dicC,False,identifiable,alpA|basR|btsR|dicA|dicD|glaR|glrR|nsrR|ptrR|rcdA,5000,0.18027482608688025,0.00787448633702958,0.9925611883052695,22.893534685448916,0.18192605917667046,5636,,,,[],0,,False,True,
csd-20260805_174708,paired_hierarchical,1,0,0,948c69fa52a0a115,rpoD->dsdC,shared_complete_observation_shared_scores,maximum,prefix,complete,0,5000,0.6,0.0,instrument_error,2151398048,921666314,2151398048,rpoD,dsdC,False,identifiable,alpA|basR|btsR|glaR|glrR|nsrR|ptrR|rcdA,5000,0.19147092872670962,0.005021106018933085,0.4116749542905445,38.13321766254888,0.29548506950069886,5636,,,,[],0,,False,True,
csd-20260805_174708,paired_hierarchical,1,0,0,948c69fa52a0a115,rpoD->dut,shared_complete_observation_shared_scores,maximum,prefix,complete,0,5000,0.6,0.0,instrument_error,2151398048,921666314,2151398048,rpoD,dut,False,identifiable,alpA|basR|btsR|glaR|glrR|nsrR|ptrR|rcdA,5000,-0.19619031117852365,0.00947628154442234,1.4663295060111734,-20.703301211433466,0.09066494911920865,5636,,,,[],0,,False,True,
csd-20260805_174708,paired_hierarchical,1,0,0,948c69fa52a0a115,rpoD->dxs,shared_complete_observation_shared_scores,maximum,prefix,complete,0,5000,0.6,0.0,instrument_error,2151398048,921666314,2151398048,rpoD,dxs,False,identifiable,alpA|basR|btsR|glaR|glrR|nsrR|ptrR|rcdA,5000,0.3606127846520217,0.00887147623285156,1.2851311480633703,40.64856571634074,0.2314903517633811,5636,,,,[],0,,False,True,
csd-20260805_174708,paired_hierarchical,1,0,0,948c69fa52a0a115,rpoD->efp,shared_complete_observation_shared_scores,maximum,prefix,complete,0,5000,0.6,0.0,instrument_error,2151398048,921666314,2151398048,rpoD,efp,False,identifiable,alpA|basR|btsR|glaR|glrR|nsrR|ptrR|rcdA,5000,0.4469115876117738,0.007752710051188419,0.981437722873756,57.64585347071846,0.38950027036279533,5636,,,,[],0,,False,True,
csd-20260805_174708,paired_hierarchical,1,0,0,948c69fa52a0a115,rpoD->emrA,shared_complete_observation_shared_scores,maximum,prefix,complete,0,5000,0.6,0.0,instrument_error,2151398048,921666314,2151398048,rpoD,emrA,False,identifiable,alpA|basR|btsR|glaR|glrR|nsrR|ptrR|rcdA,5000,0.31856076653839627,0.008542544488618173,1.1915990862634775,37.29108662680504,0.2801737701324456,5636,,,,[],0,,False,True,
csd-20260805_174708,paired_hierarchical,1,0,0,948c69fa52a0a115,rpoD->emrB,shared_complete_observation_shared_scores,maximum,prefix,complete,0,5000,0.6,0.0,instrument_error,2151398048,921666314,2151398048,rpoD,emrB,False,identifiable,alpA|basR|btsR|glaR|glrR|nsrR|ptrR|rcdA,5000,0.5708834192226633,0.008721033557090576,1.2419141582676487,65.46052316912717,0.3862973816251832,5636,,,,[],0,,False,True,
csd-20260805_174708,paired_hierarchical,1,0,0,948c69fa52a0a115,rpoD->era,shared_complete_observation_shared_scores,maximum,prefix,complete,0,5000,0.6,0.0,instrument_error,2151398048,921666314,2151398048,rpoD,era,False,identifiable,alpA|basR|btsR|glaR|glrR|nsrR|ptrR|rcdA,5000,0.8548073377847635,0.007944598043866564,1.030622266406165,107.59604615172405,0.850893826476197,5636,,,,[],0,,False,True,
csd-20260805_174708,paired_hierarchical,1,0,0,948c69fa52a0a115,rpoD->fabF,shared_complete_observation_shared_scores,maximum,prefix,complete,0,5000,0.6,0.0,instrument_error,2151398048,921666314,2151398048,rpoD,fabF,False,identifiable,alpA|basR|btsR|glaR|glrR|nsrR|ptrR|rcdA,5000,0.31339112482297693,0.00824845703381521,1.1109668392196654,37.99390886540415,0.2982155371686276,5636,,,,[],0,,False,True,
csd-20260805_174708,paired_hierarchical,1,0,0,948c69fa52a0a115,rpoD->fdx,shared_complete_observation_shared_scores,maximum,prefix,complete,0,5000,0.6,0.0,instrument_error,2151398048,921666314,2151398048,rpoD,fdx,False,identifiable,alpA|basR|btsR|glaR|glrR|nsrR|ptrR|rcdA,5000,-0.02367557483572142,0.00826522162688365,1.115487402037757,-2.8644815474413536,0.11099545029195346,5636,,,,[],0,,False,True,
csd-20260805_174708,paired_hierarchical,1,0,0,948c69fa52a0a115,rpoD->fmt,shared_complete_observation_shared_scores,maximum,prefix,complete,0,5000,0.6,0.0,instrument_error,2151398048,921666314,2151398048,rpoD,fmt,False,identifiable,alpA|basR|btsR|glaR|glrR|nsrR|ptrR|rcdA,5000,0.0653498750531185,0.008948496782248232,1.3075425651076678,7.3028885904901575,0.19447856507345113,5636,,,,[],0,,False,True,
csd-20260805_174708,paired_hierarchical,1,0,0,948c69fa52a0a115,rpoD->frr,shared_complete_observation_shared_scores,maximum,prefix,complete,0,5000,0.6,0.0,instrument_error,2151398048,921666314,2151398048,rpoD,frr,False,identifiable,alpA|basR|btsR|glaR|glrR|nsrR|ptrR|rcdA,5000,0.045925012812581295,0.009435183334413223,1.4536382752567565,4.867421351006254,0.07986881451751966,5636,,,,[],0,,False,True,
csd-20260805_174708,paired_hierarchical,1,0,0,948c69fa52a0a115,rpoD->frsA,shared_complete_observation_shared_scores,maximum,prefix,complete,0,5000,0.6,0.0,instrument_error,2151398048,921666314,2151398048,rpoD,frsA,False,identifiable,alpA|basR|btsR|glaR|glrR|nsrR|ptrR|rcdA,5000,0.14084185582629655,0.007811365458304577,0.9963446128364641,18.030375941066985,0.15125842787434582,5636,,,,[],0,,False,True,
csd-20260805_174708,paired_hierarchical,1,0,0,948c69fa52a0a115,rpoD->gcvA,shared_complete_observation_shared_scores,maximum,prefix,complete,0,5000,0.6,0.0,instrument_error,2151398048,921666314,2151398048,rpoD,gcvA,False,identifiable,alpA|basR|btsR|glaR|glrR|nsrR|ptrR|rcdA,5000,0.23855688837506525,0.0074080232575528815,0.8961079645992642,32.20250262198402,0.2665581016313896,5636,,,,[],0,,False,True,
csd-20260805_174708,paired_hierarchical,1,0,0,948c69fa52a0a115,rpoD->gcvR,shared_complete_observation_shared_scores,maximum,prefix,complete,0,5000,0.6,0.0,instrument_error,2151398048,921666314,2151398048,rpoD,gcvR,False,identifiable,alpA|basR|btsR|glaR|glrR|nsrR|ptrR|rcdA,5000,0.6003929310765767,0.008753317520201916,1.2511259383722828,68.59032928840072,0.28929301016109066,5636,,,,[],0,,False,True,
csd-20260805_174708,paired_hierarchical,1,0,0,948c69fa52a0a115,rpoD->glrK,shared_complete_observation_shared_scores,maximum,prefix,complete,0,5000,0.6,0.0,instrument_error,2151398048,921666314,2151398048,rpoD,glrK,False,identifiable,alpA|basR|btsR|glaR|glrR|nsrR|ptrR|rcdA,5000,0.23068024806138707,0.007835426481565667,1.0024920636653767,29.44067545067346,0.2376502364443105,5636,,,,[],0,,False,True,
csd-20260805_174708,paired_hierarchical,1,0,0,948c69fa52a0a115,rpoD->glyQ,shared_complete_observation_shared_scores,maximum,prefix,complete,0,5000,0.6,0.0,instrument_error,2151398048,921666314,2151398048,rpoD,glyQ,False,identifiable,alpA|basR|btsR|glaR|glrR|nsrR|ptrR|rcdA,5000,0.3173644192521174,0.008974437032906452,1.315134263265371,35.363156272470505,0.3047623555229032,5636,,,,[],0,,False,True,
csd-20260805_174708,paired_hierarchical,1,0,0,948c69fa52a0a115,rpoD->glyS,shared_complete_observation_shared_scores,maximum,prefix,complete,0,5000,0.6,0.0,instrument_error,2151398048,921666314,2151398048,rpoD,glyS,False,identifiable,alpA|basR|btsR|glaR|glrR|nsrR|ptrR|rcdA,5000,0.3703977960066123,0.008271727847618149,1.1172442729639536,44.77876966337434,0.25800439881881654,5636,,,,[],0,,False,True,
csd-20260805_174708,paired_hierarchical,1,0,0,948c69fa52a0a115,rpoD->glyV,shared_complete_observation_shared_scores,maximum,prefix,complete,0,5000,0.6,0.0,instrument_error,2151398048,921666314,2151398048,rpoD,glyV,False,identifiable,alpA|basR|btsR|glaR|glrR|nsrR|ptrR|rcdA,5000,0.15856961259414365,0.008599366747601665,1.2075040762562534,18.439684833580124,0.1604890070167744,5636,,,,[],0,,False,True,
csd-20260805_174708,paired_hierarchical,1,0,0,948c69fa52a0a115,rpoD->glyW,shared_complete_observation_shared_scores,maximum,prefix,complete,0,5000,0.6,0.0,instrument_error,2151398048,921666314,2151398048,rpoD,glyW,False,identifiable,alpA|basR|btsR|glaR|glrR|nsrR|ptrR|rcdA,5000,0.4050092829408142,0.008350079382357363,1.1385100576390075,48.50364462361237,0.4228679959402613,5636,,,,[],0,,False,True,
csd-20260805_174708,paired_hierarchical,1,0,0,948c69fa52a0a115,rpoD->glyX,shared_complete_observation_shared_scores,maximum,prefix,complete,0,5000,0.6,0.0,instrument_error,2151398048,921666314,2151398048,rpoD,glyX,False,identifiable,alpA|basR|btsR|glaR|glrR|nsrR|ptrR|rcdA,5000,0.6593011473598427,0.008748652367893921,1.2497926981033622,75.36030918080215,0.6649756884027049,5636,,,,[],0,,False,True,
csd-20260805_174708,paired_hierarchical,1,0,0,948c69fa52a0a115,rpoD->glyY,shared_complete_observation_shared_scores,maximum,prefix,complete,0,5000,0.6,0.0,instrument_error,2151398048,921666314,2151398048,rpoD,glyY,False,identifiable,alpA|basR|btsR|glaR|glrR|nsrR|ptrR|rcdA,5000,-0.07463811724750717,0.009852980986374922,1.5852251448116532,-7.575181292922377,0.07913849681827413,5636,,,,[],0,,False,True,
csd-20260805_174708,paired_hierarchical,1,0,0,948c69fa52a0a115,rpoD->gntR,shared_complete_observation_shared_scores,maximum,prefix,complete,0,5000,0.6,0.0,instrument_error,2151398048,921666314,2151398048,rpoD,gntR,False,identifiable,alpA|basR|btsR|glaR|glrR|nsrR|ptrR|rcdA,5000,0.2621833799849881,0.008092535856422571,1.069362444348126,32.39817340777162,0.18465452285868394,5636,,,,[],0,,False,True,
csd-20260805_174708,paired_hierarchical,1,0,0,948c69fa52a0a115,rpoD->gph,shared_complete_observation_shared_scores,maximum,prefix,complete,0,5000,0.6,0.0,instrument_error,2151398048,921666314,2151398048,rpoD,gph,False,identifiable,alpA|basR|btsR|glaR|glrR|nsrR|ptrR|rcdA,5000,0.34968346051513505,0.009495040753017908,1.4721407321754005,36.828010496320566,0.23310930630813212,5636,,,,[],0,,False,True,
csd-20260805_174708,paired_hierarchical,1,0,0,948c69fa52a0a115,rpoD->grxB,shared_complete_observation_shared_scores,maximum,prefix,complete,0,5000,0.6,0.0,instrument_error,2151398048,921666314,2151398048,rpoD,grxB,False,identifiable,alpA|basR|btsR|glaR|glrR|nsrR|ptrR|rcdA,5000,0.11924637632864199,0.010291193527627881,1.729366944698603,11.587225136570556,0.2512722688738338,5636,,,,[],0,,False,True,
csd-20260805_174708,paired_hierarchical,1,0,0,948c69fa52a0a115,rpoD->grxC,shared_complete_observation_shared_scores,maximum,prefix,complete,0,5000,0.6,0.0,instrument_error,2151398048,921666314,2151398048,rpoD,grxC,False,identifiable,alpA|basR|btsR|glaR|glrR|nsrR|ptrR|rcdA,5000,0.49649783947701354,0.007969667952661942,1.0371369755325774,62.298434818878334,0.5116660283387904,5636,,,,[],0,,False,True,
csd-20260805_174708,paired_hierarchical,1,0,0,948c69fa52a0a115,rpoD->grxD,shared_complete_observation_shared_scores,maximum,prefix,complete,0,5000,0.6,0.0,instrument_error,2151398048,921666314,2151398048,rpoD,grxD,False,identifiable,alpA|basR|btsR|glaR|glrR|nsrR|ptrR|rcdA,5000,0.27659833478664386,0.00830889467376841,1.1273069137923168,33.28942604843439,0.2769925459299765,5636,,,,[],0,,False,True,
csd-20260805_174708,paired_hierarchical,1,0,0,948c69fa52a0a115,rpoD->gsk,shared_complete_observation_shared_scores,maximum,prefix,complete,0,5000,0.6,0.0,instrument_error,2151398048,921666314,2151398048,rpoD,gsk,False,identifiable,alpA|basR|btsR|glaR|glrR|nsrR|ptrR|rcdA,5000,0.28669226672596443,0.00789536876418718,1.0178891880535748,36.31144729127533,0.2900700968066717,5636,,,,[],0,,False,True,
csd-20260805_174708,paired_hierarchical,1,0,0,948c69fa52a0a115,rpoD->higA,shared_complete_observation_shared_scores,maximum,prefix,complete,0,5000,0.6,0.0,instrument_error,2151398048,921666314,2151398048,rpoD,higA,False,identifiable,alpA|basR|btsR|glaR|glrR|nsrR|ptrR|rcdA,5000,-0.05209473724105305,0.007280104515072289,0.8654278988321896,-7.155767768608163,0.14240554662427235,5636,,,,[],0,,False,True,
csd-20260805_174708,paired_hierarchical,1,0,0,948c69fa52a0a115,rpoD->higB,shared_complete_observation_shared_scores,maximum,prefix,complete,0,5000,0.6,0.0,instrument_error,2151398048,921666314,2151398048,rpoD,higB,False,identifiable,alpA|basR|btsR|glaR|glrR|nsrR|ptrR|rcdA,5000,0.17411593705168615,0.007369549300216799,0.8868241678784545,23.626402369893093,0.30177925636300507,5636,,,,[],0,,False,True,
csd-20260805_174708,paired_hierarchical,1,0,0,948c69fa52a0a115,rpoD->hisS,shared_complete_observation_shared_scores,maximum,prefix,complete,0,5000,0.6,0.0,instrument_error,2151398048,921666314,2151398048,rpoD,hisS,False,identifiable,alpA|basR|btsR|glaR|glrR|nsrR|ptrR|rcdA,5000,0.4218822718208515,0.00825423446224175,1.1125236829354264,51.11101141489424,0.4620672425013138,5636,,,,[],0,,False,True,
csd-20260805_174708,paired_hierarchical,1,0,0,948c69fa52a0a115,rpoD->hokD,shared_complete_observation_shared_scores,maximum,prefix,complete,0,5000,0.6,0.0,instrument_error,2151398048,921666314,2151398048,rpoD,hokD,False,identifiable,alpA|basR|btsR|glaR|glrR|nsrR|ptrR|rcdA,5000,0.14954737272918414,0.008773429205094618,1.2568817348594847,17.045486916603135,0.1821750230036448,5636,,,,[],0,,False,True,
csd-20260805_174708,paired_hierarchical,1,0,0,948c69fa52a0a115,rpoD->hscA,shared_complete_observation_shared_scores,maximum,prefix,complete,0,5000,0.6,0.0,instrument_error,2151398048,921666314,2151398048,rpoD,hscA,False,identifiable,alpA|basR|btsR|glaR|glrR|nsrR|ptrR|rcdA,5000,0.20292067621659637,0.007664628463680826,0.9592634082827131,26.474952723167835,0.18551753344520783,5636,,,,[],0,,False,True,
csd-20260805_174708,paired_hierarchical,1,0,0,948c69fa52a0a115,rpoD->hscB,shared_complete_observation_shared_scores,maximum,prefix,complete,0,5000,0.6,0.0,instrument_error,2151398048,921666314,2151398048,rpoD,hscB,False,identifiable,alpA|basR|btsR|glaR|glrR|nsrR|ptrR|rcdA,5000,0.07159647854169801,0.00891858840688626,1.2988168266042188,8.027781446491758,0.23369329496386065,5636,,,,[],0,,False,True,
csd-20260805_174708,paired_hierarchical,1,0,0,948c69fa52a0a115,rpoD->ibsC,shared_complete_observation_shared_scores,maximum,prefix,complete,0,5000,0.6,0.0,instrument_error,2151398048,921666314,2151398048,rpoD,ibsC,False,identifiable,alpA|basR|btsR|glaR|glrR|nsrR|ptrR|rcdA,5000,0.3163816808524486,0.008149071381880996,1.0843560505447405,38.82426181170845,0.1896742156082449,5636,,,,[],0,,False,True,
csd-20260805_174708,paired_hierarchical,1,0,0,948c69fa52a0a115,rpoD->ibsD,shared_complete_observation_shared_scores,maximum,prefix,complete,0,5000,0.6,0.0,instrument_error,2151398048,921666314,2151398048,rpoD,ibsD,False,identifiable,alpA|basR|btsR|glaR|glrR|nsrR|ptrR|rcdA,5000,0.09188902449959335,0.008887550397907326,1.2897924071722977,10.339072116117581,0.12146406792293116,5636,,,,[],0,,False,True,
csd-20260805_174708,paired_hierarchical,1,0,0,948c69fa52a0a115,rpoD->ileX,shared_complete_observation_shared_scores,maximum,prefix,complete,0,5000,0.6,0.0,instrument_error,2151398048,921666314,2151398048,rpoD,ileX,False,identifiable,alpA|basR|btsR|glaR|glrR|nsrR|ptrR|rcdA,5000,0.3503568626779944,0.008412892088876753,1.1557031571156418,41.64523435896968,0.32274497218083514,5636,,,,[],0,,False,True,
csd-20260805_174708,paired_hierarchical,1,0,0,948c69fa52a0a115,rpoD->insD7,shared_complete_observation_shared_scores,maximum,prefix,complete,0,5000,0.6,0.0,instrument_error,2151398048,921666314,2151398048,rpoD,insD7,False,identifiable,alpA|basR|btsR|dicA|glaR|glrR|nsrR|ptrR|rcdA,5000,0.34564961672593447,0.007693809710226089,0.9649524547462064,44.925677881858775,0.33830536024085645,5636,,,,[],0,,False,True,
csd-20260805_174708,paired_hierarchical,1,0,0,948c69fa52a0a115,rpoD->intQ,shared_complete_observation_shared_scores,maximum,prefix,complete,0,5000,0.6,0.0,instrument_error,2151398048,921666314,2151398048,rpoD,intQ,False,identifiable,alpA|basR|btsR|dicA|glaR|glrR|nsrR|ptrR|rcdA,5000,0.16540704348902538,0.007870080007392333,1.0096743618562667,21.017199740493012,0.1696652320765287,5636,,,,[],0,,False,True,
csd-20260805_174708,paired_hierarchical,1,0,0,948c69fa52a0a115,rpoD->intS,shared_complete_observation_shared_scores,maximum,prefix,complete,0,5000,0.6,0.0,instrument_error,2151398048,921666314,2151398048,rpoD,intS,False,identifiable,alpA|basR|btsR|glaR|glrR|nsrR|ptrR|rcdA,5000,0.34162965771441,0.007960390863256703,1.0347238229427378,42.91619137588989,0.37798524615835544,5636,,,,[],0,,False,True,
csd-20260805_174708,paired_hierarchical,1,0,0,948c69fa52a0a115,rpoD->iscA,shared_complete_observation_shared_scores,maximum,prefix,complete,0,5000,0.6,0.0,instrument_error,2151398048,921666314,2151398048,rpoD,iscA,False,identifiable,alpA|basR|btsR|glaR|glrR|nsrR|ptrR|rcdA,5000,-0.302601445697993,0.009417979930529225,1.4483421984253282,-32.130185871078716,0.23295654175433206,5636,,,,[],0,,False,True,
csd-20260805_174708,paired_hierarchical,1,0,0,948c69fa52a0a115,rpoD->iscR,shared_complete_observation_shared_scores,maximum,prefix,complete,0,5000,0.6,0.0,instrument_error,2151398048,921666314,2151398048,rpoD,iscR,False,identifiable,alpA|basR|btsR|glaR|glrR|nsrR|ptrR|rcdA,5000,0.009347972621954446,0.007038671815499453,0.8089787160940579,1.3280875805815828,0.0954766255177027,5636,,,,[],0,,False,True,
csd-20260805_174708,paired_hierarchical,1,0,0,948c69fa52a0a115,rpoD->iscS,shared_complete_observation_shared_scores,maximum,prefix,complete,0,5000,0.6,0.0,instrument_error,2151398048,921666314,2151398048,rpoD,iscS,False,identifiable,alpA|basR|btsR|glaR|glrR|nsrR|ptrR|rcdA,5000,0.27955520657796384,0.008798238294569957,1.264000086946015,31.77399806851083,0.31768253762876386,5636,,,,[],0,,False,True,
csd-20260805_174708,paired_hierarchical,1,0,0,948c69fa52a0a115,rpoD->iscU,shared_complete_observation_shared_scores,maximum,prefix,complete,0,5000,0.6,0.0,instrument_error,2151398048,921666314,2151398048,rpoD,iscU,False,identifiable,alpA|basR|btsR|glaR|glrR|nsrR|ptrR|rcdA,5000,0.3286774221382518,0.007974970519346295,1.038517539322814,41.21362221226033,0.34211081572301905,5636,,,,[],0,,False,True,
csd-20260805_174708,paired_hierarchical,1,0,0,948c69fa52a0a115,rpoD->iscX,shared_complete_observation_shared_scores,maximum,prefix,complete,0,5000,0.6,0.0,instrument_error,2151398048,921666314,2151398048,rpoD,iscX,False,identifiable,alpA|basR|btsR|glaR|glrR|nsrR|ptrR|rcdA,5000,0.2017277595420239,0.007878965204395384,1.0136640120912959,25.603331695066686,0.2021250641663323,5636,,,,[],0,,False,True,
csd-20260805_174708,paired_hierarchical,1,0,0,948c69fa52a0a115,rpoD->ispA,shared_complete_observation_shared_scores,maximum,prefix,complete,0,5000,0.6,0.0,instrument_error,2151398048,921666314,2151398048,rpoD,ispA,False,identifiable,alpA|basR|btsR|glaR|glrR|nsrR|ptrR|rcdA,5000,0.1306872443925377,0.007851192113175375,1.0065303431680157,16.645528794694325,0.16477720653786554,5636,,,,[],0,,False,True,
csd-20260805_174708,paired_hierarchical,1,0,0,948c69fa52a0a115,rpoD->istR,shared_complete_observation_shared_scores,maximum,prefix,complete,0,5000,0.6,0.0,instrument_error,2151398048,921666314,2151398048,rpoD,istR,False,identifiable,alpA|basR|btsR|glaR|glrR|nsrR|ptrR|rcdA,5000,0.23255151306645566,0.007940585084582579,1.0295813576969897,29.28644559428966,0.2420578044563013,5636,,,,[],0,,False,True,
csd-20260805_174708,paired_hierarchical,1,0,0,948c69fa52a0a115,rpoD->kdpB,shared_complete_observation_shared_scores,maximum,prefix,complete,0,5000,0.6,0.0,instrument_error,2151398048,921666314,2151398048,rpoD,kdpB,False,identifiable,alpA|basR|btsR|glaR|glrR|kdpE|nsrR|ptrR|rcdA,5000,0.33866266431493236,0.009527232063236751,1.4785371095182713,35.54680541704746,0.22328056965088855,5636,,,,[],0,,False,True,
csd-20260805_174708,paired_hierarchical,1,0,0,948c69fa52a0a115,rpoD->kdpC,shared_complete_observation_shared_scores,maximum,prefix,complete,0,5000,0.6,0.0,instrument_error,2151398048,921666314,2151398048,rpoD,kdpC,False,identifiable,alpA|basR|btsR|glaR|glrR|kdpE|nsrR|ptrR|rcdA,5000,0.13979751247920827,0.007873581327000346,1.0098186261709563,17.755263668873273,0.14243258085656793,5636,,,,[],0,,False,True,
csd-20260805_174708,paired_hierarchical,1,0,0,948c69fa52a0a115,rpoD->kdpF,shared_complete_observation_shared_scores,maximum,prefix,complete,0,5000,0.6,0.0,instrument_error,2151398048,921666314,2151398048,rpoD,kdpF,False,identifiable,alpA|basR|btsR|glaR|glrR|kdpE|nsrR|ptrR|rcdA,5000,0.2252610293236701,0.009221904989410326,1.385287860940593,24.42673499481303,0.15207036268917842,5636,,,,[],0,,False,True,
csd-20260805_174708,paired_hierarchical,1,0,0,948c69fa52a0a115,rpoD->kdsB,shared_complete_observation_shared_scores,maximum,prefix,complete,0,5000,0.6,0.0,instrument_error,2151398048,921666314,2151398048,rpoD,kdsB,False,identifiable,alpA|basR|btsR|glaR|glrR|nsrR|ptrR|rcdA,5000,0.198037356628062,0.009579843189862877,1.498554228947678,20.672296268650786,0.07688232030070041,5636,,,,[],0,,False,True,
csd-20260805_174708,paired_hierarchical,1,0,0,948c69fa52a0a115,rpoD->kdsC,shared_complete_observation_shared_scores,maximum,prefix,complete,0,5000,0.6,0.0,instrument_error,2151398048,921666314,2151398048,rpoD,kdsC,False,identifiable,alpA|basR|btsR|glaR|glrR|nsrR|ptrR|rcdA,5000,0.20226625185491726,0.008431882527760913,1.160926588201138,23.988267292503313,0.2474099670694187,5636,,,,[],0,,False,True,
csd-20260805_174708,paired_hierarchical,1,0,0,948c69fa52a0a115,rpoD->kdsD,shared_complete_observation_shared_scores,maximum,prefix,complete,0,5000,0.6,0.0,instrument_error,2151398048,921666314,2151398048,rpoD,kdsD,False,identifiable,alpA|basR|btsR|glaR|glrR|nsrR|ptrR|rcdA,5000,0.253608985686765,0.008821624106066779,1.2707284686358142,28.74855952118316,0.22346493438280068,5636,,,,[],0,,False,True,
csd-20260805_174708,paired_hierarchical,1,0,0,948c69fa52a0a115,rpoD->leuZ,shared_complete_observation_shared_scores,maximum,prefix,complete,0,5000,0.6,0.0,instrument_error,2151398048,921666314,2151398048,rpoD,leuZ,False,identifiable,alpA|basR|btsR|glaR|glrR|nsrR|ptrR|rcdA,5000,0.3208619063683088,0.008436586074630055,1.1622221460094173,38.032197328393714,0.22949742042085347,5636,,,,[],0,,False,True,
csd-20260805_174708,paired_hierarchical,1,0,0,948c69fa52a0a115,rpoD->lgt,shared_complete_observation_shared_scores,maximum,prefix,complete,0,5000,0.6,0.0,instrument_error,2151398048,921666314,2151398048,rpoD,lgt,False,identifiable,alpA|basR|btsR|glaR|glrR|nsrR|ptrR|rcdA,5000,0.4600826218293612,0.007876956579863313,1.0131472409630378,58.408678169626896,0.4514445960282055,5636,,,,[],0,,False,True,
csd-20260805_174708,paired_hierarchical,1,0,0,948c69fa52a0a115,rpoD->loiP,shared_complete_observation_shared_scores,maximum,prefix,complete,0,5000,0.6,0.0,instrument_error,2151398048,921666314,2151398048,rpoD,loiP,False,identifiable,alpA|basR|btsR|glaR|glrR|nsrR|ptrR|rcdA,5000,0.07173886861647169,0.009569472889078966,1.4953115773892651,7.496637426951982,0.15295055357141116,5636,,,,[],0,,False,True,
csd-20260805_174708,paired_hierarchical,1,0,0,948c69fa52a0a115,rpoD->lptC,shared_complete_observation_shared_scores,maximum,prefix,complete,0,5000,0.6,0.0,instrument_error,2151398048,921666314,2151398048,rpoD,lptC,False,identifiable,alpA|basR|btsR|glaR|glrR|nsrR|ptrR|rcdA,5000,0.2228364060391234,0.007897391421298873,1.0184107861160234,28.216457074439123,0.21134706090494768,5636,,,,[],0,,False,True,
csd-20260805_174708,paired_hierarchical,1,0,0,948c69fa52a0a115,rpoD->lptM,shared_complete_observation_shared_scores,maximum,prefix,complete,0,5000,0.6,0.0,instrument_error,2151398048,921666314,2151398048,rpoD,lptM,False,identifiable,alpA|basR|btsR|glaR|glrR|nsrR|ptrR|rcdA,5000,0.013049632355211407,0.009463013856196165,1.4622263810983478,1.3790143978989111,0.22634786805590162,5636,,,,[],0,,False,True,
csd-20260805_174708,paired_hierarchical,1,0,0,948c69fa52a0a115,rpoD->lpxT,shared_complete_observation_shared_scores,maximum,prefix,complete,0,5000,0.6,0.0,instrument_error,2151398048,921666314,2151398048,rpoD,lpxT,False,identifiable,alpA|basR|btsR|glaR|glrR|nsrR|ptrR|rcdA,5000,0.1625709876852591,0.00959769632146808,1.5041448873325256,16.938542566888795,0.2652519995619474,5636,,,,[],0,,False,True,
csd-20260805_174708,paired_hierarchical,1,0,0,948c69fa52a0a115,rpoD->mepH,shared_complete_observation_shared_scores,maximum,prefix,complete,0,5000,0.6,0.0,instrument_error,2151398048,921666314,2151398048,rpoD,mepH,False,identifiable,alpA|basR|btsR|glaR|glrR|nsrR|ptrR|rcdA,5000,0.032775484567084075,0.009014056610885932,1.3267717796464678,3.6360415717272483,0.1722551202384727,5636,,,,[],0,,False,True,
csd-20260805_174708,paired_hierarchical,1,0,0,948c69fa52a0a115,rpoD->metG,shared_complete_observation_shared_scores,maximum,prefix,complete,0,5000,0.6,0.0,instrument_error,2151398048,921666314,2151398048,rpoD,metG,False,identifiable,alpA|basR|btsR|glaR|glrR|nsrR|ptrR|rcdA,5000,0.44561598171816846,0.008802934639535027,1.2653498491506228,50.62129846072627,0.36240592608316513,5636,,,,[],0,,False,True,
csd-20260805_174708,paired_hierarchical,1,0,0,948c69fa52a0a115,rpoD->metW,shared_complete_observation_shared_scores,maximum,prefix,complete,0,5000,0.6,0.0,instrument_error,2151398048,921666314,2151398048,rpoD,metW,False,identifiable,alpA|basR|btsR|glaR|glrR|nsrR|ptrR|rcdA,5000,0.3512304809874387,0.00845965587720434,1.1685870178143174,41.51829413462025,0.2494127263690537,5636,,,,[],0,,False,True,
csd-20260805_174708,paired_hierarchical,1,0,0,948c69fa52a0a115,rpoD->metZ,shared_complete_observation_shared_scores,maximum,prefix,complete,0,5000,0.6,0.0,instrument_error,2151398048,921666314,2151398048,rpoD,metZ,False,identifiable,alpA|basR|btsR|glaR|glrR|nsrR|ptrR|rcdA,5000,0.26973803572681004,0.008584515965239719,1.2033370494295075,31.421461247090562,0.3048031943620407,5636,,,,[],0,,False,True,
csd-20260805_174708,paired_hierarchical,1,0,0,948c69fa52a0a115,rpoD->mfd,shared_complete_observation_shared_scores,maximum,prefix,complete,0,5000,0.6,0.0,instrument_error,2151398048,921666314,2151398048,rpoD,mfd,False,identifiable,alpA|basR|btsR|glaR|glrR|nsrR|ptrR|rcdA,5000,0.1583907728295611,0.008367152538167498,1.1431705718257004,18.930068754818052,0.12800766721913928,5636,,,,[],0,,False,True,
csd-20260805_174708,paired_hierarchical,1,0,0,948c69fa52a0a115,rpoD->mngR,shared_complete_observation_shared_scores,maximum,prefix,complete,0,5000,0.6,0.0,instrument_error,2151398048,921666314,2151398048,rpoD,mngR,False,identifiable,alpA|basR|btsR|glaR|glrR|nsrR|ptrR|rcdA,5000,0.27985415449747914,0.006324328979602967,0.6531073467014786,44.25041066017537,0.2944043057873088,5636,,,,[],0,,False,True,
csd-20260805_174708,paired_hierarchical,1,0,0,948c69fa52a0a115,rpoD->mprA,shared_complete_observation_shared_scores,maximum,prefix,complete,0,5000,0.6,0.0,instrument_error,2151398048,921666314,2151398048,rpoD,mprA,False,identifiable,alpA|basR|btsR|glaR|glrR|nsrR|ptrR|rcdA,5000,-0.04469273780228483,0.00552924307278547,0.4992143124791292,-8.082975773349379,0.14418031866986536,5636,,,,[],0,,False,True,
csd-20260805_174708,paired_hierarchical,1,0,0,948c69fa52a0a115,rpoD->mrp,shared_complete_observation_shared_scores,maximum,prefix,complete,0,5000,0.6,0.0,instrument_error,2151398048,921666314,2151398048,rpoD,mrp,False,identifiable,alpA|basR|btsR|glaR|glrR|nsrR|ptrR|rcdA,5000,0.20982231251980013,0.008200573399641259,1.0981055924440393,25.586297725105297,0.23643547595009465,5636,,,,[],0,,False,True,
csd-20260805_174708,paired_hierarchical,1,0,0,948c69fa52a0a115,rpoD->nadB,shared_complete_observation_shared_scores,maximum,prefix,complete,0,5000,0.6,0.0,instrument_error,2151398048,921666314,2151398048,rpoD,nadB,False,identifiable,alpA|basR|btsR|glaR|glrR|nadR|nsrR|ptrR|rcdA,5000,0.2805058861335571,0.008404780317338923,1.1086436751012438,33.37456489551286,0.2255997948354391,5636,,,,[],0,,False,True,
csd-20260805_174708,paired_hierarchical,1,0,0,948c69fa52a0a115,rpoD->nadE,shared_complete_observation_shared_scores,maximum,prefix,complete,0,5000,0.6,0.0,instrument_error,2151398048,921666314,2151398048,rpoD,nadE,False,identifiable,alpA|basR|btsR|glaR|glrR|nsrR|ptrR|rcdA,5000,0.1623759658978135,0.008268778128189495,1.116447590675286,19.63723822075352,0.15033180029369272,5636,,,,[],0,,False,True,
csd-20260805_174708,paired_hierarchical,1,0,0,948c69fa52a0a115,rpoD->nei,shared_complete_observation_shared_scores,maximum,prefix,complete,0,5000,0.6,0.0,instrument_error,2151398048,921666314,2151398048,rpoD,nei,False,identifiable,alpA|basR|btsR|glaR|glrR|nsrR|ptrR|rcdA,5000,0.24829457303852642,0.008637690354589408,1.218290690838353,28.745482049677975,0.23674165488314688,5636,,,,[],0,,False,True,
csd-20260805_174708,paired_hierarchical,1,0,0,948c69fa52a0a115,rpoD->nlpD,shared_complete_observation_shared_scores,maximum,prefix,complete,0,5000,0.6,0.0,instrument_error,2151398048,921666314,2151398048,rpoD,nlpD,False,identifiable,alpA|basR|btsR|glaR|glrR|nsrR|ptrR|rcdA,5000,0.23809163991107354,0.007708837176381702,0.9703611679009877,30.885545311624632,0.23018326630429922,5636,,,,[],0,,False,True,
csd-20260805_174708,paired_hierarchical,1,0,0,948c69fa52a0a115,rpoD->nnr,shared_complete_observation_shared_scores,maximum,prefix,complete,0,5000,0.6,0.0,instrument_error,2151398048,921666314,2151398048,rpoD,nnr,False,identifiable,alpA|basR|btsR|glaR|glrR|nsrR|ptrR|rcdA,5000,-0.013452504983530868,0.00926406070269893,1.4013881707773217,-1.4521175341188886,0.07457549262618537,5636,,,,[],0,,False,True,
csd-20260805_174708,paired_hierarchical,1,0,0,948c69fa52a0a115,rpoD->npr,shared_complete_observation_shared_scores,maximum,prefix,complete,0,5000,0.6,0.0,instrument_error,2151398048,921666314,2151398048,rpoD,npr,False,identifiable,alpA|basR|btsR|glaR|glrR|nsrR|ptrR|rcdA,5000,0.43837111133750195,0.007998169405159754,1.0445683433380553,54.80893053536742,0.46820244378051146,5636,,,,[],0,,False,True,
csd-20260805_174708,paired_hierarchical,1,0,0,948c69fa52a0a115,rpoD->nrdR,shared_complete_observation_shared_scores,maximum,prefix,complete,0,5000,0.6,0.0,instrument_error,2151398048,921666314,2151398048,rpoD,nrdR,False,identifiable,alpA|basR|btsR|glaR|glrR|nsrR|ptrR|rcdA,5000,0.21206701875591297,0.007901471338319583,1.0194633120846768,26.838927799112103,0.21830532825813218,5636,,,,[],0,,False,True,
csd-20260805_174708,paired_hierarchical,1,0,0,948c69fa52a0a115,rpoD->nudB,shared_complete_observation_shared_scores,maximum,prefix,complete,0,5000,0.6,0.0,instrument_error,2151398048,921666314,2151398048,rpoD,nudB,False,identifiable,alpA|basR|btsR|glaR|glrR|nsrR|ptrR|rcdA,5000,-0.012503581914296357,0.010292435939907663,1.7297845282213435,-1.2148321337435044,0.1394642697845558,5636,,,,[],0,,False,True,
csd-20260805_174708,paired_hierarchical,1,0,0,948c69fa52a0a115,rpoD->paaX,shared_complete_observation_shared_scores,maximum,prefix,complete,0,5000,0.6,0.0,instrument_error,2151398048,921666314,2151398048,rpoD,paaX,False,identifiable,alpA|basR|btsR|glaR|glrR|nsrR|ptrR|rcdA,5000,0.10583764355372091,0.007050915216983243,0.811795516133669,15.010483078678103,0.12558754627102897,5636,,,,[],0,,False,True,
csd-20260805_174708,paired_hierarchical,1,0,0,948c69fa52a0a115,rpoD->paaY,shared_complete_observation_shared_scores,maximum,prefix,complete,0,5000,0.6,0.0,instrument_error,2151398048,921666314,2151398048,rpoD,paaY,False,identifiable,alpA|basR|btsR|glaR|glrR|nsrR|ptrR|rcdA,5000,0.38219271666033594,0.007922025331588424,1.0247740434390766,48.24431892894535,0.4149103251670093,5636,,,,[],0,,False,True,
csd-20260805_174708,paired_hierarchical,1,0,0,948c69fa52a0a115,rpoD->panB,shared_complete_observation_shared_scores,maximum,prefix,complete,0,5000,0.6,0.0,instrument_error,2151398048,921666314,2151398048,rpoD,panB,False,identifiable,alpA|basR|btsR|glaR|glrR|nsrR|ptrR|rcdA,5000,0.3482505051043207,0.00908953584873739,1.3490842642460552,38.31334304630038,0.3263696508880852,5636,,,,[],0,,False,True,
csd-20260805_174708,paired_hierarchical,1,0,0,948c69fa52a0a115,rpoD->panC,shared_complete_observation_shared_scores,maximum,prefix,complete,0,5000,0.6,0.0,instrument_error,2151398048,921666314,2151398048,rpoD,panC,False,identifiable,alpA|basR|btsR|glaR|glrR|nsrR|ptrR|rcdA,5000,0.2082766591685878,0.00833681080965671,1.1348946665814608,24.98277385967982,0.11563951423095832,5636,,,,[],0,,False,True,
csd-20260805_174708,paired_hierarchical,1,0,0,948c69fa52a0a115,rpoD->panD,shared_complete_observation_shared_scores,maximum,prefix,complete,0,5000,0.6,0.0,instrument_error,2151398048,921666314,2151398048,rpoD,panD,False,identifiable,alpA|basR|btsR|glaR|glrR|nsrR|ptrR|rcdA,5000,0.3878725822634732,0.008128405226886192,1.0788631412789211,47.71816505659849,0.3554129523189285,5636,,,,[],0,,False,True,
csd-20260805_174708,paired_hierarchical,1,0,0,948c69fa52a0a115,rpoD->panF,shared_complete_observation_shared_scores,maximum,prefix,complete,0,5000,0.6,0.0,instrument_error,2151398048,921666314,2151398048,rpoD,panF,False,identifiable,alpA|basR|btsR|glaR|glrR|nsrR|ptrR|rcdA,5000,0.2663538795978113,0.009186068201868878,1.3778914143971943,28.995417162657514,0.3556612430713519,5636,,,,[],0,,False,True,
csd-20260805_174708,paired_hierarchical,1,0,0,948c69fa52a0a115,rpoD->pcm,shared_complete_observation_shared_scores,maximum,prefix,complete,0,5000,0.6,0.0,instrument_error,2151398048,921666314,2151398048,rpoD,pcm,False,identifiable,alpA|basR|btsR|glaR|glrR|nsrR|ptrR|rcdA,5000,0.19056924617788557,0.00844676645553166,1.1650287321701795,22.56120696377069,0.0823643683945141,5636,,,,[],0,,False,True,
csd-20260805_174708,paired_hierarchical,1,0,0,948c69fa52a0a115,rpoD->pdxJ,shared_complete_observation_shared_scores,maximum,prefix,complete,0,5000,0.6,0.0,instrument_error,2151398048,921666314,2151398048,rpoD,pdxJ,False,identifiable,alpA|basR|btsR|glaR|glrR|nsrR|ptrR|rcdA,5000,0.07348675118346076,0.008109143627265478,1.07375611038541,9.062208608116807,0.1692837462357556,5636,,,,[],0,,False,True,
csd-20260805_174708,paired_hierarchical,1,0,0,948c69fa52a0a115,rpoD->pepA,shared_complete_observation_shared_scores,maximum,prefix,complete,0,5000,0.6,0.0,instrument_error,2151398048,921666314,2151398048,rpoD,pepA,False,identifiable,alpA|basR|btsR|glaR|glrR|nsrR|ptrR|rcdA,5000,-0.015873451109772556,0.0069061835411738225,0.7788106743495806,-2.2984403781244707,0.1676461754564723,5636,,,,[],0,,False,True,
csd-20260805_174708,paired_hierarchical,1,0,0,948c69fa52a0a115,rpoD->pepP,shared_complete_observation_shared_scores,maximum,prefix,complete,0,5000,0.6,0.0,instrument_error,2151398048,921666314,2151398048,rpoD,pepP,False,identifiable,alpA|basR|btsR|glaR|glrR|nsrR|ptrR|rcdA,5000,0.21468303258791985,0.007907587954918445,1.021042278709681,27.148990793632464,0.22376362747218695,5636,,,,[],0,,False,True,
csd-20260805_174708,paired_hierarchical,1,0,0,948c69fa52a0a115,rpoD->pflA,shared_complete_observation_shared_scores,maximum,prefix,complete,0,5000,0.6,0.0,instrument_error,2151398048,921666314,2151398048,rpoD,pflA,False,identifiable,alpA|basR|btsR|glaR|glrR|nsrR|ptrR|rcdA,5000,0.2016238583302567,0.009362298874078148,1.4312670233591196,21.535721198615274,0.20439336487749227,5636,,,,[],0,,False,True,
csd-20260805_174708,paired_hierarchical,1,0,0,948c69fa52a0a115,rpoD->pgpB,shared_complete_observation_shared_scores,maximum,prefix,complete,0,5000,0.6,0.0,instrument_error,2151398048,921666314,2151398048,rpoD,pgpB,False,identifiable,alpA|basR|btsR|glaR|glrR|nsrR|ptrR|rcdA,5000,0.29732101074544526,0.008416221595282696,1.1566181058527878,35.3271366942256,0.3681495679576225,5636,,,,[],0,,False,True,
csd-20260805_174708,paired_hierarchical,1,0,0,948c69fa52a0a115,rpoD->pheA,shared_complete_observation_shared_scores,maximum,prefix,complete,0,5000,0.6,0.0,instrument_error,2151398048,921666314,2151398048,rpoD,pheA,False,identifiable,alpA|basR|btsR|glaR|glrR|nsrR|ptrR|rcdA,5000,0.2735027560074883,0.007877053838334628,1.0131722602097997,34.72145317535527,0.2775825436928698,5636,,,,[],0,,False,True,
csd-20260805_174708,paired_hierarchical,1,0,0,948c69fa52a0a115,rpoD->pheL,shared_complete_observation_shared_scores,maximum,prefix,complete,0,5000,0.6,0.0,instrument_error,2151398048,921666314,2151398048,rpoD,pheL,False,identifiable,alpA|basR|btsR|glaR|glrR|nsrR|ptrR|rcdA,5000,0.4726732305706579,0.009846618235549297,1.5831784269965117,48.00361091122263,0.31970694506625086,5636,,,,[],0,,False,True,
csd-20260805_174708,paired_hierarchical,1,0,0,948c69fa52a0a115,rpoD->pheP,shared_complete_observation_shared_scores,maximum,prefix,complete,0,5000,0.6,0.0,instrument_error,2151398048,921666314,2151398048,rpoD,pheP,False,identifiable,alpA|basR|btsR|glaR|glrR|nsrR|ptrR|rcdA,5000,0.3804888995560744,0.009061091348174947,1.3406539141099725,41.991509072768714,0.2356064202103562,5636,,,,[],0,,False,True,
csd-20260805_174708,paired_hierarchical,1,0,0,948c69fa52a0a115,rpoD->plsX,shared_complete_observation_shared_scores,maximum,prefix,complete,0,5000,0.6,0.0,instrument_error,2151398048,921666314,2151398048,rpoD,plsX,False,identifiable,alpA|basR|btsR|glaR|glrR|nsrR|ptrR|rcdA,5000,0.3022804225751245,0.00796981358907824,1.0371748808238164,37.928167227068755,0.24687543101905765,5636,,,,[],0,,False,True,
csd-20260805_174708,paired_hierarchical,1,0,0,948c69fa52a0a115,rpoD->pntB,shared_complete_observation_shared_scores,maximum,prefix,complete,0,5000,0.6,0.0,instrument_error,2151398048,921666314,2151398048,rpoD,pntB,False,identifiable,alpA|basR|btsR|glaR|glrR|nsrR|ptrR|rcdA,5000,0.03831304577204152,0.007964644633686797,1.035829963000238,4.81038985844954,0.10764524301623614,5636,,,,[],0,,False,True,
csd-20260805_174708,paired_hierarchical,1,0,0,948c69fa52a0a115,rpoD->prmA,shared_complete_observation_shared_scores,maximum,prefix,complete,0,5000,0.6,0.0,instrument_error,2151398048,921666314,2151398048,rpoD,prmA,False,identifiable,alpA|basR|btsR|glaR|glrR|nsrR|ptrR|rcdA,5000,0.19078542494645143,0.009013857550459805,1.3267131812038264,21.165790992195046,0.17776229984881853,5636,,,,[],0,,False,True,
csd-20260805_174708,paired_hierarchical,1,0,0,948c69fa52a0a115,rpoD->proS,shared_complete_observation_shared_scores,maximum,prefix,complete,0,5000,0.6,0.0,instrument_error,2151398048,921666314,2151398048,rpoD,proS,False,identifiable,alpA|basR|btsR|glaR|glrR|nsrR|ptrR|rcdA,5000,0.14976933760615035,0.007604276638457216,0.9442162680648146,19.695408876725995,0.16461530139137576,5636,,,,[],0,,False,True,
csd-20260805_174708,paired_hierarchical,1,0,0,948c69fa52a0a115,rpoD->pspF,shared_complete_observation_shared_scores,maximum,prefix,complete,0,5000,0.6,0.0,instrument_error,2151398048,921666314,2151398048,rpoD,pspF,False,identifiable,alpA|basR|btsR|glaR|glrR|nsrR|ptrR|rcdA,5000,0.38171140135994347,0.005901478483916812,0.5686922622748094,64.68063933473863,0.4656208641367401,5636,,,,[],0,,False,True,
csd-20260805_174708,paired_hierarchical,1,0,0,948c69fa52a0a115,rpoD->pssA,shared_complete_observation_shared_scores,maximum,prefix,complete,0,5000,0.6,0.0,instrument_error,2151398048,921666314,2151398048,rpoD,pssA,False,identifiable,alpA|basR|btsR|glaR|glrR|nsrR|ptrR|rcdA,5000,0.2443894911886703,0.009550918745012472,1.4895187128778906,25.588060972279912,0.21400304583480162,5636,,,,[],0,,False,True,
csd-20260805_174708,paired_hierarchical,1,0,0,948c69fa52a0a115,rpoD->pth,shared_complete_observation_shared_scores,maximum,prefix,complete,0,5000,0.6,0.0,instrument_error,2151398048,921666314,2151398048,rpoD,pth,False,identifiable,alpA|basR|btsR|glaR|glrR|nsrR|ptrR|rcdA,5000,0.2328392671934041,0.00829010540524638,1.1222142211851978,28.08640612048818,0.2535368774014374,5636,,,,[],0,,False,True,
csd-20260805_174708,paired_hierarchical,1,0,0,948c69fa52a0a115,rpoD->purU,shared_complete_observation_shared_scores,maximum,prefix,complete,0,5000,0.6,0.0,instrument_error,2151398048,921666314,2151398048,rpoD,purU,False,identifiable,alpA|basR|btsR|glaR|glrR|nsrR|ptrR|rcdA,5000,0.15082349252338723,0.008881926571293091,1.2881606248250128,16.980943415008362,0.1352581171369545,5636,,,,[],0,,False,True,
csd-20260805_174708,paired_hierarchical,1,0,0,948c69fa52a0a115,rpoD->pyrH,shared_complete_observation_shared_scores,maximum,prefix,complete,0,5000,0.6,0.0,instrument_error,2151398048,921666314,2151398048,rpoD,pyrH,False,identifiable,alpA|basR|btsR|glaR|glrR|nsrR|ptrR|rcdA,5000,-0.047796916196885295,0.01154060544200467,2.174767577521789,-4.1416298683011465,0.2151757907703925,5636,,,,[],0,,False,True,
csd-20260805_174708,paired_hierarchical,1,0,0,948c69fa52a0a115,rpoD->rbn,shared_complete_observation_shared_scores,maximum,prefix,complete,0,5000,0.6,0.0,instrument_error,2151398048,921666314,2151398048,rpoD,rbn,False,identifiable,alpA|basR|btsR|glaR|glrR|nsrR|ptrR|rcdA,5000,0.3666008383371854,0.008564504455567496,1.1977333499861202,42.80467600187545,0.30915521876470486,5636,,,,[],0,,False,True,
csd-20260805_174708,paired_hierarchical,1,0,0,948c69fa52a0a115,rpoD->rcnR,shared_complete_observation_shared_scores,maximum,prefix,complete,0,5000,0.6,0.0,instrument_error,2151398048,921666314,2151398048,rpoD,rcnR,False,identifiable,alpA|basR|btsR|glaR|glrR|nsrR|ptrR|rcdA,5000,0.2631126239427472,0.00695808319705534,0.7905601110707533,37.81395198811311,0.3276402972789494,5636,,,,[],0,,False,True,
csd-20260805_174708,paired_hierarchical,1,0,0,948c69fa52a0a115,rpoD->recO,shared_complete_observation_shared_scores,maximum,prefix,complete,0,5000,0.6,0.0,instrument_error,2151398048,921666314,2151398048,rpoD,recO,False,identifiable,alpA|basR|btsR|glaR|glrR|nsrR|ptrR|rcdA,5000,0.3005896325438833,0.009499270743976947,1.4734526863268638,31.64344302266292,0.1886823723747436,5636,,,,[],0,,False,True,
csd-20260805_174708,paired_hierarchical,1,0,0,948c69fa52a0a115,rpoD->relB,shared_complete_observation_shared_scores,maximum,prefix,complete,0,5000,0.6,0.0,instrument_error,2151398048,921666314,2151398048,rpoD,relB,False,identifiable,alpA|basR|btsR|glaR|glrR|nsrR|ptrR|rcdA,5000,0.07297827040046714,0.005825292333604887,0.5541037794017559,12.527829715853201,0.10478383450211148,5636,,,,[],0,,False,True,
csd-20260805_174708,paired_hierarchical,1,0,0,948c69fa52a0a115,rpoD->relE,shared_complete_observation_shared_scores,maximum,prefix,complete,0,5000,0.6,0.0,instrument_error,2151398048,921666314,2151398048,rpoD,relE,False,identifiable,alpA|basR|btsR|glaR|glrR|nsrR|ptrR|rcdA,5000,0.039858912905958784,0.00882102114161117,1.2705547641331516,4.5186279758398245,0.13365736937065992,5636,,,,[],0,,False,True,
csd-20260805_174708,paired_hierarchical,1,0,0,948c69fa52a0a115,rpoD->rffC,shared_complete_observation_shared_scores,maximum,prefix,complete,0,5000,0.6,0.0,instrument_error,2151398048,921666314,2151398048,rpoD,rffC,False,identifiable,alpA|basR|btsR|glaR|glrR|nsrR|ptrR|rcdA,5000,0.2050606955316444,0.007925374848443353,1.0256407974409052,25.873942804348367,0.2605604585981855,5636,,,,[],0,,False,True,
csd-20260805_174708,paired_hierarchical,1,0,0,948c69fa52a0a115,rpoD->rffG,shared_complete_observation_shared_scores,maximum,prefix,complete,0,5000,0.6,0.0,instrument_error,2151398048,921666314,2151398048,rpoD,rffG,False,identifiable,alpA|basR|btsR|glaR|glrR|nsrR|ptrR|rcdA,5000,0.2757611510464075,0.007808521598089489,0.9956192725525917,35.31541119305837,0.30632340917130535,5636,,,,[],0,,False,True,
csd-20260805_174708,paired_hierarchical,1,0,0,948c69fa52a0a115,rpoD->rffH,shared_complete_observation_shared_scores,maximum,prefix,complete,0,5000,0.6,0.0,instrument_error,2151398048,921666314,2151398048,rpoD,rffH,False,identifiable,alpA|basR|btsR|glaR|glrR|nsrR|ptrR|rcdA,5000,0.475208342979562,0.009602447065102422,1.5056343229331512,49.48825437492722,0.5020817595993557,5636,,,,[],0,,False,True,
csd-20260805_174708,paired_hierarchical,1,0,0,948c69fa52a0a115,rpoD->rffM,shared_complete_observation_shared_scores,maximum,prefix,complete,0,5000,0.6,0.0,instrument_error,2151398048,921666314,2151398048,rpoD,rffM,False,identifiable,alpA|basR|btsR|glaR|glrR|nsrR|ptrR|rcdA,5000,0.33463539655836505,0.00849055659411499,1.1771396415263478,39.412657209105575,0.34005052149072046,5636,,,,[],0,,False,True,
csd-20260805_174708,paired_hierarchical,1,0,0,948c69fa52a0a115,rpoD->ribD,shared_complete_observation_shared_scores,maximum,prefix,complete,0,5000,0.6,0.0,instrument_error,2151398048,921666314,2151398048,rpoD,ribD,False,identifiable,alpA|basR|btsR|glaR|glrR|nsrR|ptrR|rcdA,5000,0.18103476605892194,0.007873133825011903,1.0121641014248373,22.993990713557853,0.18751729545752746,5636,,,,[],0,,False,True,
csd-20260805_174708,paired_hierarchical,1,0,0,948c69fa52a0a115,rpoD->ribF,shared_complete_observation_shared_scores,maximum,prefix,complete,0,5000,0.6,0.0,instrument_error,2151398048,921666314,2151398048,rpoD,ribF,False,identifiable,alpA|basR|btsR|glaR|glrR|nsrR|ptrR|rcdA,5000,0.3114025589626316,0.008884410190040338,1.2888811322859828,35.05044817850961,0.24710735911723908,5636,,,,[],0,,False,True,
csd-20260805_174708,paired_hierarchical,1,0,0,948c69fa52a0a115,rpoD->rihB,shared_complete_observation_shared_scores,maximum,prefix,complete,0,5000,0.6,0.0,instrument_error,2151398048,921666314,2151398048,rpoD,rihB,False,identifiable,alpA|basR|btsR|glaR|glrR|nsrR|ptrR|rcdA,5000,0.1428312696269444,0.007938661888410822,1.0290826923926808,17.991857020067226,0.14392477202812384,5636,,,,[],0,,False,True,
csd-20260805_174708,paired_hierarchical,1,0,0,948c69fa52a0a115,rpoD->rluA,shared_complete_observation_shared_scores,maximum,prefix,complete,0,5000,0.6,0.0,instrument_error,2151398048,921666314,2151398048,rpoD,rluA,False,identifiable,alpA|basR|btsR|glaR|glrR|nsrR|ptrR|rcdA,5000,0.17045279639688005,0.008510237034364876,1.1826029996300835,20.029147920155555,0.1555944943874298,5636,,,,[],0,,False,True,
csd-20260805_174708,paired_hierarchical,1,0,0,948c69fa52a0a115,rpoD->rnb,shared_complete_observation_shared_scores,maximum,prefix,complete,0,5000,0.6,0.0,instrument_error,2151398048,921666314,2151398048,rpoD,rnb,False,identifiable,alpA|basR|btsR|glaR|glrR|nsrR|ptrR|rcdA,5000,0.45137202451401004,0.007900626249986175,1.0192452538414938,57.13117039485318,0.45010850518077894,5636,,,,[],0,,False,True,
csd-20260805_174708,paired_hierarchical,1,0,0,948c69fa52a0a115,rpoD->rnc,shared_complete_observation_shared_scores,maximum,prefix,complete,0,5000,0.6,0.0,instrument_error,2151398048,921666314,2151398048,rpoD,rnc,False,identifiable,alpA|basR|btsR|glaR|glrR|nsrR|ptrR|rcdA,5000,0.16568819649929978,0.008043593792548494,1.0564669701397347,20.598777209857577,0.16092867506042485,5636,,,,[],0,,False,True,
csd-20260805_174708,paired_hierarchical,1,0,0,948c69fa52a0a115,rpoD->rnd,shared_complete_observation_shared_scores,maximum,prefix,complete,0,5000,0.6,0.0,instrument_error,2151398048,921666314,2151398048,rpoD,rnd,False,identifiable,alpA|basR|btsR|glaR|glrR|nsrR|ptrR|rcdA,5000,0.10875936440383757,0.008793924630030689,1.2627609443969734,12.367557032775936,0.20115473683181923,5636,,,,[],0,,False,True,
csd-20260805_174708,paired_hierarchical,1,0,0,948c69fa52a0a115,rpoD->rne,shared_complete_observation_shared_scores,maximum,prefix,complete,0,5000,0.6,0.0,instrument_error,2151398048,921666314,2151398048,rpoD,rne,False,identifiable,alpA|basR|btsR|glaR|glrR|nsrR|ptrR|rcdA,5000,0.3360260113360435,0.006926724562347467,0.7834503880758984,48.511530711445566,0.31453742143910596,5636,,,,[],0,,False,True,
csd-20260805_174708,paired_hierarchical,1,0,0,948c69fa52a0a115,rpoD->rnt,shared_complete_observation_shared_scores,maximum,prefix,complete,0,5000,0.6,0.0,instrument_error,2151398048,921666314,2151398048,rpoD,rnt,False,identifiable,alpA|basR|btsR|glaR|glrR|nsrR|ptrR|rcdA,5000,0.17463306665380834,0.008802317686096937,1.2651724913454243,19.839441483648944,0.21843464006501254,5636,,,,[],0,,False,True,
csd-20260805_174708,paired_hierarchical,1,0,0,948c69fa52a0a115,rpoD->rpe,shared_complete_observation_shared_scores,maximum,prefix,complete,0,5000,0.6,0.0,instrument_error,2151398048,921666314,2151398048,rpoD,rpe,False,identifiable,alpA|basR|btsR|glaR|glrR|nsrR|ptrR|rcdA,5000,0.16411072419959172,0.007827716735779632,1.0005202101897437,20.965337625141654,0.16243528810515068,5636,,,,[],0,,False,True,
csd-20260805_174708,paired_hierarchical,1,0,0,948c69fa52a0a115,rpoD->rpsB,shared_complete_observation_shared_scores,maximum,prefix,complete,0,5000,0.6,0.0,instrument_error,2151398048,921666314,2151398048,rpoD,rpsB,False,identifiable,alpA|basR|btsR|glaR|glrR|nsrR|ptrR|rcdA,5000,0.2654911108748946,0.007391390109194562,0.8920884406095091,35.918968820849464,0.1518196071299481,5636,,,,[],0,,False,True,
csd-20260805_174708,paired_hierarchical,1,0,0,948c69fa52a0a115,rpoD->rraB,shared_complete_observation_shared_scores,maximum,prefix,complete,0,5000,0.6,0.0,instrument_error,2151398048,921666314,2151398048,rpoD,rraB,False,identifiable,alpA|basR|btsR|glaR|glrR|nsrR|ptrR|rcdA,5000,0.21869953255902064,0.007991347987347916,1.042787336160571,27.367039065908617,0.28633199446559204,5636,,,,[],0,,False,True,
csd-20260805_174708,paired_hierarchical,1,0,0,948c69fa52a0a115,rpoD->ruvC,shared_complete_observation_shared_scores,maximum,prefix,complete,0,5000,0.6,0.0,instrument_error,2151398048,921666314,2151398048,rpoD,ruvC,False,identifiable,alpA|basR|btsR|glaR|glrR|nsrR|ptrR|rcdA,5000,0.2862723996936038,0.0077838895774553895,0.9893478078620075,36.7775514856659,0.24747900208038295,5636,,,,[],0,,False,True,
csd-20260805_174708,paired_hierarchical,1,0,0,948c69fa52a0a115,rpoD->serU,shared_complete_observation_shared_scores,maximum,prefix,complete,0,5000,0.6,0.0,instrument_error,2151398048,921666314,2151398048,rpoD,serU,False,identifiable,alpA|basR|btsR|glaR|glrR|nsrR|ptrR|rcdA,5000,0.26208208086969614,0.008597526213487276,1.2069872441048677,30.483429112266936,0.208314317703216,5636,,,,[],0,,False,True,
csd-20260805_174708,paired_hierarchical,1,0,0,948c69fa52a0a115,rpoD->serV,shared_complete_observation_shared_scores,maximum,prefix,complete,0,5000,0.6,0.0,instrument_error,2151398048,921666314,2151398048,rpoD,serV,False,identifiable,alpA|basR|btsR|glaR|glrR|nsrR|ptrR|rcdA,5000,0.3290050166745289,0.008683762915187678,1.231321828703281,37.887378995470684,0.18604557069573194,5636,,,,[],0,,False,True,
csd-20260805_174708,paired_hierarchical,1,0,0,948c69fa52a0a115,rpoD->serW,shared_complete_observation_shared_scores,maximum,prefix,complete,0,5000,0.6,0.0,instrument_error,2151398048,921666314,2151398048,rpoD,serW,False,identifiable,alpA|basR|btsR|glaR|glrR|nsrR|ptrR|rcdA,5000,0.019043735371276023,0.008579397790381197,1.2019025938441952,2.219705372867421,0.16930434708151243,5636,,,,[],0,,False,True,
csd-20260805_174708,paired_hierarchical,1,0,0,948c69fa52a0a115,rpoD->slmA,shared_complete_observation_shared_scores,maximum,prefix,complete,0,5000,0.6,0.0,instrument_error,2151398048,921666314,2151398048,rpoD,slmA,False,identifiable,alpA|basR|btsR|glaR|glrR|nsrR|ptrR|rcdA,5000,0.12824187008259336,0.007959067311776355,1.0343797703908342,16.112675651435286,0.16209904615935092,5636,,,,[],0,,False,True,
csd-20260805_174708,paired_hierarchical,1,0,0,948c69fa52a0a115,rpoD->speD,shared_complete_observation_shared_scores,maximum,prefix,complete,0,5000,0.6,0.0,instrument_error,2151398048,921666314,2151398048,rpoD,speD,False,identifiable,alpA|basR|btsR|glaR|glrR|nsrR|ptrR|rcdA,5000,0.19526368561217314,0.008500132998397974,1.1797965044052197,22.97183886992999,0.2803223842000818,5636,,,,[],0,,False,True,
csd-20260805_174708,paired_hierarchical,1,0,0,948c69fa52a0a115,rpoD->speE,shared_complete_observation_shared_scores,maximum,prefix,complete,0,5000,0.6,0.0,instrument_error,2151398048,921666314,2151398048,rpoD,speE,False,identifiable,alpA|basR|btsR|glaR|glrR|nsrR|ptrR|rcdA,5000,0.3494704898793241,0.011942829094104289,2.3290032681174786,29.261951847895414,0.22908492872007932,5636,,,,[],0,,False,True,
csd-20260805_174708,paired_hierarchical,1,0,0,948c69fa52a0a115,rpoD->tatA,shared_complete_observation_shared_scores,maximum,prefix,complete,0,5000,0.6,0.0,instrument_error,2151398048,921666314,2151398048,rpoD,tatA,False,identifiable,alpA|basR|btsR|glaR|glrR|nsrR|ptrR|rcdA,5000,0.19005592574268626,0.007779913890263106,0.9883374304981744,24.429052612079598,0.18189614067272705,5636,,,,[],0,,False,True,
csd-20260805_174708,paired_hierarchical,1,0,0,948c69fa52a0a115,rpoD->tatB,shared_complete_observation_shared_scores,maximum,prefix,complete,0,5000,0.6,0.0,instrument_error,2151398048,921666314,2151398048,rpoD,tatB,False,identifiable,alpA|basR|btsR|glaR|glrR|nsrR|ptrR|rcdA,5000,0.25807638344805944,0.007866168358201756,1.0103739434241195,32.80839815473476,0.2102270236243975,5636,,,,[],0,,False,True,
csd-20260805_174708,paired_hierarchical,1,0,0,948c69fa52a0a115,rpoD->tatC,shared_complete_observation_shared_scores,maximum,prefix,complete,0,5000,0.6,0.0,instrument_error,2151398048,921666314,2151398048,rpoD,tatC,False,identifiable,alpA|basR|btsR|glaR|glrR|nsrR|ptrR|rcdA,5000,0.05952177136989057,0.012237264481470505,2.4452561280392877,4.863976868361194,0.09246150296324747,5636,,,,[],0,,False,True,
csd-20260805_174708,paired_hierarchical,1,0,0,948c69fa52a0a115,rpoD->tatD,shared_complete_observation_shared_scores,maximum,prefix,complete,0,5000,0.6,0.0,instrument_error,2151398048,921666314,2151398048,rpoD,tatD,False,identifiable,alpA|basR|btsR|glaR|glrR|nsrR|ptrR|rcdA,5000,0.4170531003309077,0.008089888428746868,1.0686628869539796,51.55239210085245,0.3143022651347838,5636,,,,[],0,,False,True,
csd-20260805_174708,paired_hierarchical,1,0,0,948c69fa52a0a115,rpoD->thyA,shared_complete_observation_shared_scores,maximum,prefix,complete,0,5000,0.6,0.0,instrument_error,2151398048,921666314,2151398048,rpoD,thyA,False,identifiable,alpA|basR|btsR|glaR|glrR|nsrR|ptrR|rcdA,5000,0.008202815042020764,0.007975257759625482,1.0385923507442054,1.0285329063027009,0.09896881791934513,5636,,,,[],0,,False,True,
csd-20260805_174708,paired_hierarchical,1,0,0,948c69fa52a0a115,rpoD->trpA,shared_complete_observation_shared_scores,maximum,prefix,complete,0,5000,0.6,0.0,instrument_error,2151398048,921666314,2151398048,rpoD,trpA,False,identifiable,alpA|basR|btsR|glaR|glrR|nsrR|ptrR|rcdA,5000,0.3477842035909888,0.008229304571523429,1.1058136214658714,42.261676010200965,0.3878235521294853,5636,,,,[],0,,False,True,
csd-20260805_174708,paired_hierarchical,1,0,0,948c69fa52a0a115,rpoD->trpB,shared_complete_observation_shared_scores,maximum,prefix,complete,0,5000,0.6,0.0,instrument_error,2151398048,921666314,2151398048,rpoD,trpB,False,identifiable,alpA|basR|btsR|glaR|glrR|nsrR|ptrR|rcdA,5000,0.3534580241340357,0.008026794085233565,1.0520585422867743,44.034769097200616,0.36305545588681815,5636,,,,[],0,,False,True,
csd-20260805_174708,paired_hierarchical,1,0,0,948c69fa52a0a115,rpoD->trpC,shared_complete_observation_shared_scores,maximum,prefix,complete,0,5000,0.6,0.0,instrument_error,2151398048,921666314,2151398048,rpoD,trpC,False,identifiable,alpA|basR|btsR|glaR|glrR|nsrR|ptrR|rcdA,5000,0.38314189441460234,0.008698826253629515,1.2355973725328588,44.045240500664036,0.36447542869505134,5636,,,,[],0,,False,True,
csd-20260805_174708,paired_hierarchical,1,0,0,948c69fa52a0a115,rpoD->trpD,shared_complete_observation_shared_scores,maximum,prefix,complete,0,5000,0.6,0.0,instrument_error,2151398048,921666314,2151398048,rpoD,trpD,False,identifiable,alpA|basR|btsR|glaR|glrR|nsrR|ptrR|rcdA,5000,0.07221328333433502,0.010598831975261541,1.8343055395066645,6.813324666612903,0.3879556337428196,5636,,,,[],0,,False,True,
csd-20260805_174708,paired_hierarchical,1,0,0,948c69fa52a0a115,rpoD->trpE,shared_complete_observation_shared_scores,maximum,prefix,complete,0,5000,0.6,0.0,instrument_error,2151398048,921666314,2151398048,rpoD,trpE,False,identifiable,alpA|basR|btsR|glaR|glrR|nsrR|ptrR|rcdA,5000,0.34274260708522003,0.009877371120704186,1.593083012122654,34.69978022459735,0.10360945594522855,5636,,,,[],0,,False,True,
csd-20260805_174708,paired_hierarchical,1,0,0,948c69fa52a0a115,rpoD->trpL,shared_complete_observation_shared_scores,maximum,prefix,complete,0,5000,0.6,0.0,instrument_error,2151398048,921666314,2151398048,rpoD,trpL,False,identifiable,alpA|basR|btsR|glaR|glrR|nsrR|ptrR|rcdA,5000,0.15866858341880574,0.008171246300862061,1.0902654903480848,19.417917117743265,0.20722517504777502,5636,,,,[],0,,False,True,
csd-20260805_174708,paired_hierarchical,1,0,0,948c69fa52a0a115,rpoD->trpR,shared_complete_observation_shared_scores,maximum,prefix,complete,0,5000,0.6,0.0,instrument_error,2151398048,921666314,2151398048,rpoD,trpR,False,identifiable,alpA|basR|btsR|glaR|glrR|nsrR|ptrR|rcdA,5000,0.06949220017585843,0.006613951809747211,0.7142951734301541,10.506910569479105,0.106686326440447,5636,,,,[],0,,False,True,
csd-20260805_174708,paired_hierarchical,1,0,0,948c69fa52a0a115,rpoD->trpS,shared_complete_observation_shared_scores,maximum,prefix,complete,0,5000,0.6,0.0,instrument_error,2151398048,921666314,2151398048,rpoD,trpS,False,identifiable,alpA|basR|btsR|glaR|glrR|nsrR|ptrR|rcdA,5000,0.29168732769592126,0.007988889955718493,1.0421459399767359,36.51162167869515,0.29333989597877835,5636,,,,[],0,,False,True,
csd-20260805_174708,paired_hierarchical,1,0,0,948c69fa52a0a115,rpoD->tsaE,shared_complete_observation_shared_scores,maximum,prefix,complete,0,5000,0.6,0.0,instrument_error,2151398048,921666314,2151398048,rpoD,tsaE,False,identifiable,alpA|basR|btsR|glaR|glrR|nsrR|ptrR|rcdA,5000,0.10922041724868292,0.009001875615191893,1.3231883804486635,12.133073363550876,0.16424289719873178,5636,,,,[],0,,False,True,
csd-20260805_174708,paired_hierarchical,1,0,0,948c69fa52a0a115,rpoD->tsf,shared_complete_observation_shared_scores,maximum,prefix,complete,0,5000,0.6,0.0,instrument_error,2151398048,921666314,2151398048,rpoD,tsf,False,identifiable,alpA|basR|btsR|glaR|glrR|nsrR|ptrR|rcdA,5000,-0.19908834696017114,0.009540467345770479,1.4862605892326175,-20.867777200498658,0.11427426570103552,5636,,,,[],0,,False,True,
csd-20260805_174708,paired_hierarchical,1,0,0,948c69fa52a0a115,rpoD->ubiH,shared_complete_observation_shared_scores,maximum,prefix,complete,0,5000,0.6,0.0,instrument_error,2151398048,921666314,2151398048,rpoD,ubiH,False,identifiable,alpA|basR|btsR|glaR|glrR|nsrR|ptrR|rcdA,5000,0.25501732525502674,0.007784646539211511,0.9895402399001946,32.759011468343026,0.25895041935375035,5636,,,,[],0,,False,True,
csd-20260805_174708,paired_hierarchical,1,0,0,948c69fa52a0a115,rpoD->ubiI,shared_complete_observation_shared_scores,maximum,prefix,complete,0,5000,0.6,0.0,instrument_error,2151398048,921666314,2151398048,rpoD,ubiI,False,identifiable,alpA|basR|btsR|glaR|glrR|nsrR|ptrR|rcdA,5000,0.21987555622731642,0.00854168956211578,1.1913605908915479,25.741459535419263,0.32962254654609113,5636,,,,[],0,,False,True,
csd-20260805_174708,paired_hierarchical,1,0,0,948c69fa52a0a115,rpoD->uidR,shared_complete_observation_shared_scores,maximum,prefix,complete,0,5000,0.6,0.0,instrument_error,2151398048,921666314,2151398048,rpoD,uidR,False,identifiable,alpA|basR|btsR|glaR|glrR|nsrR|ptrR|rcdA,5000,0.3996877390413286,0.007512144479813667,0.921474936408655,53.20554471700503,0.37464111527348853,5636,,,,[],0,,False,True,
csd-20260805_174708,paired_hierarchical,1,0,0,948c69fa52a0a115,rpoD->umpG,shared_complete_observation_shared_scores,maximum,prefix,complete,0,5000,0.6,0.0,instrument_error,2151398048,921666314,2151398048,rpoD,umpG,False,identifiable,alpA|basR|btsR|glaR|glrR|nsrR|ptrR|rcdA,5000,0.1193197880696284,0.007731028358216644,0.9759559040383066,15.433883118901468,0.12373922509551877,5636,,,,[],0,,False,True,
csd-20260805_174708,paired_hierarchical,1,0,0,948c69fa52a0a115,rpoD->valV,shared_complete_observation_shared_scores,maximum,prefix,complete,0,5000,0.6,0.0,instrument_error,2151398048,921666314,2151398048,rpoD,valV,False,identifiable,alpA|basR|btsR|glaR|glrR|nsrR|ptrR|rcdA,5000,0.023570283098662333,0.008733808912051172,1.2455553585894912,2.698740416239168,0.12225580480599404,5636,,,,[],0,,False,True,
csd-20260805_174708,paired_hierarchical,1,0,0,948c69fa52a0a115,rpoD->valW,shared_complete_observation_shared_scores,maximum,prefix,complete,0,5000,0.6,0.0,instrument_error,2151398048,921666314,2151398048,rpoD,valW,False,identifiable,alpA|basR|btsR|glaR|glrR|nsrR|ptrR|rcdA,5000,0.24084045215018346,0.00809784665784643,1.0707664628652562,29.74129572048891,0.21012500954565616,5636,,,,[],0,,False,True,
csd-20260805_174708,paired_hierarchical,1,0,0,948c69fa52a0a115,rpoD->waaB,shared_complete_observation_shared_scores,maximum,prefix,complete,0,5000,0.6,0.0,instrument_error,2151398048,921666314,2151398048,rpoD,waaB,False,identifiable,alpA|basR|btsR|glaR|glrR|nsrR|ptrR|rcdA,5000,0.3547710368998588,0.009043203007824204,1.3353657208956276,39.2306837071898,0.23613497806124745,5636,,,,[],0,,False,True,
csd-20260805_174708,paired_hierarchical,1,0,0,948c69fa52a0a115,rpoD->waaJ,shared_complete_observation_shared_scores,maximum,prefix,complete,0,5000,0.6,0.0,instrument_error,2151398048,921666314,2151398048,rpoD,waaJ,False,identifiable,alpA|basR|btsR|glaR|glrR|nsrR|ptrR|rcdA,5000,0.1880358172030996,0.008108669630880201,1.0736305874785288,23.189478146575837,0.16678262413686368,5636,,,,[],0,,False,True,
csd-20260805_174708,paired_hierarchical,1,0,0,948c69fa52a0a115,rpoD->waaO,shared_complete_observation_shared_scores,maximum,prefix,complete,0,5000,0.6,0.0,instrument_error,2151398048,921666314,2151398048,rpoD,waaO,False,identifiable,alpA|basR|btsR|glaR|glrR|nsrR|ptrR|rcdA,5000,0.3222818607533443,0.007752955168203997,0.9814997839819405,41.56890550264876,0.33125968350783963,5636,,,,[],0,,False,True,
csd-20260805_174708,paired_hierarchical,1,0,0,948c69fa52a0a115,rpoD->waaP,shared_complete_observation_shared_scores,maximum,prefix,complete,0,5000,0.6,0.0,instrument_error,2151398048,921666314,2151398048,rpoD,waaP,False,identifiable,alpA|basR|btsR|glaR|glrR|nsrR|ptrR|rcdA|yiaU,5000,0.16965951771506563,0.007962754254559128,1.0207461758635779,21.306637413546444,0.1607799732973439,5636,,,,[],0,,False,True,
csd-20260805_174708,paired_hierarchical,1,0,0,948c69fa52a0a115,rpoD->waaQ,shared_complete_observation_shared_scores,maximum,prefix,complete,0,5000,0.6,0.0,instrument_error,2151398048,921666314,2151398048,rpoD,waaQ,False,identifiable,alpA|basR|btsR|glaR|glrR|nsrR|ptrR|rcdA,5000,0.09051938890754349,0.00797180806555899,1.037694059779075,11.354938323041049,0.10910412561291974,5636,,,,[],0,,False,True,
csd-20260805_174708,paired_hierarchical,1,0,0,948c69fa52a0a115,rpoD->waaS,shared_complete_observation_shared_scores,maximum,prefix,complete,0,5000,0.6,0.0,instrument_error,2151398048,921666314,2151398048,rpoD,waaS,False,identifiable,alpA|basR|btsR|glaR|glrR|nsrR|ptrR|rcdA,5000,0.3129072646629737,0.008567082366978531,1.198454492739195,36.524367487006074,0.12055098627447053,5636,,,,[],0,,False,True,
csd-20260805_174708,paired_hierarchical,1,0,0,948c69fa52a0a115,rpoD->waaU,shared_complete_observation_shared_scores,maximum,prefix,complete,0,5000,0.6,0.0,instrument_error,2151398048,921666314,2151398048,rpoD,waaU,False,identifiable,alpA|basR|btsR|glaR|glrR|nsrR|ptrR|rcdA,5000,-0.0846695858540214,0.009691515034772932,1.5336950317200069,-8.736465408166719,0.1588835241753216,5636,,,,[],0,,False,True,
csd-20260805_174708,paired_hierarchical,1,0,0,948c69fa52a0a115,rpoD->wecC,shared_complete_observation_shared_scores,maximum,prefix,complete,0,5000,0.6,0.0,instrument_error,2151398048,921666314,2151398048,rpoD,wecC,False,identifiable,alpA|basR|btsR|glaR|glrR|nsrR|ptrR|rcdA,5000,0.2684212869423802,0.007847174642503738,1.0055005195465154,34.2061059133937,0.2696507689524697,5636,,,,[],0,,False,True,
csd-20260805_174708,paired_hierarchical,1,0,0,948c69fa52a0a115,rpoD->wecE,shared_complete_observation_shared_scores,maximum,prefix,complete,0,5000,0.6,0.0,instrument_error,2151398048,921666314,2151398048,rpoD,wecE,False,identifiable,alpA|basR|btsR|glaR|glrR|nsrR|ptrR|rcdA,5000,-0.018754258099055593,0.008605864474867093,1.2093295586764363,-2.1792416268959696,0.10980749879707206,5636,,,,[],0,,False,True,
csd-20260805_174708,paired_hierarchical,1,0,0,948c69fa52a0a115,rpoD->wecF,shared_complete_observation_shared_scores,maximum,prefix,complete,0,5000,0.6,0.0,instrument_error,2151398048,921666314,2151398048,rpoD,wecF,False,identifiable,alpA|basR|btsR|glaR|glrR|nsrR|ptrR|rcdA,5000,0.17318721182542518,0.007858424490231167,1.0083855926069403,22.038413939169963,0.17555173505295574,5636,,,,[],0,,False,True,
csd-20260805_174708,paired_hierarchical,1,0,0,948c69fa52a0a115,rpoD->wzxE,shared_complete_observation_shared_scores,maximum,prefix,complete,0,5000,0.6,0.0,instrument_error,2151398048,921666314,2151398048,rpoD,wzxE,False,identifiable,alpA|basR|btsR|glaR|glrR|nsrR|ptrR|rcdA,5000,0.16337904038581963,0.008481917667852005,1.174745440630674,19.262040352626343,0.19457475082781234,5636,,,,[],0,,False,True,
csd-20260805_174708,paired_hierarchical,1,0,0,948c69fa52a0a115,rpoD->wzyE,shared_complete_observation_shared_scores,maximum,prefix,complete,0,5000,0.6,0.0,instrument_error,2151398048,921666314,2151398048,rpoD,wzyE,False,identifiable,alpA|basR|btsR|glaR|glrR|nsrR|ptrR|rcdA,5000,0.03707487531857696,0.008140148697074657,1.0819827567384506,4.554569787146596,0.1445595979898662,5636,,,,[],0,,False,True,
csd-20260805_174708,paired_hierarchical,1,0,0,948c69fa52a0a115,rpoD->xerC,shared_complete_observation_shared_scores,maximum,prefix,complete,0,5000,0.6,0.0,instrument_error,2151398048,921666314,2151398048,rpoD,xerC,False,identifiable,alpA|basR|btsR|glaR|glrR|nsrR|ptrR|rcdA,5000,0.8589001085380432,0.010551157448010192,1.817840900511456,81.4034017376947,0.10484029019985146,5636,,,,[],0,,False,True,
csd-20260805_174708,paired_hierarchical,1,0,0,948c69fa52a0a115,rpoD->xseB,shared_complete_observation_shared_scores,maximum,prefix,complete,0,5000,0.6,0.0,instrument_error,2151398048,921666314,2151398048,rpoD,xseB,False,identifiable,alpA|basR|btsR|glaR|glrR|nsrR|ptrR|rcdA,5000,0.12613397575367785,0.007873171030407302,1.0121736676421575,16.020733611213394,0.1308616474249028,5636,,,,[],0,,False,True,
csd-20260805_174708,paired_hierarchical,1,0,0,948c69fa52a0a115,rpoD->xtpA,shared_complete_observation_shared_scores,maximum,prefix,complete,0,5000,0.6,0.0,instrument_error,2151398048,921666314,2151398048,rpoD,xtpA,False,identifiable,alpA|basR|btsR|glaR|glrR|nsrR|ptrR|rcdA,5000,0.12804525201658423,0.00815397927303708,1.085662580777572,15.703406610315277,0.2228369185390046,5636,,,,[],0,,False,True,
csd-20260805_174708,paired_hierarchical,1,0,0,948c69fa52a0a115,rpoD->yacC,shared_complete_observation_shared_scores,maximum,prefix,complete,0,5000,0.6,0.0,instrument_error,2151398048,921666314,2151398048,rpoD,yacC,False,identifiable,alpA|basR|btsR|glaR|glrR|nsrR|ptrR|rcdA,5000,0.174752253482102,0.008133777362717594,1.0802896731568146,21.48475987099248,0.11263431983954617,5636,,,,[],0,,False,True,
csd-20260805_174708,paired_hierarchical,1,0,0,948c69fa52a0a115,rpoD->yagK,shared_complete_observation_shared_scores,maximum,prefix,complete,0,5000,0.6,0.0,instrument_error,2151398048,921666314,2151398048,rpoD,yagK,False,identifiable,alpA|basR|btsR|glaR|glrR|nsrR|ptrR|rcdA,5000,0.31081942018181213,0.007960833151248028,1.0348388069033847,39.04357926821826,0.31437807734936285,5636,,,,[],0,,False,True,
csd-20260805_174708,paired_hierarchical,1,0,0,948c69fa52a0a115,rpoD->yajG,shared_complete_observation_shared_scores,maximum,prefix,complete,0,5000,0.6,0.0,instrument_error,2151398048,921666314,2151398048,rpoD,yajG,False,identifiable,alpA|basR|btsR|glaR|glrR|nsrR|ptrR|rcdA,5000,0.13611921239199187,0.008364420854706015,1.142424255711011,16.273596792467476,0.2174952949687836,5636,,,,[],0,,False,True,
csd-20260805_174708,paired_hierarchical,1,0,0,948c69fa52a0a115,rpoD->ybhF,shared_complete_observation_shared_scores,maximum,prefix,complete,0,5000,0.6,0.0,instrument_error,2151398048,921666314,2151398048,rpoD,ybhF,False,identifiable,alpA|basR|btsR|glaR|glrR|nsrR|ptrR|rcdA,5000,0.6643989953473822,0.009178549996028509,1.3756369064068295,72.38605178757678,0.5921859446060113,5636,,,,[],0,,False,True,
csd-20260805_174708,paired_hierarchical,1,0,0,948c69fa52a0a115,rpoD->ybhG,shared_complete_observation_shared_scores,maximum,prefix,complete,0,5000,0.6,0.0,instrument_error,2151398048,921666314,2151398048,rpoD,ybhG,False,identifiable,alpA|basR|btsR|glaR|glrR|nsrR|ptrR|rcdA,5000,-0.051747444824227454,0.008832430136517083,1.2738435278507831,-5.858800355553468,0.19533187777080457,5636,,,,[],0,,False,True,
csd-20260805_174708,paired_hierarchical,1,0,0,948c69fa52a0a115,rpoD->ybhR,shared_complete_observation_shared_scores,maximum,prefix,complete,0,5000,0.6,0.0,instrument_error,2151398048,921666314,2151398048,rpoD,ybhR,False,identifiable,alpA|basR|btsR|glaR|glrR|nsrR|ptrR|rcdA,5000,0.30462365230031285,0.008808086378976995,1.2668313233355066,34.584544155627704,0.16929931423468014,5636,,,,[],0,,False,True,
csd-20260805_174708,paired_hierarchical,1,0,0,948c69fa52a0a115,rpoD->ybhS,shared_complete_observation_shared_scores,maximum,prefix,complete,0,5000,0.6,0.0,instrument_error,2151398048,921666314,2151398048,rpoD,ybhS,False,identifiable,alpA|basR|btsR|glaR|glrR|nsrR|ptrR|rcdA,5000,0.40170103475631935,0.00965653901196166,1.5226450037213721,41.59886210356815,0.3944256413561839,5636,,,,[],0,,False,True,
csd-20260805_174708,paired_hierarchical,1,0,0,948c69fa52a0a115,rpoD->ycaR,shared_complete_observation_shared_scores,maximum,prefix,complete,0,5000,0.6,0.0,instrument_error,2151398048,921666314,2151398048,rpoD,ycaR,False,identifiable,alpA|basR|btsR|glaR|glrR|nsrR|ptrR|rcdA,5000,0.3004966952178017,0.00958158621273245,1.4990995931805877,31.361894423961658,0.21104520647310826,5636,,,,[],0,,False,True,
csd-20260805_174708,paired_hierarchical,1,0,0,948c69fa52a0a115,rpoD->ychQ,shared_complete_observation_shared_scores,maximum,prefix,complete,0,5000,0.6,0.0,instrument_error,2151398048,921666314,2151398048,rpoD,ychQ,False,identifiable,alpA|basR|btsR|glaR|glrR|nsrR|ptrR|rcdA,5000,0.3142094123709394,0.0077733813662548635,0.9866783819528051,40.421201220740095,0.3211747155195675,5636,,,,[],0,,False,True,
csd-20260805_174708,paired_hierarchical,1,0,0,948c69fa52a0a115,rpoD->yciB,shared_complete_observation_shared_scores,maximum,prefix,complete,0,5000,0.6,0.0,instrument_error,2151398048,921666314,2151398048,rpoD,yciB,False,identifiable,alpA|basR|btsR|glaR|glrR|nsrR|ptrR|rcdA,5000,0.42688879112118483,0.00956767884427699,1.4947509604091502,44.617801043409074,0.3117721176075609,5636,,,,[],0,,False,True,
csd-20260805_174708,paired_hierarchical,1,0,0,948c69fa52a0a115,rpoD->yciC,shared_complete_observation_shared_scores,maximum,prefix,complete,0,5000,0.6,0.0,instrument_error,2151398048,921666314,2151398048,rpoD,yciC,False,identifiable,alpA|basR|btsR|glaR|glrR|nsrR|ptrR|rcdA,5000,0.2784019734715674,0.008593879020428574,1.205963418955793,32.395379642856966,0.2453955717800662,5636,,,,[],0,,False,True,
csd-20260805_174708,paired_hierarchical,1,0,0,948c69fa52a0a115,rpoD->ydeI,shared_complete_observation_shared_scores,maximum,prefix,complete,0,5000,0.6,0.0,instrument_error,2151398048,921666314,2151398048,rpoD,ydeI,False,identifiable,alpA|basR|btsR|glaR|glrR|nsrR|ptrR|rcdA,5000,0.5998713334458313,0.007755714747271609,0.9821986164232548,77.34571899474007,0.6032107483190314,5636,,,,[],0,,False,True,
csd-20260805_174708,paired_hierarchical,1,0,0,948c69fa52a0a115,rpoD->ydfA,shared_complete_observation_shared_scores,maximum,prefix,complete,0,5000,0.6,0.0,instrument_error,2151398048,921666314,2151398048,rpoD,ydfA,False,identifiable,alpA|basR|btsR|glaR|glrR|nsrR|ptrR|rcdA,5000,0.14019238066659934,0.008691599752461641,1.2335452940758374,16.12964064836211,0.14259234611283425,5636,,,,[],0,,False,True,
csd-20260805_174708,paired_hierarchical,1,0,0,948c69fa52a0a115,rpoD->ydfB,shared_complete_observation_shared_scores,maximum,prefix,complete,0,5000,0.6,0.0,instrument_error,2151398048,921666314,2151398048,rpoD,ydfB,False,identifiable,alpA|basR|btsR|glaR|glrR|nsrR|ptrR|rcdA,5000,0.4897166281344849,0.009747053479616349,1.5513234626117922,50.24253013062985,0.27449859772633894,5636,,,,[],0,,False,True,
csd-20260805_174708,paired_hierarchical,1,0,0,948c69fa52a0a115,rpoD->ydfC,shared_complete_observation_shared_scores,maximum,prefix,complete,0,5000,0.6,0.0,instrument_error,2151398048,921666314,2151398048,rpoD,ydfC,False,identifiable,alpA|basR|btsR|glaR|glrR|nsrR|ptrR|rcdA,5000,0.15297067347345789,0.00849533434157267,1.1784647980665324,18.00643356964568,0.1728988569335024,5636,,,,[],0,,False,True,
csd-20260805_174708,paired_hierarchical,1,0,0,948c69fa52a0a115,rpoD->ydfD,shared_complete_observation_shared_scores,maximum,prefix,complete,0,5000,0.6,0.0,instrument_error,2151398048,921666314,2151398048,rpoD,ydfD,False,identifiable,alpA|basR|btsR|dicA|glaR|glrR|nsrR|ptrR|rcdA,5000,0.5158955977688853,0.008230953242885591,1.1043921295348427,62.67750314519144,0.24559451376671748,5636,,,,[],0,,False,True,
csd-20260805_174708,paired_hierarchical,1,0,0,948c69fa52a0a115,rpoD->ydfW,shared_complete_observation_shared_scores,maximum,prefix,complete,0,5000,0.6,0.0,instrument_error,2151398048,921666314,2151398048,rpoD,ydfW,False,identifiable,alpA|basR|btsR|dicA|glaR|glrR|nsrR|ptrR|rcdA,5000,-0.11056221632226504,0.011904110304324391,2.3100262688572206,-9.287734529988457,0.13568069260438725,5636,,,,[],0,,False,True,
csd-20260805_174708,paired_hierarchical,1,0,0,948c69fa52a0a115,rpoD->ydfX,shared_complete_observation_shared_scores,maximum,prefix,complete,0,5000,0.6,0.0,instrument_error,2151398048,921666314,2151398048,rpoD,ydfX,False,identifiable,alpA|basR|btsR|dicA|glaR|glrR|nsrR|ptrR|rcdA,5000,0.15364862430121098,0.009690830415215344,1.5308936481491007,15.855052427702265,0.15505692243715352,5636,,,,[],0,,False,True,
csd-20260805_174708,paired_hierarchical,1,0,0,948c69fa52a0a115,rpoD->yebB,shared_complete_observation_shared_scores,maximum,prefix,complete,0,5000,0.6,0.0,instrument_error,2151398048,921666314,2151398048,rpoD,yebB,False,identifiable,alpA|basR|btsR|glaR|glrR|nsrR|ptrR|rcdA,5000,0.5299048550739164,0.008153221685902219,1.0854608520834175,64.99330884013344,0.4229109783704633,5636,,,,[],0,,False,True,
csd-20260805_174708,paired_hierarchical,1,0,0,948c69fa52a0a115,rpoD->yebC,shared_complete_observation_shared_scores,maximum,prefix,complete,0,5000,0.6,0.0,instrument_error,2151398048,921666314,2151398048,rpoD,yebC,False,identifiable,alpA|basR|btsR|glaR|glrR|nsrR|ptrR|rcdA,5000,0.43583185098203137,0.012053998877323651,2.3725641095377896,36.156619510055826,0.1645996692307084,5636,,,,[],0,,False,True,
csd-20260805_174708,paired_hierarchical,1,0,0,948c69fa52a0a115,rpoD->ygfB,shared_complete_observation_shared_scores,maximum,prefix,complete,0,5000,0.6,0.0,instrument_error,2151398048,921666314,2151398048,rpoD,ygfB,False,identifiable,alpA|basR|btsR|glaR|glrR|nsrR|ptrR|rcdA,5000,0.45578068526017557,0.011252623741360839,2.0675844531730054,40.5043921965399,0.28662747999930677,5636,,,,[],0,,False,True,
csd-20260805_174708,paired_hierarchical,1,0,0,948c69fa52a0a115,rpoD->yhaV,shared_complete_observation_shared_scores,maximum,prefix,complete,0,5000,0.6,0.0,instrument_error,2151398048,921666314,2151398048,rpoD,yhaV,False,identifiable,alpA|basR|btsR|glaR|glrR|nsrR|ptrR|rcdA,5000,0.7735810202244578,0.008558683367042373,1.1961057619552635,90.38551691295766,0.6468396663885448,5636,,,,[],0,,False,True,
csd-20260805_174708,paired_hierarchical,1,0,0,948c69fa52a0a115,rpoD->yhdT,shared_complete_observation_shared_scores,maximum,prefix,complete,0,5000,0.6,0.0,instrument_error,2151398048,921666314,2151398048,rpoD,yhdT,False,identifiable,alpA|basR|btsR|glaR|glrR|nsrR|ptrR|rcdA,5000,0.013827436012017415,0.008807108662542772,1.2665500969698242,1.5700312715370977,0.14254165504370164,5636,,,,[],0,,False,True,
csd-20260805_174708,paired_hierarchical,1,0,0,948c69fa52a0a115,rpoD->yhjX,shared_complete_observation_shared_scores,maximum,prefix,complete,0,5000,0.6,0.0,instrument_error,2151398048,921666314,2151398048,rpoD,yhjX,False,identifiable,alpA|basR|btsR|glaR|glrR|nsrR|ptrR|pyrR|rcdA,5000,0.11663386058923901,0.010107973132798712,1.6609363414023786,11.538798041595628,0.12868295603014962,5636,,,,[],0,,False,True,
csd-20260805_174708,paired_hierarchical,1,0,0,948c69fa52a0a115,rpoD->yigA,shared_complete_observation_shared_scores,maximum,prefix,complete,0,5000,0.6,0.0,instrument_error,2151398048,921666314,2151398048,rpoD,yigA,False,identifiable,alpA|basR|btsR|glaR|glrR|nsrR|ptrR|rcdA,5000,0.0966491240140754,0.007871466391297028,1.0117354188020544,12.278414111115826,0.09566386188529775,5636,,,,[],0,,False,True,
csd-20260805_174708,paired_hierarchical,1,0,0,948c69fa52a0a115,rpoD->yigB,shared_complete_observation_shared_scores,maximum,prefix,complete,0,5000,0.6,0.0,instrument_error,2151398048,921666314,2151398048,rpoD,yigB,False,identifiable,alpA|basR|btsR|glaR|glrR|nsrR|ptrR|rcdA,5000,0.14791664432530421,0.007689126084719525,0.9654051870499603,19.23712040816401,0.1575752032601099,5636,,,,[],0,,False,True,
csd-20260805_174708,paired_hierarchical,1,0,0,948c69fa52a0a115,rpoD->yihI,shared_complete_observation_shared_scores,maximum,prefix,complete,0,5000,0.6,0.0,instrument_error,2151398048,921666314,2151398048,rpoD,yihI,False,identifiable,alpA|basR|btsR|glaR|glrR|nsrR|ptrR|rcdA,5000,0.20178151511664458,0.008133012830092741,1.0800865995179234,24.810180351620527,0.1649696367719868,5636,,,,[],0,,False,True,
csd-20260805_174708,paired_hierarchical,1,0,0,948c69fa52a0a115,rpoD->ykgM,shared_complete_observation_shared_scores,maximum,prefix,complete,0,5000,0.6,0.0,instrument_error,2151398048,921666314,2151398048,rpoD,ykgM,False,identifiable,alpA|basR|btsR|glaR|glrR|nsrR|ptrR|rcdA|zur,5000,0.13862881319643122,0.007866755738223105,1.0105207433924077,17.62210723320918,0.13637655639641433,5636,,,,[],0,,False,True,
csd-20260805_174708,paired_hierarchical,1,0,0,948c69fa52a0a115,rpoD->ykgO,shared_complete_observation_shared_scores,maximum,prefix,complete,0,5000,0.6,0.0,instrument_error,2151398048,921666314,2151398048,rpoD,ykgO,False,identifiable,alpA|basR|btsR|glaR|glrR|nsrR|ptrR|rcdA|zur,5000,0.38240593057248945,0.00951177546080515,1.4773285161420104,40.203422815041904,0.12148067783989917,5636,,,,[],0,,False,True,
csd-20260805_174708,paired_hierarchical,1,0,0,948c69fa52a0a115,rpoD->yliM,shared_complete_observation_shared_scores,maximum,prefix,complete,0,5000,0.6,0.0,instrument_error,2151398048,921666314,2151398048,rpoD,yliM,False,identifiable,alpA|basR|btsR|glaR|glrR|nsrR|ptrR|rcdA,5000,0.24151202718576237,0.008016425659409996,1.0493423530734562,30.12714611807895,0.2094064895328383,5636,,,,[],0,,False,True,
csd-20260805_174708,paired_hierarchical,1,0,0,948c69fa52a0a115,rpoD->yoaE,shared_complete_observation_shared_scores,maximum,prefix,complete,0,5000,0.6,0.0,instrument_error,2151398048,921666314,2151398048,rpoD,yoaE,False,identifiable,alpA|basR|btsR|glaR|glrR|nsrR|ptrR|rcdA,5000,0.2049764841612191,0.008761343135289706,1.2534212186093432,23.395554881944626,0.15479598710434592,5636,,,,[],0,,False,True,
csd-20260805_174708,paired_hierarchical,1,0,0,948c69fa52a0a115,rpoD->yqhD,shared_complete_observation_shared_scores,maximum,prefix,complete,0,5000,0.6,0.0,instrument_error,2151398048,921666314,2151398048,rpoD,yqhD,False,identifiable,alpA|basR|btsR|glaR|glrR|nsrR|ptrR|rcdA|yqhC,5000,0.5038452191787395,0.008307678366199512,1.1253722823498329,60.64813741811143,0.3611184618085657,5636,,,,[],0,,False,True,
csd-20260805_174708,paired_hierarchical,1,0,0,948c69fa52a0a115,rpoD->yrbG,shared_complete_observation_shared_scores,maximum,prefix,complete,0,5000,0.6,0.0,instrument_error,2151398048,921666314,2151398048,rpoD,yrbG,False,identifiable,alpA|basR|btsR|glaR|glrR|nsrR|ptrR|rcdA,5000,0.1692752310533025,0.008318815494295223,1.1300005299095617,20.34847763715712,0.1237888999131727,5636,,,,[],0,,False,True,
csd-20260805_174708,paired_hierarchical,1,0,0,948c69fa52a0a115,rpoD->yrbN,shared_complete_observation_shared_scores,maximum,prefix,complete,0,5000,0.6,0.0,instrument_error,2151398048,921666314,2151398048,rpoD,yrbN,False,identifiable,alpA|basR|btsR|glaR|glrR|nsrR|ptrR|rcdA,5000,0.24946887263752546,0.008552760483169202,1.1944508475461846,29.168228565321105,0.19465244208670518,5636,,,,[],0,,False,True,
csd-20260805_174708,paired_hierarchical,1,0,0,948c69fa52a0a115,rpsD->rplQ,shared_complete_observation_shared_scores,maximum,prefix,complete,0,5000,0.6,0.0,instrument_error,2151398048,921666314,2151398048,rpsD,rplQ,False,identifiable,dksA|rpoD,5000,-0.2276625732263049,0.0157892102498109,1.3471357214468243,-14.418870204672302,-0.23074542088810343,5636,,,,[],0,,False,True,
csd-20260805_174708,paired_hierarchical,1,0,0,948c69fa52a0a115,rpsD->rpsK,shared_complete_observation_shared_scores,maximum,prefix,complete,0,5000,0.6,0.0,instrument_error,2151398048,921666314,2151398048,rpsD,rpsK,False,identifiable,dksA|rpoD,5000,-0.06404260639521962,0.018288373148692312,1.807343432086753,-3.501820849483209,-0.10004142729116913,5636,,,,[],0,,False,True,
csd-20260805_174708,paired_hierarchical,1,0,0,948c69fa52a0a115,rpsD->rpsM,shared_complete_observation_shared_scores,maximum,prefix,complete,0,5000,0.6,0.0,instrument_error,2151398048,921666314,2151398048,rpsD,rpsM,False,identifiable,dksA|rpoD,5000,-0.12583264614137463,0.02075861569928258,2.328559365224652,-6.061707002250801,-0.10630013104890018,5636,,,,[],0,,False,True,
csd-20260805_174708,paired_hierarchical,1,0,0,948c69fa52a0a115,rpsG->fusA,shared_complete_observation_shared_scores,maximum,prefix,complete,0,5000,0.6,0.0,instrument_error,2151398048,921666314,2151398048,rpsG,fusA,False,identifiable,dksA|rpoE,5000,-0.28106342712204546,0.02523235550202549,2.413494418428636,-11.139008686663578,-0.1593240937191537,5636,,,,[],0,,False,True,
csd-20260805_174708,paired_hierarchical,1,0,0,948c69fa52a0a115,rpsG->rpsL,shared_complete_observation_shared_scores,maximum,prefix,complete,0,5000,0.6,0.0,instrument_error,2151398048,921666314,2151398048,rpsG,rpsL,False,identifiable,dksA,5000,-0.20388041965548445,0.022974126763194963,2.0203047534224865,-8.874349034327834,-0.10203871515980455,5636,,,,[],0,,False,True,
csd-20260805_174708,paired_hierarchical,1,0,0,948c69fa52a0a115,rpsG->tufA,shared_complete_observation_shared_scores,maximum,prefix,complete,0,5000,0.6,0.0,instrument_error,2151398048,921666314,2151398048,rpsG,tufA,False,identifiable,dksA|rpoD|rpoE,5000,-0.18561250190835551,0.01801786209023316,1.2184372751541477,-10.301583005731263,-0.16481454072714366,5636,,,,[],0,,False,True,
csd-20260805_174708,paired_hierarchical,1,0,0,948c69fa52a0a115,rpsH->rplE,shared_complete_observation_shared_scores,maximum,prefix,complete,0,5000,0.6,0.0,instrument_error,2151398048,921666314,2151398048,rpsH,rplE,False,identifiable,dksA|lrp,5000,-0.2274088472157842,0.021565149158728647,1.3878220738094817,-10.54520168360342,-0.2124267062909556,5636,,,,[],0,,False,True,
csd-20260805_174708,paired_hierarchical,1,0,0,948c69fa52a0a115,rpsH->rplF,shared_complete_observation_shared_scores,maximum,prefix,complete,0,5000,0.6,0.0,instrument_error,2151398048,921666314,2151398048,rpsH,rplF,False,identifiable,dksA|lrp,5000,-0.08724038654125556,0.018363195252097276,1.0062951096252786,-4.750828237873894,-0.11058244317754516,5636,,,,[],0,,False,True,
csd-20260805_174708,paired_hierarchical,1,0,0,948c69fa52a0a115,rpsH->rplN,shared_complete_observation_shared_scores,maximum,prefix,complete,0,5000,0.6,0.0,instrument_error,2151398048,921666314,2151398048,rpsH,rplN,False,identifiable,dksA|lrp,5000,-0.20044437673881074,0.021807916485382467,1.4192444637342314,-9.191358416709168,-0.2102008228633367,5636,,,,[],0,,False,True,
csd-20260805_174708,paired_hierarchical,1,0,0,948c69fa52a0a115,rpsH->rplO,shared_complete_observation_shared_scores,maximum,prefix,complete,0,5000,0.6,0.0,instrument_error,2151398048,921666314,2151398048,rpsH,rplO,False,identifiable,dksA|lrp,5000,-0.1721373469450728,0.02144904518763689,1.3729185925700516,-8.025408377818692,-0.17550578273503142,5636,,,,[],0,,False,True,
csd-20260805_174708,paired_hierarchical,1,0,0,948c69fa52a0a115,rpsH->rplR,shared_complete_observation_shared_scores,maximum,prefix,complete,0,5000,0.6,0.0,instrument_error,2151398048,921666314,2151398048,rpsH,rplR,False,identifiable,dksA|lrp,5000,-0.4145928006378665,0.01838587803481475,1.0087826582716126,-22.549524143084735,-0.405117888280526,5636,,,,[],0,,False,True,
csd-20260805_174708,paired_hierarchical,1,0,0,948c69fa52a0a115,rpsH->rplX,shared_complete_observation_shared_scores,maximum,prefix,complete,0,5000,0.6,0.0,instrument_error,2151398048,921666314,2151398048,rpsH,rplX,False,identifiable,dksA|lrp,5000,-0.11627632253775319,0.019532755893889735,1.1385599508338353,-5.952888735691768,-0.10700598079597756,5636,,,,[],0,,False,True,
csd-20260805_174708,paired_hierarchical,1,0,0,948c69fa52a0a115,rpsH->rpmD,shared_complete_observation_shared_scores,maximum,prefix,complete,0,5000,0.6,0.0,instrument_error,2151398048,921666314,2151398048,rpsH,rpmD,False,identifiable,dksA|lrp,5000,-0.27613942055847707,0.019127725214224685,1.0918312148869136,-14.43660537077984,-0.24941005682448894,5636,,,,[],0,,False,True,
csd-20260805_174708,paired_hierarchical,1,0,0,948c69fa52a0a115,rpsH->rpmJ,shared_complete_observation_shared_scores,maximum,prefix,complete,0,5000,0.6,0.0,instrument_error,2151398048,921666314,2151398048,rpsH,rpmJ,False,identifiable,dksA|lrp,5000,-0.39487702338486896,0.020295949635580336,1.2292709290167037,-19.455952072950538,-0.40835836153992144,5636,,,,[],0,,False,True,
csd-20260805_174708,paired_hierarchical,1,0,0,948c69fa52a0a115,rpsH->rpsE,shared_complete_observation_shared_scores,maximum,prefix,complete,0,5000,0.6,0.0,instrument_error,2151398048,921666314,2151398048,rpsH,rpsE,False,identifiable,dksA|lrp,5000,-0.14786580073789685,0.02238251473115327,1.495018669569543,-6.606308652713126,-0.1691411622691475,5636,,,,[],0,,False,True,
csd-20260805_174708,paired_hierarchical,1,0,0,948c69fa52a0a115,rpsH->rpsN,shared_complete_observation_shared_scores,maximum,prefix,complete,0,5000,0.6,0.0,instrument_error,2151398048,921666314,2151398048,rpsH,rpsN,False,identifiable,dksA|lrp,5000,-0.227032606939299,0.019825098892332926,1.1728962096727644,-11.45177676904808,-0.2453461656609481,5636,,,,[],0,,False,True,
csd-20260805_174708,paired_hierarchical,1,0,0,948c69fa52a0a115,rpsH->secY,shared_complete_observation_shared_scores,maximum,prefix,complete,0,5000,0.6,0.0,instrument_error,2151398048,921666314,2151398048,rpsH,secY,False,identifiable,dksA|lrp,5000,-0.20117846210216628,0.01954718407112096,1.1402426024787453,-10.291940842742033,-0.16224121722120058,5636,,,,[],0,,False,True,
csd-20260805_174708,paired_hierarchical,1,0,0,948c69fa52a0a115,sgrR->alaC,shared_complete_observation_shared_scores,maximum,prefix,complete,0,5000,0.6,0.0,instrument_error,2151398048,921666314,2151398048,sgrR,alaC,False,identifiable,dksA|nac|rpoD,5000,0.48951670840986017,0.016906348234452764,1.2500004413017776,28.954609334988962,0.4901627736779622,5636,,,,[],0,,False,True,
csd-20260805_174708,paired_hierarchical,1,0,0,948c69fa52a0a115,sgrR->setA,shared_complete_observation_shared_scores,maximum,prefix,complete,0,5000,0.6,0.0,instrument_error,2151398048,921666314,2151398048,sgrR,setA,False,identifiable,cra|dksA|rpoD|rpoS,5000,0.27679728865223563,0.017872438286405338,1.406259573338474,15.487382539336076,0.28534755826690805,5636,,,,[],0,,False,True,
csd-20260805_174708,paired_hierarchical,1,0,0,948c69fa52a0a115,sgrR->sgrT,shared_complete_observation_shared_scores,maximum,prefix,complete,0,5000,0.6,0.0,instrument_error,2151398048,921666314,2151398048,sgrR,sgrT,False,identifiable,cra|dksA|rpoD|rpoS,5000,0.5049063321350266,0.017720725753145733,1.3824864668319818,28.49241837882385,0.488050475138254,5636,,,,[],0,,False,True,
csd-20260805_174708,paired_hierarchical,1,0,0,948c69fa52a0a115,sgrR->thiB,shared_complete_observation_shared_scores,maximum,prefix,complete,0,5000,0.6,0.0,instrument_error,2151398048,921666314,2151398048,sgrR,thiB,False,identifiable,dksA|rpoD,5000,-0.22487766649363217,0.01475317494166043,0.9616834207322495,-15.242662503690395,-0.2041222177984822,5636,,,,[],0,,False,True,
csd-20260805_174708,paired_hierarchical,1,0,0,948c69fa52a0a115,sgrR->thiP,shared_complete_observation_shared_scores,maximum,prefix,complete,0,5000,0.6,0.0,instrument_error,2151398048,921666314,2151398048,sgrR,thiP,False,identifiable,dksA|rpoD,5000,-0.20055059844997197,0.01991874966927495,1.7530136251687443,-10.068433098455225,-0.2479460589369097,5636,,,,[],0,,False,True,
csd-20260805_174708,paired_hierarchical,1,0,0,948c69fa52a0a115,sgrR->thiQ,shared_complete_observation_shared_scores,maximum,prefix,complete,0,5000,0.6,0.0,instrument_error,2151398048,921666314,2151398048,sgrR,thiQ,False,identifiable,dksA|rpoD,5000,-0.1688747214437258,0.014960868135890973,0.9889509104907833,-11.28776217461586,-0.15753621906072435,5636,,,,[],0,,False,True,
csd-20260805_174708,paired_hierarchical,1,0,0,948c69fa52a0a115,dsdC->dsdA,shared_complete_observation_shared_scores,maximum,prefix,complete,0,5000,0.6,0.0,instrument_error,2151398048,921666314,2151398048,dsdC,dsdA,False,identifiable,crp|nsrR|rpoD,5000,0.14773763714321747,0.02283845390010148,1.0723972818357497,6.468810795574958,0.16479239453370392,5636,,,,[],0,,False,True,
csd-20260805_174708,paired_hierarchical,1,0,0,948c69fa52a0a115,dsdC->dsdX,shared_complete_observation_shared_scores,maximum,prefix,complete,0,5000,0.6,0.0,instrument_error,2151398048,921666314,2151398048,dsdC,dsdX,False,identifiable,crp|nsrR|rpoD,5000,0.29624948521133765,0.022070007938452752,1.001445416542903,13.423170759045346,0.2875561026017037,5636,,,,[],0,,False,True,
csd-20260805_174708,paired_hierarchical,1,0,0,948c69fa52a0a115,ebgR->ebgA,shared_complete_observation_shared_scores,maximum,prefix,complete,0,5000,0.6,0.0,instrument_error,2151398048,921666314,2151398048,ebgR,ebgA,False,identifiable,crp|rpoD,5000,-0.11362417141824344,0.01931703368119937,1.9094824954378689,-5.882071403583568,-0.12499620745834035,5636,,,,[],0,,False,True,
csd-20260805_174708,paired_hierarchical,1,0,0,948c69fa52a0a115,ebgR->ebgC,shared_complete_observation_shared_scores,maximum,prefix,complete,0,5000,0.6,0.0,instrument_error,2151398048,921666314,2151398048,ebgR,ebgC,False,identifiable,crp|rpoD|spf,5000,-0.3314770228378916,0.0186581347948549,1.7806302250517887,-17.765817777739418,-0.32031059652346083,5636,,,,[],0,,False,True,
csd-20260805_174708,paired_hierarchical,1,0,0,948c69fa52a0a115,envR->acrA,shared_complete_observation_shared_scores,maximum,prefix,complete,0,5000,0.6,0.0,instrument_error,2151398048,921666314,2151398048,envR,acrA,False,identifiable,acrR|marA|mprA|phoP|ptrR|rob|rpoD|soxS,5000,-0.17405445401152592,0.015747204270265967,1.1834600309271566,-11.05303843299838,-0.17288430556560588,5636,,,,[],0,,False,True,
csd-20260805_174708,paired_hierarchical,1,0,0,948c69fa52a0a115,envR->acrB,shared_complete_observation_shared_scores,maximum,prefix,complete,0,5000,0.6,0.0,instrument_error,2151398048,921666314,2151398048,envR,acrB,False,identifiable,acrR|marA|mprA|phoP|ptrR|rob|rpoD|soxS,5000,-0.17750911229703278,0.015662941955269884,1.1708286736986586,-11.333063277892622,-0.1817906028321961,5636,,,,[],0,,False,True,
csd-20260805_174708,paired_hierarchical,1,0,0,948c69fa52a0a115,envY->ompC,shared_complete_observation_shared_scores,maximum,prefix,complete,0,5000,0.6,0.0,instrument_error,2151398048,921666314,2151398048,envY,ompC,False,identifiable,cpxR|ihfA|ihfB|lrp|ompR|rpoD|yjjQ,5000,0.22669015621530916,0.013705310109141734,0.9830336287235965,16.54031571778168,0.22717720736913247,5636,,,,[],0,,False,True,
csd-20260805_174708,paired_hierarchical,1,0,0,948c69fa52a0a115,envY->ompF,shared_complete_observation_shared_scores,maximum,prefix,complete,0,5000,0.6,0.0,instrument_error,2151398048,921666314,2151398048,envY,ompF,False,identifiable,cpxR|crp|fur|ihfA|ihfB|nac|ompR|phoB|rpoD|rpoS|rstA,5000,0.5711008335848519,0.020068151025897228,2.0984092473414835,28.458069348185926,0.5310382452346238,5636,,,,[],0,,False,True,
csd-20260805_174708,paired_hierarchical,1,0,0,948c69fa52a0a115,fabR->fabA,shared_complete_observation_shared_scores,maximum,prefix,complete,0,5000,0.6,0.0,instrument_error,2151398048,921666314,2151398048,fabR,fabA,False,identifiable,fadR|rpoD,5000,-0.1395894391030957,0.01576304212606528,1.3290243809069606,-8.855488552699793,-0.12861434352208564,5636,,,,[],0,,False,True,
csd-20260805_174708,paired_hierarchical,1,0,0,948c69fa52a0a115,fabR->fabB,shared_complete_observation_shared_scores,maximum,prefix,complete,0,5000,0.6,0.0,instrument_error,2151398048,921666314,2151398048,fabR,fabB,False,identifiable,fadR|rpoD,5000,-0.285318478841978,0.014022773845172068,1.0517698946196163,-20.34679315178508,-0.28149902131722404,5636,,,,[],0,,False,True,
csd-20260805_174708,paired_hierarchical,1,0,0,948c69fa52a0a115,iclR->aceA,shared_complete_observation_shared_scores,maximum,prefix,complete,0,5000,0.6,0.0,instrument_error,2151398048,921666314,2151398048,iclR,aceA,False,identifiable,arcA|cra|crp|fadR|flhC|flhD|ihfA|ihfB|rpoD,5000,-0.2840987593880675,0.012500875052247373,1.460815741980778,-22.726309814367195,-0.26207471945270727,5636,,,,[],0,,False,True,
csd-20260805_174708,paired_hierarchical,1,0,0,948c69fa52a0a115,iclR->aceB,shared_complete_observation_shared_scores,maximum,prefix,complete,0,5000,0.6,0.0,instrument_error,2151398048,921666314,2151398048,iclR,aceB,False,identifiable,arcA|cra|crp|fadR|flhC|flhD|ihfA|ihfB|lrp|nac|rpoD,5000,-0.29471951272335656,0.010716593690551137,1.058787342768232,-27.501230450046073,-0.27573904419719125,5636,,,,[],0,,False,True,
csd-20260805_174708,paired_hierarchical,1,0,0,948c69fa52a0a115,iclR->aceK,shared_complete_observation_shared_scores,maximum,prefix,complete,0,5000,0.6,0.0,instrument_error,2151398048,921666314,2151398048,iclR,aceK,False,identifiable,arcA|cra|crp|fadR|flhC|flhD|ihfA|ihfB|rpoD,5000,-0.13264788846944858,0.011854493717082368,1.313652912793222,-11.189671329303797,-0.13646077258490275,5636,,,,[],0,,False,True,
csd-20260805_174708,paired_hierarchical,1,0,0,948c69fa52a0a115,fecI->fecA,shared_complete_observation_shared_scores,maximum,prefix,complete,0,5000,0.6,0.0,instrument_error,2151398048,921666314,2151398048,fecI,fecA,False,identifiable,crp|fur|hypT|pdhR|rpoD|slyA,5000,0.2697688704624861,0.013919328349643914,1.1232815460021754,19.38088273270652,0.2952832431484745,5636,,,,[],0,,False,True,
csd-20260805_174708,paired_hierarchical,1,0,0,948c69fa52a0a115,fecI->fecB,shared_complete_observation_shared_scores,maximum,prefix,complete,0,5000,0.6,0.0,instrument_error,2151398048,921666314,2151398048,fecI,fecB,False,identifiable,crp|fur|hypT|pdhR|rpoD|slyA,5000,0.30549187671975364,0.013484084787020604,1.0541320404101735,22.655736859042257,0.2908392252519846,5636,,,,[],0,,False,True,
csd-20260805_174708,paired_hierarchical,1,0,0,948c69fa52a0a115,fecI->fecC,shared_complete_observation_shared_scores,maximum,prefix,complete,0,5000,0.6,0.0,instrument_error,2151398048,921666314,2151398048,fecI,fecC,False,identifiable,crp|fur|hypT|pdhR|rpoD|slyA,5000,0.04300988152066535,0.013805763338465497,1.1050270602202235,3.1153570046236845,0.06321065127106917,5636,,,,[],0,,False,True,
csd-20260805_174708,paired_hierarchical,1,0,0,948c69fa52a0a115,fecI->fecD,shared_complete_observation_shared_scores,maximum,prefix,complete,0,5000,0.6,0.0,instrument_error,2151398048,921666314,2151398048,fecI,fecD,False,identifiable,crp|fur|hypT|pdhR|rpoD|slyA,5000,0.15707729294582537,0.014735553149041895,1.25888178881813,10.65974866074427,0.169020767064116,5636,,,,[],0,,False,True,
csd-20260805_174708,paired_hierarchical,1,0,0,948c69fa52a0a115,fecI->fecE,shared_complete_observation_shared_scores,maximum,prefix,complete,0,5000,0.6,0.0,instrument_error,2151398048,921666314,2151398048,fecI,fecE,False,identifiable,crp|fur|hypT|pdhR|rpoD|slyA,5000,0.1902941055804878,0.014982334126557126,1.3014006550763595,12.70123226281408,0.1999536742517019,5636,,,,[],0,,False,True,
csd-20260805_174708,paired_hierarchical,1,0,0,948c69fa52a0a115,fhlA->fdhF,shared_complete_observation_shared_scores,maximum,prefix,complete,0,5000,0.6,0.0,instrument_error,2151398048,921666314,2151398048,fhlA,fdhF,False,identifiable,fnr|ihfA|ihfB|narL|narP|nsrR|rpoN,5000,0.13917872363144884,0.008411787444490079,1.1851241542256001,16.54567766362359,0.13677773952843456,5636,,,,[],0,,False,True,
csd-20260805_174708,paired_hierarchical,1,0,0,948c69fa52a0a115,fhlA->focB,shared_complete_observation_shared_scores,maximum,prefix,complete,0,5000,0.6,0.0,instrument_error,2151398048,921666314,2151398048,fhlA,focB,False,identifiable,crp|fnr|ihfA|ihfB|nsrR|rpoN,5000,0.3443081370589203,0.008133214731737146,1.125676111698415,42.333584986435085,0.23447365991034036,5636,,,,[],0,,False,True,
csd-20260805_174708,paired_hierarchical,1,0,0,948c69fa52a0a115,fhlA->hycA,shared_complete_observation_shared_scores,maximum,prefix,complete,0,5000,0.6,0.0,instrument_error,2151398048,921666314,2151398048,fhlA,hycA,False,identifiable,fnr|ihfA|ihfB|modE|nsrR|rpoN,5000,0.14770191675226987,0.007565192857263621,0.9671267381029633,19.523879898244207,0.15493805264847604,5636,,,,[],0,,False,True,
csd-20260805_174708,paired_hierarchical,1,0,0,948c69fa52a0a115,fhlA->hycB,shared_complete_observation_shared_scores,maximum,prefix,complete,0,5000,0.6,0.0,instrument_error,2151398048,921666314,2151398048,fhlA,hycB,False,identifiable,fnr|ihfA|ihfB|modE|nsrR|rpoN|srsR,5000,0.16842681390892483,0.008308183264294946,1.165178301974447,20.272399940038873,0.15374361977335477,5636,,,,[],0,,False,True,
csd-20260805_174708,paired_hierarchical,1,0,0,948c69fa52a0a115,fhlA->hycC,shared_complete_observation_shared_scores,maximum,prefix,complete,0,5000,0.6,0.0,instrument_error,2151398048,921666314,2151398048,fhlA,hycC,False,identifiable,fnr|ihfA|ihfB|modE|nsrR|rpoN,5000,0.24447703651948735,0.008386185981037415,1.1884265943667267,29.152350910448597,0.247560096132835,5636,,,,[],0,,False,True,
csd-20260805_174708,paired_hierarchical,1,0,0,948c69fa52a0a115,fhlA->hycD,shared_complete_observation_shared_scores,maximum,prefix,complete,0,5000,0.6,0.0,instrument_error,2151398048,921666314,2151398048,fhlA,hycD,False,identifiable,fnr|ihfA|ihfB|modE|nsrR|rpoN,5000,0.32473853090765725,0.007737207058918485,1.0116069896429511,41.97102758589603,0.3235992352314006,5636,,,,[],0,,False,True,
csd-20260805_174708,paired_hierarchical,1,0,0,948c69fa52a0a115,fhlA->hycE,shared_complete_observation_shared_scores,maximum,prefix,complete,0,5000,0.6,0.0,instrument_error,2151398048,921666314,2151398048,fhlA,hycE,False,identifiable,fnr|ihfA|ihfB|modE|nsrR|rpoN,5000,0.3632286807701826,0.013388947008476842,3.029257752850159,27.1289953227998,0.3986668336831659,5636,,,,[],0,,False,True,
csd-20260805_174708,paired_hierarchical,1,0,0,948c69fa52a0a115,fhlA->hycF,shared_complete_observation_shared_scores,maximum,prefix,complete,0,5000,0.6,0.0,instrument_error,2151398048,921666314,2151398048,fhlA,hycF,False,identifiable,fnr|ihfA|ihfB|modE|nsrR|rpoN,5000,0.20494269980873525,0.007639485612207888,0.9862150308355063,26.826766907085613,0.19382227116793485,5636,,,,[],0,,False,True,
csd-20260805_174708,paired_hierarchical,1,0,0,948c69fa52a0a115,fhlA->hycG,shared_complete_observation_shared_scores,maximum,prefix,complete,0,5000,0.6,0.0,instrument_error,2151398048,921666314,2151398048,fhlA,hycG,False,identifiable,fnr|ihfA|ihfB|modE|nsrR|rpoN,5000,0.3683614416290303,0.008954349524477238,1.354913181753028,41.13771085460677,0.3732377477887377,5636,,,,[],0,,False,True,
csd-20260805_174708,paired_hierarchical,1,0,0,948c69fa52a0a115,fhlA->hycH,shared_complete_observation_shared_scores,maximum,prefix,complete,0,5000,0.6,0.0,instrument_error,2151398048,921666314,2151398048,fhlA,hycH,False,identifiable,fnr|ihfA|ihfB|modE|nsrR|rpoN,5000,0.2827476082159876,0.008158302360585595,1.1247162674027071,34.657652501579044,0.2824151016955375,5636,,,,[],0,,False,True,
csd-20260805_174708,paired_hierarchical,1,0,0,948c69fa52a0a115,fhlA->hycI,shared_complete_observation_shared_scores,maximum,prefix,complete,0,5000,0.6,0.0,instrument_error,2151398048,921666314,2151398048,fhlA,hycI,False,identifiable,fnr|ihfA|ihfB|modE|nsrR|rpoN,5000,0.14286596260897566,0.007686153480502301,0.9983009570982563,18.58744597949912,0.15218615381736375,5636,,,,[],0,,False,True,
csd-20260805_174708,paired_hierarchical,1,0,0,948c69fa52a0a115,fhlA->hydN,shared_complete_observation_shared_scores,maximum,prefix,complete,0,5000,0.6,0.0,instrument_error,2151398048,921666314,2151398048,fhlA,hydN,False,identifiable,flhC|flhD|fnr|ihfA|ihfB|nsrR|rpoN,5000,0.23128718211418656,0.00859679898100591,1.2107196921382903,26.90387231633555,0.21773440284185924,5636,,,,[],0,,False,True,
csd-20260805_174708,paired_hierarchical,1,0,0,948c69fa52a0a115,fhlA->hyfA,shared_complete_observation_shared_scores,maximum,prefix,complete,0,5000,0.6,0.0,instrument_error,2151398048,921666314,2151398048,fhlA,hyfA,False,identifiable,crp|fnr|ihfA|ihfB|nsrR|rpoN,5000,0.5069495861743935,0.009353621608088211,1.4888418453658974,54.198214062457566,0.359785700341436,5636,,,,[],0,,False,True,
csd-20260805_174708,paired_hierarchical,1,0,0,948c69fa52a0a115,fhlA->hyfB,shared_complete_observation_shared_scores,maximum,prefix,complete,0,5000,0.6,0.0,instrument_error,2151398048,921666314,2151398048,fhlA,hyfB,False,identifiable,crp|fnr|ihfA|ihfB|nsrR|rpoN,5000,0.30971204659058404,0.008872159260311277,1.3395151527025422,34.90830557743143,0.0875177725121007,5636,,,,[],0,,False,True,
csd-20260805_174708,paired_hierarchical,1,0,0,948c69fa52a0a115,fhlA->hyfC,shared_complete_observation_shared_scores,maximum,prefix,complete,0,5000,0.6,0.0,instrument_error,2151398048,921666314,2151398048,fhlA,hyfC,False,identifiable,crp|fnr|ihfA|ihfB|nsrR|rpoN,5000,0.43843267276940606,0.009283631688376617,1.4666442272463769,47.226418225783,0.2658783103190463,5636,,,,[],0,,False,True,
csd-20260805_174708,paired_hierarchical,1,0,0,948c69fa52a0a115,fhlA->hyfD,shared_complete_observation_shared_scores,maximum,prefix,complete,0,5000,0.6,0.0,instrument_error,2151398048,921666314,2151398048,fhlA,hyfD,False,identifiable,crp|fnr|ihfA|ihfB|nsrR|rpoN,5000,0.47161865543206455,0.008277512158636714,1.165973358712007,56.97589401182336,0.2911470868212532,5636,,,,[],0,,False,True,
csd-20260805_174708,paired_hierarchical,1,0,0,948c69fa52a0a115,fhlA->hyfE,shared_complete_observation_shared_scores,maximum,prefix,complete,0,5000,0.6,0.0,instrument_error,2151398048,921666314,2151398048,fhlA,hyfE,False,identifiable,crp|fnr|ihfA|ihfB|nsrR|rpoN,5000,0.4023829731875494,0.009206276111648464,1.442304520208531,43.707463072764526,0.21707843129261445,5636,,,,[],0,,False,True,
csd-20260805_174708,paired_hierarchical,1,0,0,948c69fa52a0a115,fhlA->hyfF,shared_complete_observation_shared_scores,maximum,prefix,complete,0,5000,0.6,0.0,instrument_error,2151398048,921666314,2151398048,fhlA,hyfF,False,identifiable,crp|fnr|ihfA|ihfB|nsrR|rpoN,5000,0.306425823628847,0.007951995533288148,1.0760717437656149,38.5344562061317,0.15004650390353674,5636,,,,[],0,,False,True,
csd-20260805_174708,paired_hierarchical,1,0,0,948c69fa52a0a115,fhlA->hyfG,shared_complete_observation_shared_scores,maximum,prefix,complete,0,5000,0.6,0.0,instrument_error,2151398048,921666314,2151398048,fhlA,hyfG,False,identifiable,crp|fnr|ihfA|ihfB|nsrR|rpoN,5000,0.37190209347830655,0.007631696988056177,0.9911313422774302,48.73124471010103,0.2607108823487323,5636,,,,[],0,,False,True,
csd-20260805_174708,paired_hierarchical,1,0,0,948c69fa52a0a115,fhlA->hyfH,shared_complete_observation_shared_scores,maximum,prefix,complete,0,5000,0.6,0.0,instrument_error,2151398048,921666314,2151398048,fhlA,hyfH,False,identifiable,crp|fnr|ihfA|ihfB|nsrR|rpoN,5000,0.5819951261858561,0.010854009953173503,2.0047923832205465,53.62028676007359,0.3966099398523921,5636,,,,[],0,,False,True,
csd-20260805_174708,paired_hierarchical,1,0,0,948c69fa52a0a115,fhlA->hyfI,shared_complete_observation_shared_scores,maximum,prefix,complete,0,5000,0.6,0.0,instrument_error,2151398048,921666314,2151398048,fhlA,hyfI,False,identifiable,crp|fnr|ihfA|ihfB|nsrR|rpoN,5000,0.3445703562176527,0.008827264368693221,1.3259930252775582,39.034783804561926,0.2532312148798676,5636,,,,[],0,,False,True,
csd-20260805_174708,paired_hierarchical,1,0,0,948c69fa52a0a115,fhlA->hyfJ,shared_complete_observation_shared_scores,maximum,prefix,complete,0,5000,0.6,0.0,instrument_error,2151398048,921666314,2151398048,fhlA,hyfJ,False,identifiable,crp|fnr|ihfA|ihfB|nsrR|rpoN,5000,0.53922502426178,0.0083638720671027,1.1904296497477387,64.47074033840059,0.3303045462819256,5636,,,,[],0,,False,True,
csd-20260805_174708,paired_hierarchical,1,0,0,948c69fa52a0a115,fhlA->hyfR,shared_complete_observation_shared_scores,maximum,prefix,complete,0,5000,0.6,0.0,instrument_error,2151398048,921666314,2151398048,fhlA,hyfR,False,identifiable,crp|fnr|ihfA|ihfB|nsrR|rpoN,5000,0.9436596268758466,0.010289928724783041,1.8018295528256703,91.70711013799983,0.7639357790101386,5636,,,,[],0,,False,True,
csd-20260805_174708,paired_hierarchical,1,0,0,948c69fa52a0a115,fhlA->hypA,shared_complete_observation_shared_scores,maximum,prefix,complete,0,5000,0.6,0.0,instrument_error,2151398048,921666314,2151398048,fhlA,hypA,False,identifiable,fnr|ihfA|ihfB|nsrR|rpoN,5000,0.414562703975005,0.010368201738450315,1.8300695575433752,39.984050699708675,0.36712186565589,5636,,,,[],0,,False,True,
csd-20260805_174708,paired_hierarchical,1,0,0,948c69fa52a0a115,fhlA->hypB,shared_complete_observation_shared_scores,maximum,prefix,complete,0,5000,0.6,0.0,instrument_error,2151398048,921666314,2151398048,fhlA,hypB,False,identifiable,fnr|ihfA|ihfB|nsrR|rpoN,5000,0.11542893962235007,0.00827687020279081,1.1662536297429251,13.945964693686935,0.11344090409804727,5636,,,,[],0,,False,True,
csd-20260805_174708,paired_hierarchical,1,0,0,948c69fa52a0a115,fhlA->hypC,shared_complete_observation_shared_scores,maximum,prefix,complete,0,5000,0.6,0.0,instrument_error,2151398048,921666314,2151398048,fhlA,hypC,False,identifiable,fnr|ihfA|ihfB|nsrR|rpoN,5000,0.24723863603141083,0.007579935110724012,0.978118998818607,32.617513530111914,0.2397282140130605,5636,,,,[],0,,False,True,
csd-20260805_174708,paired_hierarchical,1,0,0,948c69fa52a0a115,fhlA->hypD,shared_complete_observation_shared_scores,maximum,prefix,complete,0,5000,0.6,0.0,instrument_error,2151398048,921666314,2151398048,fhlA,hypD,False,identifiable,fnr|ihfA|ihfB|nsrR|rpoN,5000,0.5634527313148926,0.011813220676459757,2.3757314820116586,47.69679215742466,0.6337662602728646,5636,,,,[],0,,False,True,
csd-20260805_174708,paired_hierarchical,1,0,0,948c69fa52a0a115,fhlA->hypE,shared_complete_observation_shared_scores,maximum,prefix,complete,0,5000,0.6,0.0,instrument_error,2151398048,921666314,2151398048,fhlA,hypE,False,identifiable,fnr|ihfA|ihfB|nsrR|rpoN,5000,0.18328840784164302,0.008131434467271081,1.1256284250582909,22.54072249851813,0.16517522780153693,5636,,,,[],0,,False,True,
csd-20260805_174708,paired_hierarchical,1,0,0,948c69fa52a0a115,fhlA->hypF,shared_complete_observation_shared_scores,maximum,prefix,complete,0,5000,0.6,0.0,instrument_error,2151398048,921666314,2151398048,fhlA,hypF,False,identifiable,cra|flhC|flhD|fnr|ihfA|ihfB|nsrR|rpoD|rpoN,5000,0.3625761791723979,0.008809562063801795,1.2527088735412972,41.15711729442394,0.3643940893371819,5636,,,,[],0,,False,True,
csd-20260805_174708,paired_hierarchical,1,0,0,948c69fa52a0a115,fimZ->puuB,shared_complete_observation_shared_scores,maximum,prefix,complete,0,5000,0.6,0.0,instrument_error,2151398048,921666314,2151398048,fimZ,puuB,False,identifiable,arcA|argR|crp|ptrR|puuR|rpoS,5000,0.21506088756293193,0.015783493997845132,1.5797569816785653,13.625683108714298,0.23844864687353715,5636,,,,[],0,,False,True,
csd-20260805_174708,paired_hierarchical,1,0,0,948c69fa52a0a115,fimZ->puuC,shared_complete_observation_shared_scores,maximum,prefix,complete,0,5000,0.6,0.0,instrument_error,2151398048,921666314,2151398048,fimZ,puuC,False,identifiable,arcA|crp|ptrR|puuR|rpoS,5000,0.17522640363389444,0.012438881620888447,0.9841964862275702,14.086990211373914,0.16983958147394082,5636,,,,[],0,,False,True,
csd-20260805_174708,paired_hierarchical,1,0,0,948c69fa52a0a115,fimZ->puuD,shared_complete_observation_shared_scores,maximum,prefix,complete,0,5000,0.6,0.0,instrument_error,2151398048,921666314,2151398048,fimZ,puuD,False,identifiable,arcA|crp|puuR|rpoS,5000,0.1619915790507726,0.01702122541330196,1.8455830748600426,9.517033886654096,0.1548640358869371,5636,,,,[],0,,False,True,
csd-20260805_174708,paired_hierarchical,1,0,0,948c69fa52a0a115,fimZ->sfmA,shared_complete_observation_shared_scores,maximum,prefix,complete,0,5000,0.6,0.0,instrument_error,2151398048,921666314,2151398048,fimZ,sfmA,False,identifiable,,5000,0.06697582185978021,0.013874980090956269,1.295073649737181,4.827093186492941,0.15350048093188814,5636,,,,[],0,,False,True,
csd-20260805_174708,paired_hierarchical,1,0,0,948c69fa52a0a115,fimZ->sfmC,shared_complete_observation_shared_scores,maximum,prefix,complete,0,5000,0.6,0.0,instrument_error,2151398048,921666314,2151398048,fimZ,sfmC,False,identifiable,,5000,0.03819231326480394,0.019104606336206965,2.4553076455107985,1.9991154275930847,0.22150198343267352,5636,,,,[],0,,False,True,
csd-20260805_174708,paired_hierarchical,1,0,0,948c69fa52a0a115,nac->abgA,shared_complete_observation_shared_scores,maximum,prefix,complete,0,5000,0.6,0.0,instrument_error,2151398048,921666314,2151398048,nac,abgA,False,identifiable,alpA|basR|btsR|glaR|glrR|nsrR|ptrR|rcdA,5000,-0.424701359476255,0.013949987965370817,1.1236611698902608,-30.444568162390212,-0.4390315743303633,5636,,,,[],0,,False,True,
csd-20260805_174708,paired_hierarchical,1,0,0,948c69fa52a0a115,nac->abpA,shared_complete_observation_shared_scores,maximum,prefix,complete,0,5000,0.6,0.0,instrument_error,2151398048,921666314,2151398048,nac,abpA,False,identifiable,alpA|basR|btsR|glaR|glrR|nsrR|ptrR|rcdA,5000,-0.27813750867680226,0.013383849925847435,1.0343078571402349,-20.78157706622605,-0.24747899635080406,5636,,,,[],0,,False,True,
csd-20260805_174708,paired_hierarchical,1,0,0,948c69fa52a0a115,nac->allR,shared_complete_observation_shared_scores,maximum,prefix,complete,0,5000,0.6,0.0,instrument_error,2151398048,921666314,2151398048,nac,allR,False,identifiable,alpA|basR|btsR|glaR|glrR|nsrR|ptrR|rcdA,5000,0.1925880042664789,0.014414452762422631,1.1997314009783335,13.360757251120972,0.15795035800776622,5636,,,,[],0,,False,True,
csd-20260805_174708,paired_hierarchical,1,0,0,948c69fa52a0a115,nac->aroE,shared_complete_observation_shared_scores,maximum,prefix,complete,0,5000,0.6,0.0,instrument_error,2151398048,921666314,2151398048,nac,aroE,False,identifiable,alpA|basR|btsR|glaR|glrR|nsrR|ptrR|rcdA,5000,-0.21897142627061783,0.013576249620181094,1.0642590122733742,-16.129007081979164,-0.21564856135803406,5636,,,,[],0,,False,True,
csd-20260805_174708,paired_hierarchical,1,0,0,948c69fa52a0a115,nac->bfr,shared_complete_observation_shared_scores,maximum,prefix,complete,0,5000,0.6,0.0,instrument_error,2151398048,921666314,2151398048,nac,bfr,False,identifiable,alpA|basR|btsR|glaR|glrR|nsrR|ptrR|rcdA,5000,0.3733573624545332,0.016643576191026008,1.5994880669114173,22.432520401224977,0.28654406617236894,5636,,,,[],0,,False,True,
csd-20260805_174708,paired_hierarchical,1,0,0,948c69fa52a0a115,nac->bglH,shared_complete_observation_shared_scores,maximum,prefix,complete,0,5000,0.6,0.0,instrument_error,2151398048,921666314,2151398048,nac,bglH,False,identifiable,alpA|basR|btsR|glaR|glrR|nsrR|ptrR|rcdA,5000,-0.26514636706940165,0.014399149792426298,1.1971853857582637,-18.414029362265822,-0.25001346428255805,5636,,,,[],0,,False,True,
csd-20260805_174708,paired_hierarchical,1,0,0,948c69fa52a0a115,nac->bisC,shared_complete_observation_shared_scores,maximum,prefix,complete,0,5000,0.6,0.0,instrument_error,2151398048,921666314,2151398048,nac,bisC,False,identifiable,alpA|basR|btsR|glaR|glrR|nsrR|ptrR|rcdA,5000,0.3083714531405249,0.014739357898207166,1.254425391703127,20.92163412206945,0.24776295294959846,5636,,,,[],0,,False,True,
csd-20260805_174708,paired_hierarchical,1,0,0,948c69fa52a0a115,nac->cbrC,shared_complete_observation_shared_scores,maximum,prefix,complete,0,5000,0.6,0.0,instrument_error,2151398048,921666314,2151398048,nac,cbrC,False,identifiable,alpA|basR|btsR|glaR|glrR|nsrR|ptrR|rcdA,5000,-0.3987240641671314,0.016989997515245655,1.6667648690881596,-23.46816494877906,-0.3974779483565007,5636,,,,[],0,,False,True,
csd-20260805_174708,paired_hierarchical,1,0,0,948c69fa52a0a115,nac->cdaR,shared_complete_observation_shared_scores,maximum,prefix,complete,0,5000,0.6,0.0,instrument_error,2151398048,921666314,2151398048,nac,cdaR,False,identifiable,alpA|basR|btsR|glaR|glrR|nsrR|ptrR|rcdA,5000,-0.13275564248157787,0.017433335174108076,1.7548850226213168,-7.615045609789345,-0.17774005786193514,5636,,,,[],0,,False,True,
csd-20260805_174708,paired_hierarchical,1,0,0,948c69fa52a0a115,nac->cmtA,shared_complete_observation_shared_scores,maximum,prefix,complete,0,5000,0.6,0.0,instrument_error,2151398048,921666314,2151398048,nac,cmtA,False,identifiable,alpA|basR|btsR|glaR|glrR|nsrR|ptrR|rcdA,5000,0.4351476481822231,0.014178768728527665,1.1608196334477547,30.690087165799284,0.4803974639603665,5636,,,,[],0,,False,True,
csd-20260805_174708,paired_hierarchical,1,0,0,948c69fa52a0a115,nac->cmtB,shared_complete_observation_shared_scores,maximum,prefix,complete,0,5000,0.6,0.0,instrument_error,2151398048,921666314,2151398048,nac,cmtB,False,identifiable,alpA|basR|btsR|glaR|glrR|nsrR|ptrR|rcdA,5000,0.14969307431754592,0.013228231562325433,1.0103952242801455,11.316181880568084,0.1469674413910197,5636,,,,[],0,,False,True,
csd-20260805_174708,paired_hierarchical,1,0,0,948c69fa52a0a115,nac->curA,shared_complete_observation_shared_scores,maximum,prefix,complete,0,5000,0.6,0.0,instrument_error,2151398048,921666314,2151398048,nac,curA,False,identifiable,alpA|basR|btsR|glaR|glrR|nsrR|ptrR|rcdA,5000,-0.16749110959810973,0.01658594839228167,1.5884308999844827,-10.098373975168784,-0.26927602710689047,5636,,,,[],0,,False,True,
csd-20260805_174708,paired_hierarchical,1,0,0,948c69fa52a0a115,nac->cysQ,shared_complete_observation_shared_scores,maximum,prefix,complete,0,5000,0.6,0.0,instrument_error,2151398048,921666314,2151398048,nac,cysQ,False,identifiable,alpA|basR|btsR|glaR|glrR|nsrR|ptrR|rcdA,5000,0.08060135155178125,0.013273321948558051,1.0172951274430937,6.072432497618833,0.09555498621391192,5636,,,,[],0,,False,True,
csd-20260805_174708,paired_hierarchical,1,0,0,948c69fa52a0a115,nac->cysS,shared_complete_observation_shared_scores,maximum,prefix,complete,0,5000,0.6,0.0,instrument_error,2151398048,921666314,2151398048,nac,cysS,False,identifiable,alpA|basR|btsR|glaR|glrR|nsrR|ptrR|rcdA,5000,-0.5521941331443896,0.013205928100105412,1.0069909424949743,-41.814110220695646,-0.5584130159576723,5636,,,,[],0,,False,True,
csd-20260805_174708,paired_hierarchical,1,0,0,948c69fa52a0a115,nac->dcm,shared_complete_observation_shared_scores,maximum,prefix,complete,0,5000,0.6,0.0,instrument_error,2151398048,921666314,2151398048,nac,dcm,False,identifiable,alpA|basR|btsR|glaR|glrR|nsrR|ptrR|rcdA,5000,-0.07136722675245326,0.015161580137359283,1.3273230579493198,-4.707110083902073,-0.11354273025572073,5636,,,,[],0,,False,True,
csd-20260805_174708,paired_hierarchical,1,0,0,948c69fa52a0a115,nac->dcp,shared_complete_observation_shared_scores,maximum,prefix,complete,0,5000,0.6,0.0,instrument_error,2151398048,921666314,2151398048,nac,dcp,False,identifiable,alpA|basR|btsR|glaR|glrR|nsrR|ptrR|rcdA,5000,0.20630808179490182,0.014426550561034177,1.2017460733124732,14.300582867822596,0.2522261321847649,5636,,,,[],0,,False,True,
csd-20260805_174708,paired_hierarchical,1,0,0,948c69fa52a0a115,nac->dcyD,shared_complete_observation_shared_scores,maximum,prefix,complete,0,5000,0.6,0.0,instrument_error,2151398048,921666314,2151398048,nac,dcyD,False,identifiable,alpA|basR|btsR|glaR|glrR|nsrR|ptrR|rcdA,5000,0.41727720607461194,0.01451926725332445,1.217242496265091,28.73954992315943,0.36516267282408243,5636,,,,[],0,,False,True,
csd-20260805_174708,paired_hierarchical,1,0,0,948c69fa52a0a115,nac->dld,shared_complete_observation_shared_scores,maximum,prefix,complete,0,5000,0.6,0.0,instrument_error,2151398048,921666314,2151398048,nac,dld,False,identifiable,alpA|basR|btsR|glaR|glrR|nsrR|ptrR|rcdA,5000,-0.15888895779177564,0.014602061537445341,1.2311644200055343,-10.88126888003607,-0.10764746131064344,5636,,,,[],0,,False,True,
csd-20260805_174708,paired_hierarchical,1,0,0,948c69fa52a0a115,nac->dpaA,shared_complete_observation_shared_scores,maximum,prefix,complete,0,5000,0.6,0.0,instrument_error,2151398048,921666314,2151398048,nac,dpaA,False,identifiable,alpA|basR|btsR|glaR|glrR|nsrR|ptrR|rcdA,5000,0.17088355574095332,0.015274042797820277,1.3470872131492333,11.187840573900953,0.1609405387832531,5636,,,,[],0,,False,True,
csd-20260805_174708,paired_hierarchical,1,0,0,948c69fa52a0a115,nac->ecnA,shared_complete_observation_shared_scores,maximum,prefix,complete,0,5000,0.6,0.0,instrument_error,2151398048,921666314,2151398048,nac,ecnA,False,identifiable,alpA|basR|btsR|glaR|glrR|nsrR|ptrR|rcdA,5000,-0.30014765777914204,0.013512276670145736,1.0542528057076173,-22.212959748100303,-0.20876662424099723,5636,,,,[],0,,False,True,
csd-20260805_174708,paired_hierarchical,1,0,0,948c69fa52a0a115,nac->elfG,shared_complete_observation_shared_scores,maximum,prefix,complete,0,5000,0.6,0.0,instrument_error,2151398048,921666314,2151398048,nac,elfG,False,identifiable,alpA|basR|btsR|glaR|glrR|nsrR|ptrR|rcdA,5000,-0.2589493919530836,0.015254843648469069,1.343702821163581,-16.974896493224367,-0.19223106539843912,5636,,,,[],0,,False,True,
csd-20260805_174708,paired_hierarchical,1,0,0,948c69fa52a0a115,nac->eptA,shared_complete_observation_shared_scores,maximum,prefix,complete,0,5000,0.6,0.0,instrument_error,2151398048,921666314,2151398048,nac,eptA,False,identifiable,alpA|basR|btsR|glaR|glrR|nsrR|ptrR|rcdA,5000,-0.006215767896459548,0.020955409996227102,2.535595848381893,-0.29661876802117737,-0.2378022445598919,5636,,,,[],0,,False,True,
csd-20260805_174708,paired_hierarchical,1,0,0,948c69fa52a0a115,nac->fdhD,shared_complete_observation_shared_scores,maximum,prefix,complete,0,5000,0.6,0.0,instrument_error,2151398048,921666314,2151398048,nac,fdhD,False,identifiable,alpA|basR|btsR|glaR|glrR|nsrR|ptrR|rcdA,5000,-0.2175141685472835,0.014218949133708926,1.167408116897938,-15.29748552455411,-0.2545581546960719,5636,,,,[],0,,False,True,
csd-20260805_174708,paired_hierarchical,1,0,0,948c69fa52a0a115,nac->fdoG,shared_complete_observation_shared_scores,maximum,prefix,complete,0,5000,0.6,0.0,instrument_error,2151398048,921666314,2151398048,nac,fdoG,False,identifiable,alpA|basR|btsR|glaR|glrR|nsrR|ptrR|rcdA,5000,-0.26715649662512236,0.016665276506581287,1.6036616919634201,-16.030726914109078,-0.28096810025450547,5636,,,,[],0,,False,True,
csd-20260805_174708,paired_hierarchical,1,0,0,948c69fa52a0a115,nac->fklB,shared_complete_observation_shared_scores,maximum,prefix,complete,0,5000,0.6,0.0,instrument_error,2151398048,921666314,2151398048,nac,fklB,False,identifiable,alpA|basR|btsR|glaR|glrR|nsrR|ptrR|rcdA,5000,0.037408447242889845,0.019702592283542212,2.241477832047386,1.8986561110609554,-0.14605064205748972,5636,,,,[],0,,False,True,
csd-20260805_174708,paired_hierarchical,1,0,0,948c69fa52a0a115,nac->greB,shared_complete_observation_shared_scores,maximum,prefix,complete,0,5000,0.6,0.0,instrument_error,2151398048,921666314,2151398048,nac,greB,False,identifiable,alpA|basR|btsR|glaR|glrR|nsrR|ptrR|rcdA,5000,-0.33037194817138815,0.017733118109036286,1.8157578093797808,-18.630223186921658,-0.20228724944213572,5636,,,,[],0,,False,True,
csd-20260805_174708,paired_hierarchical,1,0,0,948c69fa52a0a115,nac->gudX,shared_complete_observation_shared_scores,maximum,prefix,complete,0,5000,0.6,0.0,instrument_error,2151398048,921666314,2151398048,nac,gudX,False,identifiable,alpA|basR|btsR|glaR|glrR|nsrR|ptrR|rcdA,5000,-0.15927962186512418,0.014936858436453357,1.2882680539226383,-10.66352891692424,-0.20468238135056996,5636,,,,[],0,,False,True,
csd-20260805_174708,paired_hierarchical,1,0,0,948c69fa52a0a115,nac->holE,shared_complete_observation_shared_scores,maximum,prefix,complete,0,5000,0.6,0.0,instrument_error,2151398048,921666314,2151398048,nac,holE,False,identifiable,alpA|basR|btsR|glaR|glrR|nsrR|ptrR|rcdA,5000,-0.3400455425663737,0.013269511673165637,1.016711156338738,-25.626078106101914,-0.3231869133170419,5636,,,,[],0,,False,True,
csd-20260805_174708,paired_hierarchical,1,0,0,948c69fa52a0a115,nac->hxpB,shared_complete_observation_shared_scores,maximum,prefix,complete,0,5000,0.6,0.0,instrument_error,2151398048,921666314,2151398048,nac,hxpB,False,identifiable,alpA|basR|btsR|glaR|glrR|nsrR|ptrR|rcdA,5000,-0.3875116974231094,0.013956245458924797,1.1246694689006038,-27.766185294147423,-0.2978298358384567,5636,,,,[],0,,False,True,
csd-20260805_174708,paired_hierarchical,1,0,0,948c69fa52a0a115,nac->iaaA,shared_complete_observation_shared_scores,maximum,prefix,complete,0,5000,0.6,0.0,instrument_error,2151398048,921666314,2151398048,nac,iaaA,False,identifiable,alpA|basR|btsR|glaR|glrR|nsrR|ptrR|rcdA,5000,0.27447247464827507,0.01365524943855123,1.0766808356428768,20.100143602898225,0.24166034113293527,5636,,,,[],0,,False,True,
csd-20260805_174708,paired_hierarchical,1,0,0,948c69fa52a0a115,nac->ileY,shared_complete_observation_shared_scores,maximum,prefix,complete,0,5000,0.6,0.0,instrument_error,2151398048,921666314,2151398048,nac,ileY,False,identifiable,alpA|basR|btsR|glaR|glrR|nsrR|ptrR|rcdA,5000,0.373432367289477,0.015285044688078807,1.349028525411843,24.43122509028229,0.374810378924446,5636,,,,[],0,,False,True,
csd-20260805_174708,paired_hierarchical,1,0,0,948c69fa52a0a115,nac->intD,shared_complete_observation_shared_scores,maximum,prefix,complete,0,5000,0.6,0.0,instrument_error,2151398048,921666314,2151398048,nac,intD,False,identifiable,alpA|basR|btsR|glaR|glrR|nsrR|ptrR|rcdA,5000,-0.3545900860072852,0.0152622508306241,1.3450080417483339,-23.233144962851156,-0.2608309587001253,5636,,,,[],0,,False,True,
csd-20260805_174708,paired_hierarchical,1,0,0,948c69fa52a0a115,nac->ispB,shared_complete_observation_shared_scores,maximum,prefix,complete,0,5000,0.6,0.0,instrument_error,2151398048,921666314,2151398048,nac,ispB,False,identifiable,alpA|basR|btsR|glaR|glrR|nsrR|ptrR|rcdA,5000,-0.17089973245600676,0.013675933179821617,1.0799450241250232,-12.496385453839714,-0.15335489496472962,5636,,,,[],0,,False,True,
csd-20260805_174708,paired_hierarchical,1,0,0,948c69fa52a0a115,nac->ispD,shared_complete_observation_shared_scores,maximum,prefix,complete,0,5000,0.6,0.0,instrument_error,2151398048,921666314,2151398048,nac,ispD,False,identifiable,alpA|basR|btsR|glaR|glrR|nsrR|ptrR|rcdA,5000,-0.08523548861304434,0.016839701467658126,1.637406400310958,-5.061579552152115,-0.08871694993512727,5636,,,,[],0,,False,True,
csd-20260805_174708,paired_hierarchical,1,0,0,948c69fa52a0a115,nac->ivy,shared_complete_observation_shared_scores,maximum,prefix,complete,0,5000,0.6,0.0,instrument_error,2151398048,921666314,2151398048,nac,ivy,False,identifiable,alpA|basR|btsR|glaR|glrR|nsrR|ptrR|rcdA,5000,0.17845466697009174,0.013436843492501875,1.0425147895994786,13.280996170691004,0.1772093014697394,5636,,,,[],0,,False,True,
csd-20260805_174708,paired_hierarchical,1,0,0,948c69fa52a0a115,nac->kdgR,shared_complete_observation_shared_scores,maximum,prefix,complete,0,5000,0.6,0.0,instrument_error,2151398048,921666314,2151398048,nac,kdgR,False,identifiable,alpA|basR|btsR|glaR|glrR|nsrR|ptrR|rcdA,5000,-0.27463202225498895,0.014993852299279565,1.2981179767967719,-18.31630836247364,-0.24244058924175826,5636,,,,[],0,,False,True,
csd-20260805_174708,paired_hierarchical,1,0,0,948c69fa52a0a115,nac->kduI,shared_complete_observation_shared_scores,maximum,prefix,complete,0,5000,0.6,0.0,instrument_error,2151398048,921666314,2151398048,nac,kduI,False,identifiable,alpA|basR|btsR|glaR|glrR|nsrR|ptrR|rcdA,5000,-0.09500757058147845,0.013041146195137679,0.9820175163954173,-7.285216280828253,-0.09898189599047837,5636,,,,[],0,,False,True,
csd-20260805_174708,paired_hierarchical,1,0,0,948c69fa52a0a115,nac->lapC,shared_complete_observation_shared_scores,maximum,prefix,complete,0,5000,0.6,0.0,instrument_error,2151398048,921666314,2151398048,nac,lapC,False,identifiable,alpA|basR|btsR|glaR|glrR|nsrR|ptrR|rcdA,5000,-0.4906027521539296,0.013609187355091763,1.0694293362304528,-36.049378949168094,-0.5111140652026975,5636,,,,[],0,,False,True,
csd-20260805_174708,paired_hierarchical,1,0,0,948c69fa52a0a115,nac->lepA,shared_complete_observation_shared_scores,maximum,prefix,complete,0,5000,0.6,0.0,instrument_error,2151398048,921666314,2151398048,nac,lepA,False,identifiable,alpA|basR|btsR|glaR|glrR|nsrR|ptrR|rcdA,5000,0.1393900125386068,0.01726970275978198,1.7220962967660043,8.071361417014137,0.1165800163073321,5636,,,,[],0,,False,True,
csd-20260805_174708,paired_hierarchical,1,0,0,948c69fa52a0a115,nac->lepB,shared_complete_observation_shared_scores,maximum,prefix,complete,0,5000,0.6,0.0,instrument_error,2151398048,921666314,2151398048,nac,lepB,False,identifiable,alpA|basR|btsR|glaR|glrR|nsrR|ptrR|rcdA,5000,-0.22360361339097382,0.01521205798102392,1.3361759530040216,-14.699103413220302,-0.16685132139641543,5636,,,,[],0,,False,True,
csd-20260805_174708,paired_hierarchical,1,0,0,948c69fa52a0a115,nac->ligB,shared_complete_observation_shared_scores,maximum,prefix,complete,0,5000,0.6,0.0,instrument_error,2151398048,921666314,2151398048,nac,ligB,False,identifiable,alpA|basR|btsR|glaR|glrR|nsrR|ptrR|rcdA,5000,-0.390039291198366,0.013164796239187725,1.0007278601024083,-29.627446115522382,-0.39218970381536417,5636,,,,[],0,,False,True,
csd-20260805_174708,paired_hierarchical,1,0,0,948c69fa52a0a115,nac->lpxH,shared_complete_observation_shared_scores,maximum,prefix,complete,0,5000,0.6,0.0,instrument_error,2151398048,921666314,2151398048,nac,lpxH,False,identifiable,alpA|basR|btsR|glaR|glrR|nsrR|ptrR|rcdA,5000,-0.3645303573789058,0.013338374166602199,1.0272910382418576,-27.329444565414065,-0.33958605184530505,5636,,,,[],0,,False,True,
csd-20260805_174708,paired_hierarchical,1,0,0,948c69fa52a0a115,nac->macA,shared_complete_observation_shared_scores,maximum,prefix,complete,0,5000,0.6,0.0,instrument_error,2151398048,921666314,2151398048,nac,macA,False,identifiable,alpA|basR|btsR|glaR|glrR|nsrR|ptrR|rcdA,5000,-0.24495475075379955,0.014252084133407896,1.1728553744190473,-17.187293343266774,-0.26567271367492606,5636,,,,[],0,,False,True,
csd-20260805_174708,paired_hierarchical,1,0,0,948c69fa52a0a115,nac->mcrB,shared_complete_observation_shared_scores,maximum,prefix,complete,0,5000,0.6,0.0,instrument_error,2151398048,921666314,2151398048,nac,mcrB,False,identifiable,alpA|basR|btsR|glaR|glrR|nsrR|ptrR|rcdA,5000,-0.6199975273596295,0.01439526905668159,1.1965401623781622,-43.06953381130842,-0.615344038236416,5636,,,,[],0,,False,True,
csd-20260805_174708,paired_hierarchical,1,0,0,948c69fa52a0a115,nac->mdtG,shared_complete_observation_shared_scores,maximum,prefix,complete,0,5000,0.6,0.0,instrument_error,2151398048,921666314,2151398048,nac,mdtG,False,identifiable,alpA|basR|btsR|glaR|glrR|nsrR|ptrR|rcdA,5000,-0.19360795292729704,0.013311596401904135,1.0231704543339,-14.54430761584709,-0.188001550991595,5636,,,,[],0,,False,True,
csd-20260805_174708,paired_hierarchical,1,0,0,948c69fa52a0a115,nac->mltD,shared_complete_observation_shared_scores,maximum,prefix,complete,0,5000,0.6,0.0,instrument_error,2151398048,921666314,2151398048,nac,mltD,False,identifiable,alpA|basR|btsR|glaR|glrR|nsrR|ptrR|rcdA,5000,-0.11077674651183528,0.014739793645298448,1.254499563223939,-7.515488288207464,-0.14601747310297483,5636,,,,[],0,,False,True,
csd-20260805_174708,paired_hierarchical,1,0,0,948c69fa52a0a115,nac->mobA,shared_complete_observation_shared_scores,maximum,prefix,complete,0,5000,0.6,0.0,instrument_error,2151398048,921666314,2151398048,nac,mobA,False,identifiable,alpA|basR|btsR|glaR|glrR|nsrR|ptrR|rcdA,5000,-0.19103718853319246,0.01719303146772046,1.7068392590343253,-11.11131500526016,-0.29001911062721863,5636,,,,[],0,,False,True,
csd-20260805_174708,paired_hierarchical,1,0,0,948c69fa52a0a115,nac->mscL,shared_complete_observation_shared_scores,maximum,prefix,complete,0,5000,0.6,0.0,instrument_error,2151398048,921666314,2151398048,nac,mscL,False,identifiable,alpA|basR|btsR|glaR|glrR|nsrR|ptrR|rcdA|yrdG,5000,-0.0727363579681034,0.013986422916691213,1.124257607097016,-5.200497539746263,-0.12266296703363098,5636,,,,[],0,,False,True,
csd-20260805_174708,paired_hierarchical,1,0,0,948c69fa52a0a115,nac->mtfA,shared_complete_observation_shared_scores,maximum,prefix,complete,0,5000,0.6,0.0,instrument_error,2151398048,921666314,2151398048,nac,mtfA,False,identifiable,alpA|basR|btsR|glaR|glrR|nsrR|ptrR|rcdA,5000,-0.12214563990557983,0.014340921013808225,1.1875223581179675,-8.51728001206975,-0.17680040866307586,5636,,,,[],0,,False,True,
csd-20260805_174708,paired_hierarchical,1,0,0,948c69fa52a0a115,nac->nadD,shared_complete_observation_shared_scores,maximum,prefix,complete,0,5000,0.6,0.0,instrument_error,2151398048,921666314,2151398048,nac,nadD,False,identifiable,alpA|basR|btsR|glaR|glrR|nsrR|ptrR|rcdA,5000,-0.17208158369490054,0.013119911089045292,0.9939155637077753,-13.116063251265718,-0.212425775577256,5636,,,,[],0,,False,True,
csd-20260805_174708,paired_hierarchical,1,0,0,948c69fa52a0a115,nac->nudC,shared_complete_observation_shared_scores,maximum,prefix,complete,0,5000,0.6,0.0,instrument_error,2151398048,921666314,2151398048,nac,nudC,False,identifiable,alpA|basR|btsR|glaR|glrR|nsrR|ptrR|rcdA,5000,-0.07493580367056321,0.013124283422400225,0.9945781374507443,-5.709706294719642,-0.07559479363853783,5636,,,,[],0,,False,True,
csd-20260805_174708,paired_hierarchical,1,0,0,948c69fa52a0a115,nac->nudG,shared_complete_observation_shared_scores,maximum,prefix,complete,0,5000,0.6,0.0,instrument_error,2151398048,921666314,2151398048,nac,nudG,False,identifiable,alpA|basR|btsR|glaR|glrR|nsrR|ptrR|rcdA,5000,-0.5352892308664751,0.015423662969921311,1.3736078394821183,-34.705713675822494,-0.39842907105927516,5636,,,,[],0,,False,True,
csd-20260805_174708,paired_hierarchical,1,0,0,948c69fa52a0a115,nac->pabC,shared_complete_observation_shared_scores,maximum,prefix,complete,0,5000,0.6,0.0,instrument_error,2151398048,921666314,2151398048,nac,pabC,False,identifiable,alpA|basR|btsR|glaR|glrR|nsrR|ptrR|rcdA,5000,-0.06944376619945238,0.017771247208020372,1.8235745554444203,-3.907647301654303,-0.19616287187505702,5636,,,,[],0,,False,True,
csd-20260805_174708,paired_hierarchical,1,0,0,948c69fa52a0a115,nac->pdxK,shared_complete_observation_shared_scores,maximum,prefix,complete,0,5000,0.6,0.0,instrument_error,2151398048,921666314,2151398048,nac,pdxK,False,identifiable,alpA|basR|btsR|glaR|glrR|nsrR|ptrR|rcdA,5000,-0.18187619978957936,0.017028287664039583,1.674286069808782,-10.680827302070211,-0.23157691288164445,5636,,,,[],0,,False,True,
csd-20260805_174708,paired_hierarchical,1,0,0,948c69fa52a0a115,nac->pinQ,shared_complete_observation_shared_scores,maximum,prefix,complete,0,5000,0.6,0.0,instrument_error,2151398048,921666314,2151398048,nac,pinQ,False,identifiable,alpA|basR|btsR|glaR|glrR|nsrR|ptrR|rcdA,5000,-0.37127863682216794,0.0140768463493001,1.144190790711038,-26.375128889620076,-0.381588167744712,5636,,,,[],0,,False,True,
csd-20260805_174708,paired_hierarchical,1,0,0,948c69fa52a0a115,nac->pinR,shared_complete_observation_shared_scores,maximum,prefix,complete,0,5000,0.6,0.0,instrument_error,2151398048,921666314,2151398048,nac,pinR,False,identifiable,alpA|basR|btsR|glaR|glrR|nsrR|ptrR|rcdA,5000,-0.21254174414914595,0.013071123012347826,0.9865373020733383,-16.26040424746713,-0.20503987359754905,5636,,,,[],0,,False,True,
csd-20260805_174708,paired_hierarchical,1,0,0,948c69fa52a0a115,nac->pphB,shared_complete_observation_shared_scores,maximum,prefix,complete,0,5000,0.6,0.0,instrument_error,2151398048,921666314,2151398048,nac,pphB,False,identifiable,alpA|basR|btsR|glaR|glrR|nsrR|ptrR|rcdA,5000,-0.1803202359298367,0.014809390942218543,1.2663743434560883,-12.17607372466484,-0.18773621018921158,5636,,,,[],0,,False,True,
csd-20260805_174708,paired_hierarchical,1,0,0,948c69fa52a0a115,nac->ppiB,shared_complete_observation_shared_scores,maximum,prefix,complete,0,5000,0.6,0.0,instrument_error,2151398048,921666314,2151398048,nac,ppiB,False,identifiable,alpA|basR|btsR|glaR|glrR|nsrR|ptrR|rcdA,5000,-0.6344207433171973,0.013092262694985911,0.9897308990927342,-48.45768513033033,-0.658434754310805,5636,,,,[],0,,False,True,
csd-20260805_174708,paired_hierarchical,1,0,0,948c69fa52a0a115,nac->ppnN,shared_complete_observation_shared_scores,maximum,prefix,complete,0,5000,0.6,0.0,instrument_error,2151398048,921666314,2151398048,nac,ppnN,False,identifiable,alpA|basR|btsR|glaR|glrR|nsrR|ptrR|rcdA,5000,-0.2534870145182485,0.013349784974695853,1.029049458698815,-18.988097186488478,-0.2236290557794607,5636,,,,[],0,,False,True,
csd-20260805_174708,paired_hierarchical,1,0,0,948c69fa52a0a115,nac->prmB,shared_complete_observation_shared_scores,maximum,prefix,complete,0,5000,0.6,0.0,instrument_error,2151398048,921666314,2151398048,nac,prmB,False,identifiable,alpA|basR|btsR|glaR|glrR|nsrR|ptrR|rcdA,5000,-0.21752510838376332,0.014131528230592072,1.1530973346993352,-15.392893453155533,-0.20432512604713987,5636,,,,[],0,,False,True,
csd-20260805_174708,paired_hierarchical,1,0,0,948c69fa52a0a115,nac->pyrB,shared_complete_observation_shared_scores,maximum,prefix,complete,0,5000,0.6,0.0,instrument_error,2151398048,921666314,2151398048,nac,pyrB,False,identifiable,alpA|basR|btsR|glaR|glrR|nsrR|ptrR|rcdA,5000,-0.09962212807415148,0.014443959464416569,1.204648181367385,-6.897148134455492,-0.13843747005845566,5636,,,,[],0,,False,True,
csd-20260805_174708,paired_hierarchical,1,0,0,948c69fa52a0a115,nac->queD,shared_complete_observation_shared_scores,maximum,prefix,complete,0,5000,0.6,0.0,instrument_error,2151398048,921666314,2151398048,nac,queD,False,identifiable,alpA|basR|btsR|glaR|glrR|nsrR|ptrR|rcdA,5000,-0.005124450647248789,0.01547487544455536,1.3827447927962127,-0.3311464874537496,-0.1301544965739554,5636,,,,[],0,,False,True,
csd-20260805_174708,paired_hierarchical,1,0,0,948c69fa52a0a115,nac->queF,shared_complete_observation_shared_scores,maximum,prefix,complete,0,5000,0.6,0.0,instrument_error,2151398048,921666314,2151398048,nac,queF,False,identifiable,alpA|basR|btsR|glaR|glrR|nsrR|ptrR|rcdA,5000,-0.30812794475066657,0.0132017068745537,1.0063472836019884,-23.340008051881792,-0.30330158439943466,5636,,,,[],0,,False,True,
csd-20260805_174708,paired_hierarchical,1,0,0,948c69fa52a0a115,nac->rfaH,shared_complete_observation_shared_scores,maximum,prefix,complete,0,5000,0.6,0.0,instrument_error,2151398048,921666314,2151398048,nac,rfaH,False,identifiable,alpA|basR|btsR|glaR|glrR|nsrR|ptrR|rcdA,5000,0.3205133499431146,0.013703834736310662,1.084356113944135,23.38858838496202,0.3146114975469034,5636,,,,[],0,,False,True,
csd-20260805_174708,paired_hierarchical,1,0,0,948c69fa52a0a115,nac->rfbB,shared_complete_observation_shared_scores,maximum,prefix,complete,0,5000,0.6,0.0,instrument_error,2151398048,921666314,2151398048,nac,rfbB,False,identifiable,alpA|basR|btsR|glaR|glrR|nsrR|ptrR|rcdA,5000,-0.15012134076099415,0.01430582242754134,1.1817166848640397,-10.49372320405592,-0.14307263228640363,5636,,,,[],0,,False,True,
csd-20260805_174708,paired_hierarchical,1,0,0,948c69fa52a0a115,nac->rfbC,shared_complete_observation_shared_scores,maximum,prefix,complete,0,5000,0.6,0.0,instrument_error,2151398048,921666314,2151398048,nac,rfbC,False,identifiable,alpA|basR|btsR|glaR|glrR|nsrR|ptrR|rcdA,5000,0.15294119718297955,0.013175911958625226,1.0024185062967839,11.607636546391847,0.16413365051291112,5636,,,,[],0,,False,True,
csd-20260805_174708,paired_hierarchical,1,0,0,948c69fa52a0a115,nac->rlmF,shared_complete_observation_shared_scores,maximum,prefix,complete,0,5000,0.6,0.0,instrument_error,2151398048,921666314,2151398048,nac,rlmF,False,identifiable,alpA|basR|btsR|glaR|glrR|nsrR|ptrR|rcdA,5000,0.2216983714717234,0.014624499475672242,1.2349510107752966,15.159381819563613,0.1833413784014606,5636,,,,[],0,,False,True,
csd-20260805_174708,paired_hierarchical,1,0,0,948c69fa52a0a115,nac->rlmM,shared_complete_observation_shared_scores,maximum,prefix,complete,0,5000,0.6,0.0,instrument_error,2151398048,921666314,2151398048,nac,rlmM,False,identifiable,alpA|basR|btsR|glaR|glrR|nsrR|ptrR|rcdA,5000,0.437577039036983,0.013132110609496601,0.9957648034629252,33.32115088343417,0.44744843640563264,5636,,,,[],0,,False,True,
csd-20260805_174708,paired_hierarchical,1,0,0,948c69fa52a0a115,nac->rluE,shared_complete_observation_shared_scores,maximum,prefix,complete,0,5000,0.6,0.0,instrument_error,2151398048,921666314,2151398048,nac,rluE,False,identifiable,alpA|basR|btsR|glaR|glrR|nsrR|ptrR|rcdA,5000,0.23007505521171012,0.013626943124078413,1.0722217038897413,16.88383470282298,0.15623721024242115,5636,,,,[],0,,False,True,
csd-20260805_174708,paired_hierarchical,1,0,0,948c69fa52a0a115,nac->rpmH,shared_complete_observation_shared_scores,maximum,prefix,complete,0,5000,0.6,0.0,instrument_error,2151398048,921666314,2151398048,nac,rpmH,False,identifiable,alpA|basR|btsR|glaR|glrR|nsrR|ptrR|rcdA|yfeC,5000,0.23893150759393078,0.014990789940707515,1.2973822180840224,15.93855350778493,0.19052038997419535,5636,,,,[],0,,False,True,
csd-20260805_174708,paired_hierarchical,1,0,0,948c69fa52a0a115,nac->rsmF,shared_complete_observation_shared_scores,maximum,prefix,complete,0,5000,0.6,0.0,instrument_error,2151398048,921666314,2151398048,nac,rsmF,False,identifiable,alpA|basR|btsR|glaR|glrR|nsrR|ptrR|rcdA,5000,-0.10952548981511755,0.014666044070305886,1.2419773589124672,-7.467964046069664,-0.16471847910344783,5636,,,,[],0,,False,True,
csd-20260805_174708,paired_hierarchical,1,0,0,948c69fa52a0a115,nac->selC,shared_complete_observation_shared_scores,maximum,prefix,complete,0,5000,0.6,0.0,instrument_error,2151398048,921666314,2151398048,nac,selC,False,identifiable,alpA|basR|btsR|glaR|glrR|nsrR|ptrR|rcdA,5000,0.28288568319897145,0.013916920179420235,1.1183403125963591,20.326744678559777,0.30795656048920467,5636,,,,[],0,,False,True,
csd-20260805_174708,paired_hierarchical,1,0,0,948c69fa52a0a115,nac->srsR,shared_complete_observation_shared_scores,maximum,prefix,complete,0,5000,0.6,0.0,instrument_error,2151398048,921666314,2151398048,nac,srsR,False,identifiable,alpA|basR|btsR|glaR|glrR|nsrR|ptrR|rcdA,5000,-0.267121697792485,0.014365417156344398,1.1915827056249841,-18.59477486001946,-0.20219987561398517,5636,,,,[],0,,False,True,
csd-20260805_174708,paired_hierarchical,1,0,0,948c69fa52a0a115,nac->stfR,shared_complete_observation_shared_scores,maximum,prefix,complete,0,5000,0.6,0.0,instrument_error,2151398048,921666314,2151398048,nac,stfR,False,identifiable,alpA|basR|btsR|glaR|glrR|nsrR|ptrR|rcdA,5000,-0.11920147206316226,0.01304526658086988,0.9826381566552702,-9.137526728504287,-0.12348163904500578,5636,,,,[],0,,False,True,
csd-20260805_174708,paired_hierarchical,1,0,0,948c69fa52a0a115,nac->tdcR,shared_complete_observation_shared_scores,maximum,prefix,complete,0,5000,0.6,0.0,instrument_error,2151398048,921666314,2151398048,nac,tdcR,False,identifiable,alpA|basR|btsR|glaR|glrR|nsrR|ptrR|rcdA,5000,-0.23259396285529246,0.015152603653835858,1.3257518277243212,-15.35009877965175,-0.1968144958166826,5636,,,,[],0,,False,True,
csd-20260805_174708,paired_hierarchical,1,0,0,948c69fa52a0a115,nac->tfaR,shared_complete_observation_shared_scores,maximum,prefix,complete,0,5000,0.6,0.0,instrument_error,2151398048,921666314,2151398048,nac,tfaR,False,identifiable,alpA|basR|btsR|glaR|glrR|nsrR|ptrR|rcdA,5000,-0.29396754026117744,0.01707035789256453,1.6825692995521793,-17.220935970488537,-0.20753787381059763,5636,,,,[],0,,False,True,
csd-20260805_174708,paired_hierarchical,1,0,0,948c69fa52a0a115,nac->torI,shared_complete_observation_shared_scores,maximum,prefix,complete,0,5000,0.6,0.0,instrument_error,2151398048,921666314,2151398048,nac,torI,False,identifiable,alpA|basR|btsR|glaR|glrR|nsrR|ptrR|rcdA,5000,0.18993894862705746,0.013123563651854875,0.9944690498312081,14.4731228243947,0.20653624602202283,5636,,,,[],0,,False,True,
csd-20260805_174708,paired_hierarchical,1,0,0,948c69fa52a0a115,nac->ubiU,shared_complete_observation_shared_scores,maximum,prefix,complete,0,5000,0.6,0.0,instrument_error,2151398048,921666314,2151398048,nac,ubiU,False,identifiable,alpA|basR|btsR|glaR|glrR|nsrR|ptrR|rcdA,5000,-0.18267341680857208,0.018087706587498018,1.8890989918614471,-10.099313360978197,-0.3147580110349652,5636,,,,[],0,,False,True,
csd-20260805_174708,paired_hierarchical,1,0,0,948c69fa52a0a115,nac->ugd,shared_complete_observation_shared_scores,maximum,prefix,complete,0,5000,0.6,0.0,instrument_error,2151398048,921666314,2151398048,nac,ugd,False,identifiable,alpA|basR|btsR|glaR|glrR|nsrR|ptrR|rcdA,5000,-0.25692197820826057,0.014176985622407368,1.160527685045089,-18.122468700411442,-0.2086036583869305,5636,,,,[],0,,False,True,
csd-20260805_174708,paired_hierarchical,1,0,0,948c69fa52a0a115,nac->uhpA,shared_complete_observation_shared_scores,maximum,prefix,complete,0,5000,0.6,0.0,instrument_error,2151398048,921666314,2151398048,nac,uhpA,False,identifiable,alpA|basR|btsR|glaR|glrR|nsrR|ptrR|rcdA,5000,-0.17574086809965,0.014823504233393613,1.268789193091243,-11.855554889899123,-0.14470343582055667,5636,,,,[],0,,False,True,
csd-20260805_174708,paired_hierarchical,1,0,0,948c69fa52a0a115,nac->uspC,shared_complete_observation_shared_scores,maximum,prefix,complete,0,5000,0.6,0.0,instrument_error,2151398048,921666314,2151398048,nac,uspC,False,identifiable,alpA|basR|btsR|glaR|glrR|nsrR|ptrR|rcdA,5000,0.203971198602595,0.015343265574284119,1.3593250238265697,13.29385831295642,0.12159185459931308,5636,,,,[],0,,False,True,
csd-20260805_174708,paired_hierarchical,1,0,0,948c69fa52a0a115,nac->uspG,shared_complete_observation_shared_scores,maximum,prefix,complete,0,5000,0.6,0.0,instrument_error,2151398048,921666314,2151398048,nac,uspG,False,identifiable,alpA|basR|btsR|glaR|glrR|nsrR|ptrR|rcdA,5000,-0.3605712531036086,0.016567174536032504,1.5848370028741896,-21.764197167078194,-0.3004987500246715,5636,,,,[],0,,False,True,
csd-20260805_174708,paired_hierarchical,1,0,0,948c69fa52a0a115,nac->wcaE,shared_complete_observation_shared_scores,maximum,prefix,complete,0,5000,0.6,0.0,instrument_error,2151398048,921666314,2151398048,nac,wcaE,False,identifiable,alpA|basR|btsR|glaR|glrR|nsrR|ptrR|rcdA,5000,0.21207136060890397,0.013816033273075488,1.1021848783913286,15.349656186930728,0.2273776884215092,5636,,,,[],0,,False,True,
csd-20260805_174708,paired_hierarchical,1,0,0,948c69fa52a0a115,nac->wcaF,shared_complete_observation_shared_scores,maximum,prefix,complete,0,5000,0.6,0.0,instrument_error,2151398048,921666314,2151398048,nac,wcaF,False,identifiable,alpA|basR|btsR|glaR|glrR|nsrR|ptrR|rcdA,5000,0.429294583940087,0.01631211164891825,1.5364133710327625,26.317535900911764,0.33540503117149995,5636,,,,[],0,,False,True,
csd-20260805_174708,paired_hierarchical,1,0,0,948c69fa52a0a115,nac->wecH,shared_complete_observation_shared_scores,maximum,prefix,complete,0,5000,0.6,0.0,instrument_error,2151398048,921666314,2151398048,nac,wecH,False,identifiable,alpA|basR|btsR|glaR|glrR|nsrR|ptrR|rcdA,5000,0.5041718760923728,0.018292447944779668,1.9321078413329549,27.561749942617947,0.5188896608263815,5636,,,,[],0,,False,True,
csd-20260805_174708,paired_hierarchical,1,0,0,948c69fa52a0a115,nac->yadC,shared_complete_observation_shared_scores,maximum,prefix,complete,0,5000,0.6,0.0,instrument_error,2151398048,921666314,2151398048,nac,yadC,False,identifiable,alpA|basR|btsR|glaR|glrR|nsrR|ptrR|rcdA,5000,-0.2511271697967662,0.015044309149772134,1.3068694505186953,-16.692502613227,-0.34406655371916656,5636,,,,[],0,,False,True,
csd-20260805_174708,paired_hierarchical,1,0,0,948c69fa52a0a115,nac->yadM,shared_complete_observation_shared_scores,maximum,prefix,complete,0,5000,0.6,0.0,instrument_error,2151398048,921666314,2151398048,nac,yadM,False,identifiable,alpA|basR|btsR|glaR|glrR|nsrR|ptrR|rcdA,5000,-0.4061059139593962,0.013103631483454411,0.9914505295190822,-30.991860116958783,-0.3857646137991976,5636,,,,[],0,,False,True,
csd-20260805_174708,paired_hierarchical,1,0,0,948c69fa52a0a115,nac->yaeF,shared_complete_observation_shared_scores,maximum,prefix,complete,0,5000,0.6,0.0,instrument_error,2151398048,921666314,2151398048,nac,yaeF,False,identifiable,alpA|basR|btsR|glaR|glrR|nsrR|ptrR|rcdA,5000,-0.13802032212273946,0.013144068730211055,0.9975791191598283,-10.500578242223119,-0.13087719655103028,5636,,,,[],0,,False,True,
csd-20260805_174708,paired_hierarchical,1,0,0,948c69fa52a0a115,nac->yafC,shared_complete_observation_shared_scores,maximum,prefix,complete,0,5000,0.6,0.0,instrument_error,2151398048,921666314,2151398048,nac,yafC,False,identifiable,alpA|basR|btsR|glaR|glrR|nsrR|ptrR|rcdA,5000,-0.20847499823452154,0.014324908803958765,1.1848720064762737,-14.55332114762981,-0.2812173290022866,5636,,,,[],0,,False,True,
csd-20260805_174708,paired_hierarchical,1,0,0,948c69fa52a0a115,nac->yafV,shared_complete_observation_shared_scores,maximum,prefix,complete,0,5000,0.6,0.0,instrument_error,2151398048,921666314,2151398048,nac,yafV,False,identifiable,alpA|basR|btsR|glaR|glrR|nsrR|ptrR|rcdA,5000,0.41216848811477425,0.015625559473922315,1.4098043941825928,26.377838745719615,0.1767449451668105,5636,,,,[],0,,False,True,
csd-20260805_174708,paired_hierarchical,1,0,0,948c69fa52a0a115,nac->yaiS,shared_complete_observation_shared_scores,maximum,prefix,complete,0,5000,0.6,0.0,instrument_error,2151398048,921666314,2151398048,nac,yaiS,False,identifiable,alpA|basR|btsR|glaR|glrR|nsrR|ptrR|rcdA,5000,0.2501607975160957,0.015935133230558687,1.4662198850688777,15.698695071865744,0.21036859858800047,5636,,,,[],0,,False,True,
csd-20260805_174708,paired_hierarchical,1,0,0,948c69fa52a0a115,nac->yaiZ,shared_complete_observation_shared_scores,maximum,prefix,complete,0,5000,0.6,0.0,instrument_error,2151398048,921666314,2151398048,nac,yaiZ,False,identifiable,alpA|basR|btsR|glaR|glrR|nsrR|ptrR|rcdA,5000,0.24405137055061604,0.013374492590216011,1.0328620874255057,18.247523702630005,0.25061692841928346,5636,,,,[],0,,False,True,
csd-20260805_174708,paired_hierarchical,1,0,0,948c69fa52a0a115,nac->yajD,shared_complete_observation_shared_scores,maximum,prefix,complete,0,5000,0.6,0.0,instrument_error,2151398048,921666314,2151398048,nac,yajD,False,identifiable,alpA|basR|btsR|glaR|glrR|nsrR|ptrR|rcdA,5000,-0.18438935520830763,0.013006037891686605,0.9767372196467118,-14.17721190295535,-0.17526940312104383,5636,,,,[],0,,False,True,
csd-20260805_174708,paired_hierarchical,1,0,0,948c69fa52a0a115,nac->ybaL,shared_complete_observation_shared_scores,maximum,prefix,complete,0,5000,0.6,0.0,instrument_error,2151398048,921666314,2151398048,nac,ybaL,False,identifiable,alpA|basR|btsR|glaR|glrR|nsrR|ptrR|rcdA,5000,-0.28330673795709566,0.015885130950952904,1.4570327247995758,-17.83471214885395,-0.22593070527791995,5636,,,,[],0,,False,True,
csd-20260805_174708,paired_hierarchical,1,0,0,948c69fa52a0a115,nac->ybbC,shared_complete_observation_shared_scores,maximum,prefix,complete,0,5000,0.6,0.0,instrument_error,2151398048,921666314,2151398048,nac,ybbC,False,identifiable,alpA|basR|btsR|glaR|glrR|nsrR|ptrR|rcdA,5000,-0.44993638550487963,0.01808611784677796,1.8887671469513807,-24.87744408814829,-0.4756823817127988,5636,,,,[],0,,False,True,
csd-20260805_174708,paired_hierarchical,1,0,0,948c69fa52a0a115,nac->ybcK,shared_complete_observation_shared_scores,maximum,prefix,complete,0,5000,0.6,0.0,instrument_error,2151398048,921666314,2151398048,nac,ybcK,False,identifiable,alpA|basR|btsR|glaR|glrR|nsrR|ptrR|rcdA,5000,0.26610023575183556,0.014331799891640682,1.186012260969519,18.567119117190856,0.2562232655449453,5636,,,,[],0,,False,True,
csd-20260805_174708,paired_hierarchical,1,0,0,948c69fa52a0a115,nac->ybdK,shared_complete_observation_shared_scores,maximum,prefix,complete,0,5000,0.6,0.0,instrument_error,2151398048,921666314,2151398048,nac,ybdK,False,identifiable,alpA|basR|btsR|glaR|glrR|nsrR|ptrR|rcdA,5000,0.1676140259837516,0.013609022624298396,1.0694034468261544,12.31638969314983,0.17754099601756426,5636,,,,[],0,,False,True,
csd-20260805_174708,paired_hierarchical,1,0,0,948c69fa52a0a115,nac->ybdR,shared_complete_observation_shared_scores,maximum,prefix,complete,0,5000,0.6,0.0,instrument_error,2151398048,921666314,2151398048,nac,ybdR,False,identifiable,alpA|basR|btsR|glaR|glrR|nsrR|ptrR|rcdA,5000,-0.3195230227891359,0.013387636531707658,1.0348931999604383,-23.86702253473707,-0.30070187248934577,5636,,,,[],0,,False,True,
csd-20260805_174708,paired_hierarchical,1,0,0,948c69fa52a0a115,nac->ybeR,shared_complete_observation_shared_scores,maximum,prefix,complete,0,5000,0.6,0.0,instrument_error,2151398048,921666314,2151398048,nac,ybeR,False,identifiable,alpA|basR|btsR|glaR|glrR|nsrR|ptrR|rcdA,5000,0.18636501032673075,0.014435575137818483,1.2032500560987949,12.910120209792652,0.16608302905432606,5636,,,,[],0,,False,True,
csd-20260805_174708,paired_hierarchical,1,0,0,948c69fa52a0a115,nac->ybeT,shared_complete_observation_shared_scores,maximum,prefix,complete,0,5000,0.6,0.0,instrument_error,2151398048,921666314,2151398048,nac,ybeT,False,identifiable,alpA|basR|btsR|glaR|glrR|nsrR|ptrR|rcdA,5000,0.4913508216926709,0.013289281042628732,1.0197428747047332,36.9734690775625,0.4751042469565728,5636,,,,[],0,,False,True,
csd-20260805_174708,paired_hierarchical,1,0,0,948c69fa52a0a115,nac->ybeU,shared_complete_observation_shared_scores,maximum,prefix,complete,0,5000,0.6,0.0,instrument_error,2151398048,921666314,2151398048,nac,ybeU,False,identifiable,alpA|basR|btsR|glaR|glrR|nsrR|ptrR|rcdA,5000,-0.4597850318923193,0.01301113586745865,0.977503072953773,-35.337808825919595,-0.4346946739007172,5636,,,,[],0,,False,True,
csd-20260805_174708,paired_hierarchical,1,0,0,948c69fa52a0a115,nac->ybfC,shared_complete_observation_shared_scores,maximum,prefix,complete,0,5000,0.6,0.0,instrument_error,2151398048,921666314,2151398048,nac,ybfC,False,identifiable,alpA|basR|btsR|glaR|glrR|nsrR|ptrR|rcdA,5000,-0.1663107488216606,0.01335427512705865,1.0297418093136643,-12.453745878327686,-0.2174301028455342,5636,,,,[],0,,False,True,
csd-20260805_174708,paired_hierarchical,1,0,0,948c69fa52a0a115,nac->ybgC,shared_complete_observation_shared_scores,maximum,prefix,complete,0,5000,0.6,0.0,instrument_error,2151398048,921666314,2151398048,nac,ybgC,False,identifiable,alpA|basR|btsR|glaR|glrR|nsrR|ptrR|rcdA,5000,-0.3939354096784491,0.013804726122101858,1.100381542970618,-28.536271288116644,-0.45543037985837675,5636,,,,[],0,,False,True,
csd-20260805_174708,paired_hierarchical,1,0,0,948c69fa52a0a115,nac->ybgE,shared_complete_observation_shared_scores,maximum,prefix,complete,0,5000,0.6,0.0,instrument_error,2151398048,921666314,2151398048,nac,ybgE,False,identifiable,alpA|basR|btsR|glaR|glrR|nsrR|ptrR|rcdA,5000,0.21571209230711777,0.01467334108209006,1.2432135447489463,14.700952639232993,0.19524260470190238,5636,,,,[],0,,False,True,
csd-20260805_174708,paired_hierarchical,1,0,0,948c69fa52a0a115,nac->ybhD,shared_complete_observation_shared_scores,maximum,prefix,complete,0,5000,0.6,0.0,instrument_error,2151398048,921666314,2151398048,nac,ybhD,False,identifiable,alpA|basR|btsR|glaR|glrR|nsrR|ptrR|rcdA,5000,0.14011279773933766,0.014625388624372203,1.2351011818587805,9.580107670154442,0.2401363580548852,5636,,,,[],0,,False,True,
csd-20260805_174708,paired_hierarchical,1,0,0,948c69fa52a0a115,nac->ybhH,shared_complete_observation_shared_scores,maximum,prefix,complete,0,5000,0.6,0.0,instrument_error,2151398048,921666314,2151398048,nac,ybhH,False,identifiable,alpA|basR|btsR|glaR|glrR|nsrR|ptrR|rcdA,5000,-0.08346232232427421,0.013958073081976118,1.1249640476164096,-5.979501743120119,-0.10481112360955876,5636,,,,[],0,,False,True,
csd-20260805_174708,paired_hierarchical,1,0,0,948c69fa52a0a115,nac->ybhI,shared_complete_observation_shared_scores,maximum,prefix,complete,0,5000,0.6,0.0,instrument_error,2151398048,921666314,2151398048,nac,ybhI,False,identifiable,alpA|basR|btsR|glaR|glrR|nsrR|ptrR|rcdA,5000,-0.33356408109991664,0.015102094839611311,1.3169281891715674,-22.087272305098416,-0.27052224290595134,5636,,,,[],0,,False,True,
csd-20260805_174708,paired_hierarchical,1,0,0,948c69fa52a0a115,nac->ybhM,shared_complete_observation_shared_scores,maximum,prefix,complete,0,5000,0.6,0.0,instrument_error,2151398048,921666314,2151398048,nac,ybhM,False,identifiable,alpA|basR|btsR|glaR|glrR|nsrR|ptrR|rcdA,5000,0.22758551833121363,0.01431057029252202,1.1825011993274708,15.90331577841718,0.3354335291030649,5636,,,,[],0,,False,True,
csd-20260805_174708,paired_hierarchical,1,0,0,948c69fa52a0a115,nac->ybjQ,shared_complete_observation_shared_scores,maximum,prefix,complete,0,5000,0.6,0.0,instrument_error,2151398048,921666314,2151398048,nac,ybjQ,False,identifiable,alpA|basR|btsR|glaR|glrR|nsrR|ptrR|rcdA,5000,0.4390832668238698,0.015486465097657984,1.3848167362589843,28.352710838464503,0.3698448385817779,5636,,,,[],0,,False,True,
csd-20260805_174708,paired_hierarchical,1,0,0,948c69fa52a0a115,nac->ycaD,shared_complete_observation_shared_scores,maximum,prefix,complete,0,5000,0.6,0.0,instrument_error,2151398048,921666314,2151398048,nac,ycaD,False,identifiable,alpA|basR|btsR|glaR|glrR|nsrR|ptrR|rcdA,5000,0.03302672015008501,0.015944632745431602,1.467968540572521,2.0713377772559673,-0.139398483150456,5636,,,,[],0,,False,True,
csd-20260805_174708,paired_hierarchical,1,0,0,948c69fa52a0a115,nac->ycaK,shared_complete_observation_shared_scores,maximum,prefix,complete,0,5000,0.6,0.0,instrument_error,2151398048,921666314,2151398048,nac,ycaK,False,identifiable,alpA|basR|btsR|glaR|glrR|nsrR|ptrR|rcdA,5000,0.15077161388361776,0.013399778921188423,1.0367713171170188,11.251798613274872,0.16029077119193127,5636,,,,[],0,,False,True,
csd-20260805_174708,paired_hierarchical,1,0,0,948c69fa52a0a115,nac->ycaN,shared_complete_observation_shared_scores,maximum,prefix,complete,0,5000,0.6,0.0,instrument_error,2151398048,921666314,2151398048,nac,ycaN,False,identifiable,alpA|basR|btsR|glaR|glrR|nsrR|ptrR|rcdA,5000,0.35283310073979307,0.013256601758445443,1.0147338010797624,26.615652123291106,0.3421244364359288,5636,,,,[],0,,False,True,
csd-20260805_174708,paired_hierarchical,1,0,0,948c69fa52a0a115,nac->yccM,shared_complete_observation_shared_scores,maximum,prefix,complete,0,5000,0.6,0.0,instrument_error,2151398048,921666314,2151398048,nac,yccM,False,identifiable,alpA|basR|btsR|glaR|glrR|nsrR|ptrR|rcdA,5000,-0.22258761512619757,0.015083381391197285,1.3136665225912254,-14.757142934547852,-0.20132868686967204,5636,,,,[],0,,False,True,
csd-20260805_174708,paired_hierarchical,1,0,0,948c69fa52a0a115,nac->ycgJ,shared_complete_observation_shared_scores,maximum,prefix,complete,0,5000,0.6,0.0,instrument_error,2151398048,921666314,2151398048,nac,ycgJ,False,identifiable,alpA|basR|btsR|glaR|glrR|nsrR|ptrR|rcdA,5000,-0.10082888031341837,0.013776072879960272,1.0958183554025114,-7.3191308722017405,-0.12344227263434424,5636,,,,[],0,,False,True,
csd-20260805_174708,paired_hierarchical,1,0,0,948c69fa52a0a115,nac->ycgV,shared_complete_observation_shared_scores,maximum,prefix,complete,0,5000,0.6,0.0,instrument_error,2151398048,921666314,2151398048,nac,ycgV,False,identifiable,alpA|basR|btsR|glaR|glrR|nsrR|ptrR|rcdA,5000,0.21461665318112397,0.013175024704782556,1.002283506954228,16.289658500846514,0.18776524523569627,5636,,,,[],0,,False,True,
csd-20260805_174708,paired_hierarchical,1,0,0,948c69fa52a0a115,nac->ycgX,shared_complete_observation_shared_scores,maximum,prefix,complete,0,5000,0.6,0.0,instrument_error,2151398048,921666314,2151398048,nac,ycgX,False,identifiable,alpA|basR|btsR|glaR|glrR|nsrR|ptrR|rcdA,5000,0.24628581968719473,0.015142582175442976,1.323998782489299,16.264453237480282,0.19843676681221617,5636,,,,[],0,,False,True,
csd-20260805_174708,paired_hierarchical,1,0,0,948c69fa52a0a115,nac->ydaT,shared_complete_observation_shared_scores,maximum,prefix,complete,0,5000,0.6,0.0,instrument_error,2151398048,921666314,2151398048,nac,ydaT,False,identifiable,alpA|basR|btsR|glaR|glrR|nsrR|ptrR|racR|rcdA,5000,-0.5501067217555199,0.013266028054748741,1.015950981692789,-41.46732688075405,-0.5431537340633167,5636,,,,[],0,,False,True,
csd-20260805_174708,paired_hierarchical,1,0,0,948c69fa52a0a115,nac->ydaU,shared_complete_observation_shared_scores,maximum,prefix,complete,0,5000,0.6,0.0,instrument_error,2151398048,921666314,2151398048,nac,ydaU,False,identifiable,alpA|basR|btsR|glaR|glrR|nsrR|ptrR|racR|rcdA,5000,0.14397085181980424,0.014383441904755519,1.194308652333489,10.00948540503396,0.19959232658916604,5636,,,,[],0,,False,True,
csd-20260805_174708,paired_hierarchical,1,0,0,948c69fa52a0a115,nac->ydcI,shared_complete_observation_shared_scores,maximum,prefix,complete,0,5000,0.6,0.0,instrument_error,2151398048,921666314,2151398048,nac,ydcI,False,identifiable,alpA|basR|btsR|glaR|glrR|nsrR|ptrR|rcdA,5000,-0.3201033068726468,0.01322456989665043,1.009835932973792,-24.20519603845293,0.19083448430003183,5636,,,,[],0,,False,True,
csd-20260805_174708,paired_hierarchical,1,0,0,948c69fa52a0a115,nac->ydcY,shared_complete_observation_shared_scores,maximum,prefix,complete,0,5000,0.6,0.0,instrument_error,2151398048,921666314,2151398048,nac,ydcY,False,identifiable,alpA|basR|btsR|glaR|glrR|nsrR|ptrR|rcdA,5000,-0.5112111066494474,0.01584271313619973,1.4492617310212488,-32.26790147966247,-0.37655587664807916,5636,,,,[],0,,False,True,
csd-20260805_174708,paired_hierarchical,1,0,0,948c69fa52a0a115,nac->ydcZ,shared_complete_observation_shared_scores,maximum,prefix,complete,0,5000,0.6,0.0,instrument_error,2151398048,921666314,2151398048,nac,ydcZ,False,identifiable,alpA|basR|btsR|glaR|glrR|nsrR|ptrR|rcdA,5000,-0.2864547692574129,0.013802554151691633,1.1000353125398512,-20.753750799253716,-0.222954980190301,5636,,,,[],0,,False,True,
csd-20260805_174708,paired_hierarchical,1,0,0,948c69fa52a0a115,nac->ydeQ,shared_complete_observation_shared_scores,maximum,prefix,complete,0,5000,0.6,0.0,instrument_error,2151398048,921666314,2151398048,nac,ydeQ,False,identifiable,alpA|basR|btsR|glaR|glrR|nsrR|ptrR|rcdA,5000,-0.4938858776439461,0.013435721923480637,1.0423407601119294,-36.759161916027566,-0.4964023456947407,5636,,,,[],0,,False,True,
csd-20260805_174708,paired_hierarchical,1,0,0,948c69fa52a0a115,nac->ydfK,shared_complete_observation_shared_scores,maximum,prefix,complete,0,5000,0.6,0.0,instrument_error,2151398048,921666314,2151398048,nac,ydfK,False,identifiable,alpA|basR|btsR|glaR|glrR|nsrR|ptrR|rcdA,5000,-0.38270317843881135,0.016918052602650138,1.6526787740858822,-22.620994710636058,-0.21718180791659372,5636,,,,[],0,,False,True,
csd-20260805_174708,paired_hierarchical,1,0,0,948c69fa52a0a115,nac->ydfR,shared_complete_observation_shared_scores,maximum,prefix,complete,0,5000,0.6,0.0,instrument_error,2151398048,921666314,2151398048,nac,ydfR,False,identifiable,alpA|basR|btsR|glaR|glrR|nsrR|ptrR|rcdA,5000,-0.39982984398142674,0.014737421910499154,1.254095880382107,-27.130243431287134,-0.40447257575951107,5636,,,,[],0,,False,True,
csd-20260805_174708,paired_hierarchical,1,0,0,948c69fa52a0a115,nac->ydiB,shared_complete_observation_shared_scores,maximum,prefix,complete,0,5000,0.6,0.0,instrument_error,2151398048,921666314,2151398048,nac,ydiB,False,identifiable,alpA|basR|btsR|glaR|glrR|nsrR|ptrR|rcdA,5000,-0.4068582637150951,0.013929824974250554,1.120415289427968,-29.207708242363232,-0.33731618441926103,5636,,,,[],0,,False,True,
csd-20260805_174708,paired_hierarchical,1,0,0,948c69fa52a0a115,nac->ydiL,shared_complete_observation_shared_scores,maximum,prefix,complete,0,5000,0.6,0.0,instrument_error,2151398048,921666314,2151398048,nac,ydiL,False,identifiable,alpA|basR|btsR|glaR|glrR|nsrR|ptrR|rcdA,5000,-0.10410332383517948,0.01637222123697267,1.5477574981441806,-6.35853390498337,0.07010636793213437,5636,,,,[],0,,False,True,
csd-20260805_174708,paired_hierarchical,1,0,0,948c69fa52a0a115,nac->ydiM,shared_complete_observation_shared_scores,maximum,prefix,complete,0,5000,0.6,0.0,instrument_error,2151398048,921666314,2151398048,nac,ydiM,False,identifiable,alpA|basR|btsR|glaR|glrR|nsrR|ptrR|rcdA,5000,-0.305687923577113,0.013259031792031702,1.0151058516649443,-23.05507131831622,-0.3065792816288395,5636,,,,[],0,,False,True,
csd-20260805_174708,paired_hierarchical,1,0,0,948c69fa52a0a115,nac->ydiO,shared_complete_observation_shared_scores,maximum,prefix,complete,0,5000,0.6,0.0,instrument_error,2151398048,921666314,2151398048,nac,ydiO,False,identifiable,alpA|basR|btsR|glaR|glrR|nsrR|ptrR|rcdA,5000,-0.13189669125671521,0.01504999241056628,1.3078570243224679,-8.763904170749838,-0.21731369508619186,5636,,,,[],0,,False,True,
csd-20260805_174708,paired_hierarchical,1,0,0,948c69fa52a0a115,nac->ydiY,shared_complete_observation_shared_scores,maximum,prefix,complete,0,5000,0.6,0.0,instrument_error,2151398048,921666314,2151398048,nac,ydiY,False,identifiable,alpA|basR|btsR|glaR|glrR|nsrR|ptrR|rcdA,5000,-0.25236711679978324,0.01422374980466476,1.1681965420157674,-17.742657194168167,-0.21450359338293634,5636,,,,[],0,,False,True,
csd-20260805_174708,paired_hierarchical,1,0,0,948c69fa52a0a115,nac->yebQ,shared_complete_observation_shared_scores,maximum,prefix,complete,0,5000,0.6,0.0,instrument_error,2151398048,921666314,2151398048,nac,yebQ,False,identifiable,alpA|basR|btsR|glaR|glrR|nsrR|ptrR|rcdA,5000,-0.14839450968343243,0.014195510091856788,1.1635624916801857,-10.453622921839104,-0.18287359880400114,5636,,,,[],0,,False,True,
csd-20260805_174708,paired_hierarchical,1,0,0,948c69fa52a0a115,nac->yecD,shared_complete_observation_shared_scores,maximum,prefix,complete,0,5000,0.6,0.0,instrument_error,2151398048,921666314,2151398048,nac,yecD,False,identifiable,alpA|basR|btsR|glaR|glrR|nsrR|ptrR|rcdA,5000,0.6953522330188806,0.01435431530265265,1.1897416640462024,48.442034214643506,0.7072862251250074,5636,,,,[],0,,False,True,
csd-20260805_174708,paired_hierarchical,1,0,0,948c69fa52a0a115,nac->yecE,shared_complete_observation_shared_scores,maximum,prefix,complete,0,5000,0.6,0.0,instrument_error,2151398048,921666314,2151398048,nac,yecE,False,identifiable,alpA|basR|btsR|glaR|glrR|nsrR|ptrR|rcdA,5000,0.644913033798426,0.013205839622394204,1.0069774491676355,48.835443427981296,0.6122403911306332,5636,,,,[],0,,False,True,
csd-20260805_174708,paired_hierarchical,1,0,0,948c69fa52a0a115,nac->yedL,shared_complete_observation_shared_scores,maximum,prefix,complete,0,5000,0.6,0.0,instrument_error,2151398048,921666314,2151398048,nac,yedL,False,identifiable,alpA|basR|btsR|glaR|glrR|nsrR|ptrR|rcdA,5000,-0.46065109549753036,0.021353602329855545,2.632873592094371,-21.572523847813297,-0.4366702091704447,5636,,,,[],0,,False,True,
csd-20260805_174708,paired_hierarchical,1,0,0,948c69fa52a0a115,nac->yeeZ,shared_complete_observation_shared_scores,maximum,prefix,complete,0,5000,0.6,0.0,instrument_error,2151398048,921666314,2151398048,nac,yeeZ,False,identifiable,alpA|basR|btsR|glaR|glrR|nsrR|ptrR|rcdA,5000,-0.37171221651631325,0.017781392542894472,1.8256572517483676,-20.904561643280925,-0.1823905824796595,5636,,,,[],0,,False,True,
csd-20260805_174708,paired_hierarchical,1,0,0,948c69fa52a0a115,nac->yegL,shared_complete_observation_shared_scores,maximum,prefix,complete,0,5000,0.6,0.0,instrument_error,2151398048,921666314,2151398048,nac,yegL,False,identifiable,alpA|basR|btsR|glaR|glrR|nsrR|ptrR|rcdA,5000,-0.21317253692266866,0.013863886313813576,1.109833128314348,-15.376102493733644,-0.14953424771880355,5636,,,,[],0,,False,True,
csd-20260805_174708,paired_hierarchical,1,0,0,948c69fa52a0a115,nac->yehE,shared_complete_observation_shared_scores,maximum,prefix,complete,0,5000,0.6,0.0,instrument_error,2151398048,921666314,2151398048,nac,yehE,False,identifiable,alpA|basR|btsR|glaR|glrR|nsrR|ptrR|rcdA,5000,-0.3044148361975339,0.014389551851762482,1.195589918680586,-21.15526872091212,-0.3043882459231885,5636,,,,[],0,,False,True,
csd-20260805_174708,paired_hierarchical,1,0,0,948c69fa52a0a115,nac->yeiE,shared_complete_observation_shared_scores,maximum,prefix,complete,0,5000,0.6,0.0,instrument_error,2151398048,921666314,2151398048,nac,yeiE,False,identifiable,alpA|basR|btsR|glaR|glrR|nsrR|ptrR|rcdA,5000,-0.2521010407862481,0.014676476748887063,1.2437449465533867,-17.177218013537566,-0.32819360552568483,5636,,,,[],0,,False,True,
csd-20260805_174708,paired_hierarchical,1,0,0,948c69fa52a0a115,nac->yeiH,shared_complete_observation_shared_scores,maximum,prefix,complete,0,5000,0.6,0.0,instrument_error,2151398048,921666314,2151398048,nac,yeiH,False,identifiable,alpA|basR|btsR|glaR|glrR|nsrR|ptrR|rcdA,5000,0.19098720937398012,0.013560084220435954,1.0617260697830944,14.084514983037467,0.17273401324500598,5636,,,,[],0,,False,True,
csd-20260805_174708,paired_hierarchical,1,0,0,948c69fa52a0a115,nac->yejB,shared_complete_observation_shared_scores,maximum,prefix,complete,0,5000,0.6,0.0,instrument_error,2151398048,921666314,2151398048,nac,yejB,False,identifiable,alpA|basR|btsR|glaR|glrR|nsrR|ptrR|rcdA,5000,-0.01264403615522205,0.014630593290666216,1.235980397236667,-0.8642189625548872,-0.058709600035390504,5636,,,,[],0,,False,True,
csd-20260805_174708,paired_hierarchical,1,0,0,948c69fa52a0a115,nac->yfbK,shared_complete_observation_shared_scores,maximum,prefix,complete,0,5000,0.6,0.0,instrument_error,2151398048,921666314,2151398048,nac,yfbK,False,identifiable,alpA|basR|btsR|glaR|glrR|nsrR|ptrR|rcdA,5000,-0.4479557874926473,0.013266218429370539,1.016206561701101,-33.76665248484847,-0.47482705426292454,5636,,,,[],0,,False,True,
csd-20260805_174708,paired_hierarchical,1,0,0,948c69fa52a0a115,nac->yfbL,shared_complete_observation_shared_scores,maximum,prefix,complete,0,5000,0.6,0.0,instrument_error,2151398048,921666314,2151398048,nac,yfbL,False,identifiable,alpA|basR|btsR|glaR|glrR|nsrR|ptrR|rcdA,5000,0.44667080536824644,0.014149862031576643,1.1560912601003732,31.567149161699373,0.36483436410906317,5636,,,,[],0,,False,True,
csd-20260805_174708,paired_hierarchical,1,0,0,948c69fa52a0a115,nac->yfbV,shared_complete_observation_shared_scores,maximum,prefix,complete,0,5000,0.6,0.0,instrument_error,2151398048,921666314,2151398048,nac,yfbV,False,identifiable,alpA|basR|btsR|glaR|glrR|nsrR|ptrR|rcdA,5000,-0.544539799604202,0.014215780435997688,1.1668878602723056,-38.30530459131878,-0.5873668007542131,5636,,,,[],0,,False,True,
csd-20260805_174708,paired_hierarchical,1,0,0,948c69fa52a0a115,nac->yfcO,shared_complete_observation_shared_scores,maximum,prefix,complete,0,5000,0.6,0.0,instrument_error,2151398048,921666314,2151398048,nac,yfcO,False,identifiable,alpA|basR|btsR|glaR|glrR|nsrR|ptrR|rcdA,5000,-0.19309785420869463,0.01387209693420895,1.1111480722831462,-13.919874920460678,-0.2292898317059945,5636,,,,[],0,,False,True,
csd-20260805_174708,paired_hierarchical,1,0,0,948c69fa52a0a115,nac->yfcP,shared_complete_observation_shared_scores,maximum,prefix,complete,0,5000,0.6,0.0,instrument_error,2151398048,921666314,2151398048,nac,yfcP,False,identifiable,alpA|basR|btsR|glaR|glrR|nsrR|ptrR|rcdA,5000,-0.3568268001424716,0.016237818910608954,1.5224501973575189,-21.97504493102453,-0.18282404582114678,5636,,,,[],0,,False,True,
csd-20260805_174708,paired_hierarchical,1,0,0,948c69fa52a0a115,nac->yfgH,shared_complete_observation_shared_scores,maximum,prefix,complete,0,5000,0.6,0.0,instrument_error,2151398048,921666314,2151398048,nac,yfgH,False,identifiable,alpA|basR|btsR|glaR|glrR|nsrR|ptrR|rcdA,5000,-0.17165721238595782,0.013699375565518835,1.0836505388250124,-12.530294652116625,-0.17520198689613048,5636,,,,[],0,,False,True,
csd-20260805_174708,paired_hierarchical,1,0,0,948c69fa52a0a115,nac->yfhL,shared_complete_observation_shared_scores,maximum,prefix,complete,0,5000,0.6,0.0,instrument_error,2151398048,921666314,2151398048,nac,yfhL,False,identifiable,alpA|basR|btsR|glaR|glrR|nsrR|ptrR|rcdA,5000,-0.08901070505960207,0.018009056120424496,1.8727060360581578,-4.942552483839113,-0.09771454454675933,5636,,,,[],0,,False,True,
csd-20260805_174708,paired_hierarchical,1,0,0,948c69fa52a0a115,nac->yfiL,shared_complete_observation_shared_scores,maximum,prefix,complete,0,5000,0.6,0.0,instrument_error,2151398048,921666314,2151398048,nac,yfiL,False,identifiable,alpA|basR|btsR|glaR|glrR|nsrR|ptrR|rcdA,5000,0.2376946208994356,0.013750957971666188,1.0918264644070539,17.28567721530418,0.3077840812765268,5636,,,,[],0,,False,True,
csd-20260805_174708,paired_hierarchical,1,0,0,948c69fa52a0a115,nac->yfjI,shared_complete_observation_shared_scores,maximum,prefix,complete,0,5000,0.6,0.0,instrument_error,2151398048,921666314,2151398048,nac,yfjI,False,identifiable,alpA|basR|btsR|glaR|glrR|nsrR|ptrR|rcdA,5000,-0.18462586737007855,0.01565918483405632,1.4158785686460713,-11.790260433515394,-0.17977653649390143,5636,,,,[],0,,False,True,
csd-20260805_174708,paired_hierarchical,1,0,0,948c69fa52a0a115,nac->ygaM,shared_complete_observation_shared_scores,maximum,prefix,complete,0,5000,0.6,0.0,instrument_error,2151398048,921666314,2151398048,nac,ygaM,False,identifiable,alpA|basR|btsR|glaR|glrR|nsrR|ptrR|rcdA,5000,-0.4503988216572789,0.013149866350144004,0.9984593428141498,-34.25120907425394,-0.4606015197232845,5636,,,,[],0,,False,True,
csd-20260805_174708,paired_hierarchical,1,0,0,948c69fa52a0a115,nac->ygaP,shared_complete_observation_shared_scores,maximum,prefix,complete,0,5000,0.6,0.0,instrument_error,2151398048,921666314,2151398048,nac,ygaP,False,identifiable,alpA|basR|btsR|glaR|glrR|nsrR|ptrR|rcdA,5000,-0.19839461634090083,0.01779048378083548,1.8275245664032929,-11.151726888653716,-0.3223458801118459,5636,,,,[],0,,False,True,
csd-20260805_174708,paired_hierarchical,1,0,0,948c69fa52a0a115,nac->ygaV,shared_complete_observation_shared_scores,maximum,prefix,complete,0,5000,0.6,0.0,instrument_error,2151398048,921666314,2151398048,nac,ygaV,False,identifiable,alpA|basR|btsR|glaR|glrR|nsrR|ptrR|rcdA,5000,-0.5924262192972246,0.017802606405495493,1.8300160042717992,-33.27749913711221,-0.23223753034907413,5636,,,,[],0,,False,True,
csd-20260805_174708,paired_hierarchical,1,0,0,948c69fa52a0a115,nac->ygaZ,shared_complete_observation_shared_scores,maximum,prefix,complete,0,5000,0.6,0.0,instrument_error,2151398048,921666314,2151398048,nac,ygaZ,False,identifiable,alpA|basR|btsR|glaR|glrR|nsrR|ptrR|rcdA,5000,-0.14407081034270527,0.01312269943924267,0.9943380786376455,-10.978748009107782,-0.16583148723400953,5636,,,,[],0,,False,True,
csd-20260805_174708,paired_hierarchical,1,0,0,948c69fa52a0a115,nac->ygcE,shared_complete_observation_shared_scores,maximum,prefix,complete,0,5000,0.6,0.0,instrument_error,2151398048,921666314,2151398048,nac,ygcE,False,identifiable,alpA|basR|btsR|glaR|glrR|nsrR|ptrR|rcdA,5000,-0.35048120310300845,0.014459519534552904,1.2072450463959934,-24.238786238055006,-0.3318822654276433,5636,,,,[],0,,False,True,
csd-20260805_174708,paired_hierarchical,1,0,0,948c69fa52a0a115,nac->ygcO,shared_complete_observation_shared_scores,maximum,prefix,complete,0,5000,0.6,0.0,instrument_error,2151398048,921666314,2151398048,nac,ygcO,False,identifiable,alpA|basR|btsR|glaR|glrR|nsrR|ptrR|rcdA,5000,-0.3763398763282245,0.013456240789516486,1.045526890640397,-27.967682966956424,-0.3766886276409781,5636,,,,[],0,,False,True,
csd-20260805_174708,paired_hierarchical,1,0,0,948c69fa52a0a115,nac->ygcP,shared_complete_observation_shared_scores,maximum,prefix,complete,0,5000,0.6,0.0,instrument_error,2151398048,921666314,2151398048,nac,ygcP,False,identifiable,alpA|basR|btsR|glaR|glrR|nsrR|ptrR|rcdA,5000,-0.2362209812290163,0.01707231262868389,1.6829546654964973,-13.836495755831685,-0.17467265489585607,5636,,,,[],0,,False,True,
csd-20260805_174708,paired_hierarchical,1,0,0,948c69fa52a0a115,nac->ygcS,shared_complete_observation_shared_scores,maximum,prefix,complete,0,5000,0.6,0.0,instrument_error,2151398048,921666314,2151398048,nac,ygcS,False,identifiable,alpA|basR|btsR|glaR|glrR|nsrR|ptrR|rcdA,5000,-0.18685058254938236,0.013372288295500353,1.0325216565930047,-13.972969952514095,-0.19857274699662134,5636,,,,[],0,,False,True,
csd-20260805_174708,paired_hierarchical,1,0,0,948c69fa52a0a115,nac->ygdR,shared_complete_observation_shared_scores,maximum,prefix,complete,0,5000,0.6,0.0,instrument_error,2151398048,921666314,2151398048,nac,ygdR,False,identifiable,alpA|basR|btsR|glaR|glrR|nsrR|ptrR|rcdA|yfeC,5000,-0.004041520015230062,0.01639615455167851,1.552040002615527,-0.24649194434534788,-0.07512627178210718,5636,,,,[],0,,False,True,
csd-20260805_174708,paired_hierarchical,1,0,0,948c69fa52a0a115,nac->ygeG,shared_complete_observation_shared_scores,maximum,prefix,complete,0,5000,0.6,0.0,instrument_error,2151398048,921666314,2151398048,nac,ygeG,False,identifiable,alpA|basR|btsR|glaR|glrR|nsrR|ptrR|rcdA,5000,-0.2395141433381262,0.016658716884125683,1.6023995052883668,-14.377706578731912,-0.12211914998076019,5636,,,,[],0,,False,True,
csd-20260805_174708,paired_hierarchical,1,0,0,948c69fa52a0a115,nac->yggP,shared_complete_observation_shared_scores,maximum,prefix,complete,0,5000,0.6,0.0,instrument_error,2151398048,921666314,2151398048,nac,yggP,False,identifiable,alpA|basR|btsR|glaR|glrR|nsrR|ptrR|rcdA,5000,-0.3748133857226368,0.013613413479542228,1.0700936291209975,-27.532652724160144,-0.41761461705607267,5636,,,,[],0,,False,True,
csd-20260805_174708,paired_hierarchical,1,0,0,948c69fa52a0a115,nac->yghG,shared_complete_observation_shared_scores,maximum,prefix,complete,0,5000,0.6,0.0,instrument_error,2151398048,921666314,2151398048,nac,yghG,False,identifiable,alpA|basR|btsR|glaR|glrR|nsrR|ptrR|rcdA,5000,0.34206470186746274,0.014632530485460074,1.2363077241272122,23.377002508715947,0.32987422721422865,5636,,,,[],0,,False,True,
csd-20260805_174708,paired_hierarchical,1,0,0,948c69fa52a0a115,nac->yghT,shared_complete_observation_shared_scores,maximum,prefix,complete,0,5000,0.6,0.0,instrument_error,2151398048,921666314,2151398048,nac,yghT,False,identifiable,alpA|basR|btsR|glaR|glrR|nsrR|ptrR|rcdA,5000,-0.1445588941198716,0.013072935222187986,0.9868108725290657,-11.057875806997009,-0.15369381477898192,5636,,,,[],0,,False,True,
csd-20260805_174708,paired_hierarchical,1,0,0,948c69fa52a0a115,nac->ygiF,shared_complete_observation_shared_scores,maximum,prefix,complete,0,5000,0.6,0.0,instrument_error,2151398048,921666314,2151398048,nac,ygiF,False,identifiable,alpA|basR|btsR|glaR|glrR|nsrR|ptrR|rcdA,5000,-0.4040605975121614,0.014539774550813669,1.220683438870592,-27.79001807077879,-0.3500692370147332,5636,,,,[],0,,False,True,
csd-20260805_174708,paired_hierarchical,1,0,0,948c69fa52a0a115,nac->ygiL,shared_complete_observation_shared_scores,maximum,prefix,complete,0,5000,0.6,0.0,instrument_error,2151398048,921666314,2151398048,nac,ygiL,False,identifiable,alpA|basR|btsR|glaR|glrR|nsrR|ptrR|rcdA,5000,0.13197420381594246,0.013519993331416484,1.0554572858958386,9.761410422390762,0.12383024666248944,5636,,,,[],0,,False,True,
csd-20260805_174708,paired_hierarchical,1,0,0,948c69fa52a0a115,nac->ygiN,shared_complete_observation_shared_scores,maximum,prefix,complete,0,5000,0.6,0.0,instrument_error,2151398048,921666314,2151398048,nac,ygiN,False,identifiable,alpA|basR|btsR|glaR|glrR|nsrR|ptrR|rcdA,5000,-0.023607141154565095,0.01601265054598241,1.4805195930175654,-1.4742806686984218,-0.13204580759986131,5636,,,,[],0,,False,True,
csd-20260805_174708,paired_hierarchical,1,0,0,948c69fa52a0a115,nac->ygjH,shared_complete_observation_shared_scores,maximum,prefix,complete,0,5000,0.6,0.0,instrument_error,2151398048,921666314,2151398048,nac,ygjH,False,identifiable,alpA|basR|btsR|glaR|glrR|nsrR|ptrR|rcdA,5000,0.1353725041163371,0.013275640709441946,1.0176505878465945,10.197059944538648,0.13484431617967657,5636,,,,[],0,,False,True,
csd-20260805_174708,paired_hierarchical,1,0,0,948c69fa52a0a115,nac->ygjI,shared_complete_observation_shared_scores,maximum,prefix,complete,0,5000,0.6,0.0,instrument_error,2151398048,921666314,2151398048,nac,ygjI,False,identifiable,alpA|basR|btsR|glaR|glrR|nsrR|ptrR|rcdA,5000,-0.07769896802264269,0.015386834222141885,1.3670558473591732,-5.04970463065318,-0.21130434874079748,5636,,,,[],0,,False,True,
csd-20260805_174708,paired_hierarchical,1,0,0,948c69fa52a0a115,nac->yhaB,shared_complete_observation_shared_scores,maximum,prefix,complete,0,5000,0.6,0.0,instrument_error,2151398048,921666314,2151398048,nac,yhaB,False,identifiable,alpA|basR|btsR|glaR|glrR|nsrR|ptrR|rcdA,5000,0.22381386841705292,0.015205941247212817,1.3351016224353862,14.718843429575728,0.3139599100650489,5636,,,,[],0,,False,True,
csd-20260805_174708,paired_hierarchical,1,0,0,948c69fa52a0a115,nac->yhaI,shared_complete_observation_shared_scores,maximum,prefix,complete,0,5000,0.6,0.0,instrument_error,2151398048,921666314,2151398048,nac,yhaI,False,identifiable,alpA|basR|btsR|glaR|glrR|nsrR|ptrR|rcdA,5000,-0.2859355629167795,0.0130414325940168,0.9820606493838894,-21.925165111688894,-0.29852201892811997,5636,,,,[],0,,False,True,
csd-20260805_174708,paired_hierarchical,1,0,0,948c69fa52a0a115,nac->yhbX,shared_complete_observation_shared_scores,maximum,prefix,complete,0,5000,0.6,0.0,instrument_error,2151398048,921666314,2151398048,nac,yhbX,False,identifiable,alpA|basR|btsR|glaR|glrR|nsrR|ptrR|rcdA,5000,0.8340965139134859,0.013082536866741927,0.9882609656597652,63.75648105635411,0.8422296027863999,5636,,,,[],0,,False,True,
csd-20260805_174708,paired_hierarchical,1,0,0,948c69fa52a0a115,nac->yhcA,shared_complete_observation_shared_scores,maximum,prefix,complete,0,5000,0.6,0.0,instrument_error,2151398048,921666314,2151398048,nac,yhcA,False,identifiable,alpA|basR|btsR|glaR|glrR|nsrR|ptrR|rcdA,5000,-0.308533440156998,0.013283990744236104,1.0189311422591332,-23.225960187518954,-0.2920451003192792,5636,,,,[],0,,False,True,
csd-20260805_174708,paired_hierarchical,1,0,0,948c69fa52a0a115,nac->yhcD,shared_complete_observation_shared_scores,maximum,prefix,complete,0,5000,0.6,0.0,instrument_error,2151398048,921666314,2151398048,nac,yhcD,False,identifiable,alpA|basR|btsR|glaR|glrR|nsrR|ptrR|rcdA,5000,-0.37030029840889434,0.016065925851852726,1.4903875840440854,-23.048799168097197,-0.2298323287824289,5636,,,,[],0,,False,True,
csd-20260805_174708,paired_hierarchical,1,0,0,948c69fa52a0a115,nac->yhfL,shared_complete_observation_shared_scores,maximum,prefix,complete,0,5000,0.6,0.0,instrument_error,2151398048,921666314,2151398048,nac,yhfL,False,identifiable,alpA|basR|btsR|glaR|glrR|nsrR|ptrR|rcdA,5000,-0.13019392079562547,0.019399738402677613,2.1730987140219105,-6.711117340512988,-0.19923368163399657,5636,,,,[],0,,False,True,
csd-20260805_174708,paired_hierarchical,1,0,0,948c69fa52a0a115,nac->yhfZ,shared_complete_observation_shared_scores,maximum,prefix,complete,0,5000,0.6,0.0,instrument_error,2151398048,921666314,2151398048,nac,yhfZ,False,identifiable,alpA|basR|btsR|glaR|glrR|nsrR|ptrR|rcdA,5000,-0.3025262401719359,0.014787117412227792,1.262567918809886,-20.458770410639353,-0.36364073746879894,5636,,,,[],0,,False,True,
csd-20260805_174708,paired_hierarchical,1,0,0,948c69fa52a0a115,nac->yhhQ,shared_complete_observation_shared_scores,maximum,prefix,complete,0,5000,0.6,0.0,instrument_error,2151398048,921666314,2151398048,nac,yhhQ,False,identifiable,alpA|basR|btsR|glaR|glrR|nsrR|ptrR|rcdA,5000,0.2997873026330087,0.014489073948696307,1.212185166752647,20.690577168320882,0.31883733592787983,5636,,,,[],0,,False,True,
csd-20260805_174708,paired_hierarchical,1,0,0,948c69fa52a0a115,nac->yhhZ,shared_complete_observation_shared_scores,maximum,prefix,complete,0,5000,0.6,0.0,instrument_error,2151398048,921666314,2151398048,nac,yhhZ,False,identifiable,alpA|basR|btsR|glaR|glrR|nsrR|ptrR|rcdA,5000,-0.13087658915584663,0.015472040464822714,1.3822382046298194,-8.458909440768856,-0.14166114388606782,5636,,,,[],0,,False,True,
csd-20260805_174708,paired_hierarchical,1,0,0,948c69fa52a0a115,nac->yhiJ,shared_complete_observation_shared_scores,maximum,prefix,complete,0,5000,0.6,0.0,instrument_error,2151398048,921666314,2151398048,nac,yhiJ,False,identifiable,alpA|basR|btsR|glaR|glrR|nsrR|ptrR|rcdA,5000,-0.15994389206955423,0.013694809619603027,1.0829283066075612,-11.679161413139129,-0.14052197376116204,5636,,,,[],0,,False,True,
csd-20260805_174708,paired_hierarchical,1,0,0,948c69fa52a0a115,nac->yhjD,shared_complete_observation_shared_scores,maximum,prefix,complete,0,5000,0.6,0.0,instrument_error,2151398048,921666314,2151398048,nac,yhjD,False,identifiable,alpA|basR|btsR|glaR|glrR|nsrR|ptrR|rcdA,5000,-0.4605368614846266,0.01381515303513252,1.1020444395222178,-33.33563228097885,-0.42406288865342917,5636,,,,[],0,,False,True,
csd-20260805_174708,paired_hierarchical,1,0,0,948c69fa52a0a115,nac->yiaD,shared_complete_observation_shared_scores,maximum,prefix,complete,0,5000,0.6,0.0,instrument_error,2151398048,921666314,2151398048,nac,yiaD,False,identifiable,alpA|basR|btsR|glaR|glrR|nsrR|ptrR|rcdA,5000,-0.1438359276106719,0.014845148280304915,1.272497058795767,-9.689086622428642,-0.1827274944431087,5636,,,,[],0,,False,True,
csd-20260805_174708,paired_hierarchical,1,0,0,948c69fa52a0a115,nac->yieH,shared_complete_observation_shared_scores,maximum,prefix,complete,0,5000,0.6,0.0,instrument_error,2151398048,921666314,2151398048,nac,yieH,False,identifiable,alpA|basR|btsR|glaR|glrR|nsrR|ptrR|rcdA,5000,-0.7309386710210881,0.01811825119864955,1.8954846012482227,-40.342672314619904,-0.5445986483619596,5636,,,,[],0,,False,True,
csd-20260805_174708,paired_hierarchical,1,0,0,948c69fa52a0a115,nac->yieP,shared_complete_observation_shared_scores,maximum,prefix,complete,0,5000,0.6,0.0,instrument_error,2151398048,921666314,2151398048,nac,yieP,False,identifiable,alpA|basR|btsR|glaR|glrR|nsrR|ptrR|rcdA,5000,-0.14071271637716093,0.016065538910894545,1.4903157942125558,-8.758667677293989,-0.15543257046810602,5636,,,,[],0,,False,True,
csd-20260805_174708,paired_hierarchical,1,0,0,948c69fa52a0a115,nac->yifB,shared_complete_observation_shared_scores,maximum,prefix,complete,0,5000,0.6,0.0,instrument_error,2151398048,921666314,2151398048,nac,yifB,False,identifiable,alpA|basR|btsR|glaR|glrR|nsrR|ptrR|rcdA,5000,-0.03432280051452794,0.013458787828328154,1.0459227292168558,-2.550214844927198,-0.06357246613893178,5636,,,,[],0,,False,True,
csd-20260805_174708,paired_hierarchical,1,0,0,948c69fa52a0a115,nac->yigL,shared_complete_observation_shared_scores,maximum,prefix,complete,0,5000,0.6,0.0,instrument_error,2151398048,921666314,2151398048,nac,yigL,False,identifiable,alpA|basR|btsR|glaR|glrR|nsrR|ptrR|rcdA,5000,0.34963075323776294,0.016411658257978263,1.55522288218316,21.303804145921426,0.2939362894933546,5636,,,,[],0,,False,True,
csd-20260805_174708,paired_hierarchical,1,0,0,948c69fa52a0a115,nac->yihD,shared_complete_observation_shared_scores,maximum,prefix,complete,0,5000,0.6,0.0,instrument_error,2151398048,921666314,2151398048,nac,yihD,False,identifiable,alpA|basR|btsR|glaR|glrR|nsrR|ptrR|rcdA,5000,-0.08784371305615304,0.02175487811303768,2.7327570049026755,-4.037885783580115,0.23974498111233122,5636,,,,[],0,,False,True,
csd-20260805_174708,paired_hierarchical,1,0,0,948c69fa52a0a115,nac->yihL,shared_complete_observation_shared_scores,maximum,prefix,complete,0,5000,0.6,0.0,instrument_error,2151398048,921666314,2151398048,nac,yihL,False,identifiable,alpA|basR|btsR|glaR|glrR|nsrR|ptrR|rcdA,5000,-0.3125186146537626,0.019419755874646623,2.177585618353534,-16.092818914462768,-0.4453701090666117,5636,,,,[],0,,False,True,
csd-20260805_174708,paired_hierarchical,1,0,0,948c69fa52a0a115,nac->yihO,shared_complete_observation_shared_scores,maximum,prefix,complete,0,5000,0.6,0.0,instrument_error,2151398048,921666314,2151398048,nac,yihO,False,identifiable,alpA|basR|btsR|glaR|glrR|nsrR|ptrR|rcdA,5000,-0.6300254658008967,0.014159007059093605,1.1575861019370688,-44.49644407771261,-0.5882661999568312,5636,,,,[],0,,False,True,
csd-20260805_174708,paired_hierarchical,1,0,0,948c69fa52a0a115,nac->yihQ,shared_complete_observation_shared_scores,maximum,prefix,complete,0,5000,0.6,0.0,instrument_error,2151398048,921666314,2151398048,nac,yihQ,False,identifiable,alpA|basR|btsR|glaR|glrR|nsrR|ptrR|rcdA,5000,-0.15833671181278391,0.01324908546804258,1.013583450203471,-11.95076537129295,-0.17638220959303558,5636,,,,[],0,,False,True,
csd-20260805_174708,paired_hierarchical,1,0,0,948c69fa52a0a115,nac->yiiE,shared_complete_observation_shared_scores,maximum,prefix,complete,0,5000,0.6,0.0,instrument_error,2151398048,921666314,2151398048,nac,yiiE,False,identifiable,alpA|basR|btsR|glaR|glrR|nsrR|ptrR|rcdA,5000,-0.10381681556472197,0.014075936302509962,1.1440428550907458,-7.375482052033,-0.11327828077577591,5636,,,,[],0,,False,True,
csd-20260805_174708,paired_hierarchical,1,0,0,948c69fa52a0a115,nac->yiiF,shared_complete_observation_shared_scores,maximum,prefix,complete,0,5000,0.6,0.0,instrument_error,2151398048,921666314,2151398048,nac,yiiF,False,identifiable,alpA|basR|btsR|glaR|glrR|nsrR|ptrR|rcdA,5000,-0.30256491448057266,0.013296869830214244,1.0209078469246666,-22.75459700997145,-0.3063039296602986,5636,,,,[],0,,False,True,
csd-20260805_174708,paired_hierarchical,1,0,0,948c69fa52a0a115,nac->yijO,shared_complete_observation_shared_scores,maximum,prefix,complete,0,5000,0.6,0.0,instrument_error,2151398048,921666314,2151398048,nac,yijO,False,identifiable,alpA|basR|btsR|glaR|glrR|nsrR|ptrR|rcdA,5000,-0.44902821953608163,0.013663807753251196,1.0780308601947082,-32.862597867658,-0.39340808183710574,5636,,,,[],0,,False,True,
csd-20260805_174708,paired_hierarchical,1,0,0,948c69fa52a0a115,nac->yjaH,shared_complete_observation_shared_scores,maximum,prefix,complete,0,5000,0.6,0.0,instrument_error,2151398048,921666314,2151398048,nac,yjaH,False,identifiable,alpA|basR|btsR|glaR|glrR|nsrR|ptrR|rcdA,5000,0.24165693903241978,0.014461741845687437,1.2076161624998616,16.710085244986107,0.26461116374894394,5636,,,,[],0,,False,True,
csd-20260805_174708,paired_hierarchical,1,0,0,948c69fa52a0a115,nac->yjbB,shared_complete_observation_shared_scores,maximum,prefix,complete,0,5000,0.6,0.0,instrument_error,2151398048,921666314,2151398048,nac,yjbB,False,identifiable,alpA|basR|btsR|glaR|glrR|nsrR|ptrR|rcdA,5000,-0.24472967334395868,0.014494564769662835,1.2131040871640395,-16.884237452660777,-0.28172859144640033,5636,,,,[],0,,False,True,
csd-20260805_174708,paired_hierarchical,1,0,0,948c69fa52a0a115,nac->yjcF,shared_complete_observation_shared_scores,maximum,prefix,complete,0,5000,0.6,0.0,instrument_error,2151398048,921666314,2151398048,nac,yjcF,False,identifiable,alpA|basR|btsR|glaR|glrR|nsrR|ptrR|rcdA,5000,0.14481100398955005,0.01349479525713051,1.0515267059632254,10.730878181573997,0.1303244480046652,5636,,,,[],0,,False,True,
csd-20260805_174708,paired_hierarchical,1,0,0,948c69fa52a0a115,nac->yjcO,shared_complete_observation_shared_scores,maximum,prefix,complete,0,5000,0.6,0.0,instrument_error,2151398048,921666314,2151398048,nac,yjcO,False,identifiable,alpA|basR|btsR|glaR|glrR|nsrR|ptrR|rcdA,5000,-0.2413268786259601,0.013256389949679693,1.014701375304159,-18.204569987909203,-0.16254297287949682,5636,,,,[],0,,False,True,
csd-20260805_174708,paired_hierarchical,1,0,0,948c69fa52a0a115,nac->yjeJ,shared_complete_observation_shared_scores,maximum,prefix,complete,0,5000,0.6,0.0,instrument_error,2151398048,921666314,2151398048,nac,yjeJ,False,identifiable,alpA|basR|btsR|glaR|glrR|nsrR|ptrR|rcdA,5000,-0.17687919481040393,0.013999141199768299,1.1315936335076207,-12.635003268152726,-0.20782187454874362,5636,,,,[],0,,False,True,
csd-20260805_174708,paired_hierarchical,1,0,0,948c69fa52a0a115,nac->yjfZ,shared_complete_observation_shared_scores,maximum,prefix,complete,0,5000,0.6,0.0,instrument_error,2151398048,921666314,2151398048,nac,yjfZ,False,identifiable,alpA|basR|btsR|glaR|glrR|nsrR|ptrR|rcdA,5000,-0.30459386054883275,0.015685910731049458,1.4207157191007642,-19.41830893796334,-0.22210292426833492,5636,,,,[],0,,False,True,
csd-20260805_174708,paired_hierarchical,1,0,0,948c69fa52a0a115,nac->yjgH,shared_complete_observation_shared_scores,maximum,prefix,complete,0,5000,0.6,0.0,instrument_error,2151398048,921666314,2151398048,nac,yjgH,False,identifiable,alpA|basR|btsR|glaR|glrR|nsrR|ptrR|rcdA,5000,-0.6108197489819173,0.012967673377889257,0.9709834639940708,-47.103264493336596,-0.6015682898738863,5636,,,,[],0,,False,True,
csd-20260805_174708,paired_hierarchical,1,0,0,948c69fa52a0a115,nac->yjgM,shared_complete_observation_shared_scores,maximum,prefix,complete,0,5000,0.6,0.0,instrument_error,2151398048,921666314,2151398048,nac,yjgM,False,identifiable,alpA|basR|btsR|glaR|glrR|nsrR|ptrR|rcdA,5000,0.27448395541668336,0.012975470846010894,0.9721515206952677,21.154065133680227,0.3044935138266816,5636,,,,[],0,,False,True,
csd-20260805_174708,paired_hierarchical,1,0,0,948c69fa52a0a115,nac->yjgN,shared_complete_observation_shared_scores,maximum,prefix,complete,0,5000,0.6,0.0,instrument_error,2151398048,921666314,2151398048,nac,yjgN,False,identifiable,alpA|basR|btsR|glaR|glrR|nsrR|ptrR|rcdA,5000,-0.300009479966739,0.013254941765882685,1.0144796869213744,-22.633783328942485,-0.33522004139405337,5636,,,,[],0,,False,True,
csd-20260805_174708,paired_hierarchical,1,0,0,948c69fa52a0a115,nac->ykgH,shared_complete_observation_shared_scores,maximum,prefix,complete,0,5000,0.6,0.0,instrument_error,2151398048,921666314,2151398048,nac,ykgH,False,identifiable,alpA|basR|btsR|glaR|glrR|nsrR|ptrR|rcdA,5000,-0.16566117551186962,0.015845822772874076,1.4498307143361902,-10.454564454391056,-0.22512504885310503,5636,,,,[],0,,False,True,
csd-20260805_174708,paired_hierarchical,1,0,0,948c69fa52a0a115,nac->ykgL,shared_complete_observation_shared_scores,maximum,prefix,complete,0,5000,0.6,0.0,instrument_error,2151398048,921666314,2151398048,nac,ykgL,False,identifiable,alpA|basR|btsR|glaR|glrR|nsrR|ptrR|rcdA,5000,-0.3736630235495313,0.013343496946096515,1.028080279266667,-28.00338060247708,-0.3713841558389665,5636,,,,[],0,,False,True,
csd-20260805_174708,paired_hierarchical,1,0,0,948c69fa52a0a115,nac->ymjA,shared_complete_observation_shared_scores,maximum,prefix,complete,0,5000,0.6,0.0,instrument_error,2151398048,921666314,2151398048,nac,ymjA,False,identifiable,alpA|basR|btsR|glaR|glrR|nsrR|ptrR|rcdA,5000,-0.21649050687939,0.01365207266509784,1.0761799332972648,-15.857702503507623,-0.23316169296711445,5636,,,,[],0,,False,True,
csd-20260805_174708,paired_hierarchical,1,0,0,948c69fa52a0a115,nac->ynaK,shared_complete_observation_shared_scores,maximum,prefix,complete,0,5000,0.6,0.0,instrument_error,2151398048,921666314,2151398048,nac,ynaK,False,identifiable,alpA|basR|btsR|glaR|glrR|nsrR|ptrR|rcdA,5000,0.10423628916519782,0.014101508151711701,1.1482034117862001,7.39185398070668,0.1492576409019717,5636,,,,[],0,,False,True,
csd-20260805_174708,paired_hierarchical,1,0,0,948c69fa52a0a115,nac->yneK,shared_complete_observation_shared_scores,maximum,prefix,complete,0,5000,0.6,0.0,instrument_error,2151398048,921666314,2151398048,nac,yneK,False,identifiable,alpA|basR|btsR|glaR|glrR|nsrR|ptrR|rcdA,5000,0.15057023504370803,0.013411186705317041,1.0385373608651163,11.227211905417176,0.16563881274570177,5636,,,,[],0,,False,True,
csd-20260805_174708,paired_hierarchical,1,0,0,948c69fa52a0a115,nac->ynfA,shared_complete_observation_shared_scores,maximum,prefix,complete,0,5000,0.6,0.0,instrument_error,2151398048,921666314,2151398048,nac,ynfA,False,identifiable,alpA|basR|btsR|glaR|glrR|nsrR|ptrR|rcdA,5000,-0.0337617710778445,0.013606472888740189,1.069002765507895,-2.48130219741102,-0.12247267518185244,5636,,,,[],0,,False,True,
csd-20260805_174708,paired_hierarchical,1,0,0,948c69fa52a0a115,nac->ynfD,shared_complete_observation_shared_scores,maximum,prefix,complete,0,5000,0.6,0.0,instrument_error,2151398048,921666314,2151398048,nac,ynfD,False,identifiable,alpA|basR|btsR|glaR|glrR|nsrR|ptrR|rcdA,5000,-0.2409435555149132,0.014210781263805566,1.1660673006613003,-16.95498305421034,-0.2472315596842036,5636,,,,[],0,,False,True,
csd-20260805_174708,paired_hierarchical,1,0,0,948c69fa52a0a115,nac->yniB,shared_complete_observation_shared_scores,maximum,prefix,complete,0,5000,0.6,0.0,instrument_error,2151398048,921666314,2151398048,nac,yniB,False,identifiable,alpA|basR|btsR|glaR|glrR|nsrR|ptrR|rcdA,5000,-0.5102651732539581,0.016765336059118226,1.6229765089873405,-30.43572592011589,-0.29193505056754504,5636,,,,[],0,,False,True,
csd-20260805_174708,paired_hierarchical,1,0,0,948c69fa52a0a115,nac->ynjF,shared_complete_observation_shared_scores,maximum,prefix,complete,0,5000,0.6,0.0,instrument_error,2151398048,921666314,2151398048,nac,ynjF,False,identifiable,alpA|basR|btsR|glaR|glrR|nsrR|ptrR|rcdA,5000,0.2692351637589426,0.01499378216612187,1.2981058330330433,17.9564542672411,0.1780496735174103,5636,,,,[],0,,False,True,
csd-20260805_174708,paired_hierarchical,1,0,0,948c69fa52a0a115,nac->yobA,shared_complete_observation_shared_scores,maximum,prefix,complete,0,5000,0.6,0.0,instrument_error,2151398048,921666314,2151398048,nac,yobA,False,identifiable,alpA|basR|btsR|glaR|glrR|nsrR|ptrR|rcdA,5000,0.2340657872342074,0.014801380040606441,1.2650046643820607,15.813781322556817,0.2090568309722578,5636,,,,[],0,,False,True,
csd-20260805_174708,paired_hierarchical,1,0,0,948c69fa52a0a115,nac->yohO,shared_complete_observation_shared_scores,maximum,prefix,complete,0,5000,0.6,0.0,instrument_error,2151398048,921666314,2151398048,nac,yohO,False,identifiable,alpA|basR|btsR|glaR|glrR|nsrR|ptrR|rcdA,5000,-0.18955993662493417,0.013402568889806765,1.0372030944748598,-14.143552492321284,-0.18052196945672563,5636,,,,[],0,,False,True,
csd-20260805_174708,paired_hierarchical,1,0,0,948c69fa52a0a115,nac->yqeB,shared_complete_observation_shared_scores,maximum,prefix,complete,0,5000,0.6,0.0,instrument_error,2151398048,921666314,2151398048,nac,yqeB,False,identifiable,alpA|basR|btsR|glaR|glrR|nsrR|ptrR|rcdA,5000,-0.270394055764446,0.013727434089967397,1.0880940658758946,-19.69734868092076,-0.2822974262426468,5636,,,,[],0,,False,True,
csd-20260805_174708,paired_hierarchical,1,0,0,948c69fa52a0a115,nac->yqeH,shared_complete_observation_shared_scores,maximum,prefix,complete,0,5000,0.6,0.0,instrument_error,2151398048,921666314,2151398048,nac,yqeH,False,identifiable,alpA|basR|btsR|glaR|glrR|nsrR|ptrR|rcdA,5000,0.10650940779403562,0.015877137711386543,1.4555667650310131,6.708350694574545,0.16110430308485515,5636,,,,[],0,,False,True,
csd-20260805_174708,paired_hierarchical,1,0,0,948c69fa52a0a115,nac->yqeJ,shared_complete_observation_shared_scores,maximum,prefix,complete,0,5000,0.6,0.0,instrument_error,2151398048,921666314,2151398048,nac,yqeJ,False,identifiable,alpA|basR|btsR|glaR|glrR|nsrR|ptrR|rcdA,5000,0.6906162978230608,0.014918439003761571,1.2850927495623778,46.29279897507555,0.7967399447133942,5636,,,,[],0,,False,True,
csd-20260805_174708,paired_hierarchical,1,0,0,948c69fa52a0a115,nac->yqeK,shared_complete_observation_shared_scores,maximum,prefix,complete,0,5000,0.6,0.0,instrument_error,2151398048,921666314,2151398048,nac,yqeK,False,identifiable,alpA|basR|btsR|glaR|glrR|nsrR|ptrR|rcdA,5000,0.15539013108650038,0.017930262725485344,1.8563549214620685,8.666361082687047,0.23987851026814305,5636,,,,[],0,,False,True,
csd-20260805_174708,paired_hierarchical,1,0,0,948c69fa52a0a115,nac->yraH,shared_complete_observation_shared_scores,maximum,prefix,complete,0,5000,0.6,0.0,instrument_error,2151398048,921666314,2151398048,nac,yraH,False,identifiable,alpA|basR|btsR|glaR|glrR|nsrR|ptrR|rcdA,5000,-0.21306169157641264,0.016844642298180265,1.638367383422791,-12.648632592182132,-0.14366785922491024,5636,,,,[],0,,False,True,
csd-20260805_174708,paired_hierarchical,1,0,0,948c69fa52a0a115,nac->yrhB,shared_complete_observation_shared_scores,maximum,prefix,complete,0,5000,0.6,0.0,instrument_error,2151398048,921666314,2151398048,nac,yrhB,False,identifiable,alpA|basR|btsR|glaR|glrR|nsrR|ptrR|rcdA,5000,0.15381293122824985,0.01309812818160779,0.9906179197542994,11.743123070381296,0.17583383421459306,5636,,,,[],0,,False,True,
csd-20260805_174708,paired_hierarchical,1,0,0,948c69fa52a0a115,nac->ytfP,shared_complete_observation_shared_scores,maximum,prefix,complete,0,5000,0.6,0.0,instrument_error,2151398048,921666314,2151398048,nac,ytfP,False,identifiable,alpA|basR|btsR|glaR|glrR|nsrR|ptrR|rcdA,5000,-0.05644464694544139,0.014797318912250116,1.2643105883540595,-3.814518513804085,-0.05905885746633551,5636,,,,[],0,,False,True,
csd-20260805_174708,paired_hierarchical,1,0,0,948c69fa52a0a115,narL->adhE,shared_complete_observation_shared_scores,maximum,prefix,complete,0,5000,0.6,0.0,instrument_error,2151398048,921666314,2151398048,narL,adhE,False,identifiable,cra|fis|flhC|flhD|fnr|lrp|modE|rpoD|rpoS|srsR,5000,-0.1835182918263191,0.014251000808246888,1.0881117959760016,-12.877572199709595,-0.17269766865108788,5636,,,,[],0,,False,True,
csd-20260805_174708,paired_hierarchical,1,0,0,948c69fa52a0a115,narL->aspA,shared_complete_observation_shared_scores,maximum,prefix,complete,0,5000,0.6,0.0,instrument_error,2151398048,921666314,2151398048,narL,aspA,False,identifiable,crp|fnr|lrp|modE|rpoD,5000,-0.2651320623526303,0.015302367637879979,1.2658197277240741,-17.32621177498793,-0.23505819257508564,5636,,,,[],0,,False,True,
csd-20260805_174708,paired_hierarchical,1,0,0,948c69fa52a0a115,narL->caiF,shared_complete_observation_shared_scores,maximum,prefix,complete,0,5000,0.6,0.0,instrument_error,2151398048,921666314,2151398048,narL,caiF,False,identifiable,crp|fnr|hns|modE|nac|rpoD,5000,-0.10923535417207539,0.013611647380446157,1.001571671629271,-8.025138406758735,-0.11326511119446628,5636,,,,[],0,,False,True,
csd-20260805_174708,paired_hierarchical,1,0,0,948c69fa52a0a115,narL->ccmA,shared_complete_observation_shared_scores,maximum,prefix,complete,0,5000,0.6,0.0,instrument_error,2151398048,921666314,2151398048,narL,ccmA,False,identifiable,flhC|flhD|fnr|modE|nac|narP|rpoD,5000,-0.2216239663931323,0.014456913298270925,1.1248867558559408,-15.329964413609575,-0.19835266768369883,5636,,,,[],0,,False,True,
csd-20260805_174708,paired_hierarchical,1,0,0,948c69fa52a0a115,narL->ccmB,shared_complete_observation_shared_scores,maximum,prefix,complete,0,5000,0.6,0.0,instrument_error,2151398048,921666314,2151398048,narL,ccmB,False,identifiable,flhC|flhD|fnr|modE|nac|narP|rpoD,5000,-0.20486931570173145,0.014976112087249362,1.2071349225682968,-13.679739742076107,-0.2077770985163448,5636,,,,[],0,,False,True,
csd-20260805_174708,paired_hierarchical,1,0,0,948c69fa52a0a115,narL->ccmC,shared_complete_observation_shared_scores,maximum,prefix,complete,0,5000,0.6,0.0,instrument_error,2151398048,921666314,2151398048,narL,ccmC,False,identifiable,flhC|flhD|fnr|modE|narP|rpoD,5000,-0.07605226898257096,0.014635938606643499,1.1529601730554464,-5.196268652565238,-0.08187392640934282,5636,,,,[],0,,False,True,
csd-20260805_174708,paired_hierarchical,1,0,0,948c69fa52a0a115,narL->ccmD,shared_complete_observation_shared_scores,maximum,prefix,complete,0,5000,0.6,0.0,instrument_error,2151398048,921666314,2151398048,narL,ccmD,False,identifiable,flhC|flhD|fnr|modE|narP|rpoD,5000,-0.5213619240935601,0.013699422282541536,1.0101308928277897,-38.05721973823529,-0.5365589853776007,5636,,,,[],0,,False,True,
csd-20260805_174708,paired_hierarchical,1,0,0,948c69fa52a0a115,narL->ccmE,shared_complete_observation_shared_scores,maximum,prefix,complete,0,5000,0.6,0.0,instrument_error,2151398048,921666314,2151398048,narL,ccmE,False,identifiable,flhC|flhD|fnr|modE|narP|rpoD,5000,-0.20995939692766352,0.014816861110447397,1.1816410430530366,-14.170302020285575,-0.22186385506257336,5636,,,,[],0,,False,True,
csd-20260805_174708,paired_hierarchical,1,0,0,948c69fa52a0a115,narL->ccmF,shared_complete_observation_shared_scores,maximum,prefix,complete,0,5000,0.6,0.0,instrument_error,2151398048,921666314,2151398048,narL,ccmF,False,identifiable,flhC|flhD|fnr|modE|narP|rpoD,5000,-0.3024650084685834,0.013996440375370263,1.0544071549109206,-21.61013803201244,-0.29832084326522046,5636,,,,[],0,,False,True,
csd-20260805_174708,paired_hierarchical,1,0,0,948c69fa52a0a115,narL->ccmG,shared_complete_observation_shared_scores,maximum,prefix,complete,0,5000,0.6,0.0,instrument_error,2151398048,921666314,2151398048,narL,ccmG,False,identifiable,flhC|flhD|fnr|modE|narP|rpoD,5000,-0.24862317342575885,0.013511029348760716,0.9825395074680348,-18.401497547525018,-0.2570434754838622,5636,,,,[],0,,False,True,
csd-20260805_174708,paired_hierarchical,1,0,0,948c69fa52a0a115,narL->ccmH,shared_complete_observation_shared_scores,maximum,prefix,complete,0,5000,0.6,0.0,instrument_error,2151398048,921666314,2151398048,narL,ccmH,False,identifiable,flhC|flhD|fnr|modE|nac|narP|rpoD,5000,-0.07874328058105488,0.01513795753943271,1.233366692892859,-5.201711021842763,-0.09748346082521525,5636,,,,[],0,,False,True,
csd-20260805_174708,paired_hierarchical,1,0,0,948c69fa52a0a115,narL->citC,shared_complete_observation_shared_scores,maximum,prefix,complete,0,5000,0.6,0.0,instrument_error,2151398048,921666314,2151398048,narL,citC,False,identifiable,arcA|crp|fnr|modE|rpoD,5000,-0.27344422082044706,0.01443059542675271,1.1256543311991916,-18.948921561026655,-0.22910482099628782,5636,,,,[],0,,False,True,
csd-20260805_174708,paired_hierarchical,1,0,0,948c69fa52a0a115,narL->citD,shared_complete_observation_shared_scores,maximum,prefix,complete,0,5000,0.6,0.0,instrument_error,2151398048,921666314,2151398048,narL,citD,False,identifiable,arcA|crp|fnr|modE|rpoD,5000,-0.041599906105739604,0.017137209100075164,1.5875109743939169,-2.4274609630314394,-0.12799953101283482,5636,,,,[],0,,False,True,
csd-20260805_174708,paired_hierarchical,1,0,0,948c69fa52a0a115,narL->citE,shared_complete_observation_shared_scores,maximum,prefix,complete,0,5000,0.6,0.0,instrument_error,2151398048,921666314,2151398048,narL,citE,False,identifiable,arcA|crp|fnr|modE|rpoD,5000,-0.2880795007848277,0.01664472613600249,1.4975793823737849,-17.30755426259088,-0.19827524601437563,5636,,,,[],0,,False,True,
csd-20260805_174708,paired_hierarchical,1,0,0,948c69fa52a0a115,narL->citF,shared_complete_observation_shared_scores,maximum,prefix,complete,0,5000,0.6,0.0,instrument_error,2151398048,921666314,2151398048,narL,citF,False,identifiable,arcA|crp|fnr|modE|rpoD,5000,-0.23839169046346276,0.014077840115745532,1.0712938251605373,-16.93382567946845,-0.20444909170913814,5636,,,,[],0,,False,True,
csd-20260805_174708,paired_hierarchical,1,0,0,948c69fa52a0a115,narL->citG,shared_complete_observation_shared_scores,maximum,prefix,complete,0,5000,0.6,0.0,instrument_error,2151398048,921666314,2151398048,narL,citG,False,identifiable,arcA|crp|fnr|modE|rpoD,5000,-0.3832311872706777,0.014448670334211,1.1284759528193342,-26.52363009233298,-0.32190469722170206,5636,,,,[],0,,False,True,
csd-20260805_174708,paired_hierarchical,1,0,0,948c69fa52a0a115,narL->citX,shared_complete_observation_shared_scores,maximum,prefix,complete,0,5000,0.6,0.0,instrument_error,2151398048,921666314,2151398048,narL,citX,False,identifiable,arcA|crp|fnr|modE|rpoD,5000,-0.24693256358787288,0.015608621087008234,1.3169388823891741,-15.820267672037097,-0.21509630247711822,5636,,,,[],0,,False,True,
csd-20260805_174708,paired_hierarchical,1,0,0,948c69fa52a0a115,narL->cydC,shared_complete_observation_shared_scores,maximum,prefix,complete,0,5000,0.6,0.0,instrument_error,2151398048,921666314,2151398048,narL,cydC,False,identifiable,arcA|fnr|lrp|modE|rpoD,5000,0.27950280472635713,0.01373453944686295,1.0195483367751073,20.350358729370953,0.27046827342417384,5636,,,,[],0,,False,True,
csd-20260805_174708,paired_hierarchical,1,0,0,948c69fa52a0a115,narL->cydD,shared_complete_observation_shared_scores,maximum,prefix,complete,0,5000,0.6,0.0,instrument_error,2151398048,921666314,2151398048,narL,cydD,False,identifiable,arcA|fnr|modE|rpoD,5000,0.15993054651849475,0.014327915562668072,1.109695852108176,11.162164225422982,0.1594559648071164,5636,,,,[],0,,False,True,
csd-20260805_174708,paired_hierarchical,1,0,0,948c69fa52a0a115,narL->cysG,shared_complete_observation_shared_scores,maximum,prefix,complete,0,5000,0.6,0.0,instrument_error,2151398048,921666314,2151398048,narL,cysG,False,identifiable,cra|crp|fis|fnr|hns|ihfA|ihfB|modE|narP|rpoD,5000,0.2078190445681234,0.013707843435265474,1.0110169067648065,15.16059368124076,0.18565859070988888,5636,,,,[],0,,False,True,
csd-20260805_174708,paired_hierarchical,1,0,0,948c69fa52a0a115,narL->dcuA,shared_complete_observation_shared_scores,maximum,prefix,complete,0,5000,0.6,0.0,instrument_error,2151398048,921666314,2151398048,narL,dcuA,False,identifiable,arcA|crp|fnr|modE|rpoD,5000,-0.4530701824390332,0.014439113519225333,1.126983625983013,-31.377977729434782,-0.4299818381988937,5636,,,,[],0,,False,True,
csd-20260805_174708,paired_hierarchical,1,0,0,948c69fa52a0a115,narL->dcuB,shared_complete_observation_shared_scores,maximum,prefix,complete,0,5000,0.6,0.0,instrument_error,2151398048,921666314,2151398048,narL,dcuB,False,identifiable,arcA|crp|fnr|modE|rpoD,5000,-0.25760135735967543,0.015167940979818448,1.2436260335716989,-16.983277934851166,-0.22110645222254818,5636,,,,[],0,,False,True,
csd-20260805_174708,paired_hierarchical,1,0,0,948c69fa52a0a115,narL->dcuR,shared_complete_observation_shared_scores,maximum,prefix,complete,0,5000,0.6,0.0,instrument_error,2151398048,921666314,2151398048,narL,dcuR,False,identifiable,crp|fnr|modE|rpoD,5000,-0.07049570042743031,0.013692692052179219,1.0136424673565014,-5.148417868362911,-0.10491066471861486,5636,,,,[],0,,False,True,
csd-20260805_174708,paired_hierarchical,1,0,0,948c69fa52a0a115,narL->dcuS,shared_complete_observation_shared_scores,maximum,prefix,complete,0,5000,0.6,0.0,instrument_error,2151398048,921666314,2151398048,narL,dcuS,False,identifiable,fnr|modE|rpoD,5000,-0.17281106740613505,0.013846626713596537,1.0365630977767806,-12.48037308873541,-0.1740251271069917,5636,,,,[],0,,False,True,
csd-20260805_174708,paired_hierarchical,1,0,0,948c69fa52a0a115,narL->dmsA,shared_complete_observation_shared_scores,maximum,prefix,complete,0,5000,0.6,0.0,instrument_error,2151398048,921666314,2151398048,narL,dmsA,False,identifiable,fis|fnr|fur|ihfA|ihfB|modE|rpoD,5000,-0.3350721640536818,0.01458645590388217,1.1466132909952667,-22.971458335160268,-0.3216831891001391,5636,,,,[],0,,False,True,
csd-20260805_174708,paired_hierarchical,1,0,0,948c69fa52a0a115,narL->dmsB,shared_complete_observation_shared_scores,maximum,prefix,complete,0,5000,0.6,0.0,instrument_error,2151398048,921666314,2151398048,narL,dmsB,False,identifiable,fis|fnr|fur|ihfA|ihfB|modE|rpoD,5000,-0.18120585526365918,0.014073620424219852,1.0674046046128483,-12.875567892382177,-0.15646283103831912,5636,,,,[],0,,False,True,
csd-20260805_174708,paired_hierarchical,1,0,0,948c69fa52a0a115,narL->dmsC,shared_complete_observation_shared_scores,maximum,prefix,complete,0,5000,0.6,0.0,instrument_error,2151398048,921666314,2151398048,narL,dmsC,False,identifiable,fis|fnr|fur|ihfA|ihfB|modE|rpoD,5000,-0.25485043050230005,0.01385835856405301,1.0350015315334162,-18.389654829927174,-0.31784008439030326,5636,,,,[],0,,False,True,
csd-20260805_174708,paired_hierarchical,1,0,0,948c69fa52a0a115,narL->dmsD,shared_complete_observation_shared_scores,maximum,prefix,complete,0,5000,0.6,0.0,instrument_error,2151398048,921666314,2151398048,narL,dmsD,False,identifiable,fnr|modE|rpoD|rpoS,5000,-0.4796357480926072,0.014703323884458188,1.1676793967043178,-32.620906120390586,-0.4508236287014339,5636,,,,[],0,,False,True,
csd-20260805_174708,paired_hierarchical,1,0,0,948c69fa52a0a115,narL->dpiA,shared_complete_observation_shared_scores,maximum,prefix,complete,0,5000,0.6,0.0,instrument_error,2151398048,921666314,2151398048,narL,dpiA,False,identifiable,arcA|crp|fnr|modE|rpoD,5000,-0.25176887453051844,0.0284569467251824,4.37736888183071,-8.847360785467567,-0.12806352935736232,5636,,,,[],0,,False,True,
csd-20260805_174708,paired_hierarchical,1,0,0,948c69fa52a0a115,narL->dpiB,shared_complete_observation_shared_scores,maximum,prefix,complete,0,5000,0.6,0.0,instrument_error,2151398048,921666314,2151398048,narL,dpiB,False,identifiable,arcA|crp|fnr|modE|rpoD,5000,-0.31973272619855697,0.0193505344811144,2.024055771074717,-16.5231987008218,-0.18902703345031335,5636,,,,[],0,,False,True,
csd-20260805_174708,paired_hierarchical,1,0,0,948c69fa52a0a115,narL->fdhF,shared_complete_observation_shared_scores,maximum,prefix,complete,0,5000,0.6,0.0,instrument_error,2151398048,921666314,2151398048,narL,fdhF,False,identifiable,fhlA|fnr|modE|narP|rpoD|rpoN,5000,-0.12354064955398948,0.015057695897253925,1.1847531552725035,-8.204485626284937,-0.12755733842463352,5636,,,,[],0,,False,True,
csd-20260805_174708,paired_hierarchical,1,0,0,948c69fa52a0a115,narL->fdnG,shared_complete_observation_shared_scores,maximum,prefix,complete,0,5000,0.6,0.0,instrument_error,2151398048,921666314,2151398048,narL,fdnG,False,identifiable,cpxR|fnr|modE|narP|rpoD,5000,0.1400782038983829,0.016423085752796617,1.4577049233060393,8.529347408085572,0.12450236965282802,5636,,,,[],0,,False,True,
csd-20260805_174708,paired_hierarchical,1,0,0,948c69fa52a0a115,narL->fdnH,shared_complete_observation_shared_scores,maximum,prefix,complete,0,5000,0.6,0.0,instrument_error,2151398048,921666314,2151398048,narL,fdnH,False,identifiable,fnr|modE|narP|rpoD,5000,0.1455618793118568,0.014892366374088624,1.1986712929554904,9.774261232595066,0.15943835518877425,5636,,,,[],0,,False,True,
csd-20260805_174708,paired_hierarchical,1,0,0,948c69fa52a0a115,narL->fdnI,shared_complete_observation_shared_scores,maximum,prefix,complete,0,5000,0.6,0.0,instrument_error,2151398048,921666314,2151398048,narL,fdnI,False,identifiable,fnr|modE|narP|rpoD,5000,0.17266743338815133,0.013816378305873544,1.0317182500657132,12.497300635923372,0.1764213074754567,5636,,,,[],0,,False,True,
csd-20260805_174708,paired_hierarchical,1,0,0,948c69fa52a0a115,narL->focA,shared_complete_observation_shared_scores,maximum,prefix,complete,0,5000,0.6,0.0,instrument_error,2151398048,921666314,2151398048,narL,focA,False,identifiable,arcA|cpxR|crp|fnr|ihfA|ihfB|modE|rpoD,5000,-0.18503998572776775,0.01490928974395726,1.2005628895832527,-12.411053035089383,-0.1946715387595627,5636,,,,[],0,,False,True,
csd-20260805_174708,paired_hierarchical,1,0,0,948c69fa52a0a115,narL->frdA,shared_complete_observation_shared_scores,maximum,prefix,complete,0,5000,0.6,0.0,instrument_error,2151398048,921666314,2151398048,narL,frdA,False,identifiable,crp|fnr|lrp|modE|rpoD|rpoS,5000,-0.17911009072832937,0.01575587838903665,1.3404502775786737,-11.36782642679946,-0.16087001535620762,5636,,,,[],0,,False,True,
csd-20260805_174708,paired_hierarchical,1,0,0,948c69fa52a0a115,narL->frdB,shared_complete_observation_shared_scores,maximum,prefix,complete,0,5000,0.6,0.0,instrument_error,2151398048,921666314,2151398048,narL,frdB,False,identifiable,crp|fnr|lrp|modE|rpoD|rpoS,5000,-0.1497235485311526,0.014804806368273587,1.1835072756325018,-10.113171682677814,-0.15377089281715323,5636,,,,[],0,,False,True,
csd-20260805_174708,paired_hierarchical,1,0,0,948c69fa52a0a115,narL->frdC,shared_complete_observation_shared_scores,maximum,prefix,complete,0,5000,0.6,0.0,instrument_error,2151398048,921666314,2151398048,narL,frdC,False,identifiable,crp|fnr|modE|rpoD|rpoS,5000,-0.14664234984937902,0.01756256927495566,1.6657309326216585,-8.349709404904212,-0.12432620618510033,5636,,,,[],0,,False,True,
csd-20260805_174708,paired_hierarchical,1,0,0,948c69fa52a0a115,narL->frdD,shared_complete_observation_shared_scores,maximum,prefix,complete,0,5000,0.6,0.0,instrument_error,2151398048,921666314,2151398048,narL,frdD,False,identifiable,crp|fnr|modE|rpoD|rpoS,5000,-0.14253222968573678,0.01798297592096654,1.746432784899259,-7.925953430185988,-0.10857219714198942,5636,,,,[],0,,False,True,
csd-20260805_174708,paired_hierarchical,1,0,0,948c69fa52a0a115,narL->fumB,shared_complete_observation_shared_scores,maximum,prefix,complete,0,5000,0.6,0.0,instrument_error,2151398048,921666314,2151398048,narL,fumB,False,identifiable,arcA|crp|fis|fnr|fur|modE|rpoD,5000,-0.49680141397410027,0.019137060284157677,1.9752098153476305,-25.96017395552491,-0.45588057740477844,5636,,,,[],0,,False,True,
csd-20260805_174708,paired_hierarchical,1,0,0,948c69fa52a0a115,narL->hcp,shared_complete_observation_shared_scores,maximum,prefix,complete,0,5000,0.6,0.0,instrument_error,2151398048,921666314,2151398048,narL,hcp,False,identifiable,cpxR|fnr|modE|narP|nsrR|oxyR|rpoD|rpoE,5000,0.28892019208727165,0.013905935189742152,1.044445541781711,20.776753820943767,0.2696075563783701,5636,,,,[],0,,False,True,
csd-20260805_174708,paired_hierarchical,1,0,0,948c69fa52a0a115,narL->hcr,shared_complete_observation_shared_scores,maximum,prefix,complete,0,5000,0.6,0.0,instrument_error,2151398048,921666314,2151398048,narL,hcr,False,identifiable,fnr|modE|narP|nsrR|oxyR|rpoD|rpoE,5000,0.0639190009456633,0.014274303654000026,1.1005247409764733,4.4779067683453375,0.1644959534084202,5636,,,,[],0,,False,True,
csd-20260805_174708,paired_hierarchical,1,0,0,948c69fa52a0a115,narL->hyaA,shared_complete_observation_shared_scores,maximum,prefix,complete,0,5000,0.6,0.0,instrument_error,2151398048,921666314,2151398048,narL,hyaA,False,identifiable,arcA|crp|fis|fnr|hns|iscR|modE|narP|rpoD|rpoS|ydeO,5000,-0.40590474810497995,0.014518547094149063,1.136070222082009,-27.957669970196847,-0.4200186265032416,5636,,,,[],0,,False,True,
csd-20260805_174708,paired_hierarchical,1,0,0,948c69fa52a0a115,narL->hyaB,shared_complete_observation_shared_scores,maximum,prefix,complete,0,5000,0.6,0.0,instrument_error,2151398048,921666314,2151398048,narL,hyaB,False,identifiable,arcA|crp|fis|fnr|hns|iscR|modE|narP|rpoD|rpoS|ydeO,5000,-0.10445234273689684,0.01624915511900044,1.4230508873626424,-6.42817069391865,-0.27890489855075484,5636,,,,[],0,,False,True,
csd-20260805_174708,paired_hierarchical,1,0,0,948c69fa52a0a115,narL->hyaC,shared_complete_observation_shared_scores,maximum,prefix,complete,0,5000,0.6,0.0,instrument_error,2151398048,921666314,2151398048,narL,hyaC,False,identifiable,arcA|crp|fis|fnr|hns|iscR|modE|narP|rpoD|rpoS|ydeO,5000,-0.20066087528756354,0.014589875312153068,1.147260449273757,-13.753433185300572,-0.20147458556367065,5636,,,,[],0,,False,True,
csd-20260805_174708,paired_hierarchical,1,0,0,948c69fa52a0a115,narL->hyaD,shared_complete_observation_shared_scores,maximum,prefix,complete,0,5000,0.6,0.0,instrument_error,2151398048,921666314,2151398048,narL,hyaD,False,identifiable,arcA|crp|fis|fnr|hns|iscR|modE|narP|rpoD|rpoS|ydeO,5000,-0.15744346281258373,0.01644595257359677,1.4577294517484802,-9.57338664987713,-0.1550865788325053,5636,,,,[],0,,False,True,
csd-20260805_174708,paired_hierarchical,1,0,0,948c69fa52a0a115,narL->hyaE,shared_complete_observation_shared_scores,maximum,prefix,complete,0,5000,0.6,0.0,instrument_error,2151398048,921666314,2151398048,narL,hyaE,False,identifiable,arcA|crp|fis|fnr|hns|iscR|modE|narP|rpoD|rpoS|ydeO,5000,-0.3525360516549854,0.014488268154610814,1.1313365347260722,-24.332518413720326,-0.38363810983979385,5636,,,,[],0,,False,True,
csd-20260805_174708,paired_hierarchical,1,0,0,948c69fa52a0a115,narL->hyaF,shared_complete_observation_shared_scores,maximum,prefix,complete,0,5000,0.6,0.0,instrument_error,2151398048,921666314,2151398048,narL,hyaF,False,identifiable,arcA|crp|fis|fnr|hns|iscR|modE|narP|rpoD|rpoS|ydeO,5000,-0.16523505972550043,0.01525875363454353,1.2548649333784943,-10.828870016711786,-0.175339328544295,5636,,,,[],0,,False,True,
csd-20260805_174708,paired_hierarchical,1,0,0,948c69fa52a0a115,narL->hybA,shared_complete_observation_shared_scores,maximum,prefix,complete,0,5000,0.6,0.0,instrument_error,2151398048,921666314,2151398048,narL,hybA,False,identifiable,arcA|fnr|modE|rpoD,5000,-0.3587541395130162,0.01434305190112882,1.112041706836153,-25.012399173203978,-0.34615871152194905,5636,,,,[],0,,False,True,
csd-20260805_174708,paired_hierarchical,1,0,0,948c69fa52a0a115,narL->hybB,shared_complete_observation_shared_scores,maximum,prefix,complete,0,5000,0.6,0.0,instrument_error,2151398048,921666314,2151398048,narL,hybB,False,identifiable,arcA|fnr|modE|rpoD,5000,-0.17272212596055364,0.015481327385661357,1.29555043781629,-11.156803396621344,-0.18075329128146644,5636,,,,[],0,,False,True,
csd-20260805_174708,paired_hierarchical,1,0,0,948c69fa52a0a115,narL->hybC,shared_complete_observation_shared_scores,maximum,prefix,complete,0,5000,0.6,0.0,instrument_error,2151398048,921666314,2151398048,narL,hybC,False,identifiable,arcA|fnr|modE|rpoD,5000,-0.2579068251609612,0.01467367947519873,1.1639008689456962,-17.576152293422524,-0.26906824839981425,5636,,,,[],0,,False,True,
csd-20260805_174708,paired_hierarchical,1,0,0,948c69fa52a0a115,narL->hybD,shared_complete_observation_shared_scores,maximum,prefix,complete,0,5000,0.6,0.0,instrument_error,2151398048,921666314,2151398048,narL,hybD,False,identifiable,arcA|fnr|modE|rpoD,5000,-0.24024530037980185,0.01369095299190276,1.0132235943221182,-17.54774123626676,-0.22291603058395376,5636,,,,[],0,,False,True,
csd-20260805_174708,paired_hierarchical,1,0,0,948c69fa52a0a115,narL->hybE,shared_complete_observation_shared_scores,maximum,prefix,complete,0,5000,0.6,0.0,instrument_error,2151398048,921666314,2151398048,narL,hybE,False,identifiable,arcA|fnr|modE|rpoD|yfeC,5000,-0.20310567515351963,0.013597067928029082,0.9993739473096537,-14.937461240068993,-0.20884503181836847,5636,,,,[],0,,False,True,
csd-20260805_174708,paired_hierarchical,1,0,0,948c69fa52a0a115,narL->hybF,shared_complete_observation_shared_scores,maximum,prefix,complete,0,5000,0.6,0.0,instrument_error,2151398048,921666314,2151398048,narL,hybF,False,identifiable,arcA|fnr|modE|rpoD,5000,-0.3907164416770916,0.014363095404996886,1.1151518937455025,-27.202802088271465,-0.37401186246647167,5636,,,,[],0,,False,True,
csd-20260805_174708,paired_hierarchical,1,0,0,948c69fa52a0a115,narL->hybG,shared_complete_observation_shared_scores,maximum,prefix,complete,0,5000,0.6,0.0,instrument_error,2151398048,921666314,2151398048,narL,hybG,False,identifiable,arcA|fnr|modE|rpoD,5000,-0.1722458802039213,0.014979264155303347,1.2128829604990152,-11.498954716206025,-0.16734125708187822,5636,,,,[],0,,False,True,
csd-20260805_174708,paired_hierarchical,1,0,0,948c69fa52a0a115,narL->hybO,shared_complete_observation_shared_scores,maximum,prefix,complete,0,5000,0.6,0.0,instrument_error,2151398048,921666314,2151398048,narL,hybO,False,identifiable,arcA|fnr|fur|modE|rpoD,5000,-0.3445534283483945,0.017480448280908712,1.65055170909442,-19.71078903764149,-0.3859212944925493,5636,,,,[],0,,False,True,
csd-20260805_174708,paired_hierarchical,1,0,0,948c69fa52a0a115,narL->moeA,shared_complete_observation_shared_scores,maximum,prefix,complete,0,5000,0.6,0.0,instrument_error,2151398048,921666314,2151398048,narL,moeA,False,identifiable,arcA|fnr|modE|nac|nsrR|rpoD,5000,0.2690589336762359,0.015273666866126006,1.2605100976946444,17.615870244816964,0.24162752508282384,5636,,,,[],0,,False,True,
csd-20260805_174708,paired_hierarchical,1,0,0,948c69fa52a0a115,narL->moeB,shared_complete_observation_shared_scores,maximum,prefix,complete,0,5000,0.6,0.0,instrument_error,2151398048,921666314,2151398048,narL,moeB,False,identifiable,arcA|fnr|modE|nsrR|rpoD,5000,0.0877839024897799,0.014394102851867697,1.1195171954072938,6.098601864470459,0.08432963434407591,5636,,,,[],0,,False,True,
csd-20260805_174708,paired_hierarchical,1,0,0,948c69fa52a0a115,narL->napA,shared_complete_observation_shared_scores,maximum,prefix,complete,0,5000,0.6,0.0,instrument_error,2151398048,921666314,2151398048,narL,napA,False,identifiable,flhC|flhD|fnr|iscR|modE|narP|rpoD,5000,-0.4020545696322544,0.014889325400341375,1.1932252768395195,-27.002873456109455,-0.38256664364900184,5636,,,,[],0,,False,True,
csd-20260805_174708,paired_hierarchical,1,0,0,948c69fa52a0a115,narL->napB,shared_complete_observation_shared_scores,maximum,prefix,complete,0,5000,0.6,0.0,instrument_error,2151398048,921666314,2151398048,narL,napB,False,identifiable,flhC|flhD|fnr|iscR|modE|nac|narP|rpoD,5000,-0.3300849443464705,0.014558569343046437,1.1407596869115786,-22.672897079968088,-0.3267104047596768,5636,,,,[],0,,False,True,
csd-20260805_174708,paired_hierarchical,1,0,0,948c69fa52a0a115,narL->napC,shared_complete_observation_shared_scores,maximum,prefix,complete,0,5000,0.6,0.0,instrument_error,2151398048,921666314,2151398048,narL,napC,False,identifiable,flhC|flhD|fnr|iscR|modE|nac|narP|rpoD,5000,-0.1900144592264825,0.013738854212827377,1.0159159921139485,-13.830444393905436,-0.17912671293385382,5636,,,,[],0,,False,True,
csd-20260805_174708,paired_hierarchical,1,0,0,948c69fa52a0a115,narL->napD,shared_complete_observation_shared_scores,maximum,prefix,complete,0,5000,0.6,0.0,instrument_error,2151398048,921666314,2151398048,narL,napD,False,identifiable,flhC|flhD|fnr|iscR|modE|narP|rpoD,5000,-0.27241118743065224,0.013889089916498993,1.0382931312993624,-19.61332161202673,-0.2738397184538358,5636,,,,[],0,,False,True,
csd-20260805_174708,paired_hierarchical,1,0,0,948c69fa52a0a115,narL->napF,shared_complete_observation_shared_scores,maximum,prefix,complete,0,5000,0.6,0.0,instrument_error,2151398048,921666314,2151398048,narL,napF,False,identifiable,flhC|flhD|fnr|iscR|lrp|modE|narP|rpoD,5000,-0.8224656676512979,0.01833552178543916,1.8093870415310531,-44.85640917535518,-0.8089002819265785,5636,,,,[],0,,False,True,
csd-20260805_174708,paired_hierarchical,1,0,0,948c69fa52a0a115,narL->napG,shared_complete_observation_shared_scores,maximum,prefix,complete,0,5000,0.6,0.0,instrument_error,2151398048,921666314,2151398048,narL,napG,False,identifiable,flhC|flhD|fnr|iscR|modE|narP|rpoD,5000,-0.4067349522959057,0.01625804861115091,1.4226865885622948,-25.017452095507846,-0.415231871701472,5636,,,,[],0,,False,True,
csd-20260805_174708,paired_hierarchical,1,0,0,948c69fa52a0a115,narL->napH,shared_complete_observation_shared_scores,maximum,prefix,complete,0,5000,0.6,0.0,instrument_error,2151398048,921666314,2151398048,narL,napH,False,identifiable,flhC|flhD|fnr|iscR|modE|narP|rpoD,5000,-0.34316195634123847,0.01660099362495754,1.4833395199677082,-20.671169695851034,-0.34209558654959965,5636,,,,[],0,,False,True,
csd-20260805_174708,paired_hierarchical,1,0,0,948c69fa52a0a115,narL->narG,shared_complete_observation_shared_scores,maximum,prefix,complete,0,5000,0.6,0.0,instrument_error,2151398048,921666314,2151398048,narL,narG,False,identifiable,fis|fnr|ihfA|ihfB|modE|rob|rpoD|rstA,5000,0.40190463184025416,0.016650537337997408,1.4951643802234524,24.137637343576085,0.3243516322600363,5636,,,,[],0,,False,True,
csd-20260805_174708,paired_hierarchical,1,0,0,948c69fa52a0a115,narL->narH,shared_complete_observation_shared_scores,maximum,prefix,complete,0,5000,0.6,0.0,instrument_error,2151398048,921666314,2151398048,narL,narH,False,identifiable,fis|fnr|ihfA|ihfB|modE|rpoD|rstA,5000,0.49807665875069784,0.01568445475406992,1.3268173295771153,31.756070998990456,0.5062617573613021,5636,,,,[],0,,False,True,
csd-20260805_174708,paired_hierarchical,1,0,0,948c69fa52a0a115,narL->narI,shared_complete_observation_shared_scores,maximum,prefix,complete,0,5000,0.6,0.0,instrument_error,2151398048,921666314,2151398048,narL,narI,False,identifiable,fis|fnr|ihfA|ihfB|modE|rpoD|rstA,5000,0.4377756134180798,0.0140547720367134,1.0654176706828906,31.147827390905892,0.44099637191552354,5636,,,,[],0,,False,True,
csd-20260805_174708,paired_hierarchical,1,0,0,948c69fa52a0a115,narL->narJ,shared_complete_observation_shared_scores,maximum,prefix,complete,0,5000,0.6,0.0,instrument_error,2151398048,921666314,2151398048,narL,narJ,False,identifiable,fis|fnr|ihfA|ihfB|modE|rpoD|rstA,5000,0.21894387681126018,0.014342186924810686,1.1094380092481704,15.265724673585662,0.23329432882128834,5636,,,,[],0,,False,True,
csd-20260805_174708,paired_hierarchical,1,0,0,948c69fa52a0a115,narL->narK,shared_complete_observation_shared_scores,maximum,prefix,complete,0,5000,0.6,0.0,instrument_error,2151398048,921666314,2151398048,narL,narK,False,identifiable,fis|fnr|ihfA|ihfB|modE|nac|rpoD,5000,0.2168203851145557,0.016140735294515787,1.4050902443543487,13.433116965137629,0.20703505126551916,5636,,,,[],0,,False,True,
csd-20260805_174708,paired_hierarchical,1,0,0,948c69fa52a0a115,narL->nikA,shared_complete_observation_shared_scores,maximum,prefix,complete,0,5000,0.6,0.0,instrument_error,2151398048,921666314,2151398048,narL,nikA,False,identifiable,fnr|modE|rpoD|rpoN,5000,-0.17867874652562477,0.015777130374023597,1.3436181688075175,-11.32517398853546,-0.22072005490859106,5636,,,,[],0,,False,True,
csd-20260805_174708,paired_hierarchical,1,0,0,948c69fa52a0a115,narL->nikB,shared_complete_observation_shared_scores,maximum,prefix,complete,0,5000,0.6,0.0,instrument_error,2151398048,921666314,2151398048,narL,nikB,False,identifiable,fnr|modE|rpoD|rpoN,5000,-0.34793595022185037,0.013742672868679785,1.0194413764982753,-25.31792421653383,-0.3663101767764557,5636,,,,[],0,,False,True,
csd-20260805_174708,paired_hierarchical,1,0,0,948c69fa52a0a115,narL->nikC,shared_complete_observation_shared_scores,maximum,prefix,complete,0,5000,0.6,0.0,instrument_error,2151398048,921666314,2151398048,narL,nikC,False,identifiable,fnr|modE|rpoD|rpoN,5000,-0.10366430124693263,0.013677134229531053,1.0097411549431934,-7.579387575439988,-0.1258282062231565,5636,,,,[],0,,False,True,
csd-20260805_174708,paired_hierarchical,1,0,0,948c69fa52a0a115,narL->nikD,shared_complete_observation_shared_scores,maximum,prefix,complete,0,5000,0.6,0.0,instrument_error,2151398048,921666314,2151398048,narL,nikD,False,identifiable,fnr|modE|rpoD|rpoN,5000,-0.022686491204779148,0.014289051717819442,1.1021143457326938,-1.5876834693297048,-0.07788836492254005,5636,,,,[],0,,False,True,
csd-20260805_174708,paired_hierarchical,1,0,0,948c69fa52a0a115,narL->nikE,shared_complete_observation_shared_scores,maximum,prefix,complete,0,5000,0.6,0.0,instrument_error,2151398048,921666314,2151398048,narL,nikE,False,identifiable,fnr|modE|rpoD|rpoN,5000,-0.18138494393387025,0.01449146385532027,1.1335595890757688,-12.516675040201557,-0.1990755337626503,5636,,,,[],0,,False,True,
csd-20260805_174708,paired_hierarchical,1,0,0,948c69fa52a0a115,narL->nikR,shared_complete_observation_shared_scores,maximum,prefix,complete,0,5000,0.6,0.0,instrument_error,2151398048,921666314,2151398048,narL,nikR,False,identifiable,fnr|modE|rpoD|rpoN,5000,-0.14918172189075946,0.010195901987282827,0.5611398905816923,-14.631537462485541,-0.21468052975690688,5636,,,,[],0,,False,True,
csd-20260805_174708,paired_hierarchical,1,0,0,948c69fa52a0a115,narL->nirB,shared_complete_observation_shared_scores,maximum,prefix,complete,0,5000,0.6,0.0,instrument_error,2151398048,921666314,2151398048,narL,nirB,False,identifiable,cra|crp|fis|fnr|hns|ihfA|ihfB|modE|narP|rpoD,5000,0.14743124091229926,0.014511861632615494,1.1330952132520167,10.159360986528888,0.12233244217169323,5636,,,,[],0,,False,True,
csd-20260805_174708,paired_hierarchical,1,0,0,948c69fa52a0a115,narL->nirC,shared_complete_observation_shared_scores,maximum,prefix,complete,0,5000,0.6,0.0,instrument_error,2151398048,921666314,2151398048,narL,nirC,False,identifiable,cra|crp|fis|fnr|hns|ihfA|ihfB|modE|narP|rpoD,5000,0.16870816066011599,0.01524795357002888,1.2509595558228541,11.064314951202757,0.14570298041782903,5636,,,,[],0,,False,True,
csd-20260805_174708,paired_hierarchical,1,0,0,948c69fa52a0a115,narL->nirD,shared_complete_observation_shared_scores,maximum,prefix,complete,0,5000,0.6,0.0,instrument_error,2151398048,921666314,2151398048,narL,nirD,False,identifiable,cra|crp|fis|fnr|hns|ihfA|ihfB|modE|narP|rpoD,5000,0.3051406285907031,0.013885927562496937,1.0374566001937815,21.97481062877109,0.2985567910877388,5636,,,,[],0,,False,True,
csd-20260805_174708,paired_hierarchical,1,0,0,948c69fa52a0a115,narL->norV,shared_complete_observation_shared_scores,maximum,prefix,complete,0,5000,0.6,0.0,instrument_error,2151398048,921666314,2151398048,narL,norV,False,identifiable,fnr|ihfA|ihfB|modE|narP|norR|rpoD|rpoN,5000,-0.08208775714369376,0.016124482583984728,1.3991126957006192,-5.090876976432443,-0.17074671236413516,5636,,,,[],0,,False,True,
csd-20260805_174708,paired_hierarchical,1,0,0,948c69fa52a0a115,narL->norW,shared_complete_observation_shared_scores,maximum,prefix,complete,0,5000,0.6,0.0,instrument_error,2151398048,921666314,2151398048,narL,norW,False,identifiable,fnr|ihfA|ihfB|modE|narP|norR|rpoD|rpoN,5000,-0.16351832636507774,0.013526181269633857,0.9845358368177461,-12.089023731492846,-0.18048094304235987,5636,,,,[],0,,False,True,
csd-20260805_174708,paired_hierarchical,1,0,0,948c69fa52a0a115,narL->nrfA,shared_complete_observation_shared_scores,maximum,prefix,complete,0,5000,0.6,0.0,instrument_error,2151398048,921666314,2151398048,narL,nrfA,False,identifiable,fis|flhC|flhD|fnr|ihfA|ihfB|modE|narP|nsrR|rpoD,5000,0.4655788394706055,0.01401299137442714,1.0542004978431176,33.22480026072511,0.4601623096139955,5636,,,,[],0,,False,True,
csd-20260805_174708,paired_hierarchical,1,0,0,948c69fa52a0a115,narL->nrfB,shared_complete_observation_shared_scores,maximum,prefix,complete,0,5000,0.6,0.0,instrument_error,2151398048,921666314,2151398048,narL,nrfB,False,identifiable,fis|flhC|flhD|fnr|ihfA|ihfB|modE|narP|nsrR|rpoD,5000,0.32692925183235283,0.015837415195644293,1.346573651628911,20.642841511300848,0.34464529103436675,5636,,,,[],0,,False,True,
csd-20260805_174708,paired_hierarchical,1,0,0,948c69fa52a0a115,narL->nrfC,shared_complete_observation_shared_scores,maximum,prefix,complete,0,5000,0.6,0.0,instrument_error,2151398048,921666314,2151398048,narL,nrfC,False,identifiable,fis|flhC|flhD|fnr|ihfA|ihfB|modE|narP|nsrR|rpoD,5000,-0.20658004892139378,0.014504841512796194,1.1295032458768561,-14.242144510103646,-0.22942219064481933,5636,,,,[],0,,False,True,
csd-20260805_174708,paired_hierarchical,1,0,0,948c69fa52a0a115,narL->nrfD,shared_complete_observation_shared_scores,maximum,prefix,complete,0,5000,0.6,0.0,instrument_error,2151398048,921666314,2151398048,narL,nrfD,False,identifiable,fis|flhC|flhD|fnr|ihfA|ihfB|modE|narP|nsrR|rpoD,5000,0.1604530193527627,0.01358175234431606,0.9903144631174912,11.813867259913042,0.14749087937001384,5636,,,,[],0,,False,True,
csd-20260805_174708,paired_hierarchical,1,0,0,948c69fa52a0a115,narL->nrfE,shared_complete_observation_shared_scores,maximum,prefix,complete,0,5000,0.6,0.0,instrument_error,2151398048,921666314,2151398048,narL,nrfE,False,identifiable,fis|flhC|flhD|fnr|ihfA|ihfB|modE|narP|nsrR|rpoD,5000,-0.11429268763650807,0.01359378141739338,0.9920694414293743,-8.407718509455318,-0.11957404307523685,5636,,,,[],0,,False,True,
csd-20260805_174708,paired_hierarchical,1,0,0,948c69fa52a0a115,narL->nrfF,shared_complete_observation_shared_scores,maximum,prefix,complete,0,5000,0.6,0.0,instrument_error,2151398048,921666314,2151398048,narL,nrfF,False,identifiable,fis|flhC|flhD|fnr|ihfA|ihfB|modE|nac|narP|nsrR|rpoD,5000,-0.14354674355328748,0.013745594947847824,1.0143375818043114,-10.44310879943126,-0.13292951357746555,5636,,,,[],0,,False,True,
csd-20260805_174708,paired_hierarchical,1,0,0,948c69fa52a0a115,narL->nrfG,shared_complete_observation_shared_scores,maximum,prefix,complete,0,5000,0.6,0.0,instrument_error,2151398048,921666314,2151398048,narL,nrfG,False,identifiable,fis|flhC|flhD|fnr|ihfA|ihfB|modE|nac|narP|nsrR|rpoD,5000,0.15563549848760247,0.014680424144634874,1.156998082464128,10.601566886232044,0.1659028894762619,5636,,,,[],0,,False,True,
csd-20260805_174708,paired_hierarchical,1,0,0,948c69fa52a0a115,narL->nuoA,shared_complete_observation_shared_scores,maximum,prefix,complete,0,5000,0.6,0.0,instrument_error,2151398048,921666314,2151398048,narL,nuoA,False,identifiable,arcA|cpxR|fis|fnr|ihfA|ihfB|lrp|modE|rpoD,5000,0.2570719133347287,0.01531367323008908,1.2643826782075245,16.787083639059293,0.23474414073663893,5636,,,,[],0,,False,True,
csd-20260805_174708,paired_hierarchical,1,0,0,948c69fa52a0a115,narL->nuoB,shared_complete_observation_shared_scores,maximum,prefix,complete,0,5000,0.6,0.0,instrument_error,2151398048,921666314,2151398048,narL,nuoB,False,identifiable,arcA|fis|fnr|ihfA|ihfB|modE|rpoD,5000,0.4327727267193975,0.014093532335533652,1.0711759153789042,30.707186560196764,0.4268761000063898,5636,,,,[],0,,False,True,
csd-20260805_174708,paired_hierarchical,1,0,0,948c69fa52a0a115,narL->nuoC,shared_complete_observation_shared_scores,maximum,prefix,complete,0,5000,0.6,0.0,instrument_error,2151398048,921666314,2151398048,narL,nuoC,False,identifiable,arcA|fis|fnr|ihfA|ihfB|modE|rpoD,5000,0.15525951584733433,0.015179690868481411,1.2426446130793982,10.228107883916783,0.12429890342978493,5636,,,,[],0,,False,True,
csd-20260805_174708,paired_hierarchical,1,0,0,948c69fa52a0a115,narL->nuoE,shared_complete_observation_shared_scores,maximum,prefix,complete,0,5000,0.6,0.0,instrument_error,2151398048,921666314,2151398048,narL,nuoE,False,identifiable,arcA|fis|fnr|ihfA|ihfB|modE|rpoD,5000,0.17834105377511403,0.01760860500216912,1.67213366150804,10.128062600821874,0.19859503548420204,5636,,,,[],0,,False,True,
csd-20260805_174708,paired_hierarchical,1,0,0,948c69fa52a0a115,narL->nuoF,shared_complete_observation_shared_scores,maximum,prefix,complete,0,5000,0.6,0.0,instrument_error,2151398048,921666314,2151398048,narL,nuoF,False,identifiable,arcA|fis|fnr|ihfA|ihfB|modE|rpoD,5000,0.16479734373362437,0.016164161170981965,1.409053331189286,10.195230175597972,0.17311836882061105,5636,,,,[],0,,False,True,
csd-20260805_174708,paired_hierarchical,1,0,0,948c69fa52a0a115,narL->nuoG,shared_complete_observation_shared_scores,maximum,prefix,complete,0,5000,0.6,0.0,instrument_error,2151398048,921666314,2151398048,narL,nuoG,False,identifiable,arcA|fis|fnr|ihfA|ihfB|modE|rpoD,5000,0.271898530211077,0.013789166421283127,1.0254089720386819,19.71827171448236,0.24716981937710836,5636,,,,[],0,,False,True,
csd-20260805_174708,paired_hierarchical,1,0,0,948c69fa52a0a115,narL->nuoH,shared_complete_observation_shared_scores,maximum,prefix,complete,0,5000,0.6,0.0,instrument_error,2151398048,921666314,2151398048,narL,nuoH,False,identifiable,arcA|fis|fnr|ihfA|ihfB|modE|rpoD,5000,0.15306393370691015,0.0134931441234277,0.9818551110799656,11.343830044855913,0.14869066236823456,5636,,,,[],0,,False,True,
csd-20260805_174708,paired_hierarchical,1,0,0,948c69fa52a0a115,narL->nuoI,shared_complete_observation_shared_scores,maximum,prefix,complete,0,5000,0.6,0.0,instrument_error,2151398048,921666314,2151398048,narL,nuoI,False,identifiable,arcA|fis|fnr|ihfA|ihfB|modE|rpoD,5000,0.3906933702645667,0.014102537857929084,1.0725452783516813,27.70376326590758,0.3843886193272347,5636,,,,[],0,,False,True,
csd-20260805_174708,paired_hierarchical,1,0,0,948c69fa52a0a115,narL->nuoJ,shared_complete_observation_shared_scores,maximum,prefix,complete,0,5000,0.6,0.0,instrument_error,2151398048,921666314,2151398048,narL,nuoJ,False,identifiable,arcA|fis|fnr|ihfA|ihfB|modE|rpoD,5000,0.2823021574182559,0.018639210948393017,1.873596790440473,15.145606656841588,0.2610924333879603,5636,,,,[],0,,False,True,
csd-20260805_174708,paired_hierarchical,1,0,0,948c69fa52a0a115,narL->nuoK,shared_complete_observation_shared_scores,maximum,prefix,complete,0,5000,0.6,0.0,instrument_error,2151398048,921666314,2151398048,narL,nuoK,False,identifiable,arcA|fis|fnr|ihfA|ihfB|modE|rpoD,5000,0.17604266373274216,0.015666114534049966,1.3235601457386443,11.23716179593333,0.19647992767477662,5636,,,,[],0,,False,True,
csd-20260805_174708,paired_hierarchical,1,0,0,948c69fa52a0a115,narL->nuoL,shared_complete_observation_shared_scores,maximum,prefix,complete,0,5000,0.6,0.0,instrument_error,2151398048,921666314,2151398048,narL,nuoL,False,identifiable,arcA|fis|fnr|ihfA|ihfB|modE|rpoD,5000,0.0965062681684409,0.013532116730826462,0.9875351386525575,7.131646148794851,0.11166216097983331,5636,,,,[],0,,False,True,
csd-20260805_174708,paired_hierarchical,1,0,0,948c69fa52a0a115,narL->nuoM,shared_complete_observation_shared_scores,maximum,prefix,complete,0,5000,0.6,0.0,instrument_error,2151398048,921666314,2151398048,narL,nuoM,False,identifiable,arcA|fis|fnr|ihfA|ihfB|modE|rpoD,5000,0.21886068324011415,0.014586098390287863,1.147359099629186,15.004744749688669,0.2364243221420497,5636,,,,[],0,,False,True,
csd-20260805_174708,paired_hierarchical,1,0,0,948c69fa52a0a115,narL->nuoN,shared_complete_observation_shared_scores,maximum,prefix,complete,0,5000,0.6,0.0,instrument_error,2151398048,921666314,2151398048,narL,nuoN,False,identifiable,arcA|fis|fnr|ihfA|ihfB|modE|ompR|rpoD,5000,0.47310979190458485,0.014820548688453939,1.1841593727350062,31.922555760244197,0.47633466327535195,5636,,,,[],0,,False,True,
csd-20260805_174708,paired_hierarchical,1,0,0,948c69fa52a0a115,narL->ogt,shared_complete_observation_shared_scores,maximum,prefix,complete,0,5000,0.6,0.0,instrument_error,2151398048,921666314,2151398048,narL,ogt,False,identifiable,fis|fnr|modE|rpoD,5000,0.20124024529863477,0.013556323987131948,0.9926242457833183,14.844750353389149,0.2227322843278657,5636,,,,[],0,,False,True,
csd-20260805_174708,paired_hierarchical,1,0,0,948c69fa52a0a115,narL->ompW,shared_complete_observation_shared_scores,maximum,prefix,complete,0,5000,0.6,0.0,instrument_error,2151398048,921666314,2151398048,narL,ompW,False,identifiable,arcA|crp|fnr|fur|modE|rpoD|soxS,5000,-0.3660907861152779,0.014665485535965144,1.1616877593668524,-24.962745707770065,-0.3759233327719798,5636,,,,[],0,,False,True,
csd-20260805_174708,paired_hierarchical,1,0,0,948c69fa52a0a115,narL->pflB,shared_complete_observation_shared_scores,maximum,prefix,complete,0,5000,0.6,0.0,instrument_error,2151398048,921666314,2151398048,narL,pflB,False,identifiable,arcA|cpxR|crp|fis|fnr|ihfA|ihfB|modE|rpoD|srsR|yeiE,5000,-0.2738488546551251,0.016415376593713622,1.4457433930960955,-16.68245946669279,-0.2900756600282412,5636,,,,[],0,,False,True,
csd-20260805_174708,paired_hierarchical,1,0,0,948c69fa52a0a115,narL->poxB,shared_complete_observation_shared_scores,maximum,prefix,complete,0,5000,0.6,0.0,instrument_error,2151398048,921666314,2151398048,narL,poxB,False,identifiable,cra|fnr|marA|modE|narP|nsrR|oxyR|rpoD|rpoS|soxS,5000,0.5690604852126528,0.014642304906335977,1.1535190602326344,38.86413299359793,0.559857991595215,5636,,,,[],0,,False,True,
csd-20260805_174708,paired_hierarchical,1,0,0,948c69fa52a0a115,narL->torA,shared_complete_observation_shared_scores,maximum,prefix,complete,0,5000,0.6,0.0,instrument_error,2151398048,921666314,2151398048,narL,torA,False,identifiable,fnr|modE|nac|rpoD|torR,5000,-0.32740216703164576,0.013862775018464021,1.0385704035510552,-23.61736135770611,-0.31518904559512356,5636,,,,[],0,,False,True,
csd-20260805_174708,paired_hierarchical,1,0,0,948c69fa52a0a115,narL->torC,shared_complete_observation_shared_scores,maximum,prefix,complete,0,5000,0.6,0.0,instrument_error,2151398048,921666314,2151398048,narL,torC,False,identifiable,fnr|modE|rpoD|torR,5000,-0.2898032620085445,0.015270041914059255,1.2601677724820077,-18.97855052655227,-0.28926275940017754,5636,,,,[],0,,False,True,
csd-20260805_174708,paired_hierarchical,1,0,0,948c69fa52a0a115,narL->torD,shared_complete_observation_shared_scores,maximum,prefix,complete,0,5000,0.6,0.0,instrument_error,2151398048,921666314,2151398048,narL,torD,False,identifiable,fnr|modE|rpoD|torR,5000,-0.4807088251126582,0.014088659513281436,1.0727221728571994,-34.12026706014806,-0.45097915195255034,5636,,,,[],0,,False,True,
csd-20260805_174708,paired_hierarchical,1,0,0,948c69fa52a0a115,narL->ubiA,shared_complete_observation_shared_scores,maximum,prefix,complete,0,5000,0.6,0.0,instrument_error,2151398048,921666314,2151398048,narL,ubiA,False,identifiable,arcA|fnr|ihfA|ihfB|lrp|modE|nac|rpoD,5000,-0.22305413977001448,0.013680156833920348,1.0107225137644127,-16.30494024870718,-0.21231957432691997,5636,,,,[],0,,False,True,
csd-20260805_174708,paired_hierarchical,1,0,0,948c69fa52a0a115,narL->ubiC,shared_complete_observation_shared_scores,maximum,prefix,complete,0,5000,0.6,0.0,instrument_error,2151398048,921666314,2151398048,narL,ubiC,False,identifiable,arcA|fnr|ihfA|ihfB|modE|rpoD,5000,-0.159339327594826,0.014107318670028048,1.0750080022640678,-11.2947989140809,-0.14484449259887788,5636,,,,[],0,,False,True,
csd-20260805_174708,paired_hierarchical,1,0,0,948c69fa52a0a115,narL->ydeP,shared_complete_observation_shared_scores,maximum,prefix,complete,0,5000,0.6,0.0,instrument_error,2151398048,921666314,2151398048,narL,ydeP,False,identifiable,evgA|fnr|hns|modE|nac|nagC|narP|phoP|rcsB|rpoD|uvrY,5000,0.13264278974211602,0.014573386821313239,1.1444599207560546,9.101713374418157,0.13017725204249542,5636,,,,[],0,,False,True,
csd-20260805_174708,paired_hierarchical,1,0,0,948c69fa52a0a115,narL->ydhT,shared_complete_observation_shared_scores,maximum,prefix,complete,0,5000,0.6,0.0,instrument_error,2151398048,921666314,2151398048,narL,ydhT,False,identifiable,fnr|modE|narP|rpoD|rpoS,5000,-0.1826244464552345,0.01413933753486399,1.0794304375227741,-12.916053952664283,-0.1706543107127033,5636,,,,[],0,,False,True,
csd-20260805_174708,paired_hierarchical,1,0,0,948c69fa52a0a115,narL->ydhU,shared_complete_observation_shared_scores,maximum,prefix,complete,0,5000,0.6,0.0,instrument_error,2151398048,921666314,2151398048,narL,ydhU,False,identifiable,fnr|modE|narP|rpoD|rpoS,5000,-0.2699496314021874,0.015230122352352429,1.2524007540072921,-17.72471849909277,-0.3167969698882294,5636,,,,[],0,,False,True,
csd-20260805_174708,paired_hierarchical,1,0,0,948c69fa52a0a115,narL->ydhV,shared_complete_observation_shared_scores,maximum,prefix,complete,0,5000,0.6,0.0,instrument_error,2151398048,921666314,2151398048,narL,ydhV,False,identifiable,fnr|modE|narP|rpoD|rpoS,5000,-0.3321109765860835,0.013833341982674028,1.033215143612272,-24.008007392721556,-0.3596143319542244,5636,,,,[],0,,False,True,
csd-20260805_174708,paired_hierarchical,1,0,0,948c69fa52a0a115,narL->ydhW,shared_complete_observation_shared_scores,maximum,prefix,complete,0,5000,0.6,0.0,instrument_error,2151398048,921666314,2151398048,narL,ydhW,False,identifiable,fnr|modE|narP|rpoD|rpoS,5000,-0.26317896356882353,0.014332670940490498,1.1091513091138538,-18.3621716190616,-0.2559163565921851,5636,,,,[],0,,False,True,
csd-20260805_174708,paired_hierarchical,1,0,0,948c69fa52a0a115,narL->ydhX,shared_complete_observation_shared_scores,maximum,prefix,complete,0,5000,0.6,0.0,instrument_error,2151398048,921666314,2151398048,narL,ydhX,False,identifiable,fnr|modE|narP|rpoD|rpoS,5000,-0.18965018509046316,0.015602660368686858,1.3144190537954932,-12.154990277880694,-0.1763822322205512,5636,,,,[],0,,False,True,
csd-20260805_174708,paired_hierarchical,1,0,0,948c69fa52a0a115,narL->ydhY,shared_complete_observation_shared_scores,maximum,prefix,complete,0,5000,0.6,0.0,instrument_error,2151398048,921666314,2151398048,narL,ydhY,False,identifiable,fnr|modE|narP|rpoD|rpoS,5000,-0.1143639842029236,0.013367156872522263,0.964749640636576,-8.555595276809536,-0.10069904083472955,5636,,,,[],0,,False,True,
csd-20260805_174708,paired_hierarchical,1,0,0,948c69fa52a0a115,narL->yeaR,shared_complete_observation_shared_scores,maximum,prefix,complete,0,5000,0.6,0.0,instrument_error,2151398048,921666314,2151398048,narL,yeaR,False,identifiable,fis|fnr|modE|narP|nsrR|rpoD,5000,0.3869188983937414,0.0174560360044515,1.6444198168218043,22.165335720840197,0.38687937691078883,5636,,,,[],0,,False,True,
csd-20260805_174708,paired_hierarchical,1,0,0,948c69fa52a0a115,narL->ynfE,shared_complete_observation_shared_scores,maximum,prefix,complete,0,5000,0.6,0.0,instrument_error,2151398048,921666314,2151398048,narL,ynfE,False,identifiable,fnr|modE|nac|rpoD|rpoS,5000,-0.140597049901156,0.01423300387899588,1.0941469729314968,-9.878241522061256,-0.1366688495622517,5636,,,,[],0,,False,True,
csd-20260805_174708,paired_hierarchical,1,0,0,948c69fa52a0a115,narL->ynfF,shared_complete_observation_shared_scores,maximum,prefix,complete,0,5000,0.6,0.0,instrument_error,2151398048,921666314,2151398048,narL,ynfF,False,identifiable,fnr|modE|nac|rpoD|rpoS,5000,-0.2999647350718557,0.013668238528235403,1.009038242096084,-21.946115035393795,-0.30689096580203507,5636,,,,[],0,,False,True,
csd-20260805_174708,paired_hierarchical,1,0,0,948c69fa52a0a115,narL->ynfG,shared_complete_observation_shared_scores,maximum,prefix,complete,0,5000,0.6,0.0,instrument_error,2151398048,921666314,2151398048,narL,ynfG,False,identifiable,fnr|modE|nac|rpoD|rpoS,5000,-0.2534191111869592,0.014133335189613776,1.078876778565916,-17.930595134628263,-0.23905289752551576,5636,,,,[],0,,False,True,
csd-20260805_174708,paired_hierarchical,1,0,0,948c69fa52a0a115,narL->ynfH,shared_complete_observation_shared_scores,maximum,prefix,complete,0,5000,0.6,0.0,instrument_error,2151398048,921666314,2151398048,narL,ynfH,False,identifiable,fnr|modE|rpoD|rpoS,5000,-0.2389857628519772,0.013503465653472718,0.9848794088368112,-17.698105729658867,-0.21612616143514526,5636,,,,[],0,,False,True,
csd-20260805_174708,paired_hierarchical,1,0,0,948c69fa52a0a115,narL->yoaG,shared_complete_observation_shared_scores,maximum,prefix,complete,0,5000,0.6,0.0,instrument_error,2151398048,921666314,2151398048,narL,yoaG,False,identifiable,fis|fnr|modE|narP|nsrR|rpoD,5000,0.41097612145340395,0.01404086822709109,1.0639209745964977,29.269993479494943,0.3902956622919975,5636,,,,[],0,,False,True,
csd-20260805_174708,paired_hierarchical,1,0,0,948c69fa52a0a115,narL->ytfE,shared_complete_observation_shared_scores,maximum,prefix,complete,0,5000,0.6,0.0,instrument_error,2151398048,921666314,2151398048,narL,ytfE,False,identifiable,fnr|modE|narP|nsrR|rpoD,5000,0.1871197992038683,0.014161173424068378,1.083383587597002,13.21358008975717,0.18839845517206508,5636,,,,[],0,,False,True,
csd-20260805_174708,paired_hierarchical,1,0,0,948c69fa52a0a115,nfeR->nfeF,shared_complete_observation_shared_scores,maximum,prefix,complete,0,5000,0.6,0.0,instrument_error,2151398048,921666314,2151398048,nfeR,nfeF,False,identifiable,fnr|fur|rpoD,5000,-0.20747987267128756,0.017228979588501177,1.0608082714269351,-12.042493381892568,-0.2258818334711275,5636,,,,[],0,,False,True,
csd-20260805_174708,paired_hierarchical,1,0,0,948c69fa52a0a115,nikR->nikA,shared_complete_observation_shared_scores,maximum,prefix,complete,0,5000,0.6,0.0,instrument_error,2151398048,921666314,2151398048,nikR,nikA,False,identifiable,fnr|narL|rpoN,5000,-0.047269791095575914,0.022071386856797725,1.3661508007842031,-2.1416774307056006,-0.10551433793104982,5636,,,,[],0,,False,True,
csd-20260805_174708,paired_hierarchical,1,0,0,948c69fa52a0a115,nikR->nikB,shared_complete_observation_shared_scores,maximum,prefix,complete,0,5000,0.6,0.0,instrument_error,2151398048,921666314,2151398048,nikR,nikB,False,identifiable,fnr|narL|rpoN,5000,-0.1319792182533046,0.018979703856418596,1.0102253417514744,-6.953702715897308,-0.13922075336721523,5636,,,,[],0,,False,True,
csd-20260805_174708,paired_hierarchical,1,0,0,948c69fa52a0a115,nikR->nikC,shared_complete_observation_shared_scores,maximum,prefix,complete,0,5000,0.6,0.0,instrument_error,2151398048,921666314,2151398048,nikR,nikC,False,identifiable,fnr|narL|rpoN,5000,-0.2337927493339367,0.01868332635242202,0.9789213377824093,-12.51344353376501,-0.23658497979095144,5636,,,,[],0,,False,True,
csd-20260805_174708,paired_hierarchical,1,0,0,948c69fa52a0a115,nikR->nikD,shared_complete_observation_shared_scores,maximum,prefix,complete,0,5000,0.6,0.0,instrument_error,2151398048,921666314,2151398048,nikR,nikD,False,identifiable,fnr|narL|rpoN,5000,-0.2000236119218345,0.01967335878562728,1.0854165013376043,-10.167232453868795,-0.196926675954967,5636,,,,[],0,,False,True,
csd-20260805_174708,paired_hierarchical,1,0,0,948c69fa52a0a115,nikR->nikE,shared_complete_observation_shared_scores,maximum,prefix,complete,0,5000,0.6,0.0,instrument_error,2151398048,921666314,2151398048,nikR,nikE,False,identifiable,fnr|narL|rpoN,5000,-0.13466538181396914,0.020503879195231115,1.1789936444421374,-6.567800196817889,-0.12447122167643247,5636,,,,[],0,,False,True,
csd-20260805_174708,paired_hierarchical,1,0,0,948c69fa52a0a115,iscR->erpA,shared_complete_observation_shared_scores,maximum,prefix,complete,0,5000,0.6,0.0,instrument_error,2151398048,921666314,2151398048,iscR,erpA,False,identifiable,fur|rpoD,5000,-0.22125535171963426,0.016098577132315352,1.0469346253891956,-13.743783062386244,-0.20320593967513215,5636,,,,[],0,,False,True,
csd-20260805_174708,paired_hierarchical,1,0,0,948c69fa52a0a115,iscR->hyaA,shared_complete_observation_shared_scores,maximum,prefix,complete,0,5000,0.6,0.0,instrument_error,2151398048,921666314,2151398048,iscR,hyaA,False,identifiable,appY|arcA|fis|narL|narP|rpoD|rpoS|ydeO,5000,-0.12960582592032055,0.016153294899582893,1.052200296213436,-8.023491598835802,-0.15444675012426304,5636,,,,[],0,,False,True,
csd-20260805_174708,paired_hierarchical,1,0,0,948c69fa52a0a115,iscR->hyaB,shared_complete_observation_shared_scores,maximum,prefix,complete,0,5000,0.6,0.0,instrument_error,2151398048,921666314,2151398048,iscR,hyaB,False,identifiable,appY|arcA|fis|narL|narP|rpoD|rpoS|ydeO,5000,-0.16222226616950963,0.018608284234322633,1.3963324742066934,-8.717744426447103,-0.14352315144324465,5636,,,,[],0,,False,True,
csd-20260805_174708,paired_hierarchical,1,0,0,948c69fa52a0a115,iscR->hyaC,shared_complete_observation_shared_scores,maximum,prefix,complete,0,5000,0.6,0.0,instrument_error,2151398048,921666314,2151398048,iscR,hyaC,False,identifiable,appY|arcA|fis|narL|narP|rpoD|rpoS|ydeO,5000,-0.3458618777503577,0.016473930768361036,1.0943863038771562,-20.99449625068243,-0.3179808980430088,5636,,,,[],0,,False,True,
csd-20260805_174708,paired_hierarchical,1,0,0,948c69fa52a0a115,iscR->hyaD,shared_complete_observation_shared_scores,maximum,prefix,complete,0,5000,0.6,0.0,instrument_error,2151398048,921666314,2151398048,iscR,hyaD,False,identifiable,appY|arcA|fis|narL|narP|rpoD|rpoS|ydeO,5000,-0.28830660530867547,0.018550707178988133,1.3877048833040724,-15.541542569074256,-0.26845664898075,5636,,,,[],0,,False,True,
csd-20260805_174708,paired_hierarchical,1,0,0,948c69fa52a0a115,iscR->hyaE,shared_complete_observation_shared_scores,maximum,prefix,complete,0,5000,0.6,0.0,instrument_error,2151398048,921666314,2151398048,iscR,hyaE,False,identifiable,appY|arcA|fis|narL|narP|rpoD|rpoS|ydeO,5000,-0.18618543212042338,0.015674956281631697,0.9908065128561103,-11.877891636520868,-0.21838190992598513,5636,,,,[],0,,False,True,
csd-20260805_174708,paired_hierarchical,1,0,0,948c69fa52a0a115,iscR->hyaF,shared_complete_observation_shared_scores,maximum,prefix,complete,0,5000,0.6,0.0,instrument_error,2151398048,921666314,2151398048,iscR,hyaF,False,identifiable,appY|arcA|fis|narL|narP|rpoD|rpoS|ydeO,5000,-0.2089334576818803,0.017282994478135343,1.2045203969146787,-12.088961663802028,-0.18210756989632831,5636,,,,[],0,,False,True,
csd-20260805_174708,paired_hierarchical,1,0,0,948c69fa52a0a115,iscR->iscA,shared_complete_observation_shared_scores,maximum,prefix,complete,0,5000,0.6,0.0,instrument_error,2151398048,921666314,2151398048,iscR,iscA,False,identifiable,rpoD,5000,-0.16877218475675507,0.018828017690158558,1.4333918026103767,-8.963884968356101,-0.22342626530951296,5636,,,,[],0,,False,True,
csd-20260805_174708,paired_hierarchical,1,0,0,948c69fa52a0a115,iscR->iscS,shared_complete_observation_shared_scores,maximum,prefix,complete,0,5000,0.6,0.0,instrument_error,2151398048,921666314,2151398048,iscR,iscS,False,identifiable,rpoD,5000,-0.19655127684763407,0.01760710447138302,1.2535209691918823,-11.163180020149852,-0.1836060376706846,5636,,,,[],0,,False,True,
csd-20260805_174708,paired_hierarchical,1,0,0,948c69fa52a0a115,iscR->iscU,shared_complete_observation_shared_scores,maximum,prefix,complete,0,5000,0.6,0.0,instrument_error,2151398048,921666314,2151398048,iscR,iscU,False,identifiable,rpoD,5000,-0.22725556222051213,0.01570084145799188,0.9967851920421658,-14.47410081991732,-0.2255876045480638,5636,,,,[],0,,False,True,
csd-20260805_174708,paired_hierarchical,1,0,0,948c69fa52a0a115,iscR->napA,shared_complete_observation_shared_scores,maximum,prefix,complete,0,5000,0.6,0.0,instrument_error,2151398048,921666314,2151398048,iscR,napA,False,identifiable,flhC|flhD|fnr|modE|narL|narP|rpoD,5000,-0.1299038199453978,0.017214580657261235,1.1932252768395197,-7.546150703973344,-0.11896518816725997,5636,,,,[],0,,False,True,
csd-20260805_174708,paired_hierarchical,1,0,0,948c69fa52a0a115,iscR->napB,shared_complete_observation_shared_scores,maximum,prefix,complete,0,5000,0.6,0.0,instrument_error,2151398048,921666314,2151398048,iscR,napB,False,identifiable,flhC|flhD|fnr|modE|nac|narL|narP|rpoD,5000,-0.17057268432185596,0.016835060264290904,1.1407596869115786,-10.131991311231609,-0.1760429237161325,5636,,,,[],0,,False,True,
csd-20260805_174708,paired_hierarchical,1,0,0,948c69fa52a0a115,iscR->napC,shared_complete_observation_shared_scores,maximum,prefix,complete,0,5000,0.6,0.0,instrument_error,2151398048,921666314,2151398048,iscR,napC,False,identifiable,flhC|flhD|fnr|modE|nac|narL|narP|rpoD,5000,-0.17117272286261492,0.01588716811282891,1.0159159921139485,-10.7742752922966,-0.19605028000764457,5636,,,,[],0,,False,True,
csd-20260805_174708,paired_hierarchical,1,0,0,948c69fa52a0a115,iscR->napD,shared_complete_observation_shared_scores,maximum,prefix,complete,0,5000,0.6,0.0,instrument_error,2151398048,921666314,2151398048,iscR,napD,False,identifiable,flhC|flhD|fnr|modE|narL|narP|rpoD,5000,-0.19745832241280536,0.016058139116097485,1.0382931312993626,-12.296463555659649,-0.19793959487130125,5636,,,,[],0,,False,True,
csd-20260805_174708,paired_hierarchical,1,0,0,948c69fa52a0a115,iscR->napF,shared_complete_observation_shared_scores,maximum,prefix,complete,0,5000,0.6,0.0,instrument_error,2151398048,921666314,2151398048,iscR,napF,False,identifiable,flhC|flhD|fnr|lrp|modE|narL|narP|rpoD,5000,-0.21525665197474153,0.0211995774423332,1.8093870415310536,-10.15381804473602,-0.17548028478755062,5636,,,,[],0,,False,True,
csd-20260805_174708,paired_hierarchical,1,0,0,948c69fa52a0a115,iscR->napG,shared_complete_observation_shared_scores,maximum,prefix,complete,0,5000,0.6,0.0,instrument_error,2151398048,921666314,2151398048,iscR,napG,False,identifiable,flhC|flhD|fnr|modE|narL|narP|rpoD,5000,-0.23771875798259262,0.018797056389130595,1.4226865885622946,-12.646594927493732,-0.21022170148357697,5636,,,,[],0,,False,True,
csd-20260805_174708,paired_hierarchical,1,0,0,948c69fa52a0a115,iscR->napH,shared_complete_observation_shared_scores,maximum,prefix,complete,0,5000,0.6,0.0,instrument_error,2151398048,921666314,2151398048,iscR,napH,False,identifiable,flhC|flhD|fnr|modE|narL|narP|rpoD,5000,-0.19673731223076485,0.019193558879501613,1.4833395199677077,-10.250173689303493,-0.2058863484689365,5636,,,,[],0,,False,True,
csd-20260805_174708,paired_hierarchical,1,0,0,948c69fa52a0a115,iscR->nfuA,shared_complete_observation_shared_scores,maximum,prefix,complete,0,5000,0.6,0.0,instrument_error,2151398048,921666314,2151398048,iscR,nfuA,False,identifiable,crp|gntR|rpoD|rpoH,5000,-0.26788838795340825,0.0163665036330195,1.0778034758489032,-16.368088992015505,-0.24414586917234476,5636,,,,[],0,,False,True,
csd-20260805_174708,paired_hierarchical,1,0,0,948c69fa52a0a115,iscR->nrdE,shared_complete_observation_shared_scores,maximum,prefix,complete,0,5000,0.6,0.0,instrument_error,2151398048,921666314,2151398048,iscR,nrdE,False,identifiable,fur|nrdR|rpoD,5000,0.13551790540621705,0.018259258016923973,1.3465224690705289,7.421873620527705,0.11186578879994163,5636,,,,[],0,,False,True,
csd-20260805_174708,paired_hierarchical,1,0,0,948c69fa52a0a115,iscR->nrdF,shared_complete_observation_shared_scores,maximum,prefix,complete,0,5000,0.6,0.0,instrument_error,2151398048,921666314,2151398048,iscR,nrdF,False,identifiable,fur|nrdR|rpoD,5000,0.32332603387095205,0.017048214172830718,1.1738298222963244,18.96539019237734,0.32109819671751105,5636,,,,[],0,,False,True,
csd-20260805_174708,paired_hierarchical,1,0,0,948c69fa52a0a115,iscR->nrdH,shared_complete_observation_shared_scores,maximum,prefix,complete,0,5000,0.6,0.0,instrument_error,2151398048,921666314,2151398048,iscR,nrdH,False,identifiable,fur|nrdR|rpoD,5000,0.17070416133969146,0.01638928052360638,1.0848436000437007,10.415598237751615,0.2093151102083399,5636,,,,[],0,,False,True,
csd-20260805_174708,paired_hierarchical,1,0,0,948c69fa52a0a115,iscR->nrdI,shared_complete_observation_shared_scores,maximum,prefix,complete,0,5000,0.6,0.0,instrument_error,2151398048,921666314,2151398048,iscR,nrdI,False,identifiable,fur|nrdR|rpoD,5000,0.4117158843520161,0.016538279260308004,1.104658390628316,24.89472319772332,0.4179042220280225,5636,,,,[],0,,False,True,
csd-20260805_174708,paired_hierarchical,1,0,0,948c69fa52a0a115,iscR->rnlA,shared_complete_observation_shared_scores,maximum,prefix,complete,0,5000,0.6,0.0,instrument_error,2151398048,921666314,2151398048,iscR,rnlA,False,identifiable,rpoD|rpoH,5000,-0.3776528244908283,0.01703406872915599,1.170358155311499,-22.17044151315576,-0.37266174731301993,5636,,,,[],0,,False,True,
csd-20260805_174708,paired_hierarchical,1,0,0,948c69fa52a0a115,iscR->rnlB,shared_complete_observation_shared_scores,maximum,prefix,complete,0,5000,0.6,0.0,instrument_error,2151398048,921666314,2151398048,iscR,rnlB,False,identifiable,nac|rpoD|rpoE,5000,-0.22422282175382227,0.01739023030727662,1.220717872270284,-12.89360852570195,-0.19580173741149073,5636,,,,[],0,,False,True,
csd-20260805_174708,paired_hierarchical,1,0,0,948c69fa52a0a115,iscR->selO,shared_complete_observation_shared_scores,maximum,prefix,complete,0,5000,0.6,0.0,instrument_error,2151398048,921666314,2151398048,iscR,selO,False,identifiable,rpoD,5000,0.3092751856818636,0.02128588571874596,1.8320578092570212,14.529589690011935,0.31280529826070536,5636,,,,[],0,,False,True,
csd-20260805_174708,paired_hierarchical,1,0,0,948c69fa52a0a115,iscR->sufA,shared_complete_observation_shared_scores,maximum,prefix,complete,0,5000,0.6,0.0,instrument_error,2151398048,921666314,2151398048,iscR,sufA,False,identifiable,fur|ihfA|ihfB|nsrR|oxyR|rpoD,5000,0.08925494768958582,0.015700781407729257,0.9936651081122491,5.684745578691196,0.11108040779177179,5636,,,,[],0,,False,True,
csd-20260805_174708,paired_hierarchical,1,0,0,948c69fa52a0a115,iscR->sufB,shared_complete_observation_shared_scores,maximum,prefix,complete,0,5000,0.6,0.0,instrument_error,2151398048,921666314,2151398048,iscR,sufB,False,identifiable,fur|ihfA|ihfB|nsrR|oxyR|rpoD,5000,0.18002307583561974,0.01616245796415591,1.0529610884804466,11.138347659425545,0.1835296335256507,5636,,,,[],0,,False,True,
csd-20260805_174708,paired_hierarchical,1,0,0,948c69fa52a0a115,iscR->sufC,shared_complete_observation_shared_scores,maximum,prefix,complete,0,5000,0.6,0.0,instrument_error,2151398048,921666314,2151398048,iscR,sufC,False,identifiable,fur|ihfA|ihfB|nsrR|oxyR|rpoD,5000,0.40832295216222186,0.019215355466406993,1.4883132615039716,21.24982558225724,0.38835713298373004,5636,,,,[],0,,False,True,
csd-20260805_174708,paired_hierarchical,1,0,0,948c69fa52a0a115,iscR->sufD,shared_complete_observation_shared_scores,maximum,prefix,complete,0,5000,0.6,0.0,instrument_error,2151398048,921666314,2151398048,iscR,sufD,False,identifiable,fur|ihfA|ihfB|nsrR|oxyR|rpoD,5000,0.19090596172288124,0.016093295762938012,1.043968732161303,11.862452821039138,0.19968925596457782,5636,,,,[],0,,False,True,
csd-20260805_174708,paired_hierarchical,1,0,0,948c69fa52a0a115,iscR->sufE,shared_complete_observation_shared_scores,maximum,prefix,complete,0,5000,0.6,0.0,instrument_error,2151398048,921666314,2151398048,iscR,sufE,False,identifiable,fur|ihfA|ihfB|nsrR|oxyR|rpoD,5000,0.14592407236083668,0.016408000284890454,1.0851975771682645,8.893470857336162,0.15295082799638585,5636,,,,[],0,,False,True,
csd-20260805_174708,paired_hierarchical,1,0,0,948c69fa52a0a115,iscR->sufS,shared_complete_observation_shared_scores,maximum,prefix,complete,0,5000,0.6,0.0,instrument_error,2151398048,921666314,2151398048,iscR,sufS,False,identifiable,fur|ihfA|ihfB|nsrR|oxyR|rpoD,5000,0.2925894426325595,0.017657085512743448,1.2567113755589012,16.5706533176946,0.27200241001210207,5636,,,,[],0,,False,True,
csd-20260805_174708,paired_hierarchical,1,0,0,948c69fa52a0a115,iscR->torT,shared_complete_observation_shared_scores,maximum,prefix,complete,0,5000,0.6,0.0,instrument_error,2151398048,921666314,2151398048,iscR,torT,False,identifiable,rpoD,5000,-0.3951823215215974,0.016901587148409364,1.1550763697241997,-23.3813734799923,-0.3721496599025036,5636,,,,[],0,,False,True,
csd-20260805_174708,paired_hierarchical,1,0,0,948c69fa52a0a115,frmR->frmA,shared_complete_observation_shared_scores,maximum,prefix,complete,0,5000,0.6,0.0,instrument_error,2151398048,921666314,2151398048,frmR,frmA,False,identifiable,,5000,-0.10979700434174625,0.01764544433114392,1.1391985489930907,-6.222399520308838,-0.18025601494969853,5636,,,,[],0,,False,True,
csd-20260805_174708,paired_hierarchical,1,0,0,948c69fa52a0a115,frmR->frmB,shared_complete_observation_shared_scores,maximum,prefix,complete,0,5000,0.6,0.0,instrument_error,2151398048,921666314,2151398048,frmR,frmB,False,identifiable,cpxR,5000,-0.10218476200475518,0.01806610770118225,1.1518900861441301,-5.656158132947929,-0.15910530472241854,5636,,,,[],0,,False,True,
csd-20260805_174708,paired_hierarchical,1,0,0,948c69fa52a0a115,metJ->ahpC,shared_complete_observation_shared_scores,maximum,prefix,complete,0,5000,0.6,0.0,instrument_error,2151398048,921666314,2151398048,metJ,ahpC,False,identifiable,fur|nac|oxyR|rpoD,5000,-0.16025486827427843,0.017430978410667788,2.010044826602322,-9.193681760067019,-0.17383509924839075,5636,,,,[],0,,False,True,
csd-20260805_174708,paired_hierarchical,1,0,0,948c69fa52a0a115,metJ->ahpF,shared_complete_observation_shared_scores,maximum,prefix,complete,0,5000,0.6,0.0,instrument_error,2151398048,921666314,2151398048,metJ,ahpF,False,identifiable,fur|oxyR|rpoD|rpoE,5000,-0.18848056612214856,0.012501251574156538,1.0267585290050354,-15.07693569752558,-0.1887465447110996,5636,,,,[],0,,False,True,
csd-20260805_174708,paired_hierarchical,1,0,0,948c69fa52a0a115,metJ->folE,shared_complete_observation_shared_scores,maximum,prefix,complete,0,5000,0.6,0.0,instrument_error,2151398048,921666314,2151398048,metJ,folE,False,identifiable,arcA|fur|rpoD,5000,-0.17218616799373204,0.014095249523465731,1.3150115738113448,-12.215900662636514,-0.1692843910458761,5636,,,,[],0,,False,True,
csd-20260805_174708,paired_hierarchical,1,0,0,948c69fa52a0a115,metJ->metA,shared_complete_observation_shared_scores,maximum,prefix,complete,0,5000,0.6,0.0,instrument_error,2151398048,921666314,2151398048,metJ,metA,False,identifiable,fur|rpoD|rpoH,5000,-0.426331546378765,0.014196532827945203,1.3353249245933438,-30.030680839165992,-0.4180444589318942,5636,,,,[],0,,False,True,
csd-20260805_174708,paired_hierarchical,1,0,0,948c69fa52a0a115,metJ->metB,shared_complete_observation_shared_scores,maximum,prefix,complete,0,5000,0.6,0.0,instrument_error,2151398048,921666314,2151398048,metJ,metB,False,identifiable,fur|hypT|phoP|rpoD,5000,-0.45931579598899047,0.012967333440040871,1.1140304048679635,-35.42099060788421,-0.4238582322856656,5636,,,,[],0,,False,True,
csd-20260805_174708,paired_hierarchical,1,0,0,948c69fa52a0a115,metJ->metC,shared_complete_observation_shared_scores,maximum,prefix,complete,0,5000,0.6,0.0,instrument_error,2151398048,921666314,2151398048,metJ,metC,False,identifiable,cpxR|fur|rpoD,5000,-0.19128716045352637,0.012917252589924742,1.09999323276834,-14.808656803903286,-0.1838496774379332,5636,,,,[],0,,False,True,
csd-20260805_174708,paired_hierarchical,1,0,0,948c69fa52a0a115,metJ->metE,shared_complete_observation_shared_scores,maximum,prefix,complete,0,5000,0.6,0.0,instrument_error,2151398048,921666314,2151398048,metJ,metE,False,identifiable,fur|nac|oxyR|rpoD,5000,-0.46694904254892144,0.012659473311928791,1.0602138858832653,-36.88534515167577,-0.41028662005365746,5636,,,,[],0,,False,True,
csd-20260805_174708,paired_hierarchical,1,0,0,948c69fa52a0a115,metJ->metF,shared_complete_observation_shared_scores,maximum,prefix,complete,0,5000,0.6,0.0,instrument_error,2151398048,921666314,2151398048,metJ,metF,False,identifiable,fur|rpoD,5000,-0.31129839415206245,0.012324025908277707,1.0065377741936747,-25.259472551333403,-0.2885772063850276,5636,,,,[],0,,False,True,
csd-20260805_174708,paired_hierarchical,1,0,0,948c69fa52a0a115,metJ->metI,shared_complete_observation_shared_scores,maximum,prefix,complete,0,5000,0.6,0.0,instrument_error,2151398048,921666314,2151398048,metJ,metI,False,identifiable,fur|hypT|rpoD,5000,-0.13116210603523254,0.012266281493956737,0.9969813317073382,-10.692898748479932,-0.14076178581136353,5636,,,,[],0,,False,True,
csd-20260805_174708,paired_hierarchical,1,0,0,948c69fa52a0a115,metJ->metK,shared_complete_observation_shared_scores,maximum,prefix,complete,0,5000,0.6,0.0,instrument_error,2151398048,921666314,2151398048,metJ,metK,False,identifiable,crp|fur|lrp|rpoD|rpoS,5000,-0.11754861854649894,0.01573223901271243,1.5850892868994657,-7.471830198582276,-0.15702758770629943,5636,,,,[],0,,False,True,
csd-20260805_174708,paired_hierarchical,1,0,0,948c69fa52a0a115,metJ->metL,shared_complete_observation_shared_scores,maximum,prefix,complete,0,5000,0.6,0.0,instrument_error,2151398048,921666314,2151398048,metJ,metL,False,identifiable,fur|hypT|phoP|rpoD,5000,-0.3736421748779756,0.013521058433642387,1.2112033592489444,-27.634092161623883,-0.40934584028754334,5636,,,,[],0,,False,True,
csd-20260805_174708,paired_hierarchical,1,0,0,948c69fa52a0a115,metJ->metN,shared_complete_observation_shared_scores,maximum,prefix,complete,0,5000,0.6,0.0,instrument_error,2151398048,921666314,2151398048,metJ,metN,False,identifiable,fur|hypT|rpoD,5000,-0.25719218145837835,0.013106576762174374,1.1382554104064622,-19.62313929298731,-0.2607396286338242,5636,,,,[],0,,False,True,
csd-20260805_174708,paired_hierarchical,1,0,0,948c69fa52a0a115,metJ->metQ,shared_complete_observation_shared_scores,maximum,prefix,complete,0,5000,0.6,0.0,instrument_error,2151398048,921666314,2151398048,metJ,metQ,False,identifiable,fur|hypT|rpoD,5000,-0.14407467313402908,0.015544428948438821,1.601071462384,-9.268572915217897,-0.13876541758154196,5636,,,,[],0,,False,True,
csd-20260805_174708,paired_hierarchical,1,0,0,948c69fa52a0a115,metJ->metR,shared_complete_observation_shared_scores,maximum,prefix,complete,0,5000,0.6,0.0,instrument_error,2151398048,921666314,2151398048,metJ,metR,False,identifiable,fur|nac|oxyR|rpoD,5000,-0.3141330822692383,0.011834159539203559,0.9264821416132774,-26.544604306591893,-0.3803627475995959,5636,,,,[],0,,False,True,
csd-20260805_174708,paired_hierarchical,1,0,0,948c69fa52a0a115,metJ->yeiB,shared_complete_observation_shared_scores,maximum,prefix,complete,0,5000,0.6,0.0,instrument_error,2151398048,921666314,2151398048,metJ,yeiB,False,identifiable,fur|rpoD,5000,-0.26104285100887875,0.0139275899937208,1.2855140260146503,-18.742858680257598,-0.2877356868183849,5636,,,,[],0,,False,True,
csd-20260805_174708,paired_hierarchical,1,0,0,948c69fa52a0a115,purR->carA,shared_complete_observation_shared_scores,maximum,prefix,complete,0,5000,0.6,0.0,instrument_error,2151398048,921666314,2151398048,purR,carA,False,identifiable,arcA|argR|cpxR|fis|fur|ihfA|ihfB|pepA|rpoD|rutR,5000,-0.28593698649076776,0.013151476045112211,1.0899412148007697,-21.741817078930634,-0.2766254892499901,5636,,,,[],0,,False,True,
csd-20260805_174708,paired_hierarchical,1,0,0,948c69fa52a0a115,purR->carB,shared_complete_observation_shared_scores,maximum,prefix,complete,0,5000,0.6,0.0,instrument_error,2151398048,921666314,2151398048,purR,carB,False,identifiable,argR|cpxR|fis|fur|ihfA|ihfB|pepA|rpoD|rutR,5000,-0.23621981074863335,0.012693858592543069,1.0155041605538704,-18.60898394499205,-0.24451482996943108,5636,,,,[],0,,False,True,
csd-20260805_174708,paired_hierarchical,1,0,0,948c69fa52a0a115,purR->codA,shared_complete_observation_shared_scores,maximum,prefix,complete,0,5000,0.6,0.0,instrument_error,2151398048,921666314,2151398048,purR,codA,False,identifiable,fur|nac|rpoD,5000,-0.3859507150686345,0.01604380581418404,1.635185902798246,-24.056057492756636,-0.3632971013660647,5636,,,,[],0,,False,True,
csd-20260805_174708,paired_hierarchical,1,0,0,948c69fa52a0a115,purR->codB,shared_complete_observation_shared_scores,maximum,prefix,complete,0,5000,0.6,0.0,instrument_error,2151398048,921666314,2151398048,purR,codB,False,identifiable,fur|nac|rpoD,5000,-0.2665502335759923,0.013482917950921451,1.1548354951798425,-19.769476796213514,-0.24510406053518494,5636,,,,[],0,,False,True,
csd-20260805_174708,paired_hierarchical,1,0,0,948c69fa52a0a115,purR->cvpA,shared_complete_observation_shared_scores,maximum,prefix,complete,0,5000,0.6,0.0,instrument_error,2151398048,921666314,2151398048,purR,cvpA,False,identifiable,argR|fur|rpoD,5000,-0.12844051952880084,0.012779446870038411,1.0370327676801618,-10.050553896032183,-0.1447438143494079,5636,,,,[],0,,False,True,
csd-20260805_174708,paired_hierarchical,1,0,0,948c69fa52a0a115,purR->gcvH,shared_complete_observation_shared_scores,maximum,prefix,complete,0,5000,0.6,0.0,instrument_error,2151398048,921666314,2151398048,purR,gcvH,False,identifiable,crp|fnr|fur|gcvA|lrp|rpoD,5000,-0.0977044991934503,0.013657863020174476,1.1672259345374576,-7.1537179022170445,-0.13069120318931612,5636,,,,[],0,,False,True,
csd-20260805_174708,paired_hierarchical,1,0,0,948c69fa52a0a115,purR->gcvP,shared_complete_observation_shared_scores,maximum,prefix,complete,0,5000,0.6,0.0,instrument_error,2151398048,921666314,2151398048,purR,gcvP,False,identifiable,crp|fnr|fur|gcvA|lrp|rpoD,5000,-0.14510798681808568,0.012761675512317088,1.019071881607074,-11.370606209038376,-0.14015348117661555,5636,,,,[],0,,False,True,
csd-20260805_174708,paired_hierarchical,1,0,0,948c69fa52a0a115,purR->gcvT,shared_complete_observation_shared_scores,maximum,prefix,complete,0,5000,0.6,0.0,instrument_error,2151398048,921666314,2151398048,purR,gcvT,False,identifiable,crp|fnr|fur|gcvA|lrp|nac|rpoD,5000,-0.15600793962233253,0.012811872508590904,1.0270610138253011,-12.176825793241589,-0.14698485564918143,5636,,,,[],0,,False,True,
csd-20260805_174708,paired_hierarchical,1,0,0,948c69fa52a0a115,purR->glnB,shared_complete_observation_shared_scores,maximum,prefix,complete,0,5000,0.6,0.0,instrument_error,2151398048,921666314,2151398048,purR,glnB,False,identifiable,fur|rpoD,5000,-0.16693988533790752,0.012697083197261365,1.0246655783215692,-13.147892531248027,-0.16910890702396567,5636,,,,[],0,,False,True,
csd-20260805_174708,paired_hierarchical,1,0,0,948c69fa52a0a115,purR->glyA,shared_complete_observation_shared_scores,maximum,prefix,complete,0,5000,0.6,0.0,instrument_error,2151398048,921666314,2151398048,purR,glyA,False,identifiable,fur|metR|rpoD,5000,-0.17238498938879376,0.012668229360774596,1.0199053334309818,-13.607662482221851,-0.15666358595329327,5636,,,,[],0,,False,True,
csd-20260805_174708,paired_hierarchical,1,0,0,948c69fa52a0a115,purR->guaA,shared_complete_observation_shared_scores,maximum,prefix,complete,0,5000,0.6,0.0,instrument_error,2151398048,921666314,2151398048,purR,guaA,False,identifiable,crp|dnaA|fis|fur|rpoD,5000,-0.3054965142079964,0.014941103833155044,1.4125030274076074,-20.446716495610225,-0.2893602191213238,5636,,,,[],0,,False,True,
csd-20260805_174708,paired_hierarchical,1,0,0,948c69fa52a0a115,purR->guaB,shared_complete_observation_shared_scores,maximum,prefix,complete,0,5000,0.6,0.0,instrument_error,2151398048,921666314,2151398048,purR,guaB,False,identifiable,crp|dnaA|fis|fur|rpoD,5000,-0.8707695343088531,0.01504761519032748,1.43271356441692,-57.8676104681743,-0.806356408194895,5636,,,,[],0,,False,True,
csd-20260805_174708,paired_hierarchical,1,0,0,948c69fa52a0a115,purR->hflD,shared_complete_observation_shared_scores,maximum,prefix,complete,0,5000,0.6,0.0,instrument_error,2151398048,921666314,2151398048,purR,hflD,False,identifiable,fur|rpoD,5000,-0.2030738109031849,0.013580148706506473,1.1721502048707595,-14.953725124224073,-0.2004007260373258,5636,,,,[],0,,False,True,
csd-20260805_174708,paired_hierarchical,1,0,0,948c69fa52a0a115,purR->prs,shared_complete_observation_shared_scores,maximum,prefix,complete,0,5000,0.6,0.0,instrument_error,2151398048,921666314,2151398048,purR,prs,False,identifiable,fliA|fur|rpoD,5000,-0.16770011808391128,0.013752990709589664,1.2021230653542558,-12.19372001516569,-0.17456198582877408,5636,,,,[],0,,False,True,
csd-20260805_174708,paired_hierarchical,1,0,0,948c69fa52a0a115,purR->purA,shared_complete_observation_shared_scores,maximum,prefix,complete,0,5000,0.6,0.0,instrument_error,2151398048,921666314,2151398048,purR,purA,False,identifiable,fur|gadE|marA|rpoD,5000,-0.31814145311526293,0.015916062081041012,1.4848442751575157,-19.988703958011605,-0.28651103551451595,5636,,,,[],0,,False,True,
csd-20260805_174708,paired_hierarchical,1,0,0,948c69fa52a0a115,purR->purB,shared_complete_observation_shared_scores,maximum,prefix,complete,0,5000,0.6,0.0,instrument_error,2151398048,921666314,2151398048,purR,purB,False,identifiable,fur|rpoD,5000,-0.2343570225127889,0.015140282258149744,1.4569416541676297,-15.47903919602547,-0.21326136361762496,5636,,,,[],0,,False,True,
csd-20260805_174708,paired_hierarchical,1,0,0,948c69fa52a0a115,purR->purC,shared_complete_observation_shared_scores,maximum,prefix,complete,0,5000,0.6,0.0,instrument_error,2151398048,921666314,2151398048,purR,purC,False,identifiable,fur|rpoD,5000,-0.18343179918358635,0.012574595845974815,1.0049912661865927,-14.587490638301801,-0.18815820640972777,5636,,,,[],0,,False,True,
csd-20260805_174708,paired_hierarchical,1,0,0,948c69fa52a0a115,purR->purD,shared_complete_observation_shared_scores,maximum,prefix,complete,0,5000,0.6,0.0,instrument_error,2151398048,921666314,2151398048,purR,purD,False,identifiable,fur|phoP|rbsR|rpoD,5000,-0.3331382534915036,0.012976037062221614,1.0700945432945848,-25.67334324756216,-0.3536261960954312,5636,,,,[],0,,False,True,
csd-20260805_174708,paired_hierarchical,1,0,0,948c69fa52a0a115,purR->purE,shared_complete_observation_shared_scores,maximum,prefix,complete,0,5000,0.6,0.0,instrument_error,2151398048,921666314,2151398048,purR,purE,False,identifiable,fur|rpoD,5000,-0.13936530569186284,0.012895179474904832,1.0568880771137887,-10.807550679157288,-0.18187876247011608,5636,,,,[],0,,False,True,
csd-20260805_174708,paired_hierarchical,1,0,0,948c69fa52a0a115,purR->purF,shared_complete_observation_shared_scores,maximum,prefix,complete,0,5000,0.6,0.0,instrument_error,2151398048,921666314,2151398048,purR,purF,False,identifiable,fur|rpoD,5000,-0.16024886916930664,0.013140846909401021,1.0975414431238144,-12.194713953684666,-0.14341568900820104,5636,,,,[],0,,False,True,
csd-20260805_174708,paired_hierarchical,1,0,0,948c69fa52a0a115,purR->purH,shared_complete_observation_shared_scores,maximum,prefix,complete,0,5000,0.6,0.0,instrument_error,2151398048,921666314,2151398048,purR,purH,False,identifiable,crp|fur|phoP|rbsR|rpoD,5000,-0.1508579041840163,0.013107407528188512,1.091307530960511,-11.509362462377437,-0.13633110241324253,5636,,,,[],0,,False,True,
csd-20260805_174708,paired_hierarchical,1,0,0,948c69fa52a0a115,purR->purK,shared_complete_observation_shared_scores,maximum,prefix,complete,0,5000,0.6,0.0,instrument_error,2151398048,921666314,2151398048,purR,purK,False,identifiable,fur|rpoD,5000,-0.1801523780342377,0.013833726410652853,1.2163332568777347,-13.022693429552637,-0.18824981998493068,5636,,,,[],0,,False,True,
csd-20260805_174708,paired_hierarchical,1,0,0,948c69fa52a0a115,purR->purL,shared_complete_observation_shared_scores,maximum,prefix,complete,0,5000,0.6,0.0,instrument_error,2151398048,921666314,2151398048,purR,purL,False,identifiable,fur|rpoD,5000,-0.2997075518338923,0.01507799778557333,1.4449791046250553,-19.877145234803876,-0.314982010455803,5636,,,,[],0,,False,True,
csd-20260805_174708,paired_hierarchical,1,0,0,948c69fa52a0a115,purR->purM,shared_complete_observation_shared_scores,maximum,prefix,complete,0,5000,0.6,0.0,instrument_error,2151398048,921666314,2151398048,purR,purM,False,identifiable,fnr|fur|lrp|rpoD,5000,-0.12330714383541133,0.015060401151442226,1.420101960438647,-8.187507264612476,-0.13974407356281296,5636,,,,[],0,,False,True,
csd-20260805_174708,paired_hierarchical,1,0,0,948c69fa52a0a115,purR->purN,shared_complete_observation_shared_scores,maximum,prefix,complete,0,5000,0.6,0.0,instrument_error,2151398048,921666314,2151398048,purR,purN,False,identifiable,fnr|fur|rpoD,5000,-0.22758124389126852,0.012965987352854402,1.0629216156828893,-17.552172287224046,-0.23746397185295753,5636,,,,[],0,,False,True,
csd-20260805_174708,paired_hierarchical,1,0,0,948c69fa52a0a115,purR->purT,shared_complete_observation_shared_scores,maximum,prefix,complete,0,5000,0.6,0.0,instrument_error,2151398048,921666314,2151398048,purR,purT,False,identifiable,fur|lrp|rpoD,5000,-0.20502292617851894,0.013583455670134947,1.161318353557255,-15.093576418060493,-0.2197902643074849,5636,,,,[],0,,False,True,
csd-20260805_174708,paired_hierarchical,1,0,0,948c69fa52a0a115,purR->pyrC,shared_complete_observation_shared_scores,maximum,prefix,complete,0,5000,0.6,0.0,instrument_error,2151398048,921666314,2151398048,purR,pyrC,False,identifiable,fur|rpoD,5000,-0.13947992099639675,0.012304499251213257,0.9622814300132164,-11.335684463765858,-0.12366734274052353,5636,,,,[],0,,False,True,
csd-20260805_174708,paired_hierarchical,1,0,0,948c69fa52a0a115,purR->pyrD,shared_complete_observation_shared_scores,maximum,prefix,complete,0,5000,0.6,0.0,instrument_error,2151398048,921666314,2151398048,purR,pyrD,False,identifiable,fis|fur|rpoD,5000,-0.14627817067312937,0.0141067697000658,1.2597819704366242,-10.369359802651848,-0.16906433754520714,5636,,,,[],0,,False,True,
csd-20260805_174708,paired_hierarchical,1,0,0,948c69fa52a0a115,purR->speA,shared_complete_observation_shared_scores,maximum,prefix,complete,0,5000,0.6,0.0,instrument_error,2151398048,921666314,2151398048,purR,speA,False,identifiable,fur|rpoD,5000,-0.22351188053570523,0.013129980964140574,1.09572711643816,-17.02301634298944,-0.22730181890809398,5636,,,,[],0,,False,True,
csd-20260805_174708,paired_hierarchical,1,0,0,948c69fa52a0a115,purR->speB,shared_complete_observation_shared_scores,maximum,prefix,complete,0,5000,0.6,0.0,instrument_error,2151398048,921666314,2151398048,purR,speB,False,identifiable,fur|rpoD|rpoS,5000,-0.1975436008150379,0.014178983549642471,1.2777906340894607,-13.932141194988484,-0.20278443265550875,5636,,,,[],0,,False,True,
csd-20260805_174708,paired_hierarchical,1,0,0,948c69fa52a0a115,purR->ubiX,shared_complete_observation_shared_scores,maximum,prefix,complete,0,5000,0.6,0.0,instrument_error,2151398048,921666314,2151398048,purR,ubiX,False,identifiable,fur|rpoD,5000,-0.371680053742642,0.013588008944862959,1.1735074869694486,-27.353533196131597,-0.3684707880131015,5636,,,,[],0,,False,True,
csd-20260805_174708,paired_hierarchical,1,0,0,948c69fa52a0a115,xynR->yagA,shared_complete_observation_shared_scores,maximum,prefix,complete,0,5000,0.6,0.0,instrument_error,2151398048,921666314,2151398048,xynR,yagA,False,identifiable,fur,5000,-0.3245474877782912,0.011346317991107979,0.992784709511044,-28.603771552378184,-0.32876133754845943,5636,,,,[],0,,False,True,
csd-20260805_174708,paired_hierarchical,1,0,0,948c69fa52a0a115,xynR->yagB,shared_complete_observation_shared_scores,maximum,prefix,complete,0,5000,0.6,0.0,instrument_error,2151398048,921666314,2151398048,xynR,yagB,False,identifiable,fur,5000,-0.35661994083122817,0.01576248845134629,1.9159966291031207,-22.62459648627174,-0.21082391015315646,5636,,,,[],0,,False,True,
csd-20260805_174708,paired_hierarchical,1,0,0,948c69fa52a0a115,xynR->yagE,shared_complete_observation_shared_scores,maximum,prefix,complete,0,5000,0.6,0.0,instrument_error,2151398048,921666314,2151398048,xynR,yagE,False,identifiable,fur,5000,-0.22135643413607042,0.016018150843989633,1.978654358972889,-13.819100362582008,-0.10510035995934984,5636,,,,[],0,,False,True,
csd-20260805_174708,paired_hierarchical,1,0,0,948c69fa52a0a115,xynR->yagF,shared_complete_observation_shared_scores,maximum,prefix,complete,0,5000,0.6,0.0,instrument_error,2151398048,921666314,2151398048,xynR,yagF,False,identifiable,fur,5000,-1.0887013479429253,0.01162391334913966,1.0419572613181927,-93.66048380113787,-1.136242733065921,5636,,,,[],0,,False,True,
csd-20260805_174708,paired_hierarchical,1,0,0,948c69fa52a0a115,gatR->gatA,shared_complete_observation_shared_scores,maximum,prefix,complete,0,5000,0.6,0.0,instrument_error,2151398048,921666314,2151398048,gatR,gatA,False,identifiable,arcA|crp|nac|rpoD,5000,-0.15159685756564992,0.012281512309712105,1.1116351131458795,-12.343500844417063,-0.14070489185580629,5636,,,,[],0,,False,True,
csd-20260805_174708,paired_hierarchical,1,0,0,948c69fa52a0a115,gatR->gatB,shared_complete_observation_shared_scores,maximum,prefix,complete,0,5000,0.6,0.0,instrument_error,2151398048,921666314,2151398048,gatR,gatB,False,identifiable,arcA|crp|rpoD,5000,-0.39979858454123257,0.01361489544531693,1.3663695279144648,-29.36479285845342,-0.385356157298036,5636,,,,[],0,,False,True,
csd-20260805_174708,paired_hierarchical,1,0,0,948c69fa52a0a115,gatR->gatC,shared_complete_observation_shared_scores,maximum,prefix,complete,0,5000,0.6,0.0,instrument_error,2151398048,921666314,2151398048,gatR,gatC,False,identifiable,arcA|crp|rpoD,5000,-0.1496728456544121,0.0161680936966176,1.9268911477610202,-9.257297023564627,-0.15771629359206796,5636,,,,[],0,,False,True,
csd-20260805_174708,paired_hierarchical,1,0,0,948c69fa52a0a115,gatR->gatD,shared_complete_observation_shared_scores,maximum,prefix,complete,0,5000,0.6,0.0,instrument_error,2151398048,921666314,2151398048,gatR,gatD,False,identifiable,arcA|crp|rpoD,5000,-0.10191993085030945,0.014407356187126314,1.5300588432506823,-7.07415916748001,-0.1068531329714718,5636,,,,[],0,,False,True,
csd-20260805_174708,paired_hierarchical,1,0,0,948c69fa52a0a115,gatR->gatY,shared_complete_observation_shared_scores,maximum,prefix,complete,0,5000,0.6,0.0,instrument_error,2151398048,921666314,2151398048,gatR,gatY,False,identifiable,arcA|crp|rpoD,5000,-0.398034486621884,0.011871418672891954,1.0388307349545778,-33.52880540981883,-0.3830391340685611,5636,,,,[],0,,False,True,
csd-20260805_174708,paired_hierarchical,1,0,0,948c69fa52a0a115,gatR->gatZ,shared_complete_observation_shared_scores,maximum,prefix,complete,0,5000,0.6,0.0,instrument_error,2151398048,921666314,2151398048,gatR,gatZ,False,identifiable,arcA|crp|rpoD,5000,-0.5302748683311748,0.011574528562075066,0.9875206112127095,-45.81394961248493,-0.5086111626714701,5636,,,,[],0,,False,True,
csd-20260805_174708,paired_hierarchical,1,0,0,948c69fa52a0a115,gcvA->gcvH,shared_complete_observation_shared_scores,maximum,prefix,complete,0,5000,0.6,0.0,instrument_error,2151398048,921666314,2151398048,gcvA,gcvH,False,identifiable,crp|fnr|glaR|lrp|purR|rpoD,5000,-0.5417563178453317,0.01615505674901876,1.1674431427604217,-33.53478271614474,-0.5408487001638186,5636,,,,[],0,,False,True,
csd-20260805_174708,paired_hierarchical,1,0,0,948c69fa52a0a115,gcvA->gcvP,shared_complete_observation_shared_scores,maximum,prefix,complete,0,5000,0.6,0.0,instrument_error,2151398048,921666314,2151398048,gcvA,gcvP,False,identifiable,crp|fnr|glaR|lrp|purR|rpoD,5000,0.38795523807462895,0.015092747792738807,1.0189559095196639,25.704745312266866,0.373132198200357,5636,,,,[],0,,False,True,
csd-20260805_174708,paired_hierarchical,1,0,0,948c69fa52a0a115,gcvA->gcvT,shared_complete_observation_shared_scores,maximum,prefix,complete,0,5000,0.6,0.0,instrument_error,2151398048,921666314,2151398048,gcvA,gcvT,False,identifiable,crp|fnr|glaR|lrp|nac|purR|rpoD,5000,-0.2722569199373421,0.01516414600159299,1.027110552630224,-17.953989621884514,-0.26531140026667976,5636,,,,[],0,,False,True,
csd-20260805_174708,paired_hierarchical,1,0,0,948c69fa52a0a115,phoP->mgrB,shared_complete_observation_shared_scores,maximum,prefix,complete,0,5000,0.6,0.0,instrument_error,2151398048,921666314,2151398048,phoP,mgrB,False,identifiable,alpA|basR|btsR|glaR|glrR|nsrR|ptrR|rcdA,5000,0.29221756399216603,0.01243184916369806,1.1443083612554017,23.50555899965899,0.2040355236589946,5636,,,,[],0,,False,True,
csd-20260805_174708,paired_hierarchical,1,0,0,948c69fa52a0a115,phoP->rstB,shared_complete_observation_shared_scores,maximum,prefix,complete,0,5000,0.6,0.0,instrument_error,2151398048,921666314,2151398048,phoP,rstB,False,identifiable,alpA|basR|btsR|glaR|glrR|nsrR|ptrR|rcdA,5000,0.22340329625965635,0.012536207952290565,1.1636007224910603,17.820643779192974,0.23397238355835737,5636,,,,[],0,,False,True,
csd-20260805_174708,paired_hierarchical,1,0,0,948c69fa52a0a115,phoP->slyB,shared_complete_observation_shared_scores,maximum,prefix,complete,0,5000,0.6,0.0,instrument_error,2151398048,921666314,2151398048,phoP,slyB,False,identifiable,alpA|basR|btsR|glaR|glrR|nsrR|ptrR|rcdA,5000,0.20387768549976992,0.011737312491805152,1.0200205972093161,17.370048351538294,0.18356565606792113,5636,,,,[],0,,False,True,
csd-20260805_174708,paired_hierarchical,1,0,0,948c69fa52a0a115,phoP->ybjG,shared_complete_observation_shared_scores,maximum,prefix,complete,0,5000,0.6,0.0,instrument_error,2151398048,921666314,2151398048,phoP,ybjG,False,identifiable,alpA|basR|btsR|glaR|glrR|nsrR|ptrR|rcdA,5000,0.4406709511328315,0.014258164258412715,1.5052160279026443,30.906569958529083,0.4413506243019034,5636,,,,[],0,,False,True,
csd-20260805_174708,paired_hierarchical,1,0,0,948c69fa52a0a115,glaR->alaE,shared_complete_observation_shared_scores,maximum,prefix,complete,0,5000,0.6,0.0,instrument_error,2151398048,921666314,2151398048,glaR,alaE,False,identifiable,alpA|basR|btsR|glrR|nsrR|ptrR|rcdA,5000,0.35709241596214997,0.01622896860926136,1.4465853310206669,22.00339556750197,0.4191286980040731,5636,,,,[],0,,False,True,
csd-20260805_174708,paired_hierarchical,1,0,0,948c69fa52a0a115,glaR->apt,shared_complete_observation_shared_scores,maximum,prefix,complete,0,5000,0.6,0.0,instrument_error,2151398048,921666314,2151398048,glaR,apt,False,identifiable,alpA|basR|btsR|glrR|nsrR|ptrR|rcdA,5000,-0.25747185418754903,0.016756834503772095,1.5422194545314853,-15.365184523937984,-0.14627335421358392,5636,,,,[],0,,False,True,
csd-20260805_174708,paired_hierarchical,1,0,0,948c69fa52a0a115,glaR->aroB,shared_complete_observation_shared_scores,maximum,prefix,complete,0,5000,0.6,0.0,instrument_error,2151398048,921666314,2151398048,glaR,aroB,False,identifiable,alpA|basR|btsR|glrR|nsrR|ptrR|rcdA,5000,-0.40584363669761636,0.013696180795475164,1.03029401473881,-29.631883716933395,-0.37313607474461336,5636,,,,[],0,,False,True,
csd-20260805_174708,paired_hierarchical,1,0,0,948c69fa52a0a115,glaR->aroP,shared_complete_observation_shared_scores,maximum,prefix,complete,0,5000,0.6,0.0,instrument_error,2151398048,921666314,2151398048,glaR,aroP,False,identifiable,alpA|basR|btsR|glrR|nsrR|pgrR|ptrR|rcdA,5000,-0.1309875374530961,0.01683842249423154,1.5572522264159314,-7.779086045499182,-0.11040560969048634,5636,,,,[],0,,False,True,
csd-20260805_174708,paired_hierarchical,1,0,0,948c69fa52a0a115,glaR->baeS,shared_complete_observation_shared_scores,maximum,prefix,complete,0,5000,0.6,0.0,instrument_error,2151398048,921666314,2151398048,glaR,baeS,False,identifiable,alpA|basR|btsR|glrR|nsrR|ptrR|rcdA,5000,-0.12576919131145436,0.0250051986015306,3.4341782464877006,-5.0297217516903014,-0.1863927368558692,5636,,,,[],0,,False,True,
csd-20260805_174708,paired_hierarchical,1,0,0,948c69fa52a0a115,glaR->bdcA,shared_complete_observation_shared_scores,maximum,prefix,complete,0,5000,0.6,0.0,instrument_error,2151398048,921666314,2151398048,glaR,bdcA,False,identifiable,alpA|basR|btsR|glrR|nsrR|ptrR|rcdA,5000,0.00913943973518104,0.016005768525874806,1.4070686281082951,0.5710091158950781,0.0848999879896848,5636,,,,[],0,,False,True,
csd-20260805_174708,paired_hierarchical,1,0,0,948c69fa52a0a115,glaR->bdcR,shared_complete_observation_shared_scores,maximum,prefix,complete,0,5000,0.6,0.0,instrument_error,2151398048,921666314,2151398048,glaR,bdcR,False,identifiable,,5000,-0.17234418132706528,0.017638486330532253,1.7397617052729488,-9.770916738401592,-0.20147923032766496,5636,,,,[],0,,False,True,
csd-20260805_174708,paired_hierarchical,1,0,0,948c69fa52a0a115,glaR->bssS,shared_complete_observation_shared_scores,maximum,prefix,complete,0,5000,0.6,0.0,instrument_error,2151398048,921666314,2151398048,glaR,bssS,False,identifiable,alpA|basR|btsR|glrR|nsrR|ptrR|rcdA|yhaJ,5000,0.26120970884416694,0.017577792113407938,1.6970352393448676,14.860211519108942,0.367302341544571,5636,,,,[],0,,False,True,
csd-20260805_174708,paired_hierarchical,1,0,0,948c69fa52a0a115,glaR->cadC,shared_complete_observation_shared_scores,maximum,prefix,complete,0,5000,0.6,0.0,instrument_error,2151398048,921666314,2151398048,glaR,cadC,False,identifiable,alpA|basR|btsR|glrR|nsrR|ptrR|rcdA,5000,0.5836991108700926,0.021133232939450807,2.4529805039542807,27.61996295325278,0.3375483152909445,5636,,,,[],0,,False,True,
csd-20260805_174708,paired_hierarchical,1,0,0,948c69fa52a0a115,glaR->casA,shared_complete_observation_shared_scores,maximum,prefix,complete,0,5000,0.6,0.0,instrument_error,2151398048,921666314,2151398048,glaR,casA,False,identifiable,alpA|basR|btsR|glrR|nsrR|ptrR|rcdA,5000,-0.4596550458043056,0.0238492536599984,3.124005587048546,-19.27335137431451,-0.3872895548197279,5636,,,,[],0,,False,True,
csd-20260805_174708,paired_hierarchical,1,0,0,948c69fa52a0a115,glaR->chaA,shared_complete_observation_shared_scores,maximum,prefix,complete,0,5000,0.6,0.0,instrument_error,2151398048,921666314,2151398048,glaR,chaA,False,identifiable,alpA|basR|btsR|glrR|nsrR|ptrR|rcdA,5000,-0.30490862537081226,0.022623123638787643,2.811042128948927,-13.477742076608838,-0.331390315933781,5636,,,,[],0,,False,True,
csd-20260805_174708,paired_hierarchical,1,0,0,948c69fa52a0a115,glaR->chaB,shared_complete_observation_shared_scores,maximum,prefix,complete,0,5000,0.6,0.0,instrument_error,2151398048,921666314,2151398048,glaR,chaB,False,identifiable,alpA|basR|btsR|glrR|nsrR|ptrR|rcdA,5000,-0.10467992134319726,0.015062280046277906,1.2460734779487357,-6.949805807724647,-0.1007978606757258,5636,,,,[],0,,False,True,
csd-20260805_174708,paired_hierarchical,1,0,0,948c69fa52a0a115,glaR->chaC,shared_complete_observation_shared_scores,maximum,prefix,complete,0,5000,0.6,0.0,instrument_error,2151398048,921666314,2151398048,glaR,chaC,False,identifiable,alpA|basR|btsR|glrR|nsrR|ptrR|rcdA,5000,-0.1830137703402121,0.014874825256375233,1.2152509281095227,-12.303591281636995,-0.15497741529937845,5636,,,,[],0,,False,True,
csd-20260805_174708,paired_hierarchical,1,0,0,948c69fa52a0a115,glaR->csgI,shared_complete_observation_shared_scores,maximum,prefix,complete,0,5000,0.6,0.0,instrument_error,2151398048,921666314,2151398048,glaR,csgI,False,identifiable,alpA|basR|btsR|glrR|nsrR|ptrR|rcdA,5000,-0.25612439835476314,0.022832230055236154,2.8632474315227876,-11.217668958973444,-0.31575799791149134,5636,,,,[],0,,False,True,
csd-20260805_174708,paired_hierarchical,1,0,0,948c69fa52a0a115,glaR->cysN,shared_complete_observation_shared_scores,maximum,prefix,complete,0,5000,0.6,0.0,instrument_error,2151398048,921666314,2151398048,glaR,cysN,False,identifiable,alpA|basR|btsR|glrR|nsrR|ptrR|rcdA,5000,0.16169132727541063,0.019538835606681623,2.096812390124334,8.275381938323779,0.25451532770938434,5636,,,,[],0,,False,True,
csd-20260805_174708,paired_hierarchical,1,0,0,948c69fa52a0a115,glaR->cysS,shared_complete_observation_shared_scores,maximum,prefix,complete,0,5000,0.6,0.0,instrument_error,2151398048,921666314,2151398048,glaR,cysS,False,identifiable,alpA|basR|btsR|glrR|nsrR|ptrR|rcdA,5000,-0.18156402929284043,0.015733194851887497,1.359552738724103,-11.540188181871933,-0.24326474243568397,5636,,,,[],0,,False,True,
csd-20260805_174708,paired_hierarchical,1,0,0,948c69fa52a0a115,glaR->dctR,shared_complete_observation_shared_scores,maximum,prefix,complete,0,5000,0.6,0.0,instrument_error,2151398048,921666314,2151398048,glaR,dctR,False,identifiable,alpA|basR|btsR|glrR|nsrR|ptrR|rcdA,5000,0.28517327077011234,0.021525628323522103,2.5449185701237305,13.248081146996746,0.2403120450756239,5636,,,,[],0,,False,True,
csd-20260805_174708,paired_hierarchical,1,0,0,948c69fa52a0a115,glaR->dgcN,shared_complete_observation_shared_scores,maximum,prefix,complete,0,5000,0.6,0.0,instrument_error,2151398048,921666314,2151398048,glaR,dgcN,False,identifiable,alpA|basR|btsR|glrR|nsrR|ptrR|rcdA,5000,-0.08720070496847357,0.017007412029459594,1.5886882479053868,-5.127217757612258,-0.06333133001764864,5636,,,,[],0,,False,True,
csd-20260805_174708,paired_hierarchical,1,0,0,948c69fa52a0a115,glaR->dinQ,shared_complete_observation_shared_scores,maximum,prefix,complete,0,5000,0.6,0.0,instrument_error,2151398048,921666314,2151398048,glaR,dinQ,False,identifiable,alpA|basR|btsR|glrR|nsrR|ptrR|rcdA,5000,-0.1254703741221807,0.014880249574375002,1.2161374070142046,-8.43200737293082,-0.10321457199297944,5636,,,,[],0,,False,True,
csd-20260805_174708,paired_hierarchical,1,0,0,948c69fa52a0a115,glaR->elfC,shared_complete_observation_shared_scores,maximum,prefix,complete,0,5000,0.6,0.0,instrument_error,2151398048,921666314,2151398048,glaR,elfC,False,identifiable,,5000,-0.2593254411240405,0.017602152677367717,1.732601590525227,-14.732598101905616,-0.3277891110200488,5636,,,,[],0,,False,True,
csd-20260805_174708,paired_hierarchical,1,0,0,948c69fa52a0a115,glaR->fhuE,shared_complete_observation_shared_scores,maximum,prefix,complete,0,5000,0.6,0.0,instrument_error,2151398048,921666314,2151398048,glaR,fhuE,False,identifiable,alpA|basR|btsR|glrR|nsrR|ptrR|rcdA,5000,-0.16022349483712045,0.01474332243470806,1.193858741301246,-10.867529727216002,-0.18902764108871772,5636,,,,[],0,,False,True,
csd-20260805_174708,paired_hierarchical,1,0,0,948c69fa52a0a115,glaR->gabD,shared_complete_observation_shared_scores,maximum,prefix,complete,0,5000,0.6,0.0,instrument_error,2151398048,921666314,2151398048,glaR,gabD,False,identifiable,alpA|basR|btsR|glrR|nsrR|ptrR|rcdA,5000,-0.403327678211419,0.01855385629326091,1.8907346942106569,-21.73821289959623,-0.2965438660268055,5636,,,,[],0,,False,True,
csd-20260805_174708,paired_hierarchical,1,0,0,948c69fa52a0a115,glaR->gabP,shared_complete_observation_shared_scores,maximum,prefix,complete,0,5000,0.6,0.0,instrument_error,2151398048,921666314,2151398048,glaR,gabP,False,identifiable,alpA|basR|btsR|glrR|nsrR|ptrR|rcdA,5000,-0.5485796362815635,0.02260991355538582,2.807760242689624,-24.262792289663064,-0.4167866612677691,5636,,,,[],0,,False,True,
csd-20260805_174708,paired_hierarchical,1,0,0,948c69fa52a0a115,glaR->gabT,shared_complete_observation_shared_scores,maximum,prefix,complete,0,5000,0.6,0.0,instrument_error,2151398048,921666314,2151398048,glaR,gabT,False,identifiable,alpA|basR|btsR|glrR|nsrR|ptrR|rcdA,5000,-0.31892254398223463,0.021922656703932224,2.6396635935234696,-14.547622958718781,-0.18076862488201756,5636,,,,[],0,,False,True,
csd-20260805_174708,paired_hierarchical,1,0,0,948c69fa52a0a115,glaR->gadW,shared_complete_observation_shared_scores,maximum,prefix,complete,0,5000,0.6,0.0,instrument_error,2151398048,921666314,2151398048,glaR,gadW,False,identifiable,alpA|basR|btsR|glrR|nsrR|ptrR|rcdA,5000,-0.5086169484943848,0.030857531504051745,5.229793952401658,-16.482749063307313,-0.4066824661576217,5636,,,,[],0,,False,True,
csd-20260805_174708,paired_hierarchical,1,0,0,948c69fa52a0a115,glaR->gadX,shared_complete_observation_shared_scores,maximum,prefix,complete,0,5000,0.6,0.0,instrument_error,2151398048,921666314,2151398048,glaR,gadX,False,identifiable,alpA|basR|btsR|glrR|nsrR|ptrR|rcdA,5000,0.15198464175642254,0.05649775798055469,17.53172477660637,2.690100407324701,0.15997503017791861,5636,,,,[],0,,False,True,
csd-20260805_174708,paired_hierarchical,1,0,0,948c69fa52a0a115,glaR->gcvA,shared_complete_observation_shared_scores,maximum,prefix,complete,0,5000,0.6,0.0,instrument_error,2151398048,921666314,2151398048,glaR,gcvA,False,identifiable,alpA|basR|btsR|glrR|nsrR|ptrR|rcdA,5000,-0.13799759128590186,0.014036405741762285,1.0821165609443322,-9.831405120708354,-0.09484547189753882,5636,,,,[],0,,False,True,
csd-20260805_174708,paired_hierarchical,1,0,0,948c69fa52a0a115,glaR->gdhA,shared_complete_observation_shared_scores,maximum,prefix,complete,0,5000,0.6,0.0,instrument_error,2151398048,921666314,2151398048,glaR,gdhA,False,identifiable,alpA|basR|btsR|glrR|nsrR|ptrR|rcdA,5000,-0.3604480434554097,0.01973296361802144,2.1386851147309156,-18.266290377499345,-0.3404117644701214,5636,,,,[],0,,False,True,
csd-20260805_174708,paired_hierarchical,1,0,0,948c69fa52a0a115,glaR->glaH,shared_complete_observation_shared_scores,maximum,prefix,complete,0,5000,0.6,0.0,instrument_error,2151398048,921666314,2151398048,glaR,glaH,False,identifiable,alpA|basR|btsR|glrR|nsrR|ptrR|rcdA,5000,-0.2835785187813263,0.01824607481471681,1.8285259114380745,-15.541891703337708,-0.22056642482556235,5636,,,,[],0,,False,True,
csd-20260805_174708,paired_hierarchical,1,0,0,948c69fa52a0a115,glaR->gltF,shared_complete_observation_shared_scores,maximum,prefix,complete,0,5000,0.6,0.0,instrument_error,2151398048,921666314,2151398048,glaR,gltF,False,identifiable,alpA|basR|btsR|glrR|nsrR|ptrR|rcdA,5000,0.19732223818729208,0.022005867396604765,2.65974009179907,8.966801200380608,0.13091469208413822,5636,,,,[],0,,False,True,
csd-20260805_174708,paired_hierarchical,1,0,0,948c69fa52a0a115,glaR->hinT,shared_complete_observation_shared_scores,maximum,prefix,complete,0,5000,0.6,0.0,instrument_error,2151398048,921666314,2151398048,glaR,hinT,False,identifiable,,5000,0.18862933447542712,0.01364035036941155,1.0404427616386773,13.828774875052176,0.19973838467873245,5636,,,,[],0,,False,True,
csd-20260805_174708,paired_hierarchical,1,0,0,948c69fa52a0a115,glaR->htrE,shared_complete_observation_shared_scores,maximum,prefix,complete,0,5000,0.6,0.0,instrument_error,2151398048,921666314,2151398048,glaR,htrE,False,identifiable,alpA|basR|btsR|glrR|nsrR|ptrR|rcdA,5000,0.21105676000020507,0.021027106605076985,2.4284057329205666,10.037365766207962,0.21571569917518438,5636,,,,[],0,,False,True,
csd-20260805_174708,paired_hierarchical,1,0,0,948c69fa52a0a115,glaR->hxpA,shared_complete_observation_shared_scores,maximum,prefix,complete,0,5000,0.6,0.0,instrument_error,2151398048,921666314,2151398048,glaR,hxpA,False,identifiable,,5000,-0.21666032943041508,0.015739240602732282,1.385270833120042,-13.765615184305876,-0.1498512511567497,5636,,,,[],0,,False,True,
csd-20260805_174708,paired_hierarchical,1,0,0,948c69fa52a0a115,glaR->idnD,shared_complete_observation_shared_scores,maximum,prefix,complete,0,5000,0.6,0.0,instrument_error,2151398048,921666314,2151398048,glaR,idnD,False,identifiable,alpA|basR|btsR|glrR|nsrR|ptrR|rcdA,5000,0.44423985090693435,0.014482731331894124,1.1520283449974604,30.673761787503548,0.45011805658124204,5636,,,,[],0,,False,True,
csd-20260805_174708,paired_hierarchical,1,0,0,948c69fa52a0a115,glaR->idnK,shared_complete_observation_shared_scores,maximum,prefix,complete,0,5000,0.6,0.0,instrument_error,2151398048,921666314,2151398048,glaR,idnK,False,identifiable,alpA|basR|btsR|glrR|nsrR|ptrR|rcdA,5000,-0.19349354068903518,0.01678284855919119,1.5470115916032718,-11.529243084486259,-0.1437078073887511,5636,,,,[],0,,False,True,
csd-20260805_174708,paired_hierarchical,1,0,0,948c69fa52a0a115,glaR->inaA,shared_complete_observation_shared_scores,maximum,prefix,complete,0,5000,0.6,0.0,instrument_error,2151398048,921666314,2151398048,glaR,inaA,False,identifiable,alpA|basR|btsR|glrR|nsrR|ptrR|rcdA,5000,-0.48259636236157744,0.021705870352460178,2.587716087316278,-22.23344904052093,-0.3597544504498529,5636,,,,[],0,,False,True,
csd-20260805_174708,paired_hierarchical,1,0,0,948c69fa52a0a115,glaR->kdgT,shared_complete_observation_shared_scores,maximum,prefix,complete,0,5000,0.6,0.0,instrument_error,2151398048,921666314,2151398048,glaR,kdgT,False,identifiable,,5000,-0.226341935504573,0.01401626653085027,1.0985803741095839,-16.148518223906976,-0.26458665892119976,5636,,,,[],0,,False,True,
csd-20260805_174708,paired_hierarchical,1,0,0,948c69fa52a0a115,glaR->kdsA,shared_complete_observation_shared_scores,maximum,prefix,complete,0,5000,0.6,0.0,instrument_error,2151398048,921666314,2151398048,glaR,kdsA,False,identifiable,alpA|basR|btsR|glrR|nsrR|ptrR|rcdA,5000,0.30701548945066115,0.014302166888551309,1.1234814322295998,21.466361834752668,0.3157966093600006,5636,,,,[],0,,False,True,
csd-20260805_174708,paired_hierarchical,1,0,0,948c69fa52a0a115,glaR->ldcC,shared_complete_observation_shared_scores,maximum,prefix,complete,0,5000,0.6,0.0,instrument_error,2151398048,921666314,2151398048,glaR,ldcC,False,identifiable,alpA|basR|btsR|glrR|nsrR|ptrR|rcdA,5000,-0.24371569923443814,0.015144959845519427,1.2597909054761576,-16.092198442278498,-0.28166755566541096,5636,,,,[],0,,False,True,
csd-20260805_174708,paired_hierarchical,1,0,0,948c69fa52a0a115,glaR->lhgD,shared_complete_observation_shared_scores,maximum,prefix,complete,0,5000,0.6,0.0,instrument_error,2151398048,921666314,2151398048,glaR,lhgD,False,identifiable,alpA|basR|btsR|glrR|nsrR|ptrR|rcdA,5000,-0.34145887133934255,0.016008369617792877,1.4075259897422059,-21.330021700637154,-0.29129338688166706,5636,,,,[],0,,False,True,
csd-20260805_174708,paired_hierarchical,1,0,0,948c69fa52a0a115,glaR->lsrG,shared_complete_observation_shared_scores,maximum,prefix,complete,0,5000,0.6,0.0,instrument_error,2151398048,921666314,2151398048,glaR,lsrG,False,identifiable,alpA|basR|btsR|glrR|nsrR|ptrR|rcdA,5000,0.21755873101180878,0.015848459561492105,1.3795464517257994,13.72743705264728,0.20373672329367332,5636,,,,[],0,,False,True,
csd-20260805_174708,paired_hierarchical,1,0,0,948c69fa52a0a115,glaR->mglA,shared_complete_observation_shared_scores,maximum,prefix,complete,0,5000,0.6,0.0,instrument_error,2151398048,921666314,2151398048,glaR,mglA,False,identifiable,alpA|basR|btsR|glrR|nsrR|ptrR|rcdA,5000,-0.13422937358634357,0.020143194527512544,2.228532182054886,-6.663757995436455,-0.1265532482151586,5636,,,,[],0,,False,True,
csd-20260805_174708,paired_hierarchical,1,0,0,948c69fa52a0a115,glaR->mrdA,shared_complete_observation_shared_scores,maximum,prefix,complete,0,5000,0.6,0.0,instrument_error,2151398048,921666314,2151398048,glaR,mrdA,False,identifiable,,5000,-0.16394966298275368,0.013814217155077907,1.067135822311662,-11.868183418738871,-0.1910754744035247,5636,,,,[],0,,False,True,
csd-20260805_174708,paired_hierarchical,1,0,0,948c69fa52a0a115,glaR->murD,shared_complete_observation_shared_scores,maximum,prefix,complete,0,5000,0.6,0.0,instrument_error,2151398048,921666314,2151398048,glaR,murD,False,identifiable,alpA|basR|btsR|glrR|nsrR|ptrR|rcdA,5000,0.027714624726903826,0.017238768099868514,1.6322048775784497,1.6076917194051246,0.12666806223393962,5636,,,,[],0,,False,True,
csd-20260805_174708,paired_hierarchical,1,0,0,948c69fa52a0a115,glaR->nlpA,shared_complete_observation_shared_scores,maximum,prefix,complete,0,5000,0.6,0.0,instrument_error,2151398048,921666314,2151398048,glaR,nlpA,False,identifiable,alpA|basR|btsR|glrR|nsrR|ptrR|rcdA,5000,-0.09234974837960122,0.02441345472202548,3.27356295226654,-3.7827398633706912,-0.11119615654810104,5636,,,,[],0,,False,True,
csd-20260805_174708,paired_hierarchical,1,0,0,948c69fa52a0a115,glaR->orn,shared_complete_observation_shared_scores,maximum,prefix,complete,0,5000,0.6,0.0,instrument_error,2151398048,921666314,2151398048,glaR,orn,False,identifiable,,5000,0.34674303085050506,0.01379866646338322,1.064734620761192,25.128734850620415,0.2953661190353301,5636,,,,[],0,,False,True,
csd-20260805_174708,paired_hierarchical,1,0,0,948c69fa52a0a115,glaR->oxc,shared_complete_observation_shared_scores,maximum,prefix,complete,0,5000,0.6,0.0,instrument_error,2151398048,921666314,2151398048,glaR,oxc,False,identifiable,alpA|basR|btsR|glrR|nsrR|ptrR|rcdA,5000,-0.5077322885489877,0.018009119852530824,1.7813415300430457,-28.19306510848924,-0.4279657545140921,5636,,,,[],0,,False,True,
csd-20260805_174708,paired_hierarchical,1,0,0,948c69fa52a0a115,glaR->pdeG,shared_complete_observation_shared_scores,maximum,prefix,complete,0,5000,0.6,0.0,instrument_error,2151398048,921666314,2151398048,glaR,pdeG,False,identifiable,alpA|basR|btsR|glrR|nsrR|ptrR|rcdA,5000,-0.13913294294063147,0.017871361856226314,1.7541935639119666,-7.785245694197506,-0.1405376321678625,5636,,,,[],0,,False,True,
csd-20260805_174708,paired_hierarchical,1,0,0,948c69fa52a0a115,glaR->pdhR,shared_complete_observation_shared_scores,maximum,prefix,complete,0,5000,0.6,0.0,instrument_error,2151398048,921666314,2151398048,glaR,pdhR,False,identifiable,alpA|basR|btsR|glrR|nsrR|ptrR|rcdA,5000,0.11767648011468482,0.012396856845244815,0.8440834569710903,9.492444865959968,0.20618780432743158,5636,,,,[],0,,False,True,
csd-20260805_174708,paired_hierarchical,1,0,0,948c69fa52a0a115,glaR->pdxA,shared_complete_observation_shared_scores,maximum,prefix,complete,0,5000,0.6,0.0,instrument_error,2151398048,921666314,2151398048,glaR,pdxA,False,identifiable,alpA|basR|btsR|glrR|nsrR|ptrR|rcdA,5000,-0.3815457090658304,0.01715745789988874,1.6168439288556495,-22.237892774797633,-0.3223193694837937,5636,,,,[],0,,False,True,
csd-20260805_174708,paired_hierarchical,1,0,0,948c69fa52a0a115,glaR->phoH,shared_complete_observation_shared_scores,maximum,prefix,complete,0,5000,0.6,0.0,instrument_error,2151398048,921666314,2151398048,glaR,phoH,False,identifiable,alpA|basR|btsR|glrR|nsrR|ptrR|rcdA,5000,-0.5653589795483531,0.021078650558548167,2.4403258747866285,-26.821402915618776,-0.5306812057635635,5636,,,,[],0,,False,True,
csd-20260805_174708,paired_hierarchical,1,0,0,948c69fa52a0a115,glaR->pliG,shared_complete_observation_shared_scores,maximum,prefix,complete,0,5000,0.6,0.0,instrument_error,2151398048,921666314,2151398048,glaR,pliG,False,identifiable,zur,5000,0.44670427031208904,0.016294553654396454,1.4778916260885777,27.4143299526074,0.4218571509707738,5636,,,,[],0,,False,True,
csd-20260805_174708,paired_hierarchical,1,0,0,948c69fa52a0a115,glaR->ppiB,shared_complete_observation_shared_scores,maximum,prefix,complete,0,5000,0.6,0.0,instrument_error,2151398048,921666314,2151398048,glaR,ppiB,False,identifiable,alpA|basR|btsR|glrR|nsrR|ptrR|rcdA,5000,0.13642239330452546,0.01627709440830179,1.455177534286955,8.381249741658197,0.08102921265846175,5636,,,,[],0,,False,True,
csd-20260805_174708,paired_hierarchical,1,0,0,948c69fa52a0a115,glaR->ppx,shared_complete_observation_shared_scores,maximum,prefix,complete,0,5000,0.6,0.0,instrument_error,2151398048,921666314,2151398048,glaR,ppx,False,identifiable,alpA|basR|btsR|glrR|nsrR|ptrR|rcdA,5000,-0.10014656159636062,0.014560612034283438,1.1644516939892173,-6.8779087967293036,-0.09936885162380774,5636,,,,[],0,,False,True,
csd-20260805_174708,paired_hierarchical,1,0,0,948c69fa52a0a115,glaR->priC,shared_complete_observation_shared_scores,maximum,prefix,complete,0,5000,0.6,0.0,instrument_error,2151398048,921666314,2151398048,glaR,priC,False,identifiable,,5000,0.2913791136385184,0.014147429281667163,1.1192373766434176,20.59590529398156,0.2794876344825026,5636,,,,[],0,,False,True,
csd-20260805_174708,paired_hierarchical,1,0,0,948c69fa52a0a115,glaR->prmC,shared_complete_observation_shared_scores,maximum,prefix,complete,0,5000,0.6,0.0,instrument_error,2151398048,921666314,2151398048,glaR,prmC,False,identifiable,alpA|basR|btsR|glrR|nsrR|ptrR|rcdA,5000,-0.3950147500859328,0.015453185501919955,1.3115904696607803,-25.56202732678352,-0.4088354936943101,5636,,,,[],0,,False,True,
csd-20260805_174708,paired_hierarchical,1,0,0,948c69fa52a0a115,glaR->rfbB,shared_complete_observation_shared_scores,maximum,prefix,complete,0,5000,0.6,0.0,instrument_error,2151398048,921666314,2151398048,glaR,rfbB,False,identifiable,alpA|basR|btsR|glrR|nsrR|ptrR|rcdA,5000,0.2799686677175135,0.01482763587445247,1.2075525552496298,18.881544575820772,0.25028398590627327,5636,,,,[],0,,False,True,
csd-20260805_174708,paired_hierarchical,1,0,0,948c69fa52a0a115,glaR->rhsD,shared_complete_observation_shared_scores,maximum,prefix,complete,0,5000,0.6,0.0,instrument_error,2151398048,921666314,2151398048,glaR,rhsD,False,identifiable,,5000,-0.22115387483838292,0.025374479643069738,3.600488525791878,-8.715602366994128,-0.11926904870229,5636,,,,[],0,,False,True,
csd-20260805_174708,paired_hierarchical,1,0,0,948c69fa52a0a115,glaR->rpiB,shared_complete_observation_shared_scores,maximum,prefix,complete,0,5000,0.6,0.0,instrument_error,2151398048,921666314,2151398048,glaR,rpiB,False,identifiable,alpA|basR|btsR|glrR|nsrR|ptrR|rcdA,5000,0.047677933940791686,0.014398451498691114,1.138659285389595,3.311323717354316,0.09875907733278146,5636,,,,[],0,,False,True,
csd-20260805_174708,paired_hierarchical,1,0,0,948c69fa52a0a115,glaR->rpsF,shared_complete_observation_shared_scores,maximum,prefix,complete,0,5000,0.6,0.0,instrument_error,2151398048,921666314,2151398048,glaR,rpsF,False,identifiable,alpA|basR|btsR|glrR|nsrR|ptrR|rcdA,5000,0.18516419172063678,0.014682771596498025,1.1840725208596221,12.610983594187362,0.2912620656732374,5636,,,,[],0,,False,True,
csd-20260805_174708,paired_hierarchical,1,0,0,948c69fa52a0a115,glaR->rsgA,shared_complete_observation_shared_scores,maximum,prefix,complete,0,5000,0.6,0.0,instrument_error,2151398048,921666314,2151398048,glaR,rsgA,False,identifiable,,5000,-0.19991381811990033,0.014196542033241683,1.1270217222205599,-14.081867094944345,-0.20864847800013192,5636,,,,[],0,,False,True,
csd-20260805_174708,paired_hierarchical,1,0,0,948c69fa52a0a115,glaR->rssB,shared_complete_observation_shared_scores,maximum,prefix,complete,0,5000,0.6,0.0,instrument_error,2151398048,921666314,2151398048,glaR,rssB,False,identifiable,alpA|basR|btsR|glrR|nsrR|ptrR|rcdA,5000,-0.21890777133644557,0.014376838760947402,1.1352434910608964,-15.226419032470252,-0.25068706604667496,5636,,,,[],0,,False,True,
csd-20260805_174708,paired_hierarchical,1,0,0,948c69fa52a0a115,glaR->safA,shared_complete_observation_shared_scores,maximum,prefix,complete,0,5000,0.6,0.0,instrument_error,2151398048,921666314,2151398048,glaR,safA,False,identifiable,alpA|basR|btsR|glrR|nsrR|ptrR|rcdA,5000,0.12094844204771124,0.01718099103693324,1.621282290788867,7.039666209458671,0.2033549496306003,5636,,,,[],0,,False,True,
csd-20260805_174708,paired_hierarchical,1,0,0,948c69fa52a0a115,glaR->sgcC,shared_complete_observation_shared_scores,maximum,prefix,complete,0,5000,0.6,0.0,instrument_error,2151398048,921666314,2151398048,glaR,sgcC,False,identifiable,alpA|basR|btsR|glrR|nsrR|ptrR|rcdA,5000,-0.28667486510943674,0.015584239054945336,1.3339311653558334,-18.395178879039744,-0.2891396684849703,5636,,,,[],0,,False,True,
csd-20260805_174708,paired_hierarchical,1,0,0,948c69fa52a0a115,glaR->smg,shared_complete_observation_shared_scores,maximum,prefix,complete,0,5000,0.6,0.0,instrument_error,2151398048,921666314,2151398048,glaR,smg,False,identifiable,,5000,0.14932353325137004,0.016088273836006164,1.4473915767129133,9.281513652333437,0.13647049427656366,5636,,,,[],0,,False,True,
csd-20260805_174708,paired_hierarchical,1,0,0,948c69fa52a0a115,glaR->tam,shared_complete_observation_shared_scores,maximum,prefix,complete,0,5000,0.6,0.0,instrument_error,2151398048,921666314,2151398048,glaR,tam,False,identifiable,alpA|basR|btsR|glrR|nsrR|ptrR|rcdA,5000,-0.23444038613494667,0.015220438253810125,1.2723791140088765,-15.402998404218703,-0.261059634869506,5636,,,,[],0,,False,True,
csd-20260805_174708,paired_hierarchical,1,0,0,948c69fa52a0a115,glaR->tar,shared_complete_observation_shared_scores,maximum,prefix,complete,0,5000,0.6,0.0,instrument_error,2151398048,921666314,2151398048,glaR,tar,False,identifiable,alpA|basR|btsR|glrR|nsrR|ptrR|rcdA,5000,-0.41319082210033864,0.018815253502025266,1.9443854586615508,-21.960417490833326,-0.32222255050795784,5636,,,,[],0,,False,True,
csd-20260805_174708,paired_hierarchical,1,0,0,948c69fa52a0a115,glaR->tehA,shared_complete_observation_shared_scores,maximum,prefix,complete,0,5000,0.6,0.0,instrument_error,2151398048,921666314,2151398048,glaR,tehA,False,identifiable,nsrR,5000,-0.332644527788182,0.01411691828974282,1.1137946151618703,-23.563537095052638,-0.35297780503813186,5636,,,,[],0,,False,True,
csd-20260805_174708,paired_hierarchical,1,0,0,948c69fa52a0a115,glaR->ttdA,shared_complete_observation_shared_scores,maximum,prefix,complete,0,5000,0.6,0.0,instrument_error,2151398048,921666314,2151398048,glaR,ttdA,False,identifiable,alpA|basR|btsR|glrR|nsrR|ptrR|rcdA,5000,-0.46674716243482783,0.01803463916531945,1.7863935059285518,-25.88059334906911,-0.29818979433058607,5636,,,,[],0,,False,True,
csd-20260805_174708,paired_hierarchical,1,0,0,948c69fa52a0a115,glaR->ttdR,shared_complete_observation_shared_scores,maximum,prefix,complete,0,5000,0.6,0.0,instrument_error,2151398048,921666314,2151398048,glaR,ttdR,False,identifiable,alpA|basR|btsR|glrR|nsrR|ptrR|rcdA,5000,-0.4128831008700684,0.02057292753271168,2.324633055418347,-20.069243923285576,-0.4269465800606801,5636,,,,[],0,,False,True,
csd-20260805_174708,paired_hierarchical,1,0,0,948c69fa52a0a115,glaR->yadN,shared_complete_observation_shared_scores,maximum,prefix,complete,0,5000,0.6,0.0,instrument_error,2151398048,921666314,2151398048,glaR,yadN,False,identifiable,,5000,0.2802705099395709,0.013268549512429144,0.984496190993749,21.122920005463378,0.2556895149339562,5636,,,,[],0,,False,True,
csd-20260805_174708,paired_hierarchical,1,0,0,948c69fa52a0a115,glaR->ybaN,shared_complete_observation_shared_scores,maximum,prefix,complete,0,5000,0.6,0.0,instrument_error,2151398048,921666314,2151398048,glaR,ybaN,False,identifiable,alpA|basR|btsR|glrR|nsrR|ptrR|rcdA,5000,-0.054204625561843016,0.0154593866853909,1.3126433328470934,-3.506259767282121,-0.09111446098168624,5636,,,,[],0,,False,True,
csd-20260805_174708,paired_hierarchical,1,0,0,948c69fa52a0a115,glaR->ycbU,shared_complete_observation_shared_scores,maximum,prefix,complete,0,5000,0.6,0.0,instrument_error,2151398048,921666314,2151398048,glaR,ycbU,False,identifiable,,5000,-0.13618175921150266,0.013425062895772895,1.00785904910081,-10.143845155048156,-0.10586279228136686,5636,,,,[],0,,False,True,
csd-20260805_174708,paired_hierarchical,1,0,0,948c69fa52a0a115,glaR->ycbV,shared_complete_observation_shared_scores,maximum,prefix,complete,0,5000,0.6,0.0,instrument_error,2151398048,921666314,2151398048,glaR,ycbV,False,identifiable,,5000,-0.3422556338241602,0.013336289310415158,0.9945741287292612,-25.663482986745866,-0.3641023438455893,5636,,,,[],0,,False,True,
csd-20260805_174708,paired_hierarchical,1,0,0,948c69fa52a0a115,glaR->yccU,shared_complete_observation_shared_scores,maximum,prefix,complete,0,5000,0.6,0.0,instrument_error,2151398048,921666314,2151398048,glaR,yccU,False,identifiable,,5000,-0.07376440232635323,0.01742917934123121,1.6987169444137358,-4.232236118648054,-0.1899191192341928,5636,,,,[],0,,False,True,
csd-20260805_174708,paired_hierarchical,1,0,0,948c69fa52a0a115,glaR->ycgJ,shared_complete_observation_shared_scores,maximum,prefix,complete,0,5000,0.6,0.0,instrument_error,2151398048,921666314,2151398048,glaR,ycgJ,False,identifiable,alpA|basR|btsR|glrR|nsrR|ptrR|rcdA,5000,-0.207296710243388,0.01419918457889345,1.10736049459149,-14.599198220968738,-0.21164784703828182,5636,,,,[],0,,False,True,
csd-20260805_174708,paired_hierarchical,1,0,0,948c69fa52a0a115,glaR->ycgV,shared_complete_observation_shared_scores,maximum,prefix,complete,0,5000,0.6,0.0,instrument_error,2151398048,921666314,2151398048,glaR,ycgV,False,identifiable,alpA|basR|btsR|glrR|nsrR|ptrR|rcdA,5000,-0.11081495413718354,0.013861854759001459,1.0553703885268324,-7.994237139530245,-0.07984304816677285,5636,,,,[],0,,False,True,
csd-20260805_174708,paired_hierarchical,1,0,0,948c69fa52a0a115,glaR->ycgY,shared_complete_observation_shared_scores,maximum,prefix,complete,0,5000,0.6,0.0,instrument_error,2151398048,921666314,2151398048,glaR,ycgY,False,identifiable,,5000,0.22242773921393266,0.013015059510608648,0.9472387541224814,17.090028595922327,0.21915366119848415,5636,,,,[],0,,False,True,
csd-20260805_174708,paired_hierarchical,1,0,0,948c69fa52a0a115,glaR->ychQ,shared_complete_observation_shared_scores,maximum,prefix,complete,0,5000,0.6,0.0,instrument_error,2151398048,921666314,2151398048,glaR,ychQ,False,identifiable,alpA|basR|btsR|glrR|nsrR|ptrR|rcdA,5000,0.36638246129065566,0.015440769097481445,1.309483629585124,23.72825206941386,0.4232861351684797,5636,,,,[],0,,False,True,
csd-20260805_174708,paired_hierarchical,1,0,0,948c69fa52a0a115,glaR->yciU,shared_complete_observation_shared_scores,maximum,prefix,complete,0,5000,0.6,0.0,instrument_error,2151398048,921666314,2151398048,glaR,yciU,False,identifiable,,5000,-0.1224907898185224,0.013583231294912543,1.0317472815317679,-9.017794599757721,-0.1380783915080884,5636,,,,[],0,,False,True,
csd-20260805_174708,paired_hierarchical,1,0,0,948c69fa52a0a115,glaR->ycjP,shared_complete_observation_shared_scores,maximum,prefix,complete,0,5000,0.6,0.0,instrument_error,2151398048,921666314,2151398048,glaR,ycjP,False,identifiable,ycjW,5000,-0.2625221234962121,0.015914913845072088,1.4046603388601568,-16.495353104126277,-0.3009452281424059,5636,,,,[],0,,False,True,
csd-20260805_174708,paired_hierarchical,1,0,0,948c69fa52a0a115,glaR->ydcK,shared_complete_observation_shared_scores,maximum,prefix,complete,0,5000,0.6,0.0,instrument_error,2151398048,921666314,2151398048,glaR,ydcK,False,identifiable,alpA|basR|btsR|glrR|nsrR|ptrR|rcdA,5000,-0.1399007248623383,0.016547090798205783,1.5038534497427367,-8.454702193179955,-0.07400278346835328,5636,,,,[],0,,False,True,
csd-20260805_174708,paired_hierarchical,1,0,0,948c69fa52a0a115,glaR->ydeO,shared_complete_observation_shared_scores,maximum,prefix,complete,0,5000,0.6,0.0,instrument_error,2151398048,921666314,2151398048,glaR,ydeO,False,identifiable,alpA|basR|btsR|glrR|nsrR|ptrR|rcdA,5000,0.029911835107120376,0.01372488632577711,1.0346172825822186,2.1793867283943973,0.13163783845356297,5636,,,,[],0,,False,True,
csd-20260805_174708,paired_hierarchical,1,0,0,948c69fa52a0a115,glaR->ydfI,shared_complete_observation_shared_scores,maximum,prefix,complete,0,5000,0.6,0.0,instrument_error,2151398048,921666314,2151398048,glaR,ydfI,False,identifiable,,5000,-0.4305256843643872,0.014164781383287441,1.121984593894554,-30.39409311832728,-0.42640392841640595,5636,,,,[],0,,False,True,
csd-20260805_174708,paired_hierarchical,1,0,0,948c69fa52a0a115,glaR->ydfK,shared_complete_observation_shared_scores,maximum,prefix,complete,0,5000,0.6,0.0,instrument_error,2151398048,921666314,2151398048,glaR,ydfK,False,identifiable,alpA|basR|btsR|glrR|nsrR|ptrR|rcdA,5000,0.21113755320937683,0.018212440889230106,1.821790893483481,11.593039861792091,0.17519754800954823,5636,,,,[],0,,False,True,
csd-20260805_174708,paired_hierarchical,1,0,0,948c69fa52a0a115,glaR->ydhS,shared_complete_observation_shared_scores,maximum,prefix,complete,0,5000,0.6,0.0,instrument_error,2151398048,921666314,2151398048,glaR,ydhS,False,identifiable,,5000,-0.2385641843767563,0.016893739407505985,1.5959479488392183,-14.12145521025149,-0.331730803568504,5636,,,,[],0,,False,True,
csd-20260805_174708,paired_hierarchical,1,0,0,948c69fa52a0a115,glaR->yeaE,shared_complete_observation_shared_scores,maximum,prefix,complete,0,5000,0.6,0.0,instrument_error,2151398048,921666314,2151398048,glaR,yeaE,False,identifiable,alpA|basR|btsR|glrR|nsrR|ptrR|rcdA,5000,-0.11762044373466486,0.014798549094075679,1.2028195869231282,-7.94810646550154,-0.07994172681724192,5636,,,,[],0,,False,True,
csd-20260805_174708,paired_hierarchical,1,0,0,948c69fa52a0a115,glaR->yehD,shared_complete_observation_shared_scores,maximum,prefix,complete,0,5000,0.6,0.0,instrument_error,2151398048,921666314,2151398048,glaR,yehD,False,identifiable,,5000,0.1662333109456334,0.01395192910126949,1.088518119642411,11.914718727355616,0.13921484983104487,5636,,,,[],0,,False,True,
csd-20260805_174708,paired_hierarchical,1,0,0,948c69fa52a0a115,glaR->yehE,shared_complete_observation_shared_scores,maximum,prefix,complete,0,5000,0.6,0.0,instrument_error,2151398048,921666314,2151398048,glaR,yehE,False,identifiable,alpA|basR|btsR|glrR|nsrR|ptrR|rcdA,5000,-0.18285106913461457,0.015399892061722174,1.3025594983402875,-11.873529269020493,-0.21546549376198693,5636,,,,[],0,,False,True,
csd-20260805_174708,paired_hierarchical,1,0,0,948c69fa52a0a115,glaR->yehS,shared_complete_observation_shared_scores,maximum,prefix,complete,0,5000,0.6,0.0,instrument_error,2151398048,921666314,2151398048,glaR,yehS,False,identifiable,,5000,0.23939033971644633,0.01343533378010828,1.0094017701387232,17.81796743084093,0.22739772249078563,5636,,,,[],0,,False,True,
csd-20260805_174708,paired_hierarchical,1,0,0,948c69fa52a0a115,glaR->yfbN,shared_complete_observation_shared_scores,maximum,prefix,complete,0,5000,0.6,0.0,instrument_error,2151398048,921666314,2151398048,glaR,yfbN,False,identifiable,,5000,0.22200207615808548,0.015112628799359264,1.277165480653654,14.689838485776729,0.15773582201340733,5636,,,,[],0,,False,True,
csd-20260805_174708,paired_hierarchical,1,0,0,948c69fa52a0a115,glaR->yfbO,shared_complete_observation_shared_scores,maximum,prefix,complete,0,5000,0.6,0.0,instrument_error,2151398048,921666314,2151398048,glaR,yfbO,False,identifiable,,5000,0.27995710840112537,0.014708253123233341,1.2097324546498391,19.034014852443736,0.328683732562819,5636,,,,[],0,,False,True,
csd-20260805_174708,paired_hierarchical,1,0,0,948c69fa52a0a115,glaR->yfbU,shared_complete_observation_shared_scores,maximum,prefix,complete,0,5000,0.6,0.0,instrument_error,2151398048,921666314,2151398048,glaR,yfbU,False,identifiable,,5000,0.23172760397698833,0.01619857707506693,1.4673066126960714,14.305429600583041,0.2741482084522475,5636,,,,[],0,,False,True,
csd-20260805_174708,paired_hierarchical,1,0,0,948c69fa52a0a115,glaR->yfcO,shared_complete_observation_shared_scores,maximum,prefix,complete,0,5000,0.6,0.0,instrument_error,2151398048,921666314,2151398048,glaR,yfcO,False,identifiable,alpA|basR|btsR|glrR|nsrR|ptrR|rcdA,5000,-0.12340692775113252,0.014495514701961849,1.154062947963883,-8.513456078550313,-0.13604233693465081,5636,,,,[],0,,False,True,
csd-20260805_174708,paired_hierarchical,1,0,0,948c69fa52a0a115,glaR->yfcV,shared_complete_observation_shared_scores,maximum,prefix,complete,0,5000,0.6,0.0,instrument_error,2151398048,921666314,2151398048,glaR,yfcV,False,identifiable,,5000,0.11291912177049637,0.013570805177387037,1.029860433186695,8.320738548266313,0.09118685102025277,5636,,,,[],0,,False,True,
csd-20260805_174708,paired_hierarchical,1,0,0,948c69fa52a0a115,glaR->yfdC,shared_complete_observation_shared_scores,maximum,prefix,complete,0,5000,0.6,0.0,instrument_error,2151398048,921666314,2151398048,glaR,yfdC,False,identifiable,,5000,-0.32793685593800637,0.01323055272160257,0.9788657135863937,-24.786330763230918,-0.33014252267339145,5636,,,,[],0,,False,True,
csd-20260805_174708,paired_hierarchical,1,0,0,948c69fa52a0a115,glaR->yfdV,shared_complete_observation_shared_scores,maximum,prefix,complete,0,5000,0.6,0.0,instrument_error,2151398048,921666314,2151398048,glaR,yfdV,False,identifiable,alpA|basR|btsR|glrR|nsrR|ptrR|rcdA,5000,0.267065614827169,0.0191341515776027,2.01085444975767,13.957536279778411,0.361950421556199,5636,,,,[],0,,False,True,
csd-20260805_174708,paired_hierarchical,1,0,0,948c69fa52a0a115,glaR->yfiL,shared_complete_observation_shared_scores,maximum,prefix,complete,0,5000,0.6,0.0,instrument_error,2151398048,921666314,2151398048,glaR,yfiL,False,identifiable,alpA|basR|btsR|glrR|nsrR|ptrR|rcdA,5000,-0.27080798830625963,0.014513771023184404,1.1569717389828198,-18.658692346301244,-0.23299732943170973,5636,,,,[],0,,False,True,
csd-20260805_174708,paired_hierarchical,1,0,0,948c69fa52a0a115,glaR->yfiR,shared_complete_observation_shared_scores,maximum,prefix,complete,0,5000,0.6,0.0,instrument_error,2151398048,921666314,2151398048,glaR,yfiR,False,identifiable,alpA|basR|btsR|glrR|nsrR|ptrR|rcdA,5000,-0.39873939025675065,0.01648758314091691,1.4930564001996853,-24.18422317260114,-0.4122301544934951,5636,,,,[],0,,False,True,
csd-20260805_174708,paired_hierarchical,1,0,0,948c69fa52a0a115,glaR->yfjD,shared_complete_observation_shared_scores,maximum,prefix,complete,0,5000,0.6,0.0,instrument_error,2151398048,921666314,2151398048,glaR,yfjD,False,identifiable,,5000,-0.23840649411788845,0.013372398044277995,0.9999671476774412,-17.828252892898426,-0.24293880473595839,5636,,,,[],0,,False,True,
csd-20260805_174708,paired_hierarchical,1,0,0,948c69fa52a0a115,glaR->ygiV,shared_complete_observation_shared_scores,maximum,prefix,complete,0,5000,0.6,0.0,instrument_error,2151398048,921666314,2151398048,glaR,ygiV,False,identifiable,alpA|basR|btsR|glrR|nsrR|ptrR|rcdA,5000,-0.17537587198192436,0.014484155807962132,1.1522549759378717,-12.108118298859912,-0.1873084492584993,5636,,,,[],0,,False,True,
csd-20260805_174708,paired_hierarchical,1,0,0,948c69fa52a0a115,glaR->ygiW,shared_complete_observation_shared_scores,maximum,prefix,complete,0,5000,0.6,0.0,instrument_error,2151398048,921666314,2151398048,glaR,ygiW,False,identifiable,alpA|basR|btsR|glrR|nsrR|ptrR|rcdA,5000,0.2725243019678813,0.015561904333201336,1.3301104292607062,17.512272028716335,0.25113116625224385,5636,,,,[],0,,False,True,
csd-20260805_174708,paired_hierarchical,1,0,0,948c69fa52a0a115,glaR->ygjI,shared_complete_observation_shared_scores,maximum,prefix,complete,0,5000,0.6,0.0,instrument_error,2151398048,921666314,2151398048,glaR,ygjI,False,identifiable,alpA|basR|btsR|glrR|nsrR|ptrR|rcdA,5000,0.15010684311753353,0.015815223427951722,1.373766367851383,9.491288175684934,0.16320050387211546,5636,,,,[],0,,False,True,
csd-20260805_174708,paired_hierarchical,1,0,0,948c69fa52a0a115,glaR->yhcD,shared_complete_observation_shared_scores,maximum,prefix,complete,0,5000,0.6,0.0,instrument_error,2151398048,921666314,2151398048,glaR,yhcD,False,identifiable,alpA|basR|btsR|glrR|nsrR|ptrR|rcdA,5000,-0.18614545950328776,0.017325800629470936,1.6487273473256099,-10.743830168901807,-0.24614306173123102,5636,,,,[],0,,False,True,
csd-20260805_174708,paired_hierarchical,1,0,0,948c69fa52a0a115,glaR->yidB,shared_complete_observation_shared_scores,maximum,prefix,complete,0,5000,0.6,0.0,instrument_error,2151398048,921666314,2151398048,glaR,yidB,False,identifiable,,5000,0.2397854436741093,0.014085058551174532,1.109390531190721,17.024099885911653,0.25271965692178977,5636,,,,[],0,,False,True,
csd-20260805_174708,paired_hierarchical,1,0,0,948c69fa52a0a115,glaR->yigG,shared_complete_observation_shared_scores,maximum,prefix,complete,0,5000,0.6,0.0,instrument_error,2151398048,921666314,2151398048,glaR,yigG,False,identifiable,,5000,0.26307764629323493,0.015793473320415915,1.3948337385361151,16.65736478328422,0.33944656640613025,5636,,,,[],0,,False,True,
csd-20260805_174708,paired_hierarchical,1,0,0,948c69fa52a0a115,glaR->yihD,shared_complete_observation_shared_scores,maximum,prefix,complete,0,5000,0.6,0.0,instrument_error,2151398048,921666314,2151398048,glaR,yihD,False,identifiable,alpA|basR|btsR|glrR|nsrR|ptrR|rcdA,5000,0.22139728911452122,0.022340055440570446,2.741136796249594,9.910328544326473,0.140766310373847,5636,,,,[],0,,False,True,
csd-20260805_174708,paired_hierarchical,1,0,0,948c69fa52a0a115,glaR->yihM,shared_complete_observation_shared_scores,maximum,prefix,complete,0,5000,0.6,0.0,instrument_error,2151398048,921666314,2151398048,glaR,yihM,False,identifiable,,5000,-0.42112839715659434,0.017470646061982002,1.7068095819261846,-24.104912643901294,-0.47685083624332864,5636,,,,[],0,,False,True,
csd-20260805_174708,paired_hierarchical,1,0,0,948c69fa52a0a115,glaR->yjdP,shared_complete_observation_shared_scores,maximum,prefix,complete,0,5000,0.6,0.0,instrument_error,2151398048,921666314,2151398048,glaR,yjdP,False,identifiable,,5000,-0.16291713766355098,0.014581453397414708,1.1889641772479393,-11.172901165835512,-0.18616621412110507,5636,,,,[],0,,False,True,
csd-20260805_174708,paired_hierarchical,1,0,0,948c69fa52a0a115,glaR->yjfY,shared_complete_observation_shared_scores,maximum,prefix,complete,0,5000,0.6,0.0,instrument_error,2151398048,921666314,2151398048,glaR,yjfY,False,identifiable,,5000,-0.2344184625991167,0.021235793643442715,2.521762222228237,-11.038836905984981,-0.14313212672224726,5636,,,,[],0,,False,True,
csd-20260805_174708,paired_hierarchical,1,0,0,948c69fa52a0a115,glaR->yjjP,shared_complete_observation_shared_scores,maximum,prefix,complete,0,5000,0.6,0.0,instrument_error,2151398048,921666314,2151398048,glaR,yjjP,False,identifiable,alpA|basR|btsR|glrR|nsrR|ptrR|rcdA,5000,0.133792737597078,0.014725603941248163,1.1909909118345916,9.085721586081007,0.11475374127993387,5636,,,,[],0,,False,True,
csd-20260805_174708,paired_hierarchical,1,0,0,948c69fa52a0a115,glaR->yjjQ,shared_complete_observation_shared_scores,maximum,prefix,complete,0,5000,0.6,0.0,instrument_error,2151398048,921666314,2151398048,glaR,yjjQ,False,identifiable,alpA|basR|btsR|glrR|nsrR|ptrR|rcdA,5000,-0.16077650806587482,0.016112973564887792,1.4259805621133386,-9.978078063519398,-0.18169406632765941,5636,,,,[],0,,False,True,
csd-20260805_174708,paired_hierarchical,1,0,0,948c69fa52a0a115,glaR->ynaE,shared_complete_observation_shared_scores,maximum,prefix,complete,0,5000,0.6,0.0,instrument_error,2151398048,921666314,2151398048,glaR,ynaE,False,identifiable,,5000,-0.26611380084023006,0.013323423713565579,0.9926561112968738,-19.973379707895923,-0.2752556508363847,5636,,,,[],0,,False,True,
csd-20260805_174708,paired_hierarchical,1,0,0,948c69fa52a0a115,glaR->ynjH,shared_complete_observation_shared_scores,maximum,prefix,complete,0,5000,0.6,0.0,instrument_error,2151398048,921666314,2151398048,glaR,ynjH,False,identifiable,alpA|basR|btsR|glrR|nsrR|ptrR|rcdA,5000,-0.09322668532157431,0.01695565430473536,1.5790334255757368,-5.498265277532702,-0.07774674974352284,5636,,,,[],0,,False,True,
csd-20260805_174708,paired_hierarchical,1,0,0,948c69fa52a0a115,glaR->yobD,shared_complete_observation_shared_scores,maximum,prefix,complete,0,5000,0.6,0.0,instrument_error,2151398048,921666314,2151398048,glaR,yobD,False,identifiable,alpA|basR|btsR|glrR|nsrR|ptrR|rcdA,5000,-0.15995839841099824,0.017921747335493666,1.7640988502767876,-8.925379619330075,-0.110880677709782,5636,,,,[],0,,False,True,
csd-20260805_174708,paired_hierarchical,1,0,0,948c69fa52a0a115,glaR->yodB,shared_complete_observation_shared_scores,maximum,prefix,complete,0,5000,0.6,0.0,instrument_error,2151398048,921666314,2151398048,glaR,yodB,False,identifiable,,5000,0.25130736468581893,0.014253093199199459,1.1360184671424831,17.631777269226998,0.2775854309054604,5636,,,,[],0,,False,True,
csd-20260805_174708,paired_hierarchical,1,0,0,948c69fa52a0a115,glaR->ypdC,shared_complete_observation_shared_scores,maximum,prefix,complete,0,5000,0.6,0.0,instrument_error,2151398048,921666314,2151398048,glaR,ypdC,False,identifiable,,5000,0.1426122214647566,0.017062133896557048,1.6279229022536583,8.35840477688047,0.09343302121530739,5636,,,,[],0,,False,True,
csd-20260805_174708,paired_hierarchical,1,0,0,948c69fa52a0a115,glaR->ypjA,shared_complete_observation_shared_scores,maximum,prefix,complete,0,5000,0.6,0.0,instrument_error,2151398048,921666314,2151398048,glaR,ypjA,False,identifiable,,5000,-0.28579516308012304,0.01847980595147199,1.909685957358495,-15.465268619736687,-0.3531653386647108,5636,,,,[],0,,False,True,
csd-20260805_174708,paired_hierarchical,1,0,0,948c69fa52a0a115,glaR->yqhC,shared_complete_observation_shared_scores,maximum,prefix,complete,0,5000,0.6,0.0,instrument_error,2151398048,921666314,2151398048,glaR,yqhC,False,identifiable,,5000,-0.3369943223766846,0.01389595230239955,1.079801113316686,-24.251257851431493,-0.3412790544877909,5636,,,,[],0,,False,True,
csd-20260805_174708,paired_hierarchical,1,0,0,948c69fa52a0a115,glaR->zraR,shared_complete_observation_shared_scores,maximum,prefix,complete,0,5000,0.6,0.0,instrument_error,2151398048,921666314,2151398048,glaR,zraR,False,identifiable,alpA|basR|btsR|glrR|nsrR|ptrR|rcdA,5000,-0.6285669280460233,0.023350685878915443,2.994756385635328,-26.918563818872205,-0.3927193859617215,5636,,,,[],0,,False,True,
csd-20260805_174708,paired_hierarchical,1,0,0,948c69fa52a0a115,ttdR->ttdA,shared_complete_observation_shared_scores,maximum,prefix,complete,0,5000,0.6,0.0,instrument_error,2151398048,921666314,2151398048,ttdR,ttdA,False,identifiable,glaR|hns|rpoD,5000,0.2949682679567128,0.015070561713486558,1.6325262486524965,19.572480015310077,0.2950091286914505,5636,,,,[],0,,False,True,
csd-20260805_174708,paired_hierarchical,1,0,0,948c69fa52a0a115,ttdR->ttdB,shared_complete_observation_shared_scores,maximum,prefix,complete,0,5000,0.6,0.0,instrument_error,2151398048,921666314,2151398048,ttdR,ttdB,False,identifiable,glaR|hns|rpoD,5000,0.32835518945234,0.013990546871937503,1.4069241194611923,23.469789455547367,0.3015732795677957,5636,,,,[],0,,False,True,
csd-20260805_174708,paired_hierarchical,1,0,0,948c69fa52a0a115,ttdR->ttdT,shared_complete_observation_shared_scores,maximum,prefix,complete,0,5000,0.6,0.0,instrument_error,2151398048,921666314,2151398048,ttdR,ttdT,False,identifiable,glaR|hns|rpoD,5000,0.14973736581404584,0.011685608182927553,0.9815308044713452,12.813827356697551,0.15301166549263534,5636,,,,[],0,,False,True,
csd-20260805_174708,paired_hierarchical,1,0,0,948c69fa52a0a115,ygiV->mcbR,shared_complete_observation_shared_scores,maximum,prefix,complete,0,5000,0.6,0.0,instrument_error,2151398048,921666314,2151398048,ygiV,mcbR,False,identifiable,glaR|lrp,5000,-0.25259296687302035,0.02077899995350688,2.1911792239997148,-12.156165717224045,-0.21458466583320698,5636,,,,[],0,,False,True,
csd-20260805_174708,paired_hierarchical,1,0,0,948c69fa52a0a115,yqhC->dkgA,shared_complete_observation_shared_scores,maximum,prefix,complete,0,5000,0.6,0.0,instrument_error,2151398048,921666314,2151398048,yqhC,dkgA,False,identifiable,glaR|nac|rpoD|rpoS,5000,0.19503966103391954,0.01441421077228832,1.1028574993887068,13.531067646720427,0.18465683843288103,5636,,,,[],0,,False,True,
csd-20260805_174708,paired_hierarchical,1,0,0,948c69fa52a0a115,yqhC->yqhD,shared_complete_observation_shared_scores,maximum,prefix,complete,0,5000,0.6,0.0,instrument_error,2151398048,921666314,2151398048,yqhC,yqhD,False,identifiable,glaR|rpoD,5000,0.30391323935075426,0.014459391874333895,1.125149099866452,21.018397038551438,0.2852564606637459,5636,,,,[],0,,False,True,
csd-20260805_174708,paired_hierarchical,1,0,0,948c69fa52a0a115,glrR->rpoE,shared_complete_observation_shared_scores,maximum,prefix,complete,0,5000,0.6,0.0,instrument_error,2151398048,921666314,2151398048,glrR,rpoE,False,identifiable,alpA|basR|btsR|glaR|nsrR|ptrR|rcdA,5000,0.14019443873920473,0.025931561854093805,3.6120073452897845,5.406324521755418,0.18734582233491534,5636,,,,[],0,,False,True,
csd-20260805_174708,paired_hierarchical,1,0,0,948c69fa52a0a115,glrR->rseA,shared_complete_observation_shared_scores,maximum,prefix,complete,0,5000,0.6,0.0,instrument_error,2151398048,921666314,2151398048,glrR,rseA,False,identifiable,alpA|basR|btsR|glaR|nsrR|ptrR|rcdA,5000,0.11877156922925357,0.03525344012529797,6.675661096854811,3.3690774235681684,0.1791727191419021,5636,,,,[],0,,False,True,
csd-20260805_174708,paired_hierarchical,1,0,0,948c69fa52a0a115,glrR->rseB,shared_complete_observation_shared_scores,maximum,prefix,complete,0,5000,0.6,0.0,instrument_error,2151398048,921666314,2151398048,glrR,rseB,False,identifiable,alpA|basR|btsR|glaR|nsrR|ptrR|rcdA,5000,0.2537738681520051,0.030564172163251486,5.01783699819149,8.302985168272526,0.28469051705203324,5636,,,,[],0,,False,True,
csd-20260805_174708,paired_hierarchical,1,0,0,948c69fa52a0a115,glrR->rseC,shared_complete_observation_shared_scores,maximum,prefix,complete,0,5000,0.6,0.0,instrument_error,2151398048,921666314,2151398048,glrR,rseC,False,identifiable,alpA|basR|btsR|glaR|nsrR|ptrR|rcdA,5000,0.27665348627510583,0.03186500200242512,5.45405075239668,8.6820482940516,0.29808206502748513,5636,,,,[],0,,False,True,
csd-20260805_174708,paired_hierarchical,1,0,0,948c69fa52a0a115,glrR->rseD,shared_complete_observation_shared_scores,maximum,prefix,complete,0,5000,0.6,0.0,instrument_error,2151398048,921666314,2151398048,glrR,rseD,False,identifiable,alpA|basR|btsR|glaR|nsrR|ptrR|rcdA,5000,0.2290024294028753,0.02783615106626017,4.162072530505059,8.226799346567928,0.23728429711118385,5636,,,,[],0,,False,True,
csd-20260805_174708,paired_hierarchical,1,0,0,948c69fa52a0a115,gntR->eda,shared_complete_observation_shared_scores,maximum,prefix,complete,0,5000,0.6,0.0,instrument_error,2151398048,921666314,2151398048,gntR,eda,False,identifiable,cra|kdgR|phoB|plaR|rpoD,5000,-0.18913458349664103,0.016399342516301072,1.4350721948528933,-11.533058920419512,-0.17915596867762223,5636,,,,[],0,,False,True,
csd-20260805_174708,paired_hierarchical,1,0,0,948c69fa52a0a115,gntR->edd,shared_complete_observation_shared_scores,maximum,prefix,complete,0,5000,0.6,0.0,instrument_error,2151398048,921666314,2151398048,gntR,edd,False,identifiable,cpxR|cra|kdgR|rpoD,5000,-0.10600569920398925,0.01488088400994251,1.1813914573393818,-7.123615716187468,-0.09922549425736478,5636,,,,[],0,,False,True,
csd-20260805_174708,paired_hierarchical,1,0,0,948c69fa52a0a115,gntR->gntK,shared_complete_observation_shared_scores,maximum,prefix,complete,0,5000,0.6,0.0,instrument_error,2151398048,921666314,2151398048,gntR,gntK,False,identifiable,crp|rpoD,5000,-0.22649791275365383,0.021218685488531168,2.402540214853932,-10.674455440516208,-0.35309997618104916,5636,,,,[],0,,False,True,
csd-20260805_174708,paired_hierarchical,1,0,0,948c69fa52a0a115,gntR->gntT,shared_complete_observation_shared_scores,maximum,prefix,complete,0,5000,0.6,0.0,instrument_error,2151398048,921666314,2151398048,gntR,gntT,False,identifiable,crp|rpoD,5000,-0.3374625128058573,0.013973825571680688,1.041991917920257,-24.149615370164476,-0.32500497698519026,5636,,,,[],0,,False,True,
csd-20260805_174708,paired_hierarchical,1,0,0,948c69fa52a0a115,gntR->gntU,shared_complete_observation_shared_scores,maximum,prefix,complete,0,5000,0.6,0.0,instrument_error,2151398048,921666314,2151398048,gntR,gntU,False,identifiable,crp|rpoD,5000,-0.1588139661952968,0.015283617373338243,1.2464820470646918,-10.391124189770835,-0.18538776054892525,5636,,,,[],0,,False,True,
csd-20260805_174708,paired_hierarchical,1,0,0,948c69fa52a0a115,gntR->idnD,shared_complete_observation_shared_scores,maximum,prefix,complete,0,5000,0.6,0.0,instrument_error,2151398048,921666314,2151398048,gntR,idnD,False,identifiable,crp|glaR|rpoD,5000,-0.251159882804056,0.014035115229160641,1.0511420404384284,-17.895106573989732,-0.22725588522312587,5636,,,,[],0,,False,True,
csd-20260805_174708,paired_hierarchical,1,0,0,948c69fa52a0a115,gntR->idnK,shared_complete_observation_shared_scores,maximum,prefix,complete,0,5000,0.6,0.0,instrument_error,2151398048,921666314,2151398048,gntR,idnK,False,identifiable,crp|glaR|rpoD,5000,-0.220956912285054,0.014237025744241787,1.081603245151187,-15.519878677919845,-0.20316225005839836,5636,,,,[],0,,False,True,
csd-20260805_174708,paired_hierarchical,1,0,0,948c69fa52a0a115,gntR->idnO,shared_complete_observation_shared_scores,maximum,prefix,complete,0,5000,0.6,0.0,instrument_error,2151398048,921666314,2151398048,gntR,idnO,False,identifiable,crp|rpoD,5000,-0.30712723955005056,0.015032741367173908,1.2058966424974475,-20.43055435123136,-0.260596422315433,5636,,,,[],0,,False,True,
csd-20260805_174708,paired_hierarchical,1,0,0,948c69fa52a0a115,gntR->idnR,shared_complete_observation_shared_scores,maximum,prefix,complete,0,5000,0.6,0.0,instrument_error,2151398048,921666314,2151398048,gntR,idnR,False,identifiable,crp|rpoD,5000,-0.14749150122051613,0.01692349716037221,1.5283187471554542,-8.715190472917138,-0.11538042094001866,5636,,,,[],0,,False,True,
csd-20260805_174708,paired_hierarchical,1,0,0,948c69fa52a0a115,gntR->idnT,shared_complete_observation_shared_scores,maximum,prefix,complete,0,5000,0.6,0.0,instrument_error,2151398048,921666314,2151398048,gntR,idnT,False,identifiable,crp|rpoD,5000,-0.17623574504301187,0.013998215677293292,1.0456325061073226,-12.589872102691375,-0.1372992456759926,5636,,,,[],0,,False,True,
csd-20260805_174708,paired_hierarchical,1,0,0,948c69fa52a0a115,gntR->nfuA,shared_complete_observation_shared_scores,maximum,prefix,complete,0,5000,0.6,0.0,instrument_error,2151398048,921666314,2151398048,gntR,nfuA,False,identifiable,crp|iscR|rpoD|rpoH,5000,-0.40536133956863485,0.01421317868819723,1.0778034758489032,-28.520104366608088,-0.4256181582466762,5636,,,,[],0,,False,True,
csd-20260805_174708,paired_hierarchical,1,0,0,948c69fa52a0a115,gntR->yhgH,shared_complete_observation_shared_scores,maximum,prefix,complete,0,5000,0.6,0.0,instrument_error,2151398048,921666314,2151398048,gntR,yhgH,False,identifiable,crp|rpoD,5000,-0.26553405195448576,0.018567323474217502,1.8396377884093944,-14.301148591675322,-0.24979517144692287,5636,,,,[],0,,False,True,
csd-20260805_174708,paired_hierarchical,1,0,0,948c69fa52a0a115,hdfR->maoP,shared_complete_observation_shared_scores,maximum,prefix,complete,0,5000,0.6,0.0,instrument_error,2151398048,921666314,2151398048,hdfR,maoP,False,identifiable,alpA|basR|btsR|glaR|glrR|nsrR|ptrR|rcdA,5000,0.22590313075223872,0.014118144151737701,1.2220082988843783,16.000908357663562,0.23521626655711678,5636,,,,[],0,,False,True,
csd-20260805_174708,paired_hierarchical,1,0,0,948c69fa52a0a115,hipB->eutA,shared_complete_observation_shared_scores,maximum,prefix,complete,0,5000,0.6,0.0,instrument_error,2151398048,921666314,2151398048,hipB,eutA,False,identifiable,ihfA|ihfB|rpoD,5000,-0.3264384120572492,0.0163480383160584,1.3137853012557386,-19.968047893342305,-0.3370143783061633,5636,,,,[],0,,False,True,
csd-20260805_174708,paired_hierarchical,1,0,0,948c69fa52a0a115,hipB->eutH,shared_complete_observation_shared_scores,maximum,prefix,complete,0,5000,0.6,0.0,instrument_error,2151398048,921666314,2151398048,hipB,eutH,False,identifiable,ihfA|ihfB|rpoD,5000,-0.2470774914064601,0.01561050361949044,1.1979175661318875,-15.827643837061885,-0.2604184006723621,5636,,,,[],0,,False,True,
csd-20260805_174708,paired_hierarchical,1,0,0,948c69fa52a0a115,hipB->fadH,shared_complete_observation_shared_scores,maximum,prefix,complete,0,5000,0.6,0.0,instrument_error,2151398048,921666314,2151398048,hipB,fadH,False,identifiable,arcA|crp|fadR|ihfA|ihfB|pdhR|rpoD,5000,-0.3013435175661142,0.014924558990919677,1.0917624634776915,-20.191117054075505,-0.28560591006261393,5636,,,,[],0,,False,True,
csd-20260805_174708,paired_hierarchical,1,0,0,948c69fa52a0a115,hprR->cusA,shared_complete_observation_shared_scores,maximum,prefix,complete,0,5000,0.6,0.0,instrument_error,2151398048,921666314,2151398048,hprR,cusA,False,identifiable,hns|nac|phoB|rpoD|yieP,5000,0.22843783527175873,0.012455219754114842,1.2085799791287524,18.34073101731421,0.07383100117515298,5636,,,,[],0,,False,True,
csd-20260805_174708,paired_hierarchical,1,0,0,948c69fa52a0a115,hprR->cusB,shared_complete_observation_shared_scores,maximum,prefix,complete,0,5000,0.6,0.0,instrument_error,2151398048,921666314,2151398048,hprR,cusB,False,identifiable,hns|nac|phoB|rpoD,5000,0.31915309421478444,0.012820817840131398,1.2809252846666697,24.893349097885125,0.29332276552466463,5636,,,,[],0,,False,True,
csd-20260805_174708,paired_hierarchical,1,0,0,948c69fa52a0a115,hprR->cusC,shared_complete_observation_shared_scores,maximum,prefix,complete,0,5000,0.6,0.0,instrument_error,2151398048,921666314,2151398048,hprR,cusC,False,identifiable,fur|hns|nac|phoB|rpoD,5000,0.20921019621672662,0.012663693908055182,1.2469788888336377,16.520471651928606,0.12078076188870722,5636,,,,[],0,,False,True,
csd-20260805_174708,paired_hierarchical,1,0,0,948c69fa52a0a115,hprR->cusF,shared_complete_observation_shared_scores,maximum,prefix,complete,0,5000,0.6,0.0,instrument_error,2151398048,921666314,2151398048,hprR,cusF,False,identifiable,hns|nac|phoB|rpoD|yciT,5000,0.30628984988258895,0.012272068799932437,1.173440694625432,24.958289826754818,0.2277321542621692,5636,,,,[],0,,False,True,
csd-20260805_174708,paired_hierarchical,1,0,0,948c69fa52a0a115,hprR->cusR,shared_complete_observation_shared_scores,maximum,prefix,complete,0,5000,0.6,0.0,instrument_error,2151398048,921666314,2151398048,hprR,cusR,False,identifiable,hns|nac|phoB|rpoD,5000,0.3757321615275301,0.013896757597176623,1.504940408021896,27.03739767353119,0.32676890073288617,5636,,,,[],0,,False,True,
csd-20260805_174708,paired_hierarchical,1,0,0,948c69fa52a0a115,hprR->cusS,shared_complete_observation_shared_scores,maximum,prefix,complete,0,5000,0.6,0.0,instrument_error,2151398048,921666314,2151398048,hprR,cusS,False,identifiable,hns|nac|phoB|rpoD,5000,0.4674622079968124,0.016471906294691006,2.1143655058137947,28.379362997437536,0.222927741118179,5636,,,,[],0,,False,True,
csd-20260805_174708,paired_hierarchical,1,0,0,948c69fa52a0a115,hprR->cyoA,shared_complete_observation_shared_scores,maximum,prefix,complete,0,5000,0.6,0.0,instrument_error,2151398048,921666314,2151398048,hprR,cyoA,False,identifiable,arcA|cra|crp|fis|fnr|fur|gadE|hns|nac|pdhR|phoB|rpoD,5000,-0.14816981809273394,0.021240517462245895,2.961088000593766,-6.9758101871152345,-0.5014716142906214,5636,,,,[],0,,False,True,
csd-20260805_174708,paired_hierarchical,1,0,0,948c69fa52a0a115,hprR->cyoB,shared_complete_observation_shared_scores,maximum,prefix,complete,0,5000,0.6,0.0,instrument_error,2151398048,921666314,2151398048,hprR,cyoB,False,identifiable,arcA|cra|crp|fis|fnr|fur|gadE|hns|nac|pdhR|phoB|rpoD,5000,-0.12100413769994932,0.018297596547584574,2.197400522804184,-6.61311650332146,-0.24917757460448411,5636,,,,[],0,,False,True,
csd-20260805_174708,paired_hierarchical,1,0,0,948c69fa52a0a115,hprR->cyoC,shared_complete_observation_shared_scores,maximum,prefix,complete,0,5000,0.6,0.0,instrument_error,2151398048,921666314,2151398048,hprR,cyoC,False,identifiable,arcA|cra|crp|fis|fnr|fur|gadE|hns|nac|pdhR|phoB|rpoD,5000,-0.13213175450649625,0.01620644767482916,1.7238393552741313,-8.153036196310621,-0.20882197732814906,5636,,,,[],0,,False,True,
csd-20260805_174708,paired_hierarchical,1,0,0,948c69fa52a0a115,hprR->cyoD,shared_complete_observation_shared_scores,maximum,prefix,complete,0,5000,0.6,0.0,instrument_error,2151398048,921666314,2151398048,hprR,cyoD,False,identifiable,arcA|cra|crp|fis|fnr|fur|gadE|hns|nac|pdhR|phoB|rpoD,5000,0.0029650537160559078,0.014712983976772181,1.4207663178133692,0.2015263335253355,-0.14640778373548516,5636,,,,[],0,,False,True,
csd-20260805_174708,paired_hierarchical,1,0,0,948c69fa52a0a115,hprR->cyoE,shared_complete_observation_shared_scores,maximum,prefix,complete,0,5000,0.6,0.0,instrument_error,2151398048,921666314,2151398048,hprR,cyoE,False,identifiable,arcA|cra|crp|fis|fnr|fur|gadE|hns|nac|pdhR|phoB|rpoD,5000,-0.11064821534895464,0.016660906514353886,1.8218741917576873,-6.641188176263265,-0.2725903085516128,5636,,,,[],0,,False,True,
csd-20260805_174708,paired_hierarchical,1,0,0,948c69fa52a0a115,hprR->hiuH,shared_complete_observation_shared_scores,maximum,prefix,complete,0,5000,0.6,0.0,instrument_error,2151398048,921666314,2151398048,hprR,hiuH,False,identifiable,hns|nac|phoB|rpoD,5000,0.5039564935486583,0.012378683630409563,1.1941015610702388,40.711638538902086,0.4378619417414573,5636,,,,[],0,,False,True,
csd-20260805_174708,paired_hierarchical,1,0,0,948c69fa52a0a115,hprR->msrP,shared_complete_observation_shared_scores,maximum,prefix,complete,0,5000,0.6,0.0,instrument_error,2151398048,921666314,2151398048,hprR,msrP,False,identifiable,hns|nac|phoB|rpoD,5000,0.5052079055462347,0.014837462975220593,1.7155826105064989,34.04948045295619,0.23031168523988071,5636,,,,[],0,,False,True,
csd-20260805_174708,paired_hierarchical,1,0,0,948c69fa52a0a115,hprR->msrQ,shared_complete_observation_shared_scores,maximum,prefix,complete,0,5000,0.6,0.0,instrument_error,2151398048,921666314,2151398048,hprR,msrQ,False,identifiable,hns|nac|phoB|rpoD,5000,0.4908018897423474,0.013247737734070873,1.3676525594799103,37.04797751846268,0.2845227043422371,5636,,,,[],0,,False,True,
csd-20260805_174708,paired_hierarchical,1,0,0,948c69fa52a0a115,rcsB->bdm,shared_complete_observation_shared_scores,maximum,prefix,complete,0,5000,0.6,0.0,instrument_error,2151398048,921666314,2151398048,rcsB,bdm,False,identifiable,alpA|basR|btsR|glaR|glrR|nsrR|ptrR|rcdA,5000,0.1417336718921713,0.0072566656974928185,1.0786869314229828,19.531514582674014,0.1450166063748705,5636,,,,[],0,,False,True,
csd-20260805_174708,paired_hierarchical,1,0,0,948c69fa52a0a115,hypT->cydA,shared_complete_observation_shared_scores,maximum,prefix,complete,0,5000,0.6,0.0,instrument_error,2151398048,921666314,2151398048,hypT,cydA,False,identifiable,arcA|cra|fnr|hns|nac|rpoD,5000,0.21480545857566932,0.013225973782832788,1.0193508934357411,16.241182849952807,0.19829846271329224,5636,,,,[],0,,False,True,
csd-20260805_174708,paired_hierarchical,1,0,0,948c69fa52a0a115,hypT->cydB,shared_complete_observation_shared_scores,maximum,prefix,complete,0,5000,0.6,0.0,instrument_error,2151398048,921666314,2151398048,hypT,cydB,False,identifiable,arcA|cra|fnr|hns|rpoD,5000,0.43271357047746517,0.014260320083915506,1.1851055245159852,30.34388905235944,0.43707198937616126,5636,,,,[],0,,False,True,
csd-20260805_174708,paired_hierarchical,1,0,0,948c69fa52a0a115,hypT->cysH,shared_complete_observation_shared_scores,maximum,prefix,complete,0,5000,0.6,0.0,instrument_error,2151398048,921666314,2151398048,hypT,cysH,False,identifiable,cysB|ihfA|ihfB|rpoD,5000,0.2964332827541858,0.013743434083055258,1.1032926552081004,21.569083895826907,0.3146135467019302,5636,,,,[],0,,False,True,
csd-20260805_174708,paired_hierarchical,1,0,0,948c69fa52a0a115,hypT->fecA,shared_complete_observation_shared_scores,maximum,prefix,complete,0,5000,0.6,0.0,instrument_error,2151398048,921666314,2151398048,hypT,fecA,False,identifiable,crp|fecI|fur|pdhR,5000,-0.24174756395216607,0.013872597251817413,1.1247750143142101,-17.42626557694489,-0.25867740821357743,5636,,,,[],0,,False,True,
csd-20260805_174708,paired_hierarchical,1,0,0,948c69fa52a0a115,hypT->fecB,shared_complete_observation_shared_scores,maximum,prefix,complete,0,5000,0.6,0.0,instrument_error,2151398048,921666314,2151398048,hypT,fecB,False,identifiable,crp|fecI|fur|pdhR,5000,-0.27838182746509865,0.013443050793300777,1.0561990765292744,-20.70823295585759,-0.2667824638592822,5636,,,,[],0,,False,True,
csd-20260805_174708,paired_hierarchical,1,0,0,948c69fa52a0a115,hypT->fecC,shared_complete_observation_shared_scores,maximum,prefix,complete,0,5000,0.6,0.0,instrument_error,2151398048,921666314,2151398048,hypT,fecC,False,identifiable,crp|fecI|fur|pdhR,5000,-0.29633923436065135,0.013786913435369632,1.1109236229764479,-21.494240589079784,-0.30162967216501885,5636,,,,[],0,,False,True,
csd-20260805_174708,paired_hierarchical,1,0,0,948c69fa52a0a115,hypT->fecD,shared_complete_observation_shared_scores,maximum,prefix,complete,0,5000,0.6,0.0,instrument_error,2151398048,921666314,2151398048,hypT,fecD,False,identifiable,crp|fecI|fur|pdhR,5000,-0.327771415597501,0.014834674210644737,1.2861929667587715,-22.09495206590422,-0.3344471459749858,5636,,,,[],0,,False,True,
csd-20260805_174708,paired_hierarchical,1,0,0,948c69fa52a0a115,hypT->fecE,shared_complete_observation_shared_scores,maximum,prefix,complete,0,5000,0.6,0.0,instrument_error,2151398048,921666314,2151398048,hypT,fecE,False,identifiable,crp|fecI|fur|pdhR,5000,-0.23291757563780963,0.014919455562985634,1.3009363684014943,-15.611667239095881,-0.24153747595867808,5636,,,,[],0,,False,True,
csd-20260805_174708,paired_hierarchical,1,0,0,948c69fa52a0a115,hypT->metB,shared_complete_observation_shared_scores,maximum,prefix,complete,0,5000,0.6,0.0,instrument_error,2151398048,921666314,2151398048,hypT,metB,False,identifiable,metJ|phoP|rpoD,5000,0.17339507429276707,0.013836077435481313,1.1138241432653673,12.532097706255373,0.17179102328361473,5636,,,,[],0,,False,True,
csd-20260805_174708,paired_hierarchical,1,0,0,948c69fa52a0a115,hypT->metI,shared_complete_observation_shared_scores,maximum,prefix,complete,0,5000,0.6,0.0,instrument_error,2151398048,921666314,2151398048,hypT,metI,False,identifiable,metJ|rpoD,5000,0.3162193447267181,0.013058974033594966,0.9970407952733631,24.214715789557857,0.3088152807504725,5636,,,,[],0,,False,True,
csd-20260805_174708,paired_hierarchical,1,0,0,948c69fa52a0a115,hypT->metL,shared_complete_observation_shared_scores,maximum,prefix,complete,0,5000,0.6,0.0,instrument_error,2151398048,921666314,2151398048,hypT,metL,False,identifiable,metJ|phoP|rpoD,5000,0.1566571391557279,0.014427945027997517,1.2111546960952775,10.857896869702078,0.15311416420296092,5636,,,,[],0,,False,True,
csd-20260805_174708,paired_hierarchical,1,0,0,948c69fa52a0a115,hypT->metN,shared_complete_observation_shared_scores,maximum,prefix,complete,0,5000,0.6,0.0,instrument_error,2151398048,921666314,2151398048,hypT,metN,False,identifiable,metJ|rpoD,5000,0.628145412642749,0.01395193047034042,1.1380554380003771,45.02211460830356,0.6417689475023365,5636,,,,[],0,,False,True,
csd-20260805_174708,paired_hierarchical,1,0,0,948c69fa52a0a115,hypT->metQ,shared_complete_observation_shared_scores,maximum,prefix,complete,0,5000,0.6,0.0,instrument_error,2151398048,921666314,2151398048,hypT,metQ,False,identifiable,metJ|rpoD,5000,0.11968353876010214,0.016547477466999118,1.6008786344766992,7.232736167720356,0.12105927910553849,5636,,,,[],0,,False,True,
csd-20260805_174708,paired_hierarchical,1,0,0,948c69fa52a0a115,ibpA->ibpB,shared_complete_observation_shared_scores,maximum,prefix,complete,0,5000,0.6,0.0,instrument_error,2151398048,921666314,2151398048,ibpA,ibpB,False,identifiable,ihfA|ihfB|lrp|nac|rpoH|rpoN,5000,-0.10854811177666301,0.015362662465225748,1.2396629512420594,-7.065709607456896,-0.13120679232604784,5636,,,,[],0,,False,True,
csd-20260805_174708,paired_hierarchical,1,0,0,948c69fa52a0a115,ilvY->ilvC,shared_complete_observation_shared_scores,maximum,prefix,complete,0,5000,0.6,0.0,instrument_error,2151398048,921666314,2151398048,ilvY,ilvC,False,identifiable,rpoD|rpoS,5000,0.28870194584743325,0.014731584152928317,1.0515051396935542,19.597481360485297,0.2979352091114228,5636,,,,[],0,,False,True,
csd-20260805_174708,paired_hierarchical,1,0,0,948c69fa52a0a115,istR->tisB,shared_complete_observation_shared_scores,maximum,prefix,complete,0,5000,0.6,0.0,instrument_error,2151398048,921666314,2151398048,istR,tisB,False,identifiable,lexA|rpoD,5000,-0.21319742329435476,0.015290972211771177,1.2095688699655378,-13.942699021467895,-0.21336188283804872,5636,,,,[],0,,False,True,
csd-20260805_174708,paired_hierarchical,1,0,0,948c69fa52a0a115,kdgR->eda,shared_complete_observation_shared_scores,maximum,prefix,complete,0,5000,0.6,0.0,instrument_error,2151398048,921666314,2151398048,kdgR,eda,False,identifiable,cra|gntR|nac|phoB|plaR|rpoD,5000,-0.19426836960216678,0.015683180366828347,1.4345116374781808,-12.38705192813224,-0.18330756378703225,5636,,,,[],0,,False,True,
csd-20260805_174708,paired_hierarchical,1,0,0,948c69fa52a0a115,kdgR->edd,shared_complete_observation_shared_scores,maximum,prefix,complete,0,5000,0.6,0.0,instrument_error,2151398048,921666314,2151398048,kdgR,edd,False,identifiable,cpxR|cra|gntR|nac|rpoD,5000,-0.2147915593637439,0.014217826135199759,1.1810328018856682,-15.107201151656655,-0.21564438547462703,5636,,,,[],0,,False,True,
csd-20260805_174708,paired_hierarchical,1,0,0,948c69fa52a0a115,kdpE->kdpA,shared_complete_observation_shared_scores,maximum,prefix,complete,0,5000,0.6,0.0,instrument_error,2151398048,921666314,2151398048,kdpE,kdpA,False,identifiable,arcA|rpoD,5000,0.23708919963362857,0.013861064983335846,1.3617237953505825,17.10468855882746,0.25246853085474386,5636,,,,[],0,,False,True,
csd-20260805_174708,paired_hierarchical,1,0,0,948c69fa52a0a115,kdpE->kdpB,shared_complete_observation_shared_scores,maximum,prefix,complete,0,5000,0.6,0.0,instrument_error,2151398048,921666314,2151398048,kdpE,kdpB,False,identifiable,rpoD,5000,0.2426463897113837,0.014494400944196666,1.489710219065208,16.740698056137017,0.20120446043988366,5636,,,,[],0,,False,True,
csd-20260805_174708,paired_hierarchical,1,0,0,948c69fa52a0a115,kdpE->kdpC,shared_complete_observation_shared_scores,maximum,prefix,complete,0,5000,0.6,0.0,instrument_error,2151398048,921666314,2151398048,kdpE,kdpC,False,identifiable,rpoD,5000,0.2579433649836016,0.011940922370804718,1.0110601784718187,21.601628163521706,0.24834129480432512,5636,,,,[],0,,False,True,
csd-20260805_174708,paired_hierarchical,1,0,0,948c69fa52a0a115,kdpE->kdpF,shared_complete_observation_shared_scores,maximum,prefix,complete,0,5000,0.6,0.0,instrument_error,2151398048,921666314,2151398048,kdpE,kdpF,False,identifiable,rpoD,5000,0.27040593699384363,0.014050422754222289,1.399845285608857,19.245395083403025,0.32083475001296646,5636,,,,[],0,,False,True,
csd-20260805_174708,paired_hierarchical,1,0,0,948c69fa52a0a115,kdpE->rmf,shared_complete_observation_shared_scores,maximum,prefix,complete,0,5000,0.6,0.0,instrument_error,2151398048,921666314,2151398048,kdpE,rmf,False,identifiable,arcA|crp|cueR|fur|mcbR|nhaR|phoP|rcdA|sdiA|slyA|zntR|zraR,5000,-0.5332299608358668,0.011971950347236904,1.0072752067612911,-44.539940892666245,-0.5262238045055057,5636,,,,[],0,,False,True,
csd-20260805_174708,paired_hierarchical,1,0,0,948c69fa52a0a115,kdpE->rsd,shared_complete_observation_shared_scores,maximum,prefix,complete,0,5000,0.6,0.0,instrument_error,2151398048,921666314,2151398048,kdpE,rsd,False,identifiable,arcA|cueR|fur|lrp|mcbR|nac|nhaR|phoP|rcdA|rpoD|rpoS|sdiA|slyA|zntR,5000,-0.0515200359800396,0.013168036628135886,1.2060866702302386,-3.9125070376822726,-0.0646710118026236,5636,,,,[],0,,False,True,
csd-20260805_174708,paired_hierarchical,1,0,0,948c69fa52a0a115,lexA->dinD,shared_complete_observation_shared_scores,maximum,prefix,complete,0,5000,0.6,0.0,instrument_error,2151398048,921666314,2151398048,lexA,dinD,False,identifiable,alpA|basR|btsR|glaR|glrR|nsrR|ptrR|rcdA,5000,-0.7191119442092063,0.0221542914456353,2.7929570298120985,-32.45926171793146,-0.2940480606787031,5636,,,,[],0,,False,True,
csd-20260805_174708,paired_hierarchical,1,0,0,948c69fa52a0a115,lexA->ruvA,shared_complete_observation_shared_scores,maximum,prefix,complete,0,5000,0.6,0.0,instrument_error,2151398048,921666314,2151398048,lexA,ruvA,False,identifiable,alpA|basR|btsR|glaR|glrR|nsrR|ptrR|rcdA,5000,-0.13360312324811152,0.013485763686989538,1.0349029266348988,-9.906974966275424,-0.1720733999929322,5636,,,,[],0,,False,True,
csd-20260805_174708,paired_hierarchical,1,0,0,948c69fa52a0a115,lexA->ruvB,shared_complete_observation_shared_scores,maximum,prefix,complete,0,5000,0.6,0.0,instrument_error,2151398048,921666314,2151398048,lexA,ruvB,False,identifiable,alpA|basR|btsR|glaR|glrR|nsrR|ptrR|rcdA,5000,-0.13348429983865634,0.015271028874160006,1.3270433845122487,-8.741015483542444,-0.2459064032872659,5636,,,,[],0,,False,True,
csd-20260805_174708,paired_hierarchical,1,0,0,948c69fa52a0a115,lexA->yoaA,shared_complete_observation_shared_scores,maximum,prefix,complete,0,5000,0.6,0.0,instrument_error,2151398048,921666314,2151398048,lexA,yoaA,False,identifiable,alpA|basR|btsR|glaR|glrR|nsrR|ptrR|rcdA,5000,-0.1786728899463611,0.01410001013219471,1.1313249737195241,-12.67182706049234,-0.19722908443846068,5636,,,,[],0,,False,True,
csd-20260805_174708,paired_hierarchical,1,0,0,948c69fa52a0a115,rpoN->rtcR,shared_complete_observation_shared_scores,maximum,prefix,complete,0,5000,0.6,0.0,instrument_error,2151398048,921666314,2151398048,rpoN,rtcR,False,identifiable,alpA|basR|btsR|glaR|glrR|nsrR|ptrR|rcdA,5000,0.44755839979026696,0.011852457111355678,1.2028593535154448,37.760811584077985,0.30720327625966704,5636,,,,[],0,,False,True,
csd-20260805_174708,paired_hierarchical,1,0,0,948c69fa52a0a115,rpoN->yahE,shared_complete_observation_shared_scores,maximum,prefix,complete,0,5000,0.6,0.0,instrument_error,2151398048,921666314,2151398048,rpoN,yahE,False,identifiable,alpA|basR|btsR|glaR|glrR|nsrR|ptrR|rcdA,5000,0.026035130562816748,0.014439882972363663,1.7853584021127509,1.803001493339323,0.19440831707283507,5636,,,,[],0,,False,True,
csd-20260805_174708,paired_hierarchical,1,0,0,948c69fa52a0a115,rpoN->ygfK,shared_complete_observation_shared_scores,maximum,prefix,complete,0,5000,0.6,0.0,instrument_error,2151398048,921666314,2151398048,rpoN,ygfK,False,identifiable,alpA|basR|btsR|glaR|glrR|nsrR|ptrR|rcdA,5000,0.1356752685550287,0.011637972341329055,1.1597188230597406,11.657981697826806,0.15756178335760807,5636,,,,[],0,,False,True,
csd-20260805_174708,paired_hierarchical,1,0,0,948c69fa52a0a115,slyA->mdtM,shared_complete_observation_shared_scores,maximum,prefix,complete,0,5000,0.6,0.0,instrument_error,2151398048,921666314,2151398048,slyA,mdtM,False,identifiable,alpA|basR|btsR|glaR|glrR|nsrR|ptrR|rcdA,5000,0.291758584918443,0.009411602542395942,1.038621351533997,30.99988377156533,0.274988745187187,5636,,,,[],0,,False,True,
csd-20260805_174708,paired_hierarchical,1,0,0,948c69fa52a0a115,slyA->yjiN,shared_complete_observation_shared_scores,maximum,prefix,complete,0,5000,0.6,0.0,instrument_error,2151398048,921666314,2151398048,slyA,yjiN,False,identifiable,alpA|basR|btsR|glaR|glrR|nsrR|ptrR|rcdA,5000,0.25247785540441503,0.010533084527591689,1.3008919565137613,23.969982842446836,0.2583478523439377,5636,,,,[],0,,False,True,
csd-20260805_174708,paired_hierarchical,1,0,0,948c69fa52a0a115,tyrR->aroF,shared_complete_observation_shared_scores,maximum,prefix,complete,0,5000,0.6,0.0,instrument_error,2151398048,921666314,2151398048,tyrR,aroF,False,identifiable,lrp|nac|pgrR|rpoD|rpoH|soxR,5000,-0.4891326427405644,0.017213567392793665,1.2744676533100112,-28.41553012104488,-0.5049647670028344,5636,,,,[],0,,False,True,
csd-20260805_174708,paired_hierarchical,1,0,0,948c69fa52a0a115,tyrR->aroG,shared_complete_observation_shared_scores,maximum,prefix,complete,0,5000,0.6,0.0,instrument_error,2151398048,921666314,2151398048,tyrR,aroG,False,identifiable,cpxR|lrp|pgrR|rpoD|rpoH,5000,-0.11474225101137454,0.016073755738378187,1.112221791567298,-7.138484177497637,-0.16796915237839843,5636,,,,[],0,,False,True,
csd-20260805_174708,paired_hierarchical,1,0,0,948c69fa52a0a115,tyrR->aroL,shared_complete_observation_shared_scores,maximum,prefix,complete,0,5000,0.6,0.0,instrument_error,2151398048,921666314,2151398048,tyrR,aroL,False,identifiable,lrp|pgrR|rpoD|rpoH|trpR,5000,-0.34145455867636165,0.015843781434444305,1.0806052154001475,-21.551329781288263,-0.3519200448460482,5636,,,,[],0,,False,True,
csd-20260805_174708,paired_hierarchical,1,0,0,948c69fa52a0a115,tyrR->aroM,shared_complete_observation_shared_scores,maximum,prefix,complete,0,5000,0.6,0.0,instrument_error,2151398048,921666314,2151398048,tyrR,aroM,False,identifiable,lrp|pgrR|rpoD|rpoH|trpR,5000,-0.3223013125512496,0.02076189390081787,1.855595491413349,-15.523695193267182,-0.3706520902997881,5636,,,,[],0,,False,True,
csd-20260805_174708,paired_hierarchical,1,0,0,948c69fa52a0a115,tyrR->aroP,shared_complete_observation_shared_scores,maximum,prefix,complete,0,5000,0.6,0.0,instrument_error,2151398048,921666314,2151398048,tyrR,aroP,False,identifiable,argR|cra|fnr|glaR|lrp|pgrR|rpoD|rpoH,5000,-0.23341887086444524,0.016210876982606745,1.130233706331362,-14.398904582083317,-0.22676101161852408,5636,,,,[],0,,False,True,
csd-20260805_174708,paired_hierarchical,1,0,0,948c69fa52a0a115,tyrR->folA,shared_complete_observation_shared_scores,maximum,prefix,complete,0,5000,0.6,0.0,instrument_error,2151398048,921666314,2151398048,tyrR,folA,False,identifiable,ihfA|ihfB|lrp|pgrR|rpoD|rpoH,5000,0.19758792010766063,0.017507568440953216,1.3110132793566518,11.285857357865211,0.19099544968053,5636,,,,[],0,,False,True,
csd-20260805_174708,paired_hierarchical,1,0,0,948c69fa52a0a115,tyrR->mtr,shared_complete_observation_shared_scores,maximum,prefix,complete,0,5000,0.6,0.0,instrument_error,2151398048,921666314,2151398048,tyrR,mtr,False,identifiable,hupA|hupB|ihfA|ihfB|lrp|pgrR|rpoD|rpoH|trpR,5000,0.19915860995748308,0.015299848386825767,1.000918342190101,13.01703160202375,0.19494764378181045,5636,,,,[],0,,False,True,
csd-20260805_174708,paired_hierarchical,1,0,0,948c69fa52a0a115,tyrR->tyrA,shared_complete_observation_shared_scores,maximum,prefix,complete,0,5000,0.6,0.0,instrument_error,2151398048,921666314,2151398048,tyrR,tyrA,False,identifiable,lrp|pgrR|rpoD|rpoH|soxR,5000,-0.4638834373377714,0.022056394941436457,2.0924639733824226,-21.03169799822057,-0.4098077215959144,5636,,,,[],0,,False,True,
csd-20260805_174708,paired_hierarchical,1,0,0,948c69fa52a0a115,tyrR->tyrB,shared_complete_observation_shared_scores,maximum,prefix,complete,0,5000,0.6,0.0,instrument_error,2151398048,921666314,2151398048,tyrR,tyrB,False,identifiable,lrp|pgrR|rpoD|rpoH,5000,-0.14068853183150207,0.01848334635710643,1.4707316272475912,-7.611637476966421,-0.11721804019871981,5636,,,,[],0,,False,True,
csd-20260805_174708,paired_hierarchical,1,0,0,948c69fa52a0a115,tyrR->tyrP,shared_complete_observation_shared_scores,maximum,prefix,complete,0,5000,0.6,0.0,instrument_error,2151398048,921666314,2151398048,tyrR,tyrP,False,identifiable,hupA|hupB|ihfA|ihfB|lrp|pgrR|rpoD|rpoH,5000,-0.09672293313065447,0.015209930777896431,0.9892308830363886,-6.359196142510747,-0.10481047916994389,5636,,,,[],0,,False,True,
csd-20260805_174708,paired_hierarchical,1,0,0,948c69fa52a0a115,tyrR->yaiA,shared_complete_observation_shared_scores,maximum,prefix,complete,0,5000,0.6,0.0,instrument_error,2151398048,921666314,2151398048,tyrR,yaiA,False,identifiable,lrp|pgrR|rpoD|rpoH|trpR,5000,-0.6030624315222604,0.015298720364589114,1.0075337130594741,-39.419142068778974,-0.6023456013671773,5636,,,,[],0,,False,True,
csd-20260805_174708,paired_hierarchical,1,0,0,948c69fa52a0a115,yciT->bsmA,shared_complete_observation_shared_scores,maximum,prefix,complete,0,5000,0.6,0.0,instrument_error,2151398048,921666314,2151398048,yciT,bsmA,False,identifiable,lrp|rpoS,5000,0.3442859102176543,0.01094747662449333,1.1586164384925648,31.448882882048494,0.2830600977660009,5636,,,,[],0,,False,True,
csd-20260805_174708,paired_hierarchical,1,0,0,948c69fa52a0a115,yciT->cusF,shared_complete_observation_shared_scores,maximum,prefix,complete,0,5000,0.6,0.0,instrument_error,2151398048,921666314,2151398048,yciT,cusF,False,identifiable,cusR|hprR|lrp|phoB|rpoD|rpoS,5000,-0.2678621153310541,0.01189310444462266,1.1430069421444708,-22.522472292939888,-0.2632540314039945,5636,,,,[],0,,False,True,
csd-20260805_174708,paired_hierarchical,1,0,0,948c69fa52a0a115,yciT->rdcA,shared_complete_observation_shared_scores,maximum,prefix,complete,0,5000,0.6,0.0,instrument_error,2151398048,921666314,2151398048,yciT,rdcA,False,identifiable,fliA|lrp|rpoS,5000,-0.3220462526493661,0.0133822198443178,1.559663634591997,-24.065234049051252,-0.19146607247052752,5636,,,,[],0,,False,True,
csd-20260805_174708,paired_hierarchical,1,0,0,948c69fa52a0a115,yciT->ybiY,shared_complete_observation_shared_scores,maximum,prefix,complete,0,5000,0.6,0.0,instrument_error,2151398048,921666314,2151398048,yciT,ybiY,False,identifiable,lrp|rpoS,5000,0.15880978775881455,0.010874214795438828,1.1431611256595244,14.604253341163268,0.17350057719050777,5636,,,,[],0,,False,True,
csd-20260805_174708,paired_hierarchical,1,0,0,948c69fa52a0a115,zntR->rmf,shared_complete_observation_shared_scores,maximum,prefix,complete,0,5000,0.6,0.0,instrument_error,2151398048,921666314,2151398048,zntR,rmf,False,identifiable,arcA|crp|cueR|fur|kdpE|lrp|mcbR|nhaR|phoP|rcdA|rpoH|sdiA|slyA|zraR,5000,-0.4717473330349979,0.013515360319199435,1.0076611192315819,-34.90453246480233,-0.4855193929955057,5636,,,,[],0,,False,True,
csd-20260805_174708,paired_hierarchical,1,0,0,948c69fa52a0a115,zntR->rsd,shared_complete_observation_shared_scores,maximum,prefix,complete,0,5000,0.6,0.0,instrument_error,2151398048,921666314,2151398048,zntR,rsd,False,identifiable,arcA|cueR|fur|kdpE|lrp|mcbR|nac|nhaR|phoP|rcdA|rpoD|rpoH|rpoS|sdiA|slyA,5000,-0.045688678718853404,0.014744441110861766,1.2053528261423578,-3.098705361249399,-0.043147470657145845,5636,,,,[],0,,False,True,
csd-20260805_174708,paired_hierarchical,1,0,0,948c69fa52a0a115,zntR->zntA,shared_complete_observation_shared_scores,maximum,prefix,complete,0,5000,0.6,0.0,instrument_error,2151398048,921666314,2151398048,zntR,zntA,False,identifiable,lrp|rpoD|rpoH,5000,-0.251172934924433,0.01523986835529137,1.2947859588393946,-16.481306076192208,-0.2648786315716004,5636,,,,[],0,,False,True,
csd-20260805_174708,paired_hierarchical,1,0,0,948c69fa52a0a115,lysR->lysA,shared_complete_observation_shared_scores,maximum,prefix,complete,0,5000,0.6,0.0,instrument_error,2151398048,921666314,2151398048,lysR,lysA,False,identifiable,argP|nac|rpoD,5000,0.2832963762346664,0.016496603809246252,1.734798540256148,17.173012064209267,0.21202838107990044,5636,,,,[],0,,False,True,
csd-20260805_174708,paired_hierarchical,1,0,0,948c69fa52a0a115,rob->acs,shared_complete_observation_shared_scores,maximum,prefix,complete,0,5000,0.6,0.0,instrument_error,2151398048,921666314,2151398048,rob,acs,False,identifiable,acrR|cpxR|cra|crp|fis|ihfA|ihfB|nac|ompR|rpoD|rpoS|soxS,5000,-0.28618517125725373,0.016822437430431596,1.0886893191986107,-17.01211090490062,-0.26002807081501855,5636,,,,[],0,,False,True,
csd-20260805_174708,paired_hierarchical,1,0,0,948c69fa52a0a115,rob->actP,shared_complete_observation_shared_scores,maximum,prefix,complete,0,5000,0.6,0.0,instrument_error,2151398048,921666314,2151398048,rob,actP,False,identifiable,acrR|cpxR|cra|crp|fis|fur|ihfA|ihfB|nac|ompR|rpoD|rpoN|rpoS|soxS,5000,-0.26925695747280864,0.018069551916197205,1.2550765294666044,-14.901141916610108,-0.23508268909335842,5636,,,,[],0,,False,True,
csd-20260805_174708,paired_hierarchical,1,0,0,948c69fa52a0a115,rob->aslB,shared_complete_observation_shared_scores,maximum,prefix,complete,0,5000,0.6,0.0,instrument_error,2151398048,921666314,2151398048,rob,aslB,False,identifiable,acrR|cpxR|cra|crp|fis|gadE|nac|ompR|rcsB|rpoD|rpoN|soxS,5000,0.2526541367802787,0.01610033918289026,1.0133538742116732,15.692472929313988,0.25562891673103194,5636,,,,[],0,,False,True,
csd-20260805_174708,paired_hierarchical,1,0,0,948c69fa52a0a115,rob->astC,shared_complete_observation_shared_scores,maximum,prefix,complete,0,5000,0.6,0.0,instrument_error,2151398048,921666314,2151398048,rob,astC,False,identifiable,acrR|argR|cpxR|cra|crp|fis|glnG|lrp|nac|ompR|rpoD|rpoN|rpoS|soxS,5000,-0.27881705193728107,0.018534772897685153,1.3410623931167254,-15.04291708759502,-0.2640661705527709,5636,,,,[],0,,False,True,
csd-20260805_174708,paired_hierarchical,1,0,0,948c69fa52a0a115,rob->chaC,shared_complete_observation_shared_scores,maximum,prefix,complete,0,5000,0.6,0.0,instrument_error,2151398048,921666314,2151398048,rob,chaC,False,identifiable,acrR|cpxR|cra|crp|fis|glaR|nac|ompR|rpoD|rpoN|soxS,5000,0.4447365742174528,0.01617681476741687,1.0240349596105103,27.492221467061327,0.4165608226460086,5636,,,,[],0,,False,True,
csd-20260805_174708,paired_hierarchical,1,0,0,948c69fa52a0a115,rob->elaB,shared_complete_observation_shared_scores,maximum,prefix,complete,0,5000,0.6,0.0,instrument_error,2151398048,921666314,2151398048,rob,elaB,False,identifiable,acrR|cpxR|cra|crp|fis|nac|ompR|oxyR|rpoD|rpoS|soxS,5000,-0.15610226783298747,0.015682303659542256,0.960173612299071,-9.954039356839228,-0.1623348593221945,5636,,,,[],0,,False,True,
csd-20260805_174708,paired_hierarchical,1,0,0,948c69fa52a0a115,rob->fadA,shared_complete_observation_shared_scores,maximum,prefix,complete,0,5000,0.6,0.0,instrument_error,2151398048,921666314,2151398048,rob,fadA,False,identifiable,acrR|arcA|cpxR|cra|crp|fadR|fis|nac|ompR|rpoD|soxS,5000,-0.31534944558480393,0.016878293335668496,1.1077138385379472,-18.683728224961197,-0.29709513287346107,5636,,,,[],0,,False,True,
csd-20260805_174708,paired_hierarchical,1,0,0,948c69fa52a0a115,rob->fadB,shared_complete_observation_shared_scores,maximum,prefix,complete,0,5000,0.6,0.0,instrument_error,2151398048,921666314,2151398048,rob,fadB,False,identifiable,acrR|arcA|cpxR|cra|crp|fadR|fis|nac|ompR|rpoD|soxS,5000,-0.32493850583737516,0.016985248786114227,1.1217971837504688,-19.130629755804268,-0.31828508126508964,5636,,,,[],0,,False,True,
csd-20260805_174708,paired_hierarchical,1,0,0,948c69fa52a0a115,rob->fadD,shared_complete_observation_shared_scores,maximum,prefix,complete,0,5000,0.6,0.0,instrument_error,2151398048,921666314,2151398048,rob,fadD,False,identifiable,acrR|arcA|cpxR|cra|crp|fadR|fis|nac|ompR|rpoD|soxS,5000,-0.1850441012268901,0.017719404630360758,1.2208681713781462,-10.443020241765465,-0.17811253012326475,5636,,,,[],0,,False,True,
csd-20260805_174708,paired_hierarchical,1,0,0,948c69fa52a0a115,rob->fadL,shared_complete_observation_shared_scores,maximum,prefix,complete,0,5000,0.6,0.0,instrument_error,2151398048,921666314,2151398048,rob,fadL,False,identifiable,acrR|arcA|cpxR|cra|crp|fadR|fis|lldR|lrp|nac|ompR|pdhR|phoP|rpoD|rpoN|rpoS|soxS,5000,-0.2738582577299079,0.016647229295487082,1.0725187135738448,-16.450680943293577,-0.2846847180319286,5636,,,,[],0,,False,True,
csd-20260805_174708,paired_hierarchical,1,0,0,948c69fa52a0a115,rob->glgS,shared_complete_observation_shared_scores,maximum,prefix,complete,0,5000,0.6,0.0,instrument_error,2151398048,921666314,2151398048,rob,glgS,False,identifiable,acrR|cpxR|cra|crp|csrA|fis|nac|ompR|rpoD|rpoS|soxS,5000,0.18067667856106992,0.01735439258572759,1.1760795930435999,10.411005609591893,0.18829730113148074,5636,,,,[],0,,False,True,
csd-20260805_174708,paired_hierarchical,1,0,0,948c69fa52a0a115,rob->ldtB,shared_complete_observation_shared_scores,maximum,prefix,complete,0,5000,0.6,0.0,instrument_error,2151398048,921666314,2151398048,rob,ldtB,False,identifiable,acrR|cpxR|cra|crp|fis|nac|ompR|rpoD|soxS,5000,0.16019797085194543,0.017661098544465886,1.2205848939080315,9.07066853449745,0.13838147251605312,5636,,,,[],0,,False,True,
csd-20260805_174708,paired_hierarchical,1,0,0,948c69fa52a0a115,rob->mdtD,shared_complete_observation_shared_scores,maximum,prefix,complete,0,5000,0.6,0.0,instrument_error,2151398048,921666314,2151398048,rob,mdtD,False,identifiable,acrR|baeR|cpxR|cra|crp|fis|nac|ompR|rpoD|rpoS|soxS,5000,0.21382808919136986,0.016286886141413718,1.0358526275477753,13.128850250119656,0.2189219104310974,5636,,,,[],0,,False,True,
csd-20260805_174708,paired_hierarchical,1,0,0,948c69fa52a0a115,rob->mltF,shared_complete_observation_shared_scores,maximum,prefix,complete,0,5000,0.6,0.0,instrument_error,2151398048,921666314,2151398048,rob,mltF,False,identifiable,acrR|cpxR|cra|crp|fis|nac|ompR|rpoD|soxS,5000,0.24317671008006017,0.021184261218750257,1.7561402997789937,11.47912157846806,0.19392742852240744,5636,,,,[],0,,False,True,
csd-20260805_174708,paired_hierarchical,1,0,0,948c69fa52a0a115,rob->narG,shared_complete_observation_shared_scores,maximum,prefix,complete,0,5000,0.6,0.0,instrument_error,2151398048,921666314,2151398048,rob,narG,False,identifiable,acrR|cpxR|cra|crp|fis|fnr|ihfA|ihfB|nac|narL|ompR|rpoD|rstA|soxS,5000,0.4177953773692675,0.01966116900021722,1.4857468062498678,21.2497729593114,0.40768578056090427,5636,,,,[],0,,False,True,
csd-20260805_174708,paired_hierarchical,1,0,0,948c69fa52a0a115,rob->yacH,shared_complete_observation_shared_scores,maximum,prefix,complete,0,5000,0.6,0.0,instrument_error,2151398048,921666314,2151398048,rob,yacH,False,identifiable,acrR|cpxR|cra|crp|fis|nac|ompR|rpoD|soxS,5000,0.29788971854467183,0.017373049484829733,1.1810945800301966,17.14665688397372,0.290227955805111,5636,,,,[],0,,False,True,
csd-20260805_174708,paired_hierarchical,1,0,0,948c69fa52a0a115,rob->ybiT,shared_complete_observation_shared_scores,maximum,prefix,complete,0,5000,0.6,0.0,instrument_error,2151398048,921666314,2151398048,rob,ybiT,False,identifiable,acrR|ascG|cpxR|cra|crp|fis|lrp|nac|ompR|rpoD|soxS,5000,0.36734033436507124,0.016436995647824405,1.0312147174016921,22.348386666008047,0.36364646378672294,5636,,,,[],0,,False,True,
csd-20260805_174708,paired_hierarchical,1,0,0,948c69fa52a0a115,rob->ydcL,shared_complete_observation_shared_scores,maximum,prefix,complete,0,5000,0.6,0.0,instrument_error,2151398048,921666314,2151398048,rob,ydcL,False,identifiable,acrR|cpxR|cra|crp|fis|lrp|nac|ompR|rpoD|soxS,5000,0.2516693807596137,0.017586100736799972,1.2102403919611493,14.310698234144674,0.23795181425307496,5636,,,,[],0,,False,True,
csd-20260805_174708,paired_hierarchical,1,0,0,948c69fa52a0a115,rob->yhbO,shared_complete_observation_shared_scores,maximum,prefix,complete,0,5000,0.6,0.0,instrument_error,2151398048,921666314,2151398048,rob,yhbO,False,identifiable,acrR|cpxR|cra|crp|fis|nac|ompR|rpoD|soxS,5000,-0.3773356772025681,0.016552839544395032,1.0722043716911818,-22.795827639756105,-0.405644638723023,5636,,,,[],0,,False,True,
csd-20260805_174708,paired_hierarchical,1,0,0,948c69fa52a0a115,rob->yiaG,shared_complete_observation_shared_scores,maximum,prefix,complete,0,5000,0.6,0.0,instrument_error,2151398048,921666314,2151398048,rob,yiaG,False,identifiable,acrR|cpxR|cra|crp|fis|lrp|nac|ompR|rpoD|rpoS|soxS,5000,-0.2253722490176928,0.016009427179020895,1.0009620331844151,-14.077471136070724,-0.2321020681303761,5636,,,,[],0,,False,True,
csd-20260805_174708,paired_hierarchical,1,0,0,948c69fa52a0a115,rob->yjcH,shared_complete_observation_shared_scores,maximum,prefix,complete,0,5000,0.6,0.0,instrument_error,2151398048,921666314,2151398048,rob,yjcH,False,identifiable,acrR|cpxR|cra|crp|fis|fur|ihfA|ihfB|nac|ompR|rpoD|rpoS|soxS,5000,-0.1435433270265274,0.018272053593390444,1.2833653054574736,-7.855894592956501,-0.13371600900018146,5636,,,,[],0,,False,True,
csd-20260805_174708,paired_hierarchical,1,0,0,948c69fa52a0a115,mcbR->mcbA,shared_complete_observation_shared_scores,maximum,prefix,complete,0,5000,0.6,0.0,instrument_error,2151398048,921666314,2151398048,mcbR,mcbA,False,identifiable,nac|rpoD|ygiV,5000,-0.630744886079522,0.01058593893594818,1.0312080193190885,-59.58327266914527,-0.6418484712569194,5636,,,,[],0,,False,True,
csd-20260805_174708,paired_hierarchical,1,0,0,948c69fa52a0a115,mcbR->rmf,shared_complete_observation_shared_scores,maximum,prefix,complete,0,5000,0.6,0.0,instrument_error,2151398048,921666314,2151398048,mcbR,rmf,False,identifiable,arcA|crp|cueR|fur|kdpE|nhaR|phoP|rcdA|sdiA|slyA|ygiV|zntR|zraR,5000,0.3564753685786154,0.010350562183641467,1.0072525316812468,34.4401938999996,0.36271919887671156,5636,,,,[],0,,False,True,
csd-20260805_174708,paired_hierarchical,1,0,0,948c69fa52a0a115,mcbR->rsd,shared_complete_observation_shared_scores,maximum,prefix,complete,0,5000,0.6,0.0,instrument_error,2151398048,921666314,2151398048,mcbR,rsd,False,identifiable,arcA|cueR|fur|kdpE|lrp|nac|nhaR|phoP|rcdA|rpoD|rpoS|sdiA|slyA|ygiV|zntR,5000,0.26245004533075533,0.011518535245500807,1.206323849320773,22.785019078990057,0.25786464663354336,5636,,,,[],0,,False,True,
csd-20260805_174708,paired_hierarchical,1,0,0,948c69fa52a0a115,mcbR->yciE,shared_complete_observation_shared_scores,maximum,prefix,complete,0,5000,0.6,0.0,instrument_error,2151398048,921666314,2151398048,mcbR,yciE,False,identifiable,hns|rpoD|rpoS|ygiV,5000,0.18219279101713443,0.013899373839572682,1.7857748009543328,13.107985519348814,0.15600640037952154,5636,,,,[],0,,False,True,
csd-20260805_174708,paired_hierarchical,1,0,0,948c69fa52a0a115,mcbR->yciF,shared_complete_observation_shared_scores,maximum,prefix,complete,0,5000,0.6,0.0,instrument_error,2151398048,921666314,2151398048,mcbR,yciF,False,identifiable,hns|rpoS|ygiV,5000,0.17202584409925148,0.010413634164319289,1.0159425815721668,16.519290132994254,0.1616554104431569,5636,,,,[],0,,False,True,
csd-20260805_174708,paired_hierarchical,1,0,0,948c69fa52a0a115,mcbR->yciG,shared_complete_observation_shared_scores,maximum,prefix,complete,0,5000,0.6,0.0,instrument_error,2151398048,921666314,2151398048,mcbR,yciG,False,identifiable,hns|rpoS|ygiV,5000,0.21550010382090534,0.010439907961079341,1.021075533535271,20.64195437587226,0.2169234740338185,5636,,,,[],0,,False,True,
csd-20260805_174708,paired_hierarchical,1,0,0,948c69fa52a0a115,metR->glyA,shared_complete_observation_shared_scores,maximum,prefix,complete,0,5000,0.6,0.0,instrument_error,2151398048,921666314,2151398048,metR,glyA,False,identifiable,metJ|nac|oxyR|purR|rpoD,5000,-0.18998708711290713,0.014837783043144651,1.0186648433172045,-12.804277199664604,-0.21778292613030734,5636,,,,[],0,,False,True,
csd-20260805_174708,paired_hierarchical,1,0,0,948c69fa52a0a115,metR->hmp,shared_complete_observation_shared_scores,maximum,prefix,complete,0,5000,0.6,0.0,instrument_error,2151398048,921666314,2151398048,metR,hmp,False,identifiable,dksA|fnr|fur|metJ|nac|nsrR|oxyR|rpoS,5000,0.30997033309213945,0.014829456700107694,1.0201799804131197,20.902339132214358,0.3111262858380459,5636,,,,[],0,,False,True,
csd-20260805_174708,paired_hierarchical,1,0,0,948c69fa52a0a115,metR->metE,shared_complete_observation_shared_scores,maximum,prefix,complete,0,5000,0.6,0.0,instrument_error,2151398048,921666314,2151398048,metR,metE,False,identifiable,metJ|nac|oxyR,5000,0.26128363795256226,0.014588796556552805,0.9996827787260486,17.909882898134068,0.2625789314688229,5636,,,,[],0,,False,True,
csd-20260805_174708,paired_hierarchical,1,0,0,948c69fa52a0a115,metR->metH,shared_complete_observation_shared_scores,maximum,prefix,complete,0,5000,0.6,0.0,instrument_error,2151398048,921666314,2151398048,metR,metH,False,identifiable,fur|lrp|metJ|nac|oxyR|rpoD,5000,0.16543361399910922,0.018003177690989254,1.4788715776948673,9.189134098360324,0.14196685348889945,5636,,,,[],0,,False,True,
csd-20260805_174708,paired_hierarchical,1,0,0,948c69fa52a0a115,micL->lpp,shared_complete_observation_shared_scores,maximum,prefix,complete,0,5000,0.6,0.0,instrument_error,2151398048,921666314,2151398048,micL,lpp,False,identifiable,ompR|rpoE,5000,-0.14479099008635016,0.013549676178832971,1.036742037386688,-10.685937300297974,-0.1363424840404399,5636,,,,[],0,,False,True,
csd-20260805_174708,paired_hierarchical,1,0,0,948c69fa52a0a115,mngR->mngA,shared_complete_observation_shared_scores,maximum,prefix,complete,0,5000,0.6,0.0,instrument_error,2151398048,921666314,2151398048,mngR,mngA,False,identifiable,rpoD|rpoH,5000,-0.4099622726527025,0.017903951761254158,1.045473774682533,-22.89786512606114,-0.41198868040631803,5636,,,,[],0,,False,True,
csd-20260805_174708,paired_hierarchical,1,0,0,948c69fa52a0a115,mngR->mngB,shared_complete_observation_shared_scores,maximum,prefix,complete,0,5000,0.6,0.0,instrument_error,2151398048,921666314,2151398048,mngR,mngB,False,identifiable,rpoD|rpoH,5000,-0.11370691400291476,0.017422665636933572,0.9900213244427519,-6.526378705326944,-0.11581136084053045,5636,,,,[],0,,False,True,
csd-20260805_174708,paired_hierarchical,1,0,0,948c69fa52a0a115,modE->ccmA,shared_complete_observation_shared_scores,maximum,prefix,complete,0,5000,0.6,0.0,instrument_error,2151398048,921666314,2151398048,modE,ccmA,False,identifiable,flhC|flhD|fnr|nac|narP|rpoD,5000,0.1518543833721013,0.014019885369567423,1.1776175821828292,10.831356988248093,0.25281484868046594,5636,,,,[],0,,False,True,
csd-20260805_174708,paired_hierarchical,1,0,0,948c69fa52a0a115,modE->ccmB,shared_complete_observation_shared_scores,maximum,prefix,complete,0,5000,0.6,0.0,instrument_error,2151398048,921666314,2151398048,modE,ccmB,False,identifiable,flhC|flhD|fnr|nac|narP|rpoD,5000,-0.031060236215313047,0.014456715587859674,1.2521450179406823,-2.1484988084981436,0.09086257560314659,5636,,,,[],0,,False,True,
csd-20260805_174708,paired_hierarchical,1,0,0,948c69fa52a0a115,modE->ccmC,shared_complete_observation_shared_scores,maximum,prefix,complete,0,5000,0.6,0.0,instrument_error,2151398048,921666314,2151398048,modE,ccmC,False,identifiable,flhC|flhD|fnr|narP|rpoD,5000,0.15687512354362612,0.013886233011455518,1.1589642501976734,11.29716917570166,0.19249074143262507,5636,,,,[],0,,False,True,
csd-20260805_174708,paired_hierarchical,1,0,0,948c69fa52a0a115,modE->ccmD,shared_complete_observation_shared_scores,maximum,prefix,complete,0,5000,0.6,0.0,instrument_error,2151398048,921666314,2151398048,modE,ccmD,False,identifiable,flhC|flhD|fnr|narP|rpoD,5000,-0.12813590897664132,0.014723541121032368,1.3029438193126848,-8.702791531148781,0.16952078850650684,5636,,,,[],0,,False,True,
csd-20260805_174708,paired_hierarchical,1,0,0,948c69fa52a0a115,modE->ccmE,shared_complete_observation_shared_scores,maximum,prefix,complete,0,5000,0.6,0.0,instrument_error,2151398048,921666314,2151398048,modE,ccmE,False,identifiable,flhC|flhD|fnr|narP|rpoD,5000,0.058157391385758955,0.014299212525820811,1.228925016267754,4.067174418223466,0.16523761065416814,5636,,,,[],0,,False,True,
csd-20260805_174708,paired_hierarchical,1,0,0,948c69fa52a0a115,modE->ccmF,shared_complete_observation_shared_scores,maximum,prefix,complete,0,5000,0.6,0.0,instrument_error,2151398048,921666314,2151398048,modE,ccmF,False,identifiable,flhC|flhD|fnr|narP|rpoD,5000,0.18135197295466124,0.013849346715871595,1.152815265208291,13.094622921587247,0.34300131399395367,5636,,,,[],0,,False,True,
csd-20260805_174708,paired_hierarchical,1,0,0,948c69fa52a0a115,modE->ccmG,shared_complete_observation_shared_scores,maximum,prefix,complete,0,5000,0.6,0.0,instrument_error,2151398048,921666314,2151398048,modE,ccmG,False,identifiable,flhC|flhD|fnr|narP|rpoD,5000,0.0064445263197512506,0.01321089740024612,1.0489765565066813,0.487818966759305,0.13541929324584467,5636,,,,[],0,,False,True,
csd-20260805_174708,paired_hierarchical,1,0,0,948c69fa52a0a115,modE->ccmH,shared_complete_observation_shared_scores,maximum,prefix,complete,0,5000,0.6,0.0,instrument_error,2151398048,921666314,2151398048,modE,ccmH,False,identifiable,flhC|flhD|fnr|nac|narP|rpoD,5000,0.18508917675690562,0.014385301592489968,1.2398047577154125,12.866548230975832,0.24460367013890066,5636,,,,[],0,,False,True,
csd-20260805_174708,paired_hierarchical,1,0,0,948c69fa52a0a115,modE->deoA,shared_complete_observation_shared_scores,maximum,prefix,complete,0,5000,0.6,0.0,instrument_error,2151398048,921666314,2151398048,modE,deoA,False,identifiable,crp|cytR|deoR|fis|rpoD,5000,-0.13735885304878515,0.013192680580669736,1.0263950926010863,-10.411747044800507,-0.13606126146026046,5636,,,,[],0,,False,True,
csd-20260805_174708,paired_hierarchical,1,0,0,948c69fa52a0a115,modE->deoB,shared_complete_observation_shared_scores,maximum,prefix,complete,0,5000,0.6,0.0,instrument_error,2151398048,921666314,2151398048,modE,deoB,False,identifiable,crp|cytR|deoR|fis|lrp|rpoD,5000,-0.14661893444006122,0.013307048894231609,1.0435312514367068,-11.018140506240881,-0.150190859273399,5636,,,,[],0,,False,True,
csd-20260805_174708,paired_hierarchical,1,0,0,948c69fa52a0a115,modE->deoC,shared_complete_observation_shared_scores,maximum,prefix,complete,0,5000,0.6,0.0,instrument_error,2151398048,921666314,2151398048,modE,deoC,False,identifiable,crp|cytR|deoR|fis|rpoD,5000,-0.2948791909844045,0.01362325952162963,1.0944868093808349,-21.645274430559386,-0.2715456560757461,5636,,,,[],0,,False,True,
csd-20260805_174708,paired_hierarchical,1,0,0,948c69fa52a0a115,modE->deoD,shared_complete_observation_shared_scores,maximum,prefix,complete,0,5000,0.6,0.0,instrument_error,2151398048,921666314,2151398048,modE,deoD,False,identifiable,crp|cytR|deoR|fis|rpoD,5000,-0.18737409308681716,0.014177412544075556,1.1853385961869563,-13.216381515618439,-0.19199132247368325,5636,,,,[],0,,False,True,
csd-20260805_174708,paired_hierarchical,1,0,0,948c69fa52a0a115,modE->dmsA,shared_complete_observation_shared_scores,maximum,prefix,complete,0,5000,0.6,0.0,instrument_error,2151398048,921666314,2151398048,modE,dmsA,False,identifiable,fis|fnr|fur|ihfA|ihfB|rpoD,5000,-0.6439962409391452,0.014567240363563178,1.2675883198621776,-44.20852713805447,-0.45474367574457825,5636,,,,[],0,,False,True,
csd-20260805_174708,paired_hierarchical,1,0,0,948c69fa52a0a115,modE->dmsB,shared_complete_observation_shared_scores,maximum,prefix,complete,0,5000,0.6,0.0,instrument_error,2151398048,921666314,2151398048,modE,dmsB,False,identifiable,fis|fnr|fur|ihfA|ihfB|rpoD,5000,-0.3876461637282588,0.013586410489571654,1.1026384179247386,-28.5319042896429,-0.29935571435364094,5636,,,,[],0,,False,True,
csd-20260805_174708,paired_hierarchical,1,0,0,948c69fa52a0a115,modE->dmsC,shared_complete_observation_shared_scores,maximum,prefix,complete,0,5000,0.6,0.0,instrument_error,2151398048,921666314,2151398048,modE,dmsC,False,identifiable,fis|fnr|fur|ihfA|ihfB|rpoD,5000,-0.6144838638638241,0.01360039588646371,1.1049096245486663,-45.18132185221253,-0.443437647346204,5636,,,,[],0,,False,True,
csd-20260805_174708,paired_hierarchical,1,0,0,948c69fa52a0a115,modE->hycA,shared_complete_observation_shared_scores,maximum,prefix,complete,0,5000,0.6,0.0,instrument_error,2151398048,921666314,2151398048,modE,hycA,False,identifiable,fhlA|ihfA|ihfB|nsrR|rpoN,5000,0.13574723314782583,0.012807167204494232,0.9672346415106986,10.599317630536598,0.14261264084098993,5636,,,,[],0,,False,True,
csd-20260805_174708,paired_hierarchical,1,0,0,948c69fa52a0a115,modE->hycB,shared_complete_observation_shared_scores,maximum,prefix,complete,0,5000,0.6,0.0,instrument_error,2151398048,921666314,2151398048,modE,hycB,False,identifiable,fhlA|ihfA|ihfB|nsrR|rpoN|srsR,5000,0.24840166097017255,0.014064571532022995,1.1664048742071125,17.66151641410461,0.25833303894847837,5636,,,,[],0,,False,True,
csd-20260805_174708,paired_hierarchical,1,0,0,948c69fa52a0a115,modE->hycC,shared_complete_observation_shared_scores,maximum,prefix,complete,0,5000,0.6,0.0,instrument_error,2151398048,921666314,2151398048,modE,hycC,False,identifiable,fhlA|ihfA|ihfB|nsrR|rpoN,5000,0.6330892161487844,0.014195155921508478,1.1882450611090365,44.598961761985905,0.6451499057245804,5636,,,,[],0,,False,True,
csd-20260805_174708,paired_hierarchical,1,0,0,948c69fa52a0a115,modE->hycD,shared_complete_observation_shared_scores,maximum,prefix,complete,0,5000,0.6,0.0,instrument_error,2151398048,921666314,2151398048,modE,hycD,False,identifiable,fhlA|ihfA|ihfB|nsrR|rpoN,5000,0.30605777313378074,0.013096556535079547,1.0114395400700331,23.36933164942977,0.31120242391877034,5636,,,,[],0,,False,True,
csd-20260805_174708,paired_hierarchical,1,0,0,948c69fa52a0a115,modE->hycE,shared_complete_observation_shared_scores,maximum,prefix,complete,0,5000,0.6,0.0,instrument_error,2151398048,921666314,2151398048,modE,hycE,False,identifiable,fhlA|ihfA|ihfB|nsrR|rpoN,5000,0.18695253699868528,0.02266926037515232,3.0304029830258887,8.246962358048663,0.2590764068450362,5636,,,,[],0,,False,True,
csd-20260805_174708,paired_hierarchical,1,0,0,948c69fa52a0a115,modE->hycF,shared_complete_observation_shared_scores,maximum,prefix,complete,0,5000,0.6,0.0,instrument_error,2151398048,921666314,2151398048,modE,hycF,False,identifiable,fhlA|ihfA|ihfB|nsrR|rpoN,5000,0.10832835587651604,0.012931334479907484,0.9860805074160146,8.377198505292322,0.09407727147945083,5636,,,,[],0,,False,True,
csd-20260805_174708,paired_hierarchical,1,0,0,948c69fa52a0a115,modE->hycG,shared_complete_observation_shared_scores,maximum,prefix,complete,0,5000,0.6,0.0,instrument_error,2151398048,921666314,2151398048,modE,hycG,False,identifiable,fhlA|ihfA|ihfB|nsrR|rpoN,5000,0.21037633742705372,0.015175494947348484,1.3580364050095064,13.86289792569905,0.2098644537999853,5636,,,,[],0,,False,True,
csd-20260805_174708,paired_hierarchical,1,0,0,948c69fa52a0a115,modE->hycH,shared_complete_observation_shared_scores,maximum,prefix,complete,0,5000,0.6,0.0,instrument_error,2151398048,921666314,2151398048,modE,hycH,False,identifiable,fhlA|ihfA|ihfB|nsrR|rpoN,5000,0.22712673762673763,0.013809559258115132,1.1245669590485625,16.44706636768784,0.21023038118471188,5636,,,,[],0,,False,True,
csd-20260805_174708,paired_hierarchical,1,0,0,948c69fa52a0a115,modE->hycI,shared_complete_observation_shared_scores,maximum,prefix,complete,0,5000,0.6,0.0,instrument_error,2151398048,921666314,2151398048,modE,hycI,False,identifiable,fhlA|ihfA|ihfB|nsrR|rpoN,5000,0.37763150119761923,0.01301139892971345,0.9983289575875597,29.023128353650115,0.366558858424821,5636,,,,[],0,,False,True,
csd-20260805_174708,paired_hierarchical,1,0,0,948c69fa52a0a115,modE->moaA,shared_complete_observation_shared_scores,maximum,prefix,complete,0,5000,0.6,0.0,instrument_error,2151398048,921666314,2151398048,modE,moaA,False,identifiable,csrA|cueR|fnr,5000,0.1743850613437295,0.014882679162293855,1.3372841430296256,11.717316448341125,0.1715273311766595,5636,,,,[],0,,False,True,
csd-20260805_174708,paired_hierarchical,1,0,0,948c69fa52a0a115,modE->moaB,shared_complete_observation_shared_scores,maximum,prefix,complete,0,5000,0.6,0.0,instrument_error,2151398048,921666314,2151398048,modE,moaB,False,identifiable,csrA|cueR|fnr,5000,0.2736704938853122,0.014612035149862788,1.2890889112210933,18.729115491340856,0.2726623463540094,5636,,,,[],0,,False,True,
csd-20260805_174708,paired_hierarchical,1,0,0,948c69fa52a0a115,modE->moaC,shared_complete_observation_shared_scores,maximum,prefix,complete,0,5000,0.6,0.0,instrument_error,2151398048,921666314,2151398048,modE,moaC,False,identifiable,csrA|cueR|fnr,5000,0.2766623692798675,0.014628228282869844,1.2919476443866866,18.91291029439625,0.24199958349547313,5636,,,,[],0,,False,True,
csd-20260805_174708,paired_hierarchical,1,0,0,948c69fa52a0a115,modE->moaD,shared_complete_observation_shared_scores,maximum,prefix,complete,0,5000,0.6,0.0,instrument_error,2151398048,921666314,2151398048,modE,moaD,False,identifiable,csrA|cueR|fnr,5000,0.14506218494111844,0.01644339672675751,1.6324674336216063,8.821911150818739,0.16705504368508398,5636,,,,[],0,,False,True,
csd-20260805_174708,paired_hierarchical,1,0,0,948c69fa52a0a115,modE->moaE,shared_complete_observation_shared_scores,maximum,prefix,complete,0,5000,0.6,0.0,instrument_error,2151398048,921666314,2151398048,modE,moaE,False,identifiable,csrA|cueR|fnr,5000,0.47192593325910415,0.01299870216893669,1.0201439126310705,36.30561937074586,0.4803518772806126,5636,,,,[],0,,False,True,
csd-20260805_174708,paired_hierarchical,1,0,0,948c69fa52a0a115,modE->modA,shared_complete_observation_shared_scores,maximum,prefix,complete,0,5000,0.6,0.0,instrument_error,2151398048,921666314,2151398048,modE,modA,False,identifiable,crp|fliA|lrp|rpoD,5000,-0.29548797491314854,0.016757296446318987,1.6552328437750863,-17.63339186960897,-0.40110750537998247,5636,,,,[],0,,False,True,
csd-20260805_174708,paired_hierarchical,1,0,0,948c69fa52a0a115,modE->modB,shared_complete_observation_shared_scores,maximum,prefix,complete,0,5000,0.6,0.0,instrument_error,2151398048,921666314,2151398048,modE,modB,False,identifiable,crp|fliA|rpoD,5000,-0.3533375613345041,0.012886523893418628,0.9797758372072983,-27.419152306461772,-0.36994642479852446,5636,,,,[],0,,False,True,
csd-20260805_174708,paired_hierarchical,1,0,0,948c69fa52a0a115,modE->modC,shared_complete_observation_shared_scores,maximum,prefix,complete,0,5000,0.6,0.0,instrument_error,2151398048,921666314,2151398048,modE,modC,False,identifiable,crp|fliA|rpoD,5000,-0.19399430126978262,0.014293314210673662,1.2053718368065023,-13.572380653670624,-0.18775712811988554,5636,,,,[],0,,False,True,
csd-20260805_174708,paired_hierarchical,1,0,0,948c69fa52a0a115,modE->napA,shared_complete_observation_shared_scores,maximum,prefix,complete,0,5000,0.6,0.0,instrument_error,2151398048,921666314,2151398048,modE,napA,False,identifiable,flhC|flhD|fnr|iscR|narP|rpoD,5000,-0.09316055246395105,0.015082804726203991,1.3672743874437394,-6.176606682582007,0.11754630392102422,5636,,,,[],0,,False,True,
csd-20260805_174708,paired_hierarchical,1,0,0,948c69fa52a0a115,modE->napB,shared_complete_observation_shared_scores,maximum,prefix,complete,0,5000,0.6,0.0,instrument_error,2151398048,921666314,2151398048,modE,napB,False,identifiable,flhC|flhD|fnr|iscR|nac|narP|rpoD,5000,0.08067161318774095,0.01449087296817299,1.258026459871818,5.567063721069389,0.2343594994392791,5636,,,,[],0,,False,True,
csd-20260805_174708,paired_hierarchical,1,0,0,948c69fa52a0a115,modE->napC,shared_complete_observation_shared_scores,maximum,prefix,complete,0,5000,0.6,0.0,instrument_error,2151398048,921666314,2151398048,modE,napC,False,identifiable,flhC|flhD|fnr|iscR|nac|narP|rpoD,5000,0.16336745761141733,0.013267935639920538,1.0546476503159776,12.312952221435085,0.24679424976997139,5636,,,,[],0,,False,True,
csd-20260805_174708,paired_hierarchical,1,0,0,948c69fa52a0a115,modE->napD,shared_complete_observation_shared_scores,maximum,prefix,complete,0,5000,0.6,0.0,instrument_error,2151398048,921666314,2151398048,modE,napD,False,identifiable,flhC|flhD|fnr|iscR|narP|rpoD,5000,0.2007592836673423,0.01363935307386411,1.1180957724431342,14.719120663577485,0.32485195353678525,5636,,,,[],0,,False,True,
csd-20260805_174708,paired_hierarchical,1,0,0,948c69fa52a0a115,modE->napF,shared_complete_observation_shared_scores,maximum,prefix,complete,0,5000,0.6,0.0,instrument_error,2151398048,921666314,2151398048,modE,napF,False,identifiable,flhC|flhD|fnr|iscR|lrp|narP|rpoD,5000,-0.3640503781698037,0.020552750825474992,2.538470122000545,-17.71297580850179,0.14259018286710023,5636,,,,[],0,,False,True,
csd-20260805_174708,paired_hierarchical,1,0,0,948c69fa52a0a115,modE->napG,shared_complete_observation_shared_scores,maximum,prefix,complete,0,5000,0.6,0.0,instrument_error,2151398048,921666314,2151398048,modE,napG,False,identifiable,flhC|flhD|fnr|iscR|narP|rpoD,5000,0.03991992428921211,0.016319952796051168,1.6007711854552464,2.4460808672725616,0.2538978103358659,5636,,,,[],0,,False,True,
csd-20260805_174708,paired_hierarchical,1,0,0,948c69fa52a0a115,modE->napH,shared_complete_observation_shared_scores,maximum,prefix,complete,0,5000,0.6,0.0,instrument_error,2151398048,921666314,2151398048,modE,napH,False,identifiable,flhC|flhD|fnr|iscR|narP|rpoD,5000,0.0020661555417319753,0.016366984771951622,1.6100109077803464,0.1262392291873321,0.18423173004319374,5636,,,,[],0,,False,True,
csd-20260805_174708,paired_hierarchical,1,0,0,948c69fa52a0a115,modE->narL,shared_complete_observation_shared_scores,maximum,prefix,complete,0,5000,0.6,0.0,instrument_error,2151398048,921666314,2151398048,modE,narL,False,identifiable,fnr|rpoD,5000,0.537826259182385,0.013394032037605235,1.0821447210956565,40.15417147520463,0.5534008477979594,5636,,,,[],0,,False,True,
csd-20260805_174708,paired_hierarchical,1,0,0,948c69fa52a0a115,modE->narX,shared_complete_observation_shared_scores,maximum,prefix,complete,0,5000,0.6,0.0,instrument_error,2151398048,921666314,2151398048,modE,narX,False,identifiable,fnr|nac|rpoD,5000,0.5506249508863794,0.012834089352460453,0.9900209355872,42.903312869706475,0.5527921819331212,5636,,,,[],0,,False,True,
csd-20260805_174708,paired_hierarchical,1,0,0,948c69fa52a0a115,modE->oppA,shared_complete_observation_shared_scores,maximum,prefix,complete,0,5000,0.6,0.0,instrument_error,2151398048,921666314,2151398048,modE,oppA,False,identifiable,arcA|fliA|fur|hfq|lrp|nac,5000,-0.9413001611823127,0.012995606163782019,1.0120612049006277,-72.43218587261134,-0.941131429436624,5636,,,,[],0,,False,True,
csd-20260805_174708,paired_hierarchical,1,0,0,948c69fa52a0a115,modE->oppB,shared_complete_observation_shared_scores,maximum,prefix,complete,0,5000,0.6,0.0,instrument_error,2151398048,921666314,2151398048,modE,oppB,False,identifiable,arcA|fliA|fur|lrp,5000,-0.10504980361469393,0.01516669100821321,1.4088241623210058,-6.926349561536288,-0.0787130672155278,5636,,,,[],0,,False,True,
csd-20260805_174708,paired_hierarchical,1,0,0,948c69fa52a0a115,modE->oppC,shared_complete_observation_shared_scores,maximum,prefix,complete,0,5000,0.6,0.0,instrument_error,2151398048,921666314,2151398048,modE,oppC,False,identifiable,arcA|fliA|fur|lrp|nac,5000,-0.1666866788584389,0.013686356967378624,1.1374959671379623,-12.179039261926015,-0.1458578419086327,5636,,,,[],0,,False,True,
csd-20260805_174708,paired_hierarchical,1,0,0,948c69fa52a0a115,modE->oppD,shared_complete_observation_shared_scores,maximum,prefix,complete,0,5000,0.6,0.0,instrument_error,2151398048,921666314,2151398048,modE,oppD,False,identifiable,arcA|fliA|fur|lrp,5000,-0.21327283404803285,0.014578311347864274,1.301636013031966,-14.62946077628376,-0.23182440540359064,5636,,,,[],0,,False,True,
csd-20260805_174708,paired_hierarchical,1,0,0,948c69fa52a0a115,modE->oppF,shared_complete_observation_shared_scores,maximum,prefix,complete,0,5000,0.6,0.0,instrument_error,2151398048,921666314,2151398048,modE,oppF,False,identifiable,arcA|fliA|fur|lrp,5000,-0.13257363024376084,0.01517317670684172,1.4100293246856483,-8.737368107232431,-0.1467299922451781,5636,,,,[],0,,False,True,
csd-20260805_174708,paired_hierarchical,1,0,0,948c69fa52a0a115,mprA->acrA,shared_complete_observation_shared_scores,maximum,prefix,complete,0,5000,0.6,0.0,instrument_error,2151398048,921666314,2151398048,mprA,acrA,False,identifiable,acrR|envR|marA|phoP|ptrR|rob|rpoD|soxS,5000,-0.1524487460271538,0.021789004450493334,1.1834600309271566,-6.996590705809055,-0.14538038679103615,5636,,,,[],0,,False,True,
csd-20260805_174708,paired_hierarchical,1,0,0,948c69fa52a0a115,mprA->acrB,shared_complete_observation_shared_scores,maximum,prefix,complete,0,5000,0.6,0.0,instrument_error,2151398048,921666314,2151398048,mprA,acrB,False,identifiable,acrR|envR|marA|phoP|ptrR|rob|rpoD|soxS,5000,-0.4159871366442891,0.02167241283683622,1.1708286736986586,-19.194315823351385,-0.42941848788952625,5636,,,,[],0,,False,True,
csd-20260805_174708,paired_hierarchical,1,0,0,948c69fa52a0a115,mprA->emrA,shared_complete_observation_shared_scores,maximum,prefix,complete,0,5000,0.6,0.0,instrument_error,2151398048,921666314,2151398048,mprA,emrA,False,identifiable,rpoD,5000,-0.14555697617234303,0.021748249521785726,1.1813936830391787,-6.692813415927348,-0.1567142197789846,5636,,,,[],0,,False,True,
csd-20260805_174708,paired_hierarchical,1,0,0,948c69fa52a0a115,mprA->emrB,shared_complete_observation_shared_scores,maximum,prefix,complete,0,5000,0.6,0.0,instrument_error,2151398048,921666314,2151398048,mprA,emrB,False,identifiable,rpoD,5000,-0.08191742708467942,0.02229004697651119,1.2409891876919197,-3.6750674940704426,-0.10018154039713355,5636,,,,[],0,,False,True,
csd-20260805_174708,paired_hierarchical,1,0,0,948c69fa52a0a115,mraZ->ddlB,shared_complete_observation_shared_scores,maximum,prefix,complete,0,5000,0.6,0.0,instrument_error,2151398048,921666314,2151398048,mraZ,ddlB,False,identifiable,lexA|pdhR|rpoD,5000,-0.14024796718680443,0.017335710622912073,1.4388498923316835,-8.090119305605104,-0.13221024266243248,5636,,,,[],0,,False,True,
csd-20260805_174708,paired_hierarchical,1,0,0,948c69fa52a0a115,mraZ->ftsA,shared_complete_observation_shared_scores,maximum,prefix,complete,0,5000,0.6,0.0,instrument_error,2151398048,921666314,2151398048,mraZ,ftsA,False,identifiable,lexA|pdhR|rcsB|rpoD|rpoS|sdiA,5000,-0.19774155119287862,0.01447673426023769,1.00219745129764,-13.659265110364188,-0.21127660691916472,5636,,,,[],0,,False,True,
csd-20260805_174708,paired_hierarchical,1,0,0,948c69fa52a0a115,mraZ->ftsI,shared_complete_observation_shared_scores,maximum,prefix,complete,0,5000,0.6,0.0,instrument_error,2151398048,921666314,2151398048,mraZ,ftsI,False,identifiable,lexA|pdhR|rpoD,5000,-0.2937706416712436,0.014384647465575336,0.990673706343367,-20.422512430303332,-0.3099936040924341,5636,,,,[],0,,False,True,
csd-20260805_174708,paired_hierarchical,1,0,0,948c69fa52a0a115,mraZ->ftsL,shared_complete_observation_shared_scores,maximum,prefix,complete,0,5000,0.6,0.0,instrument_error,2151398048,921666314,2151398048,mraZ,ftsL,False,identifiable,lexA|pdhR|rpoD,5000,-0.4008538453839172,0.016478147431586522,1.3000167837840775,-24.326390272217807,-0.3882748587775269,5636,,,,[],0,,False,True,
csd-20260805_174708,paired_hierarchical,1,0,0,948c69fa52a0a115,mraZ->ftsQ,shared_complete_observation_shared_scores,maximum,prefix,complete,0,5000,0.6,0.0,instrument_error,2151398048,921666314,2151398048,mraZ,ftsQ,False,identifiable,lexA|lrp|pdhR|rpoD|rpoS|sdiA,5000,-0.17771490250796604,0.01609395538589421,1.2386174982327605,-11.042338458557364,-0.17203036179914247,5636,,,,[],0,,False,True,
csd-20260805_174708,paired_hierarchical,1,0,0,948c69fa52a0a115,mraZ->ftsW,shared_complete_observation_shared_scores,maximum,prefix,complete,0,5000,0.6,0.0,instrument_error,2151398048,921666314,2151398048,mraZ,ftsW,False,identifiable,lexA|pdhR|rpoD,5000,-0.2965829757504445,0.01470135148072871,1.0347768700392823,-20.17385790273913,-0.30347369531283047,5636,,,,[],0,,False,True,
csd-20260805_174708,paired_hierarchical,1,0,0,948c69fa52a0a115,mraZ->ftsZ,shared_complete_observation_shared_scores,maximum,prefix,complete,0,5000,0.6,0.0,instrument_error,2151398048,921666314,2151398048,mraZ,ftsZ,False,identifiable,argR|dicF|lexA|pdhR|rcsB|rpoD|rpoS|sdiA,5000,-0.4489121257384511,0.014909348856426053,1.0623285650112533,-30.109438719382183,-0.45813921855724127,5636,,,,[],0,,False,True,
csd-20260805_174708,paired_hierarchical,1,0,0,948c69fa52a0a115,mraZ->lpxC,shared_complete_observation_shared_scores,maximum,prefix,complete,0,5000,0.6,0.0,instrument_error,2151398048,921666314,2151398048,mraZ,lpxC,False,identifiable,lexA|pdhR|rpoD,5000,-0.14154362516167146,0.015252700281428618,1.1138473183249697,-9.27990601992043,-0.1559964281117493,5636,,,,[],0,,False,True,
csd-20260805_174708,paired_hierarchical,1,0,0,948c69fa52a0a115,mraZ->mioC,shared_complete_observation_shared_scores,maximum,prefix,complete,0,5000,0.6,0.0,instrument_error,2151398048,921666314,2151398048,mraZ,mioC,False,identifiable,asnC|nac|pdhR|rpoD,5000,-0.30402864827150644,0.015475962465557441,1.138105990521843,-19.6452174750448,-0.29611557185381043,5636,,,,[],0,,False,True,
csd-20260805_174708,paired_hierarchical,1,0,0,948c69fa52a0a115,mraZ->mraY,shared_complete_observation_shared_scores,maximum,prefix,complete,0,5000,0.6,0.0,instrument_error,2151398048,921666314,2151398048,mraZ,mraY,False,identifiable,lexA|pdhR|rpoD,5000,-0.40195499027027215,0.016423859389710978,1.2914649597471684,-24.473845077003283,-0.4045973403985186,5636,,,,[],0,,False,True,
csd-20260805_174708,paired_hierarchical,1,0,0,948c69fa52a0a115,mraZ->murC,shared_complete_observation_shared_scores,maximum,prefix,complete,0,5000,0.6,0.0,instrument_error,2151398048,921666314,2151398048,mraZ,murC,False,identifiable,lexA|pdhR|rpoD,5000,-0.13700608564747832,0.014640844849838592,1.0262766967245893,-9.357799160680864,-0.1542031137194759,5636,,,,[],0,,False,True,
csd-20260805_174708,paired_hierarchical,1,0,0,948c69fa52a0a115,mraZ->murD,shared_complete_observation_shared_scores,maximum,prefix,complete,0,5000,0.6,0.0,instrument_error,2151398048,921666314,2151398048,mraZ,murD,False,identifiable,glaR|lexA|pdhR|rpoD,5000,-0.12131080833304653,0.014289205185833426,0.9775609529930976,-8.489682019075227,-0.11386600807497392,5636,,,,[],0,,False,True,
csd-20260805_174708,paired_hierarchical,1,0,0,948c69fa52a0a115,mraZ->murE,shared_complete_observation_shared_scores,maximum,prefix,complete,0,5000,0.6,0.0,instrument_error,2151398048,921666314,2151398048,mraZ,murE,False,identifiable,lexA|pdhR|rpoD,5000,-0.1408393761743324,0.014155502970757596,0.9593626386855305,-9.949443440143247,-0.1461426219656156,5636,,,,[],0,,False,True,
csd-20260805_174708,paired_hierarchical,1,0,0,948c69fa52a0a115,mraZ->murF,shared_complete_observation_shared_scores,maximum,prefix,complete,0,5000,0.6,0.0,instrument_error,2151398048,921666314,2151398048,mraZ,murF,False,identifiable,lexA|pdhR|rpoD,5000,-0.16049812107963182,0.014444207981050653,0.9988945812374499,-11.111590285198691,-0.15738953937182107,5636,,,,[],0,,False,True,
csd-20260805_174708,paired_hierarchical,1,0,0,948c69fa52a0a115,mraZ->murG,shared_complete_observation_shared_scores,maximum,prefix,complete,0,5000,0.6,0.0,instrument_error,2151398048,921666314,2151398048,mraZ,murG,False,identifiable,lexA|pdhR|rpoD,5000,-0.1329835740733124,0.014498637894648317,1.0064370074071936,-9.172142586056225,-0.14679778122147488,5636,,,,[],0,,False,True,
csd-20260805_174708,paired_hierarchical,1,0,0,948c69fa52a0a115,mraZ->rsmH,shared_complete_observation_shared_scores,maximum,prefix,complete,0,5000,0.6,0.0,instrument_error,2151398048,921666314,2151398048,mraZ,rsmH,False,identifiable,pdhR|rpoD,5000,-0.18648949496808084,0.014677267327199399,1.0316043893341318,-12.706009287061566,-0.16218589465147026,5636,,,,[],0,,False,True,
csd-20260805_174708,paired_hierarchical,1,0,0,948c69fa52a0a115,murR->murP,shared_complete_observation_shared_scores,maximum,prefix,complete,0,5000,0.6,0.0,instrument_error,2151398048,921666314,2151398048,murR,murP,False,identifiable,crp|rpoD|rpoS,5000,-0.1808778997886591,0.012352906880715785,1.0311372632137294,-14.642537301971322,-0.17840408704356997,5636,,,,[],0,,False,True,
csd-20260805_174708,paired_hierarchical,1,0,0,948c69fa52a0a115,murR->murQ,shared_complete_observation_shared_scores,maximum,prefix,complete,0,5000,0.6,0.0,instrument_error,2151398048,921666314,2151398048,murR,murQ,False,identifiable,crp|rpoD|rpoS,5000,-0.35623253511778913,0.013873814470149945,1.300678350279518,-25.67661084730788,-0.3598126140859508,5636,,,,[],0,,False,True,
csd-20260805_174708,paired_hierarchical,1,0,0,948c69fa52a0a115,srsR->adhE,shared_complete_observation_shared_scores,maximum,prefix,complete,0,5000,0.6,0.0,instrument_error,2151398048,921666314,2151398048,srsR,adhE,False,identifiable,cra|fis|flhC|flhD|fnr|lrp|nac|narL|rpoD|rpoS,5000,0.15535611711668482,0.013706662614690465,1.0878978503602823,11.334350416576092,0.1697368166731321,5636,,,,[],0,,False,True,
csd-20260805_174708,paired_hierarchical,1,0,0,948c69fa52a0a115,srsR->bluR,shared_complete_observation_shared_scores,maximum,prefix,complete,0,5000,0.6,0.0,instrument_error,2151398048,921666314,2151398048,srsR,bluR,False,identifiable,nac|rpoD,5000,0.23621509756046677,0.014016506483878562,1.148901215582796,16.852637126958527,0.21103935692993786,5636,,,,[],0,,False,True,
csd-20260805_174708,paired_hierarchical,1,0,0,948c69fa52a0a115,srsR->cdgI,shared_complete_observation_shared_scores,maximum,prefix,complete,0,5000,0.6,0.0,instrument_error,2151398048,921666314,2151398048,srsR,cdgI,False,identifiable,hns|nac,5000,0.4467289382429743,0.015770110884069623,1.4647837424231855,28.327571158313365,0.482464478703024,5636,,,,[],0,,False,True,
csd-20260805_174708,paired_hierarchical,1,0,0,948c69fa52a0a115,srsR->dhaK,shared_complete_observation_shared_scores,maximum,prefix,complete,0,5000,0.6,0.0,instrument_error,2151398048,921666314,2151398048,srsR,dhaK,False,identifiable,dhaR|lrp|nac|rpoS,5000,0.23521009554081246,0.02661362442668106,4.343064128861673,8.837958023673258,0.11346265665446302,5636,,,,[],0,,False,True,
csd-20260805_174708,paired_hierarchical,1,0,0,948c69fa52a0a115,srsR->dhaL,shared_complete_observation_shared_scores,maximum,prefix,complete,0,5000,0.6,0.0,instrument_error,2151398048,921666314,2151398048,srsR,dhaL,False,identifiable,dhaR|nac|rpoS,5000,0.19107010442596206,0.013112491982413951,1.0554733535754215,14.571608865974452,0.22870961635405399,5636,,,,[],0,,False,True,
csd-20260805_174708,paired_hierarchical,1,0,0,948c69fa52a0a115,srsR->dhaM,shared_complete_observation_shared_scores,maximum,prefix,complete,0,5000,0.6,0.0,instrument_error,2151398048,921666314,2151398048,srsR,dhaM,False,identifiable,dhaR|nac|rpoS,5000,0.150459832168197,0.015911104187968424,1.5540945642943758,9.456278482669413,0.19456452138721164,5636,,,,[],0,,False,True,
csd-20260805_174708,paired_hierarchical,1,0,0,948c69fa52a0a115,srsR->dinJ,shared_complete_observation_shared_scores,maximum,prefix,complete,0,5000,0.6,0.0,instrument_error,2151398048,921666314,2151398048,srsR,dinJ,False,identifiable,lexA|nac|rpoD,5000,0.2320904106802872,0.012365520198164727,0.893827366010772,18.769158673545633,0.42929655263989736,5636,,,,[],0,,False,True,
csd-20260805_174708,paired_hierarchical,1,0,0,948c69fa52a0a115,srsR->fucA,shared_complete_observation_shared_scores,maximum,prefix,complete,0,5000,0.6,0.0,instrument_error,2151398048,921666314,2151398048,srsR,fucA,False,identifiable,crp|hns|nac|rpoD,5000,0.3582561698015016,0.01885580662799459,2.0790299670786654,18.999779583526838,0.19848076059881797,5636,,,,[],0,,False,True,
csd-20260805_174708,paired_hierarchical,1,0,0,948c69fa52a0a115,srsR->fucI,shared_complete_observation_shared_scores,maximum,prefix,complete,0,5000,0.6,0.0,instrument_error,2151398048,921666314,2151398048,srsR,fucI,False,identifiable,crp|nac|rpoD|spf,5000,0.30751392263212945,0.020918851177283534,2.5588605394759836,14.700325559276836,0.13071530573094425,5636,,,,[],0,,False,True,
csd-20260805_174708,paired_hierarchical,1,0,0,948c69fa52a0a115,srsR->fucK,shared_complete_observation_shared_scores,maximum,prefix,complete,0,5000,0.6,0.0,instrument_error,2151398048,921666314,2151398048,srsR,fucK,False,identifiable,crp|nac|rpoD|spf,5000,0.46795957584891673,0.018112577136700656,1.9183659292144044,25.836167449672992,0.3492051664336484,5636,,,,[],0,,False,True,
csd-20260805_174708,paired_hierarchical,1,0,0,948c69fa52a0a115,srsR->fucO,shared_complete_observation_shared_scores,maximum,prefix,complete,0,5000,0.6,0.0,instrument_error,2151398048,921666314,2151398048,srsR,fucO,False,identifiable,crp|nac|rpoD,5000,0.209391604958872,0.014277630989949055,1.1920262945447597,14.665710656500105,0.15909536535545257,5636,,,,[],0,,False,True,
csd-20260805_174708,paired_hierarchical,1,0,0,948c69fa52a0a115,srsR->fucP,shared_complete_observation_shared_scores,maximum,prefix,complete,0,5000,0.6,0.0,instrument_error,2151398048,921666314,2151398048,srsR,fucP,False,identifiable,crp|nac|rpoD|spf,5000,0.23617653163453362,0.01373654422116477,1.1033820988423322,17.193300427820947,0.1662219178294283,5636,,,,[],0,,False,True,
csd-20260805_174708,paired_hierarchical,1,0,0,948c69fa52a0a115,srsR->fucR,shared_complete_observation_shared_scores,maximum,prefix,complete,0,5000,0.6,0.0,instrument_error,2151398048,921666314,2151398048,srsR,fucR,False,identifiable,crp|nac|rpoD,5000,0.22781941839319625,0.02099884060403271,2.5784823492860482,10.849142706928534,0.18812653825003353,5636,,,,[],0,,False,True,
csd-20260805_174708,paired_hierarchical,1,0,0,948c69fa52a0a115,srsR->fucU,shared_complete_observation_shared_scores,maximum,prefix,complete,0,5000,0.6,0.0,instrument_error,2151398048,921666314,2151398048,srsR,fucU,False,identifiable,crp|nac|rpoD,5000,0.43627297148067223,0.013718327224510312,1.1004640124003038,31.80219893728664,0.3875116144126055,5636,,,,[],0,,False,True,
csd-20260805_174708,paired_hierarchical,1,0,0,948c69fa52a0a115,srsR->hycB,shared_complete_observation_shared_scores,maximum,prefix,complete,0,5000,0.6,0.0,instrument_error,2151398048,921666314,2151398048,srsR,hycB,False,identifiable,fhlA|ihfA|ihfB|modE|nac|nsrR|rpoN,5000,0.14294270677720514,0.013970535405812055,1.166638569460302,10.231727176163755,0.13638318637630317,5636,,,,[],0,,False,True,
csd-20260805_174708,paired_hierarchical,1,0,0,948c69fa52a0a115,srsR->narZ,shared_complete_observation_shared_scores,maximum,prefix,complete,0,5000,0.6,0.0,instrument_error,2151398048,921666314,2151398048,srsR,narZ,False,identifiable,nac|ompR,5000,0.19620383019313345,0.017979309734106188,1.9824369982422088,10.91275655710747,0.21551272069176527,5636,,,,[],0,,False,True,
csd-20260805_174708,paired_hierarchical,1,0,0,948c69fa52a0a115,srsR->paaA,shared_complete_observation_shared_scores,maximum,prefix,complete,0,5000,0.6,0.0,instrument_error,2151398048,921666314,2151398048,srsR,paaA,False,identifiable,crp|fur|ihfA|ihfB|nac|paaX|rpoD|slyA,5000,0.2554652429779675,0.016737710590367747,1.6331840052764912,15.262854594043656,0.2417812900193047,5636,,,,[],0,,False,True,
csd-20260805_174708,paired_hierarchical,1,0,0,948c69fa52a0a115,srsR->paaB,shared_complete_observation_shared_scores,maximum,prefix,complete,0,5000,0.6,0.0,instrument_error,2151398048,921666314,2151398048,srsR,paaB,False,identifiable,crp|fur|ihfA|ihfB|nac|paaX|rpoD|slyA,5000,0.1605635753896022,0.013064095888492782,0.9949510810984011,12.290446790966303,0.15939025592611236,5636,,,,[],0,,False,True,
csd-20260805_174708,paired_hierarchical,1,0,0,948c69fa52a0a115,srsR->paaC,shared_complete_observation_shared_scores,maximum,prefix,complete,0,5000,0.6,0.0,instrument_error,2151398048,921666314,2151398048,srsR,paaC,False,identifiable,crp|fur|ihfA|ihfB|nac|paaX|rpoD|slyA,5000,0.14583985960383603,0.013933072195806346,1.1317142500971227,10.467171744630141,0.14447384641885186,5636,,,,[],0,,False,True,
csd-20260805_174708,paired_hierarchical,1,0,0,948c69fa52a0a115,srsR->paaD,shared_complete_observation_shared_scores,maximum,prefix,complete,0,5000,0.6,0.0,instrument_error,2151398048,921666314,2151398048,srsR,paaD,False,identifiable,crp|fur|ihfA|ihfB|nac|paaX|rpoD|slyA,5000,0.10957014985412189,0.013870926148729368,1.121641135537446,7.899267048160223,0.12683669895932584,5636,,,,[],0,,False,True,
csd-20260805_174708,paired_hierarchical,1,0,0,948c69fa52a0a115,srsR->paaE,shared_complete_observation_shared_scores,maximum,prefix,complete,0,5000,0.6,0.0,instrument_error,2151398048,921666314,2151398048,srsR,paaE,False,identifiable,crp|fur|ihfA|ihfB|nac|paaX|rpoD|slyA,5000,0.10018779972492681,0.014045698019065694,1.150084269267097,7.132988306379038,0.09840312587086156,5636,,,,[],0,,False,True,
csd-20260805_174708,paired_hierarchical,1,0,0,948c69fa52a0a115,srsR->paaF,shared_complete_observation_shared_scores,maximum,prefix,complete,0,5000,0.6,0.0,instrument_error,2151398048,921666314,2151398048,srsR,paaF,False,identifiable,crp|fur|ihfA|ihfB|nac|paaX|rpoD|slyA,5000,0.15960250321234187,0.013389124449181732,1.0450747766538058,11.920309189604692,0.15931780864122524,5636,,,,[],0,,False,True,
csd-20260805_174708,paired_hierarchical,1,0,0,948c69fa52a0a115,srsR->paaG,shared_complete_observation_shared_scores,maximum,prefix,complete,0,5000,0.6,0.0,instrument_error,2151398048,921666314,2151398048,srsR,paaG,False,identifiable,crp|fur|ihfA|ihfB|nac|paaX|rpoD|slyA,5000,0.42552244914971105,0.01315230504572191,1.008432318370145,32.35345041575979,0.40872893510095754,5636,,,,[],0,,False,True,
csd-20260805_174708,paired_hierarchical,1,0,0,948c69fa52a0a115,srsR->paaH,shared_complete_observation_shared_scores,maximum,prefix,complete,0,5000,0.6,0.0,instrument_error,2151398048,921666314,2151398048,srsR,paaH,False,identifiable,crp|fur|ihfA|ihfB|nac|paaX|rpoD|slyA,5000,0.5363749645379282,0.014015897453523597,1.1452092102775886,38.269041730401895,0.5342983803335152,5636,,,,[],0,,False,True,
csd-20260805_174708,paired_hierarchical,1,0,0,948c69fa52a0a115,srsR->paaI,shared_complete_observation_shared_scores,maximum,prefix,complete,0,5000,0.6,0.0,instrument_error,2151398048,921666314,2151398048,srsR,paaI,False,identifiable,crp|fur|ihfA|ihfB|nac|paaX|rpoD|slyA,5000,0.33078440220314204,0.01361127319112127,1.0800416682963034,24.30223811971646,0.3273002369075474,5636,,,,[],0,,False,True,
csd-20260805_174708,paired_hierarchical,1,0,0,948c69fa52a0a115,srsR->paaJ,shared_complete_observation_shared_scores,maximum,prefix,complete,0,5000,0.6,0.0,instrument_error,2151398048,921666314,2151398048,srsR,paaJ,False,identifiable,crp|fur|ihfA|ihfB|nac|paaX|rpoD|slyA,5000,0.1924200555508858,0.013126141704242773,1.0044242427137273,14.659300492595605,0.20255071724490442,5636,,,,[],0,,False,True,
csd-20260805_174708,paired_hierarchical,1,0,0,948c69fa52a0a115,srsR->paaK,shared_complete_observation_shared_scores,maximum,prefix,complete,0,5000,0.6,0.0,instrument_error,2151398048,921666314,2151398048,srsR,paaK,False,identifiable,crp|fur|ihfA|ihfB|nac|paaX|rpoD|slyA|spf,5000,0.08141919957727645,0.013740377916024726,1.100625061039983,5.925542956305535,0.08026666904598652,5636,,,,[],0,,False,True,
csd-20260805_174708,paired_hierarchical,1,0,0,948c69fa52a0a115,srsR->paaZ,shared_complete_observation_shared_scores,maximum,prefix,complete,0,5000,0.6,0.0,instrument_error,2151398048,921666314,2151398048,srsR,paaZ,False,identifiable,crp|ihfA|ihfB|nac|paaX,5000,0.31276734051905597,0.013994860312343054,1.184134181297316,22.348729000403413,0.32194008567239996,5636,,,,[],0,,False,True,
csd-20260805_174708,paired_hierarchical,1,0,0,948c69fa52a0a115,srsR->pflB,shared_complete_observation_shared_scores,maximum,prefix,complete,0,5000,0.6,0.0,instrument_error,2151398048,921666314,2151398048,srsR,pflB,False,identifiable,arcA|cpxR|crp|fis|fnr|ihfA|ihfB|nac|narL|rpoD|yeiE,5000,0.15230477016256547,0.015803781954741122,1.4459323669689863,9.637235605928755,0.1592342706004341,5636,,,,[],0,,False,True,
csd-20260805_174708,paired_hierarchical,1,0,0,948c69fa52a0a115,srsR->yafL,shared_complete_observation_shared_scores,maximum,prefix,complete,0,5000,0.6,0.0,instrument_error,2151398048,921666314,2151398048,srsR,yafL,False,identifiable,nac,5000,0.3602176854750238,0.01885130492307814,2.196661222700097,19.108368728046948,0.18645713239846343,5636,,,,[],0,,False,True,
csd-20260805_174708,paired_hierarchical,1,0,0,948c69fa52a0a115,srsR->yafQ,shared_complete_observation_shared_scores,maximum,prefix,complete,0,5000,0.6,0.0,instrument_error,2151398048,921666314,2151398048,srsR,yafQ,False,identifiable,lexA|nac|rpoD,5000,0.2888677111772119,0.014933148150965183,1.3035617610310948,19.344059822947738,0.26967977229374784,5636,,,,[],0,,False,True,
csd-20260805_174708,paired_hierarchical,1,0,0,948c69fa52a0a115,srsR->yfdK,shared_complete_observation_shared_scores,maximum,prefix,complete,0,5000,0.6,0.0,instrument_error,2151398048,921666314,2151398048,srsR,yfdK,False,identifiable,nac,5000,0.06870442260319382,0.015022178003261607,1.3949095724865652,4.573532718642846,0.15022527853900167,5636,,,,[],0,,False,True,
csd-20260805_174708,paired_hierarchical,1,0,0,948c69fa52a0a115,srsR->yfdM,shared_complete_observation_shared_scores,maximum,prefix,complete,0,5000,0.6,0.0,instrument_error,2151398048,921666314,2151398048,srsR,yfdM,False,identifiable,nac,5000,0.5209574753647052,0.014315049624630554,1.2666772274732634,36.39229265879336,0.42545170054022674,5636,,,,[],0,,False,True,
csd-20260805_174708,paired_hierarchical,1,0,0,948c69fa52a0a115,srsR->yfdN,shared_complete_observation_shared_scores,maximum,prefix,complete,0,5000,0.6,0.0,instrument_error,2151398048,921666314,2151398048,srsR,yfdN,False,identifiable,nac,5000,0.2999475122656416,0.01484443308242155,1.3620952536816298,20.20606045378943,0.21814876622051543,5636,,,,[],0,,False,True,
csd-20260805_174708,paired_hierarchical,1,0,0,948c69fa52a0a115,srsR->yfdO,shared_complete_observation_shared_scores,maximum,prefix,complete,0,5000,0.6,0.0,instrument_error,2151398048,921666314,2151398048,srsR,yfdO,False,identifiable,nac,5000,0.16475134475605596,0.014090187336600139,1.227195577946404,11.692629829562598,0.23262645347667438,5636,,,,[],0,,False,True,
csd-20260805_174708,paired_hierarchical,1,0,0,948c69fa52a0a115,srsR->yfdP,shared_complete_observation_shared_scores,maximum,prefix,complete,0,5000,0.6,0.0,instrument_error,2151398048,921666314,2151398048,srsR,yfdP,False,identifiable,nac,5000,0.1575836098826508,0.012557324815139671,0.9747079386534575,12.54913862645816,0.15490188845198036,5636,,,,[],0,,False,True,
csd-20260805_174708,paired_hierarchical,1,0,0,948c69fa52a0a115,srsR->yfdQ,shared_complete_observation_shared_scores,maximum,prefix,complete,0,5000,0.6,0.0,instrument_error,2151398048,921666314,2151398048,srsR,yfdQ,False,identifiable,nac,5000,0.2346236317516493,0.013432489263202757,1.1153039780345864,17.466876552388708,0.277268561658446,5636,,,,[],0,,False,True,
csd-20260805_174708,paired_hierarchical,1,0,0,948c69fa52a0a115,tdcR->tdcA,shared_complete_observation_shared_scores,maximum,prefix,complete,0,5000,0.6,0.0,instrument_error,2151398048,921666314,2151398048,tdcR,tdcA,False,identifiable,crp|fnr|ihfA|ihfB|nac,5000,0.40159567962154474,0.01662585299058275,1.8489255398790183,24.15489177301263,0.3215873700133498,5636,,,,[],0,,False,True,
csd-20260805_174708,paired_hierarchical,1,0,0,948c69fa52a0a115,tdcR->tdcB,shared_complete_observation_shared_scores,maximum,prefix,complete,0,5000,0.6,0.0,instrument_error,2151398048,921666314,2151398048,tdcR,tdcB,False,identifiable,crp|fnr|ihfA|ihfB|nac,5000,0.40236521369271383,0.0152897354043251,1.563692989442692,26.31603510803034,0.22700085654273697,5636,,,,[],0,,False,True,
csd-20260805_174708,paired_hierarchical,1,0,0,948c69fa52a0a115,tdcR->tdcC,shared_complete_observation_shared_scores,maximum,prefix,complete,0,5000,0.6,0.0,instrument_error,2151398048,921666314,2151398048,tdcR,tdcC,False,identifiable,crp|fnr|ihfA|ihfB|nac,5000,0.34657821536323297,0.01309771637410625,1.147473627479787,26.460965061696296,0.2895224679993249,5636,,,,[],0,,False,True,
csd-20260805_174708,paired_hierarchical,1,0,0,948c69fa52a0a115,tdcR->tdcD,shared_complete_observation_shared_scores,maximum,prefix,complete,0,5000,0.6,0.0,instrument_error,2151398048,921666314,2151398048,tdcR,tdcD,False,identifiable,crp|fnr|ihfA|ihfB|nac,5000,0.2062653864191328,0.012620611466397898,1.0653991433890813,16.343533510108436,0.14897952469200507,5636,,,,[],0,,False,True,
csd-20260805_174708,paired_hierarchical,1,0,0,948c69fa52a0a115,tdcR->tdcE,shared_complete_observation_shared_scores,maximum,prefix,complete,0,5000,0.6,0.0,instrument_error,2151398048,921666314,2151398048,tdcR,tdcE,False,identifiable,crp|fnr|ihfA|ihfB|nac,5000,0.29198205544556605,0.013511390996759548,1.2211012428355568,21.610066314829645,0.22783352143608865,5636,,,,[],0,,False,True,
csd-20260805_174708,paired_hierarchical,1,0,0,948c69fa52a0a115,tdcR->tdcF,shared_complete_observation_shared_scores,maximum,prefix,complete,0,5000,0.6,0.0,instrument_error,2151398048,921666314,2151398048,tdcR,tdcF,False,identifiable,crp|fnr|ihfA|ihfB|nac,5000,0.20623980257939512,0.02243266032819172,3.365992238317404,9.193729123612151,0.0838041518731909,5636,,,,[],0,,False,True,
csd-20260805_174708,paired_hierarchical,1,0,0,948c69fa52a0a115,tdcR->tdcG,shared_complete_observation_shared_scores,maximum,prefix,complete,0,5000,0.6,0.0,instrument_error,2151398048,921666314,2151398048,tdcR,tdcG,False,identifiable,crp|fnr|ihfA|ihfB|nac,5000,0.2294019241663986,0.012940820975805697,1.1201474842315693,17.726999283530077,0.18092243255103405,5636,,,,[],0,,False,True,
csd-20260805_174708,paired_hierarchical,1,0,0,948c69fa52a0a115,uhpA->uhpT,shared_complete_observation_shared_scores,maximum,prefix,complete,0,5000,0.6,0.0,instrument_error,2151398048,921666314,2151398048,uhpA,uhpT,False,identifiable,crp|nac|rpoD|uvrY,5000,0.20961111384075573,0.01361953057583595,1.1830094045849378,15.39048006637263,0.19721279243290385,5636,,,,[],0,,False,True,
csd-20260805_174708,paired_hierarchical,1,0,0,948c69fa52a0a115,xapR->xapA,shared_complete_observation_shared_scores,maximum,prefix,complete,0,5000,0.6,0.0,instrument_error,2151398048,921666314,2151398048,xapR,xapA,False,identifiable,nac|rpoD|rpoS,5000,0.24448139836557523,0.011013703563027048,1.032474077095389,22.197927969143652,0.255005968270475,5636,,,,[],0,,False,True,
csd-20260805_174708,paired_hierarchical,1,0,0,948c69fa52a0a115,xapR->xapB,shared_complete_observation_shared_scores,maximum,prefix,complete,0,5000,0.6,0.0,instrument_error,2151398048,921666314,2151398048,xapR,xapB,False,identifiable,nac|rpoD|rpoN|rpoS,5000,0.2491694394591504,0.018355633978279422,2.8643258747509948,13.574548269702776,0.2492416918862687,5636,,,,[],0,,False,True,
csd-20260805_174708,paired_hierarchical,1,0,0,948c69fa52a0a115,yafC->cysJ,shared_complete_observation_shared_scores,maximum,prefix,complete,0,5000,0.6,0.0,instrument_error,2151398048,921666314,2151398048,yafC,cysJ,False,identifiable,cysB|ihfA|ihfB|nac|rpoD|yeiE,5000,0.21655535288933347,0.013477922236454776,1.0168380108127097,16.067413737081782,0.2093039060162397,5636,,,,[],0,,False,True,
csd-20260805_174708,paired_hierarchical,1,0,0,948c69fa52a0a115,ydcI->flu,shared_complete_observation_shared_scores,maximum,prefix,complete,0,5000,0.6,0.0,instrument_error,2151398048,921666314,2151398048,ydcI,flu,False,identifiable,dksA|nac|oxyR|rpoD,5000,0.1952207129273862,0.014077743371502357,1.0057612738298713,13.867329995698913,0.1882544558260232,5636,,,,[],0,,False,True,
csd-20260805_174708,paired_hierarchical,1,0,0,948c69fa52a0a115,ydcI->iraP,shared_complete_observation_shared_scores,maximum,prefix,complete,0,5000,0.6,0.0,instrument_error,2151398048,921666314,2151398048,ydcI,iraP,False,identifiable,csgD|dksA|hns|lrp|nac|rpoD,5000,0.3388738747337231,0.014273858578587364,1.0180599567211486,23.740873770605923,0.3066914761943943,5636,,,,[],0,,False,True,
csd-20260805_174708,paired_hierarchical,1,0,0,948c69fa52a0a115,ydcI->isrC,shared_complete_observation_shared_scores,maximum,prefix,complete,0,5000,0.6,0.0,instrument_error,2151398048,921666314,2151398048,ydcI,isrC,False,identifiable,dksA|nac|oxyR|rpoD,5000,0.15022775450423576,0.015327499731973435,1.1922613232711485,9.801191135619987,0.16114160470671673,5636,,,,[],0,,False,True,
csd-20260805_174708,paired_hierarchical,1,0,0,948c69fa52a0a115,ydcI->smrB,shared_complete_observation_shared_scores,maximum,prefix,complete,0,5000,0.6,0.0,instrument_error,2151398048,921666314,2151398048,ydcI,smrB,False,identifiable,nac,5000,0.11829302835079557,0.014035674784853503,1.0014913301957826,8.428025738986959,0.1305921741590777,5636,,,,[],0,,False,True,
csd-20260805_174708,paired_hierarchical,1,0,0,948c69fa52a0a115,yeiE->argO,shared_complete_observation_shared_scores,maximum,prefix,complete,0,5000,0.6,0.0,instrument_error,2151398048,921666314,2151398048,yeiE,argO,False,identifiable,argP|lrp|nac|rpoD,5000,-0.13082677246118646,0.013875852943593855,1.1856555890512899,-9.428376979275065,-0.14628062837674657,5636,,,,[],0,,False,True,
csd-20260805_174708,paired_hierarchical,1,0,0,948c69fa52a0a115,yeiE->cysJ,shared_complete_observation_shared_scores,maximum,prefix,complete,0,5000,0.6,0.0,instrument_error,2151398048,921666314,2151398048,yeiE,cysJ,False,identifiable,cysB|ihfA|ihfB|nac|rpoD|yafC,5000,-0.1678064023917409,0.01285271790672985,1.0168380108127097,-13.056102499835875,-0.16212341667448835,5636,,,,[],0,,False,True,
csd-20260805_174708,paired_hierarchical,1,0,0,948c69fa52a0a115,yeiE->dcuC,shared_complete_observation_shared_scores,maximum,prefix,complete,0,5000,0.6,0.0,instrument_error,2151398048,921666314,2151398048,yeiE,dcuC,False,identifiable,arcA|fnr|nac,5000,-0.5539050111192105,0.013178561083465783,1.0538338171796193,-42.030765544969576,-0.5493161611162414,5636,,,,[],0,,False,True,
csd-20260805_174708,paired_hierarchical,1,0,0,948c69fa52a0a115,yeiE->ftp,shared_complete_observation_shared_scores,maximum,prefix,complete,0,5000,0.6,0.0,instrument_error,2151398048,921666314,2151398048,yeiE,ftp,False,identifiable,nac,5000,-0.336300498663744,0.013092279072871645,1.0858447239063187,-25.686933252178246,-0.34107256306157774,5636,,,,[],0,,False,True,
csd-20260805_174708,paired_hierarchical,1,0,0,948c69fa52a0a115,yeiE->gltF,shared_complete_observation_shared_scores,maximum,prefix,complete,0,5000,0.6,0.0,instrument_error,2151398048,921666314,2151398048,yeiE,gltF,False,identifiable,adiY|argR|crp|fnr|fur|gadE|glaR|hdfR|ihfA|ihfB|leuO|lrp|nac|rpoD|rpoS,5000,0.25964852644511666,0.013673984859575637,1.1415248651355998,18.988504749095846,0.27336181783738245,5636,,,,[],0,,False,True,
csd-20260805_174708,paired_hierarchical,1,0,0,948c69fa52a0a115,yeiE->infA,shared_complete_observation_shared_scores,maximum,prefix,complete,0,5000,0.6,0.0,instrument_error,2151398048,921666314,2151398048,yeiE,infA,False,identifiable,nac|rpoD,5000,-0.3074629714027434,0.01361851463134197,1.1420915235292841,-22.576836000538627,-0.29443959965001026,5636,,,,[],0,,False,True,
csd-20260805_174708,paired_hierarchical,1,0,0,948c69fa52a0a115,yeiE->mdtF,shared_complete_observation_shared_scores,maximum,prefix,complete,0,5000,0.6,0.0,instrument_error,2151398048,921666314,2151398048,yeiE,mdtF,False,identifiable,crp|evgA|fliZ|gadE|gadW|gadX|hns|nac|rpoD|rpoS|torR|ydeO,5000,-0.08107298848338404,0.013688760407832793,1.1383350288139373,-5.922595331348891,-0.08057316060542614,5636,,,,[],0,,False,True,
csd-20260805_174708,paired_hierarchical,1,0,0,948c69fa52a0a115,yeiE->pflB,shared_complete_observation_shared_scores,maximum,prefix,complete,0,5000,0.6,0.0,instrument_error,2151398048,921666314,2151398048,yeiE,pflB,False,identifiable,arcA|cpxR|crp|fis|fnr|ihfA|ihfB|nac|narL|rpoD|srsR,5000,-0.20745978684365673,0.015537855095479591,1.4459323669689863,-13.351893525124504,-0.2090174475629139,5636,,,,[],0,,False,True,
csd-20260805_174708,paired_hierarchical,1,0,0,948c69fa52a0a115,yeiE->putA,shared_complete_observation_shared_scores,maximum,prefix,complete,0,5000,0.6,0.0,instrument_error,2151398048,921666314,2151398048,yeiE,putA,False,identifiable,arcA|basR|marA|nac|rpoD,5000,-0.09017767253141404,0.008274303581605172,0.41285644902516533,-10.898521143445892,-0.14687969192875192,5636,,,,[],0,,False,True,
csd-20260805_174708,paired_hierarchical,1,0,0,948c69fa52a0a115,yeiE->sodC,shared_complete_observation_shared_scores,maximum,prefix,complete,0,5000,0.6,0.0,instrument_error,2151398048,921666314,2151398048,yeiE,sodC,False,identifiable,nac|rpoS,5000,0.19418941929041844,0.012728611713332859,1.0191726244224684,15.25613504943438,0.20828477622321226,5636,,,,[],0,,False,True,
csd-20260805_174708,paired_hierarchical,1,0,0,948c69fa52a0a115,yeiE->ssuA,shared_complete_observation_shared_scores,maximum,prefix,complete,0,5000,0.6,0.0,instrument_error,2151398048,921666314,2151398048,yeiE,ssuA,False,identifiable,cbl|cysB|fnr|ihfA|ihfB|nac|rpoD,5000,-0.14552628254511352,0.013349758793064156,1.0966080998449788,-10.90104209378835,-0.14715761340083633,5636,,,,[],0,,False,True,
csd-20260805_174708,paired_hierarchical,1,0,0,948c69fa52a0a115,yeiE->uspF,shared_complete_observation_shared_scores,maximum,prefix,complete,0,5000,0.6,0.0,instrument_error,2151398048,921666314,2151398048,yeiE,uspF,False,identifiable,nac,5000,0.3000835466303553,0.013214396417451734,1.1061954794212323,22.708834906303156,0.3018918097055,5636,,,,[],0,,False,True,
csd-20260805_174708,paired_hierarchical,1,0,0,948c69fa52a0a115,yeiE->ydcT,shared_complete_observation_shared_scores,maximum,prefix,complete,0,5000,0.6,0.0,instrument_error,2151398048,921666314,2151398048,yeiE,ydcT,False,identifiable,nac|rpoS,5000,-0.17251438440229572,0.012695076379232232,1.0138093889886057,-13.589078099956179,-0.17626785632447267,5636,,,,[],0,,False,True,
csd-20260805_174708,paired_hierarchical,1,0,0,948c69fa52a0a115,yeiE->yibQ,shared_complete_observation_shared_scores,maximum,prefix,complete,0,5000,0.6,0.0,instrument_error,2151398048,921666314,2151398048,yeiE,yibQ,False,identifiable,cra|nac|rpoS,5000,-0.16379425024747724,0.012791908268451047,1.0292848390977811,-12.804520389772216,-0.15145236875924747,5636,,,,[],0,,False,True,
csd-20260805_174708,paired_hierarchical,1,0,0,948c69fa52a0a115,yeiE->yoaC,shared_complete_observation_shared_scores,maximum,prefix,complete,0,5000,0.6,0.0,instrument_error,2151398048,921666314,2151398048,yeiE,yoaC,False,identifiable,cysB|nac|rpoE,5000,0.2381026979243431,0.014575897583735667,1.3191852981954497,16.33537122201154,0.2284665719950949,5636,,,,[],0,,False,True,
csd-20260805_174708,paired_hierarchical,1,0,0,948c69fa52a0a115,yieP->cusA,shared_complete_observation_shared_scores,maximum,prefix,complete,0,5000,0.6,0.0,instrument_error,2151398048,921666314,2151398048,yieP,cusA,False,identifiable,cusR|hprR|nac|phoB|rpoD,5000,-0.19788540327667076,0.011878067752292576,1.0125060788236704,-16.65973013485102,-0.2163462057402102,5636,,,,[],0,,False,True,
csd-20260805_174708,paired_hierarchical,1,0,0,948c69fa52a0a115,yieP->dauA,shared_complete_observation_shared_scores,maximum,prefix,complete,0,5000,0.6,0.0,instrument_error,2151398048,921666314,2151398048,yieP,dauA,False,identifiable,nac,5000,-0.8169899370838656,0.01135253133863581,1.0541751592119424,-71.96544213037514,-0.7719139918757684,5636,,,,[],0,,False,True,
csd-20260805_174708,paired_hierarchical,1,0,0,948c69fa52a0a115,yieP->ybiX,shared_complete_observation_shared_scores,maximum,prefix,complete,0,5000,0.6,0.0,instrument_error,2151398048,921666314,2151398048,yieP,ybiX,False,identifiable,nac,5000,0.2204614085362756,0.01100332916106224,0.9903200438980986,20.03588235062784,0.19408322677010195,5636,,,,[],0,,False,True,
csd-20260805_174708,paired_hierarchical,1,0,0,948c69fa52a0a115,yieP->ykgE,shared_complete_observation_shared_scores,maximum,prefix,complete,0,5000,0.6,0.0,instrument_error,2151398048,921666314,2151398048,yieP,ykgE,False,identifiable,lrp|nac,5000,-0.6969412741236409,0.012262896467500633,1.229927005877593,-56.833332644590804,-0.6826580639584875,5636,,,,[],0,,False,True,
csd-20260805_174708,paired_hierarchical,1,0,0,948c69fa52a0a115,yieP->yohJ,shared_complete_observation_shared_scores,maximum,prefix,complete,0,5000,0.6,0.0,instrument_error,2151398048,921666314,2151398048,yieP,yohJ,False,identifiable,nac,5000,-0.26702521591358247,0.012961639245175648,1.3741913765242724,-20.60119178312804,-0.17930200251081355,5636,,,,[],0,,False,True,
csd-20260805_174708,paired_hierarchical,1,0,0,948c69fa52a0a115,nadR->nadA,shared_complete_observation_shared_scores,maximum,prefix,complete,0,5000,0.6,0.0,instrument_error,2151398048,921666314,2151398048,nadR,nadA,False,identifiable,,5000,-0.24335934753883612,0.01205434349722889,1.1513351175796047,-20.188519399234035,-0.246126870015675,5636,,,,[],0,,False,True,
csd-20260805_174708,paired_hierarchical,1,0,0,948c69fa52a0a115,nadR->nadB,shared_complete_observation_shared_scores,maximum,prefix,complete,0,5000,0.6,0.0,instrument_error,2151398048,921666314,2151398048,nadR,nadB,False,identifiable,rpoD,5000,-0.15447680278176476,0.012599478655342415,1.1102396319286802,-12.260571013092173,-0.14680517631774445,5636,,,,[],0,,False,True,
csd-20260805_174708,paired_hierarchical,1,0,0,948c69fa52a0a115,nadR->pncB,shared_complete_observation_shared_scores,maximum,prefix,complete,0,5000,0.6,0.0,instrument_error,2151398048,921666314,2151398048,nadR,pncB,False,identifiable,arcA|crp|lrp|rpoD,5000,-0.2213080028332603,0.013041559958751918,1.183771454966133,-16.969442576901635,-0.22565259298481347,5636,,,,[],0,,False,True,
csd-20260805_174708,paired_hierarchical,1,0,0,948c69fa52a0a115,nadR->pnuC,shared_complete_observation_shared_scores,maximum,prefix,complete,0,5000,0.6,0.0,instrument_error,2151398048,921666314,2151398048,nadR,pnuC,False,identifiable,,5000,-0.42210167740891225,0.012038308171795516,1.1482740211854612,-35.06320584132012,-0.4538291108074429,5636,,,,[],0,,False,True,
csd-20260805_174708,paired_hierarchical,1,0,0,948c69fa52a0a115,nanR->fimB,shared_complete_observation_shared_scores,maximum,prefix,complete,0,5000,0.6,0.0,instrument_error,2151398048,921666314,2151398048,nanR,fimB,False,identifiable,basR|cpxR|dksA|hns|ihfA|ihfB|nagC|rpoD,5000,0.3574888367791412,0.013968941872409081,1.4695313901689007,25.591690483388682,0.3666718887887151,5636,,,,[],0,,False,True,
csd-20260805_174708,paired_hierarchical,1,0,0,948c69fa52a0a115,nanR->nanA,shared_complete_observation_shared_scores,maximum,prefix,complete,0,5000,0.6,0.0,instrument_error,2151398048,921666314,2151398048,nanR,nanA,False,identifiable,crp|fis|nac|rpoD,5000,-0.14282653597047099,0.01255237761449361,1.1897723396047777,-11.378444813957495,-0.14196570608792078,5636,,,,[],0,,False,True,
csd-20260805_174708,paired_hierarchical,1,0,0,948c69fa52a0a115,nanR->nanC,shared_complete_observation_shared_scores,maximum,prefix,complete,0,5000,0.6,0.0,instrument_error,2151398048,921666314,2151398048,nanR,nanC,False,identifiable,crp|nagC|spf,5000,-0.1496307467635074,0.015544515467755225,2.1730603483939914,-9.625951164183537,-0.24922615534162046,5636,,,,[],0,,False,True,
csd-20260805_174708,paired_hierarchical,1,0,0,948c69fa52a0a115,nanR->nanE,shared_complete_observation_shared_scores,maximum,prefix,complete,0,5000,0.6,0.0,instrument_error,2151398048,921666314,2151398048,nanR,nanE,False,identifiable,crp|fis|rpoD,5000,-0.7888362067871687,0.011157319879743296,0.9669665130171259,-70.70122711273542,-0.7805130625691497,5636,,,,[],0,,False,True,
csd-20260805_174708,paired_hierarchical,1,0,0,948c69fa52a0a115,nanR->nanK,shared_complete_observation_shared_scores,maximum,prefix,complete,0,5000,0.6,0.0,instrument_error,2151398048,921666314,2151398048,nanR,nanK,False,identifiable,crp|fis|nac|rpoD,5000,-0.33317241179705037,0.013185399625278022,1.3127997054800926,-25.268283196992993,-0.33671246431688795,5636,,,,[],0,,False,True,
csd-20260805_174708,paired_hierarchical,1,0,0,948c69fa52a0a115,nanR->nanM,shared_complete_observation_shared_scores,maximum,prefix,complete,0,5000,0.6,0.0,instrument_error,2151398048,921666314,2151398048,nanR,nanM,False,identifiable,crp|nagC,5000,-0.18253066017257746,0.010615659369121231,1.017280112279074,-17.194472225015208,-0.1836235025542472,5636,,,,[],0,,False,True,
csd-20260805_174708,paired_hierarchical,1,0,0,948c69fa52a0a115,nanR->nanQ,shared_complete_observation_shared_scores,maximum,prefix,complete,0,5000,0.6,0.0,instrument_error,2151398048,921666314,2151398048,nanR,nanQ,False,identifiable,crp|fis|rpoD,5000,-0.08152215250479897,0.012396997440588359,1.193781071525151,-6.575959452721315,-0.09024758036333975,5636,,,,[],0,,False,True,
csd-20260805_174708,paired_hierarchical,1,0,0,948c69fa52a0a115,nanR->nanS,shared_complete_observation_shared_scores,maximum,prefix,complete,0,5000,0.6,0.0,instrument_error,2151398048,921666314,2151398048,nanR,nanS,False,identifiable,crp|nagC,5000,-0.10847812384657848,0.012038133144145226,1.3081721217962625,-9.011208178847653,-0.20061617363817008,5636,,,,[],0,,False,True,
csd-20260805_174708,paired_hierarchical,1,0,0,948c69fa52a0a115,nanR->nanT,shared_complete_observation_shared_scores,maximum,prefix,complete,0,5000,0.6,0.0,instrument_error,2151398048,921666314,2151398048,nanR,nanT,False,identifiable,crp|fis|rpoD|spf,5000,-0.17472246167195066,0.011526992215247486,1.0304198258924013,-15.157680200463234,-0.18230149617487362,5636,,,,[],0,,False,True,
csd-20260805_174708,paired_hierarchical,1,0,0,948c69fa52a0a115,nanR->nanX,shared_complete_observation_shared_scores,maximum,prefix,complete,0,5000,0.6,0.0,instrument_error,2151398048,921666314,2151398048,nanR,nanX,False,identifiable,rpoH,5000,-0.10464477092307013,0.015848557783165046,2.104328291871306,-6.602794547919551,-0.0871432357609335,5636,,,,[],0,,False,True,
csd-20260805_174708,paired_hierarchical,1,0,0,948c69fa52a0a115,nanR->nanY,shared_complete_observation_shared_scores,maximum,prefix,complete,0,5000,0.6,0.0,instrument_error,2151398048,921666314,2151398048,nanR,nanY,False,identifiable,rpoD|rpoH,5000,-0.05276586892227782,0.012459354073424168,1.2058967674942191,-4.235040485351286,-0.0743014954899252,5636,,,,[],0,,False,True,
csd-20260805_174708,paired_hierarchical,1,0,0,948c69fa52a0a115,narP->ccmA,shared_complete_observation_shared_scores,maximum,prefix,complete,0,5000,0.6,0.0,instrument_error,2151398048,921666314,2151398048,narP,ccmA,False,identifiable,flhC|flhD|fnr|modE|nac|narL|rpoD|rpoH,5000,0.10412022923225527,0.015002276735886114,1.1251094310062768,6.940295200874081,0.11265827306758475,5636,,,,[],0,,False,True,
csd-20260805_174708,paired_hierarchical,1,0,0,948c69fa52a0a115,narP->ccmB,shared_complete_observation_shared_scores,maximum,prefix,complete,0,5000,0.6,0.0,instrument_error,2151398048,921666314,2151398048,narP,ccmB,False,identifiable,flhC|flhD|fnr|modE|nac|narL|rpoD|rpoH,5000,-0.43059058603059164,0.01554084945406716,1.2073409394648877,-27.707017386871524,-0.429387591219098,5636,,,,[],0,,False,True,
csd-20260805_174708,paired_hierarchical,1,0,0,948c69fa52a0a115,narP->ccmC,shared_complete_observation_shared_scores,maximum,prefix,complete,0,5000,0.6,0.0,instrument_error,2151398048,921666314,2151398048,narP,ccmC,False,identifiable,flhC|flhD|fnr|modE|narL|rpoD|rpoH,5000,0.2910236356588383,0.015186677998579165,1.153017030636437,19.16308725885055,0.2895308001787724,5636,,,,[],0,,False,True,
csd-20260805_174708,paired_hierarchical,1,0,0,948c69fa52a0a115,narP->ccmD,shared_complete_observation_shared_scores,maximum,prefix,complete,0,5000,0.6,0.0,instrument_error,2151398048,921666314,2151398048,narP,ccmD,False,identifiable,flhC|flhD|fnr|modE|narL|rpoD|rpoH,5000,0.34191587493079256,0.014212739977142019,1.0098707046514133,24.05699924720265,0.34216707665497065,5636,,,,[],0,,False,True,
csd-20260805_174708,paired_hierarchical,1,0,0,948c69fa52a0a115,narP->ccmE,shared_complete_observation_shared_scores,maximum,prefix,complete,0,5000,0.6,0.0,instrument_error,2151398048,921666314,2151398048,narP,ccmE,False,identifiable,flhC|flhD|fnr|modE|narL|rpoD|rpoH,5000,0.14167479635746416,0.015375505711209898,1.1818679905186862,9.214317825928328,0.13993494223072908,5636,,,,[],0,,False,True,
csd-20260805_174708,paired_hierarchical,1,0,0,948c69fa52a0a115,narP->ccmF,shared_complete_observation_shared_scores,maximum,prefix,complete,0,5000,0.6,0.0,instrument_error,2151398048,921666314,2151398048,narP,ccmF,False,identifiable,flhC|flhD|fnr|modE|narL|rpoD|rpoH,5000,0.22143824429472708,0.014523674494199673,1.0545402639267487,15.246709390461966,0.20226731538434903,5636,,,,[],0,,False,True,
csd-20260805_174708,paired_hierarchical,1,0,0,948c69fa52a0a115,narP->ccmG,shared_complete_observation_shared_scores,maximum,prefix,complete,0,5000,0.6,0.0,instrument_error,2151398048,921666314,2151398048,narP,ccmG,False,identifiable,flhC|flhD|fnr|modE|narL|rpoD|rpoH,5000,0.15686921784606656,0.014017831791216209,0.9823626482453786,11.190690556321503,0.16891027858642202,5636,,,,[],0,,False,True,
csd-20260805_174708,paired_hierarchical,1,0,0,948c69fa52a0a115,narP->ccmH,shared_complete_observation_shared_scores,maximum,prefix,complete,0,5000,0.6,0.0,instrument_error,2151398048,921666314,2151398048,narP,ccmH,False,identifiable,flhC|flhD|fnr|modE|nac|narL|rpoD|rpoH,5000,-0.18388674002484234,0.015706932293535883,1.2332841890814463,-11.707361857064864,-0.18442018186326403,5636,,,,[],0,,False,True,
csd-20260805_174708,paired_hierarchical,1,0,0,948c69fa52a0a115,narP->cysG,shared_complete_observation_shared_scores,maximum,prefix,complete,0,5000,0.6,0.0,instrument_error,2151398048,921666314,2151398048,narP,cysG,False,identifiable,cra|crp|fis|fnr|hns|ihfA|ihfB|narL|rpoD|rpoH,5000,0.2200621351525681,0.014228545015370651,1.0106946799988656,15.466243028703346,0.21611712636975378,5636,,,,[],0,,False,True,
csd-20260805_174708,paired_hierarchical,1,0,0,948c69fa52a0a115,narP->fdhF,shared_complete_observation_shared_scores,maximum,prefix,complete,0,5000,0.6,0.0,instrument_error,2151398048,921666314,2151398048,narP,fdhF,False,identifiable,fhlA|fnr|narL|rpoH|rpoN,5000,0.28655060940701843,0.015477408498805894,1.1868797597243623,18.51412072176852,0.2889370891665735,5636,,,,[],0,,False,True,
csd-20260805_174708,paired_hierarchical,1,0,0,948c69fa52a0a115,narP->fdnG,shared_complete_observation_shared_scores,maximum,prefix,complete,0,5000,0.6,0.0,instrument_error,2151398048,921666314,2151398048,narP,fdnG,False,identifiable,cpxR|fnr|narL|rpoD|rpoH,5000,-0.23685847656155262,0.01708412750551559,1.4595370848732852,-13.864241910222407,-0.2306424350810832,5636,,,,[],0,,False,True,
csd-20260805_174708,paired_hierarchical,1,0,0,948c69fa52a0a115,narP->fdnH,shared_complete_observation_shared_scores,maximum,prefix,complete,0,5000,0.6,0.0,instrument_error,2151398048,921666314,2151398048,narP,fdnH,False,identifiable,fnr|narL|rpoD|rpoH,5000,-0.44140339887550173,0.015476335110921837,1.197751115454768,-28.521183840481587,-0.4372651953414326,5636,,,,[],0,,False,True,
csd-20260805_174708,paired_hierarchical,1,0,0,948c69fa52a0a115,narP->fdnI,shared_complete_observation_shared_scores,maximum,prefix,complete,0,5000,0.6,0.0,instrument_error,2151398048,921666314,2151398048,narP,fdnI,False,identifiable,fnr|narL|rpoD|rpoH,5000,-0.3843595712685801,0.014363728224946498,1.0317267541818826,-26.75903952297258,-0.37528718062379074,5636,,,,[],0,,False,True,
csd-20260805_174708,paired_hierarchical,1,0,0,948c69fa52a0a115,narP->hcp,shared_complete_observation_shared_scores,maximum,prefix,complete,0,5000,0.6,0.0,instrument_error,2151398048,921666314,2151398048,narP,hcp,False,identifiable,cpxR|fnr|narL|nsrR|oxyR|rpoE|rpoH,5000,0.11670477389789037,0.014486581004347587,1.0489964399557228,8.056060561347495,0.12292994900626387,5636,,,,[],0,,False,True,
csd-20260805_174708,paired_hierarchical,1,0,0,948c69fa52a0a115,narP->hcr,shared_complete_observation_shared_scores,maximum,prefix,complete,0,5000,0.6,0.0,instrument_error,2151398048,921666314,2151398048,narP,hcr,False,identifiable,fnr|narL|nsrR|oxyR|rpoE|rpoH,5000,0.07411647535661511,0.014834743902445479,1.1001736045554877,4.996141210391718,0.19525796449521568,5636,,,,[],0,,False,True,
csd-20260805_174708,paired_hierarchical,1,0,0,948c69fa52a0a115,narP->hyaA,shared_complete_observation_shared_scores,maximum,prefix,complete,0,5000,0.6,0.0,instrument_error,2151398048,921666314,2151398048,narP,hyaA,False,identifiable,appY|arcA|fis|iscR|narL|rpoD|rpoH|rpoS|ydeO,5000,-0.27594894085491994,0.014507698767818015,1.052395119193294,-19.0208623208423,-0.2847008565288208,5636,,,,[],0,,False,True,
csd-20260805_174708,paired_hierarchical,1,0,0,948c69fa52a0a115,narP->hyaB,shared_complete_observation_shared_scores,maximum,prefix,complete,0,5000,0.6,0.0,instrument_error,2151398048,921666314,2151398048,narP,hyaB,False,identifiable,appY|arcA|fis|iscR|narL|rpoD|rpoH|rpoS|ydeO,5000,0.03475374186150908,0.016711987906841957,1.3964905194648805,2.079569591315989,-0.08826339314769298,5636,,,,[],0,,False,True,
csd-20260805_174708,paired_hierarchical,1,0,0,948c69fa52a0a115,narP->hyaC,shared_complete_observation_shared_scores,maximum,prefix,complete,0,5000,0.6,0.0,instrument_error,2151398048,921666314,2151398048,narP,hyaC,False,identifiable,appY|arcA|fis|iscR|narL|rpoD|rpoH|rpoS|ydeO,5000,-0.16978111623346998,0.014793539941878112,1.0942737557429882,-11.476706515176073,-0.13580757072262903,5636,,,,[],0,,False,True,
csd-20260805_174708,paired_hierarchical,1,0,0,948c69fa52a0a115,narP->hyaD,shared_complete_observation_shared_scores,maximum,prefix,complete,0,5000,0.6,0.0,instrument_error,2151398048,921666314,2151398048,narP,hyaD,False,identifiable,appY|arcA|fis|iscR|narL|rpoD|rpoH|rpoS|ydeO,5000,-0.2178257873367324,0.01656336491003444,1.3717624364888925,-13.151058889294221,-0.23162049675008967,5636,,,,[],0,,False,True,
csd-20260805_174708,paired_hierarchical,1,0,0,948c69fa52a0a115,narP->hyaE,shared_complete_observation_shared_scores,maximum,prefix,complete,0,5000,0.6,0.0,instrument_error,2151398048,921666314,2151398048,narP,hyaE,False,identifiable,appY|arcA|fis|iscR|narL|rpoD|rpoH|rpoS|ydeO,5000,-0.20877252235167112,0.014069838007787215,0.9898285148705424,-14.838303201225349,-0.19746878349685082,5636,,,,[],0,,False,True,
csd-20260805_174708,paired_hierarchical,1,0,0,948c69fa52a0a115,narP->hyaF,shared_complete_observation_shared_scores,maximum,prefix,complete,0,5000,0.6,0.0,instrument_error,2151398048,921666314,2151398048,narP,hyaF,False,identifiable,appY|arcA|fis|iscR|narL|rpoD|rpoH|rpoS|ydeO,5000,-0.27210551131338867,0.01552012467630889,1.2044039681270484,-17.532430762540937,-0.2821589964114416,5636,,,,[],0,,False,True,
csd-20260805_174708,paired_hierarchical,1,0,0,948c69fa52a0a115,narP->napA,shared_complete_observation_shared_scores,maximum,prefix,complete,0,5000,0.6,0.0,instrument_error,2151398048,921666314,2151398048,narP,napA,False,identifiable,flhC|flhD|fnr|iscR|modE|narL|rpoD|rpoH,5000,-0.24685922004308658,0.015449116615507682,1.1932060344921867,-15.978856667784587,-0.24721486395219539,5636,,,,[],0,,False,True,
csd-20260805_174708,paired_hierarchical,1,0,0,948c69fa52a0a115,narP->napB,shared_complete_observation_shared_scores,maximum,prefix,complete,0,5000,0.6,0.0,instrument_error,2151398048,921666314,2151398048,narP,napB,False,identifiable,flhC|flhD|fnr|iscR|modE|nac|narL|rpoD|rpoH,5000,0.17286159142033586,0.015107533477481547,1.1409475955417332,11.442078991782065,0.17921579883088462,5636,,,,[],0,,False,True,
csd-20260805_174708,paired_hierarchical,1,0,0,948c69fa52a0a115,narP->napC,shared_complete_observation_shared_scores,maximum,prefix,complete,0,5000,0.6,0.0,instrument_error,2151398048,921666314,2151398048,narP,napC,False,identifiable,flhC|flhD|fnr|iscR|modE|nac|narL|rpoD|rpoH,5000,0.25877784259691233,0.014257124525320896,1.01611404087209,18.15077382099865,0.25143863776854053,5636,,,,[],0,,False,True,
csd-20260805_174708,paired_hierarchical,1,0,0,948c69fa52a0a115,narP->napD,shared_complete_observation_shared_scores,maximum,prefix,complete,0,5000,0.6,0.0,instrument_error,2151398048,921666314,2151398048,narP,napD,False,identifiable,flhC|flhD|fnr|iscR|modE|narL|rpoD|rpoH,5000,0.3164526308986972,0.014412826776991957,1.0384999317514794,21.95631958915021,0.31881495752818767,5636,,,,[],0,,False,True,
csd-20260805_174708,paired_hierarchical,1,0,0,948c69fa52a0a115,narP->napF,shared_complete_observation_shared_scores,maximum,prefix,complete,0,5000,0.6,0.0,instrument_error,2151398048,921666314,2151398048,narP,napF,False,identifiable,flhC|flhD|fnr|iscR|lrp|modE|narL|rpoD|rpoH,5000,-0.195507503969634,0.01894178855111822,1.7936988923839547,-10.321491206705097,-0.1697454100806555,5636,,,,[],0,,False,True,
csd-20260805_174708,paired_hierarchical,1,0,0,948c69fa52a0a115,narP->napG,shared_complete_observation_shared_scores,maximum,prefix,complete,0,5000,0.6,0.0,instrument_error,2151398048,921666314,2151398048,narP,napG,False,identifiable,flhC|flhD|fnr|iscR|modE|narL|rpoD|rpoH,5000,-0.5519014455948913,0.016864033699366083,1.4217756140841293,-32.72653834981587,-0.542589624155393,5636,,,,[],0,,False,True,
csd-20260805_174708,paired_hierarchical,1,0,0,948c69fa52a0a115,narP->napH,shared_complete_observation_shared_scores,maximum,prefix,complete,0,5000,0.6,0.0,instrument_error,2151398048,921666314,2151398048,narP,napH,False,identifiable,flhC|flhD|fnr|iscR|modE|narL|rpoD|rpoH,5000,0.18540331975412122,0.01721334996620104,1.4812860583356355,10.770902823573945,0.1789970636752933,5636,,,,[],0,,False,True,
csd-20260805_174708,paired_hierarchical,1,0,0,948c69fa52a0a115,narP->nirB,shared_complete_observation_shared_scores,maximum,prefix,complete,0,5000,0.6,0.0,instrument_error,2151398048,921666314,2151398048,narP,nirB,False,identifiable,cra|crp|fis|fnr|hns|ihfA|ihfB|narL|rpoD|rpoH,5000,0.37919301120753707,0.01506377214531581,1.1328345112879508,25.17251373358365,0.3784745325824706,5636,,,,[],0,,False,True,
csd-20260805_174708,paired_hierarchical,1,0,0,948c69fa52a0a115,narP->nirC,shared_complete_observation_shared_scores,maximum,prefix,complete,0,5000,0.6,0.0,instrument_error,2151398048,921666314,2151398048,narP,nirC,False,identifiable,cra|crp|fis|fnr|hns|ihfA|ihfB|narL|rpoD|rpoH,5000,0.13488942469024806,0.015825295792279554,1.2502667101298826,8.52365898627023,0.13229085132409885,5636,,,,[],0,,False,True,
csd-20260805_174708,paired_hierarchical,1,0,0,948c69fa52a0a115,narP->nirD,shared_complete_observation_shared_scores,maximum,prefix,complete,0,5000,0.6,0.0,instrument_error,2151398048,921666314,2151398048,narP,nirD,False,identifiable,cra|crp|fis|fnr|hns|ihfA|ihfB|narL|rpoD|rpoH,5000,0.2705656879462455,0.014415699839314686,1.0374578404858528,18.76882086628602,0.26215347171689346,5636,,,,[],0,,False,True,
csd-20260805_174708,paired_hierarchical,1,0,0,948c69fa52a0a115,narP->norV,shared_complete_observation_shared_scores,maximum,prefix,complete,0,5000,0.6,0.0,instrument_error,2151398048,921666314,2151398048,narP,norV,False,identifiable,fnr|ihfA|ihfB|narL|norR|rpoH|rpoN,5000,-0.20938719582931006,0.017312092164040536,1.4984711666153638,-12.094852190322465,-0.17750126734638716,5636,,,,[],0,,False,True,
csd-20260805_174708,paired_hierarchical,1,0,0,948c69fa52a0a115,narP->norW,shared_complete_observation_shared_scores,maximum,prefix,complete,0,5000,0.6,0.0,instrument_error,2151398048,921666314,2151398048,narP,norW,False,identifiable,fnr|ihfA|ihfB|narL|norR|rpoH|rpoN,5000,-0.17986321637226274,0.01403105442927844,0.9843054697332068,-12.818937969262254,-0.1823880730378505,5636,,,,[],0,,False,True,
csd-20260805_174708,paired_hierarchical,1,0,0,948c69fa52a0a115,narP->nrfA,shared_complete_observation_shared_scores,maximum,prefix,complete,0,5000,0.6,0.0,instrument_error,2151398048,921666314,2151398048,narP,nrfA,False,identifiable,fis|flhC|flhD|fnr|ihfA|ihfB|narL|nsrR|rpoD|rpoH,5000,0.1684312140256534,0.014522867072202027,1.0537562844984822,11.597655833953388,0.15190706576118732,5636,,,,[],0,,False,True,
csd-20260805_174708,paired_hierarchical,1,0,0,948c69fa52a0a115,narP->nrfB,shared_complete_observation_shared_scores,maximum,prefix,complete,0,5000,0.6,0.0,instrument_error,2151398048,921666314,2151398048,narP,nrfB,False,identifiable,fis|flhC|flhD|fnr|ihfA|ihfB|narL|nsrR|rpoD|rpoH,5000,0.18554237696202266,0.01642497257554149,1.3478599201668113,11.296358402346119,0.1924825561292596,5636,,,,[],0,,False,True,
csd-20260805_174708,paired_hierarchical,1,0,0,948c69fa52a0a115,narP->nrfC,shared_complete_observation_shared_scores,maximum,prefix,complete,0,5000,0.6,0.0,instrument_error,2151398048,921666314,2151398048,narP,nrfC,False,identifiable,fis|flhC|flhD|fnr|ihfA|ihfB|narL|nsrR|rpoD|rpoH,5000,0.1054976597473556,0.01500394346492717,1.124724851549534,7.031328796590323,0.11540709866264758,5636,,,,[],0,,False,True,
csd-20260805_174708,paired_hierarchical,1,0,0,948c69fa52a0a115,narP->nrfD,shared_complete_observation_shared_scores,maximum,prefix,complete,0,5000,0.6,0.0,instrument_error,2151398048,921666314,2151398048,narP,nrfD,False,identifiable,fis|flhC|flhD|fnr|ihfA|ihfB|narL|nsrR|rpoD|rpoH,5000,0.19371046403491995,0.014078372412861974,0.9902397412007754,13.759435988349509,0.2063118800999135,5636,,,,[],0,,False,True,
csd-20260805_174708,paired_hierarchical,1,0,0,948c69fa52a0a115,narP->nrfE,shared_complete_observation_shared_scores,maximum,prefix,complete,0,5000,0.6,0.0,instrument_error,2151398048,921666314,2151398048,narP,nrfE,False,identifiable,fis|flhC|flhD|fnr|ihfA|ihfB|narL|nsrR|rpoD|rpoH,5000,0.1914556176397101,0.014087142424551837,0.9914738496325131,13.590805847609722,0.16785688429549658,5636,,,,[],0,,False,True,
csd-20260805_174708,paired_hierarchical,1,0,0,948c69fa52a0a115,narP->nrfF,shared_complete_observation_shared_scores,maximum,prefix,complete,0,5000,0.6,0.0,instrument_error,2151398048,921666314,2151398048,narP,nrfF,False,identifiable,fis|flhC|flhD|fnr|ihfA|ihfB|nac|narL|nsrR|rpoD|rpoH,5000,0.3071702907017079,0.014250234294013082,1.0144588874202296,21.555455465792495,0.304212920599741,5636,,,,[],0,,False,True,
csd-20260805_174708,paired_hierarchical,1,0,0,948c69fa52a0a115,narP->nrfG,shared_complete_observation_shared_scores,maximum,prefix,complete,0,5000,0.6,0.0,instrument_error,2151398048,921666314,2151398048,narP,nrfG,False,identifiable,fis|flhC|flhD|fnr|ihfA|ihfB|nac|narL|nsrR|rpoD|rpoH,5000,0.16159599803164448,0.015218627904581686,1.1570215260251446,10.618302717224248,0.17478722648038697,5636,,,,[],0,,False,True,
csd-20260805_174708,paired_hierarchical,1,0,0,948c69fa52a0a115,narP->poxB,shared_complete_observation_shared_scores,maximum,prefix,complete,0,5000,0.6,0.0,instrument_error,2151398048,921666314,2151398048,narP,poxB,False,identifiable,cra|fnr|marA|narL|nsrR|oxyR|rpoD|rpoH|rpoS|soxS,5000,0.4697153442603641,0.015197398620182637,1.153652044216756,30.907614914868848,0.476429401026161,5636,,,,[],0,,False,True,
csd-20260805_174708,paired_hierarchical,1,0,0,948c69fa52a0a115,narP->ydeP,shared_complete_observation_shared_scores,maximum,prefix,complete,0,5000,0.6,0.0,instrument_error,2151398048,921666314,2151398048,narP,ydeP,False,identifiable,evgA|hns|nac|nagC|narL|phoP|rcsB|rpoD|rpoH|uvrY,5000,-0.23546388888299047,0.015153633347241385,1.1446754696432215,-15.538444377490173,-0.24219205088186777,5636,,,,[],0,,False,True,
csd-20260805_174708,paired_hierarchical,1,0,0,948c69fa52a0a115,narP->ydhT,shared_complete_observation_shared_scores,maximum,prefix,complete,0,5000,0.6,0.0,instrument_error,2151398048,921666314,2151398048,narP,ydhT,False,identifiable,fnr|narL|rpoH|rpoS,5000,-0.3380689575409546,0.014753661185579055,1.088775719103834,-22.914241644060503,-0.33114368755957513,5636,,,,[],0,,False,True,
csd-20260805_174708,paired_hierarchical,1,0,0,948c69fa52a0a115,narP->ydhU,shared_complete_observation_shared_scores,maximum,prefix,complete,0,5000,0.6,0.0,instrument_error,2151398048,921666314,2151398048,narP,ydhU,False,identifiable,fnr|narL|rpoH|rpoS,5000,-0.30400165159558423,0.015942775677346338,1.2713545636966717,-19.068301389170966,-0.2934357136779315,5636,,,,[],0,,False,True,
csd-20260805_174708,paired_hierarchical,1,0,0,948c69fa52a0a115,narP->ydhV,shared_complete_observation_shared_scores,maximum,prefix,complete,0,5000,0.6,0.0,instrument_error,2151398048,921666314,2151398048,narP,ydhV,False,identifiable,fnr|narL|rpoH|rpoS,5000,-0.3558485008713579,0.01437264372634138,1.033265993074946,-24.758736642109803,-0.35379538083636414,5636,,,,[],0,,False,True,
csd-20260805_174708,paired_hierarchical,1,0,0,948c69fa52a0a115,narP->ydhW,shared_complete_observation_shared_scores,maximum,prefix,complete,0,5000,0.6,0.0,instrument_error,2151398048,921666314,2151398048,narP,ydhW,False,identifiable,fnr|narL|rpoH|rpoS,5000,-0.23911992076083977,0.014902992678235034,1.1109276898923244,-16.04509415817272,-0.23333402981096615,5636,,,,[],0,,False,True,
csd-20260805_174708,paired_hierarchical,1,0,0,948c69fa52a0a115,narP->ydhX,shared_complete_observation_shared_scores,maximum,prefix,complete,0,5000,0.6,0.0,instrument_error,2151398048,921666314,2151398048,narP,ydhX,False,identifiable,fnr|narL|rpoH|rpoS,5000,-0.11486249727111864,0.01606456524765701,1.2908529427757207,-7.1500532694385335,-0.11053993265279857,5636,,,,[],0,,False,True,
csd-20260805_174708,paired_hierarchical,1,0,0,948c69fa52a0a115,narP->ydhY,shared_complete_observation_shared_scores,maximum,prefix,complete,0,5000,0.6,0.0,instrument_error,2151398048,921666314,2151398048,narP,ydhY,False,identifiable,fnr|narL|rpoH|rpoS,5000,-0.25324318862490847,0.013889178364110504,0.9649213722657793,-18.233129562169516,-0.2650566783796051,5636,,,,[],0,,False,True,
csd-20260805_174708,paired_hierarchical,1,0,0,948c69fa52a0a115,narP->yeaR,shared_complete_observation_shared_scores,maximum,prefix,complete,0,5000,0.6,0.0,instrument_error,2151398048,921666314,2151398048,narP,yeaR,False,identifiable,fis|narL|nsrR|rpoD|rpoH,5000,0.22059830890001875,0.01812805142307246,1.6436749572778482,12.168892494383178,0.2561629057638424,5636,,,,[],0,,False,True,
csd-20260805_174708,paired_hierarchical,1,0,0,948c69fa52a0a115,narP->yoaG,shared_complete_observation_shared_scores,maximum,prefix,complete,0,5000,0.6,0.0,instrument_error,2151398048,921666314,2151398048,narP,yoaG,False,identifiable,fis|narL|nsrR|rpoD|rpoH,5000,0.5585212295427845,0.014583132850283157,1.0636906795064405,38.299125110962684,0.5670232797013204,5636,,,,[],0,,False,True,
csd-20260805_174708,paired_hierarchical,1,0,0,948c69fa52a0a115,narP->ytfE,shared_complete_observation_shared_scores,maximum,prefix,complete,0,5000,0.6,0.0,instrument_error,2151398048,921666314,2151398048,narP,ytfE,False,identifiable,fnr|narL|nsrR|rpoH,5000,0.22297716536481316,0.014744517582900777,1.087497682195028,15.122716908920768,0.19060343830773593,5636,,,,[],0,,False,True,
csd-20260805_174708,paired_hierarchical,1,0,0,948c69fa52a0a115,nemR->gloA,shared_complete_observation_shared_scores,maximum,prefix,complete,0,5000,0.6,0.0,instrument_error,2151398048,921666314,2151398048,nemR,gloA,False,identifiable,rpoD|rutR,5000,-0.16758357859015602,0.01845368913771244,1.6129272904177272,-9.0813049542315,-0.15184924582319023,5636,,,,[],0,,False,True,
csd-20260805_174708,paired_hierarchical,1,0,0,948c69fa52a0a115,nemR->nemA,shared_complete_observation_shared_scores,maximum,prefix,complete,0,5000,0.6,0.0,instrument_error,2151398048,921666314,2151398048,nemR,nemA,False,identifiable,rpoD|rutR,5000,-0.6129353284121347,0.021864448755781668,2.26425561911931,-28.033422441078226,-0.6024043321253354,5636,,,,[],0,,False,True,
csd-20260805_174708,paired_hierarchical,1,0,0,948c69fa52a0a115,nimR->nimT,shared_complete_observation_shared_scores,maximum,prefix,complete,0,5000,0.6,0.0,instrument_error,2151398048,921666314,2151398048,nimR,nimT,False,identifiable,,5000,-0.2242184547444226,0.015854519315228757,1.0684805436090286,-14.142242365497252,-0.18487698854009532,5636,,,,[],0,,False,True,
csd-20260805_174708,paired_hierarchical,1,0,0,948c69fa52a0a115,norR->norV,shared_complete_observation_shared_scores,maximum,prefix,complete,0,5000,0.6,0.0,instrument_error,2151398048,921666314,2151398048,norR,norV,False,identifiable,fnr|ihfA|ihfB|narL|narP|nsrR|rpoN,5000,0.617656139855564,0.018990451320913388,1.5267167696559243,32.52456349867605,0.46639754091625907,5636,,,,[],0,,False,True,
csd-20260805_174708,paired_hierarchical,1,0,0,948c69fa52a0a115,norR->norW,shared_complete_observation_shared_scores,maximum,prefix,complete,0,5000,0.6,0.0,instrument_error,2151398048,921666314,2151398048,norR,norW,False,identifiable,fnr|ihfA|ihfB|narL|narP|nsrR|rpoN,5000,0.1920591989072713,0.015252474731495007,0.9848464686321141,12.592002431624167,0.15706999983667397,5636,,,,[],0,,False,True,
csd-20260805_174708,paired_hierarchical,1,0,0,948c69fa52a0a115,nrdR->nrdA,shared_complete_observation_shared_scores,maximum,prefix,complete,0,5000,0.6,0.0,instrument_error,2151398048,921666314,2151398048,nrdR,nrdA,False,identifiable,argP|crp|dnaA|fis|hns|rpoD,5000,-0.43100689918192947,0.01432137502960003,1.0434399061551058,-30.095357344605947,-0.450772746775259,5636,,,,[],0,,False,True,
csd-20260805_174708,paired_hierarchical,1,0,0,948c69fa52a0a115,nrdR->nrdB,shared_complete_observation_shared_scores,maximum,prefix,complete,0,5000,0.6,0.0,instrument_error,2151398048,921666314,2151398048,nrdR,nrdB,False,identifiable,argP|crp|dnaA|fis|hns|rpoD,5000,-0.1896232304545769,0.015672994650864244,1.249689088039557,-12.098723612090346,-0.17713594295880591,5636,,,,[],0,,False,True,
csd-20260805_174708,paired_hierarchical,1,0,0,948c69fa52a0a115,nrdR->nrdD,shared_complete_observation_shared_scores,maximum,prefix,complete,0,5000,0.6,0.0,instrument_error,2151398048,921666314,2151398048,nrdR,nrdD,False,identifiable,fnr|hns|rpoD,5000,-0.1581820451771636,0.014433901385568612,1.0618894970164479,-10.959063731398228,-0.17099907494582206,5636,,,,[],0,,False,True,
csd-20260805_174708,paired_hierarchical,1,0,0,948c69fa52a0a115,nrdR->nrdE,shared_complete_observation_shared_scores,maximum,prefix,complete,0,5000,0.6,0.0,instrument_error,2151398048,921666314,2151398048,nrdR,nrdE,False,identifiable,fur|iscR|rpoD,5000,-0.22114003747733077,0.016254932368336517,1.3465224690705289,-13.604488315687874,-0.2262848719927649,5636,,,,[],0,,False,True,
csd-20260805_174708,paired_hierarchical,1,0,0,948c69fa52a0a115,nrdR->nrdF,shared_complete_observation_shared_scores,maximum,prefix,complete,0,5000,0.6,0.0,instrument_error,2151398048,921666314,2151398048,nrdR,nrdF,False,identifiable,fur|iscR|rpoD,5000,-0.44721443436747077,0.015176825264390655,1.1738298222963244,-29.466929122309185,-0.42917107610684013,5636,,,,[],0,,False,True,
csd-20260805_174708,paired_hierarchical,1,0,0,948c69fa52a0a115,nrdR->nrdG,shared_complete_observation_shared_scores,maximum,prefix,complete,0,5000,0.6,0.0,instrument_error,2151398048,921666314,2151398048,nrdR,nrdG,False,identifiable,fnr|hns|nac|rpoD,5000,-0.2916726459906903,0.016205097307195205,1.3381662949100626,-17.998821016717073,-0.30188713309831183,5636,,,,[],0,,False,True,
csd-20260805_174708,paired_hierarchical,1,0,0,948c69fa52a0a115,nrdR->nrdH,shared_complete_observation_shared_scores,maximum,prefix,complete,0,5000,0.6,0.0,instrument_error,2151398048,921666314,2151398048,nrdR,nrdH,False,identifiable,fur|iscR|rpoD,5000,-0.24893020903754903,0.014590223010704598,1.0848436000437007,-17.061439626722166,-0.24419695329045588,5636,,,,[],0,,False,True,
csd-20260805_174708,paired_hierarchical,1,0,0,948c69fa52a0a115,nrdR->nrdI,shared_complete_observation_shared_scores,maximum,prefix,complete,0,5000,0.6,0.0,instrument_error,2151398048,921666314,2151398048,nrdR,nrdI,False,identifiable,fur|iscR|rpoD,5000,-0.1758093726881414,0.014722866099805351,1.1046583906283163,-11.941246459510065,-0.16552119468388846,5636,,,,[],0,,False,True,
csd-20260805_174708,paired_hierarchical,1,0,0,948c69fa52a0a115,nrdR->yfaE,shared_complete_observation_shared_scores,maximum,prefix,complete,0,5000,0.6,0.0,instrument_error,2151398048,921666314,2151398048,nrdR,yfaE,False,identifiable,argP|crp|dnaA|fis|hns|nac|rpoD,5000,-0.1442713429959812,0.016158717722699913,1.3279483803569336,-8.928390573548267,-0.15295855316258022,5636,,,,[],0,,False,True,
csd-20260805_174708,paired_hierarchical,1,0,0,948c69fa52a0a115,nsrR->aceE,shared_complete_observation_shared_scores,maximum,prefix,complete,0,5000,0.6,0.0,instrument_error,2151398048,921666314,2151398048,nsrR,aceE,False,identifiable,alpA|basR|btsR|glaR|glrR|ptrR|rcdA,5000,-0.16008805628339778,0.019354502310237266,1.9685364853358611,-8.271360002820723,-0.11900582804433216,5636,,,,[],0,,False,True,
csd-20260805_174708,paired_hierarchical,1,0,0,948c69fa52a0a115,nsrR->aceF,shared_complete_observation_shared_scores,maximum,prefix,complete,0,5000,0.6,0.0,instrument_error,2151398048,921666314,2151398048,nsrR,aceF,False,identifiable,alpA|basR|btsR|glaR|glrR|ptrR|rcdA,5000,-0.11496209650774902,0.023206572857235427,2.8300979677923204,-4.953859288701724,-0.1021665263767436,5636,,,,[],0,,False,True,
csd-20260805_174708,paired_hierarchical,1,0,0,948c69fa52a0a115,nsrR->bamE,shared_complete_observation_shared_scores,maximum,prefix,complete,0,5000,0.6,0.0,instrument_error,2151398048,921666314,2151398048,nsrR,bamE,False,identifiable,alpA|basR|btsR|glaR|glrR|ptrR|rcdA,5000,-0.21074590427793893,0.01521910784158417,1.2171885015490307,-13.84745455985955,-0.20944202506271514,5636,,,,[],0,,False,True,
csd-20260805_174708,paired_hierarchical,1,0,0,948c69fa52a0a115,nsrR->bdcA,shared_complete_observation_shared_scores,maximum,prefix,complete,0,5000,0.6,0.0,instrument_error,2151398048,921666314,2151398048,nsrR,bdcA,False,identifiable,alpA|basR|btsR|glaR|glrR|ptrR|rcdA,5000,-0.33043933318676955,0.016363187769058533,1.4070686281082951,-20.194068408333223,-0.302732605666056,5636,,,,[],0,,False,True,
csd-20260805_174708,paired_hierarchical,1,0,0,948c69fa52a0a115,nsrR->cdd,shared_complete_observation_shared_scores,maximum,prefix,complete,0,5000,0.6,0.0,instrument_error,2151398048,921666314,2151398048,nsrR,cdd,False,identifiable,alpA|basR|btsR|glaR|glrR|ptrR|rcdA,5000,-0.20332903133641667,0.017736654054557717,1.6531902792234245,-11.463776127728444,-0.21222714805018686,5636,,,,[],0,,False,True,
csd-20260805_174708,paired_hierarchical,1,0,0,948c69fa52a0a115,nsrR->dkgB,shared_complete_observation_shared_scores,maximum,prefix,complete,0,5000,0.6,0.0,instrument_error,2151398048,921666314,2151398048,nsrR,dkgB,False,identifiable,alpA|basR|btsR|glaR|glrR|ptrR|rcdA,5000,-0.1538650406440313,0.02017288482169723,2.1385306052862756,-7.62731964238152,-0.14341631411568573,5636,,,,[],0,,False,True,
csd-20260805_174708,paired_hierarchical,1,0,0,948c69fa52a0a115,nsrR->dsdC,shared_complete_observation_shared_scores,maximum,prefix,complete,0,5000,0.6,0.0,instrument_error,2151398048,921666314,2151398048,nsrR,dsdC,False,identifiable,alpA|basR|btsR|glaR|glrR|ptrR|rcdA,5000,-0.28494465248559586,0.010057181146864899,0.5315351597653911,-28.33245701002621,-0.44506216993876163,5636,,,,[],0,,False,True,
csd-20260805_174708,paired_hierarchical,1,0,0,948c69fa52a0a115,nsrR->feaB,shared_complete_observation_shared_scores,maximum,prefix,complete,0,5000,0.6,0.0,instrument_error,2151398048,921666314,2151398048,nsrR,feaB,False,identifiable,alpA|basR|btsR|glaR|glrR|ptrR|rcdA,5000,-0.29206857722563256,0.018621123255129515,1.822179690025489,-15.684799097453864,-0.286939376218602,5636,,,,[],0,,False,True,
csd-20260805_174708,paired_hierarchical,1,0,0,948c69fa52a0a115,nsrR->feaR,shared_complete_observation_shared_scores,maximum,prefix,complete,0,5000,0.6,0.0,instrument_error,2151398048,921666314,2151398048,nsrR,feaR,False,identifiable,alpA|basR|btsR|glaR|glrR|ptrR|rcdA,5000,-0.255270918123495,0.02051143194898371,2.2109117775047515,-12.445299711809882,-0.2820496071469265,5636,,,,[],0,,False,True,
csd-20260805_174708,paired_hierarchical,1,0,0,948c69fa52a0a115,nsrR->fhlA,shared_complete_observation_shared_scores,maximum,prefix,complete,0,5000,0.6,0.0,instrument_error,2151398048,921666314,2151398048,nsrR,fhlA,False,identifiable,alpA|basR|btsR|glaR|glrR|ptrR|rcdA,5000,-0.21861557621678468,0.02886717212292174,4.379130985169415,-7.5731552535135505,-0.23005961385934273,5636,,,,[],0,,False,True,
csd-20260805_174708,paired_hierarchical,1,0,0,948c69fa52a0a115,nsrR->fliA,shared_complete_observation_shared_scores,maximum,prefix,complete,0,5000,0.6,0.0,instrument_error,2151398048,921666314,2151398048,nsrR,fliA,False,identifiable,alpA|basR|btsR|glaR|glrR|ptrR|rcdA,5000,-0.329288283065434,0.03851179718046071,7.794118845948329,-8.550322425163301,-0.2773747053820626,5636,,,,[],0,,False,True,
csd-20260805_174708,paired_hierarchical,1,0,0,948c69fa52a0a115,nsrR->fliZ,shared_complete_observation_shared_scores,maximum,prefix,complete,0,5000,0.6,0.0,instrument_error,2151398048,921666314,2151398048,nsrR,fliZ,False,identifiable,alpA|basR|btsR|glaR|glrR|ptrR|rcdA,5000,-0.1377135146243806,0.037477215082796535,7.3809807812967385,-3.674593064616382,-0.08939960319837155,5636,,,,[],0,,False,True,
csd-20260805_174708,paired_hierarchical,1,0,0,948c69fa52a0a115,nsrR->grxD,shared_complete_observation_shared_scores,maximum,prefix,complete,0,5000,0.6,0.0,instrument_error,2151398048,921666314,2151398048,nsrR,grxD,False,identifiable,alpA|basR|btsR|glaR|glrR|ptrR|rcdA,5000,-0.5331888870721812,0.01618966653491993,1.3773847148053386,-32.933901752832995,-0.5033989927924849,5636,,,,[],0,,False,True,
csd-20260805_174708,paired_hierarchical,1,0,0,948c69fa52a0a115,nsrR->hcp,shared_complete_observation_shared_scores,maximum,prefix,complete,0,5000,0.6,0.0,instrument_error,2151398048,921666314,2151398048,nsrR,hcp,False,identifiable,alpA|basR|btsR|glaR|glrR|modE|ptrR|rcdA,5000,-0.15895403870337385,0.019926677225502776,2.086462009817665,-7.976946527740187,-0.14211548463661555,5636,,,,[],0,,False,True,
csd-20260805_174708,paired_hierarchical,1,0,0,948c69fa52a0a115,nsrR->hcr,shared_complete_observation_shared_scores,maximum,prefix,complete,0,5000,0.6,0.0,instrument_error,2151398048,921666314,2151398048,nsrR,hcr,False,identifiable,alpA|basR|btsR|glaR|glrR|modE|ptrR|rcdA,5000,-0.16063801152873053,0.02019448170084367,2.142920857373524,-7.954549857153279,-0.14826764659289413,5636,,,,[],0,,False,True,
csd-20260805_174708,paired_hierarchical,1,0,0,948c69fa52a0a115,nsrR->hmp,shared_complete_observation_shared_scores,maximum,prefix,complete,0,5000,0.6,0.0,instrument_error,2151398048,921666314,2151398048,nsrR,hmp,False,identifiable,alpA|basR|btsR|glaR|glrR|ptrR|rcdA,5000,-0.25621653349854,0.01644166499987955,1.420597488496639,-15.583369050544276,-0.2694897709792185,5636,,,,[],0,,False,True,
csd-20260805_174708,paired_hierarchical,1,0,0,948c69fa52a0a115,nsrR->hycA,shared_complete_observation_shared_scores,maximum,prefix,complete,0,5000,0.6,0.0,instrument_error,2151398048,921666314,2151398048,nsrR,hycA,False,identifiable,alpA|basR|btsR|glaR|glrR|modE|ptrR|rcdA,5000,-0.37338053509323144,0.01596478780962111,1.3392665151432679,-23.38775432193438,-0.3104078776865185,5636,,,,[],0,,False,True,
csd-20260805_174708,paired_hierarchical,1,0,0,948c69fa52a0a115,nsrR->hycB,shared_complete_observation_shared_scores,maximum,prefix,complete,0,5000,0.6,0.0,instrument_error,2151398048,921666314,2151398048,nsrR,hycB,False,identifiable,alpA|basR|btsR|glaR|glrR|modE|ptrR|rcdA,5000,-0.33114605653036544,0.016720021988678002,1.468974976490804,-19.80536010984924,-0.27645717097201983,5636,,,,[],0,,False,True,
csd-20260805_174708,paired_hierarchical,1,0,0,948c69fa52a0a115,nsrR->hycC,shared_complete_observation_shared_scores,maximum,prefix,complete,0,5000,0.6,0.0,instrument_error,2151398048,921666314,2151398048,nsrR,hycC,False,identifiable,alpA|basR|btsR|glaR|glrR|modE|ptrR|rcdA,5000,-0.39730342684500697,0.02091632399821924,2.2988542127441556,-18.99489732893946,-0.2926387776655056,5636,,,,[],0,,False,True,
csd-20260805_174708,paired_hierarchical,1,0,0,948c69fa52a0a115,nsrR->hycD,shared_complete_observation_shared_scores,maximum,prefix,complete,0,5000,0.6,0.0,instrument_error,2151398048,921666314,2151398048,nsrR,hycD,False,identifiable,alpA|basR|btsR|glaR|glrR|modE|ptrR|rcdA,5000,-0.13645281863209988,0.018767705834139836,1.8508153155352505,-7.2706179347654825,-0.06735040194232163,5636,,,,[],0,,False,True,
csd-20260805_174708,paired_hierarchical,1,0,0,948c69fa52a0a115,nsrR->hycE,shared_complete_observation_shared_scores,maximum,prefix,complete,0,5000,0.6,0.0,instrument_error,2151398048,921666314,2151398048,nsrR,hycE,False,identifiable,alpA|basR|btsR|glaR|glrR|modE|ptrR|rcdA,5000,-0.6351965374600221,0.028439512435881647,4.2499615655437735,-22.335000956577776,-0.5249834679295031,5636,,,,[],0,,False,True,
csd-20260805_174708,paired_hierarchical,1,0,0,948c69fa52a0a115,nsrR->hycF,shared_complete_observation_shared_scores,maximum,prefix,complete,0,5000,0.6,0.0,instrument_error,2151398048,921666314,2151398048,nsrR,hycF,False,identifiable,alpA|basR|btsR|glaR|glrR|modE|ptrR|rcdA,5000,-0.2515837759249935,0.01758684395243965,1.6252363587969059,-14.305225918041636,-0.1588310712042955,5636,,,,[],0,,False,True,
csd-20260805_174708,paired_hierarchical,1,0,0,948c69fa52a0a115,nsrR->hycG,shared_complete_observation_shared_scores,maximum,prefix,complete,0,5000,0.6,0.0,instrument_error,2151398048,921666314,2151398048,nsrR,hycG,False,identifiable,alpA|basR|btsR|glaR|glrR|modE|ptrR|rcdA,5000,-0.5065726970435646,0.02027003990702021,2.158986450295994,-24.991203735525016,-0.3505259406857987,5636,,,,[],0,,False,True,
csd-20260805_174708,paired_hierarchical,1,0,0,948c69fa52a0a115,nsrR->hycH,shared_complete_observation_shared_scores,maximum,prefix,complete,0,5000,0.6,0.0,instrument_error,2151398048,921666314,2151398048,nsrR,hycH,False,identifiable,alpA|basR|btsR|glaR|glrR|modE|ptrR|rcdA,5000,-0.3367456585281571,0.018397856113762982,1.7785871295350566,-18.303527130872926,-0.25530363309167514,5636,,,,[],0,,False,True,
csd-20260805_174708,paired_hierarchical,1,0,0,948c69fa52a0a115,nsrR->hycI,shared_complete_observation_shared_scores,maximum,prefix,complete,0,5000,0.6,0.0,instrument_error,2151398048,921666314,2151398048,nsrR,hycI,False,identifiable,alpA|basR|btsR|glaR|glrR|modE|ptrR|rcdA,5000,-0.22045878858054857,0.016351775449786807,1.4049812822076695,-13.482253915333878,-0.1760008748531751,5636,,,,[],0,,False,True,
csd-20260805_174708,paired_hierarchical,1,0,0,948c69fa52a0a115,nsrR->hypA,shared_complete_observation_shared_scores,maximum,prefix,complete,0,5000,0.6,0.0,instrument_error,2151398048,921666314,2151398048,nsrR,hypA,False,identifiable,alpA|basR|btsR|glaR|glrR|ptrR|rcdA,5000,-0.27524581535794057,0.02352101399828004,2.907311277591093,-11.702123700027038,-0.1676609375152875,5636,,,,[],0,,False,True,
csd-20260805_174708,paired_hierarchical,1,0,0,948c69fa52a0a115,nsrR->hypB,shared_complete_observation_shared_scores,maximum,prefix,complete,0,5000,0.6,0.0,instrument_error,2151398048,921666314,2151398048,nsrR,hypB,False,identifiable,alpA|basR|btsR|glaR|glrR|ptrR|rcdA,5000,-0.3422530056163369,0.019885720856542236,2.078079364086623,-17.21099315862812,-0.28950320817065905,5636,,,,[],0,,False,True,
csd-20260805_174708,paired_hierarchical,1,0,0,948c69fa52a0a115,nsrR->hypC,shared_complete_observation_shared_scores,maximum,prefix,complete,0,5000,0.6,0.0,instrument_error,2151398048,921666314,2151398048,nsrR,hypC,False,identifiable,alpA|basR|btsR|glaR|glrR|ptrR|rcdA,5000,-0.2908490116718281,0.018307224770920904,1.7612640865769333,-15.887116442346361,-0.231827707082638,5636,,,,[],0,,False,True,
csd-20260805_174708,paired_hierarchical,1,0,0,948c69fa52a0a115,nsrR->hypD,shared_complete_observation_shared_scores,maximum,prefix,complete,0,5000,0.6,0.0,instrument_error,2151398048,921666314,2151398048,nsrR,hypD,False,identifiable,alpA|basR|btsR|glaR|glrR|ptrR|rcdA,5000,-0.35216199773911805,0.02785985487952789,4.078844529580329,-12.640482129642942,-0.21065683376386035,5636,,,,[],0,,False,True,
csd-20260805_174708,paired_hierarchical,1,0,0,948c69fa52a0a115,nsrR->hypE,shared_complete_observation_shared_scores,maximum,prefix,complete,0,5000,0.6,0.0,instrument_error,2151398048,921666314,2151398048,nsrR,hypE,False,identifiable,alpA|basR|btsR|glaR|glrR|ptrR|rcdA,5000,-0.31896161730052464,0.01995555930033944,2.092701381276218,-15.983596976662998,-0.20154761381900899,5636,,,,[],0,,False,True,
csd-20260805_174708,paired_hierarchical,1,0,0,948c69fa52a0a115,nsrR->ihfA,shared_complete_observation_shared_scores,maximum,prefix,complete,0,5000,0.6,0.0,instrument_error,2151398048,921666314,2151398048,nsrR,ihfA,False,identifiable,alpA|basR|btsR|glaR|glrR|ptrR|rcdA,5000,-0.11709017016822693,0.02107117430207481,2.333226666992718,-5.556888690190249,-0.12078127087681483,5636,,,,[],0,,False,True,
csd-20260805_174708,paired_hierarchical,1,0,0,948c69fa52a0a115,nsrR->infC,shared_complete_observation_shared_scores,maximum,prefix,complete,0,5000,0.6,0.0,instrument_error,2151398048,921666314,2151398048,nsrR,infC,False,identifiable,alpA|basR|btsR|glaR|glrR|ptrR|rcdA,5000,-0.18787831319493398,0.01725420201559724,1.5644770953343334,-10.888843947990065,-0.1912333849177849,5636,,,,[],0,,False,True,
csd-20260805_174708,paired_hierarchical,1,0,0,948c69fa52a0a115,nsrR->lrp,shared_complete_observation_shared_scores,maximum,prefix,complete,0,5000,0.6,0.0,instrument_error,2151398048,921666314,2151398048,nsrR,lrp,False,identifiable,alpA|basR|btsR|glaR|glrR|ptrR|rcdA,5000,-0.18063385860827125,0.01370116095362086,0.9864934104195698,-13.183835969793087,-0.17389805549787937,5636,,,,[],0,,False,True,
csd-20260805_174708,paired_hierarchical,1,0,0,948c69fa52a0a115,nsrR->mepH,shared_complete_observation_shared_scores,maximum,prefix,complete,0,5000,0.6,0.0,instrument_error,2151398048,921666314,2151398048,nsrR,mepH,False,identifiable,alpA|basR|btsR|glaR|glrR|ptrR|rcdA,5000,-0.4369297784022269,0.01590887378666145,1.3300204693527835,-27.46453232714461,-0.40406922385300575,5636,,,,[],0,,False,True,
csd-20260805_174708,paired_hierarchical,1,0,0,948c69fa52a0a115,nsrR->mhpT,shared_complete_observation_shared_scores,maximum,prefix,complete,0,5000,0.6,0.0,instrument_error,2151398048,921666314,2151398048,nsrR,mhpT,False,identifiable,alpA|basR|btsR|glaR|glrR|ptrR|rcdA,5000,-0.12009609712620425,0.016459893914693467,1.4237492746515368,-7.296286218406093,-0.12601109604838423,5636,,,,[],0,,False,True,
csd-20260805_174708,paired_hierarchical,1,0,0,948c69fa52a0a115,nsrR->moeA,shared_complete_observation_shared_scores,maximum,prefix,complete,0,5000,0.6,0.0,instrument_error,2151398048,921666314,2151398048,nsrR,moeA,False,identifiable,alpA|basR|btsR|glaR|glrR|modE|ptrR|rcdA,5000,0.18604672151176546,0.021144318721403425,2.349243870615774,8.798898841958852,0.2329244747965547,5636,,,,[],0,,False,True,
csd-20260805_174708,paired_hierarchical,1,0,0,948c69fa52a0a115,nsrR->moeB,shared_complete_observation_shared_scores,maximum,prefix,complete,0,5000,0.6,0.0,instrument_error,2151398048,921666314,2151398048,nsrR,moeB,False,identifiable,alpA|basR|btsR|glaR|glrR|modE|ptrR|rcdA,5000,0.21480453672390432,0.016847051242040525,1.4913806462619945,12.750275026639443,0.2232036631252826,5636,,,,[],0,,False,True,
csd-20260805_174708,paired_hierarchical,1,0,0,948c69fa52a0a115,nsrR->ndh,shared_complete_observation_shared_scores,maximum,prefix,complete,0,5000,0.6,0.0,instrument_error,2151398048,921666314,2151398048,nsrR,ndh,False,identifiable,alpA|basR|btsR|glaR|glrR|ptrR|rcdA,5000,-0.5506046923298341,0.019610885956356273,2.021035213192419,-28.07648229433369,-0.4860767213230743,5636,,,,[],0,,False,True,
csd-20260805_174708,paired_hierarchical,1,0,0,948c69fa52a0a115,nsrR->norR,shared_complete_observation_shared_scores,maximum,prefix,complete,0,5000,0.6,0.0,instrument_error,2151398048,921666314,2151398048,nsrR,norR,False,identifiable,,5000,-0.1453192526013595,0.015471152481706895,1.2653871000823185,-9.392917093486417,-0.29907563130057296,5636,,,,[],0,,False,True,
csd-20260805_174708,paired_hierarchical,1,0,0,948c69fa52a0a115,nsrR->nrfA,shared_complete_observation_shared_scores,maximum,prefix,complete,0,5000,0.6,0.0,instrument_error,2151398048,921666314,2151398048,nsrR,nrfA,False,identifiable,alpA|basR|btsR|glaR|glrR|modE|ptrR|rcdA,5000,-0.29285694756129343,0.02464032872198773,3.190316015337817,-11.885269505352149,-0.2807004611364768,5636,,,,[],0,,False,True,
csd-20260805_174708,paired_hierarchical,1,0,0,948c69fa52a0a115,nsrR->nrfB,shared_complete_observation_shared_scores,maximum,prefix,complete,0,5000,0.6,0.0,instrument_error,2151398048,921666314,2151398048,nsrR,nrfB,False,identifiable,alpA|basR|btsR|glaR|glrR|modE|ptrR|rcdA,5000,-0.0839351508299263,0.021326757648755173,2.389958593869835,-3.9356733082595667,-0.16137161540981815,5636,,,,[],0,,False,True,
csd-20260805_174708,paired_hierarchical,1,0,0,948c69fa52a0a115,nsrR->nrfC,shared_complete_observation_shared_scores,maximum,prefix,complete,0,5000,0.6,0.0,instrument_error,2151398048,921666314,2151398048,nsrR,nrfC,False,identifiable,alpA|basR|btsR|glaR|glrR|modE|ptrR|rcdA,5000,-0.19019053816274484,0.023241022527607066,2.8382534379988567,-8.18339803839634,-0.25556130470235544,5636,,,,[],0,,False,True,
csd-20260805_174708,paired_hierarchical,1,0,0,948c69fa52a0a115,nsrR->nrfD,shared_complete_observation_shared_scores,maximum,prefix,complete,0,5000,0.6,0.0,instrument_error,2151398048,921666314,2151398048,nsrR,nrfD,False,identifiable,alpA|basR|btsR|glaR|glrR|modE|ptrR|rcdA,5000,-0.16550993647691373,0.019164491855815643,1.9299023113156288,-8.636280978495561,-0.23598025494568087,5636,,,,[],0,,False,True,
csd-20260805_174708,paired_hierarchical,1,0,0,948c69fa52a0a115,nsrR->nrfE,shared_complete_observation_shared_scores,maximum,prefix,complete,0,5000,0.6,0.0,instrument_error,2151398048,921666314,2151398048,nsrR,nrfE,False,identifiable,alpA|basR|btsR|glaR|glrR|modE|ptrR|rcdA,5000,-0.07071125999379554,0.02075640305458867,2.2638356776557793,-3.406720316994578,-0.1378469018212261,5636,,,,[],0,,False,True,
csd-20260805_174708,paired_hierarchical,1,0,0,948c69fa52a0a115,nsrR->nrfF,shared_complete_observation_shared_scores,maximum,prefix,complete,0,5000,0.6,0.0,instrument_error,2151398048,921666314,2151398048,nsrR,nrfF,False,identifiable,alpA|basR|btsR|glaR|glrR|modE|ptrR|rcdA,5000,-0.10373176997545919,0.02034160635318375,2.174258620503403,-5.099487630150884,-0.06965345382649912,5636,,,,[],0,,False,True,
csd-20260805_174708,paired_hierarchical,1,0,0,948c69fa52a0a115,nsrR->nrfG,shared_complete_observation_shared_scores,maximum,prefix,complete,0,5000,0.6,0.0,instrument_error,2151398048,921666314,2151398048,nsrR,nrfG,False,identifiable,alpA|basR|btsR|glaR|glrR|modE|ptrR|rcdA,5000,-0.41101280950818075,0.020757339824959024,2.2640400234700127,-19.800842158684084,-0.33408937558646795,5636,,,,[],0,,False,True,
csd-20260805_174708,paired_hierarchical,1,0,0,948c69fa52a0a115,nsrR->pgpC,shared_complete_observation_shared_scores,maximum,prefix,complete,0,5000,0.6,0.0,instrument_error,2151398048,921666314,2151398048,nsrR,pgpC,False,identifiable,alpA|basR|btsR|glaR|glrR|ptrR|rcdA,5000,-0.2626728657036998,0.01506231186373996,1.1922373495011367,-17.439080273994428,-0.26903461525781963,5636,,,,[],0,,False,True,
csd-20260805_174708,paired_hierarchical,1,0,0,948c69fa52a0a115,nsrR->pheM,shared_complete_observation_shared_scores,maximum,prefix,complete,0,5000,0.6,0.0,instrument_error,2151398048,921666314,2151398048,nsrR,pheM,False,identifiable,alpA|basR|btsR|glaR|glrR|ptrR|rcdA,5000,-0.373274529111116,0.014206419582499094,1.0605929275802104,-26.275060154562336,-0.37319448421823026,5636,,,,[],0,,False,True,
csd-20260805_174708,paired_hierarchical,1,0,0,948c69fa52a0a115,nsrR->pheS,shared_complete_observation_shared_scores,maximum,prefix,complete,0,5000,0.6,0.0,instrument_error,2151398048,921666314,2151398048,nsrR,pheS,False,identifiable,alpA|basR|btsR|glaR|glrR|ptrR|rcdA,5000,-0.2025074780036069,0.014961544526858286,1.1763384996714532,-13.535198698240992,-0.21476979236630017,5636,,,,[],0,,False,True,
csd-20260805_174708,paired_hierarchical,1,0,0,948c69fa52a0a115,nsrR->pheT,shared_complete_observation_shared_scores,maximum,prefix,complete,0,5000,0.6,0.0,instrument_error,2151398048,921666314,2151398048,nsrR,pheT,False,identifiable,alpA|basR|btsR|glaR|glrR|ptrR|rcdA,5000,-0.22280165060496565,0.016237496070401848,1.3855352206757503,-13.72142907003344,-0.22810036317072827,5636,,,,[],0,,False,True,
csd-20260805_174708,paired_hierarchical,1,0,0,948c69fa52a0a115,nsrR->poxB,shared_complete_observation_shared_scores,maximum,prefix,complete,0,5000,0.6,0.0,instrument_error,2151398048,921666314,2151398048,nsrR,poxB,False,identifiable,alpA|basR|btsR|glaR|glrR|modE|ptrR|rcdA,5000,-0.2885655711620922,0.025141200916903306,3.3213354947759814,-11.477795834648436,-0.20075438105938362,5636,,,,[],0,,False,True,
csd-20260805_174708,paired_hierarchical,1,0,0,948c69fa52a0a115,nsrR->rfe,shared_complete_observation_shared_scores,maximum,prefix,complete,0,5000,0.6,0.0,instrument_error,2151398048,921666314,2151398048,nsrR,rfe,False,identifiable,alpA|basR|btsR|glaR|glrR|ptrR|rcdA,5000,-0.3165816625521441,0.017076008434623906,1.5323295384541467,-18.53955880639132,-0.30156207302790206,5636,,,,[],0,,False,True,
csd-20260805_174708,paired_hierarchical,1,0,0,948c69fa52a0a115,nsrR->rffC,shared_complete_observation_shared_scores,maximum,prefix,complete,0,5000,0.6,0.0,instrument_error,2151398048,921666314,2151398048,nsrR,rffC,False,identifiable,alpA|basR|btsR|glaR|glrR|ptrR|rcdA,5000,-0.6492983745555471,0.014876530786204161,1.1630082162333781,-43.64581930336055,-0.6355983193516753,5636,,,,[],0,,False,True,
csd-20260805_174708,paired_hierarchical,1,0,0,948c69fa52a0a115,nsrR->rffG,shared_complete_observation_shared_scores,maximum,prefix,complete,0,5000,0.6,0.0,instrument_error,2151398048,921666314,2151398048,nsrR,rffG,False,identifiable,alpA|basR|btsR|glaR|glrR|ptrR|rcdA,5000,-0.21075939412071598,0.015387115540675697,1.2442105569430872,-13.697134694516038,-0.2494456039062552,5636,,,,[],0,,False,True,
csd-20260805_174708,paired_hierarchical,1,0,0,948c69fa52a0a115,nsrR->rffH,shared_complete_observation_shared_scores,maximum,prefix,complete,0,5000,0.6,0.0,instrument_error,2151398048,921666314,2151398048,nsrR,rffH,False,identifiable,alpA|basR|btsR|glaR|glrR|ptrR|rcdA,5000,-0.16957900387686145,0.02066503144709438,2.2441485076960763,-8.206084965852071,-0.1649043129521834,5636,,,,[],0,,False,True,
csd-20260805_174708,paired_hierarchical,1,0,0,948c69fa52a0a115,nsrR->rffM,shared_complete_observation_shared_scores,maximum,prefix,complete,0,5000,0.6,0.0,instrument_error,2151398048,921666314,2151398048,nsrR,rffM,False,identifiable,alpA|basR|btsR|glaR|glrR|ptrR|rcdA,5000,-0.19279250989491858,0.01713684259472224,1.543266992338999,-11.250176853132462,-0.19512787598687914,5636,,,,[],0,,False,True,
csd-20260805_174708,paired_hierarchical,1,0,0,948c69fa52a0a115,nsrR->rplT,shared_complete_observation_shared_scores,maximum,prefix,complete,0,5000,0.6,0.0,instrument_error,2151398048,921666314,2151398048,nsrR,rplT,False,identifiable,alpA|basR|btsR|glaR|glrR|ptrR|rcdA,5000,-0.15766567656144836,0.01563525805024269,1.284664014425488,-10.083983011652377,-0.17730115940083666,5636,,,,[],0,,False,True,
csd-20260805_174708,paired_hierarchical,1,0,0,948c69fa52a0a115,nsrR->rpmI,shared_complete_observation_shared_scores,maximum,prefix,complete,0,5000,0.6,0.0,instrument_error,2151398048,921666314,2151398048,nsrR,rpmI,False,identifiable,alpA|basR|btsR|glaR|glrR|ptrR|rcdA,5000,-0.06050817818133456,0.016588983473630466,1.446168844768817,-3.6474916186104602,-0.11101331227421468,5636,,,,[],0,,False,True,
csd-20260805_174708,paired_hierarchical,1,0,0,948c69fa52a0a115,nsrR->sodB,shared_complete_observation_shared_scores,maximum,prefix,complete,0,5000,0.6,0.0,instrument_error,2151398048,921666314,2151398048,nsrR,sodB,False,identifiable,alpA|basR|btsR|glaR|glrR|ptrR|rcdA,5000,-0.09071486514017049,0.01668936834771688,1.463724196677038,-5.435488225207778,-0.11252179718042463,5636,,,,[],0,,False,True,
csd-20260805_174708,paired_hierarchical,1,0,0,948c69fa52a0a115,nsrR->sufA,shared_complete_observation_shared_scores,maximum,prefix,complete,0,5000,0.6,0.0,instrument_error,2151398048,921666314,2151398048,nsrR,sufA,False,identifiable,alpA|basR|btsR|glaR|glrR|ptrR|rcdA,5000,-0.2100304836204527,0.016982507515722254,1.5155947182205756,-12.367460071842062,-0.15547519732225185,5636,,,,[],0,,False,True,
csd-20260805_174708,paired_hierarchical,1,0,0,948c69fa52a0a115,nsrR->sufB,shared_complete_observation_shared_scores,maximum,prefix,complete,0,5000,0.6,0.0,instrument_error,2151398048,921666314,2151398048,nsrR,sufB,False,identifiable,alpA|basR|btsR|glaR|glrR|ptrR|rcdA,5000,-0.2717916124459213,0.017896376237670833,1.683098973042425,-15.18696348559189,-0.2020705924038509,5636,,,,[],0,,False,True,
csd-20260805_174708,paired_hierarchical,1,0,0,948c69fa52a0a115,nsrR->sufC,shared_complete_observation_shared_scores,maximum,prefix,complete,0,5000,0.6,0.0,instrument_error,2151398048,921666314,2151398048,nsrR,sufC,False,identifiable,alpA|basR|btsR|glaR|glrR|ptrR|rcdA,5000,-0.13744950115825574,0.01875520077628289,1.8485146104521886,-7.328607291267665,-0.12391262543826013,5636,,,,[],0,,False,True,
csd-20260805_174708,paired_hierarchical,1,0,0,948c69fa52a0a115,nsrR->sufD,shared_complete_observation_shared_scores,maximum,prefix,complete,0,5000,0.6,0.0,instrument_error,2151398048,921666314,2151398048,nsrR,sufD,False,identifiable,alpA|basR|btsR|glaR|glrR|ptrR|rcdA,5000,-0.16767121059612294,0.019318836125776093,1.9612879916111792,-8.679156938052193,-0.13336448876990573,5636,,,,[],0,,False,True,
csd-20260805_174708,paired_hierarchical,1,0,0,948c69fa52a0a115,nsrR->sufE,shared_complete_observation_shared_scores,maximum,prefix,complete,0,5000,0.6,0.0,instrument_error,2151398048,921666314,2151398048,nsrR,sufE,False,identifiable,alpA|basR|btsR|glaR|glrR|ptrR|rcdA,5000,-0.1790944369382182,0.0183969737988065,1.7785751979779392,-9.734994401624734,-0.13226447473416172,5636,,,,[],0,,False,True,
csd-20260805_174708,paired_hierarchical,1,0,0,948c69fa52a0a115,nsrR->sufS,shared_complete_observation_shared_scores,maximum,prefix,complete,0,5000,0.6,0.0,instrument_error,2151398048,921666314,2151398048,nsrR,sufS,False,identifiable,alpA|basR|btsR|glaR|glrR|ptrR|rcdA,5000,-0.33120831115076677,0.01748520029222333,1.606647768546418,-18.942208588715683,-0.305481471983476,5636,,,,[],0,,False,True,
csd-20260805_174708,paired_hierarchical,1,0,0,948c69fa52a0a115,nsrR->tadA,shared_complete_observation_shared_scores,maximum,prefix,complete,0,5000,0.6,0.0,instrument_error,2151398048,921666314,2151398048,nsrR,tadA,False,identifiable,alpA|basR|btsR|glaR|glrR|ptrR|rcdA,5000,-0.28364190814266693,0.019920801840172996,2.085417832944552,-14.238478471818569,-0.2656133758120749,5636,,,,[],0,,False,True,
csd-20260805_174708,paired_hierarchical,1,0,0,948c69fa52a0a115,nsrR->tcyJ,shared_complete_observation_shared_scores,maximum,prefix,complete,0,5000,0.6,0.0,instrument_error,2151398048,921666314,2151398048,nsrR,tcyJ,False,identifiable,alpA|basR|btsR|glaR|glrR|ptrR|rcdA,5000,-0.27185318002919595,0.032203754798543135,5.4499494572778175,-8.441660971828487,-0.18632374271425461,5636,,,,[],0,,False,True,
csd-20260805_174708,paired_hierarchical,1,0,0,948c69fa52a0a115,nsrR->tehA,shared_complete_observation_shared_scores,maximum,prefix,complete,0,5000,0.6,0.0,instrument_error,2151398048,921666314,2151398048,nsrR,tehA,False,identifiable,glaR,5000,-0.21947211021739135,0.014518924163900106,1.1137946151618703,-15.116279122325567,-0.22125052339595916,5636,,,,[],0,,False,True,
csd-20260805_174708,paired_hierarchical,1,0,0,948c69fa52a0a115,nsrR->tehB,shared_complete_observation_shared_scores,maximum,prefix,complete,0,5000,0.6,0.0,instrument_error,2151398048,921666314,2151398048,nsrR,tehB,False,identifiable,,5000,-0.11450159309518679,0.01417135750674799,1.0616979489479372,-8.079790030042249,-0.11543281877738716,5636,,,,[],0,,False,True,
csd-20260805_174708,paired_hierarchical,1,0,0,948c69fa52a0a115,nsrR->thrS,shared_complete_observation_shared_scores,maximum,prefix,complete,0,5000,0.6,0.0,instrument_error,2151398048,921666314,2151398048,nsrR,thrS,False,identifiable,alpA|basR|btsR|glaR|glrR|ptrR|rcdA,5000,-0.1546591432229306,0.011714025822941912,0.7210938744440466,-13.20290270489508,-0.21493703588906532,5636,,,,[],0,,False,True,
csd-20260805_174708,paired_hierarchical,1,0,0,948c69fa52a0a115,nsrR->tsgA,shared_complete_observation_shared_scores,maximum,prefix,complete,0,5000,0.6,0.0,instrument_error,2151398048,921666314,2151398048,nsrR,tsgA,False,identifiable,alpA|basR|btsR|glaR|glrR|ptrR|rcdA,5000,-0.33799247918657227,0.013806489918467198,1.0017192332453664,-24.480695758484018,-0.35791517435348597,5636,,,,[],0,,False,True,
csd-20260805_174708,paired_hierarchical,1,0,0,948c69fa52a0a115,nsrR->waaH,shared_complete_observation_shared_scores,maximum,prefix,complete,0,5000,0.6,0.0,instrument_error,2151398048,921666314,2151398048,nsrR,waaH,False,identifiable,alpA|basR|btsR|glaR|glrR|ptrR|rcdA,5000,-0.18189793304850055,0.0166684591349901,1.4600588514004917,-10.912702342513713,-0.17455243224204894,5636,,,,[],0,,False,True,
csd-20260805_174708,paired_hierarchical,1,0,0,948c69fa52a0a115,nsrR->wecB,shared_complete_observation_shared_scores,maximum,prefix,complete,0,5000,0.6,0.0,instrument_error,2151398048,921666314,2151398048,nsrR,wecB,False,identifiable,alpA|basR|btsR|glaR|glrR|ptrR|rcdA,5000,-0.2671905598712845,0.015943461736647756,1.3358100293157456,-16.758628978116988,-0.26301126758786764,5636,,,,[],0,,False,True,
csd-20260805_174708,paired_hierarchical,1,0,0,948c69fa52a0a115,nsrR->wecC,shared_complete_observation_shared_scores,maximum,prefix,complete,0,5000,0.6,0.0,instrument_error,2151398048,921666314,2151398048,nsrR,wecC,False,identifiable,alpA|basR|btsR|glaR|glrR|ptrR|rcdA,5000,-0.3125894039746726,0.015367386990431376,1.2410220796322342,-20.341090139091886,-0.3178586833876877,5636,,,,[],0,,False,True,
csd-20260805_174708,paired_hierarchical,1,0,0,948c69fa52a0a115,nsrR->wecE,shared_complete_observation_shared_scores,maximum,prefix,complete,0,5000,0.6,0.0,instrument_error,2151398048,921666314,2151398048,nsrR,wecE,False,identifiable,alpA|basR|btsR|glaR|glrR|ptrR|rcdA,5000,-0.07051646459877635,0.015175592681961133,1.2102379718752287,-4.646702509523572,-0.09905981662155268,5636,,,,[],0,,False,True,
csd-20260805_174708,paired_hierarchical,1,0,0,948c69fa52a0a115,nsrR->wecF,shared_complete_observation_shared_scores,maximum,prefix,complete,0,5000,0.6,0.0,instrument_error,2151398048,921666314,2151398048,nsrR,wecF,False,identifiable,alpA|basR|btsR|glaR|glrR|ptrR|rcdA,5000,-0.34082301339505866,0.01450939481679073,1.106313085293324,-23.489815922621908,-0.33150207043618624,5636,,,,[],0,,False,True,
csd-20260805_174708,paired_hierarchical,1,0,0,948c69fa52a0a115,nsrR->wzxE,shared_complete_observation_shared_scores,maximum,prefix,complete,0,5000,0.6,0.0,instrument_error,2151398048,921666314,2151398048,nsrR,wzxE,False,identifiable,alpA|basR|btsR|glaR|glrR|ptrR|rcdA,5000,-0.39123041410833004,0.01549574060636267,1.2618395279190049,-25.24760991079625,-0.4054259843956757,5636,,,,[],0,,False,True,
csd-20260805_174708,paired_hierarchical,1,0,0,948c69fa52a0a115,nsrR->wzyE,shared_complete_observation_shared_scores,maximum,prefix,complete,0,5000,0.6,0.0,instrument_error,2151398048,921666314,2151398048,nsrR,wzyE,False,identifiable,alpA|basR|btsR|glaR|glrR|ptrR|rcdA,5000,-0.34222927285639604,0.014377314433704064,1.0862630176442356,-23.803421315883863,-0.3307743254251325,5636,,,,[],0,,False,True,
csd-20260805_174708,paired_hierarchical,1,0,0,948c69fa52a0a115,nsrR->wzzE,shared_complete_observation_shared_scores,maximum,prefix,complete,0,5000,0.6,0.0,instrument_error,2151398048,921666314,2151398048,nsrR,wzzE,False,identifiable,alpA|basR|btsR|glaR|glrR|ptrR|rcdA,5000,-0.3578783159934964,0.017209647080169244,1.5564077360845718,-20.79521528398344,-0.35091597071030023,5636,,,,[],0,,False,True,
csd-20260805_174708,paired_hierarchical,1,0,0,948c69fa52a0a115,nsrR->ydbD,shared_complete_observation_shared_scores,maximum,prefix,complete,0,5000,0.6,0.0,instrument_error,2151398048,921666314,2151398048,nsrR,ydbD,False,identifiable,alpA|basR|btsR|glaR|glrR|ptrR|rcdA,5000,-0.6447187795165061,0.01564832039444185,1.2868114344603323,-41.200509911945865,-0.6294776100263536,5636,,,,[],0,,False,True,
csd-20260805_174708,paired_hierarchical,1,0,0,948c69fa52a0a115,nsrR->yeaE,shared_complete_observation_shared_scores,maximum,prefix,complete,0,5000,0.6,0.0,instrument_error,2151398048,921666314,2151398048,nsrR,yeaE,False,identifiable,alpA|basR|btsR|glaR|glrR|ptrR|rcdA,5000,-0.1916693822269117,0.015129010340523866,1.2028195869231282,-12.668996709818817,-0.19772589076077626,5636,,,,[],0,,False,True,
csd-20260805_174708,paired_hierarchical,1,0,0,948c69fa52a0a115,nsrR->yeaR,shared_complete_observation_shared_scores,maximum,prefix,complete,0,5000,0.6,0.0,instrument_error,2151398048,921666314,2151398048,nsrR,yeaR,False,identifiable,alpA|basR|btsR|glaR|glrR|modE|ptrR|rcdA,5000,-0.26120199652042947,0.019798768388666614,2.05976208512454,-13.192840655176765,-0.28012671512456766,5636,,,,[],0,,False,True,
csd-20260805_174708,paired_hierarchical,1,0,0,948c69fa52a0a115,nsrR->ygbA,shared_complete_observation_shared_scores,maximum,prefix,complete,0,5000,0.6,0.0,instrument_error,2151398048,921666314,2151398048,nsrR,ygbA,False,identifiable,alpA|basR|btsR|glaR|glrR|ptrR|rcdA,5000,-0.18332199964655227,0.014050583738360493,1.0374524183037006,-13.047287077906372,-0.1879558867213376,5636,,,,[],0,,False,True,
csd-20260805_174708,paired_hierarchical,1,0,0,948c69fa52a0a115,nsrR->yoaG,shared_complete_observation_shared_scores,maximum,prefix,complete,0,5000,0.6,0.0,instrument_error,2151398048,921666314,2151398048,nsrR,yoaG,False,identifiable,alpA|basR|btsR|glaR|glrR|modE|ptrR|rcdA,5000,-0.6587645225615184,0.021979765286303556,2.5385563617597824,-29.971408428643237,-0.6037160412109354,5636,,,,[],0,,False,True,
csd-20260805_174708,paired_hierarchical,1,0,0,948c69fa52a0a115,nsrR->ytfE,shared_complete_observation_shared_scores,maximum,prefix,complete,0,5000,0.6,0.0,instrument_error,2151398048,921666314,2151398048,nsrR,ytfE,False,identifiable,alpA|basR|btsR|glaR|glrR|modE|ptrR|rcdA,5000,-0.32035820726954245,0.015210070079449786,1.2156348426412722,-21.062243999938968,-0.28929721736347364,5636,,,,[],0,,False,True,
csd-20260805_174708,paired_hierarchical,1,0,0,948c69fa52a0a115,paaX->paaA,shared_complete_observation_shared_scores,maximum,prefix,complete,0,5000,0.6,0.0,instrument_error,2151398048,921666314,2151398048,paaX,paaA,False,identifiable,crp|fur|ihfA|ihfB|rpoD|slyA|srsR,5000,-0.1379325376336998,0.020077461809581466,1.6328633884674466,-6.870018677753129,-0.13167011912823912,5636,,,,[],0,,False,True,
csd-20260805_174708,paired_hierarchical,1,0,0,948c69fa52a0a115,paaX->paaB,shared_complete_observation_shared_scores,maximum,prefix,complete,0,5000,0.6,0.0,instrument_error,2151398048,921666314,2151398048,paaX,paaB,False,identifiable,crp|fur|ihfA|ihfB|rpoD|slyA|srsR,5000,-0.23414328592408154,0.01567589721605879,0.9953986537151618,-14.936515766652207,-0.23851919603443494,5636,,,,[],0,,False,True,
csd-20260805_174708,paired_hierarchical,1,0,0,948c69fa52a0a115,paaX->paaC,shared_complete_observation_shared_scores,maximum,prefix,complete,0,5000,0.6,0.0,instrument_error,2151398048,921666314,2151398048,paaX,paaC,False,identifiable,crp|fur|ihfA|ihfB|rpoD|slyA|srsR,5000,-0.15683068192272714,0.016727804431643505,1.133470233365113,-9.375449274505808,-0.17266831048644746,5636,,,,[],0,,False,True,
csd-20260805_174708,paired_hierarchical,1,0,0,948c69fa52a0a115,paaX->paaD,shared_complete_observation_shared_scores,maximum,prefix,complete,0,5000,0.6,0.0,instrument_error,2151398048,921666314,2151398048,paaX,paaD,False,identifiable,crp|fur|ihfA|ihfB|rpoD|slyA|srsR,5000,-0.22547866784304957,0.016648282001412076,1.1227190247294445,-13.543659809698376,-0.17883411459466916,5636,,,,[],0,,False,True,
csd-20260805_174708,paired_hierarchical,1,0,0,948c69fa52a0a115,paaX->paaE,shared_complete_observation_shared_scores,maximum,prefix,complete,0,5000,0.6,0.0,instrument_error,2151398048,921666314,2151398048,paaX,paaE,False,identifiable,crp|fur|ihfA|ihfB|rpoD|slyA|srsR,5000,-0.18163348329213955,0.016848752136099838,1.1499202378145437,-10.780233564180392,-0.1645275728773722,5636,,,,[],0,,False,True,
csd-20260805_174708,paired_hierarchical,1,0,0,948c69fa52a0a115,paaX->paaF,shared_complete_observation_shared_scores,maximum,prefix,complete,0,5000,0.6,0.0,instrument_error,2151398048,921666314,2151398048,paaX,paaF,False,identifiable,crp|fur|ihfA|ihfB|rpoD|slyA|srsR,5000,-0.2882778207471971,0.016062957075380677,1.045161087710553,-17.946746629176634,-0.282537660898848,5636,,,,[],0,,False,True,
csd-20260805_174708,paired_hierarchical,1,0,0,948c69fa52a0a115,paaX->paaG,shared_complete_observation_shared_scores,maximum,prefix,complete,0,5000,0.6,0.0,instrument_error,2151398048,921666314,2151398048,paaX,paaG,False,identifiable,crp|fur|ihfA|ihfB|rpoD|slyA|srsR,5000,-0.2087879292815892,0.015779136718123192,1.0085529704219791,-13.231898107694636,-0.21395647798739809,5636,,,,[],0,,False,True,
csd-20260805_174708,paired_hierarchical,1,0,0,948c69fa52a0a115,paaX->paaH,shared_complete_observation_shared_scores,maximum,prefix,complete,0,5000,0.6,0.0,instrument_error,2151398048,921666314,2151398048,paaX,paaH,False,identifiable,crp|fur|ihfA|ihfB|rpoD|slyA|srsR,5000,-0.156059050262177,0.016817989918892558,1.145725054328554,-9.279292651190582,-0.14531584804213138,5636,,,,[],0,,False,True,
csd-20260805_174708,paired_hierarchical,1,0,0,948c69fa52a0a115,paaX->paaI,shared_complete_observation_shared_scores,maximum,prefix,complete,0,5000,0.6,0.0,instrument_error,2151398048,921666314,2151398048,paaX,paaI,False,identifiable,crp|fur|ihfA|ihfB|rpoD|slyA|srsR,5000,-0.2508600325510053,0.016331285240620746,1.0803711117934494,-15.360703634459954,-0.25301915116711365,5636,,,,[],0,,False,True,
csd-20260805_174708,paired_hierarchical,1,0,0,948c69fa52a0a115,paaX->paaJ,shared_complete_observation_shared_scores,maximum,prefix,complete,0,5000,0.6,0.0,instrument_error,2151398048,921666314,2151398048,paaX,paaJ,False,identifiable,crp|fur|ihfA|ihfB|rpoD|slyA|srsR,5000,-0.25557521568673924,0.01574899391520172,1.0047033838572783,-16.228034442253815,-0.26148086564863593,5636,,,,[],0,,False,True,
csd-20260805_174708,paired_hierarchical,1,0,0,948c69fa52a0a115,paaX->paaK,shared_complete_observation_shared_scores,maximum,prefix,complete,0,5000,0.6,0.0,instrument_error,2151398048,921666314,2151398048,paaX,paaK,False,identifiable,crp|fur|ihfA|ihfB|rpoD|slyA|spf|srsR,5000,-0.08269591507299077,0.016484243860283077,1.1006673169683288,-5.016664141461607,-0.08969227320061411,5636,,,,[],0,,False,True,
csd-20260805_174708,paired_hierarchical,1,0,0,948c69fa52a0a115,paaX->paaY,shared_complete_observation_shared_scores,maximum,prefix,complete,0,5000,0.6,0.0,instrument_error,2151398048,921666314,2151398048,paaX,paaY,False,identifiable,rpoD,5000,-0.20608009045273373,0.015624502283867631,0.9906802632176619,-13.18954592656128,-0.2057862912190161,5636,,,,[],0,,False,True,
csd-20260805_174708,paired_hierarchical,1,0,0,948c69fa52a0a115,paaX->paaZ,shared_complete_observation_shared_scores,maximum,prefix,complete,0,5000,0.6,0.0,instrument_error,2151398048,921666314,2151398048,paaX,paaZ,False,identifiable,crp|ihfA|ihfB|rpoD|srsR,5000,-0.11820522330641316,0.016965264309345158,1.1669931653753527,-6.967484923963189,-0.11822669009346068,5636,,,,[],0,,False,True,
csd-20260805_174708,paired_hierarchical,1,0,0,948c69fa52a0a115,pepA->carA,shared_complete_observation_shared_scores,maximum,prefix,complete,0,5000,0.6,0.0,instrument_error,2151398048,921666314,2151398048,pepA,carA,False,identifiable,arcA|argR|cpxR|fis|ihfA|ihfB|purR|rpoD|rutR,5000,-0.5159188186022096,0.016835705712244093,1.0901400800839878,-30.64432388046541,-0.4966344971563481,5636,,,,[],0,,False,True,
csd-20260805_174708,paired_hierarchical,1,0,0,948c69fa52a0a115,pepA->carB,shared_complete_observation_shared_scores,maximum,prefix,complete,0,5000,0.6,0.0,instrument_error,2151398048,921666314,2151398048,pepA,carB,False,identifiable,argR|cpxR|fis|ihfA|ihfB|purR|rpoD|rutR,5000,-0.3444752391878292,0.01623820031797678,1.0156751608096184,-21.213880383435836,-0.31543183017291804,5636,,,,[],0,,False,True,
csd-20260805_174708,paired_hierarchical,1,0,0,948c69fa52a0a115,pgrR->mpaA,shared_complete_observation_shared_scores,maximum,prefix,complete,0,5000,0.6,0.0,instrument_error,2151398048,921666314,2151398048,pgrR,mpaA,False,identifiable,rpoH,5000,-0.3633271483082306,0.013749740032251604,0.9841009486956367,-26.42429220159834,-0.33511103992281344,5636,,,,[],0,,False,True,
csd-20260805_174708,paired_hierarchical,1,0,0,948c69fa52a0a115,pgrR->mppA,shared_complete_observation_shared_scores,maximum,prefix,complete,0,5000,0.6,0.0,instrument_error,2151398048,921666314,2151398048,pgrR,mppA,False,identifiable,,5000,-0.1620457123408326,0.014097766400143702,1.035376472916671,-11.494424559282017,-0.16911180650672886,5636,,,,[],0,,False,True,
csd-20260805_174708,paired_hierarchical,1,0,0,948c69fa52a0a115,pgrR->tyrR,shared_complete_observation_shared_scores,maximum,prefix,complete,0,5000,0.6,0.0,instrument_error,2151398048,921666314,2151398048,pgrR,tyrR,False,identifiable,lrp|rpoD|rpoH,5000,-0.21410120343027284,0.012868502827102715,0.8618600210891272,-16.637615603529905,-0.22587441482110404,5636,,,,[],0,,False,True,
csd-20260805_174708,paired_hierarchical,1,0,0,948c69fa52a0a115,pgrR->ycjF,shared_complete_observation_shared_scores,maximum,prefix,complete,0,5000,0.6,0.0,instrument_error,2151398048,921666314,2151398048,pgrR,ycjF,False,identifiable,rpoH,5000,-0.22721182268302664,0.013856335646460282,0.9994186884640701,-16.39768467510166,-0.21133917573786756,5636,,,,[],0,,False,True,
csd-20260805_174708,paired_hierarchical,1,0,0,948c69fa52a0a115,pgrR->ycjG,shared_complete_observation_shared_scores,maximum,prefix,complete,0,5000,0.6,0.0,instrument_error,2151398048,921666314,2151398048,pgrR,ycjG,False,identifiable,,5000,-0.15379771598972977,0.016114967652922866,1.3528715013322472,-9.543780620734575,-0.14393879394760833,5636,,,,[],0,,False,True,
csd-20260805_174708,paired_hierarchical,1,0,0,948c69fa52a0a115,pgrR->ycjX,shared_complete_observation_shared_scores,maximum,prefix,complete,0,5000,0.6,0.0,instrument_error,2151398048,921666314,2151398048,pgrR,ycjX,False,identifiable,rpoH,5000,-0.7015753271003005,0.014405925381138213,1.0802716983702108,-48.70046932346868,-0.6873700967350873,5636,,,,[],0,,False,True,
csd-20260805_174708,paired_hierarchical,1,0,0,948c69fa52a0a115,pgrR->ycjY,shared_complete_observation_shared_scores,maximum,prefix,complete,0,5000,0.6,0.0,instrument_error,2151398048,921666314,2151398048,pgrR,ycjY,False,identifiable,rpoH,5000,-0.2043929026157916,0.01952146090225274,1.9836968653474838,-10.470164279160329,-0.18288800649090972,5636,,,,[],0,,False,True,
csd-20260805_174708,paired_hierarchical,1,0,0,948c69fa52a0a115,pgrR->ymjC,shared_complete_observation_shared_scores,maximum,prefix,complete,0,5000,0.6,0.0,instrument_error,2151398048,921666314,2151398048,pgrR,ymjC,False,identifiable,rpoH,5000,-0.39796806932594986,0.015808255272541063,1.3008240482874256,-25.174699071137873,-0.37167697545205813,5636,,,,[],0,,False,True,
csd-20260805_174708,paired_hierarchical,1,0,0,948c69fa52a0a115,pgrR->ymjD,shared_complete_observation_shared_scores,maximum,prefix,complete,0,5000,0.6,0.0,instrument_error,2151398048,921666314,2151398048,pgrR,ymjD,False,identifiable,rpoH,5000,-0.17568294569989645,0.015809973753757426,1.301106883193523,-11.112159225320873,-0.18472891861370422,5636,,,,[],0,,False,True,
csd-20260805_174708,paired_hierarchical,1,0,0,948c69fa52a0a115,rspR->rspA,shared_complete_observation_shared_scores,maximum,prefix,complete,0,5000,0.6,0.0,instrument_error,2151398048,921666314,2151398048,rspR,rspA,False,identifiable,crp|phoB,5000,-0.14970524231791782,0.01406121583036887,1.0274539036977284,-10.646678361524772,-0.1639745052906146,5636,,,,[],0,,False,True,
csd-20260805_174708,paired_hierarchical,1,0,0,948c69fa52a0a115,rspR->rspB,shared_complete_observation_shared_scores,maximum,prefix,complete,0,5000,0.6,0.0,instrument_error,2151398048,921666314,2151398048,rspR,rspB,False,identifiable,crp|phoB,5000,-0.12895048841894155,0.01449208460654299,1.0913858514454473,-8.897994451448486,-0.11235140706288949,5636,,,,[],0,,False,True,
csd-20260805_174708,paired_hierarchical,1,0,0,948c69fa52a0a115,treR->treB,shared_complete_observation_shared_scores,maximum,prefix,complete,0,5000,0.6,0.0,instrument_error,2151398048,921666314,2151398048,treR,treB,False,identifiable,arcA|crp|phoP|rpoD,5000,-0.28197792955253026,0.01611472522864468,1.4002695017003617,-17.4981531209295,-0.2817424575923539,5636,,,,[],0,,False,True,
csd-20260805_174708,paired_hierarchical,1,0,0,948c69fa52a0a115,treR->treC,shared_complete_observation_shared_scores,maximum,prefix,complete,0,5000,0.6,0.0,instrument_error,2151398048,921666314,2151398048,treR,treC,False,identifiable,arcA|crp|phoP|rpoD,5000,-0.12296906777155864,0.014112680664317053,1.0739519465872824,-8.713374212631162,-0.11839765651391672,5636,,,,[],0,,False,True,
csd-20260805_174708,paired_hierarchical,1,0,0,948c69fa52a0a115,pspF->pspA,shared_complete_observation_shared_scores,maximum,prefix,complete,0,5000,0.6,0.0,instrument_error,2151398048,921666314,2151398048,pspF,pspA,False,identifiable,ihfA|ihfB|rpoD|rpoN,5000,0.12068650789405116,0.02888013758745501,2.3657827640181437,4.17887579408469,0.13383584660124784,5636,,,,[],0,,False,True,
csd-20260805_174708,paired_hierarchical,1,0,0,948c69fa52a0a115,pspF->pspB,shared_complete_observation_shared_scores,maximum,prefix,complete,0,5000,0.6,0.0,instrument_error,2151398048,921666314,2151398048,pspF,pspB,False,identifiable,ihfA|ihfB|rpoD|rpoN,5000,0.3094797391194786,0.021221690077001254,1.2774275643123658,14.583180604209911,0.3276251096415506,5636,,,,[],0,,False,True,
csd-20260805_174708,paired_hierarchical,1,0,0,948c69fa52a0a115,pspF->pspC,shared_complete_observation_shared_scores,maximum,prefix,complete,0,5000,0.6,0.0,instrument_error,2151398048,921666314,2151398048,pspF,pspC,False,identifiable,ihfA|ihfB|rpoD|rpoN,5000,0.3917376490543739,0.023227536195453435,1.5303213546208498,16.865226072968202,0.33848908853355714,5636,,,,[],0,,False,True,
csd-20260805_174708,paired_hierarchical,1,0,0,948c69fa52a0a115,pspF->pspD,shared_complete_observation_shared_scores,maximum,prefix,complete,0,5000,0.6,0.0,instrument_error,2151398048,921666314,2151398048,pspF,pspD,False,identifiable,ihfA|ihfB|rpoD|rpoN,5000,0.297729150018294,0.02117982254150559,1.2723921513387604,14.057207015537609,0.28562315055762005,5636,,,,[],0,,False,True,
csd-20260805_174708,paired_hierarchical,1,0,0,948c69fa52a0a115,pspF->pspE,shared_complete_observation_shared_scores,maximum,prefix,complete,0,5000,0.6,0.0,instrument_error,2151398048,921666314,2151398048,pspF,pspE,False,identifiable,ihfA|ihfB|rpoD|rpoN,5000,0.1736081798646261,0.018838786334527863,1.0066585545643532,9.21546519939216,0.18054393598125568,5636,,,,[],0,,False,True,
csd-20260805_174708,paired_hierarchical,1,0,0,948c69fa52a0a115,pspF->pspG,shared_complete_observation_shared_scores,maximum,prefix,complete,0,5000,0.6,0.0,instrument_error,2151398048,921666314,2151398048,pspF,pspG,False,identifiable,ihfA|ihfB|lrp|rpoD|rpoN,5000,0.31378733150101046,0.02503337986506465,1.777511399388853,12.534756920255765,0.29717527471985594,5636,,,,[],0,,False,True,
csd-20260805_174708,paired_hierarchical,1,0,0,948c69fa52a0a115,ptrR->acrA,shared_complete_observation_shared_scores,maximum,prefix,complete,0,5000,0.6,0.0,instrument_error,2151398048,921666314,2151398048,ptrR,acrA,False,identifiable,alpA|basR|btsR|envR|glaR|glrR|nsrR|rcdA,5000,0.23082429725866555,0.021384542264666375,2.734627815843872,10.793978865755568,0.2401767966569667,5636,,,,[],0,,False,True,
csd-20260805_174708,paired_hierarchical,1,0,0,948c69fa52a0a115,ptrR->acrB,shared_complete_observation_shared_scores,maximum,prefix,complete,0,5000,0.6,0.0,instrument_error,2151398048,921666314,2151398048,ptrR,acrB,False,identifiable,alpA|basR|btsR|envR|glaR|glrR|nsrR|rcdA,5000,0.3301906333206233,0.018300642503588992,2.002769571140765,18.042570541218357,0.33090187411210903,5636,,,,[],0,,False,True,
csd-20260805_174708,paired_hierarchical,1,0,0,948c69fa52a0a115,ptrR->acrR,shared_complete_observation_shared_scores,maximum,prefix,complete,0,5000,0.6,0.0,instrument_error,2151398048,921666314,2151398048,ptrR,acrR,False,identifiable,alpA|basR|btsR|glaR|glrR|nsrR|rcdA,5000,-0.1398403770665878,0.01191643180844889,0.8493086444056384,-11.735088096374566,-0.17689269140278374,5636,,,,[],0,,False,True,
csd-20260805_174708,paired_hierarchical,1,0,0,948c69fa52a0a115,ptrR->gabD,shared_complete_observation_shared_scores,maximum,prefix,complete,0,5000,0.6,0.0,instrument_error,2151398048,921666314,2151398048,ptrR,gabD,False,identifiable,alpA|basR|btsR|glaR|glrR|nsrR|rcdA,5000,0.22290977482798346,0.017779877178222363,1.8907346942106578,12.537194300814065,0.30491139682126833,5636,,,,[],0,,False,True,
csd-20260805_174708,paired_hierarchical,1,0,0,948c69fa52a0a115,ptrR->gadA,shared_complete_observation_shared_scores,maximum,prefix,complete,0,5000,0.6,0.0,instrument_error,2151398048,921666314,2151398048,ptrR,gadA,False,identifiable,alpA|basR|btsR|glaR|glrR|nsrR|rcdA,5000,-0.15353309471130683,0.03190198472140382,6.087072657144524,-4.812650248945099,-0.17554024055249612,5636,,,,[],0,,False,True,
csd-20260805_174708,paired_hierarchical,1,0,0,948c69fa52a0a115,ptrR->gadB,shared_complete_observation_shared_scores,maximum,prefix,complete,0,5000,0.6,0.0,instrument_error,2151398048,921666314,2151398048,ptrR,gadB,False,identifiable,alpA|basR|btsR|glaR|glrR|nsrR|rcdA,5000,-0.07034979301133606,0.025985256559643125,4.0385651976833294,-2.707296456737475,-0.20858970528404272,5636,,,,[],0,,False,True,
csd-20260805_174708,paired_hierarchical,1,0,0,948c69fa52a0a115,ptrR->glsB,shared_complete_observation_shared_scores,maximum,prefix,complete,0,5000,0.6,0.0,instrument_error,2151398048,921666314,2151398048,ptrR,glsB,False,identifiable,,5000,0.18544588936451453,0.012364745993362972,0.9783731375765409,14.997953816767152,0.16230343731922914,5636,,,,[],0,,False,True,
csd-20260805_174708,paired_hierarchical,1,0,0,948c69fa52a0a115,ptrR->puuA,shared_complete_observation_shared_scores,maximum,prefix,complete,0,5000,0.6,0.0,instrument_error,2151398048,921666314,2151398048,ptrR,puuA,False,identifiable,alpA|basR|btsR|glaR|glrR|nsrR|rcdA,5000,-0.30854715481304285,0.01879321660834073,2.1123959155110277,-16.418006626715762,-0.35567505126919857,5636,,,,[],0,,False,True,
csd-20260805_174708,paired_hierarchical,1,0,0,948c69fa52a0a115,ptrR->puuB,shared_complete_observation_shared_scores,maximum,prefix,complete,0,5000,0.6,0.0,instrument_error,2151398048,921666314,2151398048,ptrR,puuB,False,identifiable,alpA|basR|btsR|fimZ|glaR|glrR|nsrR|rcdA,5000,-0.23307166640460353,0.018960427044766148,2.14885957439731,-12.292532539183544,-0.29385850360576043,5636,,,,[],0,,False,True,
csd-20260805_174708,paired_hierarchical,1,0,0,948c69fa52a0a115,ptrR->puuC,shared_complete_observation_shared_scores,maximum,prefix,complete,0,5000,0.6,0.0,instrument_error,2151398048,921666314,2151398048,ptrR,puuC,False,identifiable,alpA|basR|btsR|fimZ|glaR|glrR|nsrR|rcdA,5000,-0.23542306467456148,0.013612378027052178,1.1075919967684937,-17.29477863505554,-0.2522088471975313,5636,,,,[],0,,False,True,
csd-20260805_174708,paired_hierarchical,1,0,0,948c69fa52a0a115,ptrR->puuE,shared_complete_observation_shared_scores,maximum,prefix,complete,0,5000,0.6,0.0,instrument_error,2151398048,921666314,2151398048,ptrR,puuE,False,identifiable,alpA|basR|btsR|glaR|glrR|nsrR|rcdA,5000,-0.1256835348224077,0.02091382065197371,2.616012645549618,-6.009592265033913,-0.1531643553274034,5636,,,,[],0,,False,True,
csd-20260805_174708,paired_hierarchical,1,0,0,948c69fa52a0a115,ptrR->sad,shared_complete_observation_shared_scores,maximum,prefix,complete,0,5000,0.6,0.0,instrument_error,2151398048,921666314,2151398048,ptrR,sad,False,identifiable,alpA|basR|btsR|glaR|glrR|nsrR|rcdA,5000,0.10731778133303586,0.01898043610360028,2.154693263026212,5.654126214343379,0.13991407630792835,5636,,,,[],0,,False,True,
csd-20260805_174708,paired_hierarchical,1,0,0,948c69fa52a0a115,ptrR->yneG,shared_complete_observation_shared_scores,maximum,prefix,complete,0,5000,0.6,0.0,instrument_error,2151398048,921666314,2151398048,ptrR,yneG,False,identifiable,,5000,0.24885740913363447,0.012651876034161753,1.0243396359446262,19.6696053977834,0.24184887212164607,5636,,,,[],0,,False,True,
csd-20260805_174708,paired_hierarchical,1,0,0,948c69fa52a0a115,punR->punC,shared_complete_observation_shared_scores,maximum,prefix,complete,0,5000,0.6,0.0,instrument_error,2151398048,921666314,2151398048,punR,punC,False,identifiable,,5000,-0.024057258541971136,0.01708499579535657,1.6215237668412859,-1.4080927399765304,0.17294323416244078,5636,,,,[],0,,False,True,
csd-20260805_174708,paired_hierarchical,1,0,0,948c69fa52a0a115,pyrR->yhjX,shared_complete_observation_shared_scores,maximum,prefix,complete,0,5000,0.6,0.0,instrument_error,2151398048,921666314,2151398048,pyrR,yhjX,False,identifiable,rpoD,5000,0.368763636086233,0.017913287576336794,1.663162960341858,20.586038967708234,0.3505746266064823,5636,,,,[],0,,False,True,
csd-20260805_174708,paired_hierarchical,1,0,0,948c69fa52a0a115,racR->ydaS,shared_complete_observation_shared_scores,maximum,prefix,complete,0,5000,0.6,0.0,instrument_error,2151398048,921666314,2151398048,racR,ydaS,False,identifiable,,5000,-0.43932516656266885,0.009992672342502177,1.350752368347228,-43.96473250644595,-0.5018023508816595,5636,,,,[],0,,False,True,
csd-20260805_174708,paired_hierarchical,1,0,0,948c69fa52a0a115,racR->ydaT,shared_complete_observation_shared_scores,maximum,prefix,complete,0,5000,0.6,0.0,instrument_error,2151398048,921666314,2151398048,racR,ydaT,False,identifiable,nac,5000,-0.15466783250405594,0.008777957776592956,1.0208979156434044,-17.620024661828364,-0.20607144136163158,5636,,,,[],0,,False,True,
csd-20260805_174708,paired_hierarchical,1,0,0,948c69fa52a0a115,racR->ydaU,shared_complete_observation_shared_scores,maximum,prefix,complete,0,5000,0.6,0.0,instrument_error,2151398048,921666314,2151398048,racR,ydaU,False,identifiable,nac,5000,-0.732132750590187,0.009572615284681802,1.2141058531198214,-76.48199878686793,-0.7847833250143909,5636,,,,[],0,,False,True,
csd-20260805_174708,paired_hierarchical,1,0,0,948c69fa52a0a115,racR->ydaV,shared_complete_observation_shared_scores,maximum,prefix,complete,0,5000,0.6,0.0,instrument_error,2151398048,921666314,2151398048,racR,ydaV,False,identifiable,,5000,-0.1090519422528555,0.012513434432920379,2.118192802375069,-8.71478912024035,-0.31691656565620824,5636,,,,[],0,,False,True,
csd-20260805_174708,paired_hierarchical,1,0,0,948c69fa52a0a115,racR->ydaW,shared_complete_observation_shared_scores,maximum,prefix,complete,0,5000,0.6,0.0,instrument_error,2151398048,921666314,2151398048,racR,ydaW,False,identifiable,,5000,-0.37414789226817635,0.011322775446705173,1.7342760721976047,-33.04383223258658,-0.25394501671749037,5636,,,,[],0,,False,True,
csd-20260805_174708,paired_hierarchical,1,0,0,948c69fa52a0a115,ralA->ralR,shared_complete_observation_shared_scores,maximum,prefix,complete,0,5000,0.6,0.0,instrument_error,2151398048,921666314,2151398048,ralA,ralR,False,identifiable,,5000,-0.18012868342853475,0.01497218177232501,1.2536140042745505,-12.030890765799379,-0.1690687650772383,5636,,,,[],0,,False,True,
csd-20260805_174708,paired_hierarchical,1,0,0,948c69fa52a0a115,rcdA->asr,shared_complete_observation_shared_scores,maximum,prefix,complete,0,5000,0.6,0.0,instrument_error,2151398048,921666314,2151398048,rcdA,asr,False,identifiable,alpA|basR|btsR|glaR|glrR|nsrR|ptrR,5000,0.29987532975868336,0.009728272794921836,2.5492980804794585,30.825135774895053,0.10613246227575533,5636,,,,[],0,,False,True,
csd-20260805_174708,paired_hierarchical,1,0,0,948c69fa52a0a115,rcdA->bluF,shared_complete_observation_shared_scores,maximum,prefix,complete,0,5000,0.6,0.0,instrument_error,2151398048,921666314,2151398048,rcdA,bluF,False,identifiable,alpA|basR|btsR|glaR|glrR|nsrR|ptrR,5000,0.15377315266991595,0.007555107094808094,1.5375540376758683,20.35353711605089,0.2045659156882856,5636,,,,[],0,,False,True,
csd-20260805_174708,paired_hierarchical,1,0,0,948c69fa52a0a115,rcdA->csgD,shared_complete_observation_shared_scores,maximum,prefix,complete,0,5000,0.6,0.0,instrument_error,2151398048,921666314,2151398048,rcdA,csgD,False,identifiable,alpA|basR|btsR|glaR|glrR|nsrR|ptrR,5000,1.1482081723145197,0.023765583491296566,15.214094214926067,48.31390623062197,0.8017481036318214,5636,,,,[],0,,False,True,
csd-20260805_174708,paired_hierarchical,1,0,0,948c69fa52a0a115,rcdA->csgE,shared_complete_observation_shared_scores,maximum,prefix,complete,0,5000,0.6,0.0,instrument_error,2151398048,921666314,2151398048,rcdA,csgE,False,identifiable,alpA|basR|btsR|glaR|glrR|nsrR|ptrR,5000,0.12662285348712551,0.015151725423998105,6.1840546852268234,8.35699235194518,0.2282104983727061,5636,,,,[],0,,False,True,
csd-20260805_174708,paired_hierarchical,1,0,0,948c69fa52a0a115,rcdA->csgF,shared_complete_observation_shared_scores,maximum,prefix,complete,0,5000,0.6,0.0,instrument_error,2151398048,921666314,2151398048,rcdA,csgF,False,identifiable,alpA|basR|btsR|glaR|glrR|nsrR|ptrR,5000,-0.04481946518587447,0.013679830684108914,5.040929022856192,-3.276317245500612,0.14636162986695922,5636,,,,[],0,,False,True,
csd-20260805_174708,paired_hierarchical,1,0,0,948c69fa52a0a115,rcdA->csgG,shared_complete_observation_shared_scores,maximum,prefix,complete,0,5000,0.6,0.0,instrument_error,2151398048,921666314,2151398048,rcdA,csgG,False,identifiable,alpA|basR|btsR|glaR|glrR|nsrR|ptrR,5000,-0.1055358781614933,0.01300418431095447,4.555283080901169,-8.11553232697509,0.17309039153409836,5636,,,,[],0,,False,True,
csd-20260805_174708,paired_hierarchical,1,0,0,948c69fa52a0a115,rcdA->rmf,shared_complete_observation_shared_scores,maximum,prefix,complete,0,5000,0.6,0.0,instrument_error,2151398048,921666314,2151398048,rcdA,rmf,False,identifiable,alpA|basR|btsR|cueR|glaR|glrR|kdpE|nsrR|ptrR,5000,0.08476334312443722,0.01097213808326707,3.217032540834923,7.725325955722755,0.1487937993400027,5636,,,,[],0,,False,True,
csd-20260805_174708,paired_hierarchical,1,0,0,948c69fa52a0a115,rcdA->rsd,shared_complete_observation_shared_scores,maximum,prefix,complete,0,5000,0.6,0.0,instrument_error,2151398048,921666314,2151398048,rcdA,rsd,False,identifiable,alpA|basR|btsR|cueR|glaR|glrR|kdpE|nsrR|ptrR,5000,0.3881134944400567,0.00976173002315826,2.5463993194985024,39.758679406141624,0.29907733393276065,5636,,,,[],0,,False,True,
csd-20260805_174708,paired_hierarchical,1,0,0,948c69fa52a0a115,rcdA->sulA,shared_complete_observation_shared_scores,maximum,prefix,complete,0,5000,0.6,0.0,instrument_error,2151398048,921666314,2151398048,rcdA,sulA,False,identifiable,alpA|basR|btsR|glaR|glrR|nsrR|ptrR,5000,-0.003191493215696082,0.007315196264814177,1.4414550484255022,-0.43628265054856374,-0.1729068177539042,5636,,,,[],0,,False,True,
csd-20260805_174708,paired_hierarchical,1,0,0,948c69fa52a0a115,rcdA->yagK,shared_complete_observation_shared_scores,maximum,prefix,complete,0,5000,0.6,0.0,instrument_error,2151398048,921666314,2151398048,rcdA,yagK,False,identifiable,alpA|basR|btsR|glaR|glrR|nsrR|ptrR,5000,0.10401233155445284,0.007081173675468872,1.3507022727836515,14.688572307551231,-0.12987991631622472,5636,,,,[],0,,False,True,
csd-20260805_174708,paired_hierarchical,1,0,0,948c69fa52a0a115,rcdA->ybjI,shared_complete_observation_shared_scores,maximum,prefix,complete,0,5000,0.6,0.0,instrument_error,2151398048,921666314,2151398048,rcdA,ybjI,False,identifiable,,5000,-0.1014080943736827,0.00535779304673515,1.0836128488078125,-18.92721377797099,-0.08709591685922047,5636,,,,[],0,,False,True,
csd-20260805_174708,paired_hierarchical,1,0,0,948c69fa52a0a115,rcdA->ybjJ,shared_complete_observation_shared_scores,maximum,prefix,complete,0,5000,0.6,0.0,instrument_error,2151398048,921666314,2151398048,rcdA,ybjJ,False,identifiable,,5000,-1.244733539943347,0.010679686736525749,4.3054574859577945,-116.5515029280977,-0.580707322777652,5636,,,,[],0,,False,True,
csd-20260805_174708,paired_hierarchical,1,0,0,948c69fa52a0a115,rcdA->ydeI,shared_complete_observation_shared_scores,maximum,prefix,complete,0,5000,0.6,0.0,instrument_error,2151398048,921666314,2151398048,rcdA,ydeI,False,identifiable,alpA|basR|btsR|glaR|glrR|nsrR|ptrR,5000,0.8708137926888398,0.00895326283450075,2.159294140115717,97.26217232596166,0.40154085697547437,5636,,,,[],0,,False,True,
csd-20260805_174708,paired_hierarchical,1,0,0,948c69fa52a0a115,rclR->rclA,shared_complete_observation_shared_scores,maximum,prefix,complete,0,5000,0.6,0.0,instrument_error,2151398048,921666314,2151398048,rclR,rclA,False,identifiable,rpoE,5000,0.1730330918067332,0.011356122111634765,1.056423724398198,15.236987600675272,0.17167789581220627,5636,,,,[],0,,False,True,
csd-20260805_174708,paired_hierarchical,1,0,0,948c69fa52a0a115,rclR->rclB,shared_complete_observation_shared_scores,maximum,prefix,complete,0,5000,0.6,0.0,instrument_error,2151398048,921666314,2151398048,rclR,rclB,False,identifiable,rpoE,5000,0.15712255966275265,0.012930423773382578,1.3696309296301286,12.15138516853494,0.12934821077120412,5636,,,,[],0,,False,True,
csd-20260805_174708,paired_hierarchical,1,0,0,948c69fa52a0a115,rclR->rclC,shared_complete_observation_shared_scores,maximum,prefix,complete,0,5000,0.6,0.0,instrument_error,2151398048,921666314,2151398048,rclR,rclC,False,identifiable,rpoE,5000,0.2575544120031441,0.011447555937307048,1.073503801637991,22.49863756190842,0.27384462153369593,5636,,,,[],0,,False,True,
csd-20260805_174708,paired_hierarchical,1,0,0,948c69fa52a0a115,rcnR->rcnA,shared_complete_observation_shared_scores,maximum,prefix,complete,0,5000,0.6,0.0,instrument_error,2151398048,921666314,2151398048,rcnR,rcnA,False,identifiable,fur|rpoD,5000,-0.22505960225948562,0.017577177372548533,1.2204019065153804,-12.804080967571986,-0.2260289112295057,5636,,,,[],0,,False,True,
csd-20260805_174708,paired_hierarchical,1,0,0,948c69fa52a0a115,rcnR->rcnB,shared_complete_observation_shared_scores,maximum,prefix,complete,0,5000,0.6,0.0,instrument_error,2151398048,921666314,2151398048,rcnR,rcnB,False,identifiable,fur|rpoD,5000,-0.3174599030543122,0.015728812362042002,0.9772292778175617,-20.183335890027603,-0.34666350076318125,5636,,,,[],0,,False,True,
csd-20260805_174708,paired_hierarchical,1,0,0,948c69fa52a0a115,rpsB->tff,shared_complete_observation_shared_scores,maximum,prefix,complete,0,5000,0.6,0.0,instrument_error,2151398048,921666314,2151398048,rpsB,tff,False,identifiable,nac|rpoD,5000,-0.160149172255976,0.015356356097670158,1.0530573935563496,-10.428852472382662,-0.16501185226968934,5636,,,,[],0,,False,True,
csd-20260805_174708,paired_hierarchical,1,0,0,948c69fa52a0a115,rpsB->tsf,shared_complete_observation_shared_scores,maximum,prefix,complete,0,5000,0.6,0.0,instrument_error,2151398048,921666314,2151398048,rpsB,tsf,False,identifiable,rpoD,5000,-0.5508950270382473,0.01650052526148148,1.2158463858716837,-33.386514568978384,-0.5299813701344473,5636,,,,[],0,,False,True,
csd-20260805_174708,paired_hierarchical,1,0,0,948c69fa52a0a115,sutR->cysE,shared_complete_observation_shared_scores,maximum,prefix,complete,0,5000,0.6,0.0,instrument_error,2151398048,921666314,2151398048,sutR,cysE,False,identifiable,alpA|basR|btsR|glaR|glrR|nsrR|ptrR|rcdA,5000,-0.24412518826662627,0.010686992993025139,1.186369480093673,-22.84320654331433,-0.20732992128060088,5636,,,,[],0,,False,True,
csd-20260805_174708,paired_hierarchical,1,0,0,948c69fa52a0a115,sutR->ydcO,shared_complete_observation_shared_scores,maximum,prefix,complete,0,5000,0.6,0.0,instrument_error,2151398048,921666314,2151398048,sutR,ydcO,False,identifiable,alpA|basR|btsR|glaR|glrR|nsrR|ptrR|rcdA,5000,-0.2327838245770078,0.00975649596136556,0.9887731271830993,-23.859367697050367,-0.21345344935216687,5636,,,,[],0,,False,True,
csd-20260805_174708,paired_hierarchical,1,0,0,948c69fa52a0a115,trpR->aroH,shared_complete_observation_shared_scores,maximum,prefix,complete,0,5000,0.6,0.0,instrument_error,2151398048,921666314,2151398048,trpR,aroH,False,identifiable,rpoD,5000,-0.21853171864191212,0.016629396059806543,0.9867412075043205,-13.141290150043753,-0.2122887761088867,5636,,,,[],0,,False,True,
csd-20260805_174708,paired_hierarchical,1,0,0,948c69fa52a0a115,trpR->aroL,shared_complete_observation_shared_scores,maximum,prefix,complete,0,5000,0.6,0.0,instrument_error,2151398048,921666314,2151398048,trpR,aroL,False,identifiable,rpoD|tyrR,5000,-0.33996545336725087,0.017404595996139166,1.0807235570520808,-19.533085022063418,-0.30715226567768383,5636,,,,[],0,,False,True,
csd-20260805_174708,paired_hierarchical,1,0,0,948c69fa52a0a115,trpR->aroM,shared_complete_observation_shared_scores,maximum,prefix,complete,0,5000,0.6,0.0,instrument_error,2151398048,921666314,2151398048,trpR,aroM,False,identifiable,rpoD|tyrR,5000,-0.09148561330018744,0.02280940796256773,1.856157184164911,-4.010871893313649,-0.13368200344718909,5636,,,,[],0,,False,True,
csd-20260805_174708,paired_hierarchical,1,0,0,948c69fa52a0a115,trpR->mtr,shared_complete_observation_shared_scores,maximum,prefix,complete,0,5000,0.6,0.0,instrument_error,2151398048,921666314,2151398048,trpR,mtr,False,identifiable,hupA|hupB|ihfA|ihfB|lrp|rpoD|tyrR,5000,-0.07935558635082947,0.016764287441426187,1.0010391196927912,-4.7336092648193375,-0.11259891565746205,5636,,,,[],0,,False,True,
csd-20260805_174708,paired_hierarchical,1,0,0,948c69fa52a0a115,trpR->trpA,shared_complete_observation_shared_scores,maximum,prefix,complete,0,5000,0.6,0.0,instrument_error,2151398048,921666314,2151398048,trpR,trpA,False,identifiable,rpoD,5000,-0.3769908739627458,0.01679080835325051,1.0059896689495407,-22.45221707207233,-0.36435423318005006,5636,,,,[],0,,False,True,
csd-20260805_174708,paired_hierarchical,1,0,0,948c69fa52a0a115,trpR->trpB,shared_complete_observation_shared_scores,maximum,prefix,complete,0,5000,0.6,0.0,instrument_error,2151398048,921666314,2151398048,trpR,trpB,False,identifiable,rpoD,5000,-0.25949710575014817,0.016786543169692865,1.005478652976818,-15.458638692131398,-0.2837966258817562,5636,,,,[],0,,False,True,
csd-20260805_174708,paired_hierarchical,1,0,0,948c69fa52a0a115,trpR->trpC,shared_complete_observation_shared_scores,maximum,prefix,complete,0,5000,0.6,0.0,instrument_error,2151398048,921666314,2151398048,trpR,trpC,False,identifiable,rpoD,5000,-0.2282742561494329,0.018337458340788294,1.1998545196374613,-12.448522140152809,-0.19547827344108315,5636,,,,[],0,,False,True,
csd-20260805_174708,paired_hierarchical,1,0,0,948c69fa52a0a115,trpR->trpD,shared_complete_observation_shared_scores,maximum,prefix,complete,0,5000,0.6,0.0,instrument_error,2151398048,921666314,2151398048,trpR,trpD,False,identifiable,rpoD,5000,-0.20042954356611947,0.022522595806227303,1.8100359358746319,-8.899042778661526,-0.22429657714396536,5636,,,,[],0,,False,True,
csd-20260805_174708,paired_hierarchical,1,0,0,948c69fa52a0a115,trpR->trpE,shared_complete_observation_shared_scores,maximum,prefix,complete,0,5000,0.6,0.0,instrument_error,2151398048,921666314,2151398048,trpR,trpE,False,identifiable,rpoD,5000,-0.2113921422581841,0.021025015271033273,1.577331408055558,-10.054315753550235,-0.21880924851661593,5636,,,,[],0,,False,True,
csd-20260805_174708,paired_hierarchical,1,0,0,948c69fa52a0a115,trpR->trpL,shared_complete_observation_shared_scores,maximum,prefix,complete,0,5000,0.6,0.0,instrument_error,2151398048,921666314,2151398048,trpR,trpL,False,identifiable,rpoD,5000,-0.2155837126031973,0.017212880088740876,1.057200592695815,-12.52455785968165,-0.202888687061117,5636,,,,[],0,,False,True,
csd-20260805_174708,paired_hierarchical,1,0,0,948c69fa52a0a115,trpR->yaiA,shared_complete_observation_shared_scores,maximum,prefix,complete,0,5000,0.6,0.0,instrument_error,2151398048,921666314,2151398048,trpR,yaiA,False,identifiable,rpoD|tyrR,5000,-0.25748656234291445,0.016800202056624865,1.0069681513503426,-15.32639675850679,-0.22067318778747494,5636,,,,[],0,,False,True,
csd-20260805_174708,paired_hierarchical,1,0,0,948c69fa52a0a115,uidR->uidA,shared_complete_observation_shared_scores,maximum,prefix,complete,0,5000,0.6,0.0,instrument_error,2151398048,921666314,2151398048,uidR,uidA,False,identifiable,crp|rpoD|uxuR,5000,-0.19184882670207576,0.023262918789861673,2.4904657987406393,-8.24698003011068,-0.18030045481230608,5636,,,,[],0,,False,True,
csd-20260805_174708,paired_hierarchical,1,0,0,948c69fa52a0a115,uidR->uidB,shared_complete_observation_shared_scores,maximum,prefix,complete,0,5000,0.6,0.0,instrument_error,2151398048,921666314,2151398048,uidR,uidB,False,identifiable,crp|rpoD|uxuR,5000,-0.23165687982777286,0.015457569150161044,1.0995995890420625,-14.986630664716085,-0.2250632285942509,5636,,,,[],0,,False,True,
csd-20260805_174708,paired_hierarchical,1,0,0,948c69fa52a0a115,uidR->uidC,shared_complete_observation_shared_scores,maximum,prefix,complete,0,5000,0.6,0.0,instrument_error,2151398048,921666314,2151398048,uidR,uidC,False,identifiable,crp|rpoD|uxuR,5000,-0.19442961032898404,0.014976358673811398,1.0322018616143827,-12.982435488072003,-0.21363879208099693,5636,,,,[],0,,False,True,
csd-20260805_174708,paired_hierarchical,1,0,0,948c69fa52a0a115,rtcR->rtcA,shared_complete_observation_shared_scores,maximum,prefix,complete,0,5000,0.6,0.0,instrument_error,2151398048,921666314,2151398048,rtcR,rtcA,False,identifiable,ihfA|ihfB|rpoN,5000,0.09268673361281345,0.015229901399983696,1.4574775607944297,6.085839374699607,0.16684397581054358,5636,,,,[],0,,False,True,
csd-20260805_174708,paired_hierarchical,1,0,0,948c69fa52a0a115,rtcR->rtcB,shared_complete_observation_shared_scores,maximum,prefix,complete,0,5000,0.6,0.0,instrument_error,2151398048,921666314,2151398048,rtcR,rtcB,False,identifiable,ihfA|ihfB|rpoN,5000,0.04238857599646826,0.016784901937738902,1.7702936452906877,2.525399085064803,0.1183867807868869,5636,,,,[],0,,False,True,
csd-20260805_174708,paired_hierarchical,1,0,0,948c69fa52a0a115,selB->selA,shared_complete_observation_shared_scores,maximum,prefix,complete,0,5000,0.6,0.0,instrument_error,2151398048,921666314,2151398048,selB,selA,False,identifiable,,5000,-0.19496456917081742,0.016983997997910675,1.2854941131372934,-11.479309476767568,-0.16097767843675112,5636,,,,[],0,,False,True,
csd-20260805_174708,paired_hierarchical,1,0,0,948c69fa52a0a115,srmB->rplM,shared_complete_observation_shared_scores,maximum,prefix,complete,0,5000,0.6,0.0,instrument_error,2151398048,921666314,2151398048,srmB,rplM,False,identifiable,crp|dksA|fis|fnr,5000,0.12617117029870006,0.010602977799633394,0.7506244479851938,11.899597705756069,0.1462920555842279,5636,,,,[],0,,False,True,
csd-20260805_174708,paired_hierarchical,1,0,0,948c69fa52a0a115,srmB->rpsI,shared_complete_observation_shared_scores,maximum,prefix,complete,0,5000,0.6,0.0,instrument_error,2151398048,921666314,2151398048,srmB,rpsI,False,identifiable,crp|dksA|fis|fnr,5000,0.3133384299507119,0.01317736770710302,1.1593760667437853,23.77852974246234,0.3576734012290553,5636,,,,[],0,,False,True,
csd-20260805_174708,paired_hierarchical,1,0,0,948c69fa52a0a115,ulaR->ulaA,shared_complete_observation_shared_scores,maximum,prefix,complete,0,5000,0.6,0.0,instrument_error,2151398048,921666314,2151398048,ulaR,ulaA,False,identifiable,crp|ihfA|ihfB|rpoD,5000,-0.16024741712631557,0.021470833046967258,2.5889526178719535,-7.463493231761235,-0.12979681308612395,5636,,,,[],0,,False,True,
csd-20260805_174708,paired_hierarchical,1,0,0,948c69fa52a0a115,ulaR->ulaB,shared_complete_observation_shared_scores,maximum,prefix,complete,0,5000,0.6,0.0,instrument_error,2151398048,921666314,2151398048,ulaR,ulaB,False,identifiable,crp|ihfA|ihfB|rpoD,5000,-0.21356981586371623,0.01363756129935111,1.0444790747867574,-15.660411064394491,-0.1909258453966478,5636,,,,[],0,,False,True,
csd-20260805_174708,paired_hierarchical,1,0,0,948c69fa52a0a115,ulaR->ulaC,shared_complete_observation_shared_scores,maximum,prefix,complete,0,5000,0.6,0.0,instrument_error,2151398048,921666314,2151398048,ulaR,ulaC,False,identifiable,crp|ihfA|ihfB|rpoD,5000,-0.18611876957833337,0.014658454538697973,1.2067093593535747,-12.697025398344977,-0.2117557141800997,5636,,,,[],0,,False,True,
csd-20260805_174708,paired_hierarchical,1,0,0,948c69fa52a0a115,ulaR->ulaD,shared_complete_observation_shared_scores,maximum,prefix,complete,0,5000,0.6,0.0,instrument_error,2151398048,921666314,2151398048,ulaR,ulaD,False,identifiable,crp|ihfA|ihfB|rpoD,5000,-0.1508696694883482,0.013678452246201312,1.0507520099492993,-11.029732514528222,-0.1440112864859854,5636,,,,[],0,,False,True,
csd-20260805_174708,paired_hierarchical,1,0,0,948c69fa52a0a115,ulaR->ulaE,shared_complete_observation_shared_scores,maximum,prefix,complete,0,5000,0.6,0.0,instrument_error,2151398048,921666314,2151398048,ulaR,ulaE,False,identifiable,crp|ihfA|ihfB|rpoD,5000,-0.19474068492342572,0.013395687886272552,1.0077582275443384,-14.537565116233367,-0.18334869431363832,5636,,,,[],0,,False,True,
csd-20260805_174708,paired_hierarchical,1,0,0,948c69fa52a0a115,ulaR->ulaF,shared_complete_observation_shared_scores,maximum,prefix,complete,0,5000,0.6,0.0,instrument_error,2151398048,921666314,2151398048,ulaR,ulaF,False,identifiable,crp|ihfA|ihfB|rpoD,5000,-0.40110034844424125,0.016062955092297694,1.4490294183874106,-24.970520439079845,-0.40708263374174863,5636,,,,[],0,,False,True,
csd-20260805_174708,paired_hierarchical,1,0,0,948c69fa52a0a115,ulaR->ulaG,shared_complete_observation_shared_scores,maximum,prefix,complete,0,5000,0.6,0.0,instrument_error,2151398048,921666314,2151398048,ulaR,ulaG,False,identifiable,ihfA|ihfB,5000,-0.12011568063635558,0.013731961871167594,1.0858180973419551,-8.747160949271006,-0.10404543839728615,5636,,,,[],0,,False,True,
csd-20260805_174708,paired_hierarchical,1,0,0,948c69fa52a0a115,ycjW->ompG,shared_complete_observation_shared_scores,maximum,prefix,complete,0,5000,0.6,0.0,instrument_error,2151398048,921666314,2151398048,ycjW,ompG,False,identifiable,,5000,-0.36030357644844757,0.0133381588198953,1.3960131064189396,-27.012991921419918,-0.20584891962337373,5636,,,,[],0,,False,True,
csd-20260805_174708,paired_hierarchical,1,0,0,948c69fa52a0a115,ycjW->ycjM,shared_complete_observation_shared_scores,maximum,prefix,complete,0,5000,0.6,0.0,instrument_error,2151398048,921666314,2151398048,ycjW,ycjM,False,identifiable,,5000,-0.3299456394374145,0.01136566059449736,1.0136478246087999,-29.030045081335295,-0.3431954171340368,5636,,,,[],0,,False,True,
csd-20260805_174708,paired_hierarchical,1,0,0,948c69fa52a0a115,ycjW->ycjN,shared_complete_observation_shared_scores,maximum,prefix,complete,0,5000,0.6,0.0,instrument_error,2151398048,921666314,2151398048,ycjW,ycjN,False,identifiable,,5000,-0.12606953910773303,0.011511211420412506,1.0397759976509742,-10.95189155193323,-0.12490110768761815,5636,,,,[],0,,False,True,
csd-20260805_174708,paired_hierarchical,1,0,0,948c69fa52a0a115,ycjW->ycjO,shared_complete_observation_shared_scores,maximum,prefix,complete,0,5000,0.6,0.0,instrument_error,2151398048,921666314,2151398048,ycjW,ycjO,False,identifiable,,5000,0.058592764466328745,0.016715099311425653,2.192379080987175,3.505379380323364,-0.18993972680315088,5636,,,,[],0,,False,True,
csd-20260805_174708,paired_hierarchical,1,0,0,948c69fa52a0a115,ycjW->ycjP,shared_complete_observation_shared_scores,maximum,prefix,complete,0,5000,0.6,0.0,instrument_error,2151398048,921666314,2151398048,ycjW,ycjP,False,identifiable,glaR,5000,-0.25661786555494764,0.013435041093793888,1.4046603388601568,-19.100638677874112,-0.145611630544298,5636,,,,[],0,,False,True,
csd-20260805_174708,paired_hierarchical,1,0,0,948c69fa52a0a115,ycjW->ycjQ,shared_complete_observation_shared_scores,maximum,prefix,complete,0,5000,0.6,0.0,instrument_error,2151398048,921666314,2151398048,ycjW,ycjQ,False,identifiable,,5000,-0.293568903374687,0.012401717127829488,1.2068724388561258,-23.67163356080083,-0.3833890643503591,5636,,,,[],0,,False,True,
csd-20260805_174708,paired_hierarchical,1,0,0,948c69fa52a0a115,ycjW->ycjR,shared_complete_observation_shared_scores,maximum,prefix,complete,0,5000,0.6,0.0,instrument_error,2151398048,921666314,2151398048,ycjW,ycjR,False,identifiable,,5000,-0.06090943950232347,0.016636168082234327,2.171722476438219,-3.6612661762757934,-0.1491555757010197,5636,,,,[],0,,False,True,
csd-20260805_174708,paired_hierarchical,1,0,0,948c69fa52a0a115,ycjW->ycjS,shared_complete_observation_shared_scores,maximum,prefix,complete,0,5000,0.6,0.0,instrument_error,2151398048,921666314,2151398048,ycjW,ycjS,False,identifiable,,5000,-0.0959683502871743,0.012336643216491772,1.194240339016996,-7.77912991427706,-0.14885977886452365,5636,,,,[],0,,False,True,
csd-20260805_174708,paired_hierarchical,1,0,0,948c69fa52a0a115,ycjW->ycjT,shared_complete_observation_shared_scores,maximum,prefix,complete,0,5000,0.6,0.0,instrument_error,2151398048,921666314,2151398048,ycjW,ycjT,False,identifiable,,5000,-0.27547789882441176,0.013247874172745408,1.3771781260698859,-20.794121021404855,-0.2011977689969318,5636,,,,[],0,,False,True,
csd-20260805_174708,paired_hierarchical,1,0,0,948c69fa52a0a115,ycjW->ycjU,shared_complete_observation_shared_scores,maximum,prefix,complete,0,5000,0.6,0.0,instrument_error,2151398048,921666314,2151398048,ycjW,ycjU,False,identifiable,,5000,-0.40127379849192246,0.011081759941208627,0.9636408521981138,-36.21029517159508,-0.38703833313797575,5636,,,,[],0,,False,True,
csd-20260805_174708,paired_hierarchical,1,0,0,948c69fa52a0a115,ycjW->ycjV,shared_complete_observation_shared_scores,maximum,prefix,complete,0,5000,0.6,0.0,instrument_error,2151398048,921666314,2151398048,ycjW,ycjV,False,identifiable,,5000,-0.25549391948638717,0.011942603738204853,1.1191692571020972,-21.393485464903453,-0.2739586449583172,5636,,,,[],0,,False,True,
csd-20260805_174708,paired_hierarchical,1,0,0,948c69fa52a0a115,yfeC->hybE,shared_complete_observation_shared_scores,maximum,prefix,complete,0,5000,0.6,0.0,instrument_error,2151398048,921666314,2151398048,yfeC,hybE,False,identifiable,arcA|narL|rpoD,5000,-0.3137423157660105,0.011715577416738617,0.9992002253267485,-26.7799276643208,-0.31097942580458093,5636,,,,[],0,,False,True,
csd-20260805_174708,paired_hierarchical,1,0,0,948c69fa52a0a115,yfeC->rpmB,shared_complete_observation_shared_scores,maximum,prefix,complete,0,5000,0.6,0.0,instrument_error,2151398048,921666314,2151398048,yfeC,rpmB,False,identifiable,dksA,5000,-0.23286745599182695,0.011854232235558471,1.0311132645164771,-19.64424615314247,-0.21700253164581407,5636,,,,[],0,,False,True,
csd-20260805_174708,paired_hierarchical,1,0,0,948c69fa52a0a115,yfeC->rpmH,shared_complete_observation_shared_scores,maximum,prefix,complete,0,5000,0.6,0.0,instrument_error,2151398048,921666314,2151398048,yfeC,rpmH,False,identifiable,nac,5000,-0.2873740266329292,0.013434098852496164,1.3241277529579705,-21.3913884204844,-0.27167725253726827,5636,,,,[],0,,False,True,
csd-20260805_174708,paired_hierarchical,1,0,0,948c69fa52a0a115,yfeC->rpsU,shared_complete_observation_shared_scores,maximum,prefix,complete,0,5000,0.6,0.0,instrument_error,2151398048,921666314,2151398048,yfeC,rpsU,False,identifiable,dksA|lexA|rpoD,5000,-0.24333787427631706,0.012137874280555237,1.07103600704094,-20.047816335199823,-0.24113170132094003,5636,,,,[],0,,False,True,
csd-20260805_174708,paired_hierarchical,1,0,0,948c69fa52a0a115,yfeC->ygdR,shared_complete_observation_shared_scores,maximum,prefix,complete,0,5000,0.6,0.0,instrument_error,2151398048,921666314,2151398048,yfeC,ygdR,False,identifiable,nac,5000,-0.12627512211906444,0.014588505172799913,1.5614727024742108,-8.655795821665324,-0.13169885039794985,5636,,,,[],0,,False,True,
csd-20260805_174708,paired_hierarchical,1,0,0,948c69fa52a0a115,ygbI->ygbJ,shared_complete_observation_shared_scores,maximum,prefix,complete,0,5000,0.6,0.0,instrument_error,2151398048,921666314,2151398048,ygbI,ygbJ,False,identifiable,,5000,-0.2905292641155807,0.01363623836064677,1.2195748629472398,-21.305675101282173,-0.33886597673568275,5636,,,,[],0,,False,True,
csd-20260805_174708,paired_hierarchical,1,0,0,948c69fa52a0a115,ygbI->ygbK,shared_complete_observation_shared_scores,maximum,prefix,complete,0,5000,0.6,0.0,instrument_error,2151398048,921666314,2151398048,ygbI,ygbK,False,identifiable,flhC|flhD|fliA,5000,-0.14338913565819242,0.012469656178307201,0.9950670452021838,-11.499044849980617,-0.14929504227054538,5636,,,,[],0,,False,True,
csd-20260805_174708,paired_hierarchical,1,0,0,948c69fa52a0a115,yhaJ->bssS,shared_complete_observation_shared_scores,maximum,prefix,complete,0,5000,0.6,0.0,instrument_error,2151398048,921666314,2151398048,yhaJ,bssS,False,identifiable,glaR|lrp|nac|rpoD|rpoH,5000,0.11629076232218699,0.0111044541651668,0.9875716772137629,10.472442912770598,0.11844044159087293,5636,,,,[],0,,False,True,
csd-20260805_174708,paired_hierarchical,1,0,0,948c69fa52a0a115,yhaJ->ybiJ,shared_complete_observation_shared_scores,maximum,prefix,complete,0,5000,0.6,0.0,instrument_error,2151398048,921666314,2151398048,yhaJ,ybiJ,False,identifiable,lrp,5000,0.5451225492216323,0.011446088074910111,1.1068959692083895,47.62522755844802,0.5197685200987585,5636,,,,[],0,,False,True,
csd-20260805_174708,paired_hierarchical,1,0,0,948c69fa52a0a115,yhaJ->ygiD,shared_complete_observation_shared_scores,maximum,prefix,complete,0,5000,0.6,0.0,instrument_error,2151398048,921666314,2151398048,yhaJ,ygiD,False,identifiable,,5000,0.15159914363219007,0.011174045098404138,1.0564122618142056,13.567078197477587,0.16387166911211803,5636,,,,[],0,,False,True,
csd-20260805_174708,paired_hierarchical,1,0,0,948c69fa52a0a115,yhaJ->yhaK,shared_complete_observation_shared_scores,maximum,prefix,complete,0,5000,0.6,0.0,instrument_error,2151398048,921666314,2151398048,yhaJ,yhaK,False,identifiable,,5000,0.24946810539528735,0.012759586661862141,1.3774815976287957,19.551425293496134,0.2017117745398063,5636,,,,[],0,,False,True,
csd-20260805_174708,paired_hierarchical,1,0,0,948c69fa52a0a115,yhaJ->yhaL,shared_complete_observation_shared_scores,maximum,prefix,complete,0,5000,0.6,0.0,instrument_error,2151398048,921666314,2151398048,yhaJ,yhaL,False,identifiable,,5000,0.2846264160709005,0.013526789723404101,1.5481109109858147,21.041682608434346,0.26317324912741336,5636,,,,[],0,,False,True,
csd-20260805_174708,paired_hierarchical,1,0,0,948c69fa52a0a115,yhaJ->yhhW,shared_complete_observation_shared_scores,maximum,prefix,complete,0,5000,0.6,0.0,instrument_error,2151398048,921666314,2151398048,yhaJ,yhhW,False,identifiable,lrp,5000,0.27708137132641486,0.013746784938469358,1.5965955556063867,20.156085409543522,0.18988578149216181,5636,,,,[],0,,False,True,
csd-20260805_174708,paired_hierarchical,1,0,0,948c69fa52a0a115,yhaJ->yqjF,shared_complete_observation_shared_scores,maximum,prefix,complete,0,5000,0.6,0.0,instrument_error,2151398048,921666314,2151398048,yhaJ,yqjF,False,identifiable,,5000,0.4225733825004323,0.011218290255326956,1.0647948421281022,37.66825183541451,0.4405137520164058,5636,,,,[],0,,False,True,
csd-20260805_174708,paired_hierarchical,1,0,0,948c69fa52a0a115,yiaU->adeP,shared_complete_observation_shared_scores,maximum,prefix,complete,0,5000,0.6,0.0,instrument_error,2151398048,921666314,2151398048,yiaU,adeP,False,identifiable,,5000,0.13064884279943562,0.013399174209091664,0.9925613682395701,9.75051452878247,0.14902695242339417,5636,,,,[],0,,False,True,
csd-20260805_174708,paired_hierarchical,1,0,0,948c69fa52a0a115,yiaU->gltD,shared_complete_observation_shared_scores,maximum,prefix,complete,0,5000,0.6,0.0,instrument_error,2151398048,921666314,2151398048,yiaU,gltD,False,identifiable,adiY|argR|crp|fnr|fur|gadE|hdfR|ihfA|ihfB|lrp|nac|rpoD|rpoS,5000,0.2554517146647018,0.01453019794308205,1.1085805229811396,17.580745676374253,0.2301145542053682,5636,,,,[],0,,False,True,
csd-20260805_174708,paired_hierarchical,1,0,0,948c69fa52a0a115,yiaU->waaP,shared_complete_observation_shared_scores,maximum,prefix,complete,0,5000,0.6,0.0,instrument_error,2151398048,921666314,2151398048,yiaU,waaP,False,identifiable,rpoD,5000,0.20263531799567158,0.013888259776197023,1.0220960869859943,14.590403784278763,0.19897633337006249,5636,,,,[],0,,False,True,
csd-20260805_174708,paired_hierarchical,1,0,0,948c69fa52a0a115,yiaU->yiaT,shared_complete_observation_shared_scores,maximum,prefix,complete,0,5000,0.6,0.0,instrument_error,2151398048,921666314,2151398048,yiaU,yiaT,False,identifiable,,5000,0.3382713455913257,0.013757397825949123,1.0463425651565375,24.588323305827522,0.39431081562745973,5636,,,,[],0,,False,True,
csd-20260805_174708,paired_hierarchical,1,0,0,948c69fa52a0a115,yiaU->yiaV,shared_complete_observation_shared_scores,maximum,prefix,complete,0,5000,0.6,0.0,instrument_error,2151398048,921666314,2151398048,yiaU,yiaV,False,identifiable,,5000,0.3590229031153824,0.014576438062848522,1.1746382095930483,24.63035904707314,0.2860913323279619,5636,,,,[],0,,False,True,
csd-20260805_174708,paired_hierarchical,1,0,0,948c69fa52a0a115,yiaU->yiaW,shared_complete_observation_shared_scores,maximum,prefix,complete,0,5000,0.6,0.0,instrument_error,2151398048,921666314,2151398048,yiaU,yiaW,False,identifiable,,5000,0.2542300611191377,0.015200192706342716,1.2773193416368562,16.725449869662043,0.2581357511230842,5636,,,,[],0,,False,True,
csd-20260805_174708,paired_hierarchical,1,0,0,948c69fa52a0a115,yidZ->malE,shared_complete_observation_shared_scores,maximum,prefix,complete,0,5000,0.6,0.0,instrument_error,2151398048,921666314,2151398048,yidZ,malE,False,identifiable,creB|crp|fis|hns|malT|ompR|rpoD|stpA,5000,-0.30269247242181463,0.014351494811984519,1.0928679962562693,-21.091355039131177,-0.3254444397370829,5636,,,,[],0,,False,True,
csd-20260805_174708,paired_hierarchical,1,0,0,948c69fa52a0a115,yidZ->ppiC,shared_complete_observation_shared_scores,maximum,prefix,complete,0,5000,0.6,0.0,instrument_error,2151398048,921666314,2151398048,yidZ,ppiC,False,identifiable,,5000,-0.3916493803961881,0.014306948180139984,1.2530054997245952,-27.374767523087236,-0.37160208888018614,5636,,,,[],0,,False,True,
csd-20260805_174708,paired_hierarchical,1,0,0,948c69fa52a0a115,yidZ->rbsD,shared_complete_observation_shared_scores,maximum,prefix,complete,0,5000,0.6,0.0,instrument_error,2151398048,921666314,2151398048,yidZ,rbsD,False,identifiable,crp|rbsR|rpoD,5000,-0.39553572217709276,0.01615609483590517,1.390174413896869,-24.48213669172438,-0.43142435546567925,5636,,,,[],0,,False,True,
csd-20260805_174708,paired_hierarchical,1,0,0,948c69fa52a0a115,yidZ->rof,shared_complete_observation_shared_scores,maximum,prefix,complete,0,5000,0.6,0.0,instrument_error,2151398048,921666314,2151398048,yidZ,rof,False,identifiable,crp,5000,-0.3545815503091911,0.012838647200623264,0.9848455278111831,-27.618295352175235,-0.35607902048976336,5636,,,,[],0,,False,True,
csd-20260805_174708,paired_hierarchical,1,0,0,948c69fa52a0a115,yrdG->mscL,shared_complete_observation_shared_scores,maximum,prefix,complete,0,5000,0.6,0.0,instrument_error,2151398048,921666314,2151398048,yrdG,mscL,False,identifiable,nac,5000,-0.14498976873522262,0.012006109816430917,1.1270479805120956,-12.076332046938086,-0.1336520863235557,5636,,,,[],0,,False,True,
csd-20260805_174708,paired_hierarchical,1,0,0,948c69fa52a0a115,zur->pliG,shared_complete_observation_shared_scores,maximum,prefix,complete,0,5000,0.6,0.0,instrument_error,2151398048,921666314,2151398048,zur,pliG,False,identifiable,glaR,5000,-0.5086774932352849,0.016481587462086215,1.4778916260885777,-30.86337978094843,-0.45844989218522814,5636,,,,[],0,,False,True,
csd-20260805_174708,paired_hierarchical,1,0,0,948c69fa52a0a115,zur->ykgM,shared_complete_observation_shared_scores,maximum,prefix,complete,0,5000,0.6,0.0,instrument_error,2151398048,921666314,2151398048,zur,ykgM,False,identifiable,rpoD,5000,-0.6370874364129492,0.013606643864167031,1.0098640430567292,-46.82179108771363,-0.6445572222386516,5636,,,,[],0,,False,True,
csd-20260805_174708,paired_hierarchical,1,0,0,948c69fa52a0a115,zur->ykgO,shared_complete_observation_shared_scores,maximum,prefix,complete,0,5000,0.6,0.0,instrument_error,2151398048,921666314,2151398048,zur,ykgO,False,identifiable,rpoD,5000,-0.5468846824176801,0.016505560423521665,1.4860089426350076,-33.13336041824598,-0.5700709165836766,5636,,,,[],0,,False,True,
csd-20260805_174708,paired_hierarchical,1,0,0,948c69fa52a0a115,zur->zinT,shared_complete_observation_shared_scores,maximum,prefix,complete,0,5000,0.6,0.0,instrument_error,2151398048,921666314,2151398048,zur,zinT,False,identifiable,fur|oxyR|rpoD|soxS,5000,-0.14301843017657828,0.014128263640743733,1.0886550750515183,-10.12285966720887,-0.15586004381049673,5636,,,,[],0,,False,True,
csd-20260805_174708,paired_hierarchical,1,0,0,948c69fa52a0a115,zur->znuA,shared_complete_observation_shared_scores,maximum,prefix,complete,0,5000,0.6,0.0,instrument_error,2151398048,921666314,2151398048,zur,znuA,False,identifiable,nac|ompR|oxyR|rpoS,5000,-0.4765205882026736,0.013489222994574397,0.9914453803061525,-35.32602199506514,-0.49123427643591716,5636,,,,[],0,,False,True,
csd-20260805_174708,paired_hierarchical,1,0,0,948c69fa52a0a115,zur->znuB,shared_complete_observation_shared_scores,maximum,prefix,complete,0,5000,0.6,0.0,instrument_error,2151398048,921666314,2151398048,zur,znuB,False,identifiable,oxyR|rpoD,5000,-0.21091378780148728,0.013869961040791303,1.0493056034913968,-15.206516239028623,-0.1948489922970482,5636,,,,[],0,,False,True,
csd-20260805_174708,paired_hierarchical,1,0,0,948c69fa52a0a115,zur->znuC,shared_complete_observation_shared_scores,maximum,prefix,complete,0,5000,0.6,0.0,instrument_error,2151398048,921666314,2151398048,zur,znuC,False,identifiable,oxyR|rpoD,5000,-0.09053339177197003,0.02140496332882774,2.4990818821584697,-4.229551360643614,-0.13545687641051607,5636,,,,[],0,,False,True,
