experiment_id,design_mode,seed_schema_version,scm_replicate_id,data_replicate_id,parameter_condition_id,target_effect_id,pairing_scope,sample_parent_id,sample_selection_rule,run_status,trial,n_samples,missing_edge_rate,missing_data_rate,missing_data_mechanism,seed,scm_seed,data_seed,cause,effect,same_scc,status,adjustment_set,n_rows_used,estimated_path_coefficient,stderr,residual_variance,t_value,ground_truth_beta,scm_true_missing_edges_count,error,intervention_id,intervention_set_index,intervention_genes,intervention_n_genes,intervention_semantics,target_removed,target_present_in_intervened_graph,recovery_status
csd-20260805_174708,paired_hierarchical,1,0,0,9769808dfe284056,aaeR->aaeA,shared_complete_observation_shared_scores,maximum,prefix,complete,0,100,0.2,0.9,biological_error,2151398048,921666314,2151398048,aaeR,aaeA,False,identifiable,crp,100,-0.0005912502839215909,0.17131356034451228,0.11557918455818751,-0.0034512754433016516,0.09136083378380261,1755,,,,[],0,,False,True,
csd-20260805_174708,paired_hierarchical,1,0,0,9769808dfe284056,aaeR->aaeB,shared_complete_observation_shared_scores,maximum,prefix,complete,0,100,0.2,0.9,biological_error,2151398048,921666314,2151398048,aaeR,aaeB,False,identifiable,crp,100,-0.5612473318886942,0.15850799133353752,0.09894605173176794,-3.540814107647733,0.23425431595574991,1755,,,,[],0,,False,True,
csd-20260805_174708,paired_hierarchical,1,0,0,9769808dfe284056,aaeR->aaeX,shared_complete_observation_shared_scores,maximum,prefix,complete,0,100,0.2,0.9,biological_error,2151398048,921666314,2151398048,aaeR,aaeX,False,identifiable,crp,100,-0.009680731834765081,0.15968088374564485,0.10041578766431168,-0.06062549008800256,0.12890444495079764,1755,,,,[],0,,False,True,
csd-20260805_174708,paired_hierarchical,1,0,0,9769808dfe284056,accB->accC,shared_complete_observation_shared_scores,maximum,prefix,complete,0,100,0.2,0.9,biological_error,2151398048,921666314,2151398048,accB,accC,False,identifiable,fadR|rpoD,100,-0.030038036525913164,0.3205115954703318,0.08014473727551018,-0.09371903216741385,-0.15865914514722848,1755,,,,[],0,,False,True,
csd-20260805_174708,paired_hierarchical,1,0,0,9769808dfe284056,marA->ariR,shared_complete_observation_shared_scores,maximum,prefix,complete,0,100,0.2,0.9,biological_error,2151398048,921666314,2151398048,marA,ariR,False,identifiable,acrR|bluR|cpxR|cra|crp|cysB|fis|nac|ompR|rpoD|rpoS|soxS,100,0.029141153940153198,0.05883996751108015,0.09320662151962175,0.49526121738027185,0.08663955026268437,1755,,,,[],0,,False,True,
csd-20260805_174708,paired_hierarchical,1,0,0,9769808dfe284056,marA->dctR,shared_complete_observation_shared_scores,maximum,prefix,complete,0,100,0.2,0.9,biological_error,2151398048,921666314,2151398048,marA,dctR,False,identifiable,acrR|cpxR|cra|crp|fis|gadE|gadW|gadX|glaR|hns|nac|ompR|rcsB|rpoD|soxS|ydeO,100,-0.009188702562189455,0.07939776755865251,0.149686152483932,-0.11572998643068397,-0.08684249256458253,1755,,,,[],0,,False,True,
csd-20260805_174708,paired_hierarchical,1,0,0,9769808dfe284056,marA->decR,shared_complete_observation_shared_scores,maximum,prefix,complete,0,100,0.2,0.9,biological_error,2151398048,921666314,2151398048,marA,decR,False,identifiable,acrR|cpxR|cra|crp|fis|nac|ompR|rpoD|soxS,100,0.06549924336829649,0.06887114366423752,0.1277419341586308,0.9510404486328874,0.28425719433768626,1755,,,,[],0,,False,True,
csd-20260805_174708,paired_hierarchical,1,0,0,9769808dfe284056,marA->fpr,shared_complete_observation_shared_scores,maximum,prefix,complete,0,100,0.2,0.9,biological_error,2151398048,921666314,2151398048,marA,fpr,False,identifiable,acrR|cpxR|cra|crp|fis|nac|ompR|rpoD|soxS,100,-0.12430230969897682,0.06844162273825176,0.12615355513924278,-1.8161800484240234,0.2706926198223171,1755,,,,[],0,,False,True,
csd-20260805_174708,paired_hierarchical,1,0,0,9769808dfe284056,marA->hdeA,shared_complete_observation_shared_scores,maximum,prefix,complete,0,100,0.2,0.9,biological_error,2151398048,921666314,2151398048,marA,hdeA,False,identifiable,acrR|cpxR|cra|crp|fis|fliZ|gadE|gadW|gadX|hns|lrp|nac|ompR|phoP|rcsB|rpoD|rpoS|soxS|torR,100,-0.2719561608642614,0.1980571408102124,0.9768662976427585,-1.3731196954158926,-0.13269486455133045,1755,,,,[],0,,False,True,
csd-20260805_174708,paired_hierarchical,1,0,0,9769808dfe284056,marA->hdeB,shared_complete_observation_shared_scores,maximum,prefix,complete,0,100,0.2,0.9,biological_error,2151398048,921666314,2151398048,marA,hdeB,False,identifiable,acrR|cpxR|cra|crp|fis|fliZ|gadE|gadW|gadX|hns|lrp|nac|ompR|phoP|rcsB|rpoD|rpoS|soxS|torR,100,-0.16117202359971505,0.10091798927327716,0.253624552560281,-1.597059401998936,-0.30074370893587604,1755,,,,[],0,,False,True,
csd-20260805_174708,paired_hierarchical,1,0,0,9769808dfe284056,marA->lacA,shared_complete_observation_shared_scores,maximum,prefix,complete,0,100,0.2,0.9,biological_error,2151398048,921666314,2151398048,marA,lacA,False,identifiable,acrR|cpxR|cra|crp|fis|hns|lacI|nac|ompR|rpoD|soxS,100,0.07686823440065728,0.08966989007997042,0.21627087323149172,0.8572357380175639,-0.5624259003990886,1755,,,,[],0,,False,True,
csd-20260805_174708,paired_hierarchical,1,0,0,9769808dfe284056,marA->lacY,shared_complete_observation_shared_scores,maximum,prefix,complete,0,100,0.2,0.9,biological_error,2151398048,921666314,2151398048,marA,lacY,False,identifiable,acrR|cpxR|cra|crp|fis|hns|lacI|nac|ompR|rpoD|soxS,100,-0.03398208214919051,0.06983087893132135,0.13115950704105933,-0.4866340316668773,-0.3022369821528784,1755,,,,[],0,,False,True,
csd-20260805_174708,paired_hierarchical,1,0,0,9769808dfe284056,marA->lacZ,shared_complete_observation_shared_scores,maximum,prefix,complete,0,100,0.2,0.9,biological_error,2151398048,921666314,2151398048,marA,lacZ,False,identifiable,acrR|cpxR|cra|crp|fis|hns|lacI|nac|ompR|rpoD|soxS,100,-0.05287756905711195,0.0879112901781609,0.207871077175092,-0.6014878060593849,-0.22345879114090772,1755,,,,[],0,,False,True,
csd-20260805_174708,paired_hierarchical,1,0,0,9769808dfe284056,marA->mlaB,shared_complete_observation_shared_scores,maximum,prefix,complete,0,100,0.2,0.9,biological_error,2151398048,921666314,2151398048,marA,mlaB,False,identifiable,acrR|cpxR|cra|crp|fis|nac|ompR|rpoD|soxS,100,0.06165189352505387,0.06477320147095018,0.11299250158266211,0.951811738882535,0.16614743535709076,1755,,,,[],0,,False,True,
csd-20260805_174708,paired_hierarchical,1,0,0,9769808dfe284056,marA->mlaC,shared_complete_observation_shared_scores,maximum,prefix,complete,0,100,0.2,0.9,biological_error,2151398048,921666314,2151398048,marA,mlaC,False,identifiable,acrR|cpxR|cra|crp|fis|nac|ompR|rpoD|soxS,100,0.1113593617254029,0.09810872226137507,0.25922336091627196,1.1350607688960244,0.18915356734741418,1755,,,,[],0,,False,True,
csd-20260805_174708,paired_hierarchical,1,0,0,9769808dfe284056,marA->mlaD,shared_complete_observation_shared_scores,maximum,prefix,complete,0,100,0.2,0.9,biological_error,2151398048,921666314,2151398048,marA,mlaD,False,identifiable,acrR|cpxR|cra|crp|fis|nac|ompR|rpoD|soxS,100,0.003506665048642577,0.0611885512176682,0.1008321989959587,0.057309169425636394,0.17478528555641273,1755,,,,[],0,,False,True,
csd-20260805_174708,paired_hierarchical,1,0,0,9769808dfe284056,marA->mlaE,shared_complete_observation_shared_scores,maximum,prefix,complete,0,100,0.2,0.9,biological_error,2151398048,921666314,2151398048,marA,mlaE,False,identifiable,acrR|cpxR|cra|crp|fis|nac|ompR|rpoD|soxS,100,-0.023472530594594324,0.07911360907650661,0.16856262732454835,-0.29669396793534314,0.15903820351462275,1755,,,,[],0,,False,True,
csd-20260805_174708,paired_hierarchical,1,0,0,9769808dfe284056,marA->mlaF,shared_complete_observation_shared_scores,maximum,prefix,complete,0,100,0.2,0.9,biological_error,2151398048,921666314,2151398048,marA,mlaF,False,identifiable,acrR|cpxR|cra|crp|fis|nac|ompR|rpoD|soxS,100,0.06108129295296562,0.07724907513650756,0.16071095244343836,0.7907058155068951,0.40331616963312067,1755,,,,[],0,,False,True,
csd-20260805_174708,paired_hierarchical,1,0,0,9769808dfe284056,marA->poxB,shared_complete_observation_shared_scores,maximum,prefix,complete,0,100,0.2,0.9,biological_error,2151398048,921666314,2151398048,marA,poxB,False,identifiable,acrR|cpxR|cra|crp|fis|fnr|nac|narL|narP|nsrR|ompR|oxyR|rpoD|rpoS|soxS,100,-0.015791895942512863,0.0661846939813209,0.11272221599800751,-0.2386034442792734,0.20147199163079718,1755,,,,[],0,,False,True,
csd-20260805_174708,paired_hierarchical,1,0,0,9769808dfe284056,marA->pqiA,shared_complete_observation_shared_scores,maximum,prefix,complete,0,100,0.2,0.9,biological_error,2151398048,921666314,2151398048,marA,pqiA,False,identifiable,acrR|cpxR|cra|crp|fis|nac|ompR|rpoD|rpoS|soxS,100,-0.006768166950170351,0.07367444998295648,0.14617222114402106,-0.09186586329095187,0.16322518077939543,1755,,,,[],0,,False,True,
csd-20260805_174708,paired_hierarchical,1,0,0,9769808dfe284056,marA->pqiB,shared_complete_observation_shared_scores,maximum,prefix,complete,0,100,0.2,0.9,biological_error,2151398048,921666314,2151398048,marA,pqiB,False,identifiable,acrR|cpxR|cra|crp|fis|nac|ompR|rpoD|rpoS|soxS,100,0.0069807084666653925,0.06343292331439046,0.1083578787188816,0.11004866403629457,0.082177458518046,1755,,,,[],0,,False,True,
csd-20260805_174708,paired_hierarchical,1,0,0,9769808dfe284056,marA->pqiC,shared_complete_observation_shared_scores,maximum,prefix,complete,0,100,0.2,0.9,biological_error,2151398048,921666314,2151398048,marA,pqiC,False,identifiable,acrR|cpxR|cra|crp|fis|nac|ompR|rpoD|rpoS|soxS,100,-0.019290554294481545,0.07018304238841286,0.13264638631797127,-0.2748606164395403,0.31104443823657363,1755,,,,[],0,,False,True,
csd-20260805_174708,paired_hierarchical,1,0,0,9769808dfe284056,marA->purA,shared_complete_observation_shared_scores,maximum,prefix,complete,0,100,0.2,0.9,biological_error,2151398048,921666314,2151398048,marA,purA,False,identifiable,acrR|cpxR|cra|crp|fis|gadE|nac|ompR|purR|rpoD|soxS,100,-0.015108152483441417,0.07053306928914412,0.1316923498841207,-0.21419956108115576,-0.09408332368052821,1755,,,,[],0,,False,True,
csd-20260805_174708,paired_hierarchical,1,0,0,9769808dfe284056,marA->putA,shared_complete_observation_shared_scores,maximum,prefix,complete,0,100,0.2,0.9,biological_error,2151398048,921666314,2151398048,marA,putA,False,identifiable,acrR|arcA|basR|cpxR|cra|crp|fis|nac|ompR|rpoD|soxS|yeiE,100,0.008863855715989667,0.04952211539031798,0.061476428499591715,0.17898782485617792,0.12949465477229433,1755,,,,[],0,,False,True,
csd-20260805_174708,paired_hierarchical,1,0,0,9769808dfe284056,marA->slp,shared_complete_observation_shared_scores,maximum,prefix,complete,0,100,0.2,0.9,biological_error,2151398048,921666314,2151398048,marA,slp,False,identifiable,acrR|cpxR|cra|crp|fis|gadE|gadW|gadX|hns|nac|ompR|rcsB|rpoD|soxS|torR|ydeO,100,-0.1293757342674992,0.09873204539282374,0.22838712427154267,-1.3103722682210612,-0.09112033143432816,1755,,,,[],0,,False,True,
csd-20260805_174708,paired_hierarchical,1,0,0,9769808dfe284056,marA->waaY,shared_complete_observation_shared_scores,maximum,prefix,complete,0,100,0.2,0.9,biological_error,2151398048,921666314,2151398048,marA,waaY,False,identifiable,acrR|cpxR|cra|crp|fis|nac|ompR|rpoD|soxS,100,0.04960629277472784,0.06816178130006684,0.12512404069631677,0.7277728344033051,0.13350765236692907,1755,,,,[],0,,False,True,
csd-20260805_174708,paired_hierarchical,1,0,0,9769808dfe284056,marA->waaZ,shared_complete_observation_shared_scores,maximum,prefix,complete,0,100,0.2,0.9,biological_error,2151398048,921666314,2151398048,marA,waaZ,False,identifiable,acrR|cpxR|cra|crp|fis|nac|ompR|rpoD|soxS,100,-0.006733959374838213,0.07893689503301472,0.1678104402825088,-0.08530813597395474,0.1289342594983163,1755,,,,[],0,,False,True,
csd-20260805_174708,paired_hierarchical,1,0,0,9769808dfe284056,marA->xseA,shared_complete_observation_shared_scores,maximum,prefix,complete,0,100,0.2,0.9,biological_error,2151398048,921666314,2151398048,marA,xseA,False,identifiable,acrR|cpxR|cra|crp|fis|nac|ompR|rpoD|soxS,100,0.19579328334683116,0.07985649696106292,0.1717431437108024,2.4518140764714187,0.14607205436043663,1755,,,,[],0,,False,True,
csd-20260805_174708,paired_hierarchical,1,0,0,9769808dfe284056,marA->ycgZ,shared_complete_observation_shared_scores,maximum,prefix,complete,0,100,0.2,0.9,biological_error,2151398048,921666314,2151398048,marA,ycgZ,False,identifiable,acrR|bluR|cpxR|cra|crp|fis|nac|ompR|rpoD|rpoS|soxS,100,0.031240036204429493,0.05952337562473775,0.09541129265265429,0.5248364340319137,0.2057115840153733,1755,,,,[],0,,False,True,
csd-20260805_174708,paired_hierarchical,1,0,0,9769808dfe284056,marA->yhiD,shared_complete_observation_shared_scores,maximum,prefix,complete,0,100,0.2,0.9,biological_error,2151398048,921666314,2151398048,marA,yhiD,False,identifiable,acrR|cpxR|cra|crp|fis|fliZ|gadE|gadW|gadX|hns|lrp|nac|ompR|phoP|rcsB|rpoD|rpoS|soxS|torR,100,-0.03657703147099731,0.14735394544816485,0.5407264993156609,-0.24822566752285652,-0.15575927455103752,1755,,,,[],0,,False,True,
csd-20260805_174708,paired_hierarchical,1,0,0,9769808dfe284056,marA->ymgA,shared_complete_observation_shared_scores,maximum,prefix,complete,0,100,0.2,0.9,biological_error,2151398048,921666314,2151398048,marA,ymgA,False,identifiable,acrR|bluR|cpxR|cra|crp|fis|nac|ompR|rpoD|rpoS|soxS,100,0.1000562936216231,0.06475487418523432,0.11291967062162833,1.545154629370562,0.24287967161551235,1755,,,,[],0,,False,True,
csd-20260805_174708,paired_hierarchical,1,0,0,9769808dfe284056,marA->ymgC,shared_complete_observation_shared_scores,maximum,prefix,complete,0,100,0.2,0.9,biological_error,2151398048,921666314,2151398048,marA,ymgC,False,identifiable,acrR|bluR|cpxR|cra|crp|fis|nac|ompR|rpoD|rpoS|soxS,100,0.01431413726168084,0.049128529933459834,0.06499683552667926,0.29136099291120754,0.2667465090886506,1755,,,,[],0,,False,True,
csd-20260805_174708,paired_hierarchical,1,0,0,9769808dfe284056,marA->yncE,shared_complete_observation_shared_scores,maximum,prefix,complete,0,100,0.2,0.9,biological_error,2151398048,921666314,2151398048,marA,yncE,False,identifiable,acrR|arcA|cpxR|cra|crp|fis|nac|ompR|rpoD|soxS,100,0.09769128278110768,0.07644918478974455,0.1573949500830108,1.2778590517320036,0.4114363292393054,1755,,,,[],0,,False,True,
csd-20260805_174708,paired_hierarchical,1,0,0,9769808dfe284056,soxS->fldA,shared_complete_observation_shared_scores,maximum,prefix,complete,0,100,0.2,0.9,biological_error,2151398048,921666314,2151398048,soxS,fldA,False,identifiable,alpA|basR|btsR|glaR|glrR|nsrR|ptrR|rcdA,100,0.010418582230626881,0.2277179745429741,0.16044021965982022,0.045752129367639026,0.23990700901016485,1755,,,,[],0,,False,True,
csd-20260805_174708,paired_hierarchical,1,0,0,9769808dfe284056,soxS->nepI,shared_complete_observation_shared_scores,maximum,prefix,complete,0,100,0.2,0.9,biological_error,2151398048,921666314,2151398048,soxS,nepI,False,identifiable,alpA|basR|btsR|glaR|glrR|nsrR|ptrR|rcdA,100,-0.010850145090995602,0.22417442841100255,0.15548581181616036,-0.04840045837477453,0.5530730569474844,1755,,,,[],0,,False,True,
csd-20260805_174708,paired_hierarchical,1,0,0,9769808dfe284056,ada->aidB,shared_complete_observation_shared_scores,maximum,prefix,complete,0,100,0.2,0.9,biological_error,2151398048,921666314,2151398048,ada,aidB,False,identifiable,lrp|rpoD|rpoS,100,0.24821857047912527,0.06366254041001959,0.19087470994713251,3.898973695998772,0.5809992770860596,1755,,,,[],0,,False,True,
csd-20260805_174708,paired_hierarchical,1,0,0,9769808dfe284056,ada->alkA,shared_complete_observation_shared_scores,maximum,prefix,complete,0,100,0.2,0.9,biological_error,2151398048,921666314,2151398048,ada,alkA,False,identifiable,rpoD|rpoS,100,0.008137643662572169,0.0509279747141928,0.12229827189332189,0.15978730173820047,0.2673711467612829,1755,,,,[],0,,False,True,
csd-20260805_174708,paired_hierarchical,1,0,0,9769808dfe284056,ada->alkB,shared_complete_observation_shared_scores,maximum,prefix,complete,0,100,0.2,0.9,biological_error,2151398048,921666314,2151398048,ada,alkB,False,identifiable,rpoD|rpoS,100,-0.008896343093852867,0.04201562653221655,0.08323944909302983,-0.21173891306919748,0.1399420017396433,1755,,,,[],0,,False,True,
csd-20260805_174708,paired_hierarchical,1,0,0,9769808dfe284056,agaR->agaB,shared_complete_observation_shared_scores,maximum,prefix,complete,0,100,0.2,0.9,biological_error,2151398048,921666314,2151398048,agaR,agaB,False,identifiable,rpoD,100,-0.002524472182138063,0.13605741287654916,0.09809903702475088,-0.018554462625484634,-0.11081735309000777,1755,,,,[],0,,False,True,
csd-20260805_174708,paired_hierarchical,1,0,0,9769808dfe284056,agaR->agaC,shared_complete_observation_shared_scores,maximum,prefix,complete,0,100,0.2,0.9,biological_error,2151398048,921666314,2151398048,agaR,agaC,False,identifiable,rpoD,100,0.03656283762364388,0.2191197137765736,0.25443873685132773,0.16686238309404394,-0.2084549476920097,1755,,,,[],0,,False,True,
csd-20260805_174708,paired_hierarchical,1,0,0,9769808dfe284056,agaR->agaD,shared_complete_observation_shared_scores,maximum,prefix,complete,0,100,0.2,0.9,biological_error,2151398048,921666314,2151398048,agaR,agaD,False,identifiable,rpoD,100,0.30077600045609637,0.15652438638573524,0.12983277713972324,1.9215919474354024,-0.11841997118668939,1755,,,,[],0,,False,True,
csd-20260805_174708,paired_hierarchical,1,0,0,9769808dfe284056,agaR->agaI,shared_complete_observation_shared_scores,maximum,prefix,complete,0,100,0.2,0.9,biological_error,2151398048,921666314,2151398048,agaR,agaI,False,identifiable,rpoD,100,0.004903759340216957,0.12744897299636115,0.08607816642339798,0.038476256221829,-0.23005052777378238,1755,,,,[],0,,False,True,
csd-20260805_174708,paired_hierarchical,1,0,0,9769808dfe284056,agaR->agaS,shared_complete_observation_shared_scores,maximum,prefix,complete,0,100,0.2,0.9,biological_error,2151398048,921666314,2151398048,agaR,agaS,False,identifiable,rpoD,100,-0.1645860127631213,0.1895136635046539,0.19032742902935035,-0.8684651529575836,-0.26076563875133674,1755,,,,[],0,,False,True,
csd-20260805_174708,paired_hierarchical,1,0,0,9769808dfe284056,agaR->agaV,shared_complete_observation_shared_scores,maximum,prefix,complete,0,100,0.2,0.9,biological_error,2151398048,921666314,2151398048,agaR,agaV,False,identifiable,crp|rpoD,100,0.007685507759937095,0.10964001108524243,0.06368295474079337,0.0700976558088981,-0.08320680719755762,1755,,,,[],0,,False,True,
csd-20260805_174708,paired_hierarchical,1,0,0,9769808dfe284056,agaR->agaW,shared_complete_observation_shared_scores,maximum,prefix,complete,0,100,0.2,0.9,biological_error,2151398048,921666314,2151398048,agaR,agaW,False,identifiable,crp|rpoD,100,-0.1104587684443579,0.1279235868189284,0.08669345671847213,-0.863474603793815,-0.12265101312353438,1755,,,,[],0,,False,True,
csd-20260805_174708,paired_hierarchical,1,0,0,9769808dfe284056,agaR->kbaY,shared_complete_observation_shared_scores,maximum,prefix,complete,0,100,0.2,0.9,biological_error,2151398048,921666314,2151398048,agaR,kbaY,False,identifiable,nac|rpoD,100,0.009615709258913502,0.12521039864752095,0.08303147558429914,0.07679641118292921,-0.4174093361477965,1755,,,,[],0,,False,True,
csd-20260805_174708,paired_hierarchical,1,0,0,9769808dfe284056,agaR->kbaZ,shared_complete_observation_shared_scores,maximum,prefix,complete,0,100,0.2,0.9,biological_error,2151398048,921666314,2151398048,agaR,kbaZ,False,identifiable,crp|rpoD,100,-0.0908115190967664,0.09729407394689968,0.05014848777659059,-0.9333715344916971,-0.126684773410373,1755,,,,[],0,,False,True,
csd-20260805_174708,paired_hierarchical,1,0,0,9769808dfe284056,allR->allA,shared_complete_observation_shared_scores,maximum,prefix,complete,0,100,0.2,0.9,biological_error,2151398048,921666314,2151398048,allR,allA,False,identifiable,nac,100,0.0001865849762514825,0.015334105931487438,0.0037004290089019875,0.012167972302078871,-0.09679065234010098,1755,,,,[],0,,False,True,
csd-20260805_174708,paired_hierarchical,1,0,0,9769808dfe284056,allR->allB,shared_complete_observation_shared_scores,maximum,prefix,complete,0,100,0.2,0.9,biological_error,2151398048,921666314,2151398048,allR,allB,False,identifiable,nac|rpoD,100,-0.025640136937965893,0.07842746744507154,0.09624056086752371,-0.32692802372999674,-0.17964779359540306,1755,,,,[],0,,False,True,
csd-20260805_174708,paired_hierarchical,1,0,0,9769808dfe284056,allR->allS,shared_complete_observation_shared_scores,maximum,prefix,complete,0,100,0.2,0.9,biological_error,2151398048,921666314,2151398048,allR,allS,False,identifiable,nac,100,0.08211914644756442,0.03769810476377931,0.02236527242894832,2.178336204489125,-0.20664501352468564,1755,,,,[],0,,False,True,
csd-20260805_174708,paired_hierarchical,1,0,0,9769808dfe284056,allR->allW,shared_complete_observation_shared_scores,maximum,prefix,complete,0,100,0.2,0.9,biological_error,2151398048,921666314,2151398048,allR,allW,False,identifiable,nac|rpoD,100,-0.010792328623754519,0.08156867045043156,0.1041042668423261,-0.13230972828364176,-0.15098653978385446,1755,,,,[],0,,False,True,
csd-20260805_174708,paired_hierarchical,1,0,0,9769808dfe284056,allR->gcl,shared_complete_observation_shared_scores,maximum,prefix,complete,0,100,0.2,0.9,biological_error,2151398048,921666314,2151398048,allR,gcl,False,identifiable,nac|rpoD,100,-0.028911109510271676,0.049192001661558106,0.037862627817479254,-0.587719721372199,-0.1794135314855299,1755,,,,[],0,,False,True,
csd-20260805_174708,paired_hierarchical,1,0,0,9769808dfe284056,allR->glxK,shared_complete_observation_shared_scores,maximum,prefix,complete,0,100,0.2,0.9,biological_error,2151398048,921666314,2151398048,allR,glxK,False,identifiable,nac|rpoD,100,-0.0435610569619623,0.10591229310124574,0.17551510777598858,-0.41129368165337116,-0.1750006408080749,1755,,,,[],0,,False,True,
csd-20260805_174708,paired_hierarchical,1,0,0,9769808dfe284056,allR->glxR,shared_complete_observation_shared_scores,maximum,prefix,complete,0,100,0.2,0.9,biological_error,2151398048,921666314,2151398048,allR,glxR,False,identifiable,nac|rpoD,100,0.009683435666960928,0.09906536589912301,0.15355552915370427,0.09774794227097941,-0.11360485895438377,1755,,,,[],0,,False,True,
csd-20260805_174708,paired_hierarchical,1,0,0,9769808dfe284056,allR->hyi,shared_complete_observation_shared_scores,maximum,prefix,complete,0,100,0.2,0.9,biological_error,2151398048,921666314,2151398048,allR,hyi,False,identifiable,nac|rpoD,100,0.0050006992226719164,0.07162476888538959,0.08026906981882763,0.06981801547832968,-0.12214081573614091,1755,,,,[],0,,False,True,
csd-20260805_174708,paired_hierarchical,1,0,0,9769808dfe284056,allR->ybbY,shared_complete_observation_shared_scores,maximum,prefix,complete,0,100,0.2,0.9,biological_error,2151398048,921666314,2151398048,allR,ybbY,False,identifiable,nac|rpoD,100,-0.1821624443109653,0.09301870180500979,0.1353824319166599,-1.958342148150195,-0.3823815667651192,1755,,,,[],0,,False,True,
csd-20260805_174708,paired_hierarchical,1,0,0,9769808dfe284056,allS->allC,shared_complete_observation_shared_scores,maximum,prefix,complete,0,100,0.2,0.9,biological_error,2151398048,921666314,2151398048,allS,allC,False,identifiable,allR|rpoD,100,-0.08253554834603075,0.1547412502358714,0.06939937672595241,-0.5333778046915233,0.2020939668840279,1755,,,,[],0,,False,True,
csd-20260805_174708,paired_hierarchical,1,0,0,9769808dfe284056,allS->allD,shared_complete_observation_shared_scores,maximum,prefix,complete,0,100,0.2,0.9,biological_error,2151398048,921666314,2151398048,allS,allD,False,identifiable,allR|rpoD,100,0.04573450888356023,0.21199226680265024,0.1302517013245621,0.21573668499019266,0.08439418743158544,1755,,,,[],0,,False,True,
csd-20260805_174708,paired_hierarchical,1,0,0,9769808dfe284056,allS->allE,shared_complete_observation_shared_scores,maximum,prefix,complete,0,100,0.2,0.9,biological_error,2151398048,921666314,2151398048,allS,allE,False,identifiable,allR|rpoD,100,0.257928903247459,0.15288678302789632,0.06774593674676391,1.687058214838599,0.10369418938171321,1755,,,,[],0,,False,True,
csd-20260805_174708,paired_hierarchical,1,0,0,9769808dfe284056,alpA->intA,shared_complete_observation_shared_scores,maximum,prefix,complete,0,100,0.2,0.9,biological_error,2151398048,921666314,2151398048,alpA,intA,False,identifiable,,100,-0.013531407617377256,0.15700780664109273,0.18613965093439902,-0.08618302431489264,0.41354330150665713,1755,,,,[],0,,False,True,
csd-20260805_174708,paired_hierarchical,1,0,0,9769808dfe284056,alpA->phoB,shared_complete_observation_shared_scores,maximum,prefix,complete,0,100,0.2,0.9,biological_error,2151398048,921666314,2151398048,alpA,phoB,False,identifiable,basR|btsR|glaR|glrR|nsrR|ptrR|rcdA,100,-0.8145604873776071,0.1902710144815914,0.27064135472852296,-4.281053998671013,-0.2684916784682602,1755,,,,[],0,,False,True,
csd-20260805_174708,paired_hierarchical,1,0,0,9769808dfe284056,alpA->phoR,shared_complete_observation_shared_scores,maximum,prefix,complete,0,100,0.2,0.9,biological_error,2151398048,921666314,2151398048,alpA,phoR,False,identifiable,basR|btsR|glaR|glrR|nsrR|ptrR|rcdA,100,-0.1261162341615544,0.09992954010287868,0.07465117856760346,-1.262051581861742,-0.15068263913909313,1755,,,,[],0,,False,True,
csd-20260805_174708,paired_hierarchical,1,0,0,9769808dfe284056,phoB->mipA,shared_complete_observation_shared_scores,maximum,prefix,complete,0,100,0.2,0.9,biological_error,2151398048,921666314,2151398048,phoB,mipA,False,identifiable,alpA|basR|btsR|glaR|glrR|nsrR|ptrR|rcdA,100,0.0056728630564013656,0.06396395092565403,0.10076416580006901,0.08868844050917045,0.21505232617718917,1755,,,,[],0,,False,True,
csd-20260805_174708,paired_hierarchical,1,0,0,9769808dfe284056,phoB->rspR,shared_complete_observation_shared_scores,maximum,prefix,complete,0,100,0.2,0.9,biological_error,2151398048,921666314,2151398048,phoB,rspR,False,identifiable,alpA|basR|btsR|glaR|glrR|nsrR|ptrR|rcdA,100,0.003054680213158476,0.06267792680095953,0.09675307948347836,0.048736139962940066,0.12569855995970694,1755,,,,[],0,,False,True,
csd-20260805_174708,paired_hierarchical,1,0,0,9769808dfe284056,alsR->alsA,shared_complete_observation_shared_scores,maximum,prefix,complete,0,100,0.2,0.9,biological_error,2151398048,921666314,2151398048,alsR,alsA,False,identifiable,rpoD,100,0.13688111329535055,0.15007437711178842,0.10735675850608394,0.9120884985808712,-0.08460305270861085,1755,,,,[],0,,False,True,
csd-20260805_174708,paired_hierarchical,1,0,0,9769808dfe284056,alsR->alsB,shared_complete_observation_shared_scores,maximum,prefix,complete,0,100,0.2,0.9,biological_error,2151398048,921666314,2151398048,alsR,alsB,False,identifiable,rpoD,100,0.07931134568818521,0.20914429816292338,0.20850109935545583,0.3792183023149007,-0.17366751529244162,1755,,,,[],0,,False,True,
csd-20260805_174708,paired_hierarchical,1,0,0,9769808dfe284056,alsR->alsC,shared_complete_observation_shared_scores,maximum,prefix,complete,0,100,0.2,0.9,biological_error,2151398048,921666314,2151398048,alsR,alsC,False,identifiable,rpoD,100,-0.011701972392503365,0.13375642149631375,0.08527968224616297,-0.08748718201036698,-0.3961651784564301,1755,,,,[],0,,False,True,
csd-20260805_174708,paired_hierarchical,1,0,0,9769808dfe284056,alsR->alsE,shared_complete_observation_shared_scores,maximum,prefix,complete,0,100,0.2,0.9,biological_error,2151398048,921666314,2151398048,alsR,alsE,False,identifiable,rpoD,100,-0.46273357038268875,0.2409793863366278,0.27680636950633436,-1.9202205525425695,-0.19430653888725977,1755,,,,[],0,,False,True,
csd-20260805_174708,paired_hierarchical,1,0,0,9769808dfe284056,alsR->rpiB,shared_complete_observation_shared_scores,maximum,prefix,complete,0,100,0.2,0.9,biological_error,2151398048,921666314,2151398048,alsR,rpiB,False,identifiable,glaR|lrp|rpoD,100,-0.02173477211481578,0.12010647092985444,0.06838732102151043,-0.18096254054046348,-0.11276538547209938,1755,,,,[],0,,False,True,
csd-20260805_174708,paired_hierarchical,1,0,0,9769808dfe284056,ameF->mazE,shared_complete_observation_shared_scores,maximum,prefix,complete,0,100,0.2,0.9,biological_error,2151398048,921666314,2151398048,ameF,mazE,False,identifiable,crp|fis|hipA|hipB|hns|rpoD,100,0.39258612391630143,0.1699235641566854,0.3264827460716467,2.310368934789411,0.5287975323547889,1755,,,,[],0,,False,True,
csd-20260805_174708,paired_hierarchical,1,0,0,9769808dfe284056,ameF->mazF,shared_complete_observation_shared_scores,maximum,prefix,complete,0,100,0.2,0.9,biological_error,2151398048,921666314,2151398048,ameF,mazF,False,identifiable,crp|fis|hipA|hipB|hns|rpoD,100,0.22070173458911466,0.09337198870000962,0.09857941454224939,2.363682488312385,0.3489204982863528,1755,,,,[],0,,False,True,
csd-20260805_174708,paired_hierarchical,1,0,0,9769808dfe284056,appY->appA,shared_complete_observation_shared_scores,maximum,prefix,complete,0,100,0.2,0.9,biological_error,2151398048,921666314,2151398048,appY,appA,False,identifiable,arcA|dpiA|hns|rpoD|rpoS|ydeO,100,0.000858827577286302,0.07151939487413701,0.05026634273609827,0.012008317167639697,0.21388202114397184,1755,,,,[],0,,False,True,
csd-20260805_174708,paired_hierarchical,1,0,0,9769808dfe284056,appY->appB,shared_complete_observation_shared_scores,maximum,prefix,complete,0,100,0.2,0.9,biological_error,2151398048,921666314,2151398048,appY,appB,False,identifiable,arcA|dpiA|hns|rpoD|rpoS|ydeO,100,0.2607993268251999,0.0823775156413157,0.06668789454342541,3.16590424941631,0.12923078113764722,1755,,,,[],0,,False,True,
csd-20260805_174708,paired_hierarchical,1,0,0,9769808dfe284056,appY->appC,shared_complete_observation_shared_scores,maximum,prefix,complete,0,100,0.2,0.9,biological_error,2151398048,921666314,2151398048,appY,appC,False,identifiable,arcA|cpxR|dpiA|hns|rpoD|rpoS|ydeO,100,0.36423963892603606,0.18769481895016726,0.3459634767779933,1.9405950625773065,0.2532191568761412,1755,,,,[],0,,False,True,
csd-20260805_174708,paired_hierarchical,1,0,0,9769808dfe284056,appY->appX,shared_complete_observation_shared_scores,maximum,prefix,complete,0,100,0.2,0.9,biological_error,2151398048,921666314,2151398048,appY,appX,False,identifiable,arcA|dpiA|hns|rpoD|rpoS|ydeO,100,0.011864637422013267,0.10305183530089182,0.10436168611168177,0.11513271342883681,0.2146110683974746,1755,,,,[],0,,False,True,
csd-20260805_174708,paired_hierarchical,1,0,0,9769808dfe284056,appY->hyaA,shared_complete_observation_shared_scores,maximum,prefix,complete,0,100,0.2,0.9,biological_error,2151398048,921666314,2151398048,appY,hyaA,False,identifiable,arcA|dpiA|fis|hns|iscR|narL|narP|rpoD|rpoS|ydeO,100,0.015988101598322306,0.1855357610938076,0.33644323586229896,0.08617261440094376,0.1208769209887966,1755,,,,[],0,,False,True,
csd-20260805_174708,paired_hierarchical,1,0,0,9769808dfe284056,appY->hyaB,shared_complete_observation_shared_scores,maximum,prefix,complete,0,100,0.2,0.9,biological_error,2151398048,921666314,2151398048,appY,hyaB,False,identifiable,arcA|dpiA|fis|hns|iscR|narL|narP|rpoD|rpoS|ydeO,100,-0.007393768867419508,0.07799673106759701,0.059457869525738755,-0.09479588139420343,0.33168803793878204,1755,,,,[],0,,False,True,
csd-20260805_174708,paired_hierarchical,1,0,0,9769808dfe284056,appY->hyaC,shared_complete_observation_shared_scores,maximum,prefix,complete,0,100,0.2,0.9,biological_error,2151398048,921666314,2151398048,appY,hyaC,False,identifiable,arcA|dpiA|fis|hns|iscR|narL|narP|rpoD|rpoS|ydeO,100,-0.0006904968055765771,0.060138827472992006,0.0353481308423712,-0.0114817138043916,0.12274789936688339,1755,,,,[],0,,False,True,
csd-20260805_174708,paired_hierarchical,1,0,0,9769808dfe284056,appY->hyaD,shared_complete_observation_shared_scores,maximum,prefix,complete,0,100,0.2,0.9,biological_error,2151398048,921666314,2151398048,appY,hyaD,False,identifiable,arcA|dpiA|fis|hns|iscR|narL|narP|rpoD|rpoS|ydeO,100,0.19936661733823555,0.172653617398923,0.2913452253281637,1.1547201868211723,0.28795641004536915,1755,,,,[],0,,False,True,
csd-20260805_174708,paired_hierarchical,1,0,0,9769808dfe284056,appY->hyaE,shared_complete_observation_shared_scores,maximum,prefix,complete,0,100,0.2,0.9,biological_error,2151398048,921666314,2151398048,appY,hyaE,False,identifiable,arcA|dpiA|fis|hns|iscR|narL|narP|rpoD|rpoS|ydeO,100,-0.021351025901721978,0.1308244171541033,0.16727620157763973,-0.16320367685316534,0.19072760927778729,1755,,,,[],0,,False,True,
csd-20260805_174708,paired_hierarchical,1,0,0,9769808dfe284056,appY->hyaF,shared_complete_observation_shared_scores,maximum,prefix,complete,0,100,0.2,0.9,biological_error,2151398048,921666314,2151398048,appY,hyaF,False,identifiable,arcA|dpiA|fis|hns|iscR|narL|narP|rpoD|rpoS|ydeO,100,0.006802791474199032,0.07575690110760676,0.05609200234373878,0.08979764714156138,0.05991050257836017,1755,,,,[],0,,False,True,
csd-20260805_174708,paired_hierarchical,1,0,0,9769808dfe284056,araC->araA,shared_complete_observation_shared_scores,maximum,prefix,complete,0,100,0.2,0.9,biological_error,2151398048,921666314,2151398048,araC,araA,False,identifiable,crp|rpoD|xylR,100,-0.05406125110173457,0.17726565939706324,0.10049180506886388,-0.3049730629475221,0.13118230902193326,1755,,,,[],0,,False,True,
csd-20260805_174708,paired_hierarchical,1,0,0,9769808dfe284056,araC->araB,shared_complete_observation_shared_scores,maximum,prefix,complete,0,100,0.2,0.9,biological_error,2151398048,921666314,2151398048,araC,araB,False,identifiable,crp|fur|rpoD|xylR,100,-0.023926439761685098,0.14113466187220775,0.06368881672205799,-0.1695291535352925,-0.07019660965053116,1755,,,,[],0,,False,True,
csd-20260805_174708,paired_hierarchical,1,0,0,9769808dfe284056,araC->araD,shared_complete_observation_shared_scores,maximum,prefix,complete,0,100,0.2,0.9,biological_error,2151398048,921666314,2151398048,araC,araD,False,identifiable,crp|rpoD|xylR,100,-0.2791918412387506,0.20136537647974243,0.12967343731510964,-1.386493776236838,-0.27093127161911085,1755,,,,[],0,,False,True,
csd-20260805_174708,paired_hierarchical,1,0,0,9769808dfe284056,araC->araE,shared_complete_observation_shared_scores,maximum,prefix,complete,0,100,0.2,0.9,biological_error,2151398048,921666314,2151398048,araC,araE,False,identifiable,crp|nac|rpoD|xylR,100,0.06549088213668432,0.15244504051946434,0.07402698002092516,0.4296032321781067,0.24950419409333133,1755,,,,[],0,,False,True,
csd-20260805_174708,paired_hierarchical,1,0,0,9769808dfe284056,araC->araF,shared_complete_observation_shared_scores,maximum,prefix,complete,0,100,0.2,0.9,biological_error,2151398048,921666314,2151398048,araC,araF,False,identifiable,crp|nac|rpoD|rpoS|spf|xylR,100,-0.06907934252719042,0.10707191070607154,0.03439865066964616,-0.6451677388743307,0.1160833566030698,1755,,,,[],0,,False,True,
csd-20260805_174708,paired_hierarchical,1,0,0,9769808dfe284056,araC->araG,shared_complete_observation_shared_scores,maximum,prefix,complete,0,100,0.2,0.9,biological_error,2151398048,921666314,2151398048,araC,araG,False,identifiable,crp|rpoD|rpoS|xylR,100,-0.02944119141661121,0.2672191563909629,0.2155707724727518,-0.11017620074189742,0.11795469237563519,1755,,,,[],0,,False,True,
csd-20260805_174708,paired_hierarchical,1,0,0,9769808dfe284056,araC->araH,shared_complete_observation_shared_scores,maximum,prefix,complete,0,100,0.2,0.9,biological_error,2151398048,921666314,2151398048,araC,araH,False,identifiable,crp|rpoD|rpoS|xylR,100,0.32805422616640934,0.2721217847283415,0.223553421967799,1.2055419469407973,0.22437663976653027,1755,,,,[],0,,False,True,
csd-20260805_174708,paired_hierarchical,1,0,0,9769808dfe284056,araC->araJ,shared_complete_observation_shared_scores,maximum,prefix,complete,0,100,0.2,0.9,biological_error,2151398048,921666314,2151398048,araC,araJ,False,identifiable,crp|rpoD|xylR,100,0.2745316492654312,0.21345641278002134,0.14571351663815132,1.2861250954701993,0.08884697758029371,1755,,,,[],0,,False,True,
csd-20260805_174708,paired_hierarchical,1,0,0,9769808dfe284056,araC->xylA,shared_complete_observation_shared_scores,maximum,prefix,complete,0,100,0.2,0.9,biological_error,2151398048,921666314,2151398048,araC,xylA,False,identifiable,crp|rpoD|xylR,100,-0.07276841804324641,0.22739240451063547,0.1653610930372634,-0.3200125272427159,-0.08209780516451322,1755,,,,[],0,,False,True,
csd-20260805_174708,paired_hierarchical,1,0,0,9769808dfe284056,araC->xylB,shared_complete_observation_shared_scores,maximum,prefix,complete,0,100,0.2,0.9,biological_error,2151398048,921666314,2151398048,araC,xylB,False,identifiable,crp|rpoD|xylR,100,0.007446177211055547,0.25492737684661193,0.20783293973021422,0.029209013575406857,-0.33939541350948577,1755,,,,[],0,,False,True,
csd-20260805_174708,paired_hierarchical,1,0,0,9769808dfe284056,araC->ydeM,shared_complete_observation_shared_scores,maximum,prefix,complete,0,100,0.2,0.9,biological_error,2151398048,921666314,2151398048,araC,ydeM,False,identifiable,crp|gadX|nagC|rpoD|xylR,100,-0.0741908337023088,0.24598365386141824,0.17929543491231295,-0.3016087961036073,-0.21563864427609333,1755,,,,[],0,,False,True,
csd-20260805_174708,paired_hierarchical,1,0,0,9769808dfe284056,araC->ydeN,shared_complete_observation_shared_scores,maximum,prefix,complete,0,100,0.2,0.9,biological_error,2151398048,921666314,2151398048,araC,ydeN,False,identifiable,crp|gadX|lrp|nagC|rpoD|xylR,100,-0.04648362030203078,0.2790033187350436,0.2305361589381787,-0.16660597627576645,-0.6337471737061234,1755,,,,[],0,,False,True,
csd-20260805_174708,paired_hierarchical,1,0,0,9769808dfe284056,araC->ygeA,shared_complete_observation_shared_scores,maximum,prefix,complete,0,100,0.2,0.9,biological_error,2151398048,921666314,2151398048,araC,ygeA,False,identifiable,crp|rpoD|xylR,100,-0.12896387016455596,0.12005202392185949,0.046091452921534014,-1.0742332028362729,0.722849957338131,1755,,,,[],0,,False,True,
csd-20260805_174708,paired_hierarchical,1,0,0,9769808dfe284056,araC->yjfF,shared_complete_observation_shared_scores,maximum,prefix,complete,0,100,0.2,0.9,biological_error,2151398048,921666314,2151398048,araC,yjfF,False,identifiable,crp|rpoD|xylR,100,-0.2349556675303614,0.12772169749718307,0.052168793154937575,-1.8395908614943315,-0.17983777856176067,1755,,,,[],0,,False,True,
csd-20260805_174708,paired_hierarchical,1,0,0,9769808dfe284056,araC->ytfQ,shared_complete_observation_shared_scores,maximum,prefix,complete,0,100,0.2,0.9,biological_error,2151398048,921666314,2151398048,araC,ytfQ,False,identifiable,crp|rpoD|xylR,100,-0.001913986895624652,0.14626741242315702,0.06841897807866827,-0.013085531930293656,-0.06849478812040531,1755,,,,[],0,,False,True,
csd-20260805_174708,paired_hierarchical,1,0,0,9769808dfe284056,araC->ytfR,shared_complete_observation_shared_scores,maximum,prefix,complete,0,100,0.2,0.9,biological_error,2151398048,921666314,2151398048,araC,ytfR,False,identifiable,crp|rpoD|xylR,100,-0.3481940804167871,0.21136887837437993,0.14287739122113263,-1.6473289875724288,-0.23371582746781888,1755,,,,[],0,,False,True,
csd-20260805_174708,paired_hierarchical,1,0,0,9769808dfe284056,araC->ytfT,shared_complete_observation_shared_scores,maximum,prefix,complete,0,100,0.2,0.9,biological_error,2151398048,921666314,2151398048,araC,ytfT,False,identifiable,crp|rpoD|xylR,100,-0.1039548305587265,0.26053537611812955,0.21707750863136574,-0.3990046653456852,-0.5345931746598215,1755,,,,[],0,,False,True,
csd-20260805_174708,paired_hierarchical,1,0,0,9769808dfe284056,arcA->dsbB,shared_complete_observation_shared_scores,maximum,prefix,complete,0,100,0.2,0.9,biological_error,2151398048,921666314,2151398048,arcA,dsbB,False,identifiable,alpA|basR|btsR|glaR|glrR|nsrR|ptrR|rcdA,100,-0.02210349390328053,0.2354253290176008,0.11664259169357319,-0.09388749288581448,0.302164096794302,1755,,,,[],0,,False,True,
csd-20260805_174708,paired_hierarchical,1,0,0,9769808dfe284056,arcA->igaA,shared_complete_observation_shared_scores,maximum,prefix,complete,0,100,0.2,0.9,biological_error,2151398048,921666314,2151398048,arcA,igaA,False,identifiable,alpA|basR|btsR|glaR|glrR|nsrR|ptrR|rcdA,100,0.1378282709127242,0.25103408647425685,0.1326221854600929,0.5490420557961091,0.2076567607902014,1755,,,,[],0,,False,True,
csd-20260805_174708,paired_hierarchical,1,0,0,9769808dfe284056,arcA->kgtP,shared_complete_observation_shared_scores,maximum,prefix,complete,0,100,0.2,0.9,biological_error,2151398048,921666314,2151398048,arcA,kgtP,False,identifiable,alpA|basR|btsR|glaR|glrR|nsrR|ptrR|rcdA,100,0.015435859104082399,0.1353694134226128,0.03856487097833915,0.11402767223266931,-0.1470252000853941,1755,,,,[],0,,False,True,
csd-20260805_174708,paired_hierarchical,1,0,0,9769808dfe284056,arcA->ndk,shared_complete_observation_shared_scores,maximum,prefix,complete,0,100,0.2,0.9,biological_error,2151398048,921666314,2151398048,arcA,ndk,False,identifiable,alpA|basR|btsR|glaR|glrR|nsrR|ptrR|rcdA,100,0.010309125976558177,0.24424340614995466,0.12554415108892333,0.04220841061407746,-0.16998309812538748,1755,,,,[],0,,False,True,
csd-20260805_174708,paired_hierarchical,1,0,0,9769808dfe284056,arcA->nudE,shared_complete_observation_shared_scores,maximum,prefix,complete,0,100,0.2,0.9,biological_error,2151398048,921666314,2151398048,arcA,nudE,False,identifiable,alpA|basR|btsR|glaR|glrR|nsrR|ptrR|rcdA,100,0.026271992891883336,0.2953752426928469,0.1836111165521737,0.08894446485213016,-0.13250291193637176,1755,,,,[],0,,False,True,
csd-20260805_174708,paired_hierarchical,1,0,0,9769808dfe284056,arcA->pepN,shared_complete_observation_shared_scores,maximum,prefix,complete,0,100,0.2,0.9,biological_error,2151398048,921666314,2151398048,arcA,pepN,False,identifiable,alpA|basR|btsR|glaR|glrR|nsrR|ptrR|rcdA,100,0.04093134934920737,0.25280956597043425,0.13450480361083963,0.16190585665573368,-0.2073513516636675,1755,,,,[],0,,False,True,
csd-20260805_174708,paired_hierarchical,1,0,0,9769808dfe284056,arcA->pqqU,shared_complete_observation_shared_scores,maximum,prefix,complete,0,100,0.2,0.9,biological_error,2151398048,921666314,2151398048,arcA,pqqU,False,identifiable,alpA|basR|btsR|glaR|glrR|nsrR|ptrR|rcdA,100,0.007302818051816434,0.12548971108064946,0.03314110826337313,0.058194556262250646,-0.23579927141789903,1755,,,,[],0,,False,True,
csd-20260805_174708,paired_hierarchical,1,0,0,9769808dfe284056,arcA->pyrS,shared_complete_observation_shared_scores,maximum,prefix,complete,0,100,0.2,0.9,biological_error,2151398048,921666314,2151398048,arcA,pyrS,False,identifiable,alpA|basR|btsR|glaR|glrR|nsrR|ptrR|rcdA,100,-0.9211219081323573,0.20134098907902037,0.08531299412166794,-4.574934852291027,0.23236716034036953,1755,,,,[],0,,False,True,
csd-20260805_174708,paired_hierarchical,1,0,0,9769808dfe284056,arcA->rho,shared_complete_observation_shared_scores,maximum,prefix,complete,0,100,0.2,0.9,biological_error,2151398048,921666314,2151398048,arcA,rho,False,identifiable,alpA|basR|btsR|glaR|glrR|nsrR|ptrR|rcdA,100,-0.006149509895568048,0.24882079317310712,0.13029391357276487,-0.02471461414918717,0.3915669117543643,1755,,,,[],0,,False,True,
csd-20260805_174708,paired_hierarchical,1,0,0,9769808dfe284056,arcA->ybfA,shared_complete_observation_shared_scores,maximum,prefix,complete,0,100,0.2,0.9,biological_error,2151398048,921666314,2151398048,arcA,ybfA,False,identifiable,alpA|basR|btsR|glaR|glrR|nsrR|ptrR|rcdA,100,-0.018759476520081843,0.39993862502805577,0.33661811757109716,-0.04690588841916897,0.35328689128582763,1755,,,,[],0,,False,True,
csd-20260805_174708,paired_hierarchical,1,0,0,9769808dfe284056,arcA->ybiU,shared_complete_observation_shared_scores,maximum,prefix,complete,0,100,0.2,0.9,biological_error,2151398048,921666314,2151398048,arcA,ybiU,False,identifiable,alpA|basR|btsR|glaR|glrR|nsrR|ptrR|rcdA,100,0.007669366451054009,0.2663772217820011,0.14932927575615473,0.028791374877130065,-0.29180634805741307,1755,,,,[],0,,False,True,
csd-20260805_174708,paired_hierarchical,1,0,0,9769808dfe284056,arcA->ydeA,shared_complete_observation_shared_scores,maximum,prefix,complete,0,100,0.2,0.9,biological_error,2151398048,921666314,2151398048,arcA,ydeA,False,identifiable,alpA|basR|btsR|glaR|glrR|nsrR|ptrR|rcdA,100,0.26494026560691847,0.29444012417225496,0.18245038034821143,0.8998103310536634,-0.10728503228407235,1755,,,,[],0,,False,True,
csd-20260805_174708,paired_hierarchical,1,0,0,9769808dfe284056,arcA->ydgC,shared_complete_observation_shared_scores,maximum,prefix,complete,0,100,0.2,0.9,biological_error,2151398048,921666314,2151398048,arcA,ydgC,False,identifiable,alpA|basR|btsR|glaR|glrR|nsrR|ptrR|rcdA,100,0.06425963215081008,0.1693310239456039,0.06034257762262459,0.37949119218373667,-0.2524427537427797,1755,,,,[],0,,False,True,
csd-20260805_174708,paired_hierarchical,1,0,0,9769808dfe284056,arcA->yeiQ,shared_complete_observation_shared_scores,maximum,prefix,complete,0,100,0.2,0.9,biological_error,2151398048,921666314,2151398048,arcA,yeiQ,False,identifiable,alpA|basR|btsR|glaR|glrR|nsrR|ptrR|rcdA,100,-0.04397627317205302,0.3316404809958384,0.23146528302093763,-0.13260224759053119,-0.2630074528701561,1755,,,,[],0,,False,True,
csd-20260805_174708,paired_hierarchical,1,0,0,9769808dfe284056,arcA->yfiF,shared_complete_observation_shared_scores,maximum,prefix,complete,0,100,0.2,0.9,biological_error,2151398048,921666314,2151398048,arcA,yfiF,False,identifiable,alpA|basR|btsR|glaR|glrR|nsrR|ptrR|rcdA,100,0.0034843055284139333,0.2035341207151524,0.08718168113364926,0.017119024152664045,0.1521778115465568,1755,,,,[],0,,False,True,
csd-20260805_174708,paired_hierarchical,1,0,0,9769808dfe284056,arcA->yhgE,shared_complete_observation_shared_scores,maximum,prefix,complete,0,100,0.2,0.9,biological_error,2151398048,921666314,2151398048,arcA,yhgE,False,identifiable,alpA|basR|btsR|glaR|glrR|nsrR|ptrR|rcdA,100,0.04468957800362097,0.36260044632861643,0.2766989157238886,0.12324744344942101,0.34862083704082547,1755,,,,[],0,,False,True,
csd-20260805_174708,paired_hierarchical,1,0,0,9769808dfe284056,arcA->yjiR,shared_complete_observation_shared_scores,maximum,prefix,complete,0,100,0.2,0.9,biological_error,2151398048,921666314,2151398048,arcA,yjiR,False,identifiable,alpA|basR|btsR|glaR|glrR|nsrR|ptrR|rcdA,100,-0.026718462056844743,0.28545256052080675,0.17148205313789555,-0.09360035870092405,-0.15996846490706096,1755,,,,[],0,,False,True,
csd-20260805_174708,paired_hierarchical,1,0,0,9769808dfe284056,arcA->ynaJ,shared_complete_observation_shared_scores,maximum,prefix,complete,0,100,0.2,0.9,biological_error,2151398048,921666314,2151398048,arcA,ynaJ,False,identifiable,alpA|basR|btsR|glaR|glrR|nsrR|ptrR|rcdA,100,0.4431263000639397,0.18045124440315816,0.06852839357125592,2.4556566596677034,-0.17893371850785955,1755,,,,[],0,,False,True,
csd-20260805_174708,paired_hierarchical,1,0,0,9769808dfe284056,argR->ydgI,shared_complete_observation_shared_scores,maximum,prefix,complete,0,100,0.2,0.9,biological_error,2151398048,921666314,2151398048,argR,ydgI,False,identifiable,alpA|basR|btsR|glaR|glrR|nsrR|ptrR|rcdA,100,-0.05481450531894236,0.177054955335172,0.10730701619178909,-0.3095903484608852,-0.1202683300891003,1755,,,,[],0,,False,True,
csd-20260805_174708,paired_hierarchical,1,0,0,9769808dfe284056,argR->ykgA,shared_complete_observation_shared_scores,maximum,prefix,complete,0,100,0.2,0.9,biological_error,2151398048,921666314,2151398048,argR,ykgA,False,identifiable,alpA|basR|btsR|glaR|glrR|nsrR|ptrR|rcdA,100,0.006965345674379016,0.22663381574333819,0.1758172036984405,0.030733920494315108,0.17768815464414645,1755,,,,[],0,,False,True,
csd-20260805_174708,paired_hierarchical,1,0,0,9769808dfe284056,argR->yraQ,shared_complete_observation_shared_scores,maximum,prefix,complete,0,100,0.2,0.9,biological_error,2151398048,921666314,2151398048,argR,yraQ,False,identifiable,alpA|basR|btsR|glaR|glrR|nsrR|ptrR|rcdA,100,0.028415915215712975,0.15641166881070165,0.08374333380919427,0.18167388297674608,0.12945943308723007,1755,,,,[],0,,False,True,
csd-20260805_174708,paired_hierarchical,1,0,0,9769808dfe284056,betI->betA,shared_complete_observation_shared_scores,maximum,prefix,complete,0,100,0.2,0.9,biological_error,2151398048,921666314,2151398048,betI,betA,False,identifiable,arcA|cra|rpoD,100,-0.0531256936920186,0.10825361562553236,0.11767082007000797,-0.4907521414877208,-0.23965169504320144,1755,,,,[],0,,False,True,
csd-20260805_174708,paired_hierarchical,1,0,0,9769808dfe284056,betI->betB,shared_complete_observation_shared_scores,maximum,prefix,complete,0,100,0.2,0.9,biological_error,2151398048,921666314,2151398048,betI,betB,False,identifiable,arcA|cra|rpoD,100,0.12443606619693225,0.06883776458417183,0.0475814285224677,1.8076715150268603,-0.1321247685906855,1755,,,,[],0,,False,True,
csd-20260805_174708,paired_hierarchical,1,0,0,9769808dfe284056,betI->betT,shared_complete_observation_shared_scores,maximum,prefix,complete,0,100,0.2,0.9,biological_error,2151398048,921666314,2151398048,betI,betT,False,identifiable,arcA|cra|rpoD,100,-0.0046066207068892915,0.07038991051487668,0.049751340319082786,-0.06544433247881025,-0.1355414568104251,1755,,,,[],0,,False,True,
csd-20260805_174708,paired_hierarchical,1,0,0,9769808dfe284056,dpiA->appY,shared_complete_observation_shared_scores,maximum,prefix,complete,0,100,0.2,0.9,biological_error,2151398048,921666314,2151398048,dpiA,appY,False,identifiable,arcA|crp|dcuR|fnr|hns|narL|rpoD|rpoS,100,-0.0026643963232627728,0.03470827513188144,0.10691597773279916,-0.07676544896393828,-0.14385510902298662,1755,,,,[],0,,False,True,
csd-20260805_174708,paired_hierarchical,1,0,0,9769808dfe284056,dpiA->citC,shared_complete_observation_shared_scores,maximum,prefix,complete,0,100,0.2,0.9,biological_error,2151398048,921666314,2151398048,dpiA,citC,False,identifiable,arcA|crp|dcuR|fnr|narL,100,0.02316667013359083,0.06816717584915165,0.41310359653691764,0.33985081301969683,0.3429383947869437,1755,,,,[],0,,False,True,
csd-20260805_174708,paired_hierarchical,1,0,0,9769808dfe284056,dpiA->citD,shared_complete_observation_shared_scores,maximum,prefix,complete,0,100,0.2,0.9,biological_error,2151398048,921666314,2151398048,dpiA,citD,False,identifiable,arcA|crp|dcuR|fnr|narL,100,0.0832914987103344,0.03984983191720464,0.14117615859795674,2.090134254101443,0.09178878681217162,1755,,,,[],0,,False,True,
csd-20260805_174708,paired_hierarchical,1,0,0,9769808dfe284056,dpiA->citE,shared_complete_observation_shared_scores,maximum,prefix,complete,0,100,0.2,0.9,biological_error,2151398048,921666314,2151398048,dpiA,citE,False,identifiable,arcA|crp|dcuR|fnr|narL,100,0.04734225829065834,0.038375875691754414,0.1309257197559037,1.2336463321625382,0.26684026251174686,1755,,,,[],0,,False,True,
csd-20260805_174708,paired_hierarchical,1,0,0,9769808dfe284056,dpiA->citF,shared_complete_observation_shared_scores,maximum,prefix,complete,0,100,0.2,0.9,biological_error,2151398048,921666314,2151398048,dpiA,citF,False,identifiable,arcA|crp|dcuR|fnr|narL,100,0.03979440176207202,0.04589251012719033,0.18723713948577078,0.867121925817143,0.19210692240992552,1755,,,,[],0,,False,True,
csd-20260805_174708,paired_hierarchical,1,0,0,9769808dfe284056,dpiA->citG,shared_complete_observation_shared_scores,maximum,prefix,complete,0,100,0.2,0.9,biological_error,2151398048,921666314,2151398048,dpiA,citG,False,identifiable,arcA|crp|dcuR|fnr|narL,100,0.041317210091171605,0.041921431841514756,0.156235811731298,0.9855868055120963,0.12683601268852393,1755,,,,[],0,,False,True,
csd-20260805_174708,paired_hierarchical,1,0,0,9769808dfe284056,dpiA->citX,shared_complete_observation_shared_scores,maximum,prefix,complete,0,100,0.2,0.9,biological_error,2151398048,921666314,2151398048,dpiA,citX,False,identifiable,arcA|crp|dcuR|fnr|narL,100,0.007109162227263679,0.03422012433773667,0.10410498816703305,0.20774799521765505,0.15427476326715378,1755,,,,[],0,,False,True,
csd-20260805_174708,paired_hierarchical,1,0,0,9769808dfe284056,dpiA->dpiB,shared_complete_observation_shared_scores,maximum,prefix,complete,0,100,0.2,0.9,biological_error,2151398048,921666314,2151398048,dpiA,dpiB,False,identifiable,arcA|crp|dcuR|fnr|narL,100,-0.005289743848695497,0.058097910124179294,0.30007470893581023,-0.09104878019517611,0.3425722763993284,1755,,,,[],0,,False,True,
csd-20260805_174708,paired_hierarchical,1,0,0,9769808dfe284056,dpiA->exuT,shared_complete_observation_shared_scores,maximum,prefix,complete,0,100,0.2,0.9,biological_error,2151398048,921666314,2151398048,dpiA,exuT,False,identifiable,arcA|crp|dcuR|exuR|fnr|nac|narL,100,-0.002064466740291235,0.0562523891511186,0.28056139407705116,-0.036700072147072216,0.346773143524778,1755,,,,[],0,,False,True,
csd-20260805_174708,paired_hierarchical,1,0,0,9769808dfe284056,dpiA->mdh,shared_complete_observation_shared_scores,maximum,prefix,complete,0,100,0.2,0.9,biological_error,2151398048,921666314,2151398048,dpiA,mdh,False,identifiable,arcA|btsR|crp|dcuR|flhC|flhD|fnr|narL|rpoD,100,-9.341636110166309e-05,0.035853643117766905,0.11245377827538613,-0.002605491464139988,0.3608090638061884,1755,,,,[],0,,False,True,
csd-20260805_174708,paired_hierarchical,1,0,0,9769808dfe284056,fnr->argK,shared_complete_observation_shared_scores,maximum,prefix,complete,0,100,0.2,0.9,biological_error,2151398048,921666314,2151398048,fnr,argK,False,identifiable,alpA|basR|btsR|glaR|glrR|nsrR|ptrR|rcdA,100,0.020643815662193296,0.14036919126240982,0.09139068431543979,0.1470679960220132,0.26260584042980434,1755,,,,[],0,,False,True,
csd-20260805_174708,paired_hierarchical,1,0,0,9769808dfe284056,fnr->mltA,shared_complete_observation_shared_scores,maximum,prefix,complete,0,100,0.2,0.9,biological_error,2151398048,921666314,2151398048,fnr,mltA,False,identifiable,alpA|basR|btsR|glaR|glrR|nsrR|ptrR|rcdA,100,0.005769778417503901,0.12469677150884949,0.07212216458680079,0.04627047154219571,0.1883358166972238,1755,,,,[],0,,False,True,
csd-20260805_174708,paired_hierarchical,1,0,0,9769808dfe284056,fnr->nfeR,shared_complete_observation_shared_scores,maximum,prefix,complete,0,100,0.2,0.9,biological_error,2151398048,921666314,2151398048,fnr,nfeR,False,identifiable,alpA|basR|btsR|glaR|glrR|nsrR|ptrR|rcdA,100,-0.00040654208643182613,0.019687821028197824,0.0017978507654353875,-0.020649420057687308,0.16403579737597673,1755,,,,[],0,,False,True,
csd-20260805_174708,paired_hierarchical,1,0,0,9769808dfe284056,fnr->pepT,shared_complete_observation_shared_scores,maximum,prefix,complete,0,100,0.2,0.9,biological_error,2151398048,921666314,2151398048,fnr,pepT,False,identifiable,alpA|basR|btsR|glaR|glrR|nsrR|ptrR|rcdA,100,-0.05227178803436446,0.15632474617494446,0.11334798346987633,-0.33437948446029536,0.050724894619510436,1755,,,,[],0,,False,True,
csd-20260805_174708,paired_hierarchical,1,0,0,9769808dfe284056,fnr->pitA,shared_complete_observation_shared_scores,maximum,prefix,complete,0,100,0.2,0.9,biological_error,2151398048,921666314,2151398048,fnr,pitA,False,identifiable,alpA|basR|btsR|glaR|glrR|nsrR|ptrR|rcdA,100,-0.018751862291785278,0.11612405608116351,0.06254645897841994,-0.16148128927462618,0.11991928624064108,1755,,,,[],0,,False,True,
csd-20260805_174708,paired_hierarchical,1,0,0,9769808dfe284056,fnr->scpA,shared_complete_observation_shared_scores,maximum,prefix,complete,0,100,0.2,0.9,biological_error,2151398048,921666314,2151398048,fnr,scpA,False,identifiable,alpA|basR|btsR|glaR|glrR|nsrR|ptrR|rcdA,100,0.37811835642930924,0.12045426435535764,0.06729808293814875,3.1391031148038477,0.11057360466983343,1755,,,,[],0,,False,True,
csd-20260805_174708,paired_hierarchical,1,0,0,9769808dfe284056,fnr->scpC,shared_complete_observation_shared_scores,maximum,prefix,complete,0,100,0.2,0.9,biological_error,2151398048,921666314,2151398048,fnr,scpC,False,identifiable,alpA|basR|btsR|glaR|glrR|nsrR|ptrR|rcdA,100,0.16710906894352465,0.15772982677045777,0.11539473296271913,1.0594639730804776,0.07552836746115232,1755,,,,[],0,,False,True,
csd-20260805_174708,paired_hierarchical,1,0,0,9769808dfe284056,fnr->ydfO,shared_complete_observation_shared_scores,maximum,prefix,complete,0,100,0.2,0.9,biological_error,2151398048,921666314,2151398048,fnr,ydfO,False,identifiable,alpA|basR|btsR|glaR|glrR|nsrR|ptrR|rcdA,100,-0.013471040018373012,0.17428247731177302,0.1408853330013371,-0.07729428813589066,0.21232835800602184,1755,,,,[],0,,False,True,
csd-20260805_174708,paired_hierarchical,1,0,0,9769808dfe284056,fnr->ydfZ,shared_complete_observation_shared_scores,maximum,prefix,complete,0,100,0.2,0.9,biological_error,2151398048,921666314,2151398048,fnr,ydfZ,False,identifiable,alpA|basR|btsR|glaR|glrR|nsrR|ptrR|rcdA,100,-0.19533549379525728,0.221211343396752,0.22697243673200723,-0.8830265699571958,0.2757033084257126,1755,,,,[],0,,False,True,
csd-20260805_174708,paired_hierarchical,1,0,0,9769808dfe284056,fnr->yffS,shared_complete_observation_shared_scores,maximum,prefix,complete,0,100,0.2,0.9,biological_error,2151398048,921666314,2151398048,fnr,yffS,False,identifiable,alpA|basR|btsR|glaR|glrR|nsrR|ptrR|rcdA,100,-0.044601861176993766,0.08111192602399812,0.030516010925415248,-0.5498804351384489,0.072396351247003,1755,,,,[],0,,False,True,
csd-20260805_174708,paired_hierarchical,1,0,0,9769808dfe284056,fnr->ygbA,shared_complete_observation_shared_scores,maximum,prefix,complete,0,100,0.2,0.9,biological_error,2151398048,921666314,2151398048,fnr,ygbA,False,identifiable,alpA|basR|btsR|glaR|glrR|nsrR|ptrR|rcdA,100,-0.1834131346824989,0.18039503779517346,0.15094109904084796,-1.0167304872917418,-0.11013551916381628,1755,,,,[],0,,False,True,
csd-20260805_174708,paired_hierarchical,1,0,0,9769808dfe284056,glcC->glcA,shared_complete_observation_shared_scores,maximum,prefix,complete,0,100,0.2,0.9,biological_error,2151398048,921666314,2151398048,glcC,glcA,False,identifiable,arcA|cra|crp|fis|ihfA|ihfB|lrp|nac|pdhR|rpoD,100,-0.1956636110077204,0.10871231863555275,0.08817209958790617,-1.7998292508474887,0.3975479886237855,1755,,,,[],0,,False,True,
csd-20260805_174708,paired_hierarchical,1,0,0,9769808dfe284056,glcC->glcB,shared_complete_observation_shared_scores,maximum,prefix,complete,0,100,0.2,0.9,biological_error,2151398048,921666314,2151398048,glcC,glcB,False,identifiable,arcA|cra|crp|fis|ihfA|ihfB|pdhR|rpoD,100,0.2847872614091675,0.18008166234023104,0.2421434612770234,1.5814339878266703,0.4062047506678021,1755,,,,[],0,,False,True,
csd-20260805_174708,paired_hierarchical,1,0,0,9769808dfe284056,glcC->glcD,shared_complete_observation_shared_scores,maximum,prefix,complete,0,100,0.2,0.9,biological_error,2151398048,921666314,2151398048,glcC,glcD,False,identifiable,arcA|cra|crp|fis|ihfA|ihfB|lldR|pdhR|rpoD,100,-0.008383107497970001,0.06546193723995528,0.03198068635719378,-0.128060791528994,0.2591227853163548,1755,,,,[],0,,False,True,
csd-20260805_174708,paired_hierarchical,1,0,0,9769808dfe284056,glcC->glcE,shared_complete_observation_shared_scores,maximum,prefix,complete,0,100,0.2,0.9,biological_error,2151398048,921666314,2151398048,glcC,glcE,False,identifiable,arcA|cra|crp|fis|ihfA|ihfB|pdhR|rpoD,100,0.12831679756308909,0.21624784029706023,0.34917032058121744,0.5933784003892014,0.09983948407175136,1755,,,,[],0,,False,True,
csd-20260805_174708,paired_hierarchical,1,0,0,9769808dfe284056,glcC->glcF,shared_complete_observation_shared_scores,maximum,prefix,complete,0,100,0.2,0.9,biological_error,2151398048,921666314,2151398048,glcC,glcF,False,identifiable,arcA|cra|crp|fis|ihfA|ihfB|pdhR|rpoD,100,-0.15390828741461035,0.13754518578040065,0.14126174038047765,-1.1189652806920805,0.11301623906931861,1755,,,,[],0,,False,True,
csd-20260805_174708,paired_hierarchical,1,0,0,9769808dfe284056,glcC->glcG,shared_complete_observation_shared_scores,maximum,prefix,complete,0,100,0.2,0.9,biological_error,2151398048,921666314,2151398048,glcC,glcG,False,identifiable,arcA|cra|crp|fis|ihfA|ihfB|pdhR|rpoD,100,0.028502713026735897,0.15157832309080724,0.17155680929114192,0.18803950621396273,0.14444788018757587,1755,,,,[],0,,False,True,
csd-20260805_174708,paired_hierarchical,1,0,0,9769808dfe284056,lldR->yfdY,shared_complete_observation_shared_scores,maximum,prefix,complete,0,100,0.2,0.9,biological_error,2151398048,921666314,2151398048,lldR,yfdY,False,identifiable,alpA|basR|btsR|glaR|glrR|nsrR|ptrR|rcdA,100,-0.023467512282668676,0.10582950370326356,0.08522196989894358,-0.22174829760583092,0.1884961114783356,1755,,,,[],0,,False,True,
csd-20260805_174708,paired_hierarchical,1,0,0,9769808dfe284056,lldR->yhcO,shared_complete_observation_shared_scores,maximum,prefix,complete,0,100,0.2,0.9,biological_error,2151398048,921666314,2151398048,lldR,yhcO,False,identifiable,alpA|basR|btsR|glaR|glrR|nsrR|ptrR|rcdA,100,0.0630805923428609,0.16573695307614936,0.20901466128436708,0.3806066853049841,0.30296336589067707,1755,,,,[],0,,False,True,
csd-20260805_174708,paired_hierarchical,1,0,0,9769808dfe284056,putA->putP,shared_complete_observation_shared_scores,maximum,prefix,complete,0,100,0.2,0.9,biological_error,2151398048,921666314,2151398048,putA,putP,False,identifiable,arcA|basR|crp|marA|rpoD|yeiE,100,0.006034638839383734,0.07873995911744305,0.03328071392371097,0.07664010633257867,-0.18332362896157567,1755,,,,[],0,,False,True,
csd-20260805_174708,paired_hierarchical,1,0,0,9769808dfe284056,puuR->puuA,shared_complete_observation_shared_scores,maximum,prefix,complete,0,100,0.2,0.9,biological_error,2151398048,921666314,2151398048,puuR,puuA,False,identifiable,acrR|arcA|crp|fnr|ptrR|rpoS,100,-0.07533329883588356,0.06701060079810789,0.07433324588726674,-1.124199722710301,-0.20472981602874907,1755,,,,[],0,,False,True,
csd-20260805_174708,paired_hierarchical,1,0,0,9769808dfe284056,puuR->puuB,shared_complete_observation_shared_scores,maximum,prefix,complete,0,100,0.2,0.9,biological_error,2151398048,921666314,2151398048,puuR,puuB,False,identifiable,arcA|argR|crp|fimZ|ptrR|rpoS,100,0.12283544183546924,0.087886893943549,0.12792843608948587,1.397653692419352,-0.0938162863067013,1755,,,,[],0,,False,True,
csd-20260805_174708,paired_hierarchical,1,0,0,9769808dfe284056,puuR->puuC,shared_complete_observation_shared_scores,maximum,prefix,complete,0,100,0.2,0.9,biological_error,2151398048,921666314,2151398048,puuR,puuC,False,identifiable,arcA|crp|fimZ|ptrR|rpoS,100,0.03869601284692302,0.05976475196364235,0.05915789655242499,0.647472156672943,-0.20234495188779048,1755,,,,[],0,,False,True,
csd-20260805_174708,paired_hierarchical,1,0,0,9769808dfe284056,puuR->puuD,shared_complete_observation_shared_scores,maximum,prefix,complete,0,100,0.2,0.9,biological_error,2151398048,921666314,2151398048,puuR,puuD,False,identifiable,arcA|crp|fimZ|rpoS,100,-0.008419793992643528,0.08398001601120697,0.11746269145357821,-0.10025949496746848,-0.11070693364244197,1755,,,,[],0,,False,True,
csd-20260805_174708,paired_hierarchical,1,0,0,9769808dfe284056,puuR->puuE,shared_complete_observation_shared_scores,maximum,prefix,complete,0,100,0.2,0.9,biological_error,2151398048,921666314,2151398048,puuR,puuE,False,identifiable,arcA|crp|ptrR|rpoS|spf,100,-0.02649680394944512,0.11145440126533498,0.20551424221813255,-0.2377367214630246,-0.42784589264590056,1755,,,,[],0,,False,True,
csd-20260805_174708,paired_hierarchical,1,0,0,9769808dfe284056,puuR->puuP,shared_complete_observation_shared_scores,maximum,prefix,complete,0,100,0.2,0.9,biological_error,2151398048,921666314,2151398048,puuR,puuP,False,identifiable,arcA|crp|fnr|rpoN|rpoS,100,-0.07598011800843206,0.08896400809193514,0.13172355923249762,-0.8540545737318224,-0.12427188061013739,1755,,,,[],0,,False,True,
csd-20260805_174708,paired_hierarchical,1,0,0,9769808dfe284056,puuR->ymjE,shared_complete_observation_shared_scores,maximum,prefix,complete,0,100,0.2,0.9,biological_error,2151398048,921666314,2151398048,puuR,ymjE,False,identifiable,arcA|crp|fnr|rpoN|rpoS,100,-0.01522577674499848,0.09066135139896879,0.1367978122388933,-0.16794120658973172,-0.12016166209583923,1755,,,,[],0,,False,True,
csd-20260805_174708,paired_hierarchical,1,0,0,9769808dfe284056,rplD->rplB,shared_complete_observation_shared_scores,maximum,prefix,complete,0,100,0.2,0.9,biological_error,2151398048,921666314,2151398048,rplD,rplB,False,identifiable,arcA|dksA|fnr|rpoD,100,-0.004791836403053801,0.16292789658390855,0.058099926550456975,-0.029410779268153046,-0.36946185333503057,1755,,,,[],0,,False,True,
csd-20260805_174708,paired_hierarchical,1,0,0,9769808dfe284056,rplD->rplC,shared_complete_observation_shared_scores,maximum,prefix,complete,0,100,0.2,0.9,biological_error,2151398048,921666314,2151398048,rplD,rplC,False,identifiable,arcA|dksA|fnr|rpoD,100,-0.023678816168548455,0.22250328158702715,0.1083571373255302,-0.10642007614295351,-0.11564635518672321,1755,,,,[],0,,False,True,
csd-20260805_174708,paired_hierarchical,1,0,0,9769808dfe284056,rplD->rplP,shared_complete_observation_shared_scores,maximum,prefix,complete,0,100,0.2,0.9,biological_error,2151398048,921666314,2151398048,rplD,rplP,False,identifiable,arcA|dksA|fnr|rpoD,100,-0.01273125460435747,0.26643137287779617,0.15536579337586726,-0.04778436738453058,-0.18669645655940467,1755,,,,[],0,,False,True,
csd-20260805_174708,paired_hierarchical,1,0,0,9769808dfe284056,rplD->rplV,shared_complete_observation_shared_scores,maximum,prefix,complete,0,100,0.2,0.9,biological_error,2151398048,921666314,2151398048,rplD,rplV,False,identifiable,arcA|dksA|fnr|rpoD,100,-0.07196668685481335,0.3614054066098804,0.285873548442211,-0.19913007812995417,-0.21840433552148328,1755,,,,[],0,,False,True,
csd-20260805_174708,paired_hierarchical,1,0,0,9769808dfe284056,rplD->rplW,shared_complete_observation_shared_scores,maximum,prefix,complete,0,100,0.2,0.9,biological_error,2151398048,921666314,2151398048,rplD,rplW,False,identifiable,arcA|dksA|fnr|rpoD,100,0.026068575271143063,0.24757123457587274,0.1341482608285192,0.10529727056458116,-0.1422452075748433,1755,,,,[],0,,False,True,
csd-20260805_174708,paired_hierarchical,1,0,0,9769808dfe284056,rplD->rpmC,shared_complete_observation_shared_scores,maximum,prefix,complete,0,100,0.2,0.9,biological_error,2151398048,921666314,2151398048,rplD,rpmC,False,identifiable,arcA|dksA|fnr|rpoD,100,-0.02573997167425697,0.28768843693161195,0.1811463113919284,-0.08947169357514277,-0.11947173862728112,1755,,,,[],0,,False,True,
csd-20260805_174708,paired_hierarchical,1,0,0,9769808dfe284056,rplD->rpsC,shared_complete_observation_shared_scores,maximum,prefix,complete,0,100,0.2,0.9,biological_error,2151398048,921666314,2151398048,rplD,rpsC,False,identifiable,arcA|dksA|fnr|rpoD,100,0.013794825142026968,0.2437288472415975,0.1300165239137395,0.056599066126763305,-0.1690740314368945,1755,,,,[],0,,False,True,
csd-20260805_174708,paired_hierarchical,1,0,0,9769808dfe284056,rplD->rpsJ,shared_complete_observation_shared_scores,maximum,prefix,complete,0,100,0.2,0.9,biological_error,2151398048,921666314,2151398048,rplD,rpsJ,False,identifiable,arcA|dksA|fnr|rpoD,100,-0.0028318995682040486,0.2069040120751671,0.09369631399943258,-0.013687021048075352,-0.28073134930232535,1755,,,,[],0,,False,True,
csd-20260805_174708,paired_hierarchical,1,0,0,9769808dfe284056,rplD->rpsQ,shared_complete_observation_shared_scores,maximum,prefix,complete,0,100,0.2,0.9,biological_error,2151398048,921666314,2151398048,rplD,rpsQ,False,identifiable,arcA|dksA|fnr|rpoD,100,0.14713182533252028,0.34568002473874637,0.26153706793773784,0.4256301053082766,-0.1813388853380833,1755,,,,[],0,,False,True,
csd-20260805_174708,paired_hierarchical,1,0,0,9769808dfe284056,rplD->rpsS,shared_complete_observation_shared_scores,maximum,prefix,complete,0,100,0.2,0.9,biological_error,2151398048,921666314,2151398048,rplD,rpsS,False,identifiable,arcA|dksA|fnr|rpoD,100,-0.6051054401863152,0.21838133276400606,0.10437961871230751,-2.770866138271181,-0.3672326517237228,1755,,,,[],0,,False,True,
csd-20260805_174708,paired_hierarchical,1,0,0,9769808dfe284056,rplD->tnaA,shared_complete_observation_shared_scores,maximum,prefix,complete,0,100,0.2,0.9,biological_error,2151398048,921666314,2151398048,rplD,tnaA,False,identifiable,arcA|crp|dksA|fnr|nac|rpoD|torR|zraR,100,-0.1156894758806564,0.3044679754250717,0.20253071646690127,-0.3799725594100359,-0.4558392865824446,1755,,,,[],0,,False,True,
csd-20260805_174708,paired_hierarchical,1,0,0,9769808dfe284056,rpoS->blr,shared_complete_observation_shared_scores,maximum,prefix,complete,0,100,0.2,0.9,biological_error,2151398048,921666314,2151398048,rpoS,blr,False,identifiable,alpA|basR|btsR|glaR|glrR|nsrR|ptrR|rcdA,100,0.007649320362203334,0.05309527450040659,0.023061113655943252,0.144067818354433,0.27414090180365697,1755,,,,[],0,,False,True,
csd-20260805_174708,paired_hierarchical,1,0,0,9769808dfe284056,rpoS->dkgB,shared_complete_observation_shared_scores,maximum,prefix,complete,0,100,0.2,0.9,biological_error,2151398048,921666314,2151398048,rpoS,dkgB,False,identifiable,alpA|basR|btsR|glaR|glrR|nsrR|ptrR|rcdA,100,-0.02558285386690698,0.1362875021054841,0.1519429657070915,-0.1877123982146676,0.16255230628322048,1755,,,,[],0,,False,True,
csd-20260805_174708,paired_hierarchical,1,0,0,9769808dfe284056,rpoS->fic,shared_complete_observation_shared_scores,maximum,prefix,complete,0,100,0.2,0.9,biological_error,2151398048,921666314,2151398048,rpoS,fic,False,identifiable,alpA|basR|btsR|glaR|glrR|nsrR|ptrR|rcdA,100,0.00804299558665644,0.11996472433112039,0.11772688585726014,0.06704467193586493,0.15738219117467928,1755,,,,[],0,,False,True,
csd-20260805_174708,paired_hierarchical,1,0,0,9769808dfe284056,rpoS->insCD5,shared_complete_observation_shared_scores,maximum,prefix,complete,0,100,0.2,0.9,biological_error,2151398048,921666314,2151398048,rpoS,insCD5,False,identifiable,alpA|basR|btsR|glaR|glrR|nsrR|ptrR|rcdA,100,-0.005259863670443775,0.11221405200250431,0.10300611914903879,-0.04687348488517632,0.11618518044300198,1755,,,,[],0,,False,True,
csd-20260805_174708,paired_hierarchical,1,0,0,9769808dfe284056,rpoS->insD5,shared_complete_observation_shared_scores,maximum,prefix,complete,0,100,0.2,0.9,biological_error,2151398048,921666314,2151398048,rpoS,insD5,False,identifiable,alpA|basR|btsR|glaR|glrR|nsrR|ptrR|rcdA,100,-0.03761178320626294,0.154709774626326,0.19579610238967113,-0.24311187381086632,0.23933530631644567,1755,,,,[],0,,False,True,
csd-20260805_174708,paired_hierarchical,1,0,0,9769808dfe284056,rpoS->insI1,shared_complete_observation_shared_scores,maximum,prefix,complete,0,100,0.2,0.9,biological_error,2151398048,921666314,2151398048,rpoS,insI1,False,identifiable,alpA|basR|btsR|glaR|glrR|nsrR|ptrR|rcdA,100,-0.021126730152158383,0.08128260685019552,0.05404602808387555,-0.25991698557472587,0.1901482130077821,1755,,,,[],0,,False,True,
csd-20260805_174708,paired_hierarchical,1,0,0,9769808dfe284056,rpoS->insN,shared_complete_observation_shared_scores,maximum,prefix,complete,0,100,0.2,0.9,biological_error,2151398048,921666314,2151398048,rpoS,insN,False,identifiable,alpA|basR|btsR|glaR|glrR|nsrR|ptrR|rcdA,100,0.03592381150790492,0.10345409607210702,0.08755156552607812,0.3472439745920373,0.3008605493273949,1755,,,,[],0,,False,True,
csd-20260805_174708,paired_hierarchical,1,0,0,9769808dfe284056,rpoS->ldcC,shared_complete_observation_shared_scores,maximum,prefix,complete,0,100,0.2,0.9,biological_error,2151398048,921666314,2151398048,rpoS,ldcC,False,identifiable,alpA|basR|btsR|glaR|glrR|nsrR|ptrR|rcdA,100,0.08446149232389306,0.133250434464478,0.14524654240117055,0.6338552865762616,0.26944666639383513,1755,,,,[],0,,False,True,
csd-20260805_174708,paired_hierarchical,1,0,0,9769808dfe284056,rpoS->msyB,shared_complete_observation_shared_scores,maximum,prefix,complete,0,100,0.2,0.9,biological_error,2151398048,921666314,2151398048,rpoS,msyB,False,identifiable,alpA|basR|btsR|glaR|glrR|nsrR|ptrR|rcdA,100,-0.017518586666158926,0.13178201634201236,0.1420629509953633,-0.13293609517017207,0.23376591245805037,1755,,,,[],0,,False,True,
csd-20260805_174708,paired_hierarchical,1,0,0,9769808dfe284056,rpoS->otsA,shared_complete_observation_shared_scores,maximum,prefix,complete,0,100,0.2,0.9,biological_error,2151398048,921666314,2151398048,rpoS,otsA,False,identifiable,alpA|basR|btsR|glaR|glrR|nsrR|ptrR|rcdA,100,0.02266939243206906,0.1204447328900462,0.11867087948901996,0.18821406206914762,0.4055469279839965,1755,,,,[],0,,False,True,
csd-20260805_174708,paired_hierarchical,1,0,0,9769808dfe284056,rpoS->otsB,shared_complete_observation_shared_scores,maximum,prefix,complete,0,100,0.2,0.9,biological_error,2151398048,921666314,2151398048,rpoS,otsB,False,identifiable,alpA|basR|btsR|glaR|glrR|nsrR|ptrR|rcdA,100,0.04031122041696266,0.13524781295724464,0.14963356993170915,0.2980545085021529,0.09784102190314274,1755,,,,[],0,,False,True,
csd-20260805_174708,paired_hierarchical,1,0,0,9769808dfe284056,rpoS->rssA,shared_complete_observation_shared_scores,maximum,prefix,complete,0,100,0.2,0.9,biological_error,2151398048,921666314,2151398048,rpoS,rssA,False,identifiable,alpA|basR|btsR|glaR|glrR|nsrR|ptrR|rcdA,100,-0.03155125053371002,0.10498029884041114,0.090153822362712,-0.30054449151143653,0.10888094374658926,1755,,,,[],0,,False,True,
csd-20260805_174708,paired_hierarchical,1,0,0,9769808dfe284056,rpoS->rssB,shared_complete_observation_shared_scores,maximum,prefix,complete,0,100,0.2,0.9,biological_error,2151398048,921666314,2151398048,rpoS,rssB,False,identifiable,alpA|basR|btsR|glaR|glrR|nsrR|ptrR|rcdA,100,-0.021550689046443014,0.08652481788539633,0.061242078678929196,-0.24906945282435944,0.2294203041659701,1755,,,,[],0,,False,True,
csd-20260805_174708,paired_hierarchical,1,0,0,9769808dfe284056,rpoS->treF,shared_complete_observation_shared_scores,maximum,prefix,complete,0,100,0.2,0.9,biological_error,2151398048,921666314,2151398048,rpoS,treF,False,identifiable,alpA|basR|btsR|glaR|glrR|nsrR|ptrR|rcdA,100,-0.05227272695104786,0.13751693246270666,0.15469664238045244,-0.3801184771571584,0.20701326523172775,1755,,,,[],0,,False,True,
csd-20260805_174708,paired_hierarchical,1,0,0,9769808dfe284056,rpoS->yabI,shared_complete_observation_shared_scores,maximum,prefix,complete,0,100,0.2,0.9,biological_error,2151398048,921666314,2151398048,rpoS,yabI,False,identifiable,alpA|basR|btsR|glaR|glrR|nsrR|ptrR|rcdA,100,0.09743735021517305,0.16589116711461066,0.22512050823066035,0.5873570721692233,0.19747414497107457,1755,,,,[],0,,False,True,
csd-20260805_174708,paired_hierarchical,1,0,0,9769808dfe284056,rpoS->ydbD,shared_complete_observation_shared_scores,maximum,prefix,complete,0,100,0.2,0.9,biological_error,2151398048,921666314,2151398048,rpoS,ydbD,False,identifiable,alpA|basR|btsR|glaR|glrR|nsrR|ptrR|rcdA,100,0.0680238479340923,0.1292737109203625,0.13670643781617392,0.5262001643628654,0.18352870440817431,1755,,,,[],0,,False,True,
csd-20260805_174708,paired_hierarchical,1,0,0,9769808dfe284056,rpoS->yffO,shared_complete_observation_shared_scores,maximum,prefix,complete,0,100,0.2,0.9,biological_error,2151398048,921666314,2151398048,rpoS,yffO,False,identifiable,alpA|basR|btsR|glaR|glrR|nsrR|ptrR|rcdA,100,0.0642970141151696,0.15745852535283156,0.20281538440951552,0.40834253954235544,0.16787288321196975,1755,,,,[],0,,False,True,
csd-20260805_174708,paired_hierarchical,1,0,0,9769808dfe284056,rpoS->yffP,shared_complete_observation_shared_scores,maximum,prefix,complete,0,100,0.2,0.9,biological_error,2151398048,921666314,2151398048,rpoS,yffP,False,identifiable,alpA|basR|btsR|glaR|glrR|nsrR|ptrR|rcdA,100,-0.05352878449277619,0.10650397934060817,0.09278979278127722,-0.5025989153098862,0.18615382548384957,1755,,,,[],0,,False,True,
csd-20260805_174708,paired_hierarchical,1,0,0,9769808dfe284056,rpoS->yggE,shared_complete_observation_shared_scores,maximum,prefix,complete,0,100,0.2,0.9,biological_error,2151398048,921666314,2151398048,rpoS,yggE,False,identifiable,alpA|basR|btsR|glaR|glrR|nsrR|ptrR|rcdA,100,-0.1238687807858388,0.08914819844990202,0.06501202260284654,-1.3894703756178366,0.27866582514123683,1755,,,,[],0,,False,True,
csd-20260805_174708,paired_hierarchical,1,0,0,9769808dfe284056,rpoS->yhfG,shared_complete_observation_shared_scores,maximum,prefix,complete,0,100,0.2,0.9,biological_error,2151398048,921666314,2151398048,rpoS,yhfG,False,identifiable,alpA|basR|btsR|glaR|glrR|nsrR|ptrR|rcdA,100,-0.0354880558723043,0.10525131162788677,0.09061989792873884,-0.33717447624568697,0.09160469295940848,1755,,,,[],0,,False,True,
csd-20260805_174708,paired_hierarchical,1,0,0,9769808dfe284056,rpoS->yhjG,shared_complete_observation_shared_scores,maximum,prefix,complete,0,100,0.2,0.9,biological_error,2151398048,921666314,2151398048,rpoS,yhjG,False,identifiable,alpA|basR|btsR|glaR|glrR|nsrR|ptrR|rcdA,100,0.004715353017066597,0.11468993656810153,0.10760170684406511,0.04111392122243154,0.19994380979449816,1755,,,,[],0,,False,True,
csd-20260805_174708,paired_hierarchical,1,0,0,9769808dfe284056,rpoS->yihG,shared_complete_observation_shared_scores,maximum,prefix,complete,0,100,0.2,0.9,biological_error,2151398048,921666314,2151398048,rpoS,yihG,False,identifiable,alpA|basR|btsR|glaR|glrR|nsrR|ptrR|rcdA,100,0.01612367091287834,0.13781091139525567,0.15535875959249107,0.11699850722729796,0.08890882975730972,1755,,,,[],0,,False,True,
csd-20260805_174708,paired_hierarchical,1,0,0,9769808dfe284056,rpoS->yqiH,shared_complete_observation_shared_scores,maximum,prefix,complete,0,100,0.2,0.9,biological_error,2151398048,921666314,2151398048,rpoS,yqiH,False,identifiable,alpA|basR|btsR|glaR|glrR|nsrR|ptrR|rcdA,100,0.0692622584223653,0.0714879035026623,0.04180552262713287,0.9688668296138504,0.15932123066535886,1755,,,,[],0,,False,True,
csd-20260805_174708,paired_hierarchical,1,0,0,9769808dfe284056,rpoS->yqiI,shared_complete_observation_shared_scores,maximum,prefix,complete,0,100,0.2,0.9,biological_error,2151398048,921666314,2151398048,rpoS,yqiI,False,identifiable,alpA|basR|btsR|glaR|glrR|nsrR|ptrR|rcdA,100,-0.05104713239300627,0.16320680188067482,0.217893886162775,-0.3127757654998245,0.2901715457189495,1755,,,,[],0,,False,True,
csd-20260805_174708,paired_hierarchical,1,0,0,9769808dfe284056,xylR->araC,shared_complete_observation_shared_scores,maximum,prefix,complete,0,100,0.2,0.9,biological_error,2151398048,921666314,2151398048,xylR,araC,False,identifiable,arcA|crp|dicF|fis|rpoD,100,-0.07248937998081595,0.03440531476450209,0.03419519308694729,-2.1069239004785194,-0.1708601175807823,1755,,,,[],0,,False,True,
csd-20260805_174708,paired_hierarchical,1,0,0,9769808dfe284056,xylR->xylA,shared_complete_observation_shared_scores,maximum,prefix,complete,0,100,0.2,0.9,biological_error,2151398048,921666314,2151398048,xylR,xylA,False,identifiable,arcA|crp|dicF|fis|rpoD,100,0.04030579847307329,0.07535050857434604,0.16401605632230298,0.5349107688278546,0.3133999788621373,1755,,,,[],0,,False,True,
csd-20260805_174708,paired_hierarchical,1,0,0,9769808dfe284056,xylR->xylB,shared_complete_observation_shared_scores,maximum,prefix,complete,0,100,0.2,0.9,biological_error,2151398048,921666314,2151398048,xylR,xylB,False,identifiable,arcA|crp|dicF|fis|rpoD,100,0.002999855652076484,0.08550372259230198,0.21119519624508545,0.03508450347104028,0.12335043490483172,1755,,,,[],0,,False,True,
csd-20260805_174708,paired_hierarchical,1,0,0,9769808dfe284056,xylR->xylE,shared_complete_observation_shared_scores,maximum,prefix,complete,0,100,0.2,0.9,biological_error,2151398048,921666314,2151398048,xylR,xylE,False,identifiable,arcA|cpxR|crp|dicF|fis|rpoD,100,-0.02127466516961354,0.08369733608454051,0.1968915267678958,-0.25418569054724216,0.5962368453044895,1755,,,,[],0,,False,True,
csd-20260805_174708,paired_hierarchical,1,0,0,9769808dfe284056,xylR->xylF,shared_complete_observation_shared_scores,maximum,prefix,complete,0,100,0.2,0.9,biological_error,2151398048,921666314,2151398048,xylR,xylF,False,identifiable,arcA|crp|dicF|fis|spf,100,0.036067073297126453,0.061651329550553476,0.10980714055486084,0.5850169584348025,0.24602098051854848,1755,,,,[],0,,False,True,
csd-20260805_174708,paired_hierarchical,1,0,0,9769808dfe284056,xylR->xylG,shared_complete_observation_shared_scores,maximum,prefix,complete,0,100,0.2,0.9,biological_error,2151398048,921666314,2151398048,xylR,xylG,False,identifiable,arcA|crp|dicF|fis,100,0.20613220835362012,0.06260473906506887,0.11327469261073322,3.2925975162898533,0.19607120217828614,1755,,,,[],0,,False,True,
csd-20260805_174708,paired_hierarchical,1,0,0,9769808dfe284056,xylR->xylH,shared_complete_observation_shared_scores,maximum,prefix,complete,0,100,0.2,0.9,biological_error,2151398048,921666314,2151398048,xylR,xylH,False,identifiable,arcA|crp|dicF|fis,100,0.00545221986022973,0.04671288125163185,0.0630654913365872,0.1167176957220823,0.1681268982547298,1755,,,,[],0,,False,True,
csd-20260805_174708,paired_hierarchical,1,0,0,9769808dfe284056,argP->asd,shared_complete_observation_shared_scores,maximum,prefix,complete,0,100,0.2,0.9,biological_error,2151398048,921666314,2151398048,argP,asd,False,identifiable,alpA|basR|btsR|glaR|glrR|nsrR|ptrR|rcdA,100,-0.37612836753462026,0.14901607359519844,0.08932551066398844,-2.524079171193112,0.088123076127816,1755,,,,[],0,,False,True,
csd-20260805_174708,paired_hierarchical,1,0,0,9769808dfe284056,lrp->alaS,shared_complete_observation_shared_scores,maximum,prefix,complete,0,100,0.2,0.9,biological_error,2151398048,921666314,2151398048,lrp,alaS,False,identifiable,alpA|basR|btsR|glaR|glrR|nsrR|ptrR|rcdA,100,-0.12592330869641688,0.05955355070995431,0.03282166872329505,-2.114455094536772,-0.23271200465302466,1755,,,,[],0,,False,True,
csd-20260805_174708,paired_hierarchical,1,0,0,9769808dfe284056,lrp->amiC,shared_complete_observation_shared_scores,maximum,prefix,complete,0,100,0.2,0.9,biological_error,2151398048,921666314,2151398048,lrp,amiC,False,identifiable,alpA|basR|btsR|glaR|glrR|nsrR|ptrR|rcdA,100,0.16971564944337053,0.09035686200822995,0.07555576676958191,1.8782818003121042,-0.14452871335064377,1755,,,,[],0,,False,True,
csd-20260805_174708,paired_hierarchical,1,0,0,9769808dfe284056,lrp->aphA,shared_complete_observation_shared_scores,maximum,prefix,complete,0,100,0.2,0.9,biological_error,2151398048,921666314,2151398048,lrp,aphA,False,identifiable,alpA|basR|btsR|glaR|glrR|nsrR|ptrR|rcdA,100,0.008374495322359607,0.08324855290317593,0.06413553522315002,0.10059628702615106,-0.16970997889113454,1755,,,,[],0,,False,True,
csd-20260805_174708,paired_hierarchical,1,0,0,9769808dfe284056,lrp->arcB,shared_complete_observation_shared_scores,maximum,prefix,complete,0,100,0.2,0.9,biological_error,2151398048,921666314,2151398048,lrp,arcB,False,identifiable,alpA|basR|btsR|glaR|glrR|nsrR|ptrR|rcdA,100,0.06188810616536145,0.09454404432043939,0.08272060267148006,0.6545955021302375,-0.36515102244364617,1755,,,,[],0,,False,True,
csd-20260805_174708,paired_hierarchical,1,0,0,9769808dfe284056,lrp->aspS,shared_complete_observation_shared_scores,maximum,prefix,complete,0,100,0.2,0.9,biological_error,2151398048,921666314,2151398048,lrp,aspS,False,identifiable,alpA|basR|btsR|glaR|glrR|nsrR|ptrR|rcdA,100,-0.04970652841922724,0.10733226821034772,0.10661196594116716,-0.4631088977064506,-0.29637972778238036,1755,,,,[],0,,False,True,
csd-20260805_174708,paired_hierarchical,1,0,0,9769808dfe284056,lrp->avtA,shared_complete_observation_shared_scores,maximum,prefix,complete,0,100,0.2,0.9,biological_error,2151398048,921666314,2151398048,lrp,avtA,False,identifiable,alpA|basR|btsR|glaR|glrR|nsrR|ptrR|rcdA,100,-0.10830861243131179,0.1288375928070132,0.15361390916200274,-0.8406600129012661,0.21027527892962464,1755,,,,[],0,,False,True,
csd-20260805_174708,paired_hierarchical,1,0,0,9769808dfe284056,lrp->brnQ,shared_complete_observation_shared_scores,maximum,prefix,complete,0,100,0.2,0.9,biological_error,2151398048,921666314,2151398048,lrp,brnQ,False,identifiable,alpA|basR|btsR|glaR|glrR|nsrR|ptrR|rcdA,100,-0.09823085563779499,0.08343115709121,0.06441720406459508,-1.1773881492546652,-0.3006441053465016,1755,,,,[],0,,False,True,
csd-20260805_174708,paired_hierarchical,1,0,0,9769808dfe284056,lrp->cpoB,shared_complete_observation_shared_scores,maximum,prefix,complete,0,100,0.2,0.9,biological_error,2151398048,921666314,2151398048,lrp,cpoB,False,identifiable,alpA|basR|btsR|glaR|glrR|nsrR|ptrR|rcdA,100,-0.0742362019906172,0.09179789191766723,0.07798494199067924,-0.8086917949836914,-0.24826449079943863,1755,,,,[],0,,False,True,
csd-20260805_174708,paired_hierarchical,1,0,0,9769808dfe284056,lrp->dedA,shared_complete_observation_shared_scores,maximum,prefix,complete,0,100,0.2,0.9,biological_error,2151398048,921666314,2151398048,lrp,dedA,False,identifiable,alpA|basR|btsR|glaR|glrR|nsrR|ptrR|rcdA,100,-0.04152314147253543,0.07582000194664637,0.05320015772883228,-0.5476541863155684,-0.2478892991846497,1755,,,,[],0,,False,True,
csd-20260805_174708,paired_hierarchical,1,0,0,9769808dfe284056,lrp->dgcM,shared_complete_observation_shared_scores,maximum,prefix,complete,0,100,0.2,0.9,biological_error,2151398048,921666314,2151398048,lrp,dgcM,False,identifiable,alpA|basR|btsR|glaR|glrR|nsrR|ptrR|rcdA,100,0.006429042656657394,0.06909103980378575,0.04417624470089738,0.09305175714413148,0.07989098704106194,1755,,,,[],0,,False,True,
csd-20260805_174708,paired_hierarchical,1,0,0,9769808dfe284056,lrp->dgcQ,shared_complete_observation_shared_scores,maximum,prefix,complete,0,100,0.2,0.9,biological_error,2151398048,921666314,2151398048,lrp,dgcQ,False,identifiable,alpA|basR|btsR|glaR|glrR|nsrR|ptrR|rcdA,100,0.005139760916947065,0.0693652083884496,0.04452754262761774,0.07409710193854065,-0.12265709127472162,1755,,,,[],0,,False,True,
csd-20260805_174708,paired_hierarchical,1,0,0,9769808dfe284056,lrp->dtpB,shared_complete_observation_shared_scores,maximum,prefix,complete,0,100,0.2,0.9,biological_error,2151398048,921666314,2151398048,lrp,dtpB,False,identifiable,alpA|basR|btsR|glaR|glrR|nsrR|ptrR|rcdA,100,-0.024843386908921697,0.08626848125357336,0.06887310175507386,-0.28797756200086866,-0.4544062448053266,1755,,,,[],0,,False,True,
csd-20260805_174708,paired_hierarchical,1,0,0,9769808dfe284056,lrp->eco,shared_complete_observation_shared_scores,maximum,prefix,complete,0,100,0.2,0.9,biological_error,2151398048,921666314,2151398048,lrp,eco,False,identifiable,alpA|basR|btsR|glaR|glrR|nsrR|ptrR|rcdA,100,-0.08784925422526142,0.11203228183118517,0.11615333950329551,-0.7841423274555478,-0.38695359516412325,1755,,,,[],0,,False,True,
csd-20260805_174708,paired_hierarchical,1,0,0,9769808dfe284056,lrp->insH3,shared_complete_observation_shared_scores,maximum,prefix,complete,0,100,0.2,0.9,biological_error,2151398048,921666314,2151398048,lrp,insH3,False,identifiable,alpA|basR|btsR|glaR|glrR|nsrR|ptrR|rcdA,100,0.0932295402642054,0.06337410385452628,0.03716798351655427,1.4710983602736465,0.17950527021875776,1755,,,,[],0,,False,True,
csd-20260805_174708,paired_hierarchical,1,0,0,9769808dfe284056,lrp->intZ,shared_complete_observation_shared_scores,maximum,prefix,complete,0,100,0.2,0.9,biological_error,2151398048,921666314,2151398048,lrp,intZ,False,identifiable,alpA|basR|btsR|glaR|glrR|nsrR|ptrR|rcdA,100,0.043390200470788974,0.12192817463863616,0.1375794223484118,0.3558668913020834,-0.2122179979073754,1755,,,,[],0,,False,True,
csd-20260805_174708,paired_hierarchical,1,0,0,9769808dfe284056,lrp->leuE,shared_complete_observation_shared_scores,maximum,prefix,complete,0,100,0.2,0.9,biological_error,2151398048,921666314,2151398048,lrp,leuE,False,identifiable,alpA|basR|btsR|glaR|glrR|nsrR|ptrR|rcdA,100,-0.04785788849803567,0.13123559846300822,0.15938544141952773,-0.36467154536217944,-0.12978758903234736,1755,,,,[],0,,False,True,
csd-20260805_174708,paired_hierarchical,1,0,0,9769808dfe284056,lrp->lipA,shared_complete_observation_shared_scores,maximum,prefix,complete,0,100,0.2,0.9,biological_error,2151398048,921666314,2151398048,lrp,lipA,False,identifiable,alpA|basR|btsR|glaR|glrR|nsrR|ptrR|rcdA,100,-0.1557684456778111,0.05173384426453449,0.024768222486925284,-3.0109582593806246,0.2018267538991081,1755,,,,[],0,,False,True,
csd-20260805_174708,paired_hierarchical,1,0,0,9769808dfe284056,lrp->lolC,shared_complete_observation_shared_scores,maximum,prefix,complete,0,100,0.2,0.9,biological_error,2151398048,921666314,2151398048,lrp,lolC,False,identifiable,alpA|basR|btsR|glaR|glrR|nsrR|ptrR|rcdA,100,0.01008602926850381,0.1052540120605746,0.1025233186775953,0.09582560389906289,0.3422573485739418,1755,,,,[],0,,False,True,
csd-20260805_174708,paired_hierarchical,1,0,0,9769808dfe284056,lrp->lpxL,shared_complete_observation_shared_scores,maximum,prefix,complete,0,100,0.2,0.9,biological_error,2151398048,921666314,2151398048,lrp,lpxL,False,identifiable,alpA|basR|btsR|glaR|glrR|nsrR|ptrR|rcdA,100,0.030056103705492252,0.08658624629911901,0.06938141651683101,0.3471233017962353,-0.26222025609588956,1755,,,,[],0,,False,True,
csd-20260805_174708,paired_hierarchical,1,0,0,9769808dfe284056,lrp->mnmA,shared_complete_observation_shared_scores,maximum,prefix,complete,0,100,0.2,0.9,biological_error,2151398048,921666314,2151398048,lrp,mnmA,False,identifiable,alpA|basR|btsR|glaR|glrR|nsrR|ptrR|rcdA,100,-0.14961162447538956,0.09736879195463359,0.08773742839866337,-1.5365459658275018,-0.18235230762354035,1755,,,,[],0,,False,True,
csd-20260805_174708,paired_hierarchical,1,0,0,9769808dfe284056,lrp->msbA,shared_complete_observation_shared_scores,maximum,prefix,complete,0,100,0.2,0.9,biological_error,2151398048,921666314,2151398048,lrp,msbA,False,identifiable,alpA|basR|btsR|glaR|glrR|nsrR|ptrR|rcdA,100,0.05336502720398418,0.10741280358612813,0.10677201577693227,0.49682184453172606,-0.09132016444304288,1755,,,,[],0,,False,True,
csd-20260805_174708,paired_hierarchical,1,0,0,9769808dfe284056,lrp->mscK,shared_complete_observation_shared_scores,maximum,prefix,complete,0,100,0.2,0.9,biological_error,2151398048,921666314,2151398048,lrp,mscK,False,identifiable,alpA|basR|btsR|glaR|glrR|nsrR|ptrR|rcdA,100,0.012022753260845686,0.11981534377965672,0.13285264759246,0.10034402006938123,-0.1339385416554422,1755,,,,[],0,,False,True,
csd-20260805_174708,paired_hierarchical,1,0,0,9769808dfe284056,lrp->mscS,shared_complete_observation_shared_scores,maximum,prefix,complete,0,100,0.2,0.9,biological_error,2151398048,921666314,2151398048,lrp,mscS,False,identifiable,alpA|basR|btsR|glaR|glrR|nsrR|ptrR|rcdA,100,-0.2732206596374399,0.09585122186284682,0.08502382605817671,-2.8504661112029472,-0.19562552048714574,1755,,,,[],0,,False,True,
csd-20260805_174708,paired_hierarchical,1,0,0,9769808dfe284056,lrp->mutY,shared_complete_observation_shared_scores,maximum,prefix,complete,0,100,0.2,0.9,biological_error,2151398048,921666314,2151398048,lrp,mutY,False,identifiable,alpA|basR|btsR|glaR|glrR|nsrR|ptrR|rcdA,100,0.0028385998489801473,0.08017508096238224,0.05948728548829089,0.035405013813606306,-0.26112360319627603,1755,,,,[],0,,False,True,
csd-20260805_174708,paired_hierarchical,1,0,0,9769808dfe284056,lrp->pabB,shared_complete_observation_shared_scores,maximum,prefix,complete,0,100,0.2,0.9,biological_error,2151398048,921666314,2151398048,lrp,pabB,False,identifiable,alpA|basR|btsR|glaR|glrR|nsrR|ptrR|rcdA,100,-0.045290758144119085,0.12402107089360208,0.14234305795653798,-0.36518599474902225,-0.2918637920838909,1755,,,,[],0,,False,True,
csd-20260805_174708,paired_hierarchical,1,0,0,9769808dfe284056,lrp->pal,shared_complete_observation_shared_scores,maximum,prefix,complete,0,100,0.2,0.9,biological_error,2151398048,921666314,2151398048,lrp,pal,False,identifiable,alpA|basR|btsR|glaR|glrR|nsrR|ptrR|rcdA,100,-0.6783775175663482,0.10029240158384607,0.09308536357546697,-6.763997140892211,-0.35363628150587095,1755,,,,[],0,,False,True,
csd-20260805_174708,paired_hierarchical,1,0,0,9769808dfe284056,lrp->panZ,shared_complete_observation_shared_scores,maximum,prefix,complete,0,100,0.2,0.9,biological_error,2151398048,921666314,2151398048,lrp,panZ,False,identifiable,alpA|basR|btsR|glaR|glrR|nsrR|ptrR|rcdA,100,0.0696833593787421,0.10438126317920238,0.10083015477379403,0.6675849405952224,-0.23774324855711512,1755,,,,[],0,,False,True,
csd-20260805_174708,paired_hierarchical,1,0,0,9769808dfe284056,lrp->pgl,shared_complete_observation_shared_scores,maximum,prefix,complete,0,100,0.2,0.9,biological_error,2151398048,921666314,2151398048,lrp,pgl,False,identifiable,alpA|basR|btsR|glaR|glrR|nsrR|ptrR|rcdA,100,-0.03392104469014386,0.13450368500613685,0.1674224539560227,-0.25219416619400564,-0.12921471824934067,1755,,,,[],0,,False,True,
csd-20260805_174708,paired_hierarchical,1,0,0,9769808dfe284056,lrp->pyrI,shared_complete_observation_shared_scores,maximum,prefix,complete,0,100,0.2,0.9,biological_error,2151398048,921666314,2151398048,lrp,pyrI,False,identifiable,alpA|basR|btsR|glaR|glrR|nsrR|ptrR|rcdA,100,0.020685771384511012,0.13281964749469882,0.16325631294920023,0.15574330887556853,0.517464078739626,1755,,,,[],0,,False,True,
csd-20260805_174708,paired_hierarchical,1,0,0,9769808dfe284056,lrp->rhtB,shared_complete_observation_shared_scores,maximum,prefix,complete,0,100,0.2,0.9,biological_error,2151398048,921666314,2151398048,lrp,rhtB,False,identifiable,alpA|basR|btsR|glaR|glrR|nsrR|ptrR|rcdA,100,0.14616879189703952,0.1615190342582743,0.24143084583838528,0.9049632606353426,0.640128639163763,1755,,,,[],0,,False,True,
csd-20260805_174708,paired_hierarchical,1,0,0,9769808dfe284056,lrp->ridA,shared_complete_observation_shared_scores,maximum,prefix,complete,0,100,0.2,0.9,biological_error,2151398048,921666314,2151398048,lrp,ridA,False,identifiable,alpA|basR|btsR|glaR|glrR|nsrR|ptrR|rcdA,100,-0.019935974421657558,0.07620729500944716,0.053745044957987646,-0.26160191644626885,0.11860252129744586,1755,,,,[],0,,False,True,
csd-20260805_174708,paired_hierarchical,1,0,0,9769808dfe284056,lrp->rnr,shared_complete_observation_shared_scores,maximum,prefix,complete,0,100,0.2,0.9,biological_error,2151398048,921666314,2151398048,lrp,rnr,False,identifiable,alpA|basR|btsR|glaR|glrR|nsrR|ptrR|rcdA,100,-0.013650827110530134,0.06502909489136743,0.039134587100856315,-0.20991876226071035,-0.1900516246128247,1755,,,,[],0,,False,True,
csd-20260805_174708,paired_hierarchical,1,0,0,9769808dfe284056,lrp->rpiA,shared_complete_observation_shared_scores,maximum,prefix,complete,0,100,0.2,0.9,biological_error,2151398048,921666314,2151398048,lrp,rpiA,False,identifiable,alpA|basR|btsR|glaR|glrR|nsrR|ptrR|rcdA,100,0.12398721579301913,0.14073394718166357,0.1832918161749461,0.8810043225247761,-0.06900431894671796,1755,,,,[],0,,False,True,
csd-20260805_174708,paired_hierarchical,1,0,0,9769808dfe284056,lrp->sad,shared_complete_observation_shared_scores,maximum,prefix,complete,0,100,0.2,0.9,biological_error,2151398048,921666314,2151398048,lrp,sad,False,identifiable,alpA|basR|btsR|glaR|glrR|nsrR|ptrR|rcdA,100,0.15088180866393427,0.09222050808162262,0.07870464396051317,1.6360982150563697,0.10889795770927241,1755,,,,[],0,,False,True,
csd-20260805_174708,paired_hierarchical,1,0,0,9769808dfe284056,lrp->sdaC,shared_complete_observation_shared_scores,maximum,prefix,complete,0,100,0.2,0.9,biological_error,2151398048,921666314,2151398048,lrp,sdaC,False,identifiable,alpA|basR|btsR|glaR|glrR|nsrR|ptrR|rcdA,100,0.010025324071130106,0.1267680572041895,0.1487185034649053,0.07908399238920248,-0.3797301862972255,1755,,,,[],0,,False,True,
csd-20260805_174708,paired_hierarchical,1,0,0,9769808dfe284056,lrp->serB,shared_complete_observation_shared_scores,maximum,prefix,complete,0,100,0.2,0.9,biological_error,2151398048,921666314,2151398048,lrp,serB,False,identifiable,alpA|basR|btsR|glaR|glrR|nsrR|ptrR|rcdA,100,-0.0027476232437481703,0.07908018960434686,0.057873632377366056,-0.03474477309039153,0.14591360542210063,1755,,,,[],0,,False,True,
csd-20260805_174708,paired_hierarchical,1,0,0,9769808dfe284056,lrp->serS,shared_complete_observation_shared_scores,maximum,prefix,complete,0,100,0.2,0.9,biological_error,2151398048,921666314,2151398048,lrp,serS,False,identifiable,alpA|basR|btsR|glaR|glrR|nsrR|ptrR|rcdA,100,-0.028976718434462312,0.09078715415682705,0.07627709470446782,-0.3191720095599374,-0.3885987629413058,1755,,,,[],0,,False,True,
csd-20260805_174708,paired_hierarchical,1,0,0,9769808dfe284056,lrp->slyX,shared_complete_observation_shared_scores,maximum,prefix,complete,0,100,0.2,0.9,biological_error,2151398048,921666314,2151398048,lrp,slyX,False,identifiable,alpA|basR|btsR|glaR|glrR|nsrR|ptrR|rcdA,100,0.001779467964365662,0.07481412862107556,0.05179795110626427,0.023785185995795665,0.25061693939765806,1755,,,,[],0,,False,True,
csd-20260805_174708,paired_hierarchical,1,0,0,9769808dfe284056,lrp->trhO,shared_complete_observation_shared_scores,maximum,prefix,complete,0,100,0.2,0.9,biological_error,2151398048,921666314,2151398048,lrp,trhO,False,identifiable,alpA|basR|btsR|glaR|glrR|nsrR|ptrR|rcdA,100,-0.00031954663933535937,0.19455154558874302,0.3502794895191729,-0.0016424780300169906,-0.2256239352090196,1755,,,,[],0,,False,True,
csd-20260805_174708,paired_hierarchical,1,0,0,9769808dfe284056,lrp->tsuA,shared_complete_observation_shared_scores,maximum,prefix,complete,0,100,0.2,0.9,biological_error,2151398048,921666314,2151398048,lrp,tsuA,False,identifiable,alpA|basR|btsR|glaR|glrR|nsrR|ptrR|rcdA,100,0.0070336311591663,0.08768175691358171,0.07114818475121519,0.080217726089802,-0.07297902918587863,1755,,,,[],0,,False,True,
csd-20260805_174708,paired_hierarchical,1,0,0,9769808dfe284056,lrp->yaaX,shared_complete_observation_shared_scores,maximum,prefix,complete,0,100,0.2,0.9,biological_error,2151398048,921666314,2151398048,lrp,yaaX,False,identifiable,alpA|basR|btsR|glaR|glrR|nsrR|ptrR|rcdA,100,0.13022166162461166,0.157284089350187,0.22893643821793042,0.827939190560325,0.46200385933660426,1755,,,,[],0,,False,True,
csd-20260805_174708,paired_hierarchical,1,0,0,9769808dfe284056,lrp->yabQ,shared_complete_observation_shared_scores,maximum,prefix,complete,0,100,0.2,0.9,biological_error,2151398048,921666314,2151398048,lrp,yabQ,False,identifiable,alpA|basR|btsR|glaR|glrR|nsrR|ptrR|rcdA,100,-0.007078874917009273,0.08856685263831172,0.07259183263934847,-0.07992691064588124,0.16712786801046198,1755,,,,[],0,,False,True,
csd-20260805_174708,paired_hierarchical,1,0,0,9769808dfe284056,lrp->yacL,shared_complete_observation_shared_scores,maximum,prefix,complete,0,100,0.2,0.9,biological_error,2151398048,921666314,2151398048,lrp,yacL,False,identifiable,alpA|basR|btsR|glaR|glrR|nsrR|ptrR|rcdA,100,-0.03733207474628938,0.09612375493553436,0.08550800865338792,-0.388375118838483,0.07389594413073317,1755,,,,[],0,,False,True,
csd-20260805_174708,paired_hierarchical,1,0,0,9769808dfe284056,lrp->ybdF,shared_complete_observation_shared_scores,maximum,prefix,complete,0,100,0.2,0.9,biological_error,2151398048,921666314,2151398048,lrp,ybdF,False,identifiable,alpA|basR|btsR|glaR|glrR|nsrR|ptrR|rcdA,100,0.03458367269699336,0.06628030218626278,0.040655031042402354,0.5217790437920055,0.24799706508662092,1755,,,,[],0,,False,True,
csd-20260805_174708,paired_hierarchical,1,0,0,9769808dfe284056,lrp->ybdG,shared_complete_observation_shared_scores,maximum,prefix,complete,0,100,0.2,0.9,biological_error,2151398048,921666314,2151398048,lrp,ybdG,False,identifiable,alpA|basR|btsR|glaR|glrR|nsrR|ptrR|rcdA,100,-0.2131667088875719,0.11400193562556842,0.12027345530652857,-1.869851662762143,-0.17540000412561846,1755,,,,[],0,,False,True,
csd-20260805_174708,paired_hierarchical,1,0,0,9769808dfe284056,lrp->ybdL,shared_complete_observation_shared_scores,maximum,prefix,complete,0,100,0.2,0.9,biological_error,2151398048,921666314,2151398048,lrp,ybdL,False,identifiable,alpA|basR|btsR|glaR|glrR|nsrR|ptrR|rcdA,100,-0.2632000809918435,0.14856298841067211,0.2042521285594599,-1.771639651353004,-0.2956427985790486,1755,,,,[],0,,False,True,
csd-20260805_174708,paired_hierarchical,1,0,0,9769808dfe284056,lrp->ybgS,shared_complete_observation_shared_scores,maximum,prefix,complete,0,100,0.2,0.9,biological_error,2151398048,921666314,2151398048,lrp,ybgS,False,identifiable,alpA|basR|btsR|glaR|glrR|nsrR|ptrR|rcdA,100,0.08091327561653304,0.12240085806844797,0.1386482084341117,0.6610515391263466,-0.2923762902636857,1755,,,,[],0,,False,True,
csd-20260805_174708,paired_hierarchical,1,0,0,9769808dfe284056,lrp->ybhQ,shared_complete_observation_shared_scores,maximum,prefix,complete,0,100,0.2,0.9,biological_error,2151398048,921666314,2151398048,lrp,ybhQ,False,identifiable,alpA|basR|btsR|glaR|glrR|nsrR|ptrR|rcdA,100,0.1874430160507274,0.0667170187252631,0.04119254267757395,2.8095232615624974,-0.18789277179226055,1755,,,,[],0,,False,True,
csd-20260805_174708,paired_hierarchical,1,0,0,9769808dfe284056,lrp->ybiJ,shared_complete_observation_shared_scores,maximum,prefix,complete,0,100,0.2,0.9,biological_error,2151398048,921666314,2151398048,lrp,ybiJ,False,identifiable,alpA|basR|btsR|glaR|glrR|nsrR|ptrR|rcdA|yhaJ,100,0.2198561268788841,0.08091299381894089,0.06051173427820809,2.717191844005382,-0.17538767222640536,1755,,,,[],0,,False,True,
csd-20260805_174708,paired_hierarchical,1,0,0,9769808dfe284056,lrp->ybiO,shared_complete_observation_shared_scores,maximum,prefix,complete,0,100,0.2,0.9,biological_error,2151398048,921666314,2151398048,lrp,ybiO,False,identifiable,alpA|basR|btsR|glaR|glrR|nsrR|ptrR|rcdA,100,-0.5146407881685623,0.12072963440974857,0.13488793572870214,-4.2627544652533675,-0.47176180224695163,1755,,,,[],0,,False,True,
csd-20260805_174708,paired_hierarchical,1,0,0,9769808dfe284056,lrp->ybjS,shared_complete_observation_shared_scores,maximum,prefix,complete,0,100,0.2,0.9,biological_error,2151398048,921666314,2151398048,lrp,ybjS,False,identifiable,alpA|basR|btsR|glaR|glrR|nsrR|ptrR|rcdA,100,-0.09117796786783561,0.0976691718087965,0.08827959816233039,-0.9335388657367906,-0.08970160232716207,1755,,,,[],0,,False,True,
csd-20260805_174708,paired_hierarchical,1,0,0,9769808dfe284056,lrp->ycaM,shared_complete_observation_shared_scores,maximum,prefix,complete,0,100,0.2,0.9,biological_error,2151398048,921666314,2151398048,lrp,ycaM,False,identifiable,alpA|basR|btsR|glaR|glrR|nsrR|ptrR|rcdA,100,-0.0778140832074545,0.09364180916940613,0.08114932820328542,-0.8309758632138567,-0.10209665140238314,1755,,,,[],0,,False,True,
csd-20260805_174708,paired_hierarchical,1,0,0,9769808dfe284056,lrp->yceB,shared_complete_observation_shared_scores,maximum,prefix,complete,0,100,0.2,0.9,biological_error,2151398048,921666314,2151398048,lrp,yceB,False,identifiable,alpA|basR|btsR|glaR|glrR|nsrR|ptrR|rcdA,100,0.022159827022331213,0.12855754460296565,0.15294682832124187,0.17237282409810445,-0.15379997084095495,1755,,,,[],0,,False,True,
csd-20260805_174708,paired_hierarchical,1,0,0,9769808dfe284056,lrp->ycfJ,shared_complete_observation_shared_scores,maximum,prefix,complete,0,100,0.2,0.9,biological_error,2151398048,921666314,2151398048,lrp,ycfJ,False,identifiable,alpA|basR|btsR|glaR|glrR|nsrR|ptrR|rcdA,100,0.018123107878192803,0.1160583928847368,0.1246517678549139,0.15615508217653623,0.1092705771308624,1755,,,,[],0,,False,True,
csd-20260805_174708,paired_hierarchical,1,0,0,9769808dfe284056,lrp->ychE,shared_complete_observation_shared_scores,maximum,prefix,complete,0,100,0.2,0.9,biological_error,2151398048,921666314,2151398048,lrp,ychE,False,identifiable,alpA|basR|btsR|glaR|glrR|nsrR|ptrR|rcdA,100,-0.05423521855883709,0.10163760124822786,0.09559917640906031,-0.53361372063848,-0.2245359946193073,1755,,,,[],0,,False,True,
csd-20260805_174708,paired_hierarchical,1,0,0,9769808dfe284056,lrp->yciN,shared_complete_observation_shared_scores,maximum,prefix,complete,0,100,0.2,0.9,biological_error,2151398048,921666314,2151398048,lrp,yciN,False,identifiable,alpA|basR|btsR|glaR|glrR|nsrR|ptrR|rcdA,100,-0.06404242300530588,0.11754745628320129,0.12787092545422551,-0.5448218534904884,-0.22151835174164045,1755,,,,[],0,,False,True,
csd-20260805_174708,paired_hierarchical,1,0,0,9769808dfe284056,lrp->ydcK,shared_complete_observation_shared_scores,maximum,prefix,complete,0,100,0.2,0.9,biological_error,2151398048,921666314,2151398048,lrp,ydcK,False,identifiable,alpA|basR|btsR|glaR|glrR|nsrR|ptrR|rcdA,100,-0.013872717523687492,0.12451168570823178,0.14347147498761786,-0.11141699226685783,0.28931744490901934,1755,,,,[],0,,False,True,
csd-20260805_174708,paired_hierarchical,1,0,0,9769808dfe284056,lrp->yebF,shared_complete_observation_shared_scores,maximum,prefix,complete,0,100,0.2,0.9,biological_error,2151398048,921666314,2151398048,lrp,yebF,False,identifiable,alpA|basR|btsR|glaR|glrR|nsrR|ptrR|rcdA,100,0.006108943074366489,0.08401768933187068,0.06532611093638258,0.07271020094632817,-0.1957842936872398,1755,,,,[],0,,False,True,
csd-20260805_174708,paired_hierarchical,1,0,0,9769808dfe284056,lrp->yehL,shared_complete_observation_shared_scores,maximum,prefix,complete,0,100,0.2,0.9,biological_error,2151398048,921666314,2151398048,lrp,yehL,False,identifiable,alpA|basR|btsR|glaR|glrR|nsrR|ptrR|rcdA,100,-0.09743443956561416,0.13376735041977317,0.16559437763583332,-0.728387302730126,-0.3273304298109375,1755,,,,[],0,,False,True,
csd-20260805_174708,paired_hierarchical,1,0,0,9769808dfe284056,lrp->yfaP,shared_complete_observation_shared_scores,maximum,prefix,complete,0,100,0.2,0.9,biological_error,2151398048,921666314,2151398048,lrp,yfaP,False,identifiable,alpA|basR|btsR|glaR|glrR|nsrR|ptrR|rcdA,100,-0.0038270422280439823,0.09859286005280642,0.08995727011637597,-0.03881662653861766,0.18564363821767618,1755,,,,[],0,,False,True,
csd-20260805_174708,paired_hierarchical,1,0,0,9769808dfe284056,lrp->ygiV,shared_complete_observation_shared_scores,maximum,prefix,complete,0,100,0.2,0.9,biological_error,2151398048,921666314,2151398048,lrp,ygiV,False,identifiable,alpA|basR|btsR|glaR|glrR|nsrR|ptrR|rcdA,100,0.03864541110155997,0.061802971780250134,0.03534793555085336,0.6253002078762427,0.07884455464610325,1755,,,,[],0,,False,True,
csd-20260805_174708,paired_hierarchical,1,0,0,9769808dfe284056,lrp->ygiW,shared_complete_observation_shared_scores,maximum,prefix,complete,0,100,0.2,0.9,biological_error,2151398048,921666314,2151398048,lrp,ygiW,False,identifiable,alpA|basR|btsR|glaR|glrR|nsrR|ptrR|rcdA,100,0.004474190581148368,0.09858073742581731,0.08993514982517307,0.045386053076699975,0.20740401880585996,1755,,,,[],0,,False,True,
csd-20260805_174708,paired_hierarchical,1,0,0,9769808dfe284056,lrp->yhbY,shared_complete_observation_shared_scores,maximum,prefix,complete,0,100,0.2,0.9,biological_error,2151398048,921666314,2151398048,lrp,yhbY,False,identifiable,alpA|basR|btsR|glaR|glrR|nsrR|ptrR|rcdA,100,0.009544001305748773,0.11008834033708699,0.11215741376334608,0.0866940247852347,-0.09117696295443893,1755,,,,[],0,,False,True,
csd-20260805_174708,paired_hierarchical,1,0,0,9769808dfe284056,lrp->yhcN,shared_complete_observation_shared_scores,maximum,prefix,complete,0,100,0.2,0.9,biological_error,2151398048,921666314,2151398048,lrp,yhcN,False,identifiable,alpA|basR|btsR|glaR|glrR|nsrR|ptrR|rcdA,100,0.07784438892459337,0.11024499251353143,0.11247683366700524,0.7061036256593585,-0.30599095560733225,1755,,,,[],0,,False,True,
csd-20260805_174708,paired_hierarchical,1,0,0,9769808dfe284056,lrp->yhhA,shared_complete_observation_shared_scores,maximum,prefix,complete,0,100,0.2,0.9,biological_error,2151398048,921666314,2151398048,lrp,yhhA,False,identifiable,alpA|basR|btsR|glaR|glrR|nsrR|ptrR|rcdA,100,0.056292450166849264,0.15864983826325152,0.23292955919128716,0.3548219826952602,0.28079425405571173,1755,,,,[],0,,False,True,
csd-20260805_174708,paired_hierarchical,1,0,0,9769808dfe284056,lrp->yhhW,shared_complete_observation_shared_scores,maximum,prefix,complete,0,100,0.2,0.9,biological_error,2151398048,921666314,2151398048,lrp,yhhW,False,identifiable,alpA|basR|btsR|glaR|glrR|nsrR|ptrR|rcdA|yhaJ,100,-0.010841549231345525,0.13210098902471293,0.1612928802199737,-0.08207015943928574,0.417044807468065,1755,,,,[],0,,False,True,
csd-20260805_174708,paired_hierarchical,1,0,0,9769808dfe284056,lrp->yibL,shared_complete_observation_shared_scores,maximum,prefix,complete,0,100,0.2,0.9,biological_error,2151398048,921666314,2151398048,lrp,yibL,False,identifiable,alpA|basR|btsR|glaR|glrR|nsrR|ptrR|rcdA,100,0.017965844137061385,0.06686696353897649,0.04137790914453166,0.2686804243262694,0.2785710402167837,1755,,,,[],0,,False,True,
csd-20260805_174708,paired_hierarchical,1,0,0,9769808dfe284056,lrp->yibT,shared_complete_observation_shared_scores,maximum,prefix,complete,0,100,0.2,0.9,biological_error,2151398048,921666314,2151398048,lrp,yibT,False,identifiable,alpA|basR|btsR|glaR|glrR|nsrR|ptrR|rcdA,100,-0.00707483293409303,0.05972525883794403,0.03301120811691926,-0.11845629590806094,0.23255452727662987,1755,,,,[],0,,False,True,
csd-20260805_174708,paired_hierarchical,1,0,0,9769808dfe284056,lrp->yicH,shared_complete_observation_shared_scores,maximum,prefix,complete,0,100,0.2,0.9,biological_error,2151398048,921666314,2151398048,lrp,yicH,False,identifiable,alpA|basR|btsR|glaR|glrR|nsrR|ptrR|rcdA,100,0.3921780079461918,0.13830963772863591,0.17703136785106224,2.835507448263632,0.3192263756199184,1755,,,,[],0,,False,True,
csd-20260805_174708,paired_hierarchical,1,0,0,9769808dfe284056,lrp->yiiM,shared_complete_observation_shared_scores,maximum,prefix,complete,0,100,0.2,0.9,biological_error,2151398048,921666314,2151398048,lrp,yiiM,False,identifiable,alpA|basR|btsR|glaR|glrR|nsrR|ptrR|rcdA,100,0.007034627726950668,0.1117966655764177,0.11566528667016145,0.06292341270359451,-0.17530709461380534,1755,,,,[],0,,False,True,
csd-20260805_174708,paired_hierarchical,1,0,0,9769808dfe284056,lrp->yjfP,shared_complete_observation_shared_scores,maximum,prefix,complete,0,100,0.2,0.9,biological_error,2151398048,921666314,2151398048,lrp,yjfP,False,identifiable,alpA|basR|btsR|glaR|glrR|nsrR|ptrR|rcdA,100,-0.15554531869705834,0.1253982937763718,0.14552197896175437,-1.240410168374771,0.12846701354651932,1755,,,,[],0,,False,True,
csd-20260805_174708,paired_hierarchical,1,0,0,9769808dfe284056,lrp->yjiC,shared_complete_observation_shared_scores,maximum,prefix,complete,0,100,0.2,0.9,biological_error,2151398048,921666314,2151398048,lrp,yjiC,False,identifiable,alpA|basR|btsR|glaR|glrR|nsrR|ptrR|rcdA,100,-0.10211851542350986,0.10821250423881902,0.10836779394918167,-0.9436849848529514,-0.12839072301257998,1755,,,,[],0,,False,True,
csd-20260805_174708,paired_hierarchical,1,0,0,9769808dfe284056,lrp->yjiL,shared_complete_observation_shared_scores,maximum,prefix,complete,0,100,0.2,0.9,biological_error,2151398048,921666314,2151398048,lrp,yjiL,False,identifiable,alpA|basR|btsR|glaR|glrR|nsrR|ptrR|rcdA,100,0.11704557794477258,0.16684888356158664,0.25762733879336885,0.701506509640918,0.17248572416570682,1755,,,,[],0,,False,True,
csd-20260805_174708,paired_hierarchical,1,0,0,9769808dfe284056,lrp->yoaH,shared_complete_observation_shared_scores,maximum,prefix,complete,0,100,0.2,0.9,biological_error,2151398048,921666314,2151398048,lrp,yoaH,False,identifiable,alpA|basR|btsR|glaR|glrR|nsrR|ptrR|rcdA,100,-0.3213093598798715,0.1368681205440959,0.17336041767717253,-2.3475836345422216,0.15389602298632296,1755,,,,[],0,,False,True,
csd-20260805_174708,paired_hierarchical,1,0,0,9769808dfe284056,lrp->yodC,shared_complete_observation_shared_scores,maximum,prefix,complete,0,100,0.2,0.9,biological_error,2151398048,921666314,2151398048,lrp,yodC,False,identifiable,alpA|basR|btsR|glaR|glrR|nsrR|ptrR|rcdA,100,0.005387154617860912,0.1235078363353884,0.14116738330787743,0.04361791751603492,-0.15942283125664883,1755,,,,[],0,,False,True,
csd-20260805_174708,paired_hierarchical,1,0,0,9769808dfe284056,lrp->yqeG,shared_complete_observation_shared_scores,maximum,prefix,complete,0,100,0.2,0.9,biological_error,2151398048,921666314,2151398048,lrp,yqeG,False,identifiable,alpA|basR|btsR|glaR|glrR|nsrR|ptrR|rcdA,100,-0.08522923244990789,0.09852557668686317,0.08983453176282465,-0.8650467758314767,-0.21692736393539797,1755,,,,[],0,,False,True,
csd-20260805_174708,paired_hierarchical,1,0,0,9769808dfe284056,lrp->ytjB,shared_complete_observation_shared_scores,maximum,prefix,complete,0,100,0.2,0.9,biological_error,2151398048,921666314,2151398048,lrp,ytjB,False,identifiable,alpA|basR|btsR|glaR|glrR|nsrR|ptrR|rcdA,100,-0.18776563700293555,0.10481385734457324,0.10166764075372858,-1.7914199683125884,0.07618962274291283,1755,,,,[],0,,False,True,
csd-20260805_174708,paired_hierarchical,1,0,0,9769808dfe284056,lrp->yzgL,shared_complete_observation_shared_scores,maximum,prefix,complete,0,100,0.2,0.9,biological_error,2151398048,921666314,2151398048,lrp,yzgL,False,identifiable,alpA|basR|btsR|glaR|glrR|nsrR|ptrR|rcdA,100,-0.07681941589041813,0.11959870147334693,0.13237265091347755,-0.6423097821637943,0.2551833850050216,1755,,,,[],0,,False,True,
csd-20260805_174708,paired_hierarchical,1,0,0,9769808dfe284056,lrp->zipA,shared_complete_observation_shared_scores,maximum,prefix,complete,0,100,0.2,0.9,biological_error,2151398048,921666314,2151398048,lrp,zipA,False,identifiable,alpA|basR|btsR|glaR|glrR|nsrR|ptrR|rcdA,100,0.005104760253809636,0.11000283623906142,0.11198325918362327,0.046405714873713075,0.10689725771278644,1755,,,,[],0,,False,True,
csd-20260805_174708,paired_hierarchical,1,0,0,9769808dfe284056,lrp->zitB,shared_complete_observation_shared_scores,maximum,prefix,complete,0,100,0.2,0.9,biological_error,2151398048,921666314,2151398048,lrp,zitB,False,identifiable,alpA|basR|btsR|glaR|glrR|nsrR|ptrR|rcdA,100,-0.0934539206159963,0.07941563086892565,0.058365648844701974,-1.176769857438275,0.270382571147478,1755,,,,[],0,,False,True,
csd-20260805_174708,paired_hierarchical,1,0,0,9769808dfe284056,arsR->arsB,shared_complete_observation_shared_scores,maximum,prefix,complete,0,100,0.2,0.9,biological_error,2151398048,921666314,2151398048,arsR,arsB,False,identifiable,rpoD,100,-0.3359507252334716,0.1735257257916631,0.19894374993637132,-1.9360283537255896,-0.2900995225849418,1755,,,,[],0,,False,True,
csd-20260805_174708,paired_hierarchical,1,0,0,9769808dfe284056,arsR->arsC,shared_complete_observation_shared_scores,maximum,prefix,complete,0,100,0.2,0.9,biological_error,2151398048,921666314,2151398048,arsR,arsC,False,identifiable,rpoD,100,0.0012551194505221108,0.07937695870347652,0.04162856791919141,0.015812138321030678,-0.13983277462264032,1755,,,,[],0,,False,True,
csd-20260805_174708,paired_hierarchical,1,0,0,9769808dfe284056,ascG->ascB,shared_complete_observation_shared_scores,maximum,prefix,complete,0,100,0.2,0.9,biological_error,2151398048,921666314,2151398048,ascG,ascB,False,identifiable,crp|hns|rpoD,100,-0.07798964775748647,0.09452584410666322,0.06310992309579988,-0.8250616378467115,-0.2090857782960462,1755,,,,[],0,,False,True,
csd-20260805_174708,paired_hierarchical,1,0,0,9769808dfe284056,ascG->ascF,shared_complete_observation_shared_scores,maximum,prefix,complete,0,100,0.2,0.9,biological_error,2151398048,921666314,2151398048,ascG,ascF,False,identifiable,cpxR|crp|hns|rpoD|spf,100,-0.00441720181660011,0.061513037961531694,0.02668582013899493,-0.07180919627742152,-0.3394921063792234,1755,,,,[],0,,False,True,
csd-20260805_174708,paired_hierarchical,1,0,0,9769808dfe284056,ascG->htpG,shared_complete_observation_shared_scores,maximum,prefix,complete,0,100,0.2,0.9,biological_error,2151398048,921666314,2151398048,ascG,htpG,False,identifiable,crp|hns|nac|rpoH|rpoN,100,0.11534709952730693,0.12586378143719734,0.10951884979616716,0.9164439381225968,-0.34824879494095634,1755,,,,[],0,,False,True,
csd-20260805_174708,paired_hierarchical,1,0,0,9769808dfe284056,ascG->prpR,shared_complete_observation_shared_scores,maximum,prefix,complete,0,100,0.2,0.9,biological_error,2151398048,921666314,2151398048,ascG,prpR,False,identifiable,crp|hns|phoB|rpoD,100,-0.019484873319428095,0.06383938161694397,0.028729100484904672,-0.3052171375396986,-0.24119770204649962,1755,,,,[],0,,False,True,
csd-20260805_174708,paired_hierarchical,1,0,0,9769808dfe284056,ascG->ybiT,shared_complete_observation_shared_scores,maximum,prefix,complete,0,100,0.2,0.9,biological_error,2151398048,921666314,2151398048,ascG,ybiT,False,identifiable,crp|hns|lrp|rob,100,-0.019746205232665834,0.12117521362180114,0.10389921611399125,-0.16295581119663247,-0.16360386953095216,1755,,,,[],0,,False,True,
csd-20260805_174708,paired_hierarchical,1,0,0,9769808dfe284056,prpR->prpB,shared_complete_observation_shared_scores,maximum,prefix,complete,0,100,0.2,0.9,biological_error,2151398048,921666314,2151398048,prpR,prpB,False,identifiable,ascG|cra|crp|phoB|rpoD|rpoN,100,-0.06566206509139418,0.22423842709102962,0.13570957608523865,-0.292822536900594,0.2404441120538582,1755,,,,[],0,,False,True,
csd-20260805_174708,paired_hierarchical,1,0,0,9769808dfe284056,prpR->prpC,shared_complete_observation_shared_scores,maximum,prefix,complete,0,100,0.2,0.9,biological_error,2151398048,921666314,2151398048,prpR,prpC,False,identifiable,ascG|cra|crp|phoB|rpoD|rpoN,100,0.06683872281851061,0.2345541156237829,0.14848293125161774,0.28496077606976516,0.37306020716296345,1755,,,,[],0,,False,True,
csd-20260805_174708,paired_hierarchical,1,0,0,9769808dfe284056,prpR->prpD,shared_complete_observation_shared_scores,maximum,prefix,complete,0,100,0.2,0.9,biological_error,2151398048,921666314,2151398048,prpR,prpD,False,identifiable,ascG|cra|crp|phoB|rpoD|rpoN,100,0.2104356152045118,0.2328151202498022,0.14628937404139095,0.9038743487911008,0.12527263815246129,1755,,,,[],0,,False,True,
csd-20260805_174708,paired_hierarchical,1,0,0,9769808dfe284056,prpR->prpE,shared_complete_observation_shared_scores,maximum,prefix,complete,0,100,0.2,0.9,biological_error,2151398048,921666314,2151398048,prpR,prpE,False,identifiable,ascG|cra|crp|phoB|rpoD|rpoN,100,-0.046671595280931295,0.0924886807954319,0.023087004467229576,-0.5046195370021587,0.23218476777172697,1755,,,,[],0,,False,True,
csd-20260805_174708,paired_hierarchical,1,0,0,9769808dfe284056,asnC->asnA,shared_complete_observation_shared_scores,maximum,prefix,complete,0,100,0.2,0.9,biological_error,2151398048,921666314,2151398048,asnC,asnA,False,identifiable,lrp|nac|rpoD,100,0.00536571246536823,0.09152303155978261,0.1003739091450886,0.05862690924812035,0.1995428918379124,1755,,,,[],0,,False,True,
csd-20260805_174708,paired_hierarchical,1,0,0,9769808dfe284056,asnC->mioC,shared_complete_observation_shared_scores,maximum,prefix,complete,0,100,0.2,0.9,biological_error,2151398048,921666314,2151398048,asnC,mioC,False,identifiable,mraZ|nac|rpoD,100,-0.06940530241078137,0.0756872986981655,0.06911875346106966,-0.9170006540669896,-0.4038108876318311,1755,,,,[],0,,False,True,
csd-20260805_174708,paired_hierarchical,1,0,0,9769808dfe284056,asnC->mnmG,shared_complete_observation_shared_scores,maximum,prefix,complete,0,100,0.2,0.9,biological_error,2151398048,921666314,2151398048,asnC,mnmG,False,identifiable,nac|rpoD|rpoS,100,-0.030110208112383043,0.11422600329742925,0.15613380498099036,-0.26360204544651783,-0.29036709198824706,1755,,,,[],0,,False,True,
csd-20260805_174708,paired_hierarchical,1,0,0,9769808dfe284056,atoC->atoA,shared_complete_observation_shared_scores,maximum,prefix,complete,0,100,0.2,0.9,biological_error,2151398048,921666314,2151398048,atoC,atoA,False,identifiable,ihfA|ihfB|rpoN,100,-0.021708255135560274,0.13832103349471925,0.24590080657529367,-0.15694109989706692,0.1011559983120972,1755,,,,[],0,,False,True,
csd-20260805_174708,paired_hierarchical,1,0,0,9769808dfe284056,atoC->atoB,shared_complete_observation_shared_scores,maximum,prefix,complete,0,100,0.2,0.9,biological_error,2151398048,921666314,2151398048,atoC,atoB,False,identifiable,ihfA|ihfB|rpoN,100,0.00010747886744517357,0.12258632365489368,0.1931379175689359,0.0008767606715064661,0.0852790367789056,1755,,,,[],0,,False,True,
csd-20260805_174708,paired_hierarchical,1,0,0,9769808dfe284056,atoC->atoD,shared_complete_observation_shared_scores,maximum,prefix,complete,0,100,0.2,0.9,biological_error,2151398048,921666314,2151398048,atoC,atoD,False,identifiable,ihfA|ihfB|rpoN|spf,100,-0.008133610353419373,0.09310345639648701,0.10971199662073047,-0.08736099247252298,0.19184590557788292,1755,,,,[],0,,False,True,
csd-20260805_174708,paired_hierarchical,1,0,0,9769808dfe284056,atoC->atoE,shared_complete_observation_shared_scores,maximum,prefix,complete,0,100,0.2,0.9,biological_error,2151398048,921666314,2151398048,atoC,atoE,False,identifiable,ihfA|ihfB|rpoN,100,0.011898595752473408,0.0691504115880085,0.06145723846614753,0.17206832872324893,0.12588460928597975,1755,,,,[],0,,False,True,
csd-20260805_174708,paired_hierarchical,1,0,0,9769808dfe284056,baeR->acrD,shared_complete_observation_shared_scores,maximum,prefix,complete,0,100,0.2,0.9,biological_error,2151398048,921666314,2151398048,baeR,acrD,False,identifiable,cpxR|evgA|rpoD|rpoN|rpoS,100,-0.09616415518494091,0.14655404121813273,0.16103514872294503,-0.6561685668006184,0.23168166907096005,1755,,,,[],0,,False,True,
csd-20260805_174708,paired_hierarchical,1,0,0,9769808dfe284056,baeR->baeS,shared_complete_observation_shared_scores,maximum,prefix,complete,0,100,0.2,0.9,biological_error,2151398048,921666314,2151398048,baeR,baeS,False,identifiable,cpxR|glaR|rpoS,100,-0.0023550420671352677,0.11975732304643281,0.10405132224000914,-0.019665119486865626,0.27919228918003325,1755,,,,[],0,,False,True,
csd-20260805_174708,paired_hierarchical,1,0,0,9769808dfe284056,baeR->mdtA,shared_complete_observation_shared_scores,maximum,prefix,complete,0,100,0.2,0.9,biological_error,2151398048,921666314,2151398048,baeR,mdtA,False,identifiable,cpxR|rpoS,100,0.10167130554544833,0.15388639535500317,0.17767867666778822,0.6606906693142109,0.1258121879270461,1755,,,,[],0,,False,True,
csd-20260805_174708,paired_hierarchical,1,0,0,9769808dfe284056,baeR->mdtB,shared_complete_observation_shared_scores,maximum,prefix,complete,0,100,0.2,0.9,biological_error,2151398048,921666314,2151398048,baeR,mdtB,False,identifiable,cpxR|rpoS,100,-0.006592445249476439,0.09598213162302681,0.06912189545447474,-0.06868408877777897,0.20623298323599273,1755,,,,[],0,,False,True,
csd-20260805_174708,paired_hierarchical,1,0,0,9769808dfe284056,baeR->mdtC,shared_complete_observation_shared_scores,maximum,prefix,complete,0,100,0.2,0.9,biological_error,2151398048,921666314,2151398048,baeR,mdtC,False,identifiable,cpxR|rpoS,100,-0.0021250542840836463,0.15622739563022003,0.1831256770046349,-0.013602315237421675,0.07111369584790951,1755,,,,[],0,,False,True,
csd-20260805_174708,paired_hierarchical,1,0,0,9769808dfe284056,baeR->mdtD,shared_complete_observation_shared_scores,maximum,prefix,complete,0,100,0.2,0.9,biological_error,2151398048,921666314,2151398048,baeR,mdtD,False,identifiable,cpxR|rob|rpoS,100,0.18525988943592228,0.10532933475028042,0.08323498216208634,1.7588631873081213,0.14393581909954606,1755,,,,[],0,,False,True,
csd-20260805_174708,paired_hierarchical,1,0,0,9769808dfe284056,baeR->spy,shared_complete_observation_shared_scores,maximum,prefix,complete,0,100,0.2,0.9,biological_error,2151398048,921666314,2151398048,baeR,spy,False,identifiable,cpxR|rpoD|rpoS,100,0.05270617579851532,0.1593268102556889,0.19035059999822995,0.33080544143155843,0.1876180498741142,1755,,,,[],0,,False,True,
csd-20260805_174708,paired_hierarchical,1,0,0,9769808dfe284056,baeR->ycaC,shared_complete_observation_shared_scores,maximum,prefix,complete,0,100,0.2,0.9,biological_error,2151398048,921666314,2151398048,baeR,ycaC,False,identifiable,cpxR|fnr|nac|rpoS,100,0.05311855327682313,0.08956159475430346,0.05315968158605576,0.5930952147797789,0.2997522940877984,1755,,,,[],0,,False,True,
csd-20260805_174708,paired_hierarchical,1,0,0,9769808dfe284056,basR->arnA,shared_complete_observation_shared_scores,maximum,prefix,complete,0,100,0.2,0.9,biological_error,2151398048,921666314,2151398048,basR,arnA,False,identifiable,,100,0.19698311532307658,0.12718039139974308,0.2097648524763147,1.5488481609081957,0.1787620453073112,1755,,,,[],0,,False,True,
csd-20260805_174708,paired_hierarchical,1,0,0,9769808dfe284056,basR->arnB,shared_complete_observation_shared_scores,maximum,prefix,complete,0,100,0.2,0.9,biological_error,2151398048,921666314,2151398048,basR,arnB,False,identifiable,,100,0.12928580615203938,0.0824092964984836,0.08807341171717069,1.5688255044674282,0.2657614991544589,1755,,,,[],0,,False,True,
csd-20260805_174708,paired_hierarchical,1,0,0,9769808dfe284056,basR->arnC,shared_complete_observation_shared_scores,maximum,prefix,complete,0,100,0.2,0.9,biological_error,2151398048,921666314,2151398048,basR,arnC,False,identifiable,,100,-0.14668056796019777,0.05205907605583078,0.03514676183936624,-2.8175791633891105,0.1171489048354697,1755,,,,[],0,,False,True,
csd-20260805_174708,paired_hierarchical,1,0,0,9769808dfe284056,basR->arnD,shared_complete_observation_shared_scores,maximum,prefix,complete,0,100,0.2,0.9,biological_error,2151398048,921666314,2151398048,basR,arnD,False,identifiable,,100,-0.005530148752062953,0.10014255650653395,0.1300558089951915,-0.055222763877634085,0.24335209009153,1755,,,,[],0,,False,True,
csd-20260805_174708,paired_hierarchical,1,0,0,9769808dfe284056,basR->arnE,shared_complete_observation_shared_scores,maximum,prefix,complete,0,100,0.2,0.9,biological_error,2151398048,921666314,2151398048,basR,arnE,False,identifiable,,100,-0.01087688132950699,0.06786190374775737,0.05972339457214921,-0.1602796374522051,0.2399741371095683,1755,,,,[],0,,False,True,
csd-20260805_174708,paired_hierarchical,1,0,0,9769808dfe284056,basR->arnF,shared_complete_observation_shared_scores,maximum,prefix,complete,0,100,0.2,0.9,biological_error,2151398048,921666314,2151398048,basR,arnF,False,identifiable,,100,0.10313673916035633,0.09418909338681501,0.11505185886170713,1.0949966227702734,0.42637000333999564,1755,,,,[],0,,False,True,
csd-20260805_174708,paired_hierarchical,1,0,0,9769808dfe284056,basR->arnT,shared_complete_observation_shared_scores,maximum,prefix,complete,0,100,0.2,0.9,biological_error,2151398048,921666314,2151398048,basR,arnT,False,identifiable,,100,0.0016963343275354587,0.06280090414460038,0.05114747505549845,0.027011304226283332,0.2333857571418673,1755,,,,[],0,,False,True,
csd-20260805_174708,paired_hierarchical,1,0,0,9769808dfe284056,basR->csgD,shared_complete_observation_shared_scores,maximum,prefix,complete,0,100,0.2,0.9,biological_error,2151398048,921666314,2151398048,basR,csgD,False,identifiable,alpA|btsR|glaR|glrR|nsrR|ptrR|rcdA,100,-0.04047076283237296,0.17868468151761074,0.4080377296986005,-0.226492626500746,0.06857057099817061,1755,,,,[],0,,False,True,
csd-20260805_174708,paired_hierarchical,1,0,0,9769808dfe284056,basR->csgE,shared_complete_observation_shared_scores,maximum,prefix,complete,0,100,0.2,0.9,biological_error,2151398048,921666314,2151398048,basR,csgE,False,identifiable,alpA|btsR|glaR|glrR|nsrR|ptrR|rcdA,100,0.016440087679808542,0.08837210641245553,0.09980587152692182,0.1860325429279505,0.2917222828867184,1755,,,,[],0,,False,True,
csd-20260805_174708,paired_hierarchical,1,0,0,9769808dfe284056,basR->csgF,shared_complete_observation_shared_scores,maximum,prefix,complete,0,100,0.2,0.9,biological_error,2151398048,921666314,2151398048,basR,csgF,False,identifiable,alpA|btsR|glaR|glrR|nsrR|ptrR|rcdA,100,-0.00010697891224241405,0.06573365965678947,0.055220622920517215,-0.0016274601596955884,0.18379595833169968,1755,,,,[],0,,False,True,
csd-20260805_174708,paired_hierarchical,1,0,0,9769808dfe284056,basR->csgG,shared_complete_observation_shared_scores,maximum,prefix,complete,0,100,0.2,0.9,biological_error,2151398048,921666314,2151398048,basR,csgG,False,identifiable,alpA|btsR|glaR|glrR|nsrR|ptrR|rcdA,100,0.0214325152282121,0.13660095024565408,0.23846965237155077,0.15689872720262407,0.38975075188397984,1755,,,,[],0,,False,True,
csd-20260805_174708,paired_hierarchical,1,0,0,9769808dfe284056,basR->cspI,shared_complete_observation_shared_scores,maximum,prefix,complete,0,100,0.2,0.9,biological_error,2151398048,921666314,2151398048,basR,cspI,False,identifiable,alpA|btsR|glaR|glrR|nsrR|ptrR|rcdA,100,0.006642552146462919,0.0825588832363997,0.08710704819981387,0.0804583575512109,0.31695962824605334,1755,,,,[],0,,False,True,
csd-20260805_174708,paired_hierarchical,1,0,0,9769808dfe284056,basR->dgkA,shared_complete_observation_shared_scores,maximum,prefix,complete,0,100,0.2,0.9,biological_error,2151398048,921666314,2151398048,basR,dgkA,False,identifiable,,100,-0.014289571794453683,0.11427785554004574,0.1693622328766062,-0.12504235161681232,0.30213646417306744,1755,,,,[],0,,False,True,
csd-20260805_174708,paired_hierarchical,1,0,0,9769808dfe284056,basR->emrD,shared_complete_observation_shared_scores,maximum,prefix,complete,0,100,0.2,0.9,biological_error,2151398048,921666314,2151398048,basR,emrD,False,identifiable,alpA|btsR|glaR|glrR|nsrR|ptrR|rcdA,100,0.06241889891901247,0.0976823260580066,0.12194322122237351,0.6389989001894397,0.12463253834073784,1755,,,,[],0,,False,True,
csd-20260805_174708,paired_hierarchical,1,0,0,9769808dfe284056,basR->eptA,shared_complete_observation_shared_scores,maximum,prefix,complete,0,100,0.2,0.9,biological_error,2151398048,921666314,2151398048,basR,eptA,False,identifiable,alpA|btsR|glaR|glrR|nsrR|ptrR|rcdA,100,-0.009143172354216328,0.1136522122299075,0.16507506044612805,-0.08044869672858254,0.4206980150170744,1755,,,,[],0,,False,True,
csd-20260805_174708,paired_hierarchical,1,0,0,9769808dfe284056,basR->fimB,shared_complete_observation_shared_scores,maximum,prefix,complete,0,100,0.2,0.9,biological_error,2151398048,921666314,2151398048,basR,fimB,False,identifiable,alpA|btsR|glaR|glrR|nanR|nsrR|ptrR|rcdA,100,-0.04906877290811151,0.1213375189121905,0.18810043008828686,-0.4043990131660891,0.14085554010511012,1755,,,,[],0,,False,True,
csd-20260805_174708,paired_hierarchical,1,0,0,9769808dfe284056,basR->glpA,shared_complete_observation_shared_scores,maximum,prefix,complete,0,100,0.2,0.9,biological_error,2151398048,921666314,2151398048,basR,glpA,False,identifiable,alpA|btsR|glaR|glrR|nsrR|ptrR|rcdA,100,0.17067391323698602,0.10107651628495057,0.1305648300572109,1.6885614929172021,0.0989302226208622,1755,,,,[],0,,False,True,
csd-20260805_174708,paired_hierarchical,1,0,0,9769808dfe284056,basR->glpB,shared_complete_observation_shared_scores,maximum,prefix,complete,0,100,0.2,0.9,biological_error,2151398048,921666314,2151398048,basR,glpB,False,identifiable,alpA|btsR|glaR|glrR|nsrR|ptrR|rcdA,100,-0.025670448512412982,0.1067974519152952,0.14576305421279492,-0.24036573955690546,0.17826295341327755,1755,,,,[],0,,False,True,
csd-20260805_174708,paired_hierarchical,1,0,0,9769808dfe284056,basR->glpC,shared_complete_observation_shared_scores,maximum,prefix,complete,0,100,0.2,0.9,biological_error,2151398048,921666314,2151398048,basR,glpC,False,identifiable,alpA|btsR|glaR|glrR|nsrR|ptrR|rcdA,100,0.003770479483591126,0.20851606120945704,0.5556543300490103,0.018082441523790495,0.306095582820552,1755,,,,[],0,,False,True,
csd-20260805_174708,paired_hierarchical,1,0,0,9769808dfe284056,basR->hha,shared_complete_observation_shared_scores,maximum,prefix,complete,0,100,0.2,0.9,biological_error,2151398048,921666314,2151398048,basR,hha,False,identifiable,alpA|btsR|glaR|glrR|nsrR|ptrR|rcdA,100,-0.08391843781047813,0.07657280175248171,0.07493328181583231,-1.095930093843776,0.14055445055304608,1755,,,,[],0,,False,True,
csd-20260805_174708,paired_hierarchical,1,0,0,9769808dfe284056,basR->putA,shared_complete_observation_shared_scores,maximum,prefix,complete,0,100,0.2,0.9,biological_error,2151398048,921666314,2151398048,basR,putA,False,identifiable,alpA|btsR|glaR|glrR|nsrR|ptrR|rcdA,100,-0.008015425983741227,0.0689819833368662,0.06081308443519745,-0.11619593401075096,-0.20858503519417734,1755,,,,[],0,,False,True,
csd-20260805_174708,paired_hierarchical,1,0,0,9769808dfe284056,basR->qseB,shared_complete_observation_shared_scores,maximum,prefix,complete,0,100,0.2,0.9,biological_error,2151398048,921666314,2151398048,basR,qseB,False,identifiable,alpA|btsR|glaR|glrR|nsrR|ptrR|rcdA,100,0.11604295191739339,0.12031416384562285,0.18499465984643734,0.9644995086886867,0.12730743902581032,1755,,,,[],0,,False,True,
csd-20260805_174708,paired_hierarchical,1,0,0,9769808dfe284056,basR->qseC,shared_complete_observation_shared_scores,maximum,prefix,complete,0,100,0.2,0.9,biological_error,2151398048,921666314,2151398048,basR,qseC,False,identifiable,alpA|btsR|glaR|glrR|nsrR|ptrR|rcdA,100,0.05976892656529405,0.11344318239283945,0.16446840474015514,0.5268622168789464,0.16888226765235725,1755,,,,[],0,,False,True,
csd-20260805_174708,paired_hierarchical,1,0,0,9769808dfe284056,basR->tomB,shared_complete_observation_shared_scores,maximum,prefix,complete,0,100,0.2,0.9,biological_error,2151398048,921666314,2151398048,basR,tomB,False,identifiable,alpA|btsR|glaR|glrR|nsrR|ptrR|rcdA,100,0.05822890032173396,0.08980882717761997,0.10307746457398276,0.648365000987836,0.17370077541123002,1755,,,,[],0,,False,True,
csd-20260805_174708,paired_hierarchical,1,0,0,9769808dfe284056,basR->waaH,shared_complete_observation_shared_scores,maximum,prefix,complete,0,100,0.2,0.9,biological_error,2151398048,921666314,2151398048,basR,waaH,False,identifiable,alpA|btsR|glaR|glrR|nsrR|ptrR|rcdA,100,0.056930913350486084,0.13180870026714975,0.22203111140207907,0.43192075511782274,0.19125674861898606,1755,,,,[],0,,False,True,
csd-20260805_174708,paired_hierarchical,1,0,0,9769808dfe284056,basR->yrbL,shared_complete_observation_shared_scores,maximum,prefix,complete,0,100,0.2,0.9,biological_error,2151398048,921666314,2151398048,basR,yrbL,False,identifiable,alpA|btsR|glaR|glrR|nsrR|ptrR|rcdA,100,-0.019424906166809332,0.04414179682655758,0.02490151055147684,-0.44005698823575035,-0.189636031591771,1755,,,,[],0,,False,True,
csd-20260805_174708,paired_hierarchical,1,0,0,9769808dfe284056,csgD->nlpA,shared_complete_observation_shared_scores,maximum,prefix,complete,0,100,0.2,0.9,biological_error,2151398048,921666314,2151398048,csgD,nlpA,False,identifiable,alpA|basR|btsR|glaR|glrR|nsrR|ptrR|rcdA,100,0.002876770517178999,0.08040855862169317,0.2400746305211909,0.035776919353991306,0.1769796152218,1755,,,,[],0,,False,True,
csd-20260805_174708,paired_hierarchical,1,0,0,9769808dfe284056,csgD->yhbS,shared_complete_observation_shared_scores,maximum,prefix,complete,0,100,0.2,0.9,biological_error,2151398048,921666314,2151398048,csgD,yhbS,False,identifiable,alpA|basR|btsR|glaR|glrR|nsrR|ptrR|rcdA,100,0.020045789382706607,0.05050141212903844,0.09469973398086472,0.3969352249296852,-0.14301827875821993,1755,,,,[],0,,False,True,
csd-20260805_174708,paired_hierarchical,1,0,0,9769808dfe284056,bglG->bglB,shared_complete_observation_shared_scores,maximum,prefix,complete,0,100,0.2,0.9,biological_error,2151398048,921666314,2151398048,bglG,bglB,False,identifiable,bglJ|crp|fis|hns|leuO|nac|rcsB|stpA,100,-0.00015096104109818022,0.05295808330561295,0.05782308993107887,-0.002850575996623731,0.1538582393263137,1755,,,,[],0,,False,True,
csd-20260805_174708,paired_hierarchical,1,0,0,9769808dfe284056,bglG->bglF,shared_complete_observation_shared_scores,maximum,prefix,complete,0,100,0.2,0.9,biological_error,2151398048,921666314,2151398048,bglG,bglF,False,identifiable,bglJ|crp|fis|hns|leuO|rcsB|stpA,100,-0.002447623680670773,0.11007056950656396,0.2519510397199427,-0.022236858513980988,0.1416983444381729,1755,,,,[],0,,False,True,
csd-20260805_174708,paired_hierarchical,1,0,0,9769808dfe284056,leuO->yghR,shared_complete_observation_shared_scores,maximum,prefix,complete,0,100,0.2,0.9,biological_error,2151398048,921666314,2151398048,leuO,yghR,False,identifiable,alpA|basR|btsR|glaR|glrR|nsrR|ptrR|rcdA,100,-0.004818004649824606,0.03386690754013114,0.11497906952172489,-0.14226290499406932,-0.1823584770142677,1755,,,,[],0,,False,True,
csd-20260805_174708,paired_hierarchical,1,0,0,9769808dfe284056,birA->bioA,shared_complete_observation_shared_scores,maximum,prefix,complete,0,100,0.2,0.9,biological_error,2151398048,921666314,2151398048,birA,bioA,False,identifiable,rpoD,100,0.006702950103560519,0.10792279767645778,0.13957680865916244,0.062108750401887486,-0.15790940717743004,1755,,,,[],0,,False,True,
csd-20260805_174708,paired_hierarchical,1,0,0,9769808dfe284056,birA->bioB,shared_complete_observation_shared_scores,maximum,prefix,complete,0,100,0.2,0.9,biological_error,2151398048,921666314,2151398048,birA,bioB,False,identifiable,rpoD,100,0.012108641734582842,0.12964230105362928,0.2014096783416108,0.09340039197216846,-0.450923737075704,1755,,,,[],0,,False,True,
csd-20260805_174708,paired_hierarchical,1,0,0,9769808dfe284056,birA->bioC,shared_complete_observation_shared_scores,maximum,prefix,complete,0,100,0.2,0.9,biological_error,2151398048,921666314,2151398048,birA,bioC,False,identifiable,rpoD,100,-0.003721098416812384,0.07515945385763392,0.06769461233798663,-0.049509386056221766,-0.0969148708398937,1755,,,,[],0,,False,True,
csd-20260805_174708,paired_hierarchical,1,0,0,9769808dfe284056,birA->bioD,shared_complete_observation_shared_scores,maximum,prefix,complete,0,100,0.2,0.9,biological_error,2151398048,921666314,2151398048,birA,bioD,False,identifiable,rpoD,100,0.0766606838465961,0.1047065178261928,0.13138152773499426,0.7321481550350928,-0.15460536808822406,1755,,,,[],0,,False,True,
csd-20260805_174708,paired_hierarchical,1,0,0,9769808dfe284056,birA->bioF,shared_complete_observation_shared_scores,maximum,prefix,complete,0,100,0.2,0.9,biological_error,2151398048,921666314,2151398048,birA,bioF,False,identifiable,rpoD,100,0.008330547143752334,0.10257359441935417,0.12608343239027733,0.08121531853211998,-0.09558604053055375,1755,,,,[],0,,False,True,
csd-20260805_174708,paired_hierarchical,1,0,0,9769808dfe284056,bluR->ariR,shared_complete_observation_shared_scores,maximum,prefix,complete,0,100,0.2,0.9,biological_error,2151398048,921666314,2151398048,bluR,ariR,False,identifiable,cysB|marA|rpoD|rpoS|srsR,100,-0.23389505518744885,0.06503798375204778,0.09964489156084064,-3.5962839204726187,-0.30070543875416544,1755,,,,[],0,,False,True,
csd-20260805_174708,paired_hierarchical,1,0,0,9769808dfe284056,bluR->ycgZ,shared_complete_observation_shared_scores,maximum,prefix,complete,0,100,0.2,0.9,biological_error,2151398048,921666314,2151398048,bluR,ycgZ,False,identifiable,marA|rpoD|rpoS|srsR,100,-0.003993702080209108,0.06350329195301285,0.09501987578980967,-0.06288968583178514,-0.18435827350389053,1755,,,,[],0,,False,True,
csd-20260805_174708,paired_hierarchical,1,0,0,9769808dfe284056,bluR->ymgA,shared_complete_observation_shared_scores,maximum,prefix,complete,0,100,0.2,0.9,biological_error,2151398048,921666314,2151398048,bluR,ymgA,False,identifiable,marA|rpoD|rpoS|srsR,100,0.016744458180356216,0.07089750615870556,0.11843604539720975,0.23617838041966377,-0.21216848568788618,1755,,,,[],0,,False,True,
csd-20260805_174708,paired_hierarchical,1,0,0,9769808dfe284056,bluR->ymgC,shared_complete_observation_shared_scores,maximum,prefix,complete,0,100,0.2,0.9,biological_error,2151398048,921666314,2151398048,bluR,ymgC,False,identifiable,marA|rpoD|rpoS|srsR,100,-0.1781074588437877,0.05169893455362926,0.06297746361504306,-3.4450895435578097,-0.2560370402346427,1755,,,,[],0,,False,True,
csd-20260805_174708,paired_hierarchical,1,0,0,9769808dfe284056,btsR->aceE,shared_complete_observation_shared_scores,maximum,prefix,complete,0,100,0.2,0.9,biological_error,2151398048,921666314,2151398048,btsR,aceE,False,identifiable,alpA|basR|glaR|glrR|nsrR|ptrR|rcdA,100,-0.018852148145584995,0.11184561360442273,0.15666746282212082,-0.16855509606538133,-0.17054976600407798,1755,,,,[],0,,False,True,
csd-20260805_174708,paired_hierarchical,1,0,0,9769808dfe284056,btsR->aceF,shared_complete_observation_shared_scores,maximum,prefix,complete,0,100,0.2,0.9,biological_error,2151398048,921666314,2151398048,btsR,aceF,False,identifiable,alpA|basR|glaR|glrR|nsrR|ptrR|rcdA,100,0.005638689379547445,0.10298814716947323,0.13283587693988722,0.05475085759401653,-0.28021021609567803,1755,,,,[],0,,False,True,
csd-20260805_174708,paired_hierarchical,1,0,0,9769808dfe284056,btsR->btsT,shared_complete_observation_shared_scores,maximum,prefix,complete,0,100,0.2,0.9,biological_error,2151398048,921666314,2151398048,btsR,btsT,False,identifiable,alpA|basR|glaR|glrR|nsrR|ptrR|rcdA,100,0.18653259913800896,0.10743176007733707,0.1445460669429956,1.7362891476759708,0.16700648601022294,1755,,,,[],0,,False,True,
csd-20260805_174708,paired_hierarchical,1,0,0,9769808dfe284056,btsR->csgA,shared_complete_observation_shared_scores,maximum,prefix,complete,0,100,0.2,0.9,biological_error,2151398048,921666314,2151398048,btsR,csgA,False,identifiable,alpA|basR|glaR|glrR|nsrR|ptrR|rcdA,100,-0.004863499312211952,0.07516223107264382,0.07075224474724841,-0.06470669168284016,-0.13990585732544975,1755,,,,[],0,,False,True,
csd-20260805_174708,paired_hierarchical,1,0,0,9769808dfe284056,btsR->csgB,shared_complete_observation_shared_scores,maximum,prefix,complete,0,100,0.2,0.9,biological_error,2151398048,921666314,2151398048,btsR,csgB,False,identifiable,alpA|basR|glaR|glrR|nsrR|ptrR|rcdA,100,-0.18664312226864438,0.11233863761478007,0.1580517113418121,-1.6614330227918688,-0.24625488514025093,1755,,,,[],0,,False,True,
csd-20260805_174708,paired_hierarchical,1,0,0,9769808dfe284056,btsR->csgC,shared_complete_observation_shared_scores,maximum,prefix,complete,0,100,0.2,0.9,biological_error,2151398048,921666314,2151398048,btsR,csgC,False,identifiable,alpA|basR|glaR|glrR|nsrR|ptrR|rcdA,100,0.12980017157229676,0.15225324680374078,0.2903180397201597,0.8525281023373725,-0.12122605300274934,1755,,,,[],0,,False,True,
csd-20260805_174708,paired_hierarchical,1,0,0,9769808dfe284056,btsR->csgD,shared_complete_observation_shared_scores,maximum,prefix,complete,0,100,0.2,0.9,biological_error,2151398048,921666314,2151398048,btsR,csgD,False,identifiable,alpA|basR|glaR|glrR|nsrR|ptrR|rcdA,100,0.07212666817028449,0.18050104169239906,0.4080377296986004,0.3995914233736068,-0.16786892441453427,1755,,,,[],0,,False,True,
csd-20260805_174708,paired_hierarchical,1,0,0,9769808dfe284056,btsR->csgE,shared_complete_observation_shared_scores,maximum,prefix,complete,0,100,0.2,0.9,biological_error,2151398048,921666314,2151398048,btsR,csgE,False,identifiable,alpA|basR|glaR|glrR|nsrR|ptrR|rcdA,100,-0.20463729170463058,0.08927042390272075,0.09980587152692182,-2.29233023389277,-0.134448650314545,1755,,,,[],0,,False,True,
csd-20260805_174708,paired_hierarchical,1,0,0,9769808dfe284056,btsR->csgF,shared_complete_observation_shared_scores,maximum,prefix,complete,0,100,0.2,0.9,biological_error,2151398048,921666314,2151398048,btsR,csgF,False,identifiable,alpA|basR|glaR|glrR|nsrR|ptrR|rcdA,100,-0.00778081140489914,0.0664018534858834,0.05522062292051722,-0.11717762376246454,-0.17925138535878268,1755,,,,[],0,,False,True,
csd-20260805_174708,paired_hierarchical,1,0,0,9769808dfe284056,btsR->csgG,shared_complete_observation_shared_scores,maximum,prefix,complete,0,100,0.2,0.9,biological_error,2151398048,921666314,2151398048,btsR,csgG,False,identifiable,alpA|basR|glaR|glrR|nsrR|ptrR|rcdA,100,-0.006424453412342537,0.13798952213529303,0.2384696523715507,-0.04655754518842108,-0.12064328847262519,1755,,,,[],0,,False,True,
csd-20260805_174708,paired_hierarchical,1,0,0,9769808dfe284056,btsR->cspC,shared_complete_observation_shared_scores,maximum,prefix,complete,0,100,0.2,0.9,biological_error,2151398048,921666314,2151398048,btsR,cspC,False,identifiable,alpA|basR|glaR|glrR|nsrR|ptrR|rcdA,100,0.04818426722717461,0.1434099126298719,0.25757234963228465,0.33598979556966796,-0.1514071244099666,1755,,,,[],0,,False,True,
csd-20260805_174708,paired_hierarchical,1,0,0,9769808dfe284056,btsR->lpd,shared_complete_observation_shared_scores,maximum,prefix,complete,0,100,0.2,0.9,biological_error,2151398048,921666314,2151398048,btsR,lpd,False,identifiable,alpA|basR|glaR|glrR|nsrR|ptrR|rcdA,100,-0.007377291908230613,0.12028898173329775,0.18121435363861563,-0.06132973944851735,-0.1460754435706411,1755,,,,[],0,,False,True,
csd-20260805_174708,paired_hierarchical,1,0,0,9769808dfe284056,btsR->mdh,shared_complete_observation_shared_scores,maximum,prefix,complete,0,100,0.2,0.9,biological_error,2151398048,921666314,2151398048,btsR,mdh,False,identifiable,alpA|basR|glaR|glrR|modE|nsrR|ptrR|rcdA,100,-0.10541976429004375,0.10245979765698182,0.13069010700944855,-1.0288890540558298,-0.3038611208217814,1755,,,,[],0,,False,True,
csd-20260805_174708,paired_hierarchical,1,0,0,9769808dfe284056,btsR->pdhR,shared_complete_observation_shared_scores,maximum,prefix,complete,0,100,0.2,0.9,biological_error,2151398048,921666314,2151398048,btsR,pdhR,False,identifiable,alpA|basR|glaR|glrR|nsrR|ptrR|rcdA,100,-0.398309181612137,0.10955994667137618,0.15032960684455512,-3.635536468513086,-0.2662771063771429,1755,,,,[],0,,False,True,
csd-20260805_174708,paired_hierarchical,1,0,0,9769808dfe284056,btsR->yobF,shared_complete_observation_shared_scores,maximum,prefix,complete,0,100,0.2,0.9,biological_error,2151398048,921666314,2151398048,btsR,yobF,False,identifiable,alpA|basR|glaR|glrR|nsrR|ptrR|rcdA,100,-0.23394053843261942,0.12349216067792795,0.19099397873307444,-1.894375619864202,-0.17285631625957792,1755,,,,[],0,,False,True,
csd-20260805_174708,paired_hierarchical,1,0,0,9769808dfe284056,pdhR->aceE,shared_complete_observation_shared_scores,maximum,prefix,complete,0,100,0.2,0.9,biological_error,2151398048,921666314,2151398048,pdhR,aceE,False,identifiable,arcA|btsR|cra|crp|fnr|glaR|nsrR|ompR|rpoD|rpoS,100,0.023661444575785243,0.11522290132492984,0.1607679162452828,0.20535366063261773,-0.08627443505461224,1755,,,,[],0,,False,True,
csd-20260805_174708,paired_hierarchical,1,0,0,9769808dfe284056,pdhR->aceF,shared_complete_observation_shared_scores,maximum,prefix,complete,0,100,0.2,0.9,biological_error,2151398048,921666314,2151398048,pdhR,aceF,False,identifiable,arcA|btsR|cra|crp|fnr|glaR|nsrR|ompR|rpoD|rpoS,100,0.003098163615377193,0.10143222506697218,0.12458727144277743,0.030544174825422425,-0.1811639740619274,1755,,,,[],0,,False,True,
csd-20260805_174708,paired_hierarchical,1,0,0,9769808dfe284056,pdhR->acpP,shared_complete_observation_shared_scores,maximum,prefix,complete,0,100,0.2,0.9,biological_error,2151398048,921666314,2151398048,pdhR,acpP,False,identifiable,arcA|btsR|cra|crp|fnr|glaR|ompR|rpoD|rpoS,100,-0.016270902740362733,0.06579222922165308,0.05247024765333962,-0.24730736339007903,0.13073428746965807,1755,,,,[],0,,False,True,
csd-20260805_174708,paired_hierarchical,1,0,0,9769808dfe284056,pdhR->cyoA,shared_complete_observation_shared_scores,maximum,prefix,complete,0,100,0.2,0.9,biological_error,2151398048,921666314,2151398048,pdhR,cyoA,False,identifiable,arcA|btsR|cra|crp|cusR|fis|fnr|fur|gadE|glaR|hprR|ompR|rpoD|rpoS,100,0.1412740207904432,0.1462587116896838,0.2572316151835916,0.9659186735500818,-0.25006803184833953,1755,,,,[],0,,False,True,
csd-20260805_174708,paired_hierarchical,1,0,0,9769808dfe284056,pdhR->cyoB,shared_complete_observation_shared_scores,maximum,prefix,complete,0,100,0.2,0.9,biological_error,2151398048,921666314,2151398048,pdhR,cyoB,False,identifiable,arcA|btsR|cra|crp|cusR|fis|fnr|fur|gadE|glaR|hprR|ompR|rpoD|rpoS,100,-0.06142671759739822,0.1163880465564315,0.16289119734142088,-0.5277751402728036,-0.1796267781923337,1755,,,,[],0,,False,True,
csd-20260805_174708,paired_hierarchical,1,0,0,9769808dfe284056,pdhR->cyoC,shared_complete_observation_shared_scores,maximum,prefix,complete,0,100,0.2,0.9,biological_error,2151398048,921666314,2151398048,pdhR,cyoC,False,identifiable,arcA|btsR|cra|crp|cusR|fis|fnr|fur|gadE|glaR|hprR|ompR|rpoD|rpoS,100,-0.07917801430527985,0.11922328365208897,0.1709239872984206,-0.6641153630387577,-0.2061837147218888,1755,,,,[],0,,False,True,
csd-20260805_174708,paired_hierarchical,1,0,0,9769808dfe284056,pdhR->cyoD,shared_complete_observation_shared_scores,maximum,prefix,complete,0,100,0.2,0.9,biological_error,2151398048,921666314,2151398048,pdhR,cyoD,False,identifiable,arcA|btsR|cra|crp|cusR|fis|fnr|fur|gadE|glaR|hprR|ompR|rpoD|rpoS,100,-0.08569305213928544,0.12651518016353958,0.19247136839548032,-0.6773341509573357,-0.20981487952614675,1755,,,,[],0,,False,True,
csd-20260805_174708,paired_hierarchical,1,0,0,9769808dfe284056,pdhR->cyoE,shared_complete_observation_shared_scores,maximum,prefix,complete,0,100,0.2,0.9,biological_error,2151398048,921666314,2151398048,pdhR,cyoE,False,identifiable,arcA|btsR|cra|crp|cusR|fis|fnr|fur|gadE|glaR|hprR|ompR|rpoD|rpoS,100,-0.012716852832674451,0.15429775254892977,0.28628596535412065,-0.08241761543896614,-0.15530741412111834,1755,,,,[],0,,False,True,
csd-20260805_174708,paired_hierarchical,1,0,0,9769808dfe284056,pdhR->ddlB,shared_complete_observation_shared_scores,maximum,prefix,complete,0,100,0.2,0.9,biological_error,2151398048,921666314,2151398048,pdhR,ddlB,False,identifiable,btsR|cra|crp|fnr|glaR|lexA|ompR|rpoD|rpoS,100,-0.006730042097612774,0.07923583593413516,0.07594877424159956,-0.08493684730236362,-0.17104838840166636,1755,,,,[],0,,False,True,
csd-20260805_174708,paired_hierarchical,1,0,0,9769808dfe284056,pdhR->fadE,shared_complete_observation_shared_scores,maximum,prefix,complete,0,100,0.2,0.9,biological_error,2151398048,921666314,2151398048,pdhR,fadE,False,identifiable,arcA|btsR|cpxR|cra|crp|fadR|fnr|glaR|lldR|ompR|rpoD|rpoS,100,-0.06101015772398519,0.07959318364901602,0.07639817846984158,-0.7665249073717563,0.24045212641936317,1755,,,,[],0,,False,True,
csd-20260805_174708,paired_hierarchical,1,0,0,9769808dfe284056,pdhR->fadH,shared_complete_observation_shared_scores,maximum,prefix,complete,0,100,0.2,0.9,biological_error,2151398048,921666314,2151398048,pdhR,fadH,False,identifiable,arcA|btsR|cra|crp|fadR|fnr|glaR|hipB|ompR|rpoD|rpoS,100,0.08251295008626847,0.13212364645538716,0.16833429599868538,0.6245131155544498,0.19233013464034915,1755,,,,[],0,,False,True,
csd-20260805_174708,paired_hierarchical,1,0,0,9769808dfe284056,pdhR->fadL,shared_complete_observation_shared_scores,maximum,prefix,complete,0,100,0.2,0.9,biological_error,2151398048,921666314,2151398048,pdhR,fadL,False,identifiable,arcA|btsR|cra|crp|fadR|fnr|glaR|lldR|lrp|ompR|phoP|rob|rpoD|rpoN|rpoS,100,-0.10019584057772124,0.16334548369847016,0.3117706621788252,-0.6133982912112779,0.08480062251966367,1755,,,,[],0,,False,True,
csd-20260805_174708,paired_hierarchical,1,0,0,9769808dfe284056,pdhR->fadM,shared_complete_observation_shared_scores,maximum,prefix,complete,0,100,0.2,0.9,biological_error,2151398048,921666314,2151398048,pdhR,fadM,False,identifiable,btsR|cra|crp|fadR|fnr|glaR|ompR|rpoD|rpoE|rpoS,100,-0.013793765406944715,0.09713085293595103,0.11396913366076965,-0.1420121927276851,0.13952930796395427,1755,,,,[],0,,False,True,
csd-20260805_174708,paired_hierarchical,1,0,0,9769808dfe284056,pdhR->fecA,shared_complete_observation_shared_scores,maximum,prefix,complete,0,100,0.2,0.9,biological_error,2151398048,921666314,2151398048,pdhR,fecA,False,identifiable,btsR|cra|crp|fecI|fnr|fur|glaR|hypT|ompR|rpoD|rpoS,100,0.09603983358870467,0.08815365175705973,0.09346045376869562,1.0894595025215548,0.3429059439821042,1755,,,,[],0,,False,True,
csd-20260805_174708,paired_hierarchical,1,0,0,9769808dfe284056,pdhR->fecB,shared_complete_observation_shared_scores,maximum,prefix,complete,0,100,0.2,0.9,biological_error,2151398048,921666314,2151398048,pdhR,fecB,False,identifiable,btsR|cra|crp|fecI|fnr|fur|glaR|hypT|ompR|rpoD|rpoS,100,-0.060032284391334366,0.06747674008695763,0.05475899336784661,-0.8896737500058605,0.2618236474240651,1755,,,,[],0,,False,True,
csd-20260805_174708,paired_hierarchical,1,0,0,9769808dfe284056,pdhR->fecC,shared_complete_observation_shared_scores,maximum,prefix,complete,0,100,0.2,0.9,biological_error,2151398048,921666314,2151398048,pdhR,fecC,False,identifiable,btsR|cra|crp|fecI|fnr|fur|glaR|hypT|ompR|rpoD|rpoS,100,-0.0380884844297927,0.07238218290073008,0.06301016587094227,-0.5262135363067162,0.1725928657298422,1755,,,,[],0,,False,True,
csd-20260805_174708,paired_hierarchical,1,0,0,9769808dfe284056,pdhR->fecD,shared_complete_observation_shared_scores,maximum,prefix,complete,0,100,0.2,0.9,biological_error,2151398048,921666314,2151398048,pdhR,fecD,False,identifiable,btsR|cra|crp|fecI|fnr|fur|glaR|hypT|ompR|rpoD|rpoS,100,0.03465355918845468,0.09818588280911052,0.1159432229719675,0.35293830637370643,0.1013751666900285,1755,,,,[],0,,False,True,
csd-20260805_174708,paired_hierarchical,1,0,0,9769808dfe284056,pdhR->fecE,shared_complete_observation_shared_scores,maximum,prefix,complete,0,100,0.2,0.9,biological_error,2151398048,921666314,2151398048,pdhR,fecE,False,identifiable,btsR|cra|crp|fecI|fnr|fur|glaR|hypT|ompR|rpoD|rpoS,100,-0.1155540946261658,0.10795858037433705,0.14017210657508045,-1.0703558181803796,0.07934099576204406,1755,,,,[],0,,False,True,
csd-20260805_174708,paired_hierarchical,1,0,0,9769808dfe284056,pdhR->ftsA,shared_complete_observation_shared_scores,maximum,prefix,complete,0,100,0.2,0.9,biological_error,2151398048,921666314,2151398048,pdhR,ftsA,False,identifiable,btsR|cra|crp|fnr|glaR|lexA|ompR|rcsB|rpoD|rpoS|sdiA,100,0.0294842837961205,0.11252699400883578,0.14728370940974983,0.26201965186953585,-0.10405605311999562,1755,,,,[],0,,False,True,
csd-20260805_174708,paired_hierarchical,1,0,0,9769808dfe284056,pdhR->ftsI,shared_complete_observation_shared_scores,maximum,prefix,complete,0,100,0.2,0.9,biological_error,2151398048,921666314,2151398048,pdhR,ftsI,False,identifiable,btsR|cra|crp|fnr|glaR|lexA|ompR|rpoD|rpoS,100,-0.10742930230355623,0.0780321523939793,0.07365880244121026,-1.3767312448483109,-0.10452156873193573,1755,,,,[],0,,False,True,
csd-20260805_174708,paired_hierarchical,1,0,0,9769808dfe284056,pdhR->ftsL,shared_complete_observation_shared_scores,maximum,prefix,complete,0,100,0.2,0.9,biological_error,2151398048,921666314,2151398048,pdhR,ftsL,False,identifiable,btsR|cra|crp|fnr|glaR|lexA|ompR|rpoD|rpoS,100,0.08995881957062198,0.10934765704516099,0.14464267497334954,0.8226863016687102,-0.10397427472725405,1755,,,,[],0,,False,True,
csd-20260805_174708,paired_hierarchical,1,0,0,9769808dfe284056,pdhR->ftsQ,shared_complete_observation_shared_scores,maximum,prefix,complete,0,100,0.2,0.9,biological_error,2151398048,921666314,2151398048,pdhR,ftsQ,False,identifiable,btsR|cra|crp|fnr|glaR|lexA|lrp|ompR|rpoD|rpoS|sdiA,100,-0.008316348144318211,0.13456863843850483,0.2148055865732111,-0.0618000467331667,-0.20083292859689422,1755,,,,[],0,,False,True,
csd-20260805_174708,paired_hierarchical,1,0,0,9769808dfe284056,pdhR->ftsW,shared_complete_observation_shared_scores,maximum,prefix,complete,0,100,0.2,0.9,biological_error,2151398048,921666314,2151398048,pdhR,ftsW,False,identifiable,btsR|cra|crp|fnr|glaR|lexA|ompR|rpoD|rpoS,100,-0.09557229528194043,0.0961026081164189,0.11172434805373878,-0.9944818060105503,-0.19094371333483043,1755,,,,[],0,,False,True,
csd-20260805_174708,paired_hierarchical,1,0,0,9769808dfe284056,pdhR->ftsZ,shared_complete_observation_shared_scores,maximum,prefix,complete,0,100,0.2,0.9,biological_error,2151398048,921666314,2151398048,pdhR,ftsZ,False,identifiable,argR|btsR|cra|crp|dicF|fnr|glaR|lexA|ompR|rcsB|rpoD|rpoS|sdiA,100,-0.02345609515746425,0.09564452774654915,0.10336621357082677,-0.2452424170008048,-0.21316862458662605,1755,,,,[],0,,False,True,
csd-20260805_174708,paired_hierarchical,1,0,0,9769808dfe284056,pdhR->fumD,shared_complete_observation_shared_scores,maximum,prefix,complete,0,100,0.2,0.9,biological_error,2151398048,921666314,2151398048,pdhR,fumD,False,identifiable,btsR|cra|crp|fnr|glaR|nac|ompR|rpoD|rpoS,100,0.010501470512800036,0.14562246350675065,0.2516701361851021,0.07211435832022726,0.21755220613998946,1755,,,,[],0,,False,True,
csd-20260805_174708,paired_hierarchical,1,0,0,9769808dfe284056,pdhR->glcA,shared_complete_observation_shared_scores,maximum,prefix,complete,0,100,0.2,0.9,biological_error,2151398048,921666314,2151398048,pdhR,glcA,False,identifiable,arcA|btsR|cra|crp|fnr|glaR|glcC|ihfA|ihfB|lrp|nac|ompR|rpoD|rpoS,100,0.17276402978321437,0.08823229447357132,0.09123332490926829,1.9580589036473859,-0.23221782789863132,1755,,,,[],0,,False,True,
csd-20260805_174708,paired_hierarchical,1,0,0,9769808dfe284056,pdhR->glcB,shared_complete_observation_shared_scores,maximum,prefix,complete,0,100,0.2,0.9,biological_error,2151398048,921666314,2151398048,pdhR,glcB,False,identifiable,arcA|btsR|cra|crp|fnr|glaR|glcC|ihfA|ihfB|ompR|rpoD|rpoS,100,0.0348839374523434,0.1435313170256782,0.2486364891041283,0.24304060030399188,-0.13598648531826185,1755,,,,[],0,,False,True,
csd-20260805_174708,paired_hierarchical,1,0,0,9769808dfe284056,pdhR->glcD,shared_complete_observation_shared_scores,maximum,prefix,complete,0,100,0.2,0.9,biological_error,2151398048,921666314,2151398048,pdhR,glcD,False,identifiable,arcA|btsR|cra|crp|fnr|glaR|glcC|ihfA|ihfB|lldR|ompR|rpoD|rpoS,100,-0.01277250909947512,0.04916752112609657,0.029129708457477654,-0.25977533149817217,-0.1837085825427782,1755,,,,[],0,,False,True,
csd-20260805_174708,paired_hierarchical,1,0,0,9769808dfe284056,pdhR->glcE,shared_complete_observation_shared_scores,maximum,prefix,complete,0,100,0.2,0.9,biological_error,2151398048,921666314,2151398048,pdhR,glcE,False,identifiable,arcA|btsR|cra|crp|fnr|glaR|glcC|ihfA|ihfB|ompR|rpoD|rpoS,100,0.02880848084555352,0.16701415415767282,0.33664958363365405,0.17249125375539331,-0.138473309516072,1755,,,,[],0,,False,True,
csd-20260805_174708,paired_hierarchical,1,0,0,9769808dfe284056,pdhR->glcF,shared_complete_observation_shared_scores,maximum,prefix,complete,0,100,0.2,0.9,biological_error,2151398048,921666314,2151398048,pdhR,glcF,False,identifiable,arcA|btsR|cra|crp|fnr|glaR|glcC|ihfA|ihfB|ompR|rpoD|rpoS,100,0.04828275401654385,0.11070866133586427,0.14792266538539467,0.43612444983021903,-0.22255172650273936,1755,,,,[],0,,False,True,
csd-20260805_174708,paired_hierarchical,1,0,0,9769808dfe284056,pdhR->glcG,shared_complete_observation_shared_scores,maximum,prefix,complete,0,100,0.2,0.9,biological_error,2151398048,921666314,2151398048,pdhR,glcG,False,identifiable,arcA|btsR|cra|crp|fnr|glaR|glcC|ihfA|ihfB|ompR|rpoD|rpoS,100,-0.01882886365670672,0.1201194454355261,0.17413984832021884,-0.15675117037410133,-0.1986605688180423,1755,,,,[],0,,False,True,
csd-20260805_174708,paired_hierarchical,1,0,0,9769808dfe284056,pdhR->gmhA,shared_complete_observation_shared_scores,maximum,prefix,complete,0,100,0.2,0.9,biological_error,2151398048,921666314,2151398048,pdhR,gmhA,False,identifiable,btsR|cpxR|cra|crp|fnr|glaR|ompR|rpoD|rpoS,100,0.0036750677258076906,0.06832507442646779,0.056547330831832464,0.05378797983985864,0.2116277806889151,1755,,,,[],0,,False,True,
csd-20260805_174708,paired_hierarchical,1,0,0,9769808dfe284056,pdhR->grcA,shared_complete_observation_shared_scores,maximum,prefix,complete,0,100,0.2,0.9,biological_error,2151398048,921666314,2151398048,pdhR,grcA,False,identifiable,arcA|btsR|cra|crp|fis|fnr|fur|glaR|ompR|rpoD|rpoS,100,-0.037706655574156936,0.09573213388176374,0.11087387238803323,-0.3938766853429533,-0.22522659547566826,1755,,,,[],0,,False,True,
csd-20260805_174708,paired_hierarchical,1,0,0,9769808dfe284056,pdhR->hemL,shared_complete_observation_shared_scores,maximum,prefix,complete,0,100,0.2,0.9,biological_error,2151398048,921666314,2151398048,pdhR,hemL,False,identifiable,btsR|cra|crp|fliA|fnr|glaR|ompR|phoP|rpoD|rpoS,100,-0.059551943714930194,0.04864360062235652,0.02753663519713111,-1.2242503217897118,-0.30033125933641236,1755,,,,[],0,,False,True,
csd-20260805_174708,paired_hierarchical,1,0,0,9769808dfe284056,pdhR->hha,shared_complete_observation_shared_scores,maximum,prefix,complete,0,100,0.2,0.9,biological_error,2151398048,921666314,2151398048,pdhR,hha,False,identifiable,basR|btsR|cpxR|cra|crp|fnr|glaR|ompR|rpoD|rpoS,100,-0.04180400463041305,0.07792598927881478,0.07354667393366834,-0.5364577981915724,-0.2081922141610832,1755,,,,[],0,,False,True,
csd-20260805_174708,paired_hierarchical,1,0,0,9769808dfe284056,pdhR->lldP,shared_complete_observation_shared_scores,maximum,prefix,complete,0,100,0.2,0.9,biological_error,2151398048,921666314,2151398048,pdhR,lldP,False,identifiable,arcA|btsR|cra|crp|fnr|glaR|lldR|ompR|rpoD|rpoS|spf,100,-0.06749972062347141,0.12463475225689166,0.1878309510796442,-0.5415802527078801,-0.19370019273894928,1755,,,,[],0,,False,True,
csd-20260805_174708,paired_hierarchical,1,0,0,9769808dfe284056,pdhR->lpd,shared_complete_observation_shared_scores,maximum,prefix,complete,0,100,0.2,0.9,biological_error,2151398048,921666314,2151398048,pdhR,lpd,False,identifiable,arcA|btsR|cra|crp|fis|fnr|fur|glaR|ompR|rpoD|rpoS,100,0.09030321505798033,0.12504368256184137,0.18916345929673925,0.7221733494078771,-0.18474306288719472,1755,,,,[],0,,False,True,
csd-20260805_174708,paired_hierarchical,1,0,0,9769808dfe284056,pdhR->lpxC,shared_complete_observation_shared_scores,maximum,prefix,complete,0,100,0.2,0.9,biological_error,2151398048,921666314,2151398048,pdhR,lpxC,False,identifiable,btsR|cra|crp|fnr|glaR|lexA|ompR|rpoD|rpoS,100,0.01189916529859578,0.13839083347871045,0.23168191315059242,0.08598232266898158,-0.24355134833179318,1755,,,,[],0,,False,True,
csd-20260805_174708,paired_hierarchical,1,0,0,9769808dfe284056,pdhR->mraY,shared_complete_observation_shared_scores,maximum,prefix,complete,0,100,0.2,0.9,biological_error,2151398048,921666314,2151398048,pdhR,mraY,False,identifiable,btsR|cra|crp|fnr|glaR|lexA|ompR|rpoD|rpoS,100,-0.007170826589709739,0.08547564234953604,0.08838167486095269,-0.08389321674104579,-0.2258376864969694,1755,,,,[],0,,False,True,
csd-20260805_174708,paired_hierarchical,1,0,0,9769808dfe284056,pdhR->mraZ,shared_complete_observation_shared_scores,maximum,prefix,complete,0,100,0.2,0.9,biological_error,2151398048,921666314,2151398048,pdhR,mraZ,False,identifiable,btsR|cra|crp|fnr|glaR|ompR|rpoD|rpoS,100,-0.01717155062534651,0.09903078850527106,0.1188841724167836,-0.17339608100194548,-0.27120936409714486,1755,,,,[],0,,False,True,
csd-20260805_174708,paired_hierarchical,1,0,0,9769808dfe284056,pdhR->murC,shared_complete_observation_shared_scores,maximum,prefix,complete,0,100,0.2,0.9,biological_error,2151398048,921666314,2151398048,pdhR,murC,False,identifiable,btsR|cra|crp|fnr|glaR|lexA|ompR|rpoD|rpoS,100,0.05631150927807856,0.11442115062229871,0.15837626705081956,0.4921424839010876,-0.19549976178745923,1755,,,,[],0,,False,True,
csd-20260805_174708,paired_hierarchical,1,0,0,9769808dfe284056,pdhR->murD,shared_complete_observation_shared_scores,maximum,prefix,complete,0,100,0.2,0.9,biological_error,2151398048,921666314,2151398048,pdhR,murD,False,identifiable,btsR|cra|crp|fnr|glaR|lexA|ompR|rpoD|rpoS,100,-0.014648298754310245,0.10141833733478473,0.12442580342650045,-0.1444344202366068,-0.12863360208626595,1755,,,,[],0,,False,True,
csd-20260805_174708,paired_hierarchical,1,0,0,9769808dfe284056,pdhR->murE,shared_complete_observation_shared_scores,maximum,prefix,complete,0,100,0.2,0.9,biological_error,2151398048,921666314,2151398048,pdhR,murE,False,identifiable,btsR|cra|crp|fnr|glaR|lexA|ompR|rpoD|rpoS,100,0.004775947019482388,0.10250387703670552,0.12710366258159098,0.04659284270557077,-0.22191765226215474,1755,,,,[],0,,False,True,
csd-20260805_174708,paired_hierarchical,1,0,0,9769808dfe284056,pdhR->murF,shared_complete_observation_shared_scores,maximum,prefix,complete,0,100,0.2,0.9,biological_error,2151398048,921666314,2151398048,pdhR,murF,False,identifiable,btsR|cra|crp|fnr|glaR|lexA|ompR|rpoD|rpoS,100,0.06621971583838991,0.11017447649217237,0.14683834199365045,0.601044070702661,-0.12121150133105227,1755,,,,[],0,,False,True,
csd-20260805_174708,paired_hierarchical,1,0,0,9769808dfe284056,pdhR->murG,shared_complete_observation_shared_scores,maximum,prefix,complete,0,100,0.2,0.9,biological_error,2151398048,921666314,2151398048,pdhR,murG,False,identifiable,btsR|cra|crp|fnr|glaR|lexA|ompR|rpoD|rpoS,100,0.07441905043279955,0.10543664299880075,0.13448090430567028,0.7058177149441869,-0.218057800641181,1755,,,,[],0,,False,True,
csd-20260805_174708,paired_hierarchical,1,0,0,9769808dfe284056,pdhR->ndh,shared_complete_observation_shared_scores,maximum,prefix,complete,0,100,0.2,0.9,biological_error,2151398048,921666314,2151398048,pdhR,ndh,False,identifiable,arcA|btsR|cra|crp|fis|fnr|fur|glaR|ihfA|ihfB|nsrR|ompR|rpoD|rpoS,100,-0.0572067948646042,0.04653749500231573,0.026079330795936464,-1.2292624444387812,-0.33789861839407104,1755,,,,[],0,,False,True,
csd-20260805_174708,paired_hierarchical,1,0,0,9769808dfe284056,pdhR->ppsA,shared_complete_observation_shared_scores,maximum,prefix,complete,0,100,0.2,0.9,biological_error,2151398048,921666314,2151398048,pdhR,ppsA,False,identifiable,btsR|cra|crp|fnr|glaR|lrp|ompR|rpoD|rpoS,100,0.027333178313862012,0.07702911814446867,0.07135013159737302,0.35484215543787534,0.16026975708806407,1755,,,,[],0,,False,True,
csd-20260805_174708,paired_hierarchical,1,0,0,9769808dfe284056,pdhR->ppsR,shared_complete_observation_shared_scores,maximum,prefix,complete,0,100,0.2,0.9,biological_error,2151398048,921666314,2151398048,pdhR,ppsR,False,identifiable,btsR|cra|crp|fnr|glaR|ompR|rpoD|rpoS,100,0.06999856321093222,0.11232421499169724,0.15294326213746787,0.6231831953253032,0.26151849853216613,1755,,,,[],0,,False,True,
csd-20260805_174708,paired_hierarchical,1,0,0,9769808dfe284056,pdhR->rsmH,shared_complete_observation_shared_scores,maximum,prefix,complete,0,100,0.2,0.9,biological_error,2151398048,921666314,2151398048,pdhR,rsmH,False,identifiable,btsR|cra|crp|fnr|glaR|ompR|rpoD|rpoS,100,-0.14287042057891175,0.13225969759538317,0.2120501654375639,-1.080226427070698,-0.12748913550099789,1755,,,,[],0,,False,True,
csd-20260805_174708,paired_hierarchical,1,0,0,9769808dfe284056,pdhR->tomB,shared_complete_observation_shared_scores,maximum,prefix,complete,0,100,0.2,0.9,biological_error,2151398048,921666314,2151398048,pdhR,tomB,False,identifiable,basR|btsR|cpxR|cra|crp|fnr|glaR|nac|ompR|rpoD|rpoS,100,0.04947743079050483,0.08480743657648664,0.08528217332745965,0.5834091064158251,-0.12414314078945446,1755,,,,[],0,,False,True,
csd-20260805_174708,paired_hierarchical,1,0,0,9769808dfe284056,pdhR->ybcV,shared_complete_observation_shared_scores,maximum,prefix,complete,0,100,0.2,0.9,biological_error,2151398048,921666314,2151398048,pdhR,ybcV,False,identifiable,btsR|cra|crp|fnr|glaR|nac|ompR|rpoD|rpoS,100,0.06511571913857658,0.06787523485851439,0.05467611234860479,0.9593442921311431,0.17464820821821186,1755,,,,[],0,,False,True,
csd-20260805_174708,paired_hierarchical,1,0,0,9769808dfe284056,pdhR->ybcW,shared_complete_observation_shared_scores,maximum,prefix,complete,0,100,0.2,0.9,biological_error,2151398048,921666314,2151398048,pdhR,ybcW,False,identifiable,btsR|cra|crp|fnr|glaR|ompR|rpoD|rpoS,100,-0.031224236067281894,0.0816454474590723,0.08080672616374489,-0.3824369519553942,0.17499719946872216,1755,,,,[],0,,False,True,
csd-20260805_174708,paired_hierarchical,1,0,0,9769808dfe284056,c0293->fadR,shared_complete_observation_shared_scores,maximum,prefix,complete,0,100,0.2,0.9,biological_error,2151398048,921666314,2151398048,c0293,fadR,False,identifiable,dksA|rpoD,100,-0.24969045480778415,0.22177603601629461,0.5154464413092283,-1.1258676063154027,-0.1431296054320198,1755,,,,[],0,,False,True,
csd-20260805_174708,paired_hierarchical,1,0,0,9769808dfe284056,c0293->hcaR,shared_complete_observation_shared_scores,maximum,prefix,complete,0,100,0.2,0.9,biological_error,2151398048,921666314,2151398048,c0293,hcaR,False,identifiable,fur|nac,100,0.044052439673372794,0.11118686343180827,0.12859850642677847,0.3962018381819943,-0.13591194758555758,1755,,,,[],0,,False,True,
csd-20260805_174708,paired_hierarchical,1,0,0,9769808dfe284056,fadR->accA,shared_complete_observation_shared_scores,maximum,prefix,complete,0,100,0.2,0.9,biological_error,2151398048,921666314,2151398048,fadR,accA,False,identifiable,c0293|dksA|rpoD,100,-0.0008252870430298833,0.02415121540132827,0.028862421272262496,-0.03417165675995313,0.3138772130805214,1755,,,,[],0,,False,True,
csd-20260805_174708,paired_hierarchical,1,0,0,9769808dfe284056,fadR->accB,shared_complete_observation_shared_scores,maximum,prefix,complete,0,100,0.2,0.9,biological_error,2151398048,921666314,2151398048,fadR,accB,False,identifiable,c0293|dksA|rpoD,100,-1.3113330135209298e-05,0.012869106386547017,0.008195049116921904,-0.0010189775219293848,0.14985374221326225,1755,,,,[],0,,False,True,
csd-20260805_174708,paired_hierarchical,1,0,0,9769808dfe284056,fadR->accC,shared_complete_observation_shared_scores,maximum,prefix,complete,0,100,0.2,0.9,biological_error,2151398048,921666314,2151398048,fadR,accC,False,identifiable,c0293|dksA|rpoD,100,0.012210220007793973,0.040414043736628734,0.0808201017472971,0.30212814355736944,0.1579628560171157,1755,,,,[],0,,False,True,
csd-20260805_174708,paired_hierarchical,1,0,0,9769808dfe284056,fadR->accD,shared_complete_observation_shared_scores,maximum,prefix,complete,0,100,0.2,0.9,biological_error,2151398048,921666314,2151398048,fadR,accD,False,identifiable,c0293|dksA|rpoD,100,0.010372937834349167,0.038823774567153475,0.0745847935098752,0.26718004495948994,0.4057155906979087,1755,,,,[],0,,False,True,
csd-20260805_174708,paired_hierarchical,1,0,0,9769808dfe284056,fadR->fabA,shared_complete_observation_shared_scores,maximum,prefix,complete,0,100,0.2,0.9,biological_error,2151398048,921666314,2151398048,fadR,fabA,False,identifiable,c0293|dksA|fabR|rpoD,100,-0.06769233370656993,0.05127514751846138,0.12045604373748368,-1.320178234147403,0.09246539775947056,1755,,,,[],0,,False,True,
csd-20260805_174708,paired_hierarchical,1,0,0,9769808dfe284056,fadR->fabB,shared_complete_observation_shared_scores,maximum,prefix,complete,0,100,0.2,0.9,biological_error,2151398048,921666314,2151398048,fadR,fabB,False,identifiable,c0293|dksA|fabR|rpoD,100,0.016325452169737735,0.042033055649757824,0.08094624061525969,0.3883955595750697,0.26888052204136986,1755,,,,[],0,,False,True,
csd-20260805_174708,paired_hierarchical,1,0,0,9769808dfe284056,fadR->fabD,shared_complete_observation_shared_scores,maximum,prefix,complete,0,100,0.2,0.9,biological_error,2151398048,921666314,2151398048,fadR,fabD,False,identifiable,c0293|dksA|rpoD,100,-0.041121303007825724,0.05878201055665504,0.1709793459580342,-0.6995559120624558,0.14591055845719392,1755,,,,[],0,,False,True,
csd-20260805_174708,paired_hierarchical,1,0,0,9769808dfe284056,fadR->fabG,shared_complete_observation_shared_scores,maximum,prefix,complete,0,100,0.2,0.9,biological_error,2151398048,921666314,2151398048,fadR,fabG,False,identifiable,c0293|dksA|rpoD,100,0.007780048786293152,0.04111772388208415,0.0836590464543591,0.18921399464144661,0.17359989075243887,1755,,,,[],0,,False,True,
csd-20260805_174708,paired_hierarchical,1,0,0,9769808dfe284056,fadR->fabH,shared_complete_observation_shared_scores,maximum,prefix,complete,0,100,0.2,0.9,biological_error,2151398048,921666314,2151398048,fadR,fabH,False,identifiable,c0293|dksA|rpoD,100,-0.03782946926797481,0.04039791910937952,0.08075562247640333,-0.9364212341123193,0.04093149921816436,1755,,,,[],0,,False,True,
csd-20260805_174708,paired_hierarchical,1,0,0,9769808dfe284056,fadR->fabI,shared_complete_observation_shared_scores,maximum,prefix,complete,0,100,0.2,0.9,biological_error,2151398048,921666314,2151398048,fadR,fabI,False,identifiable,c0293|dksA|rpoD,100,0.00027658303272720436,0.021234178247589643,0.02231134213251374,0.013025370207514396,0.13234134556782562,1755,,,,[],0,,False,True,
csd-20260805_174708,paired_hierarchical,1,0,0,9769808dfe284056,fadR->fadA,shared_complete_observation_shared_scores,maximum,prefix,complete,0,100,0.2,0.9,biological_error,2151398048,921666314,2151398048,fadR,fadA,False,identifiable,arcA|c0293|dksA|fis|rob|rpoD,100,-0.0014383875791674292,0.02679905005728647,0.03552570911510379,-0.05367308080296458,-0.12362737999830048,1755,,,,[],0,,False,True,
csd-20260805_174708,paired_hierarchical,1,0,0,9769808dfe284056,fadR->fadB,shared_complete_observation_shared_scores,maximum,prefix,complete,0,100,0.2,0.9,biological_error,2151398048,921666314,2151398048,fadR,fadB,False,identifiable,arcA|c0293|dksA|fis|rob|rpoD,100,-0.0030378941425560023,0.039060182179162184,0.0754696758584769,-0.07777470490592482,-0.2014305760073606,1755,,,,[],0,,False,True,
csd-20260805_174708,paired_hierarchical,1,0,0,9769808dfe284056,fadR->fadD,shared_complete_observation_shared_scores,maximum,prefix,complete,0,100,0.2,0.9,biological_error,2151398048,921666314,2151398048,fadR,fadD,False,identifiable,arcA|c0293|crp|dksA|rob|rpoD,100,0.011529477189600689,0.057031971796898576,0.16091918307895653,0.20215813738054322,-0.1721363522319335,1755,,,,[],0,,False,True,
csd-20260805_174708,paired_hierarchical,1,0,0,9769808dfe284056,fadR->fadE,shared_complete_observation_shared_scores,maximum,prefix,complete,0,100,0.2,0.9,biological_error,2151398048,921666314,2151398048,fadR,fadE,False,identifiable,arcA|c0293|cpxR|dksA|lldR|ompR|pdhR|rpoD,100,-0.030923890666274656,0.04268043845879775,0.08138919865470687,-0.7245448215375653,-0.3131247749707456,1755,,,,[],0,,False,True,
csd-20260805_174708,paired_hierarchical,1,0,0,9769808dfe284056,fadR->fadH,shared_complete_observation_shared_scores,maximum,prefix,complete,0,100,0.2,0.9,biological_error,2151398048,921666314,2151398048,fadR,fadH,False,identifiable,arcA|c0293|crp|dksA|hipB|pdhR|rpoD,100,0.010542585579182046,0.05812221654170855,0.16642799800230448,0.18138650255391892,-0.28098508823080937,1755,,,,[],0,,False,True,
csd-20260805_174708,paired_hierarchical,1,0,0,9769808dfe284056,fadR->fadI,shared_complete_observation_shared_scores,maximum,prefix,complete,0,100,0.2,0.9,biological_error,2151398048,921666314,2151398048,fadR,fadI,False,identifiable,arcA|c0293|cpxR|dksA|lrp|rpoD,100,-0.0004973222096594839,0.010930791856442251,0.005905210242051558,-0.04549736342901621,-0.38537240057896704,1755,,,,[],0,,False,True,
csd-20260805_174708,paired_hierarchical,1,0,0,9769808dfe284056,fadR->fadJ,shared_complete_observation_shared_scores,maximum,prefix,complete,0,100,0.2,0.9,biological_error,2151398048,921666314,2151398048,fadR,fadJ,False,identifiable,arcA|c0293|dksA|rpoD,100,-0.0017683973750857258,0.056880339260140314,0.16009223717152532,-0.031089782481746812,-0.3645297415090502,1755,,,,[],0,,False,True,
csd-20260805_174708,paired_hierarchical,1,0,0,9769808dfe284056,fadR->fadL,shared_complete_observation_shared_scores,maximum,prefix,complete,0,100,0.2,0.9,biological_error,2151398048,921666314,2151398048,fadR,fadL,False,identifiable,arcA|c0293|crp|dksA|lldR|lrp|ompR|pdhR|phoP|rob|rpoD|rpoN|rpoS,100,-0.014173608144845917,0.08619743689415796,0.32794633047104366,-0.16443189792580173,-0.18967504229405924,1755,,,,[],0,,False,True,
csd-20260805_174708,paired_hierarchical,1,0,0,9769808dfe284056,fadR->fadM,shared_complete_observation_shared_scores,maximum,prefix,complete,0,100,0.2,0.9,biological_error,2151398048,921666314,2151398048,fadR,fadM,False,identifiable,c0293|dksA|pdhR|rpoD|rpoE,100,0.03244157981614966,0.04717381248019858,0.1098785072775242,0.6877031579706889,-0.24969278668043113,1755,,,,[],0,,False,True,
csd-20260805_174708,paired_hierarchical,1,0,0,9769808dfe284056,fadR->iclR,shared_complete_observation_shared_scores,maximum,prefix,complete,0,100,0.2,0.9,biological_error,2151398048,921666314,2151398048,fadR,iclR,False,identifiable,c0293|dksA|flhC|flhD|rpoD,100,0.08416888372219315,0.05888386400273249,0.17149514974779487,1.4294048997580613,0.24290960438476727,1755,,,,[],0,,False,True,
csd-20260805_174708,paired_hierarchical,1,0,0,9769808dfe284056,fadR->uspA,shared_complete_observation_shared_scores,maximum,prefix,complete,0,100,0.2,0.9,biological_error,2151398048,921666314,2151398048,fadR,uspA,False,identifiable,c0293|dksA|ihfA|ihfB|nac|rpoD,100,0.00025286828534576856,0.036367028222081196,0.0634379851834866,0.006953229276848993,-0.49404852396445137,1755,,,,[],0,,False,True,
csd-20260805_174708,paired_hierarchical,1,0,0,9769808dfe284056,hcaR->hcaB,shared_complete_observation_shared_scores,maximum,prefix,complete,0,100,0.2,0.9,biological_error,2151398048,921666314,2151398048,hcaR,hcaB,False,identifiable,c0293|fur|nac,100,0.010714902627415736,0.1049100084941163,0.1358754520727519,0.10213422705057414,0.38275962662115265,1755,,,,[],0,,False,True,
csd-20260805_174708,paired_hierarchical,1,0,0,9769808dfe284056,hcaR->hcaC,shared_complete_observation_shared_scores,maximum,prefix,complete,0,100,0.2,0.9,biological_error,2151398048,921666314,2151398048,hcaR,hcaC,False,identifiable,c0293|fur|nac,100,0.04088185715212399,0.07889946783487511,0.07685202327220185,0.5181512407369293,0.1809044958100952,1755,,,,[],0,,False,True,
csd-20260805_174708,paired_hierarchical,1,0,0,9769808dfe284056,hcaR->hcaD,shared_complete_observation_shared_scores,maximum,prefix,complete,0,100,0.2,0.9,biological_error,2151398048,921666314,2151398048,hcaR,hcaD,False,identifiable,c0293|fur|nac,100,0.04513640381425034,0.07088023528324362,0.06202366976796092,0.6367981657211114,0.3019931176038456,1755,,,,[],0,,False,True,
csd-20260805_174708,paired_hierarchical,1,0,0,9769808dfe284056,hcaR->hcaE,shared_complete_observation_shared_scores,maximum,prefix,complete,0,100,0.2,0.9,biological_error,2151398048,921666314,2151398048,hcaR,hcaE,False,identifiable,c0293|fur|nac,100,-0.014637043561670818,0.11510452859435687,0.16356560289087893,-0.12716305553236432,0.09366797532685443,1755,,,,[],0,,False,True,
csd-20260805_174708,paired_hierarchical,1,0,0,9769808dfe284056,hcaR->hcaF,shared_complete_observation_shared_scores,maximum,prefix,complete,0,100,0.2,0.9,biological_error,2151398048,921666314,2151398048,hcaR,hcaF,False,identifiable,c0293|fur|nac,100,-0.05018083497418069,0.06282227411677431,0.048723049757577956,-0.7987745696837453,0.16241970276006862,1755,,,,[],0,,False,True,
csd-20260805_174708,paired_hierarchical,1,0,0,9769808dfe284056,cadC->cadA,shared_complete_observation_shared_scores,maximum,prefix,complete,0,100,0.2,0.9,biological_error,2151398048,921666314,2151398048,cadC,cadA,False,identifiable,arcA|fnr|fur|gadE|gadX|glaR|hns|leuO|lrp|mlrA|ompR|rcsB|rpoD|soxS,100,0.0219964421312104,0.0852604488245567,0.3546642209536537,0.25799116043211573,0.34990738359245654,1755,,,,[],0,,False,True,
csd-20260805_174708,paired_hierarchical,1,0,0,9769808dfe284056,cadC->cadB,shared_complete_observation_shared_scores,maximum,prefix,complete,0,100,0.2,0.9,biological_error,2151398048,921666314,2151398048,cadC,cadB,False,identifiable,arcA|fnr|fur|gadE|gadX|glaR|hns|leuO|lrp|mlrA|ompR|rcsB|rpoD,100,0.003520384729385019,0.06668812303782544,0.21748178090586331,0.052788781105568984,0.2664111340564708,1755,,,,[],0,,False,True,
csd-20260805_174708,paired_hierarchical,1,0,0,9769808dfe284056,caiF->caiA,shared_complete_observation_shared_scores,maximum,prefix,complete,0,100,0.2,0.9,biological_error,2151398048,921666314,2151398048,caiF,caiA,False,identifiable,arcA|crp|fnr|hns|nac|narL|rpoD|spf,100,0.061550914083115936,0.11566738008133393,0.24232928720102215,0.5321371854349526,0.3310416589046594,1755,,,,[],0,,False,True,
csd-20260805_174708,paired_hierarchical,1,0,0,9769808dfe284056,caiF->caiB,shared_complete_observation_shared_scores,maximum,prefix,complete,0,100,0.2,0.9,biological_error,2151398048,921666314,2151398048,caiF,caiB,False,identifiable,arcA|crp|fnr|hns|nac|narL|rpoD,100,0.04487201157070549,0.10284429980265747,0.1934120480581434,0.4363101470553841,0.07724062163492368,1755,,,,[],0,,False,True,
csd-20260805_174708,paired_hierarchical,1,0,0,9769808dfe284056,caiF->caiC,shared_complete_observation_shared_scores,maximum,prefix,complete,0,100,0.2,0.9,biological_error,2151398048,921666314,2151398048,caiF,caiC,False,identifiable,arcA|crp|fnr|hns|nac|narL|rpoD,100,-0.00453484784713219,0.09817610673520415,0.17625225569047562,-0.0461909521362806,0.1745563899674593,1755,,,,[],0,,False,True,
csd-20260805_174708,paired_hierarchical,1,0,0,9769808dfe284056,caiF->caiD,shared_complete_observation_shared_scores,maximum,prefix,complete,0,100,0.2,0.9,biological_error,2151398048,921666314,2151398048,caiF,caiD,False,identifiable,arcA|crp|fnr|hns|nac|narL|rpoD,100,-0.033287425782202465,0.11371112845839954,0.23644438839229703,-0.29273674646875436,0.2258901884337913,1755,,,,[],0,,False,True,
csd-20260805_174708,paired_hierarchical,1,0,0,9769808dfe284056,caiF->caiE,shared_complete_observation_shared_scores,maximum,prefix,complete,0,100,0.2,0.9,biological_error,2151398048,921666314,2151398048,caiF,caiE,False,identifiable,arcA|crp|fnr|hns|nac|narL|rpoD,100,-0.02681272872411794,0.0653628825878405,0.07812417894694652,-0.4102133758878304,0.12324376262952838,1755,,,,[],0,,False,True,
csd-20260805_174708,paired_hierarchical,1,0,0,9769808dfe284056,caiF->caiT,shared_complete_observation_shared_scores,maximum,prefix,complete,0,100,0.2,0.9,biological_error,2151398048,921666314,2151398048,caiF,caiT,False,identifiable,arcA|crp|fnr|hns|nac|narL|rpoD,100,0.41244830834303614,0.101020136617925,0.1866117455924375,4.082832612897609,0.27647245077481947,1755,,,,[],0,,False,True,
csd-20260805_174708,paired_hierarchical,1,0,0,9769808dfe284056,caiF->fixA,shared_complete_observation_shared_scores,maximum,prefix,complete,0,100,0.2,0.9,biological_error,2151398048,921666314,2151398048,caiF,fixA,False,identifiable,crp|fnr|hns|nac|narL|rpoD,100,0.0815691454659575,0.11300743909002958,0.23368613444740047,0.7218033266020112,0.461675949103452,1755,,,,[],0,,False,True,
csd-20260805_174708,paired_hierarchical,1,0,0,9769808dfe284056,caiF->fixB,shared_complete_observation_shared_scores,maximum,prefix,complete,0,100,0.2,0.9,biological_error,2151398048,921666314,2151398048,caiF,fixB,False,identifiable,crp|fnr|hns|nac|narL|rpoD,100,0.05667216690491905,0.0557816264981434,0.0569378711013735,1.0159647622825285,0.2791643697480022,1755,,,,[],0,,False,True,
csd-20260805_174708,paired_hierarchical,1,0,0,9769808dfe284056,caiF->fixC,shared_complete_observation_shared_scores,maximum,prefix,complete,0,100,0.2,0.9,biological_error,2151398048,921666314,2151398048,caiF,fixC,False,identifiable,crp|fnr|hns|nac|narL|rpoD,100,-0.040180631517233445,0.06527486076622604,0.07796699326946924,-0.6155605855849388,0.1985806459406239,1755,,,,[],0,,False,True,
csd-20260805_174708,paired_hierarchical,1,0,0,9769808dfe284056,caiF->fixX,shared_complete_observation_shared_scores,maximum,prefix,complete,0,100,0.2,0.9,biological_error,2151398048,921666314,2151398048,caiF,fixX,False,identifiable,crp|fnr|hns|nac|narL|rpoD,100,-0.04200542588906741,0.09348437024300313,0.15991783132647172,-0.4493310034594935,0.09705719865723243,1755,,,,[],0,,False,True,
csd-20260805_174708,paired_hierarchical,1,0,0,9769808dfe284056,cbl->ssuA,shared_complete_observation_shared_scores,maximum,prefix,complete,0,100,0.2,0.9,biological_error,2151398048,921666314,2151398048,cbl,ssuA,False,identifiable,cpxR|cysB|fnr|glnG|ihfA|ihfB|lrp|rpoD|yeiE,100,-0.0815925623727574,0.20629623637695557,0.09233946178519908,-0.3955116380488255,0.42150316391739323,1755,,,,[],0,,False,True,
csd-20260805_174708,paired_hierarchical,1,0,0,9769808dfe284056,cbl->ssuB,shared_complete_observation_shared_scores,maximum,prefix,complete,0,100,0.2,0.9,biological_error,2151398048,921666314,2151398048,cbl,ssuB,False,identifiable,cpxR|cysB|fnr|glnG|ihfA|ihfB|lrp|rpoD,100,-0.16163163809163972,0.499390477786374,0.5417579149279773,-0.323657829456615,0.24714938470089873,1755,,,,[],0,,False,True,
csd-20260805_174708,paired_hierarchical,1,0,0,9769808dfe284056,cbl->ssuC,shared_complete_observation_shared_scores,maximum,prefix,complete,0,100,0.2,0.9,biological_error,2151398048,921666314,2151398048,cbl,ssuC,False,identifiable,cpxR|cysB|fnr|glnG|ihfA|ihfB|lrp|rpoD,100,0.2323332552190059,0.11877213171082543,0.030644592678251512,1.9561260025598244,0.21426105088426986,1755,,,,[],0,,False,True,
csd-20260805_174708,paired_hierarchical,1,0,0,9769808dfe284056,cbl->ssuD,shared_complete_observation_shared_scores,maximum,prefix,complete,0,100,0.2,0.9,biological_error,2151398048,921666314,2151398048,cbl,ssuD,False,identifiable,cpxR|cysB|fnr|glnG|ihfA|ihfB|lrp|rpoD,100,0.11547283726550917,0.17307706015628221,0.06507344070102031,0.6671758646769331,0.26186843267019855,1755,,,,[],0,,False,True,
csd-20260805_174708,paired_hierarchical,1,0,0,9769808dfe284056,cbl->ssuE,shared_complete_observation_shared_scores,maximum,prefix,complete,0,100,0.2,0.9,biological_error,2151398048,921666314,2151398048,cbl,ssuE,False,identifiable,cpxR|cysB|fnr|glnG|ihfA|ihfB|lrp|nac|rpoD,100,0.44954785522380425,0.2179473068945415,0.10318743996049061,2.062644689807191,0.07629383911389206,1755,,,,[],0,,False,True,
csd-20260805_174708,paired_hierarchical,1,0,0,9769808dfe284056,cbl->tauA,shared_complete_observation_shared_scores,maximum,prefix,complete,0,100,0.2,0.9,biological_error,2151398048,921666314,2151398048,cbl,tauA,False,identifiable,cpxR|cysB|fur|glnG|lrp|nac|rpoD,100,-0.01486563054540261,0.2917364729302524,0.20070121032921542,-0.050955680639069925,0.1906866319164415,1755,,,,[],0,,False,True,
csd-20260805_174708,paired_hierarchical,1,0,0,9769808dfe284056,cbl->tauB,shared_complete_observation_shared_scores,maximum,prefix,complete,0,100,0.2,0.9,biological_error,2151398048,921666314,2151398048,cbl,tauB,False,identifiable,cpxR|cysB|fur|glnG|lrp|rpoD,100,-0.2874519082202416,0.13821488312026095,0.04504888535112945,-2.079746418988245,0.10687977130027985,1755,,,,[],0,,False,True,
csd-20260805_174708,paired_hierarchical,1,0,0,9769808dfe284056,cbl->tauC,shared_complete_observation_shared_scores,maximum,prefix,complete,0,100,0.2,0.9,biological_error,2151398048,921666314,2151398048,cbl,tauC,False,identifiable,cpxR|cysB|fur|glnG|lrp|rpoD,100,-0.0004546654174785898,0.24894558909734396,0.14614477716068955,-0.0018263646250056846,0.22463186123917944,1755,,,,[],0,,False,True,
csd-20260805_174708,paired_hierarchical,1,0,0,9769808dfe284056,cbl->tauD,shared_complete_observation_shared_scores,maximum,prefix,complete,0,100,0.2,0.9,biological_error,2151398048,921666314,2151398048,cbl,tauD,False,identifiable,cpxR|cysB|glnG|lrp|rpoD,100,-0.018727128696078163,0.14421241289381376,0.04904506837736203,-0.12985795272607562,0.09920052990433925,1755,,,,[],0,,False,True,
csd-20260805_174708,paired_hierarchical,1,0,0,9769808dfe284056,cdaR->garD,shared_complete_observation_shared_scores,maximum,prefix,complete,0,100,0.2,0.9,biological_error,2151398048,921666314,2151398048,cdaR,garD,False,identifiable,fnr|nac,100,0.008420632740613377,0.054302040447490665,0.04124989075348481,0.15507028228075545,0.16921396956529772,1755,,,,[],0,,False,True,
csd-20260805_174708,paired_hierarchical,1,0,0,9769808dfe284056,cdaR->garK,shared_complete_observation_shared_scores,maximum,prefix,complete,0,100,0.2,0.9,biological_error,2151398048,921666314,2151398048,cdaR,garK,False,identifiable,fnr|fur|hns|nac|rpoD,100,-0.03002520026764091,0.12445824765751315,0.18529896404865084,-0.24124717190511066,0.1287781458415046,1755,,,,[],0,,False,True,
csd-20260805_174708,paired_hierarchical,1,0,0,9769808dfe284056,cdaR->garL,shared_complete_observation_shared_scores,maximum,prefix,complete,0,100,0.2,0.9,biological_error,2151398048,921666314,2151398048,cdaR,garL,False,identifiable,fnr|fur|hns|nac|rpoD,100,-0.03909414814591013,0.14536526244508677,0.2527824395859412,-0.2689373478115403,0.16445601911112329,1755,,,,[],0,,False,True,
csd-20260805_174708,paired_hierarchical,1,0,0,9769808dfe284056,cdaR->garP,shared_complete_observation_shared_scores,maximum,prefix,complete,0,100,0.2,0.9,biological_error,2151398048,921666314,2151398048,cdaR,garP,False,identifiable,fnr|fur|hns|nac|rpoD,100,0.07692189194278568,0.13049869708216838,0.20372202233195175,0.5894456700540993,0.1606899460006894,1755,,,,[],0,,False,True,
csd-20260805_174708,paired_hierarchical,1,0,0,9769808dfe284056,cdaR->garR,shared_complete_observation_shared_scores,maximum,prefix,complete,0,100,0.2,0.9,biological_error,2151398048,921666314,2151398048,cdaR,garR,False,identifiable,fnr|fur|hns|nac|rpoD,100,-0.034878271040728624,0.100917999324719,0.12183242586620649,-0.34561001282340614,0.16768025949590257,1755,,,,[],0,,False,True,
csd-20260805_174708,paired_hierarchical,1,0,0,9769808dfe284056,cdaR->gudD,shared_complete_observation_shared_scores,maximum,prefix,complete,0,100,0.2,0.9,biological_error,2151398048,921666314,2151398048,cdaR,gudD,False,identifiable,nac,100,0.009947638234243102,0.09162579401622982,0.11766753516298369,0.10856809854745773,0.13189812432974793,1755,,,,[],0,,False,True,
csd-20260805_174708,paired_hierarchical,1,0,0,9769808dfe284056,cdaR->gudP,shared_complete_observation_shared_scores,maximum,prefix,complete,0,100,0.2,0.9,biological_error,2151398048,921666314,2151398048,cdaR,gudP,False,identifiable,nac,100,0.12797557445296223,0.11217432409565152,0.17636324317142602,1.140863343592219,0.16048864839715668,1755,,,,[],0,,False,True,
csd-20260805_174708,paired_hierarchical,1,0,0,9769808dfe284056,cdaR->gudX,shared_complete_observation_shared_scores,maximum,prefix,complete,0,100,0.2,0.9,biological_error,2151398048,921666314,2151398048,cdaR,gudX,False,identifiable,nac,100,0.019128547074281237,0.1045143031243302,0.15309909096219088,0.18302324660315555,0.41246446538190934,1755,,,,[],0,,False,True,
csd-20260805_174708,paired_hierarchical,1,0,0,9769808dfe284056,cdaR->rnpB,shared_complete_observation_shared_scores,maximum,prefix,complete,0,100,0.2,0.9,biological_error,2151398048,921666314,2151398048,cdaR,rnpB,False,identifiable,fis|fnr|fur|hns|nac|rpoD,100,-0.0030495741635245526,0.15590340626838575,0.2891467540156885,-0.01956066410938289,0.15982341213217305,1755,,,,[],0,,False,True,
csd-20260805_174708,paired_hierarchical,1,0,0,9769808dfe284056,cecR->rhlE,shared_complete_observation_shared_scores,maximum,prefix,complete,0,100,0.2,0.9,biological_error,2151398048,921666314,2151398048,cecR,rhlE,False,identifiable,rpoD,100,-0.013517745636516115,0.16718950840865915,0.17236081747195303,-0.08085283439840533,0.09382721173361543,1755,,,,[],0,,False,True,
csd-20260805_174708,paired_hierarchical,1,0,0,9769808dfe284056,cecR->ybhF,shared_complete_observation_shared_scores,maximum,prefix,complete,0,100,0.2,0.9,biological_error,2151398048,921666314,2151398048,cecR,ybhF,False,identifiable,rpoD,100,-0.0532509471249917,0.11603705253519214,0.08302595524557294,-0.458913303652224,-0.40607440505062553,1755,,,,[],0,,False,True,
csd-20260805_174708,paired_hierarchical,1,0,0,9769808dfe284056,cecR->ybhG,shared_complete_observation_shared_scores,maximum,prefix,complete,0,100,0.2,0.9,biological_error,2151398048,921666314,2151398048,cecR,ybhG,False,identifiable,rpoD,100,-0.003143392322667932,0.07353548638905456,0.033343750087680604,-0.04274660408224093,-0.1282697097416435,1755,,,,[],0,,False,True,
csd-20260805_174708,paired_hierarchical,1,0,0,9769808dfe284056,cecR->ybhR,shared_complete_observation_shared_scores,maximum,prefix,complete,0,100,0.2,0.9,biological_error,2151398048,921666314,2151398048,cecR,ybhR,False,identifiable,rpoD,100,-0.050553769695736786,0.18442321296863978,0.2097257090639957,-0.2741182570348842,-0.10496606062917178,1755,,,,[],0,,False,True,
csd-20260805_174708,paired_hierarchical,1,0,0,9769808dfe284056,cecR->ybhS,shared_complete_observation_shared_scores,maximum,prefix,complete,0,100,0.2,0.9,biological_error,2151398048,921666314,2151398048,cecR,ybhS,False,identifiable,rpoD,100,-0.007171728161368192,0.1430994520595943,0.12626891398249418,-0.05011709030431157,-0.14536326156447074,1755,,,,[],0,,False,True,
csd-20260805_174708,paired_hierarchical,1,0,0,9769808dfe284056,chbR->chbA,shared_complete_observation_shared_scores,maximum,prefix,complete,0,100,0.2,0.9,biological_error,2151398048,921666314,2151398048,chbR,chbA,False,identifiable,crp|nagC,100,0.23215515433596207,0.1851910695995348,0.09852658819682769,1.2535979992878947,0.5028776832163914,1755,,,,[],0,,False,True,
csd-20260805_174708,paired_hierarchical,1,0,0,9769808dfe284056,chbR->chbB,shared_complete_observation_shared_scores,maximum,prefix,complete,0,100,0.2,0.9,biological_error,2151398048,921666314,2151398048,chbR,chbB,False,identifiable,crp|nagC,100,0.0009844212093017288,0.16341675074808015,0.07671963116802473,0.006023992061984466,-0.2153238962962582,1755,,,,[],0,,False,True,
csd-20260805_174708,paired_hierarchical,1,0,0,9769808dfe284056,chbR->chbC,shared_complete_observation_shared_scores,maximum,prefix,complete,0,100,0.2,0.9,biological_error,2151398048,921666314,2151398048,chbR,chbC,False,identifiable,crp|nagC,100,0.16561265329652303,0.26104185819452425,0.1957643779155838,0.6344294912776445,0.20110989200052143,1755,,,,[],0,,False,True,
csd-20260805_174708,paired_hierarchical,1,0,0,9769808dfe284056,chbR->chbF,shared_complete_observation_shared_scores,maximum,prefix,complete,0,100,0.2,0.9,biological_error,2151398048,921666314,2151398048,chbR,chbF,False,identifiable,crp|nagC,100,0.02033288761480375,0.26260294763965525,0.1981128097102849,0.0774282535575519,-0.27584553848274507,1755,,,,[],0,,False,True,
csd-20260805_174708,paired_hierarchical,1,0,0,9769808dfe284056,chbR->chbG,shared_complete_observation_shared_scores,maximum,prefix,complete,0,100,0.2,0.9,biological_error,2151398048,921666314,2151398048,chbR,chbG,False,identifiable,crp|lrp|nagC,100,-0.0955492576261671,0.14455308674756334,0.06000639655074534,-0.6609976983267549,0.16559764048877731,1755,,,,[],0,,False,True,
csd-20260805_174708,paired_hierarchical,1,0,0,9769808dfe284056,citR->ybdM,shared_complete_observation_shared_scores,maximum,prefix,complete,0,100,0.2,0.9,biological_error,2151398048,921666314,2151398048,citR,ybdM,False,identifiable,,100,0.0021052840672128774,0.08499269299275347,0.036914898094921725,0.024770177212673744,-0.20406890068763012,1755,,,,[],0,,False,True,
csd-20260805_174708,paired_hierarchical,1,0,0,9769808dfe284056,citR->ybdN,shared_complete_observation_shared_scores,maximum,prefix,complete,0,100,0.2,0.9,biological_error,2151398048,921666314,2151398048,citR,ybdN,False,identifiable,arcA|cysB|fnr|rpoD,100,0.019641074728800344,0.06413406961396585,0.0201435263948128,0.30625024806664225,-0.15908325056814165,1755,,,,[],0,,False,True,
csd-20260805_174708,paired_hierarchical,1,0,0,9769808dfe284056,comR->bhsA,shared_complete_observation_shared_scores,maximum,prefix,complete,0,100,0.2,0.9,biological_error,2151398048,921666314,2151398048,comR,bhsA,False,identifiable,crp|rpoD|rpoE,100,0.01680921226879636,0.10241822396346177,0.09861952922957457,0.16412325481052215,-0.1488136714926524,1755,,,,[],0,,False,True,
csd-20260805_174708,paired_hierarchical,1,0,0,9769808dfe284056,cpxR->ampH,shared_complete_observation_shared_scores,maximum,prefix,complete,0,100,0.2,0.9,biological_error,2151398048,921666314,2151398048,cpxR,ampH,False,identifiable,alpA|basR|btsR|glaR|glrR|nsrR|ptrR|rcdA,100,-0.16869600924106185,0.18372722858823506,0.16816441896022033,-0.9181873070057525,0.10300463934694776,1755,,,,[],0,,False,True,
csd-20260805_174708,paired_hierarchical,1,0,0,9769808dfe284056,cpxR->chaA,shared_complete_observation_shared_scores,maximum,prefix,complete,0,100,0.2,0.9,biological_error,2151398048,921666314,2151398048,cpxR,chaA,False,identifiable,alpA|basR|btsR|glaR|glrR|nsrR|ptrR|rcdA,100,-0.13308213289795426,0.1820372531456725,0.16508499852804573,-0.7310708692767262,0.20879282062276608,1755,,,,[],0,,False,True,
csd-20260805_174708,paired_hierarchical,1,0,0,9769808dfe284056,cpxR->chaB,shared_complete_observation_shared_scores,maximum,prefix,complete,0,100,0.2,0.9,biological_error,2151398048,921666314,2151398048,cpxR,chaB,False,identifiable,alpA|basR|btsR|glaR|glrR|nsrR|ptrR|rcdA,100,-0.11779542727149112,0.24191690174333133,0.2915543238995217,-0.48692516489182536,-0.2675803541764949,1755,,,,[],0,,False,True,
csd-20260805_174708,paired_hierarchical,1,0,0,9769808dfe284056,cpxR->dgt,shared_complete_observation_shared_scores,maximum,prefix,complete,0,100,0.2,0.9,biological_error,2151398048,921666314,2151398048,cpxR,dgt,False,identifiable,alpA|basR|btsR|glaR|glrR|nsrR|ptrR|rcdA,100,-0.010558308769421182,0.16524844664336039,0.1360384999660424,-0.06389354323074607,0.2893933581726723,1755,,,,[],0,,False,True,
csd-20260805_174708,paired_hierarchical,1,0,0,9769808dfe284056,cpxR->epmB,shared_complete_observation_shared_scores,maximum,prefix,complete,0,100,0.2,0.9,biological_error,2151398048,921666314,2151398048,cpxR,epmB,False,identifiable,alpA|basR|btsR|glaR|glrR|nsrR|ptrR|rcdA,100,-0.08730185520091643,0.0876663259834022,0.03828711785316287,-0.9958425224463636,0.13438391993996307,1755,,,,[],0,,False,True,
csd-20260805_174708,paired_hierarchical,1,0,0,9769808dfe284056,cpxR->ettA,shared_complete_observation_shared_scores,maximum,prefix,complete,0,100,0.2,0.9,biological_error,2151398048,921666314,2151398048,cpxR,ettA,False,identifiable,alpA|basR|btsR|glaR|glrR|nsrR|ptrR|rcdA,100,-0.037153906997076075,0.14356341009718462,0.10267733651325718,-0.25879788570029716,0.27714452255814886,1755,,,,[],0,,False,True,
csd-20260805_174708,paired_hierarchical,1,0,0,9769808dfe284056,cpxR->frmB,shared_complete_observation_shared_scores,maximum,prefix,complete,0,100,0.2,0.9,biological_error,2151398048,921666314,2151398048,cpxR,frmB,False,identifiable,alpA|basR|btsR|frmR|glaR|glrR|nsrR|ptrR|rcdA,100,0.20909230209055044,0.25699509672384824,0.32903037926384265,0.8136042467581733,-0.2981114457665258,1755,,,,[],0,,False,True,
csd-20260805_174708,paired_hierarchical,1,0,0,9769808dfe284056,cpxR->gstA,shared_complete_observation_shared_scores,maximum,prefix,complete,0,100,0.2,0.9,biological_error,2151398048,921666314,2151398048,cpxR,gstA,False,identifiable,alpA|basR|btsR|glaR|glrR|nsrR|ptrR|rcdA,100,-0.012602744465491218,0.08255129691123105,0.033949615826512757,-0.15266561443659915,0.18756422756536756,1755,,,,[],0,,False,True,
csd-20260805_174708,paired_hierarchical,1,0,0,9769808dfe284056,cpxR->pdeB,shared_complete_observation_shared_scores,maximum,prefix,complete,0,100,0.2,0.9,biological_error,2151398048,921666314,2151398048,cpxR,pdeB,False,identifiable,alpA|basR|btsR|glaR|glrR|nsrR|ptrR|rcdA,100,-0.07830147196236918,0.17670311864584926,0.15555196151741477,-0.44312444829738423,-0.22304916315194206,1755,,,,[],0,,False,True,
csd-20260805_174708,paired_hierarchical,1,0,0,9769808dfe284056,cpxR->qmcA,shared_complete_observation_shared_scores,maximum,prefix,complete,0,100,0.2,0.9,biological_error,2151398048,921666314,2151398048,cpxR,qmcA,False,identifiable,alpA|basR|btsR|glaR|glrR|nsrR|ptrR|rcdA,100,0.13986128279586904,0.1190945954348359,0.07065959924131665,1.174371366603247,-0.11753785109585642,1755,,,,[],0,,False,True,
csd-20260805_174708,paired_hierarchical,1,0,0,9769808dfe284056,cpxR->ygjR,shared_complete_observation_shared_scores,maximum,prefix,complete,0,100,0.2,0.9,biological_error,2151398048,921666314,2151398048,cpxR,ygjR,False,identifiable,alpA|basR|btsR|glaR|glrR|nsrR|ptrR|rcdA,100,-0.03882039455974172,0.16994091093857525,0.14387420828008746,-0.228434662055997,0.10955045794007232,1755,,,,[],0,,False,True,
csd-20260805_174708,paired_hierarchical,1,0,0,9769808dfe284056,cpxR->yhdJ,shared_complete_observation_shared_scores,maximum,prefix,complete,0,100,0.2,0.9,biological_error,2151398048,921666314,2151398048,cpxR,yhdJ,False,identifiable,alpA|basR|btsR|glaR|glrR|nsrR|ptrR|rcdA,100,0.020819725605131262,0.08702884736755476,0.03773232150974356,0.23922786794132664,-0.2536488880328599,1755,,,,[],0,,False,True,
csd-20260805_174708,paired_hierarchical,1,0,0,9769808dfe284056,cpxR->yjfN,shared_complete_observation_shared_scores,maximum,prefix,complete,0,100,0.2,0.9,biological_error,2151398048,921666314,2151398048,cpxR,yjfN,False,identifiable,alpA|basR|btsR|glaR|glrR|nsrR|ptrR|rcdA,100,0.12808841079832817,0.16243391997629483,0.13144392330201762,0.7885570379451597,0.13073649155833872,1755,,,,[],0,,False,True,
csd-20260805_174708,paired_hierarchical,1,0,0,9769808dfe284056,cpxR->yqaE,shared_complete_observation_shared_scores,maximum,prefix,complete,0,100,0.2,0.9,biological_error,2151398048,921666314,2151398048,cpxR,yqaE,False,identifiable,alpA|basR|btsR|glaR|glrR|nsrR|ptrR|rcdA,100,0.03764123731347579,0.1505782995839398,0.11295665942124881,0.24997783490371198,0.131854413521317,1755,,,,[],0,,False,True,
csd-20260805_174708,paired_hierarchical,1,0,0,9769808dfe284056,feaR->feaB,shared_complete_observation_shared_scores,maximum,prefix,complete,0,100,0.2,0.9,biological_error,2151398048,921666314,2151398048,feaR,feaB,False,identifiable,cpxR|crp|nac|nsrR|phoB|qseB|rpoD,100,0.013987715314672773,0.07848397777704277,0.09976299287213553,0.1782238325688469,0.25647210270146464,1755,,,,[],0,,False,True,
csd-20260805_174708,paired_hierarchical,1,0,0,9769808dfe284056,feaR->tynA,shared_complete_observation_shared_scores,maximum,prefix,complete,0,100,0.2,0.9,biological_error,2151398048,921666314,2151398048,feaR,tynA,False,identifiable,cpxR|crp|nac|nsrR|phoB|qseB|rpoD,100,-0.009061872326312474,0.061472758515445106,0.06120302122120299,-0.14741281414979396,0.18076628624856347,1755,,,,[],0,,False,True,
csd-20260805_174708,paired_hierarchical,1,0,0,9769808dfe284056,rpoE->bamA,shared_complete_observation_shared_scores,maximum,prefix,complete,0,100,0.2,0.9,biological_error,2151398048,921666314,2151398048,rpoE,bamA,False,identifiable,alpA|basR|btsR|glaR|glrR|nsrR|ptrR|rcdA,100,1.608085220542073e-05,0.06933099135815814,0.16493382376932547,0.00023194320303813893,0.4039639264083035,1755,,,,[],0,,False,True,
csd-20260805_174708,paired_hierarchical,1,0,0,9769808dfe284056,rpoE->bamB,shared_complete_observation_shared_scores,maximum,prefix,complete,0,100,0.2,0.9,biological_error,2151398048,921666314,2151398048,rpoE,bamB,False,identifiable,alpA|basR|btsR|glaR|glrR|nsrR|ptrR|rcdA,100,-0.016718226940019325,0.042483992075353146,0.06193063678864938,-0.39351826707731435,0.09988925995563007,1755,,,,[],0,,False,True,
csd-20260805_174708,paired_hierarchical,1,0,0,9769808dfe284056,rpoE->bamD,shared_complete_observation_shared_scores,maximum,prefix,complete,0,100,0.2,0.9,biological_error,2151398048,921666314,2151398048,rpoE,bamD,False,identifiable,alpA|basR|btsR|glaR|glrR|nsrR|ptrR|rcdA,100,0.15125833408738754,0.09901794545524477,0.33642071453614175,1.5275850593744642,0.4635482073750289,1755,,,,[],0,,False,True,
csd-20260805_174708,paired_hierarchical,1,0,0,9769808dfe284056,rpoE->bepA,shared_complete_observation_shared_scores,maximum,prefix,complete,0,100,0.2,0.9,biological_error,2151398048,921666314,2151398048,rpoE,bepA,False,identifiable,alpA|basR|btsR|glaR|glrR|nsrR|ptrR|rcdA,100,0.0009255095259184087,0.04230960603797805,0.0614232610683656,0.021874690231992483,0.20559116385517293,1755,,,,[],0,,False,True,
csd-20260805_174708,paired_hierarchical,1,0,0,9769808dfe284056,rpoE->cca,shared_complete_observation_shared_scores,maximum,prefix,complete,0,100,0.2,0.9,biological_error,2151398048,921666314,2151398048,rpoE,cca,False,identifiable,alpA|basR|btsR|glaR|glrR|nsrR|ptrR|rcdA,100,-0.06743049238036797,0.04482205591859694,0.06893478944385605,-1.5044042714781107,0.12427063403338057,1755,,,,[],0,,False,True,
csd-20260805_174708,paired_hierarchical,1,0,0,9769808dfe284056,rpoE->der,shared_complete_observation_shared_scores,maximum,prefix,complete,0,100,0.2,0.9,biological_error,2151398048,921666314,2151398048,rpoE,der,False,identifiable,alpA|basR|btsR|glaR|glrR|nsrR|ptrR|rcdA,100,0.0016283213594336459,0.026676597545812614,0.024418320011828126,0.06103931944983895,0.15385816785245124,1755,,,,[],0,,False,True,
csd-20260805_174708,paired_hierarchical,1,0,0,9769808dfe284056,rpoE->dnaE,shared_complete_observation_shared_scores,maximum,prefix,complete,0,100,0.2,0.9,biological_error,2151398048,921666314,2151398048,rpoE,dnaE,False,identifiable,alpA|basR|btsR|glaR|glrR|nsrR|ptrR|rcdA,100,0.054225753879388994,0.05046792292887277,0.08739483556836287,1.0744597901485333,0.17924940570151665,1755,,,,[],0,,False,True,
csd-20260805_174708,paired_hierarchical,1,0,0,9769808dfe284056,rpoE->dolP,shared_complete_observation_shared_scores,maximum,prefix,complete,0,100,0.2,0.9,biological_error,2151398048,921666314,2151398048,rpoE,dolP,False,identifiable,alpA|basR|btsR|glaR|glrR|nsrR|ptrR|rcdA,100,-0.02917467539815659,0.04637810044259799,0.07380415646122042,-0.6290614561557126,0.14668757041813077,1755,,,,[],0,,False,True,
csd-20260805_174708,paired_hierarchical,1,0,0,9769808dfe284056,rpoE->essD,shared_complete_observation_shared_scores,maximum,prefix,complete,0,100,0.2,0.9,biological_error,2151398048,921666314,2151398048,rpoE,essD,False,identifiable,alpA|basR|btsR|glaR|glrR|nsrR|ptrR|rcdA,100,-0.012324674784854966,0.029867454317026143,0.030609153793772974,-0.4126456394319888,0.18044706041145983,1755,,,,[],0,,False,True,
csd-20260805_174708,paired_hierarchical,1,0,0,9769808dfe284056,rpoE->fkpA,shared_complete_observation_shared_scores,maximum,prefix,complete,0,100,0.2,0.9,biological_error,2151398048,921666314,2151398048,rpoE,fkpA,False,identifiable,alpA|basR|btsR|glaR|glrR|nsrR|ptrR|rcdA,100,-0.05377767047556817,0.08589669476887742,0.253167418382027,-0.6260738043561276,0.38299859664493996,1755,,,,[],0,,False,True,
csd-20260805_174708,paired_hierarchical,1,0,0,9769808dfe284056,rpoE->lpxB,shared_complete_observation_shared_scores,maximum,prefix,complete,0,100,0.2,0.9,biological_error,2151398048,921666314,2151398048,rpoE,lpxB,False,identifiable,alpA|basR|btsR|glaR|glrR|nsrR|ptrR|rcdA,100,-0.01678105209528213,0.05449230828484518,0.10188853484181387,-0.30795267485391326,0.10918069908197124,1755,,,,[],0,,False,True,
csd-20260805_174708,paired_hierarchical,1,0,0,9769808dfe284056,rpoE->micL,shared_complete_observation_shared_scores,maximum,prefix,complete,0,100,0.2,0.9,biological_error,2151398048,921666314,2151398048,rpoE,micL,False,identifiable,alpA|basR|btsR|glaR|glrR|nsrR|ptrR|rcdA,100,-0.012016414980340364,0.033750371278678706,0.039085171035577036,-0.3560380086227838,0.3544461765828748,1755,,,,[],0,,False,True,
csd-20260805_174708,paired_hierarchical,1,0,0,9769808dfe284056,rpoE->prfB,shared_complete_observation_shared_scores,maximum,prefix,complete,0,100,0.2,0.9,biological_error,2151398048,921666314,2151398048,rpoE,prfB,False,identifiable,alpA|basR|btsR|glaR|glrR|nsrR|ptrR|rcdA,100,-0.019890225519817138,0.05600832450828773,0.10763662433564519,-0.35512980783551057,0.258924007750983,1755,,,,[],0,,False,True,
csd-20260805_174708,paired_hierarchical,1,0,0,9769808dfe284056,rpoE->rclA,shared_complete_observation_shared_scores,maximum,prefix,complete,0,100,0.2,0.9,biological_error,2151398048,921666314,2151398048,rpoE,rclA,False,identifiable,alpA|basR|btsR|glaR|glrR|nsrR|ptrR|rcdA|rclR,100,0.10614077425350286,0.06265001964816722,0.1344431185651304,1.6941858095108824,0.21970779658856363,1755,,,,[],0,,False,True,
csd-20260805_174708,paired_hierarchical,1,0,0,9769808dfe284056,rpoE->rclB,shared_complete_observation_shared_scores,maximum,prefix,complete,0,100,0.2,0.9,biological_error,2151398048,921666314,2151398048,rpoE,rclB,False,identifiable,alpA|basR|btsR|glaR|glrR|nsrR|ptrR|rcdA|rclR,100,-0.027902015685645508,0.09410619941443316,0.3033420541814683,-0.2964949797065776,0.18660796238344432,1755,,,,[],0,,False,True,
csd-20260805_174708,paired_hierarchical,1,0,0,9769808dfe284056,rpoE->rclC,shared_complete_observation_shared_scores,maximum,prefix,complete,0,100,0.2,0.9,biological_error,2151398048,921666314,2151398048,rpoE,rclC,False,identifiable,alpA|basR|btsR|glaR|glrR|nsrR|ptrR|rcdA|rclR,100,0.08993032128456904,0.05556565092030685,0.10575696214647,1.618451683640826,0.11202489405253195,1755,,,,[],0,,False,True,
csd-20260805_174708,paired_hierarchical,1,0,0,9769808dfe284056,rpoE->recR,shared_complete_observation_shared_scores,maximum,prefix,complete,0,100,0.2,0.9,biological_error,2151398048,921666314,2151398048,rpoE,recR,False,identifiable,alpA|basR|btsR|glaR|glrR|nsrR|ptrR|rcdA,100,0.019176121210365035,0.08361968811327668,0.2399230612114211,0.22932543331646743,0.25667905932689616,1755,,,,[],0,,False,True,
csd-20260805_174708,paired_hierarchical,1,0,0,9769808dfe284056,rpoE->rnhB,shared_complete_observation_shared_scores,maximum,prefix,complete,0,100,0.2,0.9,biological_error,2151398048,921666314,2151398048,rpoE,rnhB,False,identifiable,alpA|basR|btsR|glaR|glrR|nsrR|ptrR|rcdA,100,0.005694975579931263,0.054370905422985664,0.10143504769469373,0.10474307050115216,0.24502407540235893,1755,,,,[],0,,False,True,
csd-20260805_174708,paired_hierarchical,1,0,0,9769808dfe284056,rpoE->rrrD,shared_complete_observation_shared_scores,maximum,prefix,complete,0,100,0.2,0.9,biological_error,2151398048,921666314,2151398048,rpoE,rrrD,False,identifiable,alpA|basR|btsR|glaR|glrR|nsrR|ptrR|rcdA,100,-0.014213719614995794,0.05872786202336185,0.11834319462711959,-0.24202685276269034,0.08856831501515741,1755,,,,[],0,,False,True,
csd-20260805_174708,paired_hierarchical,1,0,0,9769808dfe284056,rpoE->rseP,shared_complete_observation_shared_scores,maximum,prefix,complete,0,100,0.2,0.9,biological_error,2151398048,921666314,2151398048,rpoE,rseP,False,identifiable,alpA|basR|btsR|glaR|glrR|nsrR|ptrR|rcdA,100,0.06358417336488258,0.0666961326583278,0.15263573132175445,0.9533412333007788,0.15287110019635147,1755,,,,[],0,,False,True,
csd-20260805_174708,paired_hierarchical,1,0,0,9769808dfe284056,rpoE->rzpD,shared_complete_observation_shared_scores,maximum,prefix,complete,0,100,0.2,0.9,biological_error,2151398048,921666314,2151398048,rpoE,rzpD,False,identifiable,alpA|basR|btsR|glaR|glrR|nsrR|ptrR|rcdA,100,0.03969102380244393,0.05073030034956393,0.08830591082782555,0.7823928407470016,0.06992233463677214,1755,,,,[],0,,False,True,
csd-20260805_174708,paired_hierarchical,1,0,0,9769808dfe284056,rpoE->surA,shared_complete_observation_shared_scores,maximum,prefix,complete,0,100,0.2,0.9,biological_error,2151398048,921666314,2151398048,rpoE,surA,False,identifiable,alpA|basR|btsR|glaR|glrR|nsrR|ptrR|rcdA,100,-0.03468944025654051,0.03724744343373293,0.04760448221928699,-0.9313240603548169,0.25237514437773534,1755,,,,[],0,,False,True,
csd-20260805_174708,paired_hierarchical,1,0,0,9769808dfe284056,rpoE->ybaB,shared_complete_observation_shared_scores,maximum,prefix,complete,0,100,0.2,0.9,biological_error,2151398048,921666314,2151398048,rpoE,ybaB,False,identifiable,alpA|basR|btsR|glaR|glrR|nsrR|ptrR|rcdA,100,0.006401590125603783,0.0622938631856775,0.13315130788229249,0.10276437835493923,0.3000296310013619,1755,,,,[],0,,False,True,
csd-20260805_174708,paired_hierarchical,1,0,0,9769808dfe284056,rpoE->ydhI,shared_complete_observation_shared_scores,maximum,prefix,complete,0,100,0.2,0.9,biological_error,2151398048,921666314,2151398048,rpoE,ydhI,False,identifiable,alpA|basR|btsR|glaR|glrR|nsrR|ptrR|rcdA,100,0.06851894764994726,0.03996403834003934,0.054801650817481125,1.7145151114845971,0.11872875879820582,1755,,,,[],0,,False,True,
csd-20260805_174708,paired_hierarchical,1,0,0,9769808dfe284056,rpoE->ydhJ,shared_complete_observation_shared_scores,maximum,prefix,complete,0,100,0.2,0.9,biological_error,2151398048,921666314,2151398048,rpoE,ydhJ,False,identifiable,alpA|basR|btsR|glaR|glrR|nsrR|ptrR|rcdA,100,0.04921185369380187,0.07083957410508618,0.17218954968860112,0.6946943755025841,0.15854859193446677,1755,,,,[],0,,False,True,
csd-20260805_174708,paired_hierarchical,1,0,0,9769808dfe284056,rpoE->ydhK,shared_complete_observation_shared_scores,maximum,prefix,complete,0,100,0.2,0.9,biological_error,2151398048,921666314,2151398048,rpoE,ydhK,False,identifiable,alpA|basR|btsR|glaR|glrR|nsrR|ptrR|rcdA,100,-0.003433172250202947,0.05174760174870433,0.09188304125254015,-0.06634456736517085,0.17069265818672674,1755,,,,[],0,,False,True,
csd-20260805_174708,paired_hierarchical,1,0,0,9769808dfe284056,rpoE->yeaY,shared_complete_observation_shared_scores,maximum,prefix,complete,0,100,0.2,0.9,biological_error,2151398048,921666314,2151398048,rpoE,yeaY,False,identifiable,alpA|basR|btsR|glaR|glrR|nsrR|ptrR|rcdA,100,-0.013106132077375088,0.03910078756274287,0.05245971383750639,-0.33518844233877393,0.0691148481577067,1755,,,,[],0,,False,True,
csd-20260805_174708,paired_hierarchical,1,0,0,9769808dfe284056,rpoE->yfeX,shared_complete_observation_shared_scores,maximum,prefix,complete,0,100,0.2,0.9,biological_error,2151398048,921666314,2151398048,rpoE,yfeX,False,identifiable,alpA|basR|btsR|glaR|glrR|nsrR|ptrR|rcdA,100,0.055345055246551596,0.06627321722225499,0.1507061637602159,0.8351043991262033,0.13480675742020642,1755,,,,[],0,,False,True,
csd-20260805_174708,paired_hierarchical,1,0,0,9769808dfe284056,rpoE->yfeY,shared_complete_observation_shared_scores,maximum,prefix,complete,0,100,0.2,0.9,biological_error,2151398048,921666314,2151398048,rpoE,yfeY,False,identifiable,alpA|basR|btsR|glaR|glrR|nsrR|ptrR|rcdA,100,0.01670072964273103,0.03110033320835678,0.03318829879559978,0.5369951997248531,0.1498105971922939,1755,,,,[],0,,False,True,
csd-20260805_174708,paired_hierarchical,1,0,0,9769808dfe284056,rpoE->yfgD,shared_complete_observation_shared_scores,maximum,prefix,complete,0,100,0.2,0.9,biological_error,2151398048,921666314,2151398048,rpoE,yfgD,False,identifiable,alpA|basR|btsR|glaR|glrR|nsrR|ptrR|rcdA,100,0.012048330092349168,0.06818776793284176,0.1595393638888051,0.17669342255366954,0.39457862522102216,1755,,,,[],0,,False,True,
csd-20260805_174708,paired_hierarchical,1,0,0,9769808dfe284056,rpoE->yggN,shared_complete_observation_shared_scores,maximum,prefix,complete,0,100,0.2,0.9,biological_error,2151398048,921666314,2151398048,rpoE,yggN,False,identifiable,alpA|basR|btsR|glaR|glrR|nsrR|ptrR|rcdA,100,0.04645593684481017,0.05140460704767347,0.09066903520595124,0.9037309983077233,0.0906429766514132,1755,,,,[],0,,False,True,
csd-20260805_174708,paired_hierarchical,1,0,0,9769808dfe284056,rpoE->yghF,shared_complete_observation_shared_scores,maximum,prefix,complete,0,100,0.2,0.9,biological_error,2151398048,921666314,2151398048,rpoE,yghF,False,identifiable,alpA|basR|btsR|glaR|glrR|nsrR|ptrR|rcdA,100,-0.002906679232265208,0.037837211674848735,0.0491239359495704,-0.07682065098357511,0.20544408404571188,1755,,,,[],0,,False,True,
csd-20260805_174708,paired_hierarchical,1,0,0,9769808dfe284056,rpoE->yicI,shared_complete_observation_shared_scores,maximum,prefix,complete,0,100,0.2,0.9,biological_error,2151398048,921666314,2151398048,rpoE,yicI,False,identifiable,alpA|basR|btsR|glaR|glrR|nsrR|ptrR|rcdA,100,-0.01609794943884557,0.044993626401226956,0.06946353855916737,-0.35778288451998586,0.45727505938324314,1755,,,,[],0,,False,True,
csd-20260805_174708,paired_hierarchical,1,0,0,9769808dfe284056,rpoE->yieF,shared_complete_observation_shared_scores,maximum,prefix,complete,0,100,0.2,0.9,biological_error,2151398048,921666314,2151398048,rpoE,yieF,False,identifiable,alpA|basR|btsR|glaR|glrR|nsrR|ptrR|rcdA,100,0.06232150538344694,0.030134066152288707,0.031158058036253936,2.06814125476769,0.09408329558937217,1755,,,,[],0,,False,True,
csd-20260805_174708,paired_hierarchical,1,0,0,9769808dfe284056,rpoH->cnoX,shared_complete_observation_shared_scores,maximum,prefix,complete,0,100,0.2,0.9,biological_error,2151398048,921666314,2151398048,rpoH,cnoX,False,identifiable,alpA|basR|btsR|glaR|glrR|nsrR|ptrR|rcdA,100,-0.050189264663762,0.06551135776267783,0.06957466277430106,-0.7661154703216225,0.14057392058951176,1755,,,,[],0,,False,True,
csd-20260805_174708,paired_hierarchical,1,0,0,9769808dfe284056,rpoH->dnaJ,shared_complete_observation_shared_scores,maximum,prefix,complete,0,100,0.2,0.9,biological_error,2151398048,921666314,2151398048,rpoH,dnaJ,False,identifiable,alpA|basR|btsR|glaR|glrR|nsrR|ptrR|rcdA,100,0.0012740114264216125,0.04328109738953577,0.03036787732865545,0.029435746856308568,0.2600766557316158,1755,,,,[],0,,False,True,
csd-20260805_174708,paired_hierarchical,1,0,0,9769808dfe284056,rpoH->dnaK,shared_complete_observation_shared_scores,maximum,prefix,complete,0,100,0.2,0.9,biological_error,2151398048,921666314,2151398048,rpoH,dnaK,False,identifiable,alpA|basR|btsR|glaR|glrR|nsrR|ptrR|rcdA,100,-0.06986765867209807,0.10465059757920296,0.17754209249366512,-0.6676278997759183,0.17522819552475308,1755,,,,[],0,,False,True,
csd-20260805_174708,paired_hierarchical,1,0,0,9769808dfe284056,rpoH->hemW,shared_complete_observation_shared_scores,maximum,prefix,complete,0,100,0.2,0.9,biological_error,2151398048,921666314,2151398048,rpoH,hemW,False,identifiable,alpA|basR|btsR|glaR|glrR|nsrR|ptrR|rcdA,100,0.002206362142885384,0.07569552243188309,0.09288771731339494,0.02914785540810351,0.10692445397348223,1755,,,,[],0,,False,True,
csd-20260805_174708,paired_hierarchical,1,0,0,9769808dfe284056,rpoH->holC,shared_complete_observation_shared_scores,maximum,prefix,complete,0,100,0.2,0.9,biological_error,2151398048,921666314,2151398048,rpoH,holC,False,identifiable,alpA|basR|btsR|glaR|glrR|nsrR|ptrR|rcdA,100,-0.057398774770410166,0.060936483134878615,0.060196699578441086,-0.9419443298583875,0.2574990391456508,1755,,,,[],0,,False,True,
csd-20260805_174708,paired_hierarchical,1,0,0,9769808dfe284056,rpoH->hslO,shared_complete_observation_shared_scores,maximum,prefix,complete,0,100,0.2,0.9,biological_error,2151398048,921666314,2151398048,rpoH,hslO,False,identifiable,alpA|basR|btsR|glaR|glrR|nsrR|ptrR|rcdA,100,-0.004430589213403872,0.08919213997273906,0.1289647667313477,-0.04967465983838991,0.09442167950481156,1755,,,,[],0,,False,True,
csd-20260805_174708,paired_hierarchical,1,0,0,9769808dfe284056,rpoH->hslR,shared_complete_observation_shared_scores,maximum,prefix,complete,0,100,0.2,0.9,biological_error,2151398048,921666314,2151398048,rpoH,hslR,False,identifiable,alpA|basR|btsR|glaR|glrR|nsrR|ptrR|rcdA,100,-0.018068057911300464,0.05778756089699796,0.054136059043275175,-0.3126634457457971,0.2005129207110912,1755,,,,[],0,,False,True,
csd-20260805_174708,paired_hierarchical,1,0,0,9769808dfe284056,rpoH->hslU,shared_complete_observation_shared_scores,maximum,prefix,complete,0,100,0.2,0.9,biological_error,2151398048,921666314,2151398048,rpoH,hslU,False,identifiable,alpA|basR|btsR|glaR|glrR|nsrR|ptrR|rcdA,100,-0.1054445548929772,0.0739923362131553,0.08875470576360124,-1.4250740048160544,0.09928289022725137,1755,,,,[],0,,False,True,
csd-20260805_174708,paired_hierarchical,1,0,0,9769808dfe284056,rpoH->hslV,shared_complete_observation_shared_scores,maximum,prefix,complete,0,100,0.2,0.9,biological_error,2151398048,921666314,2151398048,rpoH,hslV,False,identifiable,alpA|basR|btsR|glaR|glrR|nsrR|ptrR|rcdA,100,0.016647077365331685,0.11242846963318551,0.2049134697416552,0.1480681665386466,0.32626828656068196,1755,,,,[],0,,False,True,
csd-20260805_174708,paired_hierarchical,1,0,0,9769808dfe284056,rpoH->lnt,shared_complete_observation_shared_scores,maximum,prefix,complete,0,100,0.2,0.9,biological_error,2151398048,921666314,2151398048,rpoH,lnt,False,identifiable,alpA|basR|btsR|glaR|glrR|nsrR|ptrR|rcdA,100,0.003959074935539617,0.0920597472822593,0.1373907409300631,0.043005494284064416,0.2638635492067926,1755,,,,[],0,,False,True,
csd-20260805_174708,paired_hierarchical,1,0,0,9769808dfe284056,rpoH->mbiA,shared_complete_observation_shared_scores,maximum,prefix,complete,0,100,0.2,0.9,biological_error,2151398048,921666314,2151398048,rpoH,mbiA,False,identifiable,alpA|basR|btsR|glaR|glrR|nsrR|ptrR|rcdA,100,-0.021254060614246957,0.1131419652195459,0.20752257365769758,-0.1878530267085656,0.17743186835873737,1755,,,,[],0,,False,True,
csd-20260805_174708,paired_hierarchical,1,0,0,9769808dfe284056,rpoH->mhpT,shared_complete_observation_shared_scores,maximum,prefix,complete,0,100,0.2,0.9,biological_error,2151398048,921666314,2151398048,rpoH,mhpT,False,identifiable,alpA|basR|btsR|glaR|glrR|nsrR|ptrR|rcdA,100,0.006712801656804629,0.04072994262425938,0.026893387250790393,0.16481245060252997,0.1624156657241144,1755,,,,[],0,,False,True,
csd-20260805_174708,paired_hierarchical,1,0,0,9769808dfe284056,rpoH->mpaA,shared_complete_observation_shared_scores,maximum,prefix,complete,0,100,0.2,0.9,biological_error,2151398048,921666314,2151398048,rpoH,mpaA,False,identifiable,alpA|basR|btsR|glaR|glrR|nsrR|pgrR|ptrR|rcdA,100,0.03889629892187793,0.101791995331225,0.16792423282148897,0.38211549734644384,0.2063937536438646,1755,,,,[],0,,False,True,
csd-20260805_174708,paired_hierarchical,1,0,0,9769808dfe284056,rpoH->nanX,shared_complete_observation_shared_scores,maximum,prefix,complete,0,100,0.2,0.9,biological_error,2151398048,921666314,2151398048,rpoH,nanX,False,identifiable,alpA|basR|btsR|glaR|glrR|nanR|nsrR|ptrR|rcdA,100,0.012753393796370485,0.07548059348733152,0.09233573339541565,0.1689625532490147,0.09828958790670375,1755,,,,[],0,,False,True,
csd-20260805_174708,paired_hierarchical,1,0,0,9769808dfe284056,rpoH->narP,shared_complete_observation_shared_scores,maximum,prefix,complete,0,100,0.2,0.9,biological_error,2151398048,921666314,2151398048,rpoH,narP,False,identifiable,alpA|basR|btsR|glaR|glrR|nsrR|ptrR|rcdA,100,0.04873216560240633,0.08295060856051968,0.11154678613676303,0.5874841239633821,0.2670817874586119,1755,,,,[],0,,False,True,
csd-20260805_174708,paired_hierarchical,1,0,0,9769808dfe284056,rpoH->pgpC,shared_complete_observation_shared_scores,maximum,prefix,complete,0,100,0.2,0.9,biological_error,2151398048,921666314,2151398048,rpoH,pgpC,False,identifiable,alpA|basR|btsR|glaR|glrR|nsrR|ptrR|rcdA,100,-0.018437499515373868,0.06985474696375005,0.07910606041022358,-0.2639405382849887,0.19094275490735538,1755,,,,[],0,,False,True,
csd-20260805_174708,paired_hierarchical,1,0,0,9769808dfe284056,rpoH->pncC,shared_complete_observation_shared_scores,maximum,prefix,complete,0,100,0.2,0.9,biological_error,2151398048,921666314,2151398048,rpoH,pncC,False,identifiable,alpA|basR|btsR|glaR|glrR|nsrR|ptrR|rcdA,100,-0.015015109068469402,0.0763688330098941,0.09454753646692529,-0.19661304850008765,0.19191441553200397,1755,,,,[],0,,False,True,
csd-20260805_174708,paired_hierarchical,1,0,0,9769808dfe284056,rpoH->prlC,shared_complete_observation_shared_scores,maximum,prefix,complete,0,100,0.2,0.9,biological_error,2151398048,921666314,2151398048,rpoH,prlC,False,identifiable,alpA|basR|btsR|glaR|glrR|nsrR|ptrR|rcdA,100,0.008155142458825123,0.08390466155779927,0.11412744344629577,0.09719534418486751,0.12006065752495164,1755,,,,[],0,,False,True,
csd-20260805_174708,paired_hierarchical,1,0,0,9769808dfe284056,rpoH->rdgB,shared_complete_observation_shared_scores,maximum,prefix,complete,0,100,0.2,0.9,biological_error,2151398048,921666314,2151398048,rpoH,rdgB,False,identifiable,alpA|basR|btsR|glaR|glrR|nsrR|ptrR|rcdA,100,0.018979016313025746,0.10366792981660505,0.17422351078889878,0.18307509705847116,0.14324672953977388,1755,,,,[],0,,False,True,
csd-20260805_174708,paired_hierarchical,1,0,0,9769808dfe284056,rpoH->rpmE,shared_complete_observation_shared_scores,maximum,prefix,complete,0,100,0.2,0.9,biological_error,2151398048,921666314,2151398048,rpoH,rpmE,False,identifiable,alpA|basR|btsR|glaR|glrR|nsrR|ptrR|rcdA,100,0.0046688671383716225,0.0700218253746631,0.07948492431093843,0.0666773125863271,0.14416626858262704,1755,,,,[],0,,False,True,
csd-20260805_174708,paired_hierarchical,1,0,0,9769808dfe284056,rpoH->rsmJ,shared_complete_observation_shared_scores,maximum,prefix,complete,0,100,0.2,0.9,biological_error,2151398048,921666314,2151398048,rpoH,rsmJ,False,identifiable,alpA|basR|btsR|glaR|glrR|nsrR|ptrR|rcdA,100,0.02556120559897958,0.08472502407353792,0.11637007406620611,0.3016960558995354,0.3063741988221434,1755,,,,[],0,,False,True,
csd-20260805_174708,paired_hierarchical,1,0,0,9769808dfe284056,rpoH->tadA,shared_complete_observation_shared_scores,maximum,prefix,complete,0,100,0.2,0.9,biological_error,2151398048,921666314,2151398048,rpoH,tadA,False,identifiable,alpA|basR|btsR|glaR|glrR|nsrR|ptrR|rcdA,100,0.0450243699975666,0.05034901648528467,0.041096032095758094,0.8942452731072853,0.19996038600148913,1755,,,,[],0,,False,True,
csd-20260805_174708,paired_hierarchical,1,0,0,9769808dfe284056,rpoH->yafE,shared_complete_observation_shared_scores,maximum,prefix,complete,0,100,0.2,0.9,biological_error,2151398048,921666314,2151398048,rpoH,yafE,False,identifiable,alpA|basR|btsR|glaR|glrR|nsrR|ptrR|rcdA,100,0.015859384450115116,0.07594915346764645,0.093511233125404,0.2088158159244138,0.13814504630417368,1755,,,,[],0,,False,True,
csd-20260805_174708,paired_hierarchical,1,0,0,9769808dfe284056,rpoH->ybeY,shared_complete_observation_shared_scores,maximum,prefix,complete,0,100,0.2,0.9,biological_error,2151398048,921666314,2151398048,rpoH,ybeY,False,identifiable,alpA|basR|btsR|glaR|glrR|nsrR|ptrR|rcdA,100,0.008485171065963665,0.055808690888944815,0.05049188444184813,0.15204031721239494,0.2255299842962762,1755,,,,[],0,,False,True,
csd-20260805_174708,paired_hierarchical,1,0,0,9769808dfe284056,rpoH->ybeZ,shared_complete_observation_shared_scores,maximum,prefix,complete,0,100,0.2,0.9,biological_error,2151398048,921666314,2151398048,rpoH,ybeZ,False,identifiable,alpA|basR|btsR|glaR|glrR|nsrR|ptrR|rcdA,100,-0.026573396388199173,0.0422144175565302,0.028889465850719793,-0.6294862733238991,0.07454014942112581,1755,,,,[],0,,False,True,
csd-20260805_174708,paired_hierarchical,1,0,0,9769808dfe284056,rpoH->yccE,shared_complete_observation_shared_scores,maximum,prefix,complete,0,100,0.2,0.9,biological_error,2151398048,921666314,2151398048,rpoH,yccE,False,identifiable,alpA|basR|btsR|glaR|glrR|nsrR|ptrR|rcdA,100,0.04293724356016727,0.09683305888843717,0.15200756816607894,0.44341513170244795,0.1545228153690848,1755,,,,[],0,,False,True,
csd-20260805_174708,paired_hierarchical,1,0,0,9769808dfe284056,rpoH->ycjF,shared_complete_observation_shared_scores,maximum,prefix,complete,0,100,0.2,0.9,biological_error,2151398048,921666314,2151398048,rpoH,ycjF,False,identifiable,alpA|basR|btsR|glaR|glrR|nsrR|pgrR|ptrR|rcdA,100,-0.002713113411275756,0.1081791433051176,0.18965888522121188,-0.0250798197174058,0.11368168602300968,1755,,,,[],0,,False,True,
csd-20260805_174708,paired_hierarchical,1,0,0,9769808dfe284056,rpoH->ycjX,shared_complete_observation_shared_scores,maximum,prefix,complete,0,100,0.2,0.9,biological_error,2151398048,921666314,2151398048,rpoH,ycjX,False,identifiable,alpA|basR|btsR|glaR|glrR|nsrR|pgrR|ptrR|rcdA,100,-0.055347159141464666,0.07484305835181553,0.0907797891802666,-0.7395095865977805,0.199056254608852,1755,,,,[],0,,False,True,
csd-20260805_174708,paired_hierarchical,1,0,0,9769808dfe284056,rpoH->ycjY,shared_complete_observation_shared_scores,maximum,prefix,complete,0,100,0.2,0.9,biological_error,2151398048,921666314,2151398048,rpoH,ycjY,False,identifiable,alpA|basR|btsR|glaR|glrR|nsrR|pgrR|ptrR|rcdA,100,0.004809176451642205,0.09065147767145666,0.13317904407771478,0.05305127478530298,0.1805994960527232,1755,,,,[],0,,False,True,
csd-20260805_174708,paired_hierarchical,1,0,0,9769808dfe284056,rpoH->yehR,shared_complete_observation_shared_scores,maximum,prefix,complete,0,100,0.2,0.9,biological_error,2151398048,921666314,2151398048,rpoH,yehR,False,identifiable,alpA|basR|btsR|glaR|glrR|nsrR|ptrR|rcdA,100,-0.012805030923321949,0.05352468927497483,0.04644363662450622,-0.23923596935870248,0.2294512182773926,1755,,,,[],0,,False,True,
csd-20260805_174708,paired_hierarchical,1,0,0,9769808dfe284056,rpoH->yiaA,shared_complete_observation_shared_scores,maximum,prefix,complete,0,100,0.2,0.9,biological_error,2151398048,921666314,2151398048,rpoH,yiaA,False,identifiable,alpA|basR|btsR|glaR|glrR|nsrR|ptrR|rcdA,100,-0.02185464397676674,0.1166502024659337,0.22059156547249137,-0.1873519592316964,0.3505845136294865,1755,,,,[],0,,False,True,
csd-20260805_174708,paired_hierarchical,1,0,0,9769808dfe284056,rpoH->yibA,shared_complete_observation_shared_scores,maximum,prefix,complete,0,100,0.2,0.9,biological_error,2151398048,921666314,2151398048,rpoH,yibA,False,identifiable,alpA|basR|btsR|glaR|glrR|nsrR|ptrR|rcdA,100,-0.006987933901098184,0.055653633702862464,0.05021170394350022,-0.12556114374143318,0.14713337904384927,1755,,,,[],0,,False,True,
csd-20260805_174708,paired_hierarchical,1,0,0,9769808dfe284056,rpoH->yjaZ,shared_complete_observation_shared_scores,maximum,prefix,complete,0,100,0.2,0.9,biological_error,2151398048,921666314,2151398048,rpoH,yjaZ,False,identifiable,alpA|basR|btsR|glaR|glrR|nsrR|ptrR|rcdA,100,-0.056271649975251144,0.08980298829485034,0.13073729228575134,-0.626612221304867,0.18087739967548758,1755,,,,[],0,,False,True,
csd-20260805_174708,paired_hierarchical,1,0,0,9769808dfe284056,rpoH->yjiT,shared_complete_observation_shared_scores,maximum,prefix,complete,0,100,0.2,0.9,biological_error,2151398048,921666314,2151398048,rpoH,yjiT,False,identifiable,alpA|basR|btsR|glaR|glrR|nsrR|ptrR|rcdA,100,0.008696925642836745,0.07939094063206871,0.10217856614356435,0.10954556746143099,0.1410650037589081,1755,,,,[],0,,False,True,
csd-20260805_174708,paired_hierarchical,1,0,0,9769808dfe284056,rpoH->ymjC,shared_complete_observation_shared_scores,maximum,prefix,complete,0,100,0.2,0.9,biological_error,2151398048,921666314,2151398048,rpoH,ymjC,False,identifiable,alpA|basR|btsR|glaR|glrR|nsrR|pgrR|ptrR|rcdA,100,0.03796639334355217,0.06591688591795207,0.07041731829983092,0.5759737101478006,0.1839761008049446,1755,,,,[],0,,False,True,
csd-20260805_174708,paired_hierarchical,1,0,0,9769808dfe284056,rpoH->ymjD,shared_complete_observation_shared_scores,maximum,prefix,complete,0,100,0.2,0.9,biological_error,2151398048,921666314,2151398048,rpoH,ymjD,False,identifiable,alpA|basR|btsR|glaR|glrR|nsrR|pgrR|ptrR|rcdA,100,0.0310377880694391,0.10062325853338897,0.1640902860997477,0.30845540605445704,0.13755471631078361,1755,,,,[],0,,False,True,
csd-20260805_174708,paired_hierarchical,1,0,0,9769808dfe284056,rpoH->yrdA,shared_complete_observation_shared_scores,maximum,prefix,complete,0,100,0.2,0.9,biological_error,2151398048,921666314,2151398048,rpoH,yrdA,False,identifiable,alpA|basR|btsR|glaR|glrR|nsrR|ptrR|rcdA,100,-0.008401328208337423,0.09017197569891243,0.1318138604808964,-0.09317005802767114,0.14738715427109791,1755,,,,[],0,,False,True,
csd-20260805_174708,paired_hierarchical,1,0,0,9769808dfe284056,rpoH->yrfG,shared_complete_observation_shared_scores,maximum,prefix,complete,0,100,0.2,0.9,biological_error,2151398048,921666314,2151398048,rpoH,yrfG,False,identifiable,alpA|basR|btsR|glaR|glrR|nsrR|ptrR|rcdA,100,-0.0021727425989820576,0.09116060159324081,0.13472006199425962,-0.023834228394815218,0.09293068385890105,1755,,,,[],0,,False,True,
csd-20260805_174708,paired_hierarchical,1,0,0,9769808dfe284056,crp->aaeA,shared_complete_observation_shared_scores,maximum,prefix,complete,0,100,0.2,0.9,biological_error,2151398048,921666314,2151398048,crp,aaeA,False,identifiable,alpA|basR|btsR|glaR|glrR|nsrR|ptrR|rcdA,100,-0.07016772165848555,0.11369751970376783,0.10220962738024233,-0.6171438202108841,0.146264749135375,1755,,,,[],0,,False,True,
csd-20260805_174708,paired_hierarchical,1,0,0,9769808dfe284056,crp->aaeB,shared_complete_observation_shared_scores,maximum,prefix,complete,0,100,0.2,0.9,biological_error,2151398048,921666314,2151398048,crp,aaeB,False,identifiable,alpA|basR|btsR|glaR|glrR|nsrR|ptrR|rcdA,100,0.01608702030318324,0.10816801931193003,0.09250976510373263,0.14872251896184047,0.2536909731674338,1755,,,,[],0,,False,True,
csd-20260805_174708,paired_hierarchical,1,0,0,9769808dfe284056,crp->aaeR,shared_complete_observation_shared_scores,maximum,prefix,complete,0,100,0.2,0.9,biological_error,2151398048,921666314,2151398048,crp,aaeR,False,identifiable,alpA|basR|btsR|glaR|glrR|nsrR|ptrR|rcdA,100,-0.009435905627474466,0.07427113948581339,0.04361440957233328,-0.12704673299481056,-0.10416388340644751,1755,,,,[],0,,False,True,
csd-20260805_174708,paired_hierarchical,1,0,0,9769808dfe284056,crp->aaeX,shared_complete_observation_shared_scores,maximum,prefix,complete,0,100,0.2,0.9,biological_error,2151398048,921666314,2151398048,crp,aaeX,False,identifiable,alpA|basR|btsR|glaR|glrR|nsrR|ptrR|rcdA,100,0.05379294234535563,0.11680354480958685,0.1078702958580192,0.460542036057629,0.26993477744984135,1755,,,,[],0,,False,True,
csd-20260805_174708,paired_hierarchical,1,0,0,9769808dfe284056,crp->aegA,shared_complete_observation_shared_scores,maximum,prefix,complete,0,100,0.2,0.9,biological_error,2151398048,921666314,2151398048,crp,aegA,False,identifiable,alpA|basR|btsR|glaR|glrR|nsrR|ptrR|rcdA,100,0.10162576434750313,0.07493604492476977,0.044398812930443586,1.356166641160844,-0.2806735038940679,1755,,,,[],0,,False,True,
csd-20260805_174708,paired_hierarchical,1,0,0,9769808dfe284056,crp->agp,shared_complete_observation_shared_scores,maximum,prefix,complete,0,100,0.2,0.9,biological_error,2151398048,921666314,2151398048,crp,agp,False,identifiable,alpA|basR|btsR|glaR|glrR|nsrR|ptrR|rcdA,100,-0.12333181999314845,0.03940536800098307,0.012277235851508727,-3.1298228198267712,0.2509151633491178,1755,,,,[],0,,False,True,
csd-20260805_174708,paired_hierarchical,1,0,0,9769808dfe284056,crp->ampE,shared_complete_observation_shared_scores,maximum,prefix,complete,0,100,0.2,0.9,biological_error,2151398048,921666314,2151398048,crp,ampE,False,identifiable,alpA|basR|btsR|glaR|glrR|nsrR|ptrR|rcdA,100,-0.005987033059123192,0.13830812560808295,0.1512464587366171,-0.04328764512425219,-0.13613420874749213,1755,,,,[],0,,False,True,
csd-20260805_174708,paired_hierarchical,1,0,0,9769808dfe284056,crp->arfB,shared_complete_observation_shared_scores,maximum,prefix,complete,0,100,0.2,0.9,biological_error,2151398048,921666314,2151398048,crp,arfB,False,identifiable,alpA|basR|btsR|glaR|glrR|nsrR|ptrR|rcdA,100,-0.025616749162925275,0.15374667151523197,0.1868965430417015,-0.16661660971559555,-0.1808870275573908,1755,,,,[],0,,False,True,
csd-20260805_174708,paired_hierarchical,1,0,0,9769808dfe284056,crp->comR,shared_complete_observation_shared_scores,maximum,prefix,complete,0,100,0.2,0.9,biological_error,2151398048,921666314,2151398048,crp,comR,False,identifiable,alpA|basR|btsR|glaR|glrR|nsrR|ptrR|rcdA,100,-0.21051202538550165,0.11291275075432904,0.10080354351777943,-1.8643777959455186,-0.14168572726842293,1755,,,,[],0,,False,True,
csd-20260805_174708,paired_hierarchical,1,0,0,9769808dfe284056,crp->glpG,shared_complete_observation_shared_scores,maximum,prefix,complete,0,100,0.2,0.9,biological_error,2151398048,921666314,2151398048,crp,glpG,False,identifiable,alpA|basR|btsR|glaR|glrR|nsrR|ptrR|rcdA,100,-0.012641952121996253,0.14516258645085098,0.16660929203275174,-0.08708822590644975,0.20728386100734272,1755,,,,[],0,,False,True,
csd-20260805_174708,paired_hierarchical,1,0,0,9769808dfe284056,crp->glpR,shared_complete_observation_shared_scores,maximum,prefix,complete,0,100,0.2,0.9,biological_error,2151398048,921666314,2151398048,crp,glpR,False,identifiable,alpA|basR|btsR|glaR|glrR|nsrR|ptrR|rcdA,100,0.17323430421441,0.11628576913947053,0.10691606418727262,1.4897291860935853,0.1394568724014253,1755,,,,[],0,,False,True,
csd-20260805_174708,paired_hierarchical,1,0,0,9769808dfe284056,crp->mokB,shared_complete_observation_shared_scores,maximum,prefix,complete,0,100,0.2,0.9,biological_error,2151398048,921666314,2151398048,crp,mokB,False,identifiable,alpA|basR|btsR|glaR|glrR|nsrR|ptrR|rcdA,100,0.05475351601621805,0.0892458666719775,0.06297469115803564,0.6135131861900583,0.2437464864204475,1755,,,,[],0,,False,True,
csd-20260805_174708,paired_hierarchical,1,0,0,9769808dfe284056,crp->psuG,shared_complete_observation_shared_scores,maximum,prefix,complete,0,100,0.2,0.9,biological_error,2151398048,921666314,2151398048,crp,psuG,False,identifiable,alpA|basR|btsR|glaR|glrR|nsrR|ptrR|rcdA,100,0.08762514630108793,0.10862634828597996,0.0932953898074281,0.8066656725898372,0.14958190176983385,1755,,,,[],0,,False,True,
csd-20260805_174708,paired_hierarchical,1,0,0,9769808dfe284056,crp->psuK,shared_complete_observation_shared_scores,maximum,prefix,complete,0,100,0.2,0.9,biological_error,2151398048,921666314,2151398048,crp,psuK,False,identifiable,alpA|basR|btsR|glaR|glrR|nsrR|ptrR|rcdA,100,0.38342680942766444,0.1168293145174062,0.10791789873951463,3.281940076525385,0.410395175795156,1755,,,,[],0,,False,True,
csd-20260805_174708,paired_hierarchical,1,0,0,9769808dfe284056,crp->rihA,shared_complete_observation_shared_scores,maximum,prefix,complete,0,100,0.2,0.9,biological_error,2151398048,921666314,2151398048,crp,rihA,False,identifiable,alpA|basR|btsR|glaR|glrR|nsrR|ptrR|rcdA,100,0.05081062564115675,0.10377669236050639,0.08515094507750899,0.4896150039610765,0.38989082041723744,1755,,,,[],0,,False,True,
csd-20260805_174708,paired_hierarchical,1,0,0,9769808dfe284056,crp->rof,shared_complete_observation_shared_scores,maximum,prefix,complete,0,100,0.2,0.9,biological_error,2151398048,921666314,2151398048,crp,rof,False,identifiable,alpA|basR|btsR|glaR|glrR|nsrR|ptrR|rcdA|yidZ,100,-0.07175174568764067,0.11895220710052123,0.10844085546670552,-0.6031981031424365,-0.14755873169023237,1755,,,,[],0,,False,True,
csd-20260805_174708,paired_hierarchical,1,0,0,9769808dfe284056,crp->yaeP,shared_complete_observation_shared_scores,maximum,prefix,complete,0,100,0.2,0.9,biological_error,2151398048,921666314,2151398048,crp,yaeP,False,identifiable,alpA|basR|btsR|glaR|glrR|nsrR|ptrR|rcdA,100,0.08930293865133106,0.12757570294980344,0.12868435899682998,0.6999995813189336,-0.20404807281728093,1755,,,,[],0,,False,True,
csd-20260805_174708,paired_hierarchical,1,0,0,9769808dfe284056,crp->yahN,shared_complete_observation_shared_scores,maximum,prefix,complete,0,100,0.2,0.9,biological_error,2151398048,921666314,2151398048,crp,yahN,False,identifiable,alpA|basR|btsR|glaR|glrR|nsrR|ptrR|rcdA,100,-0.007574995731433404,0.05570531072261248,0.02453482844951473,-0.1359833673516964,0.19873474830979898,1755,,,,[],0,,False,True,
csd-20260805_174708,paired_hierarchical,1,0,0,9769808dfe284056,crp->yeiP,shared_complete_observation_shared_scores,maximum,prefix,complete,0,100,0.2,0.9,biological_error,2151398048,921666314,2151398048,crp,yeiP,False,identifiable,alpA|basR|btsR|glaR|glrR|nsrR|ptrR|rcdA,100,-0.1321291051413212,0.10895290678281655,0.09385717242508933,-1.2127175771886782,0.17491483883575562,1755,,,,[],0,,False,True,
csd-20260805_174708,paired_hierarchical,1,0,0,9769808dfe284056,crp->yeiW,shared_complete_observation_shared_scores,maximum,prefix,complete,0,100,0.2,0.9,biological_error,2151398048,921666314,2151398048,crp,yeiW,False,identifiable,alpA|basR|btsR|glaR|glrR|nsrR|ptrR|rcdA,100,-0.007096514156807426,0.20951504768636622,0.3470725477241477,-0.03387114307622697,0.22947126549254476,1755,,,,[],0,,False,True,
csd-20260805_174708,paired_hierarchical,1,0,0,9769808dfe284056,crp->ygcW,shared_complete_observation_shared_scores,maximum,prefix,complete,0,100,0.2,0.9,biological_error,2151398048,921666314,2151398048,crp,ygcW,False,identifiable,alpA|basR|btsR|glaR|glrR|nsrR|ptrR|rcdA,100,0.12347855571995747,0.11794357604433607,0.10998625290929973,1.0469290474416406,0.4020478917340177,1755,,,,[],0,,False,True,
csd-20260805_174708,paired_hierarchical,1,0,0,9769808dfe284056,crp->ygeW,shared_complete_observation_shared_scores,maximum,prefix,complete,0,100,0.2,0.9,biological_error,2151398048,921666314,2151398048,crp,ygeW,False,identifiable,alpA|basR|btsR|glaR|glrR|nsrR|ptrR|rcdA,100,-0.019713450127464262,0.13001459023065629,0.1336515521222387,-0.15162490680846683,0.10365072447359007,1755,,,,[],0,,False,True,
csd-20260805_174708,paired_hierarchical,1,0,0,9769808dfe284056,pdeL->fliF,shared_complete_observation_shared_scores,maximum,prefix,complete,0,100,0.2,0.9,biological_error,2151398048,921666314,2151398048,pdeL,fliF,False,identifiable,cra|csgD|flhC|flhD|fliA|hns|nac|rpoD,100,0.03636343358452214,0.0917246617446786,0.1478586071373946,0.396441184877215,-0.2729569124186983,1755,,,,[],0,,False,True,
csd-20260805_174708,paired_hierarchical,1,0,0,9769808dfe284056,pdeL->fliG,shared_complete_observation_shared_scores,maximum,prefix,complete,0,100,0.2,0.9,biological_error,2151398048,921666314,2151398048,pdeL,fliG,False,identifiable,cra|csgD|flhC|flhD|fliA|hns|nac|rpoD,100,0.03692181539646721,0.09002127529774397,0.14241793855972998,0.41014543811281146,-0.2580010026375329,1755,,,,[],0,,False,True,
csd-20260805_174708,paired_hierarchical,1,0,0,9769808dfe284056,pdeL->fliH,shared_complete_observation_shared_scores,maximum,prefix,complete,0,100,0.2,0.9,biological_error,2151398048,921666314,2151398048,pdeL,fliH,False,identifiable,cra|csgD|flhC|flhD|fliA|hns|nac|rpoD,100,-0.22445248112062594,0.13590233437397323,0.32458482079997886,-1.651571933289845,-0.1652963079592994,1755,,,,[],0,,False,True,
csd-20260805_174708,paired_hierarchical,1,0,0,9769808dfe284056,pdeL->fliI,shared_complete_observation_shared_scores,maximum,prefix,complete,0,100,0.2,0.9,biological_error,2151398048,921666314,2151398048,pdeL,fliI,False,identifiable,cra|csgD|flhC|flhD|fliA|hns|nac|rpoD,100,0.03788126639238433,0.09949177265229496,0.17395972424444786,0.3807477280033218,-0.15056073449253093,1755,,,,[],0,,False,True,
csd-20260805_174708,paired_hierarchical,1,0,0,9769808dfe284056,pdeL->fliJ,shared_complete_observation_shared_scores,maximum,prefix,complete,0,100,0.2,0.9,biological_error,2151398048,921666314,2151398048,pdeL,fliJ,False,identifiable,cra|csgD|flhC|flhD|fliA|hns|nac|rpoD,100,-0.2858158001188525,0.14090218932898235,0.3489071387834393,-2.0284695467117393,-0.12254698884032114,1755,,,,[],0,,False,True,
csd-20260805_174708,paired_hierarchical,1,0,0,9769808dfe284056,pdeL->fliK,shared_complete_observation_shared_scores,maximum,prefix,complete,0,100,0.2,0.9,biological_error,2151398048,921666314,2151398048,pdeL,fliK,False,identifiable,cra|csgD|flhC|flhD|fliA|hns|nac|rpoD,100,-0.2032151841935056,0.13469579127022446,0.31884706581825506,-1.508697356295407,-0.2572400206703197,1755,,,,[],0,,False,True,
csd-20260805_174708,paired_hierarchical,1,0,0,9769808dfe284056,pdeL->rfe,shared_complete_observation_shared_scores,maximum,prefix,complete,0,100,0.2,0.9,biological_error,2151398048,921666314,2151398048,pdeL,rfe,False,identifiable,cra|hns|nac|nsrR|rpoD,100,-0.17846581615865723,0.058341265819320365,0.06000748578641125,-3.0589980119964464,-0.16591564487270805,1755,,,,[],0,,False,True,
csd-20260805_174708,paired_hierarchical,1,0,0,9769808dfe284056,pdeL->yghJ,shared_complete_observation_shared_scores,maximum,prefix,complete,0,100,0.2,0.9,biological_error,2151398048,921666314,2151398048,pdeL,yghJ,False,identifiable,cra|hns|nac|rpoD,100,0.0912387554946548,0.09992015755837164,0.17606755200300023,0.9131166095425208,0.16108763309434304,1755,,,,[],0,,False,True,
csd-20260805_174708,paired_hierarchical,1,0,0,9769808dfe284056,creB->ackA,shared_complete_observation_shared_scores,maximum,prefix,complete,0,100,0.2,0.9,biological_error,2151398048,921666314,2151398048,creB,ackA,False,identifiable,arcA|fnr|nac|nagC|rpoD|rpoH,100,-0.023225486783771572,0.10477677223721665,0.22645421381461964,-0.22166637020644822,0.16217520529583487,1755,,,,[],0,,False,True,
csd-20260805_174708,paired_hierarchical,1,0,0,9769808dfe284056,creB->cbrA,shared_complete_observation_shared_scores,maximum,prefix,complete,0,100,0.2,0.9,biological_error,2151398048,921666314,2151398048,creB,cbrA,False,identifiable,nagC|rpoD|rpoH,100,-0.0024575359086029354,0.06021364137014828,0.07487496344711636,-0.04081360722723691,0.1165957767230346,1755,,,,[],0,,False,True,
csd-20260805_174708,paired_hierarchical,1,0,0,9769808dfe284056,creB->cbrB,shared_complete_observation_shared_scores,maximum,prefix,complete,0,100,0.2,0.9,biological_error,2151398048,921666314,2151398048,creB,cbrB,False,identifiable,nac|nagC|rpoD|rpoH,100,0.0011563250355525636,0.06842458352360352,0.09668764742055441,0.016899263042699873,0.10086445402221539,1755,,,,[],0,,False,True,
csd-20260805_174708,paired_hierarchical,1,0,0,9769808dfe284056,creB->cpdA,shared_complete_observation_shared_scores,maximum,prefix,complete,0,100,0.2,0.9,biological_error,2151398048,921666314,2151398048,creB,cpdA,False,identifiable,nagC|rpoD|rpoH,100,-0.11258259236889957,0.06912483634287342,0.09867680343219722,-1.628685119925156,0.12307636276240147,1755,,,,[],0,,False,True,
csd-20260805_174708,paired_hierarchical,1,0,0,9769808dfe284056,creB->creD,shared_complete_observation_shared_scores,maximum,prefix,complete,0,100,0.2,0.9,biological_error,2151398048,921666314,2151398048,creB,creD,False,identifiable,nagC|rpoD|rpoH,100,0.0027711618217585417,0.061550523841111045,0.07823666817368848,0.04502255462377751,0.16527542457181205,1755,,,,[],0,,False,True,
csd-20260805_174708,paired_hierarchical,1,0,0,9769808dfe284056,creB->malE,shared_complete_observation_shared_scores,maximum,prefix,complete,0,100,0.2,0.9,biological_error,2151398048,921666314,2151398048,creB,malE,False,identifiable,crp|fis|hns|malT|nagC|ompR|rpoD|rpoH|stpA|yidZ,100,0.01400812288293361,0.0682289765574015,0.06877561720271906,0.20531046469894623,-0.5952655748788716,1755,,,,[],0,,False,True,
csd-20260805_174708,paired_hierarchical,1,0,0,9769808dfe284056,creB->malF,shared_complete_observation_shared_scores,maximum,prefix,complete,0,100,0.2,0.9,biological_error,2151398048,921666314,2151398048,creB,malF,False,identifiable,crp|fis|hns|malT|nagC|rpoD|rpoH|stpA,100,0.05844114206282425,0.07043717398187724,0.08744792790526137,0.8296917488180396,-0.1373055495658746,1755,,,,[],0,,False,True,
csd-20260805_174708,paired_hierarchical,1,0,0,9769808dfe284056,creB->malG,shared_complete_observation_shared_scores,maximum,prefix,complete,0,100,0.2,0.9,biological_error,2151398048,921666314,2151398048,creB,malG,False,identifiable,crp|fis|hns|malT|nagC|rpoD|rpoH|stpA,100,-0.002257429189390918,0.07730970527447882,0.10534494772669482,-0.02919981626338099,-0.3525482984848933,1755,,,,[],0,,False,True,
csd-20260805_174708,paired_hierarchical,1,0,0,9769808dfe284056,creB->nudF,shared_complete_observation_shared_scores,maximum,prefix,complete,0,100,0.2,0.9,biological_error,2151398048,921666314,2151398048,creB,nudF,False,identifiable,nagC|rpoD|rpoH,100,0.0020144707149049707,0.053289303562412994,0.05864445156164473,0.037802534096652275,0.16586250091923616,1755,,,,[],0,,False,True,
csd-20260805_174708,paired_hierarchical,1,0,0,9769808dfe284056,creB->parE,shared_complete_observation_shared_scores,maximum,prefix,complete,0,100,0.2,0.9,biological_error,2151398048,921666314,2151398048,creB,parE,False,identifiable,nagC|rpoD|rpoH,100,-0.007456440999162237,0.09233006655537308,0.17604882767758986,-0.08075853594982939,0.15072259973978427,1755,,,,[],0,,False,True,
csd-20260805_174708,paired_hierarchical,1,0,0,9769808dfe284056,creB->pta,shared_complete_observation_shared_scores,maximum,prefix,complete,0,100,0.2,0.9,biological_error,2151398048,921666314,2151398048,creB,pta,False,identifiable,nagC|rpoD|rpoH,100,-0.015112203836352294,0.07855271565769173,0.1274292853705236,-0.1923829584989343,0.24029495433705267,1755,,,,[],0,,False,True,
csd-20260805_174708,paired_hierarchical,1,0,0,9769808dfe284056,creB->recG,shared_complete_observation_shared_scores,maximum,prefix,complete,0,100,0.2,0.9,biological_error,2151398048,921666314,2151398048,creB,recG,False,identifiable,dksA|nagC|rpoD|rpoH,100,-0.0029874654451131576,0.08578364075941143,0.15195511899970646,-0.03482558467635799,0.15708635181907696,1755,,,,[],0,,False,True,
csd-20260805_174708,paired_hierarchical,1,0,0,9769808dfe284056,creB->talA,shared_complete_observation_shared_scores,maximum,prefix,complete,0,100,0.2,0.9,biological_error,2151398048,921666314,2151398048,creB,talA,False,identifiable,dksA|nagC|rpoD|rpoH|rpoS,100,0.27942847985968694,0.0750187754357578,0.11619816890509632,3.7247806064093254,0.20667759449856132,1755,,,,[],0,,False,True,
csd-20260805_174708,paired_hierarchical,1,0,0,9769808dfe284056,creB->yqiA,shared_complete_observation_shared_scores,maximum,prefix,complete,0,100,0.2,0.9,biological_error,2151398048,921666314,2151398048,creB,yqiA,False,identifiable,nagC|rpoD|rpoH,100,-0.02436803000216376,0.06781114411413464,0.09496181003105136,-0.35935140632857215,0.11939787415332316,1755,,,,[],0,,False,True,
csd-20260805_174708,paired_hierarchical,1,0,0,9769808dfe284056,creB->yqiB,shared_complete_observation_shared_scores,maximum,prefix,complete,0,100,0.2,0.9,biological_error,2151398048,921666314,2151398048,creB,yqiB,False,identifiable,nagC|rpoD|rpoH,100,0.0019597700765808528,0.023961548769903054,0.011857048907376782,0.08178812210346043,0.11631559732172102,1755,,,,[],0,,False,True,
csd-20260805_174708,paired_hierarchical,1,0,0,9769808dfe284056,csqR->yihS,shared_complete_observation_shared_scores,maximum,prefix,complete,0,100,0.2,0.9,biological_error,2151398048,921666314,2151398048,csqR,yihS,False,identifiable,crp|rpoD,100,0.024669316858629012,0.11098650607125875,0.09490604160948322,0.2222731188851923,-0.13165388107926204,1755,,,,[],0,,False,True,
csd-20260805_174708,paired_hierarchical,1,0,0,9769808dfe284056,csqR->yihT,shared_complete_observation_shared_scores,maximum,prefix,complete,0,100,0.2,0.9,biological_error,2151398048,921666314,2151398048,csqR,yihT,False,identifiable,crp|rpoD,100,-0.05017029302446665,0.0912826930019298,0.06419931417694061,-0.5496145148062843,-0.3652812108189941,1755,,,,[],0,,False,True,
csd-20260805_174708,paired_hierarchical,1,0,0,9769808dfe284056,csqR->yihU,shared_complete_observation_shared_scores,maximum,prefix,complete,0,100,0.2,0.9,biological_error,2151398048,921666314,2151398048,csqR,yihU,False,identifiable,crp|rpoD,100,0.07900223883010082,0.18442214236564408,0.26204726182436383,0.4283771884260364,-0.14860650025297842,1755,,,,[],0,,False,True,
csd-20260805_174708,paired_hierarchical,1,0,0,9769808dfe284056,csqR->yihV,shared_complete_observation_shared_scores,maximum,prefix,complete,0,100,0.2,0.9,biological_error,2151398048,921666314,2151398048,csqR,yihV,False,identifiable,crp|rpoD,100,0.010319676110344584,0.12245382191094285,0.1155309087453472,0.08427402223386533,-0.3036999500079475,1755,,,,[],0,,False,True,
csd-20260805_174708,paired_hierarchical,1,0,0,9769808dfe284056,dcuR->aspA,shared_complete_observation_shared_scores,maximum,prefix,complete,0,100,0.2,0.9,biological_error,2151398048,921666314,2151398048,dcuR,aspA,False,identifiable,crp|fnr|lrp|narL|rpoD,100,0.0075821116652342,0.06986747431027018,0.14789851737292298,0.1085213361451033,0.09158552267468192,1755,,,,[],0,,False,True,
csd-20260805_174708,paired_hierarchical,1,0,0,9769808dfe284056,dcuR->dctA,shared_complete_observation_shared_scores,maximum,prefix,complete,0,100,0.2,0.9,biological_error,2151398048,921666314,2151398048,dcuR,dctA,False,identifiable,arcA|crp|fnr|narL|rpoD,100,-0.020667957632463936,0.06612142977931511,0.13216502268332428,-0.31257578218505994,0.14475979091054422,1755,,,,[],0,,False,True,
csd-20260805_174708,paired_hierarchical,1,0,0,9769808dfe284056,dcuR->dcuA,shared_complete_observation_shared_scores,maximum,prefix,complete,0,100,0.2,0.9,biological_error,2151398048,921666314,2151398048,dcuR,dcuA,False,identifiable,arcA|crp|fnr|narL|rpoD,100,0.019598674094024264,0.05069543121958535,0.0776908201194748,0.3865964569693341,0.07515182322490885,1755,,,,[],0,,False,True,
csd-20260805_174708,paired_hierarchical,1,0,0,9769808dfe284056,dcuR->dcuB,shared_complete_observation_shared_scores,maximum,prefix,complete,0,100,0.2,0.9,biological_error,2151398048,921666314,2151398048,dcuR,dcuB,False,identifiable,arcA|crp|fnr|narL|rpoD,100,-0.05255273915083614,0.05706850694437675,0.09845212258839742,-0.9208711067569717,0.19879111289595552,1755,,,,[],0,,False,True,
csd-20260805_174708,paired_hierarchical,1,0,0,9769808dfe284056,dcuR->dpiA,shared_complete_observation_shared_scores,maximum,prefix,complete,0,100,0.2,0.9,biological_error,2151398048,921666314,2151398048,dcuR,dpiA,False,identifiable,arcA|crp|fnr|narL|rpoD,100,0.10544925518457489,0.1777623000787136,0.955237547371463,0.5932037059482336,0.2180955124216473,1755,,,,[],0,,False,True,
csd-20260805_174708,paired_hierarchical,1,0,0,9769808dfe284056,dcuR->dpiB,shared_complete_observation_shared_scores,maximum,prefix,complete,0,100,0.2,0.9,biological_error,2151398048,921666314,2151398048,dcuR,dpiB,False,identifiable,arcA|crp|fnr|narL|rpoD,100,-0.0017383978433261754,0.09962996289560028,0.30006269118269696,-0.017448544522171493,0.026415268211149392,1755,,,,[],0,,False,True,
csd-20260805_174708,paired_hierarchical,1,0,0,9769808dfe284056,dcuR->frdA,shared_complete_observation_shared_scores,maximum,prefix,complete,0,100,0.2,0.9,biological_error,2151398048,921666314,2151398048,dcuR,frdA,False,identifiable,crp|fnr|lrp|narL|rpoD|rpoS,100,0.029262717038801553,0.09337490760238504,0.2631928190983846,0.3133895153439928,0.18716694965477662,1755,,,,[],0,,False,True,
csd-20260805_174708,paired_hierarchical,1,0,0,9769808dfe284056,dcuR->frdB,shared_complete_observation_shared_scores,maximum,prefix,complete,0,100,0.2,0.9,biological_error,2151398048,921666314,2151398048,dcuR,frdB,False,identifiable,crp|fnr|lrp|narL|rpoD|rpoS,100,0.014533358036738553,0.08125598708773929,0.19930785106341356,0.1788589192947173,0.11249198569042919,1755,,,,[],0,,False,True,
csd-20260805_174708,paired_hierarchical,1,0,0,9769808dfe284056,dcuR->frdC,shared_complete_observation_shared_scores,maximum,prefix,complete,0,100,0.2,0.9,biological_error,2151398048,921666314,2151398048,dcuR,frdC,False,identifiable,crp|fnr|narL|rpoD|rpoS,100,0.02697477507467975,0.08626527162822777,0.22465357805788794,0.31269564873024813,0.32423406147563555,1755,,,,[],0,,False,True,
csd-20260805_174708,paired_hierarchical,1,0,0,9769808dfe284056,dcuR->frdD,shared_complete_observation_shared_scores,maximum,prefix,complete,0,100,0.2,0.9,biological_error,2151398048,921666314,2151398048,dcuR,frdD,False,identifiable,crp|fnr|narL|rpoD|rpoS,100,0.16005644778642733,0.06608205330833464,0.13182822654018922,2.4220864784514817,0.05597489788429597,1755,,,,[],0,,False,True,
csd-20260805_174708,paired_hierarchical,1,0,0,9769808dfe284056,dcuR->fumB,shared_complete_observation_shared_scores,maximum,prefix,complete,0,100,0.2,0.9,biological_error,2151398048,921666314,2151398048,dcuR,fumB,False,identifiable,arcA|crp|fis|fnr|fur|narL|rpoD,100,0.17834625534118415,0.1069826050778377,0.34585191419438055,1.6670584457297908,0.1914273219873909,1755,,,,[],0,,False,True,
csd-20260805_174708,paired_hierarchical,1,0,0,9769808dfe284056,dcuR->pck,shared_complete_observation_shared_scores,maximum,prefix,complete,0,100,0.2,0.9,biological_error,2151398048,921666314,2151398048,dcuR,pck,False,identifiable,cra|crp|fnr|narL|rpoD,100,-0.004105245130706838,0.05966843829362761,0.10753073586451245,-0.06880094817472815,0.10093945886897812,1755,,,,[],0,,False,True,
csd-20260805_174708,paired_hierarchical,1,0,0,9769808dfe284056,dgoR->dgoA,shared_complete_observation_shared_scores,maximum,prefix,complete,0,100,0.2,0.9,biological_error,2151398048,921666314,2151398048,dgoR,dgoA,False,identifiable,crp|rpoD,100,0.04022000147600586,0.12660153942853983,0.09017115134771421,0.3176896715281098,-0.22770320664532254,1755,,,,[],0,,False,True,
csd-20260805_174708,paired_hierarchical,1,0,0,9769808dfe284056,dgoR->dgoD,shared_complete_observation_shared_scores,maximum,prefix,complete,0,100,0.2,0.9,biological_error,2151398048,921666314,2151398048,dgoR,dgoD,False,identifiable,crp|rpoD,100,-0.19595272037643874,0.17357136898908523,0.16949067899333958,-1.1289461016393834,-0.10847920710311641,1755,,,,[],0,,False,True,
csd-20260805_174708,paired_hierarchical,1,0,0,9769808dfe284056,dgoR->dgoK,shared_complete_observation_shared_scores,maximum,prefix,complete,0,100,0.2,0.9,biological_error,2151398048,921666314,2151398048,dgoR,dgoK,False,identifiable,crp|rpoD,100,-0.03692827579306441,0.1077453330266021,0.06531103670301254,-0.34273666205056785,-0.18352441840490866,1755,,,,[],0,,False,True,
csd-20260805_174708,paired_hierarchical,1,0,0,9769808dfe284056,dgoR->dgoT,shared_complete_observation_shared_scores,maximum,prefix,complete,0,100,0.2,0.9,biological_error,2151398048,921666314,2151398048,dgoR,dgoT,False,identifiable,crp|rpoD,100,0.346273336476534,0.193846893375492,0.21140114366175367,1.7863238891622766,-0.14454600467283368,1755,,,,[],0,,False,True,
csd-20260805_174708,paired_hierarchical,1,0,0,9769808dfe284056,dksA->hisC,shared_complete_observation_shared_scores,maximum,prefix,complete,0,100,0.2,0.9,biological_error,2151398048,921666314,2151398048,dksA,hisC,False,identifiable,alpA|basR|btsR|glaR|glrR|nsrR|ptrR|rcdA,100,-0.009735578259140712,0.1141183510958936,0.10055538326318277,-0.08531124193128159,0.30330550849547105,1755,,,,[],0,,False,True,
csd-20260805_174708,paired_hierarchical,1,0,0,9769808dfe284056,dksA->hisD,shared_complete_observation_shared_scores,maximum,prefix,complete,0,100,0.2,0.9,biological_error,2151398048,921666314,2151398048,dksA,hisD,False,identifiable,alpA|basR|btsR|glaR|glrR|nsrR|ptrR|rcdA,100,0.061271673818867736,0.088547347567008,0.0605404246304959,0.6919650955382999,0.07689403991974231,1755,,,,[],0,,False,True,
csd-20260805_174708,paired_hierarchical,1,0,0,9769808dfe284056,dksA->hisG,shared_complete_observation_shared_scores,maximum,prefix,complete,0,100,0.2,0.9,biological_error,2151398048,921666314,2151398048,dksA,hisG,False,identifiable,alpA|basR|btsR|glaR|glrR|nsrR|ptrR|rcdA,100,0.17387839783209186,0.12192421349715815,0.11478212887300013,1.426118675238735,0.3627892196039423,1755,,,,[],0,,False,True,
csd-20260805_174708,paired_hierarchical,1,0,0,9769808dfe284056,dksA->pheS,shared_complete_observation_shared_scores,maximum,prefix,complete,0,100,0.2,0.9,biological_error,2151398048,921666314,2151398048,dksA,pheS,False,identifiable,alpA|basR|btsR|glaR|glrR|nsrR|ptrR|rcdA,100,0.08280937252396156,0.08209442809244674,0.05203813378597804,1.008708805799947,-0.10295603026160487,1755,,,,[],0,,False,True,
csd-20260805_174708,paired_hierarchical,1,0,0,9769808dfe284056,dksA->pheT,shared_complete_observation_shared_scores,maximum,prefix,complete,0,100,0.2,0.9,biological_error,2151398048,921666314,2151398048,dksA,pheT,False,identifiable,alpA|basR|btsR|glaR|glrR|nsrR|ptrR|rcdA,100,-0.18032856671044928,0.12954707761808246,0.1295834656365577,-1.3919925483929143,-0.19916593443298067,1755,,,,[],0,,False,True,
csd-20260805_174708,paired_hierarchical,1,0,0,9769808dfe284056,dksA->rplA,shared_complete_observation_shared_scores,maximum,prefix,complete,0,100,0.2,0.9,biological_error,2151398048,921666314,2151398048,dksA,rplA,False,identifiable,alpA|basR|btsR|glaR|glrR|nsrR|ptrR|rcdA,100,0.12885223844914023,0.08166376140322577,0.05149358266084147,1.5778386426865036,-0.20631538501851351,1755,,,,[],0,,False,True,
csd-20260805_174708,paired_hierarchical,1,0,0,9769808dfe284056,dksA->rplJ,shared_complete_observation_shared_scores,maximum,prefix,complete,0,100,0.2,0.9,biological_error,2151398048,921666314,2151398048,dksA,rplJ,False,identifiable,alpA|basR|btsR|glaR|glrR|nsrR|ptrR|rcdA,100,-0.12993019921407745,0.10262709617704589,0.08132394377115554,-1.2660418549690808,-0.3350198173524776,1755,,,,[],0,,False,True,
csd-20260805_174708,paired_hierarchical,1,0,0,9769808dfe284056,dksA->rplK,shared_complete_observation_shared_scores,maximum,prefix,complete,0,100,0.2,0.9,biological_error,2151398048,921666314,2151398048,dksA,rplK,False,identifiable,alpA|basR|btsR|glaR|glrR|nsrR|ptrR|rcdA,100,0.04023992207561456,0.082386014911555,0.05240845322096364,0.48843146641834634,-0.2419957983173264,1755,,,,[],0,,False,True,
csd-20260805_174708,paired_hierarchical,1,0,0,9769808dfe284056,dksA->rplL,shared_complete_observation_shared_scores,maximum,prefix,complete,0,100,0.2,0.9,biological_error,2151398048,921666314,2151398048,dksA,rplL,False,identifiable,alpA|basR|btsR|glaR|glrR|nsrR|ptrR|rcdA,100,0.009210380937924985,0.09712744645673148,0.072841401277954,0.09482778837419599,-0.519064276759749,1755,,,,[],0,,False,True,
csd-20260805_174708,paired_hierarchical,1,0,0,9769808dfe284056,dksA->rpmB,shared_complete_observation_shared_scores,maximum,prefix,complete,0,100,0.2,0.9,biological_error,2151398048,921666314,2151398048,dksA,rpmB,False,identifiable,alpA|basR|btsR|glaR|glrR|nsrR|ptrR|rcdA|yfeC,100,-0.02253004539287738,0.09518143967617272,0.06925168098994475,-0.23670628926741738,-0.26315304937633527,1755,,,,[],0,,False,True,
csd-20260805_174708,paired_hierarchical,1,0,0,9769808dfe284056,dksA->rpmG,shared_complete_observation_shared_scores,maximum,prefix,complete,0,100,0.2,0.9,biological_error,2151398048,921666314,2151398048,dksA,rpmG,False,identifiable,alpA|basR|btsR|glaR|glrR|nsrR|ptrR|rcdA,100,-0.0013449852399838279,0.14382863131286158,0.15972946802433768,-0.009351303893438048,-0.3178686408043005,1755,,,,[],0,,False,True,
csd-20260805_174708,paired_hierarchical,1,0,0,9769808dfe284056,dksA->rpoB,shared_complete_observation_shared_scores,maximum,prefix,complete,0,100,0.2,0.9,biological_error,2151398048,921666314,2151398048,dksA,rpoB,False,identifiable,alpA|basR|btsR|glaR|glrR|nsrR|ptrR|rcdA,100,0.035327798690364294,0.12349562867151608,0.11775992502895802,0.2860651755078077,-0.11200827566089336,1755,,,,[],0,,False,True,
csd-20260805_174708,paired_hierarchical,1,0,0,9769808dfe284056,dksA->rpoC,shared_complete_observation_shared_scores,maximum,prefix,complete,0,100,0.2,0.9,biological_error,2151398048,921666314,2151398048,dksA,rpoC,False,identifiable,alpA|basR|btsR|glaR|glrR|nsrR|ptrR|rcdA,100,-0.054121828834487865,0.10998689183765796,0.09340630846055498,-0.49207526397211376,-0.1131391881620421,1755,,,,[],0,,False,True,
csd-20260805_174708,paired_hierarchical,1,0,0,9769808dfe284056,dksA->rpsG,shared_complete_observation_shared_scores,maximum,prefix,complete,0,100,0.2,0.9,biological_error,2151398048,921666314,2151398048,dksA,rpsG,False,identifiable,alpA|basR|btsR|glaR|glrR|nsrR|ptrR|rcdA,100,-0.004507538918470861,0.07841519803897071,0.047478264669631225,-0.05748297563733384,-0.12568848205718006,1755,,,,[],0,,False,True,
csd-20260805_174708,paired_hierarchical,1,0,0,9769808dfe284056,dksA->rpsL,shared_complete_observation_shared_scores,maximum,prefix,complete,0,100,0.2,0.9,biological_error,2151398048,921666314,2151398048,dksA,rpsL,False,identifiable,alpA|basR|btsR|glaR|glrR|nsrR|ptrR|rcdA,100,0.0029451398587563614,0.07278423266431798,0.040904300046196544,0.04046398170245735,-0.1343828683583361,1755,,,,[],0,,False,True,
csd-20260805_174708,paired_hierarchical,1,0,0,9769808dfe284056,dksA->rpsT,shared_complete_observation_shared_scores,maximum,prefix,complete,0,100,0.2,0.9,biological_error,2151398048,921666314,2151398048,dksA,rpsT,False,identifiable,alpA|basR|btsR|glaR|glrR|nsrR|ptrR|rcdA,100,-0.06290004837928719,0.13137894260811298,0.13327413553575057,-0.47876811253467155,-0.3658265974218143,1755,,,,[],0,,False,True,
csd-20260805_174708,paired_hierarchical,1,0,0,9769808dfe284056,exuR->exuT,shared_complete_observation_shared_scores,maximum,prefix,complete,0,100,0.2,0.9,biological_error,2151398048,921666314,2151398048,exuR,exuT,False,identifiable,crp|dpiA|nac|rpoD|zraR,100,0.0659822968453757,0.13328287155693805,0.23640852915329416,0.4950545863441144,-0.18810368908712563,1755,,,,[],0,,False,True,
csd-20260805_174708,paired_hierarchical,1,0,0,9769808dfe284056,exuR->uxaA,shared_complete_observation_shared_scores,maximum,prefix,complete,0,100,0.2,0.9,biological_error,2151398048,921666314,2151398048,exuR,uxaA,False,identifiable,crp|fnr|rpoD|zraR,100,0.0010651013837224205,0.08545387204153468,0.09735194596388845,0.012464050583977402,-0.12716064757525264,1755,,,,[],0,,False,True,
csd-20260805_174708,paired_hierarchical,1,0,0,9769808dfe284056,exuR->uxaB,shared_complete_observation_shared_scores,maximum,prefix,complete,0,100,0.2,0.9,biological_error,2151398048,921666314,2151398048,exuR,uxaB,False,identifiable,crp|fur|rpoD|zraR,100,0.02435839906978754,0.07306028135915331,0.07116165281990057,0.33340138604237407,-0.10954449473661375,1755,,,,[],0,,False,True,
csd-20260805_174708,paired_hierarchical,1,0,0,9769808dfe284056,exuR->uxaC,shared_complete_observation_shared_scores,maximum,prefix,complete,0,100,0.2,0.9,biological_error,2151398048,921666314,2151398048,exuR,uxaC,False,identifiable,crp|fnr|fur|nac|rpoD|zraR,100,-0.01411265126086356,0.15157952114455808,0.305813940526942,-0.09310394408361161,-0.20352058130345207,1755,,,,[],0,,False,True,
csd-20260805_174708,paired_hierarchical,1,0,0,9769808dfe284056,fis->cspI,shared_complete_observation_shared_scores,maximum,prefix,complete,0,100,0.2,0.9,biological_error,2151398048,921666314,2151398048,fis,cspI,False,identifiable,alpA|basR|btsR|glaR|glrR|nsrR|ptrR|rcdA,100,-0.15551713500022993,0.09496783445474266,0.08552653825345001,-1.6375769321595124,-0.37751298034233727,1755,,,,[],0,,False,True,
csd-20260805_174708,paired_hierarchical,1,0,0,9769808dfe284056,fis->queA,shared_complete_observation_shared_scores,maximum,prefix,complete,0,100,0.2,0.9,biological_error,2151398048,921666314,2151398048,fis,queA,False,identifiable,alpA|basR|btsR|glaR|glrR|nsrR|ptrR|rcdA,100,-0.0005131736539887022,0.13506839910660604,0.17300367514874537,-0.00379936134123917,0.1837952096410045,1755,,,,[],0,,False,True,
csd-20260805_174708,paired_hierarchical,1,0,0,9769808dfe284056,fis->yodD,shared_complete_observation_shared_scores,maximum,prefix,complete,0,100,0.2,0.9,biological_error,2151398048,921666314,2151398048,fis,yodD,False,identifiable,alpA|basR|btsR|glaR|glrR|nsrR|ptrR|rcdA,100,-0.03538166736809309,0.12195899136747831,0.1410507735049133,-0.2901111838608399,0.08227178357694141,1755,,,,[],0,,False,True,
csd-20260805_174708,paired_hierarchical,1,0,0,9769808dfe284056,frlR->frlA,shared_complete_observation_shared_scores,maximum,prefix,complete,0,100,0.2,0.9,biological_error,2151398048,921666314,2151398048,frlR,frlA,False,identifiable,crp|rpoD,100,-0.009333921297728654,0.09713108128468348,0.08534303822394422,-0.0960961329193039,-0.13170500398632717,1755,,,,[],0,,False,True,
csd-20260805_174708,paired_hierarchical,1,0,0,9769808dfe284056,frlR->frlB,shared_complete_observation_shared_scores,maximum,prefix,complete,0,100,0.2,0.9,biological_error,2151398048,921666314,2151398048,frlR,frlB,False,identifiable,crp|rpoD,100,-0.047359912743274876,0.1114861672562187,0.11243295456638615,-0.42480528220538627,-0.12454880018802378,1755,,,,[],0,,False,True,
csd-20260805_174708,paired_hierarchical,1,0,0,9769808dfe284056,frlR->frlC,shared_complete_observation_shared_scores,maximum,prefix,complete,0,100,0.2,0.9,biological_error,2151398048,921666314,2151398048,frlR,frlC,False,identifiable,crp|rpoD,100,0.24636887262412466,0.1054662177609608,0.10061862913789275,2.335997989256804,-0.2527489991449529,1755,,,,[],0,,False,True,
csd-20260805_174708,paired_hierarchical,1,0,0,9769808dfe284056,frlR->frlD,shared_complete_observation_shared_scores,maximum,prefix,complete,0,100,0.2,0.9,biological_error,2151398048,921666314,2151398048,frlR,frlD,False,identifiable,crp|rpoD,100,-0.00011728305242524766,0.059030225946842846,0.031521040428074604,-0.0019868304846209113,-0.12935496123663726,1755,,,,[],0,,False,True,
csd-20260805_174708,paired_hierarchical,1,0,0,9769808dfe284056,fucR->fucA,shared_complete_observation_shared_scores,maximum,prefix,complete,0,100,0.2,0.9,biological_error,2151398048,921666314,2151398048,fucR,fucA,False,identifiable,crp|hns|nac|rpoD|srsR,100,0.3509854103898528,0.09632757266763435,0.33104463545953,3.6436650552888104,0.22657137142839895,1755,,,,[],0,,False,True,
csd-20260805_174708,paired_hierarchical,1,0,0,9769808dfe284056,fucR->fucI,shared_complete_observation_shared_scores,maximum,prefix,complete,0,100,0.2,0.9,biological_error,2151398048,921666314,2151398048,fucR,fucI,False,identifiable,crp|rpoD|spf|srsR,100,-0.0003663513513746993,0.09538245468218402,0.3256273932892393,-0.0038408673020146975,0.14132376872889157,1755,,,,[],0,,False,True,
csd-20260805_174708,paired_hierarchical,1,0,0,9769808dfe284056,fucR->fucK,shared_complete_observation_shared_scores,maximum,prefix,complete,0,100,0.2,0.9,biological_error,2151398048,921666314,2151398048,fucR,fucK,False,identifiable,crp|rpoD|spf|srsR,100,0.5264938747550768,0.07716574330448435,0.2131243298304313,6.8228964331699835,0.2754447546071097,1755,,,,[],0,,False,True,
csd-20260805_174708,paired_hierarchical,1,0,0,9769808dfe284056,fucR->fucO,shared_complete_observation_shared_scores,maximum,prefix,complete,0,100,0.2,0.9,biological_error,2151398048,921666314,2151398048,fucR,fucO,False,identifiable,crp|rpoD|srsR,100,0.00029868107234775525,0.06738884685149692,0.1626905551307815,0.004432203343766233,0.11485875340051152,1755,,,,[],0,,False,True,
csd-20260805_174708,paired_hierarchical,1,0,0,9769808dfe284056,fucR->fucP,shared_complete_observation_shared_scores,maximum,prefix,complete,0,100,0.2,0.9,biological_error,2151398048,921666314,2151398048,fucR,fucP,False,identifiable,crp|rpoD|spf|srsR,100,-0.003154186862450513,0.0601790884619979,0.1296209359969351,-0.05241333730806392,0.11462745628596811,1755,,,,[],0,,False,True,
csd-20260805_174708,paired_hierarchical,1,0,0,9769808dfe284056,fucR->fucU,shared_complete_observation_shared_scores,maximum,prefix,complete,0,100,0.2,0.9,biological_error,2151398048,921666314,2151398048,fucR,fucU,False,identifiable,crp|rpoD|srsR,100,-0.011738327240528252,0.04905239612649686,0.08619989660994382,-0.2393018112766056,0.15638716490963886,1755,,,,[],0,,False,True,
csd-20260805_174708,paired_hierarchical,1,0,0,9769808dfe284056,fur->adhP,shared_complete_observation_shared_scores,maximum,prefix,complete,0,100,0.2,0.9,biological_error,2151398048,921666314,2151398048,fur,adhP,False,identifiable,alpA|basR|btsR|glaR|glrR|nsrR|ptrR|rcdA,100,-0.04012846705808469,0.11153956122313101,0.0823834878912996,-0.35976891623061963,-0.4111570020132838,1755,,,,[],0,,False,True,
csd-20260805_174708,paired_hierarchical,1,0,0,9769808dfe284056,fur->bssR,shared_complete_observation_shared_scores,maximum,prefix,complete,0,100,0.2,0.9,biological_error,2151398048,921666314,2151398048,fur,bssR,False,identifiable,alpA|basR|btsR|glaR|glrR|nsrR|ptrR|rcdA,100,0.25715100843390093,0.13201881509591773,0.11541279866980457,1.9478360584214371,0.12876939249057587,1755,,,,[],0,,False,True,
csd-20260805_174708,paired_hierarchical,1,0,0,9769808dfe284056,fur->efeB,shared_complete_observation_shared_scores,maximum,prefix,complete,0,100,0.2,0.9,biological_error,2151398048,921666314,2151398048,fur,efeB,False,identifiable,alpA|basR|btsR|glaR|glrR|nsrR|ptrR|rcdA,100,0.007500206677790424,0.15134829705012207,0.15168316737058818,0.04955593702720407,-0.1272309348173054,1755,,,,[],0,,False,True,
csd-20260805_174708,paired_hierarchical,1,0,0,9769808dfe284056,fur->efeO,shared_complete_observation_shared_scores,maximum,prefix,complete,0,100,0.2,0.9,biological_error,2151398048,921666314,2151398048,fur,efeO,False,identifiable,alpA|basR|btsR|glaR|glrR|nsrR|ptrR|rcdA,100,-0.0028032741671526577,0.07481418879052126,0.03706382647298233,-0.03746981972900606,-0.13256897756075423,1755,,,,[],0,,False,True,
csd-20260805_174708,paired_hierarchical,1,0,0,9769808dfe284056,fur->fhuE,shared_complete_observation_shared_scores,maximum,prefix,complete,0,100,0.2,0.9,biological_error,2151398048,921666314,2151398048,fur,fhuE,False,identifiable,alpA|basR|btsR|glaR|glrR|nsrR|ptrR|rcdA,100,-0.0028690930206910197,0.07430430301695229,0.036560341273204074,-0.03861274386809665,-0.18712641841522318,1755,,,,[],0,,False,True,
csd-20260805_174708,paired_hierarchical,1,0,0,9769808dfe284056,fur->gpr,shared_complete_observation_shared_scores,maximum,prefix,complete,0,100,0.2,0.9,biological_error,2151398048,921666314,2151398048,fur,gpr,False,identifiable,alpA|basR|btsR|glaR|glrR|nsrR|ptrR|rcdA,100,0.13472381383095935,0.12200360323759721,0.09856611200856422,1.104260941937838,0.11364114357330088,1755,,,,[],0,,False,True,
csd-20260805_174708,paired_hierarchical,1,0,0,9769808dfe284056,fur->maeB,shared_complete_observation_shared_scores,maximum,prefix,complete,0,100,0.2,0.9,biological_error,2151398048,921666314,2151398048,fur,maeB,False,identifiable,alpA|basR|btsR|glaR|glrR|nsrR|ptrR|rcdA,100,0.007663686892727209,0.14033358829034162,0.13040840155112823,0.054610496218991486,-0.15639838896666466,1755,,,,[],0,,False,True,
csd-20260805_174708,paired_hierarchical,1,0,0,9769808dfe284056,fur->mocA,shared_complete_observation_shared_scores,maximum,prefix,complete,0,100,0.2,0.9,biological_error,2151398048,921666314,2151398048,fur,mocA,False,identifiable,alpA|basR|btsR|glaR|glrR|nsrR|ptrR|rcdA,100,0.00013539242473288192,0.0983371163292193,0.06403497567617852,0.001376819148119073,-0.10606976296430211,1755,,,,[],0,,False,True,
csd-20260805_174708,paired_hierarchical,1,0,0,9769808dfe284056,fur->pepE,shared_complete_observation_shared_scores,maximum,prefix,complete,0,100,0.2,0.9,biological_error,2151398048,921666314,2151398048,fur,pepE,False,identifiable,alpA|basR|btsR|glaR|glrR|nsrR|ptrR|rcdA,100,-0.007157596986021437,0.180804577232439,0.2164717126176266,-0.03958747668660934,0.42562998208242453,1755,,,,[],0,,False,True,
csd-20260805_174708,paired_hierarchical,1,0,0,9769808dfe284056,fur->qorA,shared_complete_observation_shared_scores,maximum,prefix,complete,0,100,0.2,0.9,biological_error,2151398048,921666314,2151398048,fur,qorA,False,identifiable,alpA|basR|btsR|glaR|glrR|nsrR|ptrR|rcdA,100,-0.366595545184353,0.11825008877853477,0.09259451523335056,-3.100171416115663,0.2066608868099956,1755,,,,[],0,,False,True,
csd-20260805_174708,paired_hierarchical,1,0,0,9769808dfe284056,fur->rimO,shared_complete_observation_shared_scores,maximum,prefix,complete,0,100,0.2,0.9,biological_error,2151398048,921666314,2151398048,fur,rimO,False,identifiable,alpA|basR|btsR|glaR|glrR|nsrR|ptrR|rcdA,100,0.014549833875519717,0.09136923288828834,0.055281811889121804,0.159242158608346,-0.15895993001604014,1755,,,,[],0,,False,True,
csd-20260805_174708,paired_hierarchical,1,0,0,9769808dfe284056,fur->rsxA,shared_complete_observation_shared_scores,maximum,prefix,complete,0,100,0.2,0.9,biological_error,2151398048,921666314,2151398048,fur,rsxA,False,identifiable,alpA|basR|btsR|glaR|glrR|nsrR|ptrR|rcdA,100,-0.1350285748500032,0.10505154314831947,0.07307808935136982,-1.2853554626928227,-0.25274368768137306,1755,,,,[],0,,False,True,
csd-20260805_174708,paired_hierarchical,1,0,0,9769808dfe284056,fur->rsxB,shared_complete_observation_shared_scores,maximum,prefix,complete,0,100,0.2,0.9,biological_error,2151398048,921666314,2151398048,fur,rsxB,False,identifiable,alpA|basR|btsR|glaR|glrR|nsrR|ptrR|rcdA,100,0.26049935688600145,0.1556315468723929,0.16039010789519076,1.6738210351375156,-0.28150874877257,1755,,,,[],0,,False,True,
csd-20260805_174708,paired_hierarchical,1,0,0,9769808dfe284056,fur->rsxC,shared_complete_observation_shared_scores,maximum,prefix,complete,0,100,0.2,0.9,biological_error,2151398048,921666314,2151398048,fur,rsxC,False,identifiable,alpA|basR|btsR|glaR|glrR|nsrR|ptrR|rcdA,100,-0.021265248801103052,0.1601550515084523,0.16984923467391713,-0.1327791324770094,-0.30472285237820285,1755,,,,[],0,,False,True,
csd-20260805_174708,paired_hierarchical,1,0,0,9769808dfe284056,fur->rsxD,shared_complete_observation_shared_scores,maximum,prefix,complete,0,100,0.2,0.9,biological_error,2151398048,921666314,2151398048,fur,rsxD,False,identifiable,alpA|basR|btsR|glaR|glrR|nsrR|ptrR|rcdA,100,0.0066572788515585945,0.09561975564285005,0.06054490058830266,0.06962242066821671,-0.16023633562209086,1755,,,,[],0,,False,True,
csd-20260805_174708,paired_hierarchical,1,0,0,9769808dfe284056,fur->rsxE,shared_complete_observation_shared_scores,maximum,prefix,complete,0,100,0.2,0.9,biological_error,2151398048,921666314,2151398048,fur,rsxE,False,identifiable,alpA|basR|btsR|glaR|glrR|nsrR|ptrR|rcdA,100,-0.15385280690546146,0.15156229393067275,0.15211241134990078,-1.0151126834741393,-0.2995630521886642,1755,,,,[],0,,False,True,
csd-20260805_174708,paired_hierarchical,1,0,0,9769808dfe284056,fur->rsxG,shared_complete_observation_shared_scores,maximum,prefix,complete,0,100,0.2,0.9,biological_error,2151398048,921666314,2151398048,fur,rsxG,False,identifiable,alpA|basR|btsR|glaR|glrR|nsrR|ptrR|rcdA,100,-0.05114563837342077,0.11829094202067429,0.09265850570697141,-0.4323715535588667,-0.22494356939460267,1755,,,,[],0,,False,True,
csd-20260805_174708,paired_hierarchical,1,0,0,9769808dfe284056,fur->tqsA,shared_complete_observation_shared_scores,maximum,prefix,complete,0,100,0.2,0.9,biological_error,2151398048,921666314,2151398048,fur,tqsA,False,identifiable,alpA|basR|btsR|glaR|glrR|nsrR|ptrR|rcdA,100,-0.10300974087927431,0.08544052504179377,0.04834038760560456,-1.205630944202256,0.12084975873207388,1755,,,,[],0,,False,True,
csd-20260805_174708,paired_hierarchical,1,0,0,9769808dfe284056,fur->xynR,shared_complete_observation_shared_scores,maximum,prefix,complete,0,100,0.2,0.9,biological_error,2151398048,921666314,2151398048,fur,xynR,False,identifiable,alpA|basR|btsR|glaR|glrR|nsrR|ptrR|rcdA,100,0.02746049583506387,0.07939219232360835,0.041738602198754034,0.3458840854669045,0.07466608281523868,1755,,,,[],0,,False,True,
csd-20260805_174708,paired_hierarchical,1,0,0,9769808dfe284056,fur->ybaN,shared_complete_observation_shared_scores,maximum,prefix,complete,0,100,0.2,0.9,biological_error,2151398048,921666314,2151398048,fur,ybaN,False,identifiable,alpA|basR|btsR|glaR|glrR|nsrR|ptrR|rcdA,100,0.0707212568546922,0.20351624869723128,0.2742713784737983,0.34749685741261566,-0.09210910382654025,1755,,,,[],0,,False,True,
csd-20260805_174708,paired_hierarchical,1,0,0,9769808dfe284056,fur->yobD,shared_complete_observation_shared_scores,maximum,prefix,complete,0,100,0.2,0.9,biological_error,2151398048,921666314,2151398048,fur,yobD,False,identifiable,alpA|basR|btsR|glaR|glrR|nsrR|ptrR|rcdA,100,0.07110252639328397,0.12237109867286468,0.09916080183014127,0.5810401897539773,0.15844425178922075,1755,,,,[],0,,False,True,
csd-20260805_174708,paired_hierarchical,1,0,0,9769808dfe284056,glpR->glpA,shared_complete_observation_shared_scores,maximum,prefix,complete,0,100,0.2,0.9,biological_error,2151398048,921666314,2151398048,glpR,glpA,False,identifiable,arcA|basR|crp|fis|flhC|flhD|fnr|plaR|rpoD,100,-0.01701479506542133,0.11309692880577443,0.15095166186115544,-0.15044435994050265,-0.11326048264751039,1755,,,,[],0,,False,True,
csd-20260805_174708,paired_hierarchical,1,0,0,9769808dfe284056,glpR->glpB,shared_complete_observation_shared_scores,maximum,prefix,complete,0,100,0.2,0.9,biological_error,2151398048,921666314,2151398048,glpR,glpB,False,identifiable,arcA|basR|crp|fis|flhC|flhD|fnr|rpoD,100,-0.03839757671548929,0.10675322780077802,0.1351492835783129,-0.3596853931868601,-0.3929761399071303,1755,,,,[],0,,False,True,
csd-20260805_174708,paired_hierarchical,1,0,0,9769808dfe284056,glpR->glpC,shared_complete_observation_shared_scores,maximum,prefix,complete,0,100,0.2,0.9,biological_error,2151398048,921666314,2151398048,glpR,glpC,False,identifiable,arcA|basR|crp|fis|flhC|flhD|fnr|rpoD,100,-0.10329165229729305,0.20725605287788654,0.5094084716205883,-0.4983770117351004,-0.10462763854881925,1755,,,,[],0,,False,True,
csd-20260805_174708,paired_hierarchical,1,0,0,9769808dfe284056,glpR->glpD,shared_complete_observation_shared_scores,maximum,prefix,complete,0,100,0.2,0.9,biological_error,2151398048,921666314,2151398048,glpR,glpD,False,identifiable,arcA|crp|rpoD,100,-0.3086294918641121,0.1579267926576656,0.29722281404604883,-1.9542566949556266,-0.20411226291338894,1755,,,,[],0,,False,True,
csd-20260805_174708,paired_hierarchical,1,0,0,9769808dfe284056,glpR->glpF,shared_complete_observation_shared_scores,maximum,prefix,complete,0,100,0.2,0.9,biological_error,2151398048,921666314,2151398048,glpR,glpF,False,identifiable,crp|fur|rpoD|spf,100,-0.011180077584979922,0.10282096948119356,0.12591503204926516,-0.10873343872744569,-0.4476437508540144,1755,,,,[],0,,False,True,
csd-20260805_174708,paired_hierarchical,1,0,0,9769808dfe284056,glpR->glpK,shared_complete_observation_shared_scores,maximum,prefix,complete,0,100,0.2,0.9,biological_error,2151398048,921666314,2151398048,glpR,glpK,False,identifiable,crp|fur|nac|rpoD,100,-0.08083376862541125,0.14483289356225748,0.2447225664767541,-0.5581174734361312,-0.07984734835107575,1755,,,,[],0,,False,True,
csd-20260805_174708,paired_hierarchical,1,0,0,9769808dfe284056,glpR->glpQ,shared_complete_observation_shared_scores,maximum,prefix,complete,0,100,0.2,0.9,biological_error,2151398048,921666314,2151398048,glpR,glpQ,False,identifiable,crp|fis|fnr|ihfA|ihfB|rpoD|rpoN,100,0.016019058364974106,0.08542096337219228,0.08497088926020202,0.1875307621523373,-0.13935656407524352,1755,,,,[],0,,False,True,
csd-20260805_174708,paired_hierarchical,1,0,0,9769808dfe284056,glpR->glpT,shared_complete_observation_shared_scores,maximum,prefix,complete,0,100,0.2,0.9,biological_error,2151398048,921666314,2151398048,glpR,glpT,False,identifiable,crp|fis|fnr|ihfA|ihfB|plaR|rpoD,100,-0.07857624158228346,0.14841242822303358,0.26019962755790016,-0.5294451584890142,-0.12830273268261516,1755,,,,[],0,,False,True,
csd-20260805_174708,paired_hierarchical,1,0,0,9769808dfe284056,glpR->glpX,shared_complete_observation_shared_scores,maximum,prefix,complete,0,100,0.2,0.9,biological_error,2151398048,921666314,2151398048,glpR,glpX,False,identifiable,crp|rpoD,100,-0.08181015270288583,0.07065620520501632,0.05951052357923172,-1.1578622495434785,-0.21033085245257332,1755,,,,[],0,,False,True,
csd-20260805_174708,paired_hierarchical,1,0,0,9769808dfe284056,hfq->cirA,shared_complete_observation_shared_scores,maximum,prefix,complete,0,100,0.2,0.9,biological_error,2151398048,921666314,2151398048,hfq,cirA,False,identifiable,crp|fur|nac|rpoD|rpoH,100,-0.0652698641338214,0.040932929996601204,0.059546113310756196,-1.5945563667013567,-0.5677924113869961,1755,,,,[],0,,False,True,
csd-20260805_174708,paired_hierarchical,1,0,0,9769808dfe284056,hfq->manX,shared_complete_observation_shared_scores,maximum,prefix,complete,0,100,0.2,0.9,biological_error,2151398048,921666314,2151398048,hfq,manX,False,identifiable,cra|crp|dicF|fur|mlc|nac|nagC|rpoD|rpoH,100,-0.005278634622061644,0.06875882651596847,0.15953187501564925,-0.07677028375165391,-0.24334480795080202,1755,,,,[],0,,False,True,
csd-20260805_174708,paired_hierarchical,1,0,0,9769808dfe284056,hfq->mutS,shared_complete_observation_shared_scores,maximum,prefix,complete,0,100,0.2,0.9,biological_error,2151398048,921666314,2151398048,hfq,mutS,False,identifiable,crp|nac|rpoD|rpoH|rpoS,100,0.003295993107259923,0.05270786708401729,0.0987400135296621,0.06253322871149482,-0.08200273677240481,1755,,,,[],0,,False,True,
csd-20260805_174708,paired_hierarchical,1,0,0,9769808dfe284056,hfq->oppA,shared_complete_observation_shared_scores,maximum,prefix,complete,0,100,0.2,0.9,biological_error,2151398048,921666314,2151398048,hfq,oppA,False,identifiable,arcA|crp|fliA|fur|lrp|modE|nac|rpoD|rpoH,100,0.01250987412539281,0.0617066194292922,0.12740337213557307,0.2027314774507702,-0.08630806768659757,1755,,,,[],0,,False,True,
csd-20260805_174708,paired_hierarchical,1,0,0,9769808dfe284056,hicB->hicA,shared_complete_observation_shared_scores,maximum,prefix,complete,0,100,0.2,0.9,biological_error,2151398048,921666314,2151398048,hicB,hicA,False,identifiable,crp|rpoD,100,-0.10432169835134716,0.08384487402351082,0.08634699768241906,-1.2442227335459348,-0.1953892016417049,1755,,,,[],0,,False,True,
csd-20260805_174708,paired_hierarchical,1,0,0,9769808dfe284056,hupA->galE,shared_complete_observation_shared_scores,maximum,prefix,complete,0,100,0.2,0.9,biological_error,2151398048,921666314,2151398048,hupA,galE,False,identifiable,crp|fis|galR|galS|hns|hupB|nac|rpoD|rpoS,100,0.027850879863912763,0.0708742097154222,0.06766901499664205,0.3929621222690321,-0.11106593753551917,1755,,,,[],0,,False,True,
csd-20260805_174708,paired_hierarchical,1,0,0,9769808dfe284056,hupA->galK,shared_complete_observation_shared_scores,maximum,prefix,complete,0,100,0.2,0.9,biological_error,2151398048,921666314,2151398048,hupA,galK,False,identifiable,crp|fis|galR|galS|hns|hupB|nac|rpoD|rpoS|spf,100,0.012794823813648522,0.09239069037844948,0.1075745084413378,0.13848607214902867,-0.16476072392189103,1755,,,,[],0,,False,True,
csd-20260805_174708,paired_hierarchical,1,0,0,9769808dfe284056,hupA->galM,shared_complete_observation_shared_scores,maximum,prefix,complete,0,100,0.2,0.9,biological_error,2151398048,921666314,2151398048,hupA,galM,False,identifiable,crp|fis|galR|galS|hns|hupB|nac|rpoD|rpoS,100,0.06588901455474967,0.05779190768169441,0.04499325959271056,1.1401079700924983,-0.10387690687108335,1755,,,,[],0,,False,True,
csd-20260805_174708,paired_hierarchical,1,0,0,9769808dfe284056,hupA->galT,shared_complete_observation_shared_scores,maximum,prefix,complete,0,100,0.2,0.9,biological_error,2151398048,921666314,2151398048,hupA,galT,False,identifiable,crp|fis|galR|galS|hns|hupB|nac|rpoD|rpoS,100,-0.3396617421342363,0.1275891635202806,0.21930118408914867,-2.6621519630877293,-0.15004206673189915,1755,,,,[],0,,False,True,
csd-20260805_174708,paired_hierarchical,1,0,0,9769808dfe284056,hupA->mtr,shared_complete_observation_shared_scores,maximum,prefix,complete,0,100,0.2,0.9,biological_error,2151398048,921666314,2151398048,hupA,mtr,False,identifiable,crp|fis|hupB|ihfA|ihfB|lrp|nac|rpoD|trpR|tyrR,100,-0.0029672277295814545,0.09418256303801838,0.11417965958183375,-0.031505064566820964,-0.259578475468311,1755,,,,[],0,,False,True,
csd-20260805_174708,paired_hierarchical,1,0,0,9769808dfe284056,hupA->pgm,shared_complete_observation_shared_scores,maximum,prefix,complete,0,100,0.2,0.9,biological_error,2151398048,921666314,2151398048,hupA,pgm,False,identifiable,crp|fis|hupB|nac,100,-0.0816112825103366,0.10080061442822225,0.14959188141760174,-0.8096308040706446,-0.3721111301448457,1755,,,,[],0,,False,True,
csd-20260805_174708,paired_hierarchical,1,0,0,9769808dfe284056,hupA->seqA,shared_complete_observation_shared_scores,maximum,prefix,complete,0,100,0.2,0.9,biological_error,2151398048,921666314,2151398048,hupA,seqA,False,identifiable,crp|fis|hupB|nac,100,0.020851603687214004,0.09391423338790042,0.12985076158448222,0.22202815201705572,-0.12793466553269914,1755,,,,[],0,,False,True,
csd-20260805_174708,paired_hierarchical,1,0,0,9769808dfe284056,hupA->tyrP,shared_complete_observation_shared_scores,maximum,prefix,complete,0,100,0.2,0.9,biological_error,2151398048,921666314,2151398048,hupA,tyrP,False,identifiable,crp|fis|hupB|ihfA|ihfB|lrp|nac|rpoD|tyrR,100,-0.08745559872715816,0.10461175914758417,0.14113964004011806,-0.8360016067006154,-0.14775925803697804,1755,,,,[],0,,False,True,
csd-20260805_174708,paired_hierarchical,1,0,0,9769808dfe284056,hupB->galE,shared_complete_observation_shared_scores,maximum,prefix,complete,0,100,0.2,0.9,biological_error,2151398048,921666314,2151398048,hupB,galE,False,identifiable,crp|fis|galR|galS|hns|hupA|rpoD|rpoS,100,-0.16218909370850074,0.06594858074639326,0.07472982328637025,-2.4593265218580296,-0.11475797340881685,1755,,,,[],0,,False,True,
csd-20260805_174708,paired_hierarchical,1,0,0,9769808dfe284056,hupB->galK,shared_complete_observation_shared_scores,maximum,prefix,complete,0,100,0.2,0.9,biological_error,2151398048,921666314,2151398048,hupB,galK,False,identifiable,crp|fis|galR|galS|hns|hupA|rpoD|rpoS|spf,100,0.010741632049831737,0.0787389376378117,0.1064332580570599,0.13642084046449507,-0.19221179321589008,1755,,,,[],0,,False,True,
csd-20260805_174708,paired_hierarchical,1,0,0,9769808dfe284056,hupB->galM,shared_complete_observation_shared_scores,maximum,prefix,complete,0,100,0.2,0.9,biological_error,2151398048,921666314,2151398048,hupB,galM,False,identifiable,crp|fis|galR|galS|hns|hupA|rpoD|rpoS,100,-0.008697694790881377,0.05089692136211043,0.04451086920018269,-0.17088842621739134,-0.3369734765675549,1755,,,,[],0,,False,True,
csd-20260805_174708,paired_hierarchical,1,0,0,9769808dfe284056,hupB->galT,shared_complete_observation_shared_scores,maximum,prefix,complete,0,100,0.2,0.9,biological_error,2151398048,921666314,2151398048,hupB,galT,False,identifiable,crp|fis|galR|galS|hns|hupA|rpoD|rpoS,100,-0.13198709446294601,0.11326551852268867,0.2204339499759422,-1.165289279424498,-0.06780810879865011,1755,,,,[],0,,False,True,
csd-20260805_174708,paired_hierarchical,1,0,0,9769808dfe284056,hupB->mtr,shared_complete_observation_shared_scores,maximum,prefix,complete,0,100,0.2,0.9,biological_error,2151398048,921666314,2151398048,hupB,mtr,False,identifiable,crp|fis|hupA|ihfA|ihfB|lrp|rpoD|trpR|tyrR,100,0.048336796966182025,0.08213176405456336,0.11603548029606472,0.5885274415154408,-0.04291441756896514,1755,,,,[],0,,False,True,
csd-20260805_174708,paired_hierarchical,1,0,0,9769808dfe284056,hupB->pgm,shared_complete_observation_shared_scores,maximum,prefix,complete,0,100,0.2,0.9,biological_error,2151398048,921666314,2151398048,hupB,pgm,False,identifiable,crp|fis|hupA|rpoD,100,-0.002190069195616694,0.09317145039040665,0.14959593980300034,-0.0235057969629095,-0.08293052113022473,1755,,,,[],0,,False,True,
csd-20260805_174708,paired_hierarchical,1,0,0,9769808dfe284056,hupB->seqA,shared_complete_observation_shared_scores,maximum,prefix,complete,0,100,0.2,0.9,biological_error,2151398048,921666314,2151398048,hupB,seqA,False,identifiable,crp|fis|hupA|rpoD,100,0.012618237777768871,0.08579888231326947,0.12685785242613049,0.14706762416434604,-0.1633403926625565,1755,,,,[],0,,False,True,
csd-20260805_174708,paired_hierarchical,1,0,0,9769808dfe284056,hupB->tyrP,shared_complete_observation_shared_scores,maximum,prefix,complete,0,100,0.2,0.9,biological_error,2151398048,921666314,2151398048,hupB,tyrP,False,identifiable,crp|fis|hupA|ihfA|ihfB|lrp|rpoD|tyrR,100,-0.2932639684303905,0.09008295270249611,0.13959587746394217,-3.255487965618876,-0.24911476987549247,1755,,,,[],0,,False,True,
csd-20260805_174708,paired_hierarchical,1,0,0,9769808dfe284056,hyfR->focB,shared_complete_observation_shared_scores,maximum,prefix,complete,0,100,0.2,0.9,biological_error,2151398048,921666314,2151398048,hyfR,focB,False,identifiable,crp|fhlA|fnr|rpoN,100,0.027369636230668848,0.04672095186394909,0.08310659198456484,0.5858107581020381,0.09229713642481958,1755,,,,[],0,,False,True,
csd-20260805_174708,paired_hierarchical,1,0,0,9769808dfe284056,hyfR->hyfA,shared_complete_observation_shared_scores,maximum,prefix,complete,0,100,0.2,0.9,biological_error,2151398048,921666314,2151398048,hyfR,hyfA,False,identifiable,crp|fhlA|fnr|rpoN,100,0.11073670181086173,0.07431590653841368,0.2102692029678436,1.4900807507962277,0.24037533088712432,1755,,,,[],0,,False,True,
csd-20260805_174708,paired_hierarchical,1,0,0,9769808dfe284056,hyfR->hyfB,shared_complete_observation_shared_scores,maximum,prefix,complete,0,100,0.2,0.9,biological_error,2151398048,921666314,2151398048,hyfR,hyfB,False,identifiable,crp|fhlA|fnr|rpoN,100,0.06040786980507476,0.04079073121460552,0.06334831824632506,1.4809214742256234,0.16564361794724186,1755,,,,[],0,,False,True,
csd-20260805_174708,paired_hierarchical,1,0,0,9769808dfe284056,hyfR->hyfC,shared_complete_observation_shared_scores,maximum,prefix,complete,0,100,0.2,0.9,biological_error,2151398048,921666314,2151398048,hyfR,hyfC,False,identifiable,crp|fhlA|fnr|rpoN,100,0.015654309683246437,0.06602252078311885,0.16595728169228816,0.2371056042326856,0.11350780997219276,1755,,,,[],0,,False,True,
csd-20260805_174708,paired_hierarchical,1,0,0,9769808dfe284056,hyfR->hyfD,shared_complete_observation_shared_scores,maximum,prefix,complete,0,100,0.2,0.9,biological_error,2151398048,921666314,2151398048,hyfR,hyfD,False,identifiable,crp|fhlA|fnr|rpoN,100,-0.010289480825039402,0.06173580869748741,0.14510634121027702,-0.1666695722001318,0.14405342496125145,1755,,,,[],0,,False,True,
csd-20260805_174708,paired_hierarchical,1,0,0,9769808dfe284056,hyfR->hyfE,shared_complete_observation_shared_scores,maximum,prefix,complete,0,100,0.2,0.9,biological_error,2151398048,921666314,2151398048,hyfR,hyfE,False,identifiable,crp|fhlA|fnr|rpoN,100,0.046442074840840064,0.05802855235548539,0.1282022305383458,0.8003314395357294,0.13918603399340637,1755,,,,[],0,,False,True,
csd-20260805_174708,paired_hierarchical,1,0,0,9769808dfe284056,hyfR->hyfF,shared_complete_observation_shared_scores,maximum,prefix,complete,0,100,0.2,0.9,biological_error,2151398048,921666314,2151398048,hyfR,hyfF,False,identifiable,crp|fhlA|fnr|rpoN,100,0.028780541083384546,0.035491788459371,0.04795875246633454,0.8109070388586048,0.1957876032112291,1755,,,,[],0,,False,True,
csd-20260805_174708,paired_hierarchical,1,0,0,9769808dfe284056,hyfR->hyfG,shared_complete_observation_shared_scores,maximum,prefix,complete,0,100,0.2,0.9,biological_error,2151398048,921666314,2151398048,hyfR,hyfG,False,identifiable,crp|fhlA|fnr|rpoN,100,-0.0021641084855788814,0.09952403037221373,0.3771099739444969,-0.021744582464006425,0.31029516911815896,1755,,,,[],0,,False,True,
csd-20260805_174708,paired_hierarchical,1,0,0,9769808dfe284056,hyfR->hyfH,shared_complete_observation_shared_scores,maximum,prefix,complete,0,100,0.2,0.9,biological_error,2151398048,921666314,2151398048,hyfR,hyfH,False,identifiable,crp|fhlA|fnr|rpoN,100,-0.023683910924373632,0.08108256093793628,0.250303557988273,-0.29209623685298014,0.2357973841541481,1755,,,,[],0,,False,True,
csd-20260805_174708,paired_hierarchical,1,0,0,9769808dfe284056,hyfR->hyfI,shared_complete_observation_shared_scores,maximum,prefix,complete,0,100,0.2,0.9,biological_error,2151398048,921666314,2151398048,hyfR,hyfI,False,identifiable,crp|fhlA|fnr|rpoN,100,0.0251348015082311,0.05334202030627309,0.1083305703101126,0.47120077874656763,0.0797346232581698,1755,,,,[],0,,False,True,
csd-20260805_174708,paired_hierarchical,1,0,0,9769808dfe284056,hyfR->hyfJ,shared_complete_observation_shared_scores,maximum,prefix,complete,0,100,0.2,0.9,biological_error,2151398048,921666314,2151398048,hyfR,hyfJ,False,identifiable,crp|fhlA|fnr|rpoN,100,0.006993690678492636,0.0955402562341499,0.3475240878815387,0.07320150640325383,0.2649015218392771,1755,,,,[],0,,False,True,
csd-20260805_174708,paired_hierarchical,1,0,0,9769808dfe284056,idnR->gntK,shared_complete_observation_shared_scores,maximum,prefix,complete,0,100,0.2,0.9,biological_error,2151398048,921666314,2151398048,idnR,gntK,False,identifiable,crp|gntR|rpoD,100,0.03442106610988285,0.09739693919153793,0.11047300307161999,0.3534101419983169,-0.1093381069511622,1755,,,,[],0,,False,True,
csd-20260805_174708,paired_hierarchical,1,0,0,9769808dfe284056,idnR->gntU,shared_complete_observation_shared_scores,maximum,prefix,complete,0,100,0.2,0.9,biological_error,2151398048,921666314,2151398048,idnR,gntU,False,identifiable,crp|gntR|rpoD,100,-0.06643387406646102,0.09317930485436539,0.10111241292885828,-0.712968122806817,-0.21521404205988337,1755,,,,[],0,,False,True,
csd-20260805_174708,paired_hierarchical,1,0,0,9769808dfe284056,idnR->idnD,shared_complete_observation_shared_scores,maximum,prefix,complete,0,100,0.2,0.9,biological_error,2151398048,921666314,2151398048,idnR,idnD,False,identifiable,crp|glaR|gntR|rpoD,100,0.13507770504754882,0.06359617703746767,0.047023272406707284,2.1239909588899946,0.1480450195816993,1755,,,,[],0,,False,True,
csd-20260805_174708,paired_hierarchical,1,0,0,9769808dfe284056,idnR->idnK,shared_complete_observation_shared_scores,maximum,prefix,complete,0,100,0.2,0.9,biological_error,2151398048,921666314,2151398048,idnR,idnK,False,identifiable,crp|glaR|gntR|rpoD,100,-0.006481660820460017,0.04189317158323608,0.020405033429682494,-0.15471879009164613,0.16690151234158204,1755,,,,[],0,,False,True,
csd-20260805_174708,paired_hierarchical,1,0,0,9769808dfe284056,idnR->idnO,shared_complete_observation_shared_scores,maximum,prefix,complete,0,100,0.2,0.9,biological_error,2151398048,921666314,2151398048,idnR,idnO,False,identifiable,crp|gntR|rpoD,100,0.013464270081578088,0.09137615303748683,0.09723693980774292,0.14734993358775353,0.15583911188953412,1755,,,,[],0,,False,True,
csd-20260805_174708,paired_hierarchical,1,0,0,9769808dfe284056,idnR->idnT,shared_complete_observation_shared_scores,maximum,prefix,complete,0,100,0.2,0.9,biological_error,2151398048,921666314,2151398048,idnR,idnT,False,identifiable,crp|gntR|rpoD,100,-0.0667094920548275,0.08204155908268945,0.0783850702623231,-0.8131182878617799,0.2032314538091905,1755,,,,[],0,,False,True,
csd-20260805_174708,paired_hierarchical,1,0,0,9769808dfe284056,lacI->lacA,shared_complete_observation_shared_scores,maximum,prefix,complete,0,100,0.2,0.9,biological_error,2151398048,921666314,2151398048,lacI,lacA,False,identifiable,crp|hns|marA|rpoD,100,-0.07138401891302071,0.12383504866220926,0.22499163363693836,-0.576444388597434,-0.16822672444194775,1755,,,,[],0,,False,True,
csd-20260805_174708,paired_hierarchical,1,0,0,9769808dfe284056,lacI->lacY,shared_complete_observation_shared_scores,maximum,prefix,complete,0,100,0.2,0.9,biological_error,2151398048,921666314,2151398048,lacI,lacY,False,identifiable,crp|hns|marA|rpoD,100,-0.01855647169347068,0.09849698899022444,0.14233939638784068,-0.18839633458554111,-0.09081938845423952,1755,,,,[],0,,False,True,
csd-20260805_174708,paired_hierarchical,1,0,0,9769808dfe284056,lacI->lacZ,shared_complete_observation_shared_scores,maximum,prefix,complete,0,100,0.2,0.9,biological_error,2151398048,921666314,2151398048,lacI,lacZ,False,identifiable,crp|hns|marA|rpoD,100,-0.08834486202084751,0.12005080521465883,0.21145081600499796,-0.7358956223815494,-0.25003498261017415,1755,,,,[],0,,False,True,
csd-20260805_174708,paired_hierarchical,1,0,0,9769808dfe284056,lsrR->lsrA,shared_complete_observation_shared_scores,maximum,prefix,complete,0,100,0.2,0.9,biological_error,2151398048,921666314,2151398048,lsrR,lsrA,False,identifiable,crp|rpoD|rpoS,100,-0.3563262299236829,0.11538922118538975,0.09620314166996365,-3.0880373943350605,-0.32424927795907355,1755,,,,[],0,,False,True,
csd-20260805_174708,paired_hierarchical,1,0,0,9769808dfe284056,lsrR->lsrB,shared_complete_observation_shared_scores,maximum,prefix,complete,0,100,0.2,0.9,biological_error,2151398048,921666314,2151398048,lsrR,lsrB,False,identifiable,crp|rpoD|rpoS,100,0.011769109248698202,0.10330352668339829,0.07710615854805966,0.1139274681760656,-0.21741563712981432,1755,,,,[],0,,False,True,
csd-20260805_174708,paired_hierarchical,1,0,0,9769808dfe284056,lsrR->lsrC,shared_complete_observation_shared_scores,maximum,prefix,complete,0,100,0.2,0.9,biological_error,2151398048,921666314,2151398048,lsrR,lsrC,False,identifiable,crp|rpoD|rpoS,100,-0.009291468096193963,0.0921337681649787,0.061333314930611865,-0.10084758586619684,-0.13476691163919335,1755,,,,[],0,,False,True,
csd-20260805_174708,paired_hierarchical,1,0,0,9769808dfe284056,lsrR->lsrD,shared_complete_observation_shared_scores,maximum,prefix,complete,0,100,0.2,0.9,biological_error,2151398048,921666314,2151398048,lsrR,lsrD,False,identifiable,crp|rpoD|rpoS,100,0.013814092483740596,0.1341145478456056,0.1299602536039609,0.10300219257081313,-0.04082051985471599,1755,,,,[],0,,False,True,
csd-20260805_174708,paired_hierarchical,1,0,0,9769808dfe284056,lsrR->lsrF,shared_complete_observation_shared_scores,maximum,prefix,complete,0,100,0.2,0.9,biological_error,2151398048,921666314,2151398048,lsrR,lsrF,False,identifiable,crp|rpoD|rpoS,100,0.0172782771857326,0.06480539021716755,0.030344573004039296,0.2666179021194355,-0.3707948147558377,1755,,,,[],0,,False,True,
csd-20260805_174708,paired_hierarchical,1,0,0,9769808dfe284056,lsrR->lsrG,shared_complete_observation_shared_scores,maximum,prefix,complete,0,100,0.2,0.9,biological_error,2151398048,921666314,2151398048,lsrR,lsrG,False,identifiable,crp|glaR|rpoD|rpoS,100,0.08840603175825842,0.09874420333681021,0.07037450324057713,0.8953035091762406,-0.09861180607111866,1755,,,,[],0,,False,True,
csd-20260805_174708,paired_hierarchical,1,0,0,9769808dfe284056,lsrR->lsrK,shared_complete_observation_shared_scores,maximum,prefix,complete,0,100,0.2,0.9,biological_error,2151398048,921666314,2151398048,lsrR,lsrK,False,identifiable,crp|rpoD,100,-0.12124679068652547,0.13949972237440553,0.14065267851266638,-0.8691543511542573,-0.12130751422789171,1755,,,,[],0,,False,True,
csd-20260805_174708,paired_hierarchical,1,0,0,9769808dfe284056,lsrR->tam,shared_complete_observation_shared_scores,maximum,prefix,complete,0,100,0.2,0.9,biological_error,2151398048,921666314,2151398048,lsrR,tam,False,identifiable,crp|glaR|rpoD|rpoS,100,-0.062498890989134886,0.1763142787948574,0.22437119020641497,-0.3544743591745776,-0.14038793468980007,1755,,,,[],0,,False,True,
csd-20260805_174708,paired_hierarchical,1,0,0,9769808dfe284056,malI->malX,shared_complete_observation_shared_scores,maximum,prefix,complete,0,100,0.2,0.9,biological_error,2151398048,921666314,2151398048,malI,malX,False,identifiable,crp|nac|rpoD,100,0.3357983344944381,0.1490745454911722,0.05254604326128715,2.252553132984888,-0.2842760195691131,1755,,,,[],0,,False,True,
csd-20260805_174708,paired_hierarchical,1,0,0,9769808dfe284056,malI->malY,shared_complete_observation_shared_scores,maximum,prefix,complete,0,100,0.2,0.9,biological_error,2151398048,921666314,2151398048,malI,malY,False,identifiable,crp|nac|rpoD,100,0.06241821431036278,0.12200966346296083,0.035198283882427975,0.511584185537168,-0.1661697116301865,1755,,,,[],0,,False,True,
csd-20260805_174708,paired_hierarchical,1,0,0,9769808dfe284056,malT->lamB,shared_complete_observation_shared_scores,maximum,prefix,complete,0,100,0.2,0.9,biological_error,2151398048,921666314,2151398048,malT,lamB,False,identifiable,crp|lrp|mlc|rpoD,100,-0.011556525541035766,0.10571244200535508,0.043058753013748535,-0.10932039144881685,0.07259052260361801,1755,,,,[],0,,False,True,
csd-20260805_174708,paired_hierarchical,1,0,0,9769808dfe284056,malT->malE,shared_complete_observation_shared_scores,maximum,prefix,complete,0,100,0.2,0.9,biological_error,2151398048,921666314,2151398048,malT,malE,False,identifiable,creB|crp|fis|hns|lrp|mlc|ompR|rpoD|stpA|yidZ,100,0.2323698950381767,0.1317306026496579,0.06544320966460199,1.7639780761967092,0.2689144557609168,1755,,,,[],0,,False,True,
csd-20260805_174708,paired_hierarchical,1,0,0,9769808dfe284056,malT->malF,shared_complete_observation_shared_scores,maximum,prefix,complete,0,100,0.2,0.9,biological_error,2151398048,921666314,2151398048,malT,malF,False,identifiable,creB|crp|fis|hns|lrp|mlc|rpoD|stpA,100,0.09235186152286032,0.1498013451872147,0.0857839479173867,0.6164955421958548,0.11365180284775957,1755,,,,[],0,,False,True,
csd-20260805_174708,paired_hierarchical,1,0,0,9769808dfe284056,malT->malG,shared_complete_observation_shared_scores,maximum,prefix,complete,0,100,0.2,0.9,biological_error,2151398048,921666314,2151398048,malT,malG,False,identifiable,creB|crp|fis|hns|lrp|mlc|rpoD|stpA,100,-0.004315865361345482,0.16233562370950158,0.1007400751942527,-0.026586064492342677,0.18867957718184833,1755,,,,[],0,,False,True,
csd-20260805_174708,paired_hierarchical,1,0,0,9769808dfe284056,malT->malK,shared_complete_observation_shared_scores,maximum,prefix,complete,0,100,0.2,0.9,biological_error,2151398048,921666314,2151398048,malT,malK,False,identifiable,crp|lrp|mlc|rpoD,100,0.0014783030749078874,0.13468928497696606,0.0698997033367962,0.010975654634744703,0.2843479360141371,1755,,,,[],0,,False,True,
csd-20260805_174708,paired_hierarchical,1,0,0,9769808dfe284056,malT->malM,shared_complete_observation_shared_scores,maximum,prefix,complete,0,100,0.2,0.9,biological_error,2151398048,921666314,2151398048,malT,malM,False,identifiable,crp|lrp|mlc|rpoD,100,-0.023868432363888678,0.1862163248717694,0.1336117770717929,-0.12817583195417878,0.15980123035256782,1755,,,,[],0,,False,True,
csd-20260805_174708,paired_hierarchical,1,0,0,9769808dfe284056,malT->malP,shared_complete_observation_shared_scores,maximum,prefix,complete,0,100,0.2,0.9,biological_error,2151398048,921666314,2151398048,malT,malP,False,identifiable,crp|fnr|lrp|mlc|rpoD,100,-0.24031536804531975,0.22443459430213342,0.1935317890575653,-1.0707590280035335,0.2672878884908013,1755,,,,[],0,,False,True,
csd-20260805_174708,paired_hierarchical,1,0,0,9769808dfe284056,malT->malQ,shared_complete_observation_shared_scores,maximum,prefix,complete,0,100,0.2,0.9,biological_error,2151398048,921666314,2151398048,malT,malQ,False,identifiable,crp|fnr|lrp|mlc|rpoD|rpoE,100,-0.028200563732137574,0.21955158805868089,0.18493808554253513,-0.12844618424987314,0.36715494450233666,1755,,,,[],0,,False,True,
csd-20260805_174708,paired_hierarchical,1,0,0,9769808dfe284056,malT->malS,shared_complete_observation_shared_scores,maximum,prefix,complete,0,100,0.2,0.9,biological_error,2151398048,921666314,2151398048,malT,malS,False,identifiable,crp|lrp|mlc|phoP|rpoD,100,-0.19633784287523587,0.14015422847811188,0.0756787497339265,-1.4008699202814154,0.07496254941325169,1755,,,,[],0,,False,True,
csd-20260805_174708,paired_hierarchical,1,0,0,9769808dfe284056,malT->malZ,shared_complete_observation_shared_scores,maximum,prefix,complete,0,100,0.2,0.9,biological_error,2151398048,921666314,2151398048,malT,malZ,False,identifiable,crp|lrp|mlc|rpoD,100,-0.004594594310666092,0.08403138565586799,0.02720772866071107,-0.05467712182543604,0.17220258071688022,1755,,,,[],0,,False,True,
csd-20260805_174708,paired_hierarchical,1,0,0,9769808dfe284056,melR->melA,shared_complete_observation_shared_scores,maximum,prefix,complete,0,100,0.2,0.9,biological_error,2151398048,921666314,2151398048,melR,melA,False,identifiable,crp|rpoD,100,-0.0011330397112745412,0.06444030721305934,0.06646684998651876,-0.017582779478818526,-0.09888751842019154,1755,,,,[],0,,False,True,
csd-20260805_174708,paired_hierarchical,1,0,0,9769808dfe284056,melR->melB,shared_complete_observation_shared_scores,maximum,prefix,complete,0,100,0.2,0.9,biological_error,2151398048,921666314,2151398048,melR,melB,False,identifiable,crp|rpoD,100,-0.004987902719684963,0.04823579094124394,0.037241631720090033,-0.1034066742216528,-0.11693820307549284,1755,,,,[],0,,False,True,
csd-20260805_174708,paired_hierarchical,1,0,0,9769808dfe284056,mhpR->mhpA,shared_complete_observation_shared_scores,maximum,prefix,complete,0,100,0.2,0.9,biological_error,2151398048,921666314,2151398048,mhpR,mhpA,False,identifiable,crp|rpoD,100,0.007968196886269206,0.20787637605156178,0.14269674037336605,0.03833142099943463,0.22160513226145143,1755,,,,[],0,,False,True,
csd-20260805_174708,paired_hierarchical,1,0,0,9769808dfe284056,mhpR->mhpB,shared_complete_observation_shared_scores,maximum,prefix,complete,0,100,0.2,0.9,biological_error,2151398048,921666314,2151398048,mhpR,mhpB,False,identifiable,crp|rpoD,100,0.08597063803227598,0.22893771335645968,0.17307664178028492,0.3755197724824757,0.11521186849189508,1755,,,,[],0,,False,True,
csd-20260805_174708,paired_hierarchical,1,0,0,9769808dfe284056,mhpR->mhpC,shared_complete_observation_shared_scores,maximum,prefix,complete,0,100,0.2,0.9,biological_error,2151398048,921666314,2151398048,mhpR,mhpC,False,identifiable,crp|rpoD,100,-0.02732959602658763,0.22808293827222598,0.171786636588622,-0.11982306188097541,0.409337376652218,1755,,,,[],0,,False,True,
csd-20260805_174708,paired_hierarchical,1,0,0,9769808dfe284056,mhpR->mhpD,shared_complete_observation_shared_scores,maximum,prefix,complete,0,100,0.2,0.9,biological_error,2151398048,921666314,2151398048,mhpR,mhpD,False,identifiable,crp|rpoD,100,-0.005763437868904913,0.2626085677552409,0.22773068928463305,-0.021946876745760294,0.13754711578471446,1755,,,,[],0,,False,True,
csd-20260805_174708,paired_hierarchical,1,0,0,9769808dfe284056,mhpR->mhpE,shared_complete_observation_shared_scores,maximum,prefix,complete,0,100,0.2,0.9,biological_error,2151398048,921666314,2151398048,mhpR,mhpE,False,identifiable,crp|rpoD,100,-0.018247181233353043,0.08687698229602157,0.02492374118215851,-0.21003470368225083,0.21672360945031668,1755,,,,[],0,,False,True,
csd-20260805_174708,paired_hierarchical,1,0,0,9769808dfe284056,mhpR->mhpF,shared_complete_observation_shared_scores,maximum,prefix,complete,0,100,0.2,0.9,biological_error,2151398048,921666314,2151398048,mhpR,mhpF,False,identifiable,crp|rpoD,100,0.007706035965914493,0.2583598468890637,0.22042142993909655,0.029826755429311593,0.06819385539741034,1755,,,,[],0,,False,True,
csd-20260805_174708,paired_hierarchical,1,0,0,9769808dfe284056,mlc->bidA,shared_complete_observation_shared_scores,maximum,prefix,complete,0,100,0.2,0.9,biological_error,2151398048,921666314,2151398048,mlc,bidA,False,identifiable,crp|fnr|nac|rpoD|rpoH,100,0.0013764575099313092,0.11923444924102185,0.08996078403789816,0.011544126036502442,-0.15089893676016428,1755,,,,[],0,,False,True,
csd-20260805_174708,paired_hierarchical,1,0,0,9769808dfe284056,mlc->crr,shared_complete_observation_shared_scores,maximum,prefix,complete,0,100,0.2,0.9,biological_error,2151398048,921666314,2151398048,mlc,crr,False,identifiable,cra|crp|nagC|rpoD|rpoH|rpoS,100,0.10612569549331902,0.19232239921986208,0.22955548619141483,0.5518114162666856,-0.09332325785279573,1755,,,,[],0,,False,True,
csd-20260805_174708,paired_hierarchical,1,0,0,9769808dfe284056,mlc->malT,shared_complete_observation_shared_scores,maximum,prefix,complete,0,100,0.2,0.9,biological_error,2151398048,921666314,2151398048,mlc,malT,False,identifiable,crp|lrp|rpoD|rpoH,100,-0.020922039360476385,0.08221436717916392,0.04086382573931161,-0.25448154718362637,-0.20019820752719913,1755,,,,[],0,,False,True,
csd-20260805_174708,paired_hierarchical,1,0,0,9769808dfe284056,mlc->manX,shared_complete_observation_shared_scores,maximum,prefix,complete,0,100,0.2,0.9,biological_error,2151398048,921666314,2151398048,mlc,manX,False,identifiable,cra|crp|dicF|fur|hfq|nagC|rpoD|rpoH,100,0.023921065051025817,0.1610011847167578,0.15785927236049535,0.14857695049330896,-0.09848148993093592,1755,,,,[],0,,False,True,
csd-20260805_174708,paired_hierarchical,1,0,0,9769808dfe284056,mlc->manY,shared_complete_observation_shared_scores,maximum,prefix,complete,0,100,0.2,0.9,biological_error,2151398048,921666314,2151398048,mlc,manY,False,identifiable,cra|crp|fur|nagC|rpoD|rpoH|rpsA,100,0.15029845926702384,0.11049959641019598,0.075133377378849,1.360172020077673,-0.16369932012138283,1755,,,,[],0,,False,True,
csd-20260805_174708,paired_hierarchical,1,0,0,9769808dfe284056,mlc->manZ,shared_complete_observation_shared_scores,maximum,prefix,complete,0,100,0.2,0.9,biological_error,2151398048,921666314,2151398048,mlc,manZ,False,identifiable,cra|crp|fur|nagC|rpoD|rpoH,100,0.14443607818701462,0.22228297322798538,0.30439317573828645,0.649784714004492,-0.09215113896812627,1755,,,,[],0,,False,True,
csd-20260805_174708,paired_hierarchical,1,0,0,9769808dfe284056,mlc->ptsG,shared_complete_observation_shared_scores,maximum,prefix,complete,0,100,0.2,0.9,biological_error,2151398048,921666314,2151398048,mlc,ptsG,False,identifiable,arcA|crp|fis|rpoD|rpoH|soxS,100,-0.04175758133425014,0.1669069439139158,0.17645354742658664,-0.25018480570698787,-0.2810568419623445,1755,,,,[],0,,False,True,
csd-20260805_174708,paired_hierarchical,1,0,0,9769808dfe284056,mlc->ptsH,shared_complete_observation_shared_scores,maximum,prefix,complete,0,100,0.2,0.9,biological_error,2151398048,921666314,2151398048,mlc,ptsH,False,identifiable,cra|crp|flhC|flhD|nagC|rpoD|rpoH,100,0.03983683486470076,0.20548619061165185,0.2583298348523279,0.1938662386320079,-0.15549038903081547,1755,,,,[],0,,False,True,
csd-20260805_174708,paired_hierarchical,1,0,0,9769808dfe284056,mlc->ptsI,shared_complete_observation_shared_scores,maximum,prefix,complete,0,100,0.2,0.9,biological_error,2151398048,921666314,2151398048,mlc,ptsI,False,identifiable,cra|crp|nagC|rpoD|rpoH,100,0.07914638132766919,0.15843761728886735,0.1557971040278691,0.4995428654002513,-0.16254844271804558,1755,,,,[],0,,False,True,
csd-20260805_174708,paired_hierarchical,1,0,0,9769808dfe284056,nagC->chbA,shared_complete_observation_shared_scores,maximum,prefix,complete,0,100,0.2,0.9,biological_error,2151398048,921666314,2151398048,nagC,chbA,False,identifiable,crp|rpoD,100,-0.023357959156179796,0.10042510876411093,0.10013770990339059,-0.23259082756928282,-0.09544843872534628,1755,,,,[],0,,False,True,
csd-20260805_174708,paired_hierarchical,1,0,0,9769808dfe284056,nagC->chbB,shared_complete_observation_shared_scores,maximum,prefix,complete,0,100,0.2,0.9,biological_error,2151398048,921666314,2151398048,nagC,chbB,False,identifiable,crp|rpoD,100,-0.005121705348116089,0.07880842215149016,0.06166777773794927,-0.06498931469876211,-0.15167764207077458,1755,,,,[],0,,False,True,
csd-20260805_174708,paired_hierarchical,1,0,0,9769808dfe284056,nagC->chbC,shared_complete_observation_shared_scores,maximum,prefix,complete,0,100,0.2,0.9,biological_error,2151398048,921666314,2151398048,nagC,chbC,False,identifiable,crp|rpoD,100,-0.055218721039611965,0.14070427874429395,0.19657470934001042,-0.3924452158271788,-0.21991859753378318,1755,,,,[],0,,False,True,
csd-20260805_174708,paired_hierarchical,1,0,0,9769808dfe284056,nagC->chbF,shared_complete_observation_shared_scores,maximum,prefix,complete,0,100,0.2,0.9,biological_error,2151398048,921666314,2151398048,nagC,chbF,False,identifiable,crp|rpoD,100,-0.004152536354253944,0.14122475690243624,0.1980316952385157,-0.029403742271071377,-0.290467697676961,1755,,,,[],0,,False,True,
csd-20260805_174708,paired_hierarchical,1,0,0,9769808dfe284056,nagC->chbG,shared_complete_observation_shared_scores,maximum,prefix,complete,0,100,0.2,0.9,biological_error,2151398048,921666314,2151398048,nagC,chbG,False,identifiable,crp|lrp|rpoD,100,-0.1094890420366268,0.07863162472975332,0.06026733284215199,-1.3924301120945473,-0.4035678883200904,1755,,,,[],0,,False,True,
csd-20260805_174708,paired_hierarchical,1,0,0,9769808dfe284056,nagC->chbR,shared_complete_observation_shared_scores,maximum,prefix,complete,0,100,0.2,0.9,biological_error,2151398048,921666314,2151398048,nagC,chbR,False,identifiable,crp|rpoD,100,0.026632876374709916,0.05459789142286504,0.02959816416273608,0.4878004567692213,-0.30149223750674914,1755,,,,[],0,,False,True,
csd-20260805_174708,paired_hierarchical,1,0,0,9769808dfe284056,nagC->chiP,shared_complete_observation_shared_scores,maximum,prefix,complete,0,100,0.2,0.9,biological_error,2151398048,921666314,2151398048,nagC,chiP,False,identifiable,crp|rpoD,100,0.015969483619076654,0.12565600048760084,0.15677597068138827,0.12708890587881197,-0.275412827132133,1755,,,,[],0,,False,True,
csd-20260805_174708,paired_hierarchical,1,0,0,9769808dfe284056,nagC->chiQ,shared_complete_observation_shared_scores,maximum,prefix,complete,0,100,0.2,0.9,biological_error,2151398048,921666314,2151398048,nagC,chiQ,False,identifiable,crp|rpoD,100,0.07020178027323327,0.08661577740882673,0.07449155650142912,0.8104964519556369,-0.3663205439801609,1755,,,,[],0,,False,True,
csd-20260805_174708,paired_hierarchical,1,0,0,9769808dfe284056,nagC->creA,shared_complete_observation_shared_scores,maximum,prefix,complete,0,100,0.2,0.9,biological_error,2151398048,921666314,2151398048,nagC,creA,False,identifiable,crp|lrp|rpoD|rpoH,100,0.0031901363029500206,0.08644538765030721,0.07260342653700298,0.036903487735573635,-0.09040901164128749,1755,,,,[],0,,False,True,
csd-20260805_174708,paired_hierarchical,1,0,0,9769808dfe284056,nagC->creB,shared_complete_observation_shared_scores,maximum,prefix,complete,0,100,0.2,0.9,biological_error,2151398048,921666314,2151398048,nagC,creB,False,identifiable,crp|rpoD|rpoH,100,0.0788138758049722,0.1373582790031199,0.1860756809285107,0.5737832213461416,-0.3970082496120267,1755,,,,[],0,,False,True,
csd-20260805_174708,paired_hierarchical,1,0,0,9769808dfe284056,nagC->creC,shared_complete_observation_shared_scores,maximum,prefix,complete,0,100,0.2,0.9,biological_error,2151398048,921666314,2151398048,nagC,creC,False,identifiable,crp|rpoD|rpoH,100,0.10427731878370426,0.10993118690675961,0.11918504624219614,0.948569025022437,-0.14461643886224113,1755,,,,[],0,,False,True,
csd-20260805_174708,paired_hierarchical,1,0,0,9769808dfe284056,nagC->creD,shared_complete_observation_shared_scores,maximum,prefix,complete,0,100,0.2,0.9,biological_error,2151398048,921666314,2151398048,nagC,creD,False,identifiable,crp|rpoD|rpoH,100,0.07086872410255995,0.0890596580009876,0.07822435330626606,0.7957443998019179,-0.07328453092208173,1755,,,,[],0,,False,True,
csd-20260805_174708,paired_hierarchical,1,0,0,9769808dfe284056,nagC->crr,shared_complete_observation_shared_scores,maximum,prefix,complete,0,100,0.2,0.9,biological_error,2151398048,921666314,2151398048,nagC,crr,False,identifiable,cra|crp|mlc|rpoD|rpoH|rpoS,100,0.016109075288163098,0.15484106873704948,0.22955548619141483,0.10403619284958224,-0.11744428463238958,1755,,,,[],0,,False,True,
csd-20260805_174708,paired_hierarchical,1,0,0,9769808dfe284056,nagC->dinI,shared_complete_observation_shared_scores,maximum,prefix,complete,0,100,0.2,0.9,biological_error,2151398048,921666314,2151398048,nagC,dinI,False,identifiable,crp|lexA|rpoD,100,0.10727209490262696,0.08684612502030288,0.07387814243004559,1.2351972512020415,-0.2864301369258286,1755,,,,[],0,,False,True,
csd-20260805_174708,paired_hierarchical,1,0,0,9769808dfe284056,nagC->eutD,shared_complete_observation_shared_scores,maximum,prefix,complete,0,100,0.2,0.9,biological_error,2151398048,921666314,2151398048,nagC,eutD,False,identifiable,crp|rpoD,100,0.05586824008935064,0.08467918975114865,0.07119777492267707,0.6597635175009785,-0.16116985849461832,1755,,,,[],0,,False,True,
csd-20260805_174708,paired_hierarchical,1,0,0,9769808dfe284056,nagC->eutM,shared_complete_observation_shared_scores,maximum,prefix,complete,0,100,0.2,0.9,biological_error,2151398048,921666314,2151398048,nagC,eutM,False,identifiable,crp|rpoD,100,0.0018889464815865162,0.08817090090371034,0.07719045309605314,0.02142369491777561,-0.45471526775634563,1755,,,,[],0,,False,True,
csd-20260805_174708,paired_hierarchical,1,0,0,9769808dfe284056,nagC->eutP,shared_complete_observation_shared_scores,maximum,prefix,complete,0,100,0.2,0.9,biological_error,2151398048,921666314,2151398048,nagC,eutP,False,identifiable,crp|rpoD,100,0.019866237960059985,0.1247994947190144,0.15464599869895426,0.15918524353635202,-0.47534452417203793,1755,,,,[],0,,False,True,
csd-20260805_174708,paired_hierarchical,1,0,0,9769808dfe284056,nagC->eutQ,shared_complete_observation_shared_scores,maximum,prefix,complete,0,100,0.2,0.9,biological_error,2151398048,921666314,2151398048,nagC,eutQ,False,identifiable,crp|rpoD,100,0.014233379284589868,0.14919474430946192,0.2210141515891009,0.09540134507061981,-0.4722103696379889,1755,,,,[],0,,False,True,
csd-20260805_174708,paired_hierarchical,1,0,0,9769808dfe284056,nagC->eutS,shared_complete_observation_shared_scores,maximum,prefix,complete,0,100,0.2,0.9,biological_error,2151398048,921666314,2151398048,nagC,eutS,False,identifiable,argR|crp|nac|rpoD,100,0.22852327557829796,0.09642721330339393,0.09220109570245806,2.369904384349295,0.15772953926577626,1755,,,,[],0,,False,True,
csd-20260805_174708,paired_hierarchical,1,0,0,9769808dfe284056,nagC->eutT,shared_complete_observation_shared_scores,maximum,prefix,complete,0,100,0.2,0.9,biological_error,2151398048,921666314,2151398048,nagC,eutT,False,identifiable,crp|rpoD,100,0.03199039688766321,0.126224377256295,0.15819746028647308,0.25344071868706963,-0.14840645108814748,1755,,,,[],0,,False,True,
csd-20260805_174708,paired_hierarchical,1,0,0,9769808dfe284056,nagC->feoA,shared_complete_observation_shared_scores,maximum,prefix,complete,0,100,0.2,0.9,biological_error,2151398048,921666314,2151398048,nagC,feoA,False,identifiable,arcA|crp|fnr|fur|ompR|rpoD,100,0.032519627897571166,0.1531875659172031,0.23283970528742545,0.21228634127620918,-0.24596722572733676,1755,,,,[],0,,False,True,
csd-20260805_174708,paired_hierarchical,1,0,0,9769808dfe284056,nagC->feoB,shared_complete_observation_shared_scores,maximum,prefix,complete,0,100,0.2,0.9,biological_error,2151398048,921666314,2151398048,nagC,feoB,False,identifiable,crp|fnr|fur|ompR|rpoD,100,-0.09344714286133683,0.18104941458513335,0.32526365586767264,-0.5161416460553976,0.2055267937274165,1755,,,,[],0,,False,True,
csd-20260805_174708,paired_hierarchical,1,0,0,9769808dfe284056,nagC->feoC,shared_complete_observation_shared_scores,maximum,prefix,complete,0,100,0.2,0.9,biological_error,2151398048,921666314,2151398048,nagC,feoC,False,identifiable,crp|fnr|fur|ompR|rpoD,100,-0.10265564088690393,0.08814654315450539,0.07709955292473204,-1.1646020049472234,0.3404642472545861,1755,,,,[],0,,False,True,
csd-20260805_174708,paired_hierarchical,1,0,0,9769808dfe284056,nagC->fimB,shared_complete_observation_shared_scores,maximum,prefix,complete,0,100,0.2,0.9,biological_error,2151398048,921666314,2151398048,nagC,fimB,False,identifiable,basR|cpxR|crp|dksA|hns|ihfA|ihfB|nanR|rpoD,100,0.1344480073195157,0.14937469050826271,0.19121790873940414,0.900072206757668,0.19057892952662142,1755,,,,[],0,,False,True,
csd-20260805_174708,paired_hierarchical,1,0,0,9769808dfe284056,nagC->galP,shared_complete_observation_shared_scores,maximum,prefix,complete,0,100,0.2,0.9,biological_error,2151398048,921666314,2151398048,nagC,galP,False,identifiable,cpxR|crp|galR|galS|ompR|rpoD,100,-0.011384150252651049,0.11273040386724557,0.10076766994253164,-0.10098562465949591,-0.3038268788375198,1755,,,,[],0,,False,True,
csd-20260805_174708,paired_hierarchical,1,0,0,9769808dfe284056,nagC->glmS,shared_complete_observation_shared_scores,maximum,prefix,complete,0,100,0.2,0.9,biological_error,2151398048,921666314,2151398048,nagC,glmS,False,identifiable,crp|rpoD,100,0.09177683363268287,0.09753758709430785,0.09446198097967383,0.9409381179785083,-0.20925819905960583,1755,,,,[],0,,False,True,
csd-20260805_174708,paired_hierarchical,1,0,0,9769808dfe284056,nagC->glmU,shared_complete_observation_shared_scores,maximum,prefix,complete,0,100,0.2,0.9,biological_error,2151398048,921666314,2151398048,nagC,glmU,False,identifiable,crp|rpoD,100,-0.10230753141625473,0.07629293283337978,0.057793853679233925,-1.3409830716521232,-0.2987205425081719,1755,,,,[],0,,False,True,
csd-20260805_174708,paired_hierarchical,1,0,0,9769808dfe284056,nagC->manX,shared_complete_observation_shared_scores,maximum,prefix,complete,0,100,0.2,0.9,biological_error,2151398048,921666314,2151398048,nagC,manX,False,identifiable,cra|crp|dicF|fur|hfq|mlc|rpoD,100,0.08058174475448594,0.13265843083846152,0.1698527177005597,0.6074377952850243,-0.14356535475255658,1755,,,,[],0,,False,True,
csd-20260805_174708,paired_hierarchical,1,0,0,9769808dfe284056,nagC->manY,shared_complete_observation_shared_scores,maximum,prefix,complete,0,100,0.2,0.9,biological_error,2151398048,921666314,2151398048,nagC,manY,False,identifiable,cra|crp|fur|mlc|rpoD|rpsA,100,-0.00647197331974763,0.08900874568524342,0.07652747960187219,-0.07271165625267996,-0.09208462830403392,1755,,,,[],0,,False,True,
csd-20260805_174708,paired_hierarchical,1,0,0,9769808dfe284056,nagC->manZ,shared_complete_observation_shared_scores,maximum,prefix,complete,0,100,0.2,0.9,biological_error,2151398048,921666314,2151398048,nagC,manZ,False,identifiable,cra|crp|fur|mlc|rpoD,100,0.2100646390037692,0.17649113622695758,0.30130655998949235,1.1902276992179257,-0.1720138271374981,1755,,,,[],0,,False,True,
csd-20260805_174708,paired_hierarchical,1,0,0,9769808dfe284056,nagC->nagA,shared_complete_observation_shared_scores,maximum,prefix,complete,0,100,0.2,0.9,biological_error,2151398048,921666314,2151398048,nagC,nagA,False,identifiable,crp|phoP|rpoD,100,-0.006087751957099794,0.04594560475526703,0.02068644857869944,-0.13249911475812967,-0.1369971934686101,1755,,,,[],0,,False,True,
csd-20260805_174708,paired_hierarchical,1,0,0,9769808dfe284056,nagC->nagB,shared_complete_observation_shared_scores,maximum,prefix,complete,0,100,0.2,0.9,biological_error,2151398048,921666314,2151398048,nagC,nagB,False,identifiable,crp|rpoD,100,-0.004633043173959215,0.14058413544125312,0.19623915377493728,-0.03295566145794066,-0.1487548533476408,1755,,,,[],0,,False,True,
csd-20260805_174708,paired_hierarchical,1,0,0,9769808dfe284056,nagC->nagE,shared_complete_observation_shared_scores,maximum,prefix,complete,0,100,0.2,0.9,biological_error,2151398048,921666314,2151398048,nagC,nagE,False,identifiable,crp|rpoD,100,0.0449769203744925,0.059915592406055554,0.035644518211511884,0.750671378990601,-0.2781858989414887,1755,,,,[],0,,False,True,
csd-20260805_174708,paired_hierarchical,1,0,0,9769808dfe284056,nagC->nanC,shared_complete_observation_shared_scores,maximum,prefix,complete,0,100,0.2,0.9,biological_error,2151398048,921666314,2151398048,nagC,nanC,False,identifiable,crp|nanR|rpoD|spf,100,-0.08975536226833136,0.11537031881069526,0.12978167009478728,-0.7779762004091013,-0.4834719940356409,1755,,,,[],0,,False,True,
csd-20260805_174708,paired_hierarchical,1,0,0,9769808dfe284056,nagC->nanM,shared_complete_observation_shared_scores,maximum,prefix,complete,0,100,0.2,0.9,biological_error,2151398048,921666314,2151398048,nagC,nanM,False,identifiable,crp|nanR|rpoD,100,-0.00862015346623804,0.09996807174511416,0.09745432388127484,-0.08622906609838997,-0.10598067999210274,1755,,,,[],0,,False,True,
csd-20260805_174708,paired_hierarchical,1,0,0,9769808dfe284056,nagC->nanS,shared_complete_observation_shared_scores,maximum,prefix,complete,0,100,0.2,0.9,biological_error,2151398048,921666314,2151398048,nagC,nanS,False,identifiable,crp|nanR|rpoD,100,0.0036000916205605454,0.08348372186286188,0.06796449391577553,0.04312327649304364,-0.31195620835875365,1755,,,,[],0,,False,True,
csd-20260805_174708,paired_hierarchical,1,0,0,9769808dfe284056,nagC->ptsH,shared_complete_observation_shared_scores,maximum,prefix,complete,0,100,0.2,0.9,biological_error,2151398048,921666314,2151398048,nagC,ptsH,False,identifiable,cra|crp|flhC|flhD|mlc|rpoD|rpoH,100,0.11454789364802692,0.16753660426187963,0.2583298348523278,0.6837186067647338,-0.2237360083143113,1755,,,,[],0,,False,True,
csd-20260805_174708,paired_hierarchical,1,0,0,9769808dfe284056,nagC->ptsI,shared_complete_observation_shared_scores,maximum,prefix,complete,0,100,0.2,0.9,biological_error,2151398048,921666314,2151398048,nagC,ptsI,False,identifiable,cra|crp|mlc|rpoD|rpoH,100,0.23083772604732836,0.12753748799526976,0.1557971040278691,1.8099597982978142,-0.29782242706936035,1755,,,,[],0,,False,True,
csd-20260805_174708,paired_hierarchical,1,0,0,9769808dfe284056,nagC->umpH,shared_complete_observation_shared_scores,maximum,prefix,complete,0,100,0.2,0.9,biological_error,2151398048,921666314,2151398048,nagC,umpH,False,identifiable,crp|rpoD,100,0.009164648781157535,0.08233503552219448,0.06731043356609281,0.11130922241100005,-0.129756348802927,1755,,,,[],0,,False,True,
csd-20260805_174708,paired_hierarchical,1,0,0,9769808dfe284056,nagC->ydeM,shared_complete_observation_shared_scores,maximum,prefix,complete,0,100,0.2,0.9,biological_error,2151398048,921666314,2151398048,nagC,ydeM,False,identifiable,araC|crp|gadX|rpoD,100,0.031347094837991044,0.1343380485222905,0.17915666918907044,0.23334487275054966,-0.27832115323111806,1755,,,,[],0,,False,True,
csd-20260805_174708,paired_hierarchical,1,0,0,9769808dfe284056,nagC->ydeN,shared_complete_observation_shared_scores,maximum,prefix,complete,0,100,0.2,0.9,biological_error,2151398048,921666314,2151398048,nagC,ydeN,False,identifiable,araC|crp|gadX|lrp|rpoD,100,-0.02060350760987909,0.15339208465551807,0.22927828373135162,-0.134319235938084,-0.08081656750715858,1755,,,,[],0,,False,True,
csd-20260805_174708,paired_hierarchical,1,0,0,9769808dfe284056,nagC->ydeP,shared_complete_observation_shared_scores,maximum,prefix,complete,0,100,0.2,0.9,biological_error,2151398048,921666314,2151398048,nagC,ydeP,False,identifiable,crp|evgA|hns|nac|narL|narP|phoP|rcsB|rpoD|uvrY,100,-0.02299893267868862,0.20308271999176908,0.3899477962036668,-0.11324908726661118,-0.25205024511677987,1755,,,,[],0,,False,True,
csd-20260805_174708,paired_hierarchical,1,0,0,9769808dfe284056,ompR->alx,shared_complete_observation_shared_scores,maximum,prefix,complete,0,100,0.2,0.9,biological_error,2151398048,921666314,2151398048,ompR,alx,False,identifiable,alpA|basR|btsR|glaR|glrR|nsrR|ptrR|rcdA,100,0.06179359456347462,0.10726391620676591,0.15196188015447243,0.5760893014978028,-0.15050278549178137,1755,,,,[],0,,False,True,
csd-20260805_174708,paired_hierarchical,1,0,0,9769808dfe284056,ompR->exoX,shared_complete_observation_shared_scores,maximum,prefix,complete,0,100,0.2,0.9,biological_error,2151398048,921666314,2151398048,ompR,exoX,False,identifiable,alpA|basR|btsR|glaR|glrR|nsrR|ptrR|rcdA,100,0.00046033792916500043,0.0722719814743625,0.06898700390342731,0.006369521352175725,-0.06756974935911558,1755,,,,[],0,,False,True,
csd-20260805_174708,paired_hierarchical,1,0,0,9769808dfe284056,ompR->narY,shared_complete_observation_shared_scores,maximum,prefix,complete,0,100,0.2,0.9,biological_error,2151398048,921666314,2151398048,ompR,narY,False,identifiable,alpA|basR|btsR|glaR|glrR|nsrR|ptrR|rcdA,100,0.010235477956763188,0.1388522941450394,0.25464401867652753,0.07371486383992783,0.15989754385672242,1755,,,,[],0,,False,True,
csd-20260805_174708,paired_hierarchical,1,0,0,9769808dfe284056,ompR->potE,shared_complete_observation_shared_scores,maximum,prefix,complete,0,100,0.2,0.9,biological_error,2151398048,921666314,2151398048,ompR,potE,False,identifiable,alpA|basR|btsR|glaR|glrR|nsrR|ptrR|rcdA,100,0.07408473671526572,0.108895072500027,0.15661877290462217,0.6803313962185695,-0.19791541936302412,1755,,,,[],0,,False,True,
csd-20260805_174708,paired_hierarchical,1,0,0,9769808dfe284056,ompR->speF,shared_complete_observation_shared_scores,maximum,prefix,complete,0,100,0.2,0.9,biological_error,2151398048,921666314,2151398048,ompR,speF,False,identifiable,alpA|basR|btsR|glaR|glrR|nsrR|ptrR|rcdA,100,-0.018412273250982762,0.10232964723036729,0.13830259027830677,-0.17993097552200635,-0.24181177858760944,1755,,,,[],0,,False,True,
csd-20260805_174708,paired_hierarchical,1,0,0,9769808dfe284056,ompR->speFL,shared_complete_observation_shared_scores,maximum,prefix,complete,0,100,0.2,0.9,biological_error,2151398048,921666314,2151398048,ompR,speFL,False,identifiable,alpA|basR|btsR|glaR|glrR|nsrR|ptrR|rcdA,100,0.1513160227202771,0.10749164558987244,0.15260781817760005,1.4077003090790312,-0.14560467033308713,1755,,,,[],0,,False,True,
csd-20260805_174708,paired_hierarchical,1,0,0,9769808dfe284056,ompR->tsgA,shared_complete_observation_shared_scores,maximum,prefix,complete,0,100,0.2,0.9,biological_error,2151398048,921666314,2151398048,ompR,tsgA,False,identifiable,alpA|basR|btsR|glaR|glrR|nsrR|ptrR|rcdA,100,-0.0491012146824696,0.04475309429030361,0.02645291259979398,-1.0971579834002243,0.10066972283348248,1755,,,,[],0,,False,True,
csd-20260805_174708,paired_hierarchical,1,0,0,9769808dfe284056,oxyR->grxA,shared_complete_observation_shared_scores,maximum,prefix,complete,0,100,0.2,0.9,biological_error,2151398048,921666314,2151398048,oxyR,grxA,False,identifiable,alpA|basR|btsR|glaR|glrR|nsrR|ptrR|rcdA,100,0.12230229779790719,0.13946256319384817,0.07126129382375687,0.8769543237772792,0.2362660523425004,1755,,,,[],0,,False,True,
csd-20260805_174708,paired_hierarchical,1,0,0,9769808dfe284056,plaR->eda,shared_complete_observation_shared_scores,maximum,prefix,complete,0,100,0.2,0.9,biological_error,2151398048,921666314,2151398048,plaR,eda,False,identifiable,cra|crp|gntR|ihfA|ihfB|kdgR|phoB|rpoD,100,0.025214018830135892,0.09159730865477232,0.05432356950046931,0.27527030215665854,-0.12766784281928364,1755,,,,[],0,,False,True,
csd-20260805_174708,paired_hierarchical,1,0,0,9769808dfe284056,plaR->glpA,shared_complete_observation_shared_scores,maximum,prefix,complete,0,100,0.2,0.9,biological_error,2151398048,921666314,2151398048,plaR,glpA,False,identifiable,arcA|basR|crp|fis|flhC|flhD|fnr|glpR|ihfA|ihfB|rpoD,100,0.039012378617566026,0.15469809101980242,0.1543457039215245,0.2521839691775652,-0.09847134623597326,1755,,,,[],0,,False,True,
csd-20260805_174708,paired_hierarchical,1,0,0,9769808dfe284056,plaR->glpT,shared_complete_observation_shared_scores,maximum,prefix,complete,0,100,0.2,0.9,biological_error,2151398048,921666314,2151398048,plaR,glpT,False,identifiable,crp|fis|fnr|glpR|ihfA|ihfB|rpoD,100,-0.2612942203988275,0.19771092354155356,0.2601996275579001,-1.321597288193894,-0.38797193804438684,1755,,,,[],0,,False,True,
csd-20260805_174708,paired_hierarchical,1,0,0,9769808dfe284056,plaR->lyxK,shared_complete_observation_shared_scores,maximum,prefix,complete,0,100,0.2,0.9,biological_error,2151398048,921666314,2151398048,plaR,lyxK,False,identifiable,crp|ihfA|ihfB|rpoD|rpoE,100,-0.02856128009836207,0.11062065736367759,0.08210983105058951,-0.25819119845277827,-0.5587735228572352,1755,,,,[],0,,False,True,
csd-20260805_174708,paired_hierarchical,1,0,0,9769808dfe284056,plaR->sgbE,shared_complete_observation_shared_scores,maximum,prefix,complete,0,100,0.2,0.9,biological_error,2151398048,921666314,2151398048,plaR,sgbE,False,identifiable,crp|ihfA|ihfB|rpoD|rpoE,100,-0.0019352964894936344,0.16643596367433847,0.18587331243639418,-0.01162787444954136,-0.1583073198855113,1755,,,,[],0,,False,True,
csd-20260805_174708,paired_hierarchical,1,0,0,9769808dfe284056,plaR->sgbH,shared_complete_observation_shared_scores,maximum,prefix,complete,0,100,0.2,0.9,biological_error,2151398048,921666314,2151398048,plaR,sgbH,False,identifiable,crp|ihfA|ihfB|rpoD|rpoE,100,0.004490834953464925,0.17305320183616896,0.2009472035231595,0.025950603085150886,-0.21227505047939085,1755,,,,[],0,,False,True,
csd-20260805_174708,paired_hierarchical,1,0,0,9769808dfe284056,plaR->sgbU,shared_complete_observation_shared_scores,maximum,prefix,complete,0,100,0.2,0.9,biological_error,2151398048,921666314,2151398048,plaR,sgbU,False,identifiable,crp|ihfA|ihfB|rpoD|rpoE,100,0.02010554496725546,0.1457184583737572,0.14247931700742672,0.13797527912137394,-0.12912216653357309,1755,,,,[],0,,False,True,
csd-20260805_174708,paired_hierarchical,1,0,0,9769808dfe284056,plaR->ygjV,shared_complete_observation_shared_scores,maximum,prefix,complete,0,100,0.2,0.9,biological_error,2151398048,921666314,2151398048,plaR,ygjV,False,identifiable,crp|ihfA|ihfB|rpoD,100,0.1853488345316242,0.14751051199481235,0.14618812149563382,1.2565127191622965,-0.27152764078487335,1755,,,,[],0,,False,True,
csd-20260805_174708,paired_hierarchical,1,0,0,9769808dfe284056,plaR->yiaK,shared_complete_observation_shared_scores,maximum,prefix,complete,0,100,0.2,0.9,biological_error,2151398048,921666314,2151398048,plaR,yiaK,False,identifiable,crp|ihfA|ihfB|rpoD|rpoE,100,-0.0010034937524034141,0.12284822367484718,0.10126525274814224,-0.008168565424758979,-0.21565468736817026,1755,,,,[],0,,False,True,
csd-20260805_174708,paired_hierarchical,1,0,0,9769808dfe284056,plaR->yiaL,shared_complete_observation_shared_scores,maximum,prefix,complete,0,100,0.2,0.9,biological_error,2151398048,921666314,2151398048,plaR,yiaL,False,identifiable,crp|ihfA|ihfB|rpoD|rpoE,100,0.13882189099607217,0.2166013119121296,0.31480734316816883,0.6409097422844289,-0.09586962794482813,1755,,,,[],0,,False,True,
csd-20260805_174708,paired_hierarchical,1,0,0,9769808dfe284056,plaR->yiaM,shared_complete_observation_shared_scores,maximum,prefix,complete,0,100,0.2,0.9,biological_error,2151398048,921666314,2151398048,plaR,yiaM,False,identifiable,crp|ihfA|ihfB|rpoD|rpoE,100,0.2126243210631368,0.1425205869374371,0.13629436264804118,1.4918849664608345,-0.11490556923836544,1755,,,,[],0,,False,True,
csd-20260805_174708,paired_hierarchical,1,0,0,9769808dfe284056,plaR->yiaN,shared_complete_observation_shared_scores,maximum,prefix,complete,0,100,0.2,0.9,biological_error,2151398048,921666314,2151398048,plaR,yiaN,False,identifiable,crp|ihfA|ihfB|rpoD|rpoE,100,0.0018551861076065645,0.147485435002242,0.14595566486106,0.012578775033469323,-0.6556489437489612,1755,,,,[],0,,False,True,
csd-20260805_174708,paired_hierarchical,1,0,0,9769808dfe284056,plaR->yiaO,shared_complete_observation_shared_scores,maximum,prefix,complete,0,100,0.2,0.9,biological_error,2151398048,921666314,2151398048,plaR,yiaO,False,identifiable,crp|ihfA|ihfB|rpoD|rpoE,100,0.003979653901635504,0.13514211395531933,0.12254740091189284,0.029447918085336866,-0.32754235358984957,1755,,,,[],0,,False,True,
csd-20260805_174708,paired_hierarchical,1,0,0,9769808dfe284056,rbsR->add,shared_complete_observation_shared_scores,maximum,prefix,complete,0,100,0.2,0.9,biological_error,2151398048,921666314,2151398048,rbsR,add,False,identifiable,crp|rpoD,100,0.07217458680757455,0.21891794423903546,0.16535663564183667,0.329687852032666,0.14990724181672152,1755,,,,[],0,,False,True,
csd-20260805_174708,paired_hierarchical,1,0,0,9769808dfe284056,rbsR->dcd,shared_complete_observation_shared_scores,maximum,prefix,complete,0,100,0.2,0.9,biological_error,2151398048,921666314,2151398048,rbsR,dcd,False,identifiable,crp|rpoD,100,-0.21867058807734369,0.1829461558416561,0.11547965604683934,-1.195272931925434,0.22981847395298383,1755,,,,[],0,,False,True,
csd-20260805_174708,paired_hierarchical,1,0,0,9769808dfe284056,rbsR->purD,shared_complete_observation_shared_scores,maximum,prefix,complete,0,100,0.2,0.9,biological_error,2151398048,921666314,2151398048,rbsR,purD,False,identifiable,crp|phoP|purR|rpoD,100,0.15579813632432393,0.25195305164869347,0.21897575286719764,0.6183617753578887,-0.11675161175112579,1755,,,,[],0,,False,True,
csd-20260805_174708,paired_hierarchical,1,0,0,9769808dfe284056,rbsR->purH,shared_complete_observation_shared_scores,maximum,prefix,complete,0,100,0.2,0.9,biological_error,2151398048,921666314,2151398048,rbsR,purH,False,identifiable,crp|phoP|purR|rpoD,100,0.320428256488731,0.2070683370790096,0.1479054489320518,1.5474517302298492,-0.30587192423364573,1755,,,,[],0,,False,True,
csd-20260805_174708,paired_hierarchical,1,0,0,9769808dfe284056,rbsR->rbsA,shared_complete_observation_shared_scores,maximum,prefix,complete,0,100,0.2,0.9,biological_error,2151398048,921666314,2151398048,rbsR,rbsA,False,identifiable,crp|rpoD,100,0.12701634066624076,0.1916327663052739,0.1267063681933067,0.6628111836777527,-0.1551513385039394,1755,,,,[],0,,False,True,
csd-20260805_174708,paired_hierarchical,1,0,0,9769808dfe284056,rbsR->rbsB,shared_complete_observation_shared_scores,maximum,prefix,complete,0,100,0.2,0.9,biological_error,2151398048,921666314,2151398048,rbsR,rbsB,False,identifiable,crp|rpoD,100,-0.09588142282135396,0.12762461826993693,0.0561989002880896,-0.7512768627331492,-0.3083461072230574,1755,,,,[],0,,False,True,
csd-20260805_174708,paired_hierarchical,1,0,0,9769808dfe284056,rbsR->rbsC,shared_complete_observation_shared_scores,maximum,prefix,complete,0,100,0.2,0.9,biological_error,2151398048,921666314,2151398048,rbsR,rbsC,False,identifiable,crp|rpoD,100,-0.06727455751931007,0.1936293178062024,0.1293603362539501,-0.3474399346210737,-0.45528774628692975,1755,,,,[],0,,False,True,
csd-20260805_174708,paired_hierarchical,1,0,0,9769808dfe284056,rbsR->rbsD,shared_complete_observation_shared_scores,maximum,prefix,complete,0,100,0.2,0.9,biological_error,2151398048,921666314,2151398048,rbsR,rbsD,False,identifiable,crp|rpoD|yidZ,100,0.05922007469530145,0.18268731382526707,0.1120418019014928,0.3241608486944147,-0.16391907677558082,1755,,,,[],0,,False,True,
csd-20260805_174708,paired_hierarchical,1,0,0,9769808dfe284056,rbsR->rbsK,shared_complete_observation_shared_scores,maximum,prefix,complete,0,100,0.2,0.9,biological_error,2151398048,921666314,2151398048,rbsR,rbsK,False,identifiable,crp|rpoD,100,-0.04595127968114927,0.24155511203799152,0.20132206244890374,-0.19023103793357973,-0.3023399772316718,1755,,,,[],0,,False,True,
csd-20260805_174708,paired_hierarchical,1,0,0,9769808dfe284056,rbsR->udk,shared_complete_observation_shared_scores,maximum,prefix,complete,0,100,0.2,0.9,biological_error,2151398048,921666314,2151398048,rbsR,udk,False,identifiable,crp|rpoD,100,0.24606024755450448,0.17733236766184568,0.10850129715593487,1.3875653429706396,0.21542444041300512,1755,,,,[],0,,False,True,
csd-20260805_174708,paired_hierarchical,1,0,0,9769808dfe284056,rhaS->rhaA,shared_complete_observation_shared_scores,maximum,prefix,complete,0,100,0.2,0.9,biological_error,2151398048,921666314,2151398048,rhaS,rhaA,False,identifiable,crp|rpoD|rpoS,100,-0.05568992778383282,0.15693163375313196,0.23651542160568398,-0.3548674441982695,0.2746847210808417,1755,,,,[],0,,False,True,
csd-20260805_174708,paired_hierarchical,1,0,0,9769808dfe284056,rhaS->rhaB,shared_complete_observation_shared_scores,maximum,prefix,complete,0,100,0.2,0.9,biological_error,2151398048,921666314,2151398048,rhaS,rhaB,False,identifiable,crp|rpoD|rpoS,100,-0.019490754433506542,0.13646779273061413,0.17885406110426424,-0.1428231089806008,0.09313620238645985,1755,,,,[],0,,False,True,
csd-20260805_174708,paired_hierarchical,1,0,0,9769808dfe284056,rhaS->rhaD,shared_complete_observation_shared_scores,maximum,prefix,complete,0,100,0.2,0.9,biological_error,2151398048,921666314,2151398048,rhaS,rhaD,False,identifiable,crp|rpoD|rpoN|rpoS,100,0.11205244571182962,0.17733525118782764,0.30197970321918527,0.6318678602324102,0.3575482293957545,1755,,,,[],0,,False,True,
csd-20260805_174708,paired_hierarchical,1,0,0,9769808dfe284056,rhaS->rhaT,shared_complete_observation_shared_scores,maximum,prefix,complete,0,100,0.2,0.9,biological_error,2151398048,921666314,2151398048,rhaS,rhaT,False,identifiable,arcA|crp|rpoD|rpoS,100,0.13112571330138767,0.1419119736017126,0.18703242983863252,0.9239933035488785,-0.10406785332376528,1755,,,,[],0,,False,True,
csd-20260805_174708,paired_hierarchical,1,0,0,9769808dfe284056,rplM->rpsI,shared_complete_observation_shared_scores,maximum,prefix,complete,0,100,0.2,0.9,biological_error,2151398048,921666314,2151398048,rplM,rpsI,False,identifiable,crp|dksA|fis|fnr|srmB,100,0.02473262113053606,0.09507345716737645,0.13651180774348126,0.2601422296760954,-0.40365932178620684,1755,,,,[],0,,False,True,
csd-20260805_174708,paired_hierarchical,1,0,0,9769808dfe284056,spf->araF,shared_complete_observation_shared_scores,maximum,prefix,complete,0,100,0.2,0.9,biological_error,2151398048,921666314,2151398048,spf,araF,False,identifiable,araC|crp|nac|rpoD|rpoS,100,0.006839930817363993,0.03762040603215711,0.03405476582794406,0.18181438051246357,-0.3544901515599174,1755,,,,[],0,,False,True,
csd-20260805_174708,paired_hierarchical,1,0,0,9769808dfe284056,spf->ascF,shared_complete_observation_shared_scores,maximum,prefix,complete,0,100,0.2,0.9,biological_error,2151398048,921666314,2151398048,spf,ascF,False,identifiable,ascG|cpxR|crp|hns|nac|rpoD,100,0.012740938678529126,0.03362549267825717,0.026975836161345402,0.3789071226536299,-0.195977282210038,1755,,,,[],0,,False,True,
csd-20260805_174708,paired_hierarchical,1,0,0,9769808dfe284056,spf->atoD,shared_complete_observation_shared_scores,maximum,prefix,complete,0,100,0.2,0.9,biological_error,2151398048,921666314,2151398048,spf,atoD,False,identifiable,atoC|crp|ihfA|ihfB|nac|rpoD|rpoN,100,0.018543132055646047,0.062352848648080356,0.09216380109357686,0.29739029503372866,-0.09796105913181107,1755,,,,[],0,,False,True,
csd-20260805_174708,paired_hierarchical,1,0,0,9769808dfe284056,spf->caiA,shared_complete_observation_shared_scores,maximum,prefix,complete,0,100,0.2,0.9,biological_error,2151398048,921666314,2151398048,spf,caiA,False,identifiable,arcA|caiF|crp|fnr|hns|nac|rpoD,100,0.1313284102816703,0.1090766050781254,0.2840722710995833,1.2040016297500935,-0.16955510841467775,1755,,,,[],0,,False,True,
csd-20260805_174708,paired_hierarchical,1,0,0,9769808dfe284056,spf->dppB,shared_complete_observation_shared_scores,maximum,prefix,complete,0,100,0.2,0.9,biological_error,2151398048,921666314,2151398048,spf,dppB,False,identifiable,crp|fnr|fur|ihfA|ihfB|nac|rpoD,100,0.015500727763946728,0.08697486952883092,0.1820987605349241,0.17822076477859458,0.1913100537117897,1755,,,,[],0,,False,True,
csd-20260805_174708,paired_hierarchical,1,0,0,9769808dfe284056,spf->ebgC,shared_complete_observation_shared_scores,maximum,prefix,complete,0,100,0.2,0.9,biological_error,2151398048,921666314,2151398048,spf,ebgC,False,identifiable,crp|ebgR|nac|rpoD,100,0.007117298487363582,0.09658388786333416,0.22502180818897968,0.07369032915132318,-0.20531681756972217,1755,,,,[],0,,False,True,
csd-20260805_174708,paired_hierarchical,1,0,0,9769808dfe284056,spf->fucI,shared_complete_observation_shared_scores,maximum,prefix,complete,0,100,0.2,0.9,biological_error,2151398048,921666314,2151398048,spf,fucI,False,identifiable,crp|fucR|nac|rpoD|srsR,100,0.0322252923422253,0.11695916411041776,0.3289570006891329,0.2755260144626404,-0.342498793388792,1755,,,,[],0,,False,True,
csd-20260805_174708,paired_hierarchical,1,0,0,9769808dfe284056,spf->fucK,shared_complete_observation_shared_scores,maximum,prefix,complete,0,100,0.2,0.9,biological_error,2151398048,921666314,2151398048,spf,fucK,False,identifiable,crp|fucR|nac|rpoD|srsR,100,0.009019883970799555,0.09461506648745797,0.2152738210360995,0.09533242754731051,-0.15235898985634902,1755,,,,[],0,,False,True,
csd-20260805_174708,paired_hierarchical,1,0,0,9769808dfe284056,spf->fucP,shared_complete_observation_shared_scores,maximum,prefix,complete,0,100,0.2,0.9,biological_error,2151398048,921666314,2151398048,spf,fucP,False,identifiable,crp|fucR|nac|rpoD|srsR,100,-0.007106000053030829,0.07380233174167783,0.13098174992177639,-0.09628422145120263,-0.22318835590371677,1755,,,,[],0,,False,True,
csd-20260805_174708,paired_hierarchical,1,0,0,9769808dfe284056,spf->galK,shared_complete_observation_shared_scores,maximum,prefix,complete,0,100,0.2,0.9,biological_error,2151398048,921666314,2151398048,spf,galK,False,identifiable,crp|galR|galS|hns|hupA|hupB|nac|rpoD|rpoS,100,0.0180330606664883,0.06894470584759607,0.10637365763574232,0.2615583088620439,-0.10889782238869132,1755,,,,[],0,,False,True,
csd-20260805_174708,paired_hierarchical,1,0,0,9769808dfe284056,spf->gdhA,shared_complete_observation_shared_scores,maximum,prefix,complete,0,100,0.2,0.9,biological_error,2151398048,921666314,2151398048,spf,gdhA,False,identifiable,argP|crp|fnr|fur|glaR|lrp|nac|rpoD,100,0.013237857708216233,0.1047631243346823,0.24511723136897673,0.12635989802982403,-0.1405007940435086,1755,,,,[],0,,False,True,
csd-20260805_174708,paired_hierarchical,1,0,0,9769808dfe284056,spf->glpF,shared_complete_observation_shared_scores,maximum,prefix,complete,0,100,0.2,0.9,biological_error,2151398048,921666314,2151398048,spf,glpF,False,identifiable,crp|fur|glpR|nac|rpoD,100,-0.09299595835611857,0.07272411748624184,0.1272421177611757,-1.2787499054039646,-0.12075902466881645,1755,,,,[],0,,False,True,
csd-20260805_174708,paired_hierarchical,1,0,0,9769808dfe284056,spf->gltA,shared_complete_observation_shared_scores,maximum,prefix,complete,0,100,0.2,0.9,biological_error,2151398048,921666314,2151398048,spf,gltA,False,identifiable,arcA|crp|ihfA|ihfB|nac|rpoD,100,-0.08562021188067494,0.07144150663411915,0.12300080422892865,-1.198465932684912,-0.5606589981008342,1755,,,,[],0,,False,True,
csd-20260805_174708,paired_hierarchical,1,0,0,9769808dfe284056,spf->gss,shared_complete_observation_shared_scores,maximum,prefix,complete,0,100,0.2,0.9,biological_error,2151398048,921666314,2151398048,spf,gss,False,identifiable,crp|nac|rpoD,100,0.014704133715098149,0.07927678246751513,0.15162089118328081,0.18547843715937123,0.11851741164629673,1755,,,,[],0,,False,True,
csd-20260805_174708,paired_hierarchical,1,0,0,9769808dfe284056,spf->lldP,shared_complete_observation_shared_scores,maximum,prefix,complete,0,100,0.2,0.9,biological_error,2151398048,921666314,2151398048,spf,lldP,False,identifiable,arcA|crp|lldR|nac|pdhR|rpoD,100,-0.008567741393651173,0.08615358305648288,0.17881918464373706,-0.09944730201219958,-0.41860805076676244,1755,,,,[],0,,False,True,
csd-20260805_174708,paired_hierarchical,1,0,0,9769808dfe284056,spf->maeA,shared_complete_observation_shared_scores,maximum,prefix,complete,0,100,0.2,0.9,biological_error,2151398048,921666314,2151398048,spf,maeA,False,identifiable,crp|nac|rpoD,100,-0.00416282445105331,0.04900027995211951,0.057924745783703616,-0.08495511566711461,-0.11103325268770176,1755,,,,[],0,,False,True,
csd-20260805_174708,paired_hierarchical,1,0,0,9769808dfe284056,spf->nanC,shared_complete_observation_shared_scores,maximum,prefix,complete,0,100,0.2,0.9,biological_error,2151398048,921666314,2151398048,spf,nanC,False,identifiable,crp|nac|nagC|nanR|rpoD,100,-0.057155350925022635,0.07392325639624661,0.13115089444126168,-0.7731714444322646,-0.0607859624586352,1755,,,,[],0,,False,True,
csd-20260805_174708,paired_hierarchical,1,0,0,9769808dfe284056,spf->nanT,shared_complete_observation_shared_scores,maximum,prefix,complete,0,100,0.2,0.9,biological_error,2151398048,921666314,2151398048,spf,nanT,False,identifiable,crp|fis|nac|nanR|rpoD,100,-0.1065730496748825,0.040787355067135225,0.039927932705195956,-2.612894351679957,-0.15365297605511205,1755,,,,[],0,,False,True,
csd-20260805_174708,paired_hierarchical,1,0,0,9769808dfe284056,spf->paaK,shared_complete_observation_shared_scores,maximum,prefix,complete,0,100,0.2,0.9,biological_error,2151398048,921666314,2151398048,spf,paaK,False,identifiable,crp|fur|ihfA|ihfB|nac|paaX|rpoD|slyA|srsR,100,-0.0013041859589586844,0.09579720207079499,0.22042047949808274,-0.01361402975000125,-0.3222295229399198,1755,,,,[],0,,False,True,
csd-20260805_174708,paired_hierarchical,1,0,0,9769808dfe284056,spf->puuE,shared_complete_observation_shared_scores,maximum,prefix,complete,0,100,0.2,0.9,biological_error,2151398048,921666314,2151398048,spf,puuE,False,identifiable,arcA|crp|nac|ptrR|puuR|rpoD|rpoS,100,-0.011687674486287561,0.09602698403782794,0.20961356803806822,-0.12171239785770457,-0.16510980467639277,1755,,,,[],0,,False,True,
csd-20260805_174708,paired_hierarchical,1,0,0,9769808dfe284056,spf->sdhC,shared_complete_observation_shared_scores,maximum,prefix,complete,0,100,0.2,0.9,biological_error,2151398048,921666314,2151398048,spf,sdhC,False,identifiable,arcA|cpxR|crp|fnr|fur|nac|rpoD,100,-0.021792247503721544,0.116280333832766,0.3229197896356676,-0.18741129119102018,-0.07642136475476229,1755,,,,[],0,,False,True,
csd-20260805_174708,paired_hierarchical,1,0,0,9769808dfe284056,spf->srlA,shared_complete_observation_shared_scores,maximum,prefix,complete,0,100,0.2,0.9,biological_error,2151398048,921666314,2151398048,spf,srlA,False,identifiable,crp|gutM|hns|nac|rpoD|srlR,100,0.15895336846205638,0.10412984973766001,0.261129634493041,1.526491864364697,-0.21895312249581303,1755,,,,[],0,,False,True,
csd-20260805_174708,paired_hierarchical,1,0,0,9769808dfe284056,spf->sthA,shared_complete_observation_shared_scores,maximum,prefix,complete,0,100,0.2,0.9,biological_error,2151398048,921666314,2151398048,spf,sthA,False,identifiable,arcA|crp|lrp|nac|rpoD,100,-0.09058837452830042,0.059151374231614935,0.08397752728875704,-1.5314669473880658,-0.15183798796975023,1755,,,,[],0,,False,True,
csd-20260805_174708,paired_hierarchical,1,0,0,9769808dfe284056,spf->sucC,shared_complete_observation_shared_scores,maximum,prefix,complete,0,100,0.2,0.9,biological_error,2151398048,921666314,2151398048,spf,sucC,False,identifiable,arcA|crp|fnr|fur|ihfA|ihfB|nac|rpoD|rpoS,100,-0.016471838544619456,0.05949961565551949,0.08493007576389541,-0.27683941086250435,-0.11945934014614017,1755,,,,[],0,,False,True,
csd-20260805_174708,paired_hierarchical,1,0,0,9769808dfe284056,spf->xylF,shared_complete_observation_shared_scores,maximum,prefix,complete,0,100,0.2,0.9,biological_error,2151398048,921666314,2151398048,spf,xylF,False,identifiable,crp|fis|nac|rpoD|xylR,100,-0.07695544201935628,0.0675964751979837,0.11020917608727374,-1.1384534740008416,-0.1671108316276531,1755,,,,[],0,,False,True,
csd-20260805_174708,paired_hierarchical,1,0,0,9769808dfe284056,spf->yjiA,shared_complete_observation_shared_scores,maximum,prefix,complete,0,100,0.2,0.9,biological_error,2151398048,921666314,2151398048,spf,yjiA,False,identifiable,crp|nac|rpoD,100,0.008697835711860714,0.05127663600206795,0.06343165826559591,0.169625708510011,-0.054906645377762034,1755,,,,[],0,,False,True,
csd-20260805_174708,paired_hierarchical,1,0,0,9769808dfe284056,spf->ytfJ,shared_complete_observation_shared_scores,maximum,prefix,complete,0,100,0.2,0.9,biological_error,2151398048,921666314,2151398048,spf,ytfJ,False,identifiable,crp|lrp|nac|rpoD|rpoE,100,-0.003986403287425683,0.00951781914553195,0.0021608115531736435,-0.41883578858472664,-0.16766405183725255,1755,,,,[],0,,False,True,
csd-20260805_174708,paired_hierarchical,1,0,0,9769808dfe284056,tdcA->tdcB,shared_complete_observation_shared_scores,maximum,prefix,complete,0,100,0.2,0.9,biological_error,2151398048,921666314,2151398048,tdcA,tdcB,False,identifiable,crp|fnr|ihfA|ihfB|nac|tdcR,100,0.07024349056961376,0.0761779873848127,0.0784729907657948,0.9220969597789338,0.11111854727523279,1755,,,,[],0,,False,True,
csd-20260805_174708,paired_hierarchical,1,0,0,9769808dfe284056,tdcA->tdcC,shared_complete_observation_shared_scores,maximum,prefix,complete,0,100,0.2,0.9,biological_error,2151398048,921666314,2151398048,tdcA,tdcC,False,identifiable,crp|fnr|ihfA|ihfB|nac|tdcR,100,-0.08360080183336073,0.09428367569723085,0.12020823668582971,-0.8866943425267426,0.24275772777504395,1755,,,,[],0,,False,True,
csd-20260805_174708,paired_hierarchical,1,0,0,9769808dfe284056,tdcA->tdcD,shared_complete_observation_shared_scores,maximum,prefix,complete,0,100,0.2,0.9,biological_error,2151398048,921666314,2151398048,tdcA,tdcD,False,identifiable,crp|fnr|ihfA|ihfB|nac|tdcR,100,0.00679456887142576,0.07304467984975967,0.07215034228121202,0.09301935316029886,0.2949410263333966,1755,,,,[],0,,False,True,
csd-20260805_174708,paired_hierarchical,1,0,0,9769808dfe284056,tdcA->tdcE,shared_complete_observation_shared_scores,maximum,prefix,complete,0,100,0.2,0.9,biological_error,2151398048,921666314,2151398048,tdcA,tdcE,False,identifiable,crp|fnr|ihfA|ihfB|nac|tdcR,100,-0.012036779286662028,0.12233755529467777,0.2023861603564958,-0.09838989554490209,0.3249655275366404,1755,,,,[],0,,False,True,
csd-20260805_174708,paired_hierarchical,1,0,0,9769808dfe284056,tdcA->tdcF,shared_complete_observation_shared_scores,maximum,prefix,complete,0,100,0.2,0.9,biological_error,2151398048,921666314,2151398048,tdcA,tdcF,False,identifiable,crp|fnr|ihfA|ihfB|nac|tdcR,100,-0.19817842550123282,0.10250155358426545,0.14207645478447103,-1.9334187489979107,0.12050147474501237,1755,,,,[],0,,False,True,
csd-20260805_174708,paired_hierarchical,1,0,0,9769808dfe284056,tdcA->tdcG,shared_complete_observation_shared_scores,maximum,prefix,complete,0,100,0.2,0.9,biological_error,2151398048,921666314,2151398048,tdcA,tdcG,False,identifiable,crp|fnr|ihfA|ihfB|nac|tdcR,100,-0.019163368965384304,0.11519364679174318,0.1794395909549087,-0.16635786346819512,0.2028806164884163,1755,,,,[],0,,False,True,
csd-20260805_174708,paired_hierarchical,1,0,0,9769808dfe284056,uxuR->fliC,shared_complete_observation_shared_scores,maximum,prefix,complete,0,100,0.2,0.9,biological_error,2151398048,921666314,2151398048,uxuR,fliC,False,identifiable,crp|fliA|gadE|hns|matA|nac|rpoD|zraR,100,-0.05227473409179767,0.08219858233746923,0.17479237236463263,-0.6359566382444636,-0.1771542061579486,1755,,,,[],0,,False,True,
csd-20260805_174708,paired_hierarchical,1,0,0,9769808dfe284056,uxuR->gntP,shared_complete_observation_shared_scores,maximum,prefix,complete,0,100,0.2,0.9,biological_error,2151398048,921666314,2151398048,uxuR,gntP,False,identifiable,crp|oxyR|rpoD|zraR,100,-0.02506617785986117,0.0415918637557725,0.04669920941983006,-0.6026702243268013,-0.487943910464292,1755,,,,[],0,,False,True,
csd-20260805_174708,paired_hierarchical,1,0,0,9769808dfe284056,uxuR->uidA,shared_complete_observation_shared_scores,maximum,prefix,complete,0,100,0.2,0.9,biological_error,2151398048,921666314,2151398048,uxuR,uidA,False,identifiable,crp|rpoD|uidR|zraR,100,0.0027519924460105874,0.05767438181167356,0.09020546438535264,0.0477160284959235,-0.349799971002792,1755,,,,[],0,,False,True,
csd-20260805_174708,paired_hierarchical,1,0,0,9769808dfe284056,uxuR->uidB,shared_complete_observation_shared_scores,maximum,prefix,complete,0,100,0.2,0.9,biological_error,2151398048,921666314,2151398048,uxuR,uidB,False,identifiable,crp|rpoD|uidR|zraR,100,0.0025539036673686687,0.08644900898109162,0.202668843075569,0.02954231283238037,-0.38824114591613357,1755,,,,[],0,,False,True,
csd-20260805_174708,paired_hierarchical,1,0,0,9769808dfe284056,uxuR->uidC,shared_complete_observation_shared_scores,maximum,prefix,complete,0,100,0.2,0.9,biological_error,2151398048,921666314,2151398048,uxuR,uidC,False,identifiable,crp|rpoD|uidR|zraR,100,-0.034874338294532084,0.026582323590584753,0.019162529265068198,-1.3119371666547728,-0.1496783431114824,1755,,,,[],0,,False,True,
csd-20260805_174708,paired_hierarchical,1,0,0,9769808dfe284056,zraR->sspA,shared_complete_observation_shared_scores,maximum,prefix,complete,0,100,0.2,0.9,biological_error,2151398048,921666314,2151398048,zraR,sspA,False,identifiable,alpA|basR|btsR|glaR|glrR|nsrR|ptrR|rcdA,100,-0.003547078108551109,0.09053674178285533,0.12554490565939305,-0.03917832736966031,0.09653008827333248,1755,,,,[],0,,False,True,
csd-20260805_174708,paired_hierarchical,1,0,0,9769808dfe284056,zraR->yjjY,shared_complete_observation_shared_scores,maximum,prefix,complete,0,100,0.2,0.9,biological_error,2151398048,921666314,2151398048,zraR,yjjY,False,identifiable,alpA|basR|btsR|glaR|glrR|nsrR|ptrR|rcdA,100,0.013399522833731884,0.07032105993332653,0.0757391084628703,0.19054779388189494,0.2632614653169392,1755,,,,[],0,,False,True,
csd-20260805_174708,paired_hierarchical,1,0,0,9769808dfe284056,zraR->yrdD,shared_complete_observation_shared_scores,maximum,prefix,complete,0,100,0.2,0.9,biological_error,2151398048,921666314,2151398048,zraR,yrdD,False,identifiable,alpA|basR|btsR|glaR|glrR|nsrR|ptrR|rcdA,100,0.04283517076865673,0.09706905077340351,0.14431482193853312,0.44128556349696346,0.5203012615581954,1755,,,,[],0,,False,True,
csd-20260805_174708,paired_hierarchical,1,0,0,9769808dfe284056,fliA->flgK,shared_complete_observation_shared_scores,maximum,prefix,complete,0,100,0.2,0.9,biological_error,2151398048,921666314,2151398048,fliA,flgK,False,identifiable,alpA|basR|btsR|glaR|glrR|nsrR|ptrR|rcdA,100,0.021884646556217833,0.04075908546107026,0.04603749556010426,0.5369268301449074,0.15846793616048435,1755,,,,[],0,,False,True,
csd-20260805_174708,paired_hierarchical,1,0,0,9769808dfe284056,fliA->flgL,shared_complete_observation_shared_scores,maximum,prefix,complete,0,100,0.2,0.9,biological_error,2151398048,921666314,2151398048,fliA,flgL,False,identifiable,alpA|basR|btsR|glaR|glrR|nsrR|ptrR|rcdA,100,0.042061754438437376,0.07089086440229725,0.13926544526617873,0.593331098344942,0.10608964842204777,1755,,,,[],0,,False,True,
csd-20260805_174708,paired_hierarchical,1,0,0,9769808dfe284056,fliA->ispE,shared_complete_observation_shared_scores,maximum,prefix,complete,0,100,0.2,0.9,biological_error,2151398048,921666314,2151398048,fliA,ispE,False,identifiable,alpA|basR|btsR|glaR|glrR|nsrR|ptrR|rcdA,100,0.04959123827117731,0.09353998991163134,0.24246969472274288,0.5301608255252851,0.3856850934058393,1755,,,,[],0,,False,True,
csd-20260805_174708,paired_hierarchical,1,0,0,9769808dfe284056,fliA->lolB,shared_complete_observation_shared_scores,maximum,prefix,complete,0,100,0.2,0.9,biological_error,2151398048,921666314,2151398048,fliA,lolB,False,identifiable,alpA|basR|btsR|glaR|glrR|nsrR|ptrR|rcdA,100,0.03477216090039452,0.09139038457584168,0.2314535455354533,0.38047942419520425,0.37410760212884797,1755,,,,[],0,,False,True,
csd-20260805_174708,paired_hierarchical,1,0,0,9769808dfe284056,fliA->rdcB,shared_complete_observation_shared_scores,maximum,prefix,complete,0,100,0.2,0.9,biological_error,2151398048,921666314,2151398048,fliA,rdcB,False,identifiable,alpA|basR|btsR|glaR|glrR|nsrR|ptrR|rcdA,100,0.09184180842308126,0.08597526605562704,0.20483769733089963,1.068235233650321,0.14770780385304855,1755,,,,[],0,,False,True,
csd-20260805_174708,paired_hierarchical,1,0,0,9769808dfe284056,fliA->ves,shared_complete_observation_shared_scores,maximum,prefix,complete,0,100,0.2,0.9,biological_error,2151398048,921666314,2151398048,fliA,ves,False,identifiable,alpA|basR|btsR|glaR|glrR|nsrR|ptrR|rcdA,100,0.00791504142496447,0.04828821613217499,0.06461675615805787,0.16391248339552114,0.23767474234259617,1755,,,,[],0,,False,True,
csd-20260805_174708,paired_hierarchical,1,0,0,9769808dfe284056,fliA->yafW,shared_complete_observation_shared_scores,maximum,prefix,complete,0,100,0.2,0.9,biological_error,2151398048,921666314,2151398048,fliA,yafW,False,identifiable,alpA|basR|btsR|glaR|glrR|nsrR|ptrR|rcdA,100,-0.05118093876733363,0.036718727249343566,0.03736268398165208,-1.393864727929768,0.18971142376690847,1755,,,,[],0,,False,True,
csd-20260805_174708,paired_hierarchical,1,0,0,9769808dfe284056,fliA->yafX,shared_complete_observation_shared_scores,maximum,prefix,complete,0,100,0.2,0.9,biological_error,2151398048,921666314,2151398048,fliA,yafX,False,identifiable,alpA|basR|btsR|glaR|glrR|nsrR|ptrR|rcdA,100,-0.005093339497993743,0.07103353457954746,0.13982656183486236,-0.07170330926289367,0.1342238260084593,1755,,,,[],0,,False,True,
csd-20260805_174708,paired_hierarchical,1,0,0,9769808dfe284056,fliA->yjcS,shared_complete_observation_shared_scores,maximum,prefix,complete,0,100,0.2,0.9,biological_error,2151398048,921666314,2151398048,fliA,yjcS,False,identifiable,alpA|basR|btsR|glaR|glrR|nsrR|ptrR|rcdA,100,-0.002748093124523366,0.04351974104217596,0.052485027995284025,-0.06314589790091185,0.0694904869548783,1755,,,,[],0,,False,True,
csd-20260805_174708,paired_hierarchical,1,0,0,9769808dfe284056,fliA->ykfB,shared_complete_observation_shared_scores,maximum,prefix,complete,0,100,0.2,0.9,biological_error,2151398048,921666314,2151398048,fliA,ykfB,False,identifiable,alpA|basR|btsR|glaR|glrR|nsrR|ptrR|rcdA,100,-2.3716211682168337e-06,0.05327047651514945,0.07863863953669213,-4.452036706565549e-05,0.24812865627147068,1755,,,,[],0,,False,True,
csd-20260805_174708,paired_hierarchical,1,0,0,9769808dfe284056,fliA->ykfF,shared_complete_observation_shared_scores,maximum,prefix,complete,0,100,0.2,0.9,biological_error,2151398048,921666314,2151398048,fliA,ykfF,False,identifiable,alpA|basR|btsR|glaR|glrR|nsrR|ptrR|rcdA,100,0.031142038839161876,0.08203447031214454,0.18649001534877224,0.37962138014258073,0.16334135019166293,1755,,,,[],0,,False,True,
csd-20260805_174708,paired_hierarchical,1,0,0,9769808dfe284056,fliA->ykfG,shared_complete_observation_shared_scores,maximum,prefix,complete,0,100,0.2,0.9,biological_error,2151398048,921666314,2151398048,fliA,ykfG,False,identifiable,alpA|basR|btsR|glaR|glrR|nsrR|ptrR|rcdA,100,-0.025451748394868728,0.0812983755143267,0.18315828299862824,-0.3130658913397787,0.06989278405711852,1755,,,,[],0,,False,True,
csd-20260805_174708,paired_hierarchical,1,0,0,9769808dfe284056,fliA->ykfH,shared_complete_observation_shared_scores,maximum,prefix,complete,0,100,0.2,0.9,biological_error,2151398048,921666314,2151398048,fliA,ykfH,False,identifiable,alpA|basR|btsR|glaR|glrR|nsrR|ptrR|rcdA,100,-0.007477107613812998,0.03539438233526377,0.03471614582772122,-0.21125125289623947,0.10384977392605864,1755,,,,[],0,,False,True,
csd-20260805_174708,paired_hierarchical,1,0,0,9769808dfe284056,fliA->ykfI,shared_complete_observation_shared_scores,maximum,prefix,complete,0,100,0.2,0.9,biological_error,2151398048,921666314,2151398048,fliA,ykfI,False,identifiable,alpA|basR|btsR|glaR|glrR|nsrR|ptrR|rcdA,100,0.07015436194091179,0.06773170106545154,0.12712963324347634,1.035768493000333,0.11797923906619784,1755,,,,[],0,,False,True,
csd-20260805_174708,paired_hierarchical,1,0,0,9769808dfe284056,hns->ascG,shared_complete_observation_shared_scores,maximum,prefix,complete,0,100,0.2,0.9,biological_error,2151398048,921666314,2151398048,hns,ascG,False,identifiable,alpA|basR|btsR|glaR|glrR|nsrR|ptrR|rcdA,100,0.017145208167075578,0.1215938264765131,0.06819005214789066,0.1410039363337852,-0.24221819079336748,1755,,,,[],0,,False,True,
csd-20260805_174708,paired_hierarchical,1,0,0,9769808dfe284056,hns->dosC,shared_complete_observation_shared_scores,maximum,prefix,complete,0,100,0.2,0.9,biological_error,2151398048,921666314,2151398048,hns,dosC,False,identifiable,alpA|basR|btsR|glaR|glrR|nsrR|ptrR|rcdA,100,-0.06698573639923616,0.20872067047099177,0.20092264821682643,-0.32093484678866974,-0.25085041920253287,1755,,,,[],0,,False,True,
csd-20260805_174708,paired_hierarchical,1,0,0,9769808dfe284056,hns->glvC,shared_complete_observation_shared_scores,maximum,prefix,complete,0,100,0.2,0.9,biological_error,2151398048,921666314,2151398048,hns,glvC,False,identifiable,alpA|basR|btsR|glaR|glrR|nsrR|ptrR|rcdA,100,0.05226131993757352,0.18081808721151127,0.1507931844635029,0.289027058871832,-0.12726326195679744,1755,,,,[],0,,False,True,
csd-20260805_174708,paired_hierarchical,1,0,0,9769808dfe284056,hns->pdeG,shared_complete_observation_shared_scores,maximum,prefix,complete,0,100,0.2,0.9,biological_error,2151398048,921666314,2151398048,hns,pdeG,False,identifiable,alpA|basR|btsR|glaR|glrR|nsrR|ptrR|rcdA,100,0.07646603247933331,0.18095786255919796,0.15102640578125207,0.4225626419206762,-0.34677311626575985,1755,,,,[],0,,False,True,
csd-20260805_174708,paired_hierarchical,1,0,0,9769808dfe284056,hns->ttdR,shared_complete_observation_shared_scores,maximum,prefix,complete,0,100,0.2,0.9,biological_error,2151398048,921666314,2151398048,hns,ttdR,False,identifiable,alpA|basR|btsR|glaR|glrR|nsrR|ptrR|rcdA,100,0.01833857278964174,0.25062547013425307,0.28969992353154045,0.0731712254936351,-0.13122136512174473,1755,,,,[],0,,False,True,
csd-20260805_174708,paired_hierarchical,1,0,0,9769808dfe284056,hns->ydcC,shared_complete_observation_shared_scores,maximum,prefix,complete,0,100,0.2,0.9,biological_error,2151398048,921666314,2151398048,hns,ydcC,False,identifiable,alpA|basR|btsR|glaR|glrR|nsrR|ptrR|rcdA,100,0.2181080193235106,0.19223696774995364,0.1704401023451596,1.1345789619778437,-0.17032377886760428,1755,,,,[],0,,False,True,
csd-20260805_174708,paired_hierarchical,1,0,0,9769808dfe284056,hns->yjjP,shared_complete_observation_shared_scores,maximum,prefix,complete,0,100,0.2,0.9,biological_error,2151398048,921666314,2151398048,hns,yjjP,False,identifiable,alpA|basR|btsR|glaR|glrR|nsrR|ptrR|rcdA,100,0.08208291570669819,0.1559251380571967,0.11213217491376282,0.52642515972369,-0.3351708962860373,1755,,,,[],0,,False,True,
csd-20260805_174708,paired_hierarchical,1,0,0,9769808dfe284056,csrA->dgcI,shared_complete_observation_shared_scores,maximum,prefix,complete,0,100,0.2,0.9,biological_error,2151398048,921666314,2151398048,csrA,dgcI,False,identifiable,alpA|basR|btsR|glaR|glrR|nsrR|ptrR|rcdA,100,0.008481035176768818,0.11680106833677531,0.08694930279879685,0.07261093838898157,-0.28412468602629126,1755,,,,[],0,,False,True,
csd-20260805_174708,paired_hierarchical,1,0,0,9769808dfe284056,nhaR->alaT,shared_complete_observation_shared_scores,maximum,prefix,complete,0,100,0.2,0.9,biological_error,2151398048,921666314,2151398048,nhaR,alaT,False,identifiable,csrA|dksA|fis|hns|lrp|rpoD|rpoH|rpoS|ydeO,100,-0.0064239362838119755,0.10119380822804512,0.19939982171421153,-0.06348151528535546,0.1504007596968995,1755,,,,[],0,,False,True,
csd-20260805_174708,paired_hierarchical,1,0,0,9769808dfe284056,nhaR->alaU,shared_complete_observation_shared_scores,maximum,prefix,complete,0,100,0.2,0.9,biological_error,2151398048,921666314,2151398048,nhaR,alaU,False,identifiable,csrA|dksA|fis|hns|lrp|rpoD|rpoH|rpoS|ydeO,100,-0.12363979213129309,0.062464279292131906,0.07597668710021517,-1.9793679448866537,-0.12319861396901147,1755,,,,[],0,,False,True,
csd-20260805_174708,paired_hierarchical,1,0,0,9769808dfe284056,nhaR->alaV,shared_complete_observation_shared_scores,maximum,prefix,complete,0,100,0.2,0.9,biological_error,2151398048,921666314,2151398048,nhaR,alaV,False,identifiable,csrA|dksA|fis|hns|lrp|rpoD|rpoH|rpoS|ydeO,100,-0.09812594434462836,0.07861202576205059,0.12033580323897959,-1.2482307050786876,0.17421894254557052,1755,,,,[],0,,False,True,
csd-20260805_174708,paired_hierarchical,1,0,0,9769808dfe284056,nhaR->gltT,shared_complete_observation_shared_scores,maximum,prefix,complete,0,100,0.2,0.9,biological_error,2151398048,921666314,2151398048,nhaR,gltT,False,identifiable,csrA|dksA|fis|hns|lrp|rpoD|rpoH|rpoS|ydeO,100,-0.03783589079417643,0.08427480430895189,0.13829688274552301,-0.4489585126234153,0.1132182421092899,1755,,,,[],0,,False,True,
csd-20260805_174708,paired_hierarchical,1,0,0,9769808dfe284056,nhaR->gltU,shared_complete_observation_shared_scores,maximum,prefix,complete,0,100,0.2,0.9,biological_error,2151398048,921666314,2151398048,nhaR,gltU,False,identifiable,csrA|dksA|fis|hns|lrp|rpoD|rpoH|rpoS|ydeO,100,0.039401012816936726,0.09972049781004659,0.19363584779459028,0.39511448179881803,-0.15165796062074632,1755,,,,[],0,,False,True,
csd-20260805_174708,paired_hierarchical,1,0,0,9769808dfe284056,nhaR->gltV,shared_complete_observation_shared_scores,maximum,prefix,complete,0,100,0.2,0.9,biological_error,2151398048,921666314,2151398048,nhaR,gltV,False,identifiable,csrA|dksA|fis|hns|lrp|rpoD|rpoH|rpoS|ydeO,100,-0.015332906418411039,0.032695140129749216,0.020815329582871436,-0.46896591840753943,-0.09554421344427431,1755,,,,[],0,,False,True,
csd-20260805_174708,paired_hierarchical,1,0,0,9769808dfe284056,nhaR->gltW,shared_complete_observation_shared_scores,maximum,prefix,complete,0,100,0.2,0.9,biological_error,2151398048,921666314,2151398048,nhaR,gltW,False,identifiable,csrA|dksA|fis|hns|lrp|rpoD|rpoH|rpoS|ydeO,100,0.059530540119604035,0.09428199759010289,0.17309097993931902,0.6314094062624439,0.17462369129130653,1755,,,,[],0,,False,True,
csd-20260805_174708,paired_hierarchical,1,0,0,9769808dfe284056,nhaR->ileT,shared_complete_observation_shared_scores,maximum,prefix,complete,0,100,0.2,0.9,biological_error,2151398048,921666314,2151398048,nhaR,ileT,False,identifiable,csrA|dksA|fis|hns|lrp|rpoD|rpoH|rpoS|ydeO,100,-0.0005648875021752667,0.05634994737998193,0.06183066469301647,-0.010024632292308768,-0.4033202408439518,1755,,,,[],0,,False,True,
csd-20260805_174708,paired_hierarchical,1,0,0,9769808dfe284056,nhaR->ileU,shared_complete_observation_shared_scores,maximum,prefix,complete,0,100,0.2,0.9,biological_error,2151398048,921666314,2151398048,nhaR,ileU,False,identifiable,csrA|dksA|fis|hns|lrp|rpoD|rpoH|rpoS|ydeO,100,-0.03805548451818434,0.06907590687978468,0.09291162938721576,-0.5509226912418782,-0.07720278679273014,1755,,,,[],0,,False,True,
csd-20260805_174708,paired_hierarchical,1,0,0,9769808dfe284056,nhaR->ileV,shared_complete_observation_shared_scores,maximum,prefix,complete,0,100,0.2,0.9,biological_error,2151398048,921666314,2151398048,nhaR,ileV,False,identifiable,csrA|dksA|fis|hns|lrp|rpoD|rpoH|rpoS|ydeO,100,0.006149155043622729,0.10361417622267044,0.20905244085397146,0.059346657646613746,0.20026703617306377,1755,,,,[],0,,False,True,
csd-20260805_174708,paired_hierarchical,1,0,0,9769808dfe284056,nhaR->nhaA,shared_complete_observation_shared_scores,maximum,prefix,complete,0,100,0.2,0.9,biological_error,2151398048,921666314,2151398048,nhaR,nhaA,False,identifiable,csrA|hns|rpoD|rpoS|ydeO,100,0.008978459558483955,0.07481939475028385,0.11063410222517114,0.12000176676716424,0.09370506218019331,1755,,,,[],0,,False,True,
csd-20260805_174708,paired_hierarchical,1,0,0,9769808dfe284056,nhaR->osmC,shared_complete_observation_shared_scores,maximum,prefix,complete,0,100,0.2,0.9,biological_error,2151398048,921666314,2151398048,nhaR,osmC,False,identifiable,csrA|hns|lrp|rcsB|rpoD|rpoS|ydeO,100,-0.03240711050236965,0.09574313156749342,0.17914542002796702,-0.3384797423251661,0.1563792919198393,1755,,,,[],0,,False,True,
csd-20260805_174708,paired_hierarchical,1,0,0,9769808dfe284056,nhaR->pgaA,shared_complete_observation_shared_scores,maximum,prefix,complete,0,100,0.2,0.9,biological_error,2151398048,921666314,2151398048,nhaR,pgaA,False,identifiable,csrA|hns|nac|ompR|rpoD|rpoS|ydeO,100,0.0017681008257982795,0.0702836876079825,0.09759656799955116,0.02515663144569362,0.2664816491404588,1755,,,,[],0,,False,True,
csd-20260805_174708,paired_hierarchical,1,0,0,9769808dfe284056,nhaR->pgaB,shared_complete_observation_shared_scores,maximum,prefix,complete,0,100,0.2,0.9,biological_error,2151398048,921666314,2151398048,nhaR,pgaB,False,identifiable,csrA|hns|ompR|rpoD|rpoS|ydeO,100,-0.012021417789721272,0.07272216979982722,0.10451050337626633,-0.1653060933524268,0.27633017899857426,1755,,,,[],0,,False,True,
csd-20260805_174708,paired_hierarchical,1,0,0,9769808dfe284056,nhaR->pgaC,shared_complete_observation_shared_scores,maximum,prefix,complete,0,100,0.2,0.9,biological_error,2151398048,921666314,2151398048,nhaR,pgaC,False,identifiable,csrA|hns|ompR|rpoD|rpoS|ydeO,100,-0.015540272728537344,0.0555939197696815,0.06107744689120628,-0.27953187673973534,0.15245957962483156,1755,,,,[],0,,False,True,
csd-20260805_174708,paired_hierarchical,1,0,0,9769808dfe284056,nhaR->pgaD,shared_complete_observation_shared_scores,maximum,prefix,complete,0,100,0.2,0.9,biological_error,2151398048,921666314,2151398048,nhaR,pgaD,False,identifiable,csrA|hns|ompR|rpoD|rpoS|ydeO,100,-0.007817657922729277,0.08940387818921544,0.1579570444798751,-0.08744204480910651,0.06632348616892486,1755,,,,[],0,,False,True,
csd-20260805_174708,paired_hierarchical,1,0,0,9769808dfe284056,nhaR->rmf,shared_complete_observation_shared_scores,maximum,prefix,complete,0,100,0.2,0.9,biological_error,2151398048,921666314,2151398048,nhaR,rmf,False,identifiable,arcA|crp|csrA|cueR|fur|hns|kdpE|mcbR|phoP|rcdA|rpoD|rpoS|sdiA|slyA|ydeO|zntR|zraR,100,-0.036601905307855925,0.057321796929859795,0.05402709911849968,-0.6385338085727288,-0.1504944099332429,1755,,,,[],0,,False,True,
csd-20260805_174708,paired_hierarchical,1,0,0,9769808dfe284056,nhaR->rrfA,shared_complete_observation_shared_scores,maximum,prefix,complete,0,100,0.2,0.9,biological_error,2151398048,921666314,2151398048,nhaR,rrfA,False,identifiable,csrA|dksA|fis|hns|lrp|rpoD|rpoH|rpoS|ydeO,100,-0.0013662127344555024,0.06349271763019397,0.0784991073317423,-0.021517628878525114,0.2653249670462036,1755,,,,[],0,,False,True,
csd-20260805_174708,paired_hierarchical,1,0,0,9769808dfe284056,nhaR->rrfB,shared_complete_observation_shared_scores,maximum,prefix,complete,0,100,0.2,0.9,biological_error,2151398048,921666314,2151398048,nhaR,rrfB,False,identifiable,csrA|dksA|fis|hns|lrp|rpoD|rpoH|rpoS|ydeO,100,0.001471478706040207,0.08633848171767564,0.14515289433650516,0.017043138549180194,0.14832568098835985,1755,,,,[],0,,False,True,
csd-20260805_174708,paired_hierarchical,1,0,0,9769808dfe284056,nhaR->rrfC,shared_complete_observation_shared_scores,maximum,prefix,complete,0,100,0.2,0.9,biological_error,2151398048,921666314,2151398048,nhaR,rrfC,False,identifiable,csrA|dksA|fis|hns|lrp|rpoD|rpoH|rpoS|ydeO,100,-0.1921715211255829,0.11816719778269384,0.2719009714207578,-1.6262679045582593,-0.46249238913041285,1755,,,,[],0,,False,True,
csd-20260805_174708,paired_hierarchical,1,0,0,9769808dfe284056,nhaR->rrfD,shared_complete_observation_shared_scores,maximum,prefix,complete,0,100,0.2,0.9,biological_error,2151398048,921666314,2151398048,nhaR,rrfD,False,identifiable,csrA|dksA|fis|hns|lrp|rpoD|rpoH|rpoS|ydeO,100,-0.12029811648880473,0.08652488600506286,0.14578033946589883,-1.39032967326609,-0.3497277615227974,1755,,,,[],0,,False,True,
csd-20260805_174708,paired_hierarchical,1,0,0,9769808dfe284056,nhaR->rrfE,shared_complete_observation_shared_scores,maximum,prefix,complete,0,100,0.2,0.9,biological_error,2151398048,921666314,2151398048,nhaR,rrfE,False,identifiable,csrA|dksA|fis|hns|lrp|rpoD|rpoH|rpoS|ydeO,100,0.008524280737312491,0.09972470401197045,0.1936521832255313,0.08547812522250534,-0.15220691698485667,1755,,,,[],0,,False,True,
csd-20260805_174708,paired_hierarchical,1,0,0,9769808dfe284056,nhaR->rrfF,shared_complete_observation_shared_scores,maximum,prefix,complete,0,100,0.2,0.9,biological_error,2151398048,921666314,2151398048,nhaR,rrfF,False,identifiable,csrA|dksA|fis|hns|lrp|rpoD|rpoH|rpoS|ydeO,100,0.04769732511875281,0.10164423329961214,0.201178874567013,0.469257562090685,-0.4278738594996407,1755,,,,[],0,,False,True,
csd-20260805_174708,paired_hierarchical,1,0,0,9769808dfe284056,nhaR->rrfG,shared_complete_observation_shared_scores,maximum,prefix,complete,0,100,0.2,0.9,biological_error,2151398048,921666314,2151398048,nhaR,rrfG,False,identifiable,csrA|dksA|fis|hns|lrp|rpoD|rpoH|rpoS|ydeO,100,0.0716180641631201,0.09878791447785315,0.19003102890131265,0.724967872250971,0.2226959842831288,1755,,,,[],0,,False,True,
csd-20260805_174708,paired_hierarchical,1,0,0,9769808dfe284056,nhaR->rrfH,shared_complete_observation_shared_scores,maximum,prefix,complete,0,100,0.2,0.9,biological_error,2151398048,921666314,2151398048,nhaR,rrfH,False,identifiable,csrA|dksA|fis|hns|lrp|rpoD|rpoH|rpoS|ydeO,100,0.015133599413725062,0.11742389283031725,0.2684910625349586,0.12888006902985058,0.3971750956701367,1755,,,,[],0,,False,True,
csd-20260805_174708,paired_hierarchical,1,0,0,9769808dfe284056,nhaR->rrlA,shared_complete_observation_shared_scores,maximum,prefix,complete,0,100,0.2,0.9,biological_error,2151398048,921666314,2151398048,nhaR,rrlA,False,identifiable,csrA|dksA|fis|hns|lrp|rpoD|rpoH|rpoS|ydeO,100,0.01566829653574916,0.1151041581671552,0.25798764695601556,0.1361227672852229,0.17137153436580801,1755,,,,[],0,,False,True,
csd-20260805_174708,paired_hierarchical,1,0,0,9769808dfe284056,nhaR->rrlB,shared_complete_observation_shared_scores,maximum,prefix,complete,0,100,0.2,0.9,biological_error,2151398048,921666314,2151398048,nhaR,rrlB,False,identifiable,csrA|dksA|fis|hns|lrp|rpoD|rpoH|rpoS|ydeO,100,0.01742801249247824,0.05742610311641098,0.06421486568692834,0.30348589834050116,0.17993687727759328,1755,,,,[],0,,False,True,
csd-20260805_174708,paired_hierarchical,1,0,0,9769808dfe284056,nhaR->rrlC,shared_complete_observation_shared_scores,maximum,prefix,complete,0,100,0.2,0.9,biological_error,2151398048,921666314,2151398048,nhaR,rrlC,False,identifiable,csrA|dksA|fis|hns|lrp|rpoD|rpoH|rpoS|ydeO,100,0.013271044904478547,0.10379108606160535,0.2097669184972376,0.127863050749864,-0.21466921277646842,1755,,,,[],0,,False,True,
csd-20260805_174708,paired_hierarchical,1,0,0,9769808dfe284056,nhaR->rrlD,shared_complete_observation_shared_scores,maximum,prefix,complete,0,100,0.2,0.9,biological_error,2151398048,921666314,2151398048,nhaR,rrlD,False,identifiable,csrA|dksA|fis|hns|lrp|rpoD|rpoH|rpoS|ydeO,100,-0.1637438926882175,0.09765263303043945,0.18568841156035049,-1.67679956604116,-0.1254996639761817,1755,,,,[],0,,False,True,
csd-20260805_174708,paired_hierarchical,1,0,0,9769808dfe284056,nhaR->rrlE,shared_complete_observation_shared_scores,maximum,prefix,complete,0,100,0.2,0.9,biological_error,2151398048,921666314,2151398048,nhaR,rrlE,False,identifiable,csrA|dksA|fis|hns|lrp|rpoD|rpoH|rpoS|ydeO,100,0.012122016851166699,0.05721610064854378,0.0637460676224552,0.21186373614705983,-0.21758529496973203,1755,,,,[],0,,False,True,
csd-20260805_174708,paired_hierarchical,1,0,0,9769808dfe284056,nhaR->rrlG,shared_complete_observation_shared_scores,maximum,prefix,complete,0,100,0.2,0.9,biological_error,2151398048,921666314,2151398048,nhaR,rrlG,False,identifiable,csrA|dksA|fis|hns|lrp|rpoD|rpoH|rpoS|ydeO,100,0.0248930003283634,0.1604658652872853,0.501397553168906,0.15512956779809187,0.20389886018752743,1755,,,,[],0,,False,True,
csd-20260805_174708,paired_hierarchical,1,0,0,9769808dfe284056,nhaR->rrlH,shared_complete_observation_shared_scores,maximum,prefix,complete,0,100,0.2,0.9,biological_error,2151398048,921666314,2151398048,nhaR,rrlH,False,identifiable,csrA|dksA|fis|hns|lrp|rpoD|rpoH|rpoS|ydeO,100,-0.09465820110288414,0.13572219684869466,0.35868948621540675,-0.6974408261930115,0.14736681591548567,1755,,,,[],0,,False,True,
csd-20260805_174708,paired_hierarchical,1,0,0,9769808dfe284056,nhaR->rrsA,shared_complete_observation_shared_scores,maximum,prefix,complete,0,100,0.2,0.9,biological_error,2151398048,921666314,2151398048,nhaR,rrsA,False,identifiable,csrA|dksA|fis|hns|lrp|rpoD|rpoH|rpoS|ydeO,100,0.028112579201405415,0.08900067685400796,0.15424230424469812,0.3158692742024852,-0.21335850069658344,1755,,,,[],0,,False,True,
csd-20260805_174708,paired_hierarchical,1,0,0,9769808dfe284056,nhaR->rrsB,shared_complete_observation_shared_scores,maximum,prefix,complete,0,100,0.2,0.9,biological_error,2151398048,921666314,2151398048,nhaR,rrsB,False,identifiable,csrA|dksA|fis|hns|lrp|rpoD|rpoH|rpoS|ydeO,100,-0.0037805162503801023,0.07198710091907075,0.1009081521670975,-0.05251657869415008,0.17548331361432057,1755,,,,[],0,,False,True,
csd-20260805_174708,paired_hierarchical,1,0,0,9769808dfe284056,nhaR->rrsC,shared_complete_observation_shared_scores,maximum,prefix,complete,0,100,0.2,0.9,biological_error,2151398048,921666314,2151398048,nhaR,rrsC,False,identifiable,csrA|dksA|fis|hns|lrp|rpoD|rpoH|rpoS|ydeO,100,0.01673893905550077,0.07124089961345821,0.09882701445357621,0.23496248849079096,-0.16337305514246012,1755,,,,[],0,,False,True,
csd-20260805_174708,paired_hierarchical,1,0,0,9769808dfe284056,nhaR->rrsD,shared_complete_observation_shared_scores,maximum,prefix,complete,0,100,0.2,0.9,biological_error,2151398048,921666314,2151398048,nhaR,rrsD,False,identifiable,csrA|dksA|fis|hns|lrp|rpoD|rpoH|rpoS|ydeO,100,0.015630718503539958,0.08473582603883635,0.13981411582596948,0.1844641072640992,-0.19058777940015953,1755,,,,[],0,,False,True,
csd-20260805_174708,paired_hierarchical,1,0,0,9769808dfe284056,nhaR->rrsE,shared_complete_observation_shared_scores,maximum,prefix,complete,0,100,0.2,0.9,biological_error,2151398048,921666314,2151398048,nhaR,rrsE,False,identifiable,csrA|dksA|fis|hns|lrp|rpoD|rpoH|rpoS|ydeO,100,0.006186418549213283,0.09094296590393983,0.1610479173389795,0.06802525613413357,-0.18365392751950266,1755,,,,[],0,,False,True,
csd-20260805_174708,paired_hierarchical,1,0,0,9769808dfe284056,nhaR->rrsG,shared_complete_observation_shared_scores,maximum,prefix,complete,0,100,0.2,0.9,biological_error,2151398048,921666314,2151398048,nhaR,rrsG,False,identifiable,csrA|dksA|fis|hns|lrp|rpoD|rpoH|rpoS|ydeO,100,0.00048774966990242205,0.07584270969590541,0.11200684587711704,0.006431068613688451,0.33852836796542424,1755,,,,[],0,,False,True,
csd-20260805_174708,paired_hierarchical,1,0,0,9769808dfe284056,nhaR->rrsH,shared_complete_observation_shared_scores,maximum,prefix,complete,0,100,0.2,0.9,biological_error,2151398048,921666314,2151398048,nhaR,rrsH,False,identifiable,csrA|dksA|fis|hns|lrp|rpoD|rpoH|rpoS|ydeO,100,0.024208165645697825,0.10681425909779807,0.2221648513654793,0.2266379587348265,0.14336293148347973,1755,,,,[],0,,False,True,
csd-20260805_174708,paired_hierarchical,1,0,0,9769808dfe284056,nhaR->rsd,shared_complete_observation_shared_scores,maximum,prefix,complete,0,100,0.2,0.9,biological_error,2151398048,921666314,2151398048,nhaR,rsd,False,identifiable,arcA|csrA|cueR|fur|hns|kdpE|lrp|mcbR|nac|phoP|rcdA|rpoD|rpoS|sdiA|slyA|ydeO|zntR,100,-0.0121390331864112,0.101885244908014,0.17360360369634792,-0.11914417242036171,-0.19934797516494582,1755,,,,[],0,,False,True,
csd-20260805_174708,paired_hierarchical,1,0,0,9769808dfe284056,nhaR->thrV,shared_complete_observation_shared_scores,maximum,prefix,complete,0,100,0.2,0.9,biological_error,2151398048,921666314,2151398048,nhaR,thrV,False,identifiable,csrA|dksA|fis|hns|lrp|rpoD|rpoH|rpoS|ydeO,100,-0.010001354702468254,0.06369825507827476,0.07900816165995175,-0.157011439170166,-0.063309736599398,1755,,,,[],0,,False,True,
csd-20260805_174708,paired_hierarchical,1,0,0,9769808dfe284056,cueR->copA,shared_complete_observation_shared_scores,maximum,prefix,complete,0,100,0.2,0.9,biological_error,2151398048,921666314,2151398048,cueR,copA,False,identifiable,ompR|rpoD,100,-0.11806857700863031,0.1154822310030274,0.07365031423889541,-1.0223960516101833,0.2496078441808298,1755,,,,[],0,,False,True,
csd-20260805_174708,paired_hierarchical,1,0,0,9769808dfe284056,cueR->cueO,shared_complete_observation_shared_scores,maximum,prefix,complete,0,100,0.2,0.9,biological_error,2151398048,921666314,2151398048,cueR,cueO,False,identifiable,,100,0.010673734280636085,0.23038263929155298,0.2931592684624667,0.04633046271827931,0.12480216709017765,1755,,,,[],0,,False,True,
csd-20260805_174708,paired_hierarchical,1,0,0,9769808dfe284056,cueR->moaA,shared_complete_observation_shared_scores,maximum,prefix,complete,0,100,0.2,0.9,biological_error,2151398048,921666314,2151398048,cueR,moaA,False,identifiable,csrA|fnr|modE,100,0.007015625877182771,0.14319166265379651,0.11137792647661732,0.04899465336990248,-0.152919509675042,1755,,,,[],0,,False,True,
csd-20260805_174708,paired_hierarchical,1,0,0,9769808dfe284056,cueR->moaB,shared_complete_observation_shared_scores,maximum,prefix,complete,0,100,0.2,0.9,biological_error,2151398048,921666314,2151398048,cueR,moaB,False,identifiable,csrA|fnr|modE,100,0.026781919035253787,0.17350510089725232,0.16352650657587514,0.15435810761041385,-0.11706081850568983,1755,,,,[],0,,False,True,
csd-20260805_174708,paired_hierarchical,1,0,0,9769808dfe284056,cueR->moaC,shared_complete_observation_shared_scores,maximum,prefix,complete,0,100,0.2,0.9,biological_error,2151398048,921666314,2151398048,cueR,moaC,False,identifiable,csrA|fnr|modE,100,0.047304822207011814,0.16555879934142112,0.14889091571796642,0.2857282270419113,-0.050497550920153296,1755,,,,[],0,,False,True,
csd-20260805_174708,paired_hierarchical,1,0,0,9769808dfe284056,cueR->moaD,shared_complete_observation_shared_scores,maximum,prefix,complete,0,100,0.2,0.9,biological_error,2151398048,921666314,2151398048,cueR,moaD,False,identifiable,csrA|fnr|modE,100,-0.02552223382908253,0.17667432555560783,0.16955497954601503,-0.14445921187937105,-0.3098946094645074,1755,,,,[],0,,False,True,
csd-20260805_174708,paired_hierarchical,1,0,0,9769808dfe284056,cueR->moaE,shared_complete_observation_shared_scores,maximum,prefix,complete,0,100,0.2,0.9,biological_error,2151398048,921666314,2151398048,cueR,moaE,False,identifiable,csrA|fnr|modE,100,0.01159399252903787,0.12917838760159364,0.09064490192478046,0.08975179783785162,-0.11961696004314754,1755,,,,[],0,,False,True,
csd-20260805_174708,paired_hierarchical,1,0,0,9769808dfe284056,cueR->rmf,shared_complete_observation_shared_scores,maximum,prefix,complete,0,100,0.2,0.9,biological_error,2151398048,921666314,2151398048,cueR,rmf,False,identifiable,arcA|crp|fur|kdpE|mcbR|nhaR|phoP|rcdA|sdiA|slyA|zntR|zraR,100,-0.04344978982844455,0.10893815020827562,0.05887514776265415,-0.3988482432038197,-0.16940934040963326,1755,,,,[],0,,False,True,
csd-20260805_174708,paired_hierarchical,1,0,0,9769808dfe284056,cueR->rsd,shared_complete_observation_shared_scores,maximum,prefix,complete,0,100,0.2,0.9,biological_error,2151398048,921666314,2151398048,cueR,rsd,False,identifiable,arcA|fur|kdpE|lrp|mcbR|nac|nhaR|phoP|rcdA|rpoD|rpoS|sdiA|slyA|zntR,100,-0.0013687893316281898,0.1821611138696214,0.16900388592895152,-0.007514168652964412,-0.35948573027872505,1755,,,,[],0,,False,True,
csd-20260805_174708,paired_hierarchical,1,0,0,9769808dfe284056,cusR->cusA,shared_complete_observation_shared_scores,maximum,prefix,complete,0,100,0.2,0.9,biological_error,2151398048,921666314,2151398048,cusR,cusA,False,identifiable,hprR|phoB|rpoD|yieP,100,-0.021791937203889188,0.0626341590214018,0.07187646333554307,-0.347924160623646,0.09842429074903268,1755,,,,[],0,,False,True,
csd-20260805_174708,paired_hierarchical,1,0,0,9769808dfe284056,cusR->cusB,shared_complete_observation_shared_scores,maximum,prefix,complete,0,100,0.2,0.9,biological_error,2151398048,921666314,2151398048,cusR,cusB,False,identifiable,hprR|phoB|rpoD,100,-0.006167569510335028,0.06972113814772775,0.08919005656396538,-0.08846053971848468,0.2221558845926927,1755,,,,[],0,,False,True,
csd-20260805_174708,paired_hierarchical,1,0,0,9769808dfe284056,cusR->cusC,shared_complete_observation_shared_scores,maximum,prefix,complete,0,100,0.2,0.9,biological_error,2151398048,921666314,2151398048,cusR,cusC,False,identifiable,fur|hprR|phoB|rpoD,100,0.35257822804220856,0.1030921355788211,0.1949942327604447,3.420030306508085,0.1755993680402793,1755,,,,[],0,,False,True,
csd-20260805_174708,paired_hierarchical,1,0,0,9769808dfe284056,cusR->cusF,shared_complete_observation_shared_scores,maximum,prefix,complete,0,100,0.2,0.9,biological_error,2151398048,921666314,2151398048,cusR,cusF,False,identifiable,hprR|phoB|rpoD|yciT,100,0.01581818118837812,0.11829520381084306,0.25670039257172383,0.13371785735008987,0.6606429062472524,1755,,,,[],0,,False,True,
csd-20260805_174708,paired_hierarchical,1,0,0,9769808dfe284056,cusR->cusS,shared_complete_observation_shared_scores,maximum,prefix,complete,0,100,0.2,0.9,biological_error,2151398048,921666314,2151398048,cusR,cusS,False,identifiable,hprR|phoB|rpoD,100,-0.014306501561461276,0.04970627293122838,0.04533252435735351,-0.28782084670188773,0.06244078304051502,1755,,,,[],0,,False,True,
csd-20260805_174708,paired_hierarchical,1,0,0,9769808dfe284056,cusR->cyoA,shared_complete_observation_shared_scores,maximum,prefix,complete,0,100,0.2,0.9,biological_error,2151398048,921666314,2151398048,cusR,cyoA,False,identifiable,arcA|cra|crp|fis|fnr|fur|gadE|hprR|pdhR|phoB|rpoD,100,-0.06616695556396739,0.12262482659426492,0.24985310420479173,-0.5395885759977251,0.12165185922406553,1755,,,,[],0,,False,True,
csd-20260805_174708,paired_hierarchical,1,0,0,9769808dfe284056,cusR->cyoB,shared_complete_observation_shared_scores,maximum,prefix,complete,0,100,0.2,0.9,biological_error,2151398048,921666314,2151398048,cusR,cyoB,False,identifiable,arcA|cra|crp|fis|fnr|fur|gadE|hprR|pdhR|phoB|rpoD,100,-0.0698326409235594,0.09481135265734811,0.14936492402234597,-0.7365430295666939,0.14370353192323482,1755,,,,[],0,,False,True,
csd-20260805_174708,paired_hierarchical,1,0,0,9769808dfe284056,cusR->cyoC,shared_complete_observation_shared_scores,maximum,prefix,complete,0,100,0.2,0.9,biological_error,2151398048,921666314,2151398048,cusR,cyoC,False,identifiable,arcA|cra|crp|fis|fnr|fur|gadE|hprR|pdhR|phoB|rpoD,100,0.04791447902019186,0.1112760394578447,0.20574593180502349,0.43059116098702954,0.2889932937148411,1755,,,,[],0,,False,True,
csd-20260805_174708,paired_hierarchical,1,0,0,9769808dfe284056,cusR->cyoD,shared_complete_observation_shared_scores,maximum,prefix,complete,0,100,0.2,0.9,biological_error,2151398048,921666314,2151398048,cusR,cyoD,False,identifiable,arcA|cra|crp|fis|fnr|fur|gadE|hprR|pdhR|phoB|rpoD,100,-0.11766830412937823,0.10983686000884957,0.20045835163242523,-1.0713006919525712,0.2492292392942213,1755,,,,[],0,,False,True,
csd-20260805_174708,paired_hierarchical,1,0,0,9769808dfe284056,cusR->cyoE,shared_complete_observation_shared_scores,maximum,prefix,complete,0,100,0.2,0.9,biological_error,2151398048,921666314,2151398048,cusR,cyoE,False,identifiable,arcA|cra|crp|fis|fnr|fur|gadE|hprR|pdhR|phoB|rpoD,100,0.18129815312500994,0.1297704402449788,0.27982047727017023,1.3970681827291165,0.3661327437034255,1755,,,,[],0,,False,True,
csd-20260805_174708,paired_hierarchical,1,0,0,9769808dfe284056,cusR->hiuH,shared_complete_observation_shared_scores,maximum,prefix,complete,0,100,0.2,0.9,biological_error,2151398048,921666314,2151398048,cusR,hiuH,False,identifiable,hprR|phoB|rpoD,100,-0.05666633989841642,0.11561698068280042,0.24526227399778328,-0.4901212569620952,0.16411842867129323,1755,,,,[],0,,False,True,
csd-20260805_174708,paired_hierarchical,1,0,0,9769808dfe284056,cusR->msrP,shared_complete_observation_shared_scores,maximum,prefix,complete,0,100,0.2,0.9,biological_error,2151398048,921666314,2151398048,cusR,msrP,False,identifiable,hprR|phoB|rpoD,100,-0.09833249323804676,0.0980160822521947,0.17627153336961304,-1.0032281537741727,0.24185563007644748,1755,,,,[],0,,False,True,
csd-20260805_174708,paired_hierarchical,1,0,0,9769808dfe284056,cusR->msrQ,shared_complete_observation_shared_scores,maximum,prefix,complete,0,100,0.2,0.9,biological_error,2151398048,921666314,2151398048,cusR,msrQ,False,identifiable,hprR|phoB|rpoD,100,-0.002703803244145528,0.10199341051159934,0.19086738861702482,-0.02650958753691283,0.23092485371108878,1755,,,,[],0,,False,True,
csd-20260805_174708,paired_hierarchical,1,0,0,9769808dfe284056,cynR->cynS,shared_complete_observation_shared_scores,maximum,prefix,complete,0,100,0.2,0.9,biological_error,2151398048,921666314,2151398048,cynR,cynS,False,identifiable,nac|rpoD,100,0.02474090490040171,0.09170194396458962,0.13518236943659465,0.2697969511960981,0.60773409373296,1755,,,,[],0,,False,True,
csd-20260805_174708,paired_hierarchical,1,0,0,9769808dfe284056,cynR->cynT,shared_complete_observation_shared_scores,maximum,prefix,complete,0,100,0.2,0.9,biological_error,2151398048,921666314,2151398048,cynR,cynT,False,identifiable,nac|rpoD,100,-0.0006336501754990037,0.09014063149460168,0.13061834068180173,-0.007029573290009085,0.24872548840393274,1755,,,,[],0,,False,True,
csd-20260805_174708,paired_hierarchical,1,0,0,9769808dfe284056,cynR->cynX,shared_complete_observation_shared_scores,maximum,prefix,complete,0,100,0.2,0.9,biological_error,2151398048,921666314,2151398048,cynR,cynX,False,identifiable,nac|rpoD,100,0.013141388340809575,0.06040910862328677,0.05866348032679752,0.21753984854767042,0.16096443564875945,1755,,,,[],0,,False,True,
csd-20260805_174708,paired_hierarchical,1,0,0,9769808dfe284056,cysB->ariR,shared_complete_observation_shared_scores,maximum,prefix,complete,0,100,0.2,0.9,biological_error,2151398048,921666314,2151398048,cysB,ariR,False,identifiable,bluR|lrp|marA|phoP|rpoD|rpoS,100,-0.019658876524317727,0.11884979574020788,0.10034620094174625,-0.16540942625841606,0.17228705482506154,1755,,,,[],0,,False,True,
csd-20260805_174708,paired_hierarchical,1,0,0,9769808dfe284056,cysB->cbl,shared_complete_observation_shared_scores,maximum,prefix,complete,0,100,0.2,0.9,biological_error,2151398048,921666314,2151398048,cysB,cbl,False,identifiable,cpxR|glnG|lrp|phoP|rpoD,100,0.0034771084555418707,0.0597680354539979,0.02535368592279476,0.05817672321216116,0.34099362686729145,1755,,,,[],0,,False,True,
csd-20260805_174708,paired_hierarchical,1,0,0,9769808dfe284056,cysB->cysA,shared_complete_observation_shared_scores,maximum,prefix,complete,0,100,0.2,0.9,biological_error,2151398048,921666314,2151398048,cysB,cysA,False,identifiable,hns|lrp|phoP|rpoD,100,0.010916587007956792,0.10624996078213493,0.08020581452005007,0.10274438623409193,0.17103591344849528,1755,,,,[],0,,False,True,
csd-20260805_174708,paired_hierarchical,1,0,0,9769808dfe284056,cysB->cysC,shared_complete_observation_shared_scores,maximum,prefix,complete,0,100,0.2,0.9,biological_error,2151398048,921666314,2151398048,cysB,cysC,False,identifiable,lrp|phoP|rpoD,100,-0.01217425505134129,0.1760342795359292,0.2202455433581286,-0.06915843370641048,0.08186445438652223,1755,,,,[],0,,False,True,
csd-20260805_174708,paired_hierarchical,1,0,0,9769808dfe284056,cysB->cysD,shared_complete_observation_shared_scores,maximum,prefix,complete,0,100,0.2,0.9,biological_error,2151398048,921666314,2151398048,cysB,cysD,False,identifiable,lrp|phoP|rpoD,100,-0.01753778164549625,0.15005800992785662,0.16004090554086753,-0.11687334554102036,0.2562983453329108,1755,,,,[],0,,False,True,
csd-20260805_174708,paired_hierarchical,1,0,0,9769808dfe284056,cysB->cysH,shared_complete_observation_shared_scores,maximum,prefix,complete,0,100,0.2,0.9,biological_error,2151398048,921666314,2151398048,cysB,cysH,False,identifiable,hypT|ihfA|ihfB|lrp|phoP|rpoD,100,-0.15757821852688805,0.06494608634372538,0.02651873180458777,-2.426292751389355,0.0687131494398939,1755,,,,[],0,,False,True,
csd-20260805_174708,paired_hierarchical,1,0,0,9769808dfe284056,cysB->cysI,shared_complete_observation_shared_scores,maximum,prefix,complete,0,100,0.2,0.9,biological_error,2151398048,921666314,2151398048,cysB,cysI,False,identifiable,ihfA|ihfB|lrp|phoP|rpoD,100,0.006278951852201823,0.1681442399125421,0.17787323555223267,0.03734265209125054,0.19749195337994627,1755,,,,[],0,,False,True,
csd-20260805_174708,paired_hierarchical,1,0,0,9769808dfe284056,cysB->cysJ,shared_complete_observation_shared_scores,maximum,prefix,complete,0,100,0.2,0.9,biological_error,2151398048,921666314,2151398048,cysB,cysJ,False,identifiable,ihfA|ihfB|lrp|nac|phoP|rpoD|yafC|yeiE,100,-0.013534075380420209,0.13389599213705128,0.112178172793183,-0.10107901785863165,0.3019122125004239,1755,,,,[],0,,False,True,
csd-20260805_174708,paired_hierarchical,1,0,0,9769808dfe284056,cysB->cysK,shared_complete_observation_shared_scores,maximum,prefix,complete,0,100,0.2,0.9,biological_error,2151398048,921666314,2151398048,cysB,cysK,False,identifiable,lrp|phoP|rpoD,100,0.25866011954314283,0.08829539544386295,0.055410076132247243,2.9294859402673556,0.20287580256980609,1755,,,,[],0,,False,True,
csd-20260805_174708,paired_hierarchical,1,0,0,9769808dfe284056,cysB->cysM,shared_complete_observation_shared_scores,maximum,prefix,complete,0,100,0.2,0.9,biological_error,2151398048,921666314,2151398048,cysB,cysM,False,identifiable,hns|lrp|phoP|rpoD,100,-0.08445960993133972,0.15839231246827226,0.1782446467730737,-0.5332304871062346,0.17997796955914552,1755,,,,[],0,,False,True,
csd-20260805_174708,paired_hierarchical,1,0,0,9769808dfe284056,cysB->cysN,shared_complete_observation_shared_scores,maximum,prefix,complete,0,100,0.2,0.9,biological_error,2151398048,921666314,2151398048,cysB,cysN,False,identifiable,glaR|lrp|phoP|rpoD,100,0.11695720503420357,0.13951361383900118,0.1378645591633533,0.8383210915113436,0.3836208177810876,1755,,,,[],0,,False,True,
csd-20260805_174708,paired_hierarchical,1,0,0,9769808dfe284056,cysB->cysP,shared_complete_observation_shared_scores,maximum,prefix,complete,0,100,0.2,0.9,biological_error,2151398048,921666314,2151398048,cysB,cysP,False,identifiable,hns|lrp|phoP|rpoD,100,-0.04072830998949761,0.1271189030742923,0.1148070532402241,-0.3203953857727572,0.11569719291939075,1755,,,,[],0,,False,True,
csd-20260805_174708,paired_hierarchical,1,0,0,9769808dfe284056,cysB->cysU,shared_complete_observation_shared_scores,maximum,prefix,complete,0,100,0.2,0.9,biological_error,2151398048,921666314,2151398048,cysB,cysU,False,identifiable,hns|lrp|phoP|rpoD,100,-0.08464252358188089,0.11930503692474881,0.10112670472611404,-0.7094631187723351,0.18569878774029616,1755,,,,[],0,,False,True,
csd-20260805_174708,paired_hierarchical,1,0,0,9769808dfe284056,cysB->cysW,shared_complete_observation_shared_scores,maximum,prefix,complete,0,100,0.2,0.9,biological_error,2151398048,921666314,2151398048,cysB,cysW,False,identifiable,hns|lrp|phoP|rpoD,100,0.21638650153101724,0.1489587403589133,0.15764502836884348,1.4526606562974285,0.07765344545236386,1755,,,,[],0,,False,True,
csd-20260805_174708,paired_hierarchical,1,0,0,9769808dfe284056,cysB->dgcZ,shared_complete_observation_shared_scores,maximum,prefix,complete,0,100,0.2,0.9,biological_error,2151398048,921666314,2151398048,cysB,dgcZ,False,identifiable,cpxR|csrA|hns|lrp|phoP|rpoD,100,-0.1487012203700096,0.09315346727533788,0.06158632056363158,-1.596303655885258,0.12158525774687244,1755,,,,[],0,,False,True,
csd-20260805_174708,paired_hierarchical,1,0,0,9769808dfe284056,cysB->hslJ,shared_complete_observation_shared_scores,maximum,prefix,complete,0,100,0.2,0.9,biological_error,2151398048,921666314,2151398048,cysB,hslJ,False,identifiable,lrp|phoP|rpoD,100,-0.0759100246651836,0.12312738999517592,0.10775116690605233,-0.6165161518339479,-0.15205519699398326,1755,,,,[],0,,False,True,
csd-20260805_174708,paired_hierarchical,1,0,0,9769808dfe284056,cysB->ssuA,shared_complete_observation_shared_scores,maximum,prefix,complete,0,100,0.2,0.9,biological_error,2151398048,921666314,2151398048,cysB,ssuA,False,identifiable,cpxR|fnr|glnG|ihfA|ihfB|lrp|phoP|rpoD|yeiE,100,0.02079150831480621,0.12171271403827454,0.09248734708280937,0.17082445724008735,-0.09822444101322463,1755,,,,[],0,,False,True,
csd-20260805_174708,paired_hierarchical,1,0,0,9769808dfe284056,cysB->ssuB,shared_complete_observation_shared_scores,maximum,prefix,complete,0,100,0.2,0.9,biological_error,2151398048,921666314,2151398048,cysB,ssuB,False,identifiable,cpxR|fnr|glnG|ihfA|ihfB|lrp|phoP|rpoD,100,-0.41309711431675644,0.2935652103780574,0.538737691585873,-1.4071732607033518,-0.10159011194888146,1755,,,,[],0,,False,True,
csd-20260805_174708,paired_hierarchical,1,0,0,9769808dfe284056,cysB->ssuC,shared_complete_observation_shared_scores,maximum,prefix,complete,0,100,0.2,0.9,biological_error,2151398048,921666314,2151398048,cysB,ssuC,False,identifiable,cpxR|fnr|glnG|ihfA|ihfB|lrp|phoP|rpoD,100,0.009936481562763465,0.07147265530639395,0.031933610268570146,0.13902493926057546,-0.12728634693017868,1755,,,,[],0,,False,True,
csd-20260805_174708,paired_hierarchical,1,0,0,9769808dfe284056,cysB->ssuD,shared_complete_observation_shared_scores,maximum,prefix,complete,0,100,0.2,0.9,biological_error,2151398048,921666314,2151398048,cysB,ssuD,False,identifiable,cpxR|fnr|glnG|ihfA|ihfB|lrp|phoP|rpoD,100,-0.082646657352458,0.10221616193171199,0.06531415705385157,-0.8085478440060402,-0.2606145757693994,1755,,,,[],0,,False,True,
csd-20260805_174708,paired_hierarchical,1,0,0,9769808dfe284056,cysB->ssuE,shared_complete_observation_shared_scores,maximum,prefix,complete,0,100,0.2,0.9,biological_error,2151398048,921666314,2151398048,cysB,ssuE,False,identifiable,cpxR|fnr|glnG|ihfA|ihfB|lrp|nac|phoP|rpoD,100,0.007760211640937577,0.13141001226384616,0.1078225105889633,0.05905342756803459,-0.17545361839622592,1755,,,,[],0,,False,True,
csd-20260805_174708,paired_hierarchical,1,0,0,9769808dfe284056,cysB->tauA,shared_complete_observation_shared_scores,maximum,prefix,complete,0,100,0.2,0.9,biological_error,2151398048,921666314,2151398048,cysB,tauA,False,identifiable,cpxR|fur|glnG|lrp|nac|phoP|rpoD,100,0.1503337884531742,0.17112605986747717,0.2006860075199523,0.8784973403209023,0.2427211553931916,1755,,,,[],0,,False,True,
csd-20260805_174708,paired_hierarchical,1,0,0,9769808dfe284056,cysB->tauB,shared_complete_observation_shared_scores,maximum,prefix,complete,0,100,0.2,0.9,biological_error,2151398048,921666314,2151398048,cysB,tauB,False,identifiable,cpxR|fur|glnG|lrp|phoP|rpoD,100,0.038639972056690106,0.08259055967879438,0.046826087234238506,0.46784974223405285,0.15137428136953796,1755,,,,[],0,,False,True,
csd-20260805_174708,paired_hierarchical,1,0,0,9769808dfe284056,cysB->tauC,shared_complete_observation_shared_scores,maximum,prefix,complete,0,100,0.2,0.9,biological_error,2151398048,921666314,2151398048,cysB,tauC,False,identifiable,cpxR|fur|glnG|lrp|phoP|rpoD,100,-0.02699735495512711,0.13739425725727722,0.12958782862867238,-0.19649551221470116,0.2342938434314299,1755,,,,[],0,,False,True,
csd-20260805_174708,paired_hierarchical,1,0,0,9769808dfe284056,cysB->tauD,shared_complete_observation_shared_scores,maximum,prefix,complete,0,100,0.2,0.9,biological_error,2151398048,921666314,2151398048,cysB,tauD,False,identifiable,cpxR|glnG|lrp|phoP|rpoD,100,0.012128918340503938,0.083085718283714,0.048995466998330274,0.14598078455658464,0.09613179315165363,1755,,,,[],0,,False,True,
csd-20260805_174708,paired_hierarchical,1,0,0,9769808dfe284056,cysB->tcyJ,shared_complete_observation_shared_scores,maximum,prefix,complete,0,100,0.2,0.9,biological_error,2151398048,921666314,2151398048,cysB,tcyJ,False,identifiable,csgD|flhC|flhD|fliA|hns|ihfA|ihfB|lrp|matA|nsrR|phoP|rpoD|sutR,100,-0.23435816671171422,0.30533361150740185,0.5729674191288806,-0.7675478816587245,0.2900489390301098,1755,,,,[],0,,False,True,
csd-20260805_174708,paired_hierarchical,1,0,0,9769808dfe284056,cysB->tcyP,shared_complete_observation_shared_scores,maximum,prefix,complete,0,100,0.2,0.9,biological_error,2151398048,921666314,2151398048,cysB,tcyP,False,identifiable,lrp|phoP|rpoD,100,-0.039907351015495425,0.11157119710508533,0.08847423592821603,-0.3576850661368092,0.2599086520281002,1755,,,,[],0,,False,True,
csd-20260805_174708,paired_hierarchical,1,0,0,9769808dfe284056,cysB->ybdN,shared_complete_observation_shared_scores,maximum,prefix,complete,0,100,0.2,0.9,biological_error,2151398048,921666314,2151398048,cysB,ybdN,False,identifiable,arcA|citR|fnr|lrp|phoP|rpoD,100,-0.0060425897052956475,0.05408416286880469,0.0205772670805666,-0.1117256768853672,0.13397036019559733,1755,,,,[],0,,False,True,
csd-20260805_174708,paired_hierarchical,1,0,0,9769808dfe284056,cysB->yciW,shared_complete_observation_shared_scores,maximum,prefix,complete,0,100,0.2,0.9,biological_error,2151398048,921666314,2151398048,cysB,yciW,False,identifiable,lrp|phoP|rpoD,100,0.015918081789646404,0.15890010002221938,0.17945723668961167,0.10017666311991333,0.19569613415075873,1755,,,,[],0,,False,True,
csd-20260805_174708,paired_hierarchical,1,0,0,9769808dfe284056,cysB->yfbR,shared_complete_observation_shared_scores,maximum,prefix,complete,0,100,0.2,0.9,biological_error,2151398048,921666314,2151398048,cysB,yfbR,False,identifiable,lrp|phoP|rpoD|rpoH,100,-0.15079981421024174,0.10210222661780168,0.07393206533169804,-1.476949320358402,0.15175865501920688,1755,,,,[],0,,False,True,
csd-20260805_174708,paired_hierarchical,1,0,0,9769808dfe284056,cysB->ygeH,shared_complete_observation_shared_scores,maximum,prefix,complete,0,100,0.2,0.9,biological_error,2151398048,921666314,2151398048,cysB,ygeH,False,identifiable,lrp|phoP|rpoD,100,0.018364765213863744,0.1065109641545091,0.08063085536262415,0.17242135924357116,0.18698503496630842,1755,,,,[],0,,False,True,
csd-20260805_174708,paired_hierarchical,1,0,0,9769808dfe284056,cysB->yoaC,shared_complete_observation_shared_scores,maximum,prefix,complete,0,100,0.2,0.9,biological_error,2151398048,921666314,2151398048,cysB,yoaC,False,identifiable,lrp|phoP|rpoD|rpoE|yeiE,100,0.012484496639090372,0.14746424195497276,0.1435454141404987,0.08466117937189431,0.15626378222415357,1755,,,,[],0,,False,True,
csd-20260805_174708,paired_hierarchical,1,0,0,9769808dfe284056,deaD->mntR,shared_complete_observation_shared_scores,maximum,prefix,complete,0,100,0.2,0.9,biological_error,2151398048,921666314,2151398048,deaD,mntR,False,identifiable,alpA|basR|btsR|glaR|glrR|nsrR|ptrR|rcdA,100,-0.003708590484474024,0.07812304595447371,0.07633806976929679,-0.04747114553924599,0.15983835711553887,1755,,,,[],0,,False,True,
csd-20260805_174708,paired_hierarchical,1,0,0,9769808dfe284056,mntR->dps,shared_complete_observation_shared_scores,maximum,prefix,complete,0,100,0.2,0.9,biological_error,2151398048,921666314,2151398048,mntR,dps,False,identifiable,argR|deaD|fis|hns|ihfA|ihfB|oxyR|rpoD|rpoS,100,0.0620351142233168,0.1841144104911693,0.22772365808672024,0.3369378532501789,-0.13070983034292127,1755,,,,[],0,,False,True,
csd-20260805_174708,paired_hierarchical,1,0,0,9769808dfe284056,mntR->mntH,shared_complete_observation_shared_scores,maximum,prefix,complete,0,100,0.2,0.9,biological_error,2151398048,921666314,2151398048,mntR,mntH,False,identifiable,deaD|fur|nac|oxyR|rpoD,100,0.2615396541084996,0.1491611534514774,0.15700233263717192,1.7534032692605805,-0.2385610075411022,1755,,,,[],0,,False,True,
csd-20260805_174708,paired_hierarchical,1,0,0,9769808dfe284056,mntR->mntP,shared_complete_observation_shared_scores,maximum,prefix,complete,0,100,0.2,0.9,biological_error,2151398048,921666314,2151398048,mntR,mntP,False,identifiable,deaD|fur|rpoD,100,-0.023086078133546226,0.053623176036181636,0.02075147286346661,-0.4305242590996317,0.11808158657910496,1755,,,,[],0,,False,True,
csd-20260805_174708,paired_hierarchical,1,0,0,9769808dfe284056,mntR->mntS,shared_complete_observation_shared_scores,maximum,prefix,complete,0,100,0.2,0.9,biological_error,2151398048,921666314,2151398048,mntR,mntS,False,identifiable,deaD|rpoD,100,-0.0006671986829271566,0.12430214717047287,0.11151198987826105,-0.005367555574177926,-0.169776494410266,1755,,,,[],0,,False,True,
csd-20260805_174708,paired_hierarchical,1,0,0,9769808dfe284056,uvrY->luxS,shared_complete_observation_shared_scores,maximum,prefix,complete,0,100,0.2,0.9,biological_error,2151398048,921666314,2151398048,uvrY,luxS,False,identifiable,deaD|lexA|nac|rpoD|rpoS,100,-0.05517056150606338,0.12242981020716476,0.17089620562222854,-0.450630131768633,0.15860263358462143,1755,,,,[],0,,False,True,
csd-20260805_174708,paired_hierarchical,1,0,0,9769808dfe284056,uvrY->uhpT,shared_complete_observation_shared_scores,maximum,prefix,complete,0,100,0.2,0.9,biological_error,2151398048,921666314,2151398048,uvrY,uhpT,False,identifiable,crp|deaD|lexA|nac|rpoD|uhpA,100,-0.03861765142401112,0.12319337018483895,0.17231777806090678,-0.31347183185320215,0.18165841219256,1755,,,,[],0,,False,True,
csd-20260805_174708,paired_hierarchical,1,0,0,9769808dfe284056,uvrY->ydeP,shared_complete_observation_shared_scores,maximum,prefix,complete,0,100,0.2,0.9,biological_error,2151398048,921666314,2151398048,uvrY,ydeP,False,identifiable,deaD|evgA|hns|lexA|nac|nagC|narL|narP|phoP|rcsB|rpoD,100,-0.009442773856155932,0.1871983406794181,0.3964743516541238,-0.05044261515291379,0.19120280555036298,1755,,,,[],0,,False,True,
csd-20260805_174708,paired_hierarchical,1,0,0,9769808dfe284056,decR->cyuA,shared_complete_observation_shared_scores,maximum,prefix,complete,0,100,0.2,0.9,biological_error,2151398048,921666314,2151398048,decR,cyuA,False,identifiable,marA|rpoD|soxS,100,0.03344023582501309,0.11749992612103155,0.17144420212097086,0.2845979306452309,0.05032198964783571,1755,,,,[],0,,False,True,
csd-20260805_174708,paired_hierarchical,1,0,0,9769808dfe284056,decR->cyuP,shared_complete_observation_shared_scores,maximum,prefix,complete,0,100,0.2,0.9,biological_error,2151398048,921666314,2151398048,decR,cyuP,False,identifiable,marA|rpoD|soxS,100,0.0029506355946423294,0.06691266407273028,0.05559865150640976,0.04409681837559413,0.21687472741473704,1755,,,,[],0,,False,True,
csd-20260805_174708,paired_hierarchical,1,0,0,9769808dfe284056,deoR->deoA,shared_complete_observation_shared_scores,maximum,prefix,complete,0,100,0.2,0.9,biological_error,2151398048,921666314,2151398048,deoR,deoA,False,identifiable,crp|cytR|fis|modE|rpoD,100,-0.2419740092510671,0.09645663081239539,0.11738267215041526,-2.5086301191848355,-0.22757173672933964,1755,,,,[],0,,False,True,
csd-20260805_174708,paired_hierarchical,1,0,0,9769808dfe284056,deoR->deoB,shared_complete_observation_shared_scores,maximum,prefix,complete,0,100,0.2,0.9,biological_error,2151398048,921666314,2151398048,deoR,deoB,False,identifiable,crp|cytR|fis|lrp|modE|rpoD,100,0.010119933960772858,0.0696486999622977,0.060813370662269106,0.14529968206514968,-0.17246286705866287,1755,,,,[],0,,False,True,
csd-20260805_174708,paired_hierarchical,1,0,0,9769808dfe284056,deoR->deoC,shared_complete_observation_shared_scores,maximum,prefix,complete,0,100,0.2,0.9,biological_error,2151398048,921666314,2151398048,deoR,deoC,False,identifiable,crp|cytR|fis|modE|rpoD,100,0.13661127846757334,0.08833150130238157,0.0984398717504892,1.5465748510253168,-0.1626045839014843,1755,,,,[],0,,False,True,
csd-20260805_174708,paired_hierarchical,1,0,0,9769808dfe284056,deoR->deoD,shared_complete_observation_shared_scores,maximum,prefix,complete,0,100,0.2,0.9,biological_error,2151398048,921666314,2151398048,deoR,deoD,False,identifiable,crp|cytR|fis|modE|rpoD,100,-0.003987591692466469,0.08590656795057094,0.09310919101993165,-0.0464177744216351,-0.15395712096830289,1755,,,,[],0,,False,True,
csd-20260805_174708,paired_hierarchical,1,0,0,9769808dfe284056,deoR->nupG,shared_complete_observation_shared_scores,maximum,prefix,complete,0,100,0.2,0.9,biological_error,2151398048,921666314,2151398048,deoR,nupG,False,identifiable,crp|cytR|rpoD,100,-0.06618178550452881,0.14718501650431143,0.2749740960186003,-0.44965029101715787,-0.2789295016506166,1755,,,,[],0,,False,True,
csd-20260805_174708,paired_hierarchical,1,0,0,9769808dfe284056,deoR->tsx,shared_complete_observation_shared_scores,maximum,prefix,complete,0,100,0.2,0.9,biological_error,2151398048,921666314,2151398048,deoR,tsx,False,identifiable,crp|cytR|rpoD,100,0.029349526085188475,0.07309458877575803,0.06781644742602577,0.4015280279533128,-0.168760120942758,1755,,,,[],0,,False,True,
csd-20260805_174708,paired_hierarchical,1,0,0,9769808dfe284056,dhaR->dhaK,shared_complete_observation_shared_scores,maximum,prefix,complete,0,100,0.2,0.9,biological_error,2151398048,921666314,2151398048,dhaR,dhaK,False,identifiable,lrp|nac|rpoS|srsR,100,0.07612637228894607,0.1518442249521378,0.12917542410520488,0.5013451931605667,0.29084262542870415,1755,,,,[],0,,False,True,
csd-20260805_174708,paired_hierarchical,1,0,0,9769808dfe284056,dhaR->dhaL,shared_complete_observation_shared_scores,maximum,prefix,complete,0,100,0.2,0.9,biological_error,2151398048,921666314,2151398048,dhaR,dhaL,False,identifiable,nac|rpoS|srsR,100,-0.028383359424253594,0.1854338265318694,0.20442135436756437,-0.15306462663852496,0.21064536103203593,1755,,,,[],0,,False,True,
csd-20260805_174708,paired_hierarchical,1,0,0,9769808dfe284056,dhaR->dhaM,shared_complete_observation_shared_scores,maximum,prefix,complete,0,100,0.2,0.9,biological_error,2151398048,921666314,2151398048,dhaR,dhaM,False,identifiable,nac|rpoS|srsR,100,0.02232389930553206,0.14870172266585555,0.13145597787249866,0.1501253576980787,0.19877037872082517,1755,,,,[],0,,False,True,
csd-20260805_174708,paired_hierarchical,1,0,0,9769808dfe284056,dicA->dicB,shared_complete_observation_shared_scores,maximum,prefix,complete,0,100,0.2,0.9,biological_error,2151398048,921666314,2151398048,dicA,dicB,False,identifiable,dicD|rpoD,100,-0.03879542208902629,0.1113899583721117,0.15512622638869145,-0.34828473460260634,-0.13491887271427938,1755,,,,[],0,,False,True,
csd-20260805_174708,paired_hierarchical,1,0,0,9769808dfe284056,dicA->dicC,shared_complete_observation_shared_scores,maximum,prefix,complete,0,100,0.2,0.9,biological_error,2151398048,921666314,2151398048,dicA,dicC,False,identifiable,dicD|rpoD,100,0.07940304994885009,0.13239004890119618,0.2191310046369007,0.5997659990903792,-0.20263913128334302,1755,,,,[],0,,False,True,
csd-20260805_174708,paired_hierarchical,1,0,0,9769808dfe284056,dicA->insD7,shared_complete_observation_shared_scores,maximum,prefix,complete,0,100,0.2,0.9,biological_error,2151398048,921666314,2151398048,dicA,insD7,False,identifiable,dicD|rpoD,100,-0.015257688653665875,0.08126871165219732,0.08257334815687888,-0.1877437004165101,-0.06897711425250608,1755,,,,[],0,,False,True,
csd-20260805_174708,paired_hierarchical,1,0,0,9769808dfe284056,dicA->intQ,shared_complete_observation_shared_scores,maximum,prefix,complete,0,100,0.2,0.9,biological_error,2151398048,921666314,2151398048,dicA,intQ,False,identifiable,dicD|rpoD,100,-0.45129672631167744,0.13816754007786455,0.23867404620157517,-3.2663006525074443,-0.26744384634744195,1755,,,,[],0,,False,True,
csd-20260805_174708,paired_hierarchical,1,0,0,9769808dfe284056,dicA->ydfD,shared_complete_observation_shared_scores,maximum,prefix,complete,0,100,0.2,0.9,biological_error,2151398048,921666314,2151398048,dicA,ydfD,False,identifiable,dicD|rpoD,100,0.06443058850386385,0.06660130716447513,0.05545729094073265,0.9674072664182013,-0.17065778134909754,1755,,,,[],0,,False,True,
csd-20260805_174708,paired_hierarchical,1,0,0,9769808dfe284056,dicA->ydfW,shared_complete_observation_shared_scores,maximum,prefix,complete,0,100,0.2,0.9,biological_error,2151398048,921666314,2151398048,dicA,ydfW,False,identifiable,dicD|rpoD,100,-0.02502712385940041,0.10334374441261418,0.13352467540393845,-0.242173573268994,-0.2859140490930804,1755,,,,[],0,,False,True,
csd-20260805_174708,paired_hierarchical,1,0,0,9769808dfe284056,dicA->ydfX,shared_complete_observation_shared_scores,maximum,prefix,complete,0,100,0.2,0.9,biological_error,2151398048,921666314,2151398048,dicA,ydfX,False,identifiable,dicD|rpoD,100,-0.041538089357548075,0.14797316162139765,0.2737531031742637,-0.2807136706575678,-0.1476196958135278,1755,,,,[],0,,False,True,
csd-20260805_174708,paired_hierarchical,1,0,0,9769808dfe284056,dicD->dicA,shared_complete_observation_shared_scores,maximum,prefix,complete,0,100,0.2,0.9,biological_error,2151398048,921666314,2151398048,dicD,dicA,False,identifiable,,100,-0.030409709504195026,0.17056137631860746,0.12780441081123414,-0.17829188624386977,-0.46085555181677784,1755,,,,[],0,,False,True,
csd-20260805_174708,paired_hierarchical,1,0,0,9769808dfe284056,dicD->dicB,shared_complete_observation_shared_scores,maximum,prefix,complete,0,100,0.2,0.9,biological_error,2151398048,921666314,2151398048,dicD,dicB,False,identifiable,rpoD,100,0.008431432411506125,0.187069335732564,0.15372097829479905,0.04507116240344049,-0.14215875509528364,1755,,,,[],0,,False,True,
csd-20260805_174708,paired_hierarchical,1,0,0,9769808dfe284056,dicD->dicC,shared_complete_observation_shared_scores,maximum,prefix,complete,0,100,0.2,0.9,biological_error,2151398048,921666314,2151398048,dicD,dicC,False,identifiable,rpoD,100,-0.25405583640585694,0.222612652809022,0.21768455759366273,-1.1412461654810333,-0.0562448784478664,1755,,,,[],0,,False,True,
csd-20260805_174708,paired_hierarchical,1,0,0,9769808dfe284056,dicF->ftsZ,shared_complete_observation_shared_scores,maximum,prefix,complete,0,100,0.2,0.9,biological_error,2151398048,921666314,2151398048,dicF,ftsZ,False,identifiable,argR|lexA|mraZ|pdhR|rcsB|rpoD|rpoS|sdiA,100,0.021597407124471356,0.12335493607545242,0.13094145041525243,0.17508344466459685,-0.18409936532606647,1755,,,,[],0,,False,True,
csd-20260805_174708,paired_hierarchical,1,0,0,9769808dfe284056,dicF->manX,shared_complete_observation_shared_scores,maximum,prefix,complete,0,100,0.2,0.9,biological_error,2151398048,921666314,2151398048,dicF,manX,False,identifiable,cra|crp|fur|hfq|mlc|nagC|rpoD,100,-0.02039236085544252,0.13631393143073015,0.16985271770055974,-0.14959850868805136,-0.2534753252953138,1755,,,,[],0,,False,True,
csd-20260805_174708,paired_hierarchical,1,0,0,9769808dfe284056,dicF->pykA,shared_complete_observation_shared_scores,maximum,prefix,complete,0,100,0.2,0.9,biological_error,2151398048,921666314,2151398048,dicF,pykA,False,identifiable,fnr|rpoD|rpoS,100,-0.16211104379817096,0.1255708507120454,0.14662366570588695,-1.2909926378528582,-0.1230706157491127,1755,,,,[],0,,False,True,
csd-20260805_174708,paired_hierarchical,1,0,0,9769808dfe284056,dicF->xylR,shared_complete_observation_shared_scores,maximum,prefix,complete,0,100,0.2,0.9,biological_error,2151398048,921666314,2151398048,dicF,xylR,False,identifiable,arcA|crp|fis,100,0.19946138534110963,0.17973046003500429,0.30422497740351573,1.1097806420918443,-0.10316266519633274,1755,,,,[],0,,False,True,
csd-20260805_174708,paired_hierarchical,1,0,0,9769808dfe284056,rplA->rplJ,shared_complete_observation_shared_scores,maximum,prefix,complete,0,100,0.2,0.9,biological_error,2151398048,921666314,2151398048,rplA,rplJ,False,identifiable,dksA,100,-0.0393654660759984,0.12944854677478856,0.08389446213994795,-0.3041012592013526,-0.10849737096040322,1755,,,,[],0,,False,True,
csd-20260805_174708,paired_hierarchical,1,0,0,9769808dfe284056,rplA->rplK,shared_complete_observation_shared_scores,maximum,prefix,complete,0,100,0.2,0.9,biological_error,2151398048,921666314,2151398048,rplA,rplK,False,identifiable,dksA,100,0.05148962244001745,0.1078472871606597,0.05823142067764397,0.47743085427187015,-0.22268760989545627,1755,,,,[],0,,False,True,
csd-20260805_174708,paired_hierarchical,1,0,0,9769808dfe284056,rplA->rplL,shared_complete_observation_shared_scores,maximum,prefix,complete,0,100,0.2,0.9,biological_error,2151398048,921666314,2151398048,rplA,rplL,False,identifiable,dksA,100,-0.008177289002859165,0.11659423759716839,0.06806018251215182,-0.07013458959362635,-0.17598204166904455,1755,,,,[],0,,False,True,
csd-20260805_174708,paired_hierarchical,1,0,0,9769808dfe284056,rplA->rpoB,shared_complete_observation_shared_scores,maximum,prefix,complete,0,100,0.2,0.9,biological_error,2151398048,921666314,2151398048,rplA,rpoB,False,identifiable,dksA,100,0.04290763692290941,0.15472394122849678,0.11985439789473097,0.277317373007861,-0.18425551560420325,1755,,,,[],0,,False,True,
csd-20260805_174708,paired_hierarchical,1,0,0,9769808dfe284056,rplA->rpoC,shared_complete_observation_shared_scores,maximum,prefix,complete,0,100,0.2,0.9,biological_error,2151398048,921666314,2151398048,rplA,rpoC,False,identifiable,dksA,100,0.028689054545643914,0.13457724791260833,0.09067388442062593,0.2131790848054345,-0.22615394775869008,1755,,,,[],0,,False,True,
csd-20260805_174708,paired_hierarchical,1,0,0,9769808dfe284056,rplT->rpmI,shared_complete_observation_shared_scores,maximum,prefix,complete,0,100,0.2,0.9,biological_error,2151398048,921666314,2151398048,rplT,rpmI,False,identifiable,dksA|fnr|nsrR|rpoD,100,-0.023980497843707007,0.12093745057196974,0.21263443338703686,-0.19828843530512694,-0.537502856169418,1755,,,,[],0,,False,True,
csd-20260805_174708,paired_hierarchical,1,0,0,9769808dfe284056,rpoD->3'ETS-<i>leuZ</i>,shared_complete_observation_shared_scores,maximum,prefix,complete,0,100,0.2,0.9,biological_error,2151398048,921666314,2151398048,rpoD,3'ETS-<i>leuZ</i>,False,estimation_error,alpA|basR|btsR|glaR|glrR|nsrR|ptrR|rcdA,100,,,,,0.06206772245161744,1755,PatsyError('error tokenizing input (unterminated string literal (detected at line 1))'),,,[],0,,False,True,
csd-20260805_174708,paired_hierarchical,1,0,0,9769808dfe284056,rpoD->acpS,shared_complete_observation_shared_scores,maximum,prefix,complete,0,100,0.2,0.9,biological_error,2151398048,921666314,2151398048,rpoD,acpS,False,identifiable,alpA|basR|btsR|glaR|glrR|nsrR|ptrR|rcdA,100,0.019772433161400288,0.10252797237513679,0.28266326087609933,0.19284915816978682,0.12638606290076898,1755,,,,[],0,,False,True,
csd-20260805_174708,paired_hierarchical,1,0,0,9769808dfe284056,rpoD->agaB,shared_complete_observation_shared_scores,maximum,prefix,complete,0,100,0.2,0.9,biological_error,2151398048,921666314,2151398048,rpoD,agaB,False,identifiable,alpA|basR|btsR|glaR|glrR|nsrR|ptrR|rcdA,100,-0.045158450311906045,0.060797040192261745,0.09939155860887837,-0.7427738286123642,0.5627319848325155,1755,,,,[],0,,False,True,
csd-20260805_174708,paired_hierarchical,1,0,0,9769808dfe284056,rpoD->agaC,shared_complete_observation_shared_scores,maximum,prefix,complete,0,100,0.2,0.9,biological_error,2151398048,921666314,2151398048,rpoD,agaC,False,identifiable,alpA|basR|btsR|glaR|glrR|nsrR|ptrR|rcdA,100,0.030805873905049738,0.09213861170423583,0.22828004834077636,0.33434271838104457,0.5102086302293452,1755,,,,[],0,,False,True,
csd-20260805_174708,paired_hierarchical,1,0,0,9769808dfe284056,rpoD->agaD,shared_complete_observation_shared_scores,maximum,prefix,complete,0,100,0.2,0.9,biological_error,2151398048,921666314,2151398048,rpoD,agaD,False,identifiable,alpA|basR|btsR|glaR|glrR|nsrR|ptrR|rcdA,100,-0.03396781218026498,0.07061868608349796,0.13409849173269034,-0.48100317443037943,0.4938210373791747,1755,,,,[],0,,False,True,
csd-20260805_174708,paired_hierarchical,1,0,0,9769808dfe284056,rpoD->agaI,shared_complete_observation_shared_scores,maximum,prefix,complete,0,100,0.2,0.9,biological_error,2151398048,921666314,2151398048,rpoD,agaI,False,identifiable,alpA|basR|btsR|glaR|glrR|nsrR|ptrR|rcdA,100,0.015104577713163005,0.055939698243132836,0.08414433179795641,0.2700153591732548,0.17387299877249143,1755,,,,[],0,,False,True,
csd-20260805_174708,paired_hierarchical,1,0,0,9769808dfe284056,rpoD->agaR,shared_complete_observation_shared_scores,maximum,prefix,complete,0,100,0.2,0.9,biological_error,2151398048,921666314,2151398048,rpoD,agaR,False,identifiable,alpA|basR|btsR|glaR|glrR|nsrR|ptrR|rcdA,100,-0.008414865726968299,0.045981308282163916,0.056852199987817244,-0.18300622668956143,0.14436016603776772,1755,,,,[],0,,False,True,
csd-20260805_174708,paired_hierarchical,1,0,0,9769808dfe284056,rpoD->agaS,shared_complete_observation_shared_scores,maximum,prefix,complete,0,100,0.2,0.9,biological_error,2151398048,921666314,2151398048,rpoD,agaS,False,identifiable,alpA|basR|btsR|glaR|glrR|nsrR|ptrR|rcdA,100,0.048925948054394514,0.08249341059629349,0.18298822569518944,0.5930891655556402,0.5912177025793423,1755,,,,[],0,,False,True,
csd-20260805_174708,paired_hierarchical,1,0,0,9769808dfe284056,rpoD->alsA,shared_complete_observation_shared_scores,maximum,prefix,complete,0,100,0.2,0.9,biological_error,2151398048,921666314,2151398048,rpoD,alsA,False,identifiable,alpA|basR|btsR|glaR|glrR|nsrR|ptrR|rcdA,100,0.03527606785422224,0.06353954849235945,0.10856076029953565,0.5551828536909441,0.17830650027473097,1755,,,,[],0,,False,True,
csd-20260805_174708,paired_hierarchical,1,0,0,9769808dfe284056,rpoD->alsB,shared_complete_observation_shared_scores,maximum,prefix,complete,0,100,0.2,0.9,biological_error,2151398048,921666314,2151398048,rpoD,alsB,False,identifiable,alpA|basR|btsR|glaR|glrR|nsrR|ptrR|rcdA,100,-0.039215743646117185,0.08799677503128275,0.20821793716424683,-0.4456497824173219,0.426418861920848,1755,,,,[],0,,False,True,
csd-20260805_174708,paired_hierarchical,1,0,0,9769808dfe284056,rpoD->alsC,shared_complete_observation_shared_scores,maximum,prefix,complete,0,100,0.2,0.9,biological_error,2151398048,921666314,2151398048,rpoD,alsC,False,identifiable,alpA|basR|btsR|glaR|glrR|nsrR|ptrR|rcdA,100,-0.05479784974475309,0.057985896092746576,0.09041268636504714,-0.9450203142002961,0.167847784551643,1755,,,,[],0,,False,True,
csd-20260805_174708,paired_hierarchical,1,0,0,9769808dfe284056,rpoD->alsE,shared_complete_observation_shared_scores,maximum,prefix,complete,0,100,0.2,0.9,biological_error,2151398048,921666314,2151398048,rpoD,alsE,False,identifiable,alpA|basR|btsR|glaR|glrR|nsrR|ptrR|rcdA,100,-0.003334742247871868,0.10651950415664974,0.30510048614978513,-0.031306400403138646,0.12883019976420237,1755,,,,[],0,,False,True,
csd-20260805_174708,paired_hierarchical,1,0,0,9769808dfe284056,rpoD->alsR,shared_complete_observation_shared_scores,maximum,prefix,complete,0,100,0.2,0.9,biological_error,2151398048,921666314,2151398048,rpoD,alsR,False,identifiable,alpA|basR|btsR|glaR|glrR|nsrR|ptrR|rcdA,100,-0.03454787772371824,0.043211062317657166,0.05020818405535705,-0.7995146583008462,0.3783558176052203,1755,,,,[],0,,False,True,
csd-20260805_174708,paired_hierarchical,1,0,0,9769808dfe284056,rpoD->ampG,shared_complete_observation_shared_scores,maximum,prefix,complete,0,100,0.2,0.9,biological_error,2151398048,921666314,2151398048,rpoD,ampG,False,identifiable,alpA|basR|btsR|glaR|glrR|nsrR|ptrR|rcdA,100,-0.03224440146216835,0.06341835476055993,0.10814702314132205,-0.508439576900239,0.2849923492028693,1755,,,,[],0,,False,True,
csd-20260805_174708,paired_hierarchical,1,0,0,9769808dfe284056,rpoD->amyA,shared_complete_observation_shared_scores,maximum,prefix,complete,0,100,0.2,0.9,biological_error,2151398048,921666314,2151398048,rpoD,amyA,False,identifiable,alpA|basR|btsR|glaR|glrR|nsrR|ptrR|rcdA,100,0.025342175577650883,0.06958333472988847,0.13019523914417025,0.36419892314769353,0.17526257494312592,1755,,,,[],0,,False,True,
csd-20260805_174708,paired_hierarchical,1,0,0,9769808dfe284056,rpoD->apt,shared_complete_observation_shared_scores,maximum,prefix,complete,0,100,0.2,0.9,biological_error,2151398048,921666314,2151398048,rpoD,apt,False,identifiable,alpA|basR|btsR|glaR|glrR|nsrR|ptrR|rcdA,100,0.3493278364470674,0.08212115340977612,0.18134045803825963,4.253810643695631,0.30665577028656005,1755,,,,[],0,,False,True,
csd-20260805_174708,paired_hierarchical,1,0,0,9769808dfe284056,rpoD->arfA,shared_complete_observation_shared_scores,maximum,prefix,complete,0,100,0.2,0.9,biological_error,2151398048,921666314,2151398048,rpoD,arfA,False,identifiable,alpA|basR|btsR|glaR|glrR|nsrR|ptrR|rcdA,100,0.05595825083424903,0.05801776449033993,0.09051209326906623,0.964502016336155,0.34233218111701347,1755,,,,[],0,,False,True,
csd-20260805_174708,paired_hierarchical,1,0,0,9769808dfe284056,rpoD->argQ,shared_complete_observation_shared_scores,maximum,prefix,complete,0,100,0.2,0.9,biological_error,2151398048,921666314,2151398048,rpoD,argQ,False,identifiable,alpA|basR|btsR|glaR|glrR|nsrR|ptrR|rcdA,100,-0.0017200827005990852,0.053875055436945575,0.07804769607575165,-0.031927256253355324,0.11361530355910253,1755,,,,[],0,,False,True,
csd-20260805_174708,paired_hierarchical,1,0,0,9769808dfe284056,rpoD->argV,shared_complete_observation_shared_scores,maximum,prefix,complete,0,100,0.2,0.9,biological_error,2151398048,921666314,2151398048,rpoD,argV,False,identifiable,alpA|basR|btsR|glaR|glrR|nsrR|ptrR|rcdA,100,0.05685713076400151,0.04797674534237874,0.061893664017169274,1.1850977042783801,0.297072052779175,1755,,,,[],0,,False,True,
csd-20260805_174708,paired_hierarchical,1,0,0,9769808dfe284056,rpoD->argY,shared_complete_observation_shared_scores,maximum,prefix,complete,0,100,0.2,0.9,biological_error,2151398048,921666314,2151398048,rpoD,argY,False,identifiable,alpA|basR|btsR|glaR|glrR|nsrR|ptrR|rcdA,100,0.05908477858014534,0.06064574059692576,0.09889748222365942,0.9742609785713533,0.33994346122976177,1755,,,,[],0,,False,True,
csd-20260805_174708,paired_hierarchical,1,0,0,9769808dfe284056,rpoD->argZ,shared_complete_observation_shared_scores,maximum,prefix,complete,0,100,0.2,0.9,biological_error,2151398048,921666314,2151398048,rpoD,argZ,False,identifiable,alpA|basR|btsR|glaR|glrR|nsrR|ptrR|rcdA,100,-0.0019805542257223174,0.03638743239338704,0.03560307018679833,-0.05442962296186246,0.2831270735416234,1755,,,,[],0,,False,True,
csd-20260805_174708,paired_hierarchical,1,0,0,9769808dfe284056,rpoD->aroB,shared_complete_observation_shared_scores,maximum,prefix,complete,0,100,0.2,0.9,biological_error,2151398048,921666314,2151398048,rpoD,aroB,False,identifiable,alpA|basR|btsR|glaR|glrR|nsrR|ptrR|rcdA,100,0.053649029283567296,0.1089667529777471,0.31928068539392107,0.4923431029877834,0.17172890784208467,1755,,,,[],0,,False,True,
csd-20260805_174708,paired_hierarchical,1,0,0,9769808dfe284056,rpoD->aroH,shared_complete_observation_shared_scores,maximum,prefix,complete,0,100,0.2,0.9,biological_error,2151398048,921666314,2151398048,rpoD,aroH,False,identifiable,alpA|basR|btsR|glaR|glrR|nsrR|ptrR|rcdA,100,0.06604003065980807,0.04243404157010539,0.0484187331692799,1.55629839195739,0.08710960452753842,1755,,,,[],0,,False,True,
csd-20260805_174708,paired_hierarchical,1,0,0,9769808dfe284056,rpoD->arsB,shared_complete_observation_shared_scores,maximum,prefix,complete,0,100,0.2,0.9,biological_error,2151398048,921666314,2151398048,rpoD,arsB,False,identifiable,alpA|basR|btsR|glaR|glrR|nsrR|ptrR|rcdA,100,-0.031973263119102084,0.08898841025202897,0.21293719261130922,-0.35929693573071875,0.20260655369252453,1755,,,,[],0,,False,True,
csd-20260805_174708,paired_hierarchical,1,0,0,9769808dfe284056,rpoD->arsC,shared_complete_observation_shared_scores,maximum,prefix,complete,0,100,0.2,0.9,biological_error,2151398048,921666314,2151398048,rpoD,arsC,False,identifiable,alpA|basR|btsR|glaR|glrR|nsrR|ptrR|rcdA,100,0.0011737929531407914,0.040510350229714234,0.044128241685103625,0.02897513713124646,0.17248236554321306,1755,,,,[],0,,False,True,
csd-20260805_174708,paired_hierarchical,1,0,0,9769808dfe284056,rpoD->arsR,shared_complete_observation_shared_scores,maximum,prefix,complete,0,100,0.2,0.9,biological_error,2151398048,921666314,2151398048,rpoD,arsR,False,identifiable,alpA|basR|btsR|glaR|glrR|nsrR|ptrR|rcdA,100,-0.029851238494403107,0.04696327561087351,0.05930637626235876,-0.6356293956525381,0.08758883366696738,1755,,,,[],0,,False,True,
csd-20260805_174708,paired_hierarchical,1,0,0,9769808dfe284056,rpoD->asnU,shared_complete_observation_shared_scores,maximum,prefix,complete,0,100,0.2,0.9,biological_error,2151398048,921666314,2151398048,rpoD,asnU,False,identifiable,alpA|basR|btsR|glaR|glrR|nsrR|ptrR|rcdA,100,0.025442259570963074,0.03848699884875509,0.039830221454566175,0.6610611461534116,0.2925331668585439,1755,,,,[],0,,False,True,
csd-20260805_174708,paired_hierarchical,1,0,0,9769808dfe284056,rpoD->atpC,shared_complete_observation_shared_scores,maximum,prefix,complete,0,100,0.2,0.9,biological_error,2151398048,921666314,2151398048,rpoD,atpC,False,identifiable,alpA|basR|btsR|glaR|glrR|nsrR|ptrR|rcdA,100,-0.011121899932986016,0.05222393166679296,0.07333710402469627,-0.21296558068334737,0.19792692012556043,1755,,,,[],0,,False,True,
csd-20260805_174708,paired_hierarchical,1,0,0,9769808dfe284056,rpoD->atpD,shared_complete_observation_shared_scores,maximum,prefix,complete,0,100,0.2,0.9,biological_error,2151398048,921666314,2151398048,rpoD,atpD,False,identifiable,alpA|basR|btsR|glaR|glrR|nsrR|ptrR|rcdA,100,-0.020588311563377232,0.08387391131608551,0.18916396977048044,-0.2454674074491237,0.10392274470013368,1755,,,,[],0,,False,True,
csd-20260805_174708,paired_hierarchical,1,0,0,9769808dfe284056,rpoD->atpE,shared_complete_observation_shared_scores,maximum,prefix,complete,0,100,0.2,0.9,biological_error,2151398048,921666314,2151398048,rpoD,atpE,False,identifiable,alpA|basR|btsR|glaR|glrR|nsrR|ptrR|rcdA,100,0.058062807980426394,0.0537046370413627,0.07755471369463936,1.0811507381700967,0.06480197127101951,1755,,,,[],0,,False,True,
csd-20260805_174708,paired_hierarchical,1,0,0,9769808dfe284056,rpoD->atpF,shared_complete_observation_shared_scores,maximum,prefix,complete,0,100,0.2,0.9,biological_error,2151398048,921666314,2151398048,rpoD,atpF,False,identifiable,alpA|basR|btsR|glaR|glrR|nsrR|ptrR|rcdA,100,-0.03331060907109071,0.0621968551393436,0.10402110894172369,-0.5355674172988781,0.21279029485909673,1755,,,,[],0,,False,True,
csd-20260805_174708,paired_hierarchical,1,0,0,9769808dfe284056,rpoD->atpG,shared_complete_observation_shared_scores,maximum,prefix,complete,0,100,0.2,0.9,biological_error,2151398048,921666314,2151398048,rpoD,atpG,False,identifiable,alpA|basR|btsR|glaR|glrR|nsrR|ptrR|rcdA,100,-0.03809929037749976,0.09960971131369221,0.26680133001709966,-0.382485702197419,0.21541446363069564,1755,,,,[],0,,False,True,
csd-20260805_174708,paired_hierarchical,1,0,0,9769808dfe284056,rpoD->azoR,shared_complete_observation_shared_scores,maximum,prefix,complete,0,100,0.2,0.9,biological_error,2151398048,921666314,2151398048,rpoD,azoR,False,identifiable,alpA|basR|btsR|glaR|glrR|nsrR|ptrR|rcdA,100,0.19267813928318095,0.07622104302090917,0.15621919739716747,2.527886416226618,0.1273306560888261,1755,,,,[],0,,False,True,
csd-20260805_174708,paired_hierarchical,1,0,0,9769808dfe284056,rpoD->bcp,shared_complete_observation_shared_scores,maximum,prefix,complete,0,100,0.2,0.9,biological_error,2151398048,921666314,2151398048,rpoD,bcp,False,identifiable,alpA|basR|btsR|glaR|glrR|nsrR|ptrR|rcdA,100,-0.005047867059143615,0.10405955631781451,0.29117130105687117,-0.048509404015971605,0.10475631433730251,1755,,,,[],0,,False,True,
csd-20260805_174708,paired_hierarchical,1,0,0,9769808dfe284056,rpoD->bcsE,shared_complete_observation_shared_scores,maximum,prefix,complete,0,100,0.2,0.9,biological_error,2151398048,921666314,2151398048,rpoD,bcsE,False,identifiable,alpA|basR|btsR|glaR|glrR|nsrR|ptrR|rcdA,100,0.006434997028371691,0.02456941239813607,0.016232079735965795,0.2619109046685982,0.15354984607781985,1755,,,,[],0,,False,True,
csd-20260805_174708,paired_hierarchical,1,0,0,9769808dfe284056,rpoD->bcsF,shared_complete_observation_shared_scores,maximum,prefix,complete,0,100,0.2,0.9,biological_error,2151398048,921666314,2151398048,rpoD,bcsF,False,identifiable,alpA|basR|btsR|glaR|glrR|nsrR|ptrR|rcdA,100,0.03560544508897148,0.06246521754147385,0.10492069070230123,0.5700043398605186,0.18837478506086258,1755,,,,[],0,,False,True,
csd-20260805_174708,paired_hierarchical,1,0,0,9769808dfe284056,rpoD->bcsG,shared_complete_observation_shared_scores,maximum,prefix,complete,0,100,0.2,0.9,biological_error,2151398048,921666314,2151398048,rpoD,bcsG,False,identifiable,alpA|basR|btsR|glaR|glrR|nsrR|ptrR|rcdA,100,-0.005867915601535233,0.09121688516996408,0.22373560543365498,-0.06432926963688321,0.19811905872273894,1755,,,,[],0,,False,True,
csd-20260805_174708,paired_hierarchical,1,0,0,9769808dfe284056,rpoD->bdcA,shared_complete_observation_shared_scores,maximum,prefix,complete,0,100,0.2,0.9,biological_error,2151398048,921666314,2151398048,rpoD,bdcA,False,identifiable,alpA|basR|btsR|glaR|glrR|nsrR|ptrR|rcdA,100,0.00132918889490059,0.05632351733463938,0.08530297222603705,0.023599181262124923,0.32498406905589045,1755,,,,[],0,,False,True,
csd-20260805_174708,paired_hierarchical,1,0,0,9769808dfe284056,rpoD->bioA,shared_complete_observation_shared_scores,maximum,prefix,complete,0,100,0.2,0.9,biological_error,2151398048,921666314,2151398048,rpoD,bioA,False,identifiable,alpA|basR|birA|btsR|glaR|glrR|nsrR|ptrR|rcdA,100,0.10882000440926588,0.06919706316171419,0.12870210405203486,1.5726101576732023,0.15882614753280355,1755,,,,[],0,,False,True,
csd-20260805_174708,paired_hierarchical,1,0,0,9769808dfe284056,rpoD->bioB,shared_complete_observation_shared_scores,maximum,prefix,complete,0,100,0.2,0.9,biological_error,2151398048,921666314,2151398048,rpoD,bioB,False,identifiable,alpA|basR|birA|btsR|glaR|glrR|nsrR|ptrR|rcdA,100,0.011606138760430592,0.090235759666544,0.21886064728417373,0.12862017013343446,0.07134060099772745,1755,,,,[],0,,False,True,
csd-20260805_174708,paired_hierarchical,1,0,0,9769808dfe284056,rpoD->bioC,shared_complete_observation_shared_scores,maximum,prefix,complete,0,100,0.2,0.9,biological_error,2151398048,921666314,2151398048,rpoD,bioC,False,identifiable,alpA|basR|birA|btsR|glaR|glrR|nsrR|ptrR|rcdA,100,0.04674760044294925,0.050121719613871185,0.06752463525182537,0.9326814962272733,0.1303741243637304,1755,,,,[],0,,False,True,
csd-20260805_174708,paired_hierarchical,1,0,0,9769808dfe284056,rpoD->bioD,shared_complete_observation_shared_scores,maximum,prefix,complete,0,100,0.2,0.9,biological_error,2151398048,921666314,2151398048,rpoD,bioD,False,identifiable,alpA|basR|birA|btsR|glaR|glrR|nsrR|ptrR|rcdA,100,0.06657350326926686,0.06695415087160057,0.12049397586078757,0.9943148020342505,0.21128192100155344,1755,,,,[],0,,False,True,
csd-20260805_174708,paired_hierarchical,1,0,0,9769808dfe284056,rpoD->bioF,shared_complete_observation_shared_scores,maximum,prefix,complete,0,100,0.2,0.9,biological_error,2151398048,921666314,2151398048,rpoD,bioF,False,identifiable,alpA|basR|birA|btsR|glaR|glrR|nsrR|ptrR|rcdA,100,0.027870443247387983,0.06819677136133195,0.12500804124760326,0.4086768726882974,0.15250151352628377,1755,,,,[],0,,False,True,
csd-20260805_174708,paired_hierarchical,1,0,0,9769808dfe284056,rpoD->btuD,shared_complete_observation_shared_scores,maximum,prefix,complete,0,100,0.2,0.9,biological_error,2151398048,921666314,2151398048,rpoD,btuD,False,identifiable,alpA|basR|btsR|glaR|glrR|nsrR|ptrR|rcdA,100,0.09396749486392096,0.0846651160583865,0.1927496701099447,1.1098726280504876,0.1418168220054982,1755,,,,[],0,,False,True,
csd-20260805_174708,paired_hierarchical,1,0,0,9769808dfe284056,rpoD->cecR,shared_complete_observation_shared_scores,maximum,prefix,complete,0,100,0.2,0.9,biological_error,2151398048,921666314,2151398048,rpoD,cecR,False,identifiable,alpA|basR|btsR|glaR|glrR|nsrR|ptrR|rcdA,100,0.00955120103673924,0.0452280569844082,0.05500478718346776,0.21117867256671882,0.060020807201670606,1755,,,,[],0,,False,True,
csd-20260805_174708,paired_hierarchical,1,0,0,9769808dfe284056,rpoD->cedA,shared_complete_observation_shared_scores,maximum,prefix,complete,0,100,0.2,0.9,biological_error,2151398048,921666314,2151398048,rpoD,cedA,False,identifiable,alpA|basR|btsR|glaR|glrR|nsrR|ptrR|rcdA,100,0.026528188516423364,0.04107219507731596,0.04536077390386794,0.6458916662838602,0.1767078987246068,1755,,,,[],0,,False,True,
csd-20260805_174708,paired_hierarchical,1,0,0,9769808dfe284056,rpoD->chpB,shared_complete_observation_shared_scores,maximum,prefix,complete,0,100,0.2,0.9,biological_error,2151398048,921666314,2151398048,rpoD,chpB,False,identifiable,alpA|basR|btsR|glaR|glrR|nsrR|ptrR|rcdA,100,0.0030177035833649445,0.04032163670243509,0.04371806505392216,0.0748408008741049,0.0718937088261524,1755,,,,[],0,,False,True,
csd-20260805_174708,paired_hierarchical,1,0,0,9769808dfe284056,rpoD->clpA,shared_complete_observation_shared_scores,maximum,prefix,complete,0,100,0.2,0.9,biological_error,2151398048,921666314,2151398048,rpoD,clpA,False,identifiable,alpA|basR|btsR|glaR|glrR|nsrR|ptrR|rcdA,100,0.01074699909007477,0.07814909079068814,0.16422243476564025,0.1375191826461445,0.18416521569585828,1755,,,,[],0,,False,True,
csd-20260805_174708,paired_hierarchical,1,0,0,9769808dfe284056,rpoD->cmk,shared_complete_observation_shared_scores,maximum,prefix,complete,0,100,0.2,0.9,biological_error,2151398048,921666314,2151398048,rpoD,cmk,False,identifiable,alpA|basR|btsR|glaR|glrR|nsrR|ptrR|rcdA,100,0.000657276598892885,0.06324694813967227,0.10756321534997779,0.010392226316460031,0.2175093929098817,1755,,,,[],0,,False,True,
csd-20260805_174708,paired_hierarchical,1,0,0,9769808dfe284056,rpoD->coaD,shared_complete_observation_shared_scores,maximum,prefix,complete,0,100,0.2,0.9,biological_error,2151398048,921666314,2151398048,rpoD,coaD,False,identifiable,alpA|basR|btsR|glaR|glrR|nsrR|ptrR|rcdA,100,0.0018395671865377178,0.054159515893854496,0.0788740560694656,0.03396572432706058,0.26740512950488843,1755,,,,[],0,,False,True,
csd-20260805_174708,paired_hierarchical,1,0,0,9769808dfe284056,rpoD->cobS,shared_complete_observation_shared_scores,maximum,prefix,complete,0,100,0.2,0.9,biological_error,2151398048,921666314,2151398048,rpoD,cobS,False,identifiable,alpA|basR|btsR|glaR|glrR|nsrR|ptrR|rcdA,100,-0.0948569289054286,0.0637534932496545,0.10929306351363015,-1.4878702965181074,0.19059109885686304,1755,,,,[],0,,False,True,
csd-20260805_174708,paired_hierarchical,1,0,0,9769808dfe284056,rpoD->corA,shared_complete_observation_shared_scores,maximum,prefix,complete,0,100,0.2,0.9,biological_error,2151398048,921666314,2151398048,rpoD,corA,False,identifiable,alpA|basR|btsR|glaR|glrR|nsrR|ptrR|rcdA,100,0.06791610463789673,0.07624208027606853,0.15630544330821478,0.8907955343292853,0.4087658579963614,1755,,,,[],0,,False,True,
csd-20260805_174708,paired_hierarchical,1,0,0,9769808dfe284056,rpoD->cutA,shared_complete_observation_shared_scores,maximum,prefix,complete,0,100,0.2,0.9,biological_error,2151398048,921666314,2151398048,rpoD,cutA,False,identifiable,alpA|basR|btsR|glaR|glrR|nsrR|ptrR|rcdA,100,0.005500134182586436,0.06544089452290842,0.11515507477023361,0.08404735636156445,0.08124203628813487,1755,,,,[],0,,False,True,
csd-20260805_174708,paired_hierarchical,1,0,0,9769808dfe284056,rpoD->cysT,shared_complete_observation_shared_scores,maximum,prefix,complete,0,100,0.2,0.9,biological_error,2151398048,921666314,2151398048,rpoD,cysT,False,identifiable,alpA|basR|btsR|glaR|glrR|nsrR|ptrR|rcdA,100,-0.0578796234726037,0.07091281716497982,0.13521787462853038,-0.8162082087071201,0.2031981335570594,1755,,,,[],0,,False,True,
csd-20260805_174708,paired_hierarchical,1,0,0,9769808dfe284056,rpoD->dam,shared_complete_observation_shared_scores,maximum,prefix,complete,0,100,0.2,0.9,biological_error,2151398048,921666314,2151398048,rpoD,dam,False,identifiable,alpA|basR|btsR|glaR|glrR|nsrR|ptrR|rcdA,100,0.02655569649958498,0.054954285221849725,0.0812059318454254,0.4832324975637475,0.33914680679105985,1755,,,,[],0,,False,True,
csd-20260805_174708,paired_hierarchical,1,0,0,9769808dfe284056,rpoD->damX,shared_complete_observation_shared_scores,maximum,prefix,complete,0,100,0.2,0.9,biological_error,2151398048,921666314,2151398048,rpoD,damX,False,identifiable,alpA|basR|btsR|glaR|glrR|nsrR|ptrR|rcdA,100,0.0004723469315667381,0.025796101344453672,0.017893396117386107,0.01831078755892296,0.3952860029871467,1755,,,,[],0,,False,True,
csd-20260805_174708,paired_hierarchical,1,0,0,9769808dfe284056,rpoD->dapA,shared_complete_observation_shared_scores,maximum,prefix,complete,0,100,0.2,0.9,biological_error,2151398048,921666314,2151398048,rpoD,dapA,False,identifiable,alpA|basR|btsR|glaR|glrR|nsrR|ptrR|rcdA,100,0.016319694582057506,0.0885061674759097,0.21063556293551808,0.18439047862398433,0.25685685976895456,1755,,,,[],0,,False,True,
csd-20260805_174708,paired_hierarchical,1,0,0,9769808dfe284056,rpoD->dapE,shared_complete_observation_shared_scores,maximum,prefix,complete,0,100,0.2,0.9,biological_error,2151398048,921666314,2151398048,rpoD,dapE,False,identifiable,alpA|basR|btsR|glaR|glrR|nsrR|ptrR|rcdA,100,-0.01039318152969554,0.06385370949041036,0.10963693639189843,-0.16276550904621137,0.1755729831293926,1755,,,,[],0,,False,True,
csd-20260805_174708,paired_hierarchical,1,0,0,9769808dfe284056,rpoD->dapF,shared_complete_observation_shared_scores,maximum,prefix,complete,0,100,0.2,0.9,biological_error,2151398048,921666314,2151398048,rpoD,dapF,False,identifiable,alpA|basR|btsR|glaR|glrR|nsrR|ptrR|rcdA,100,0.010303229674526461,0.0361987327291149,0.035234763497117925,0.284629568433469,0.1331410321585396,1755,,,,[],0,,False,True,
csd-20260805_174708,paired_hierarchical,1,0,0,9769808dfe284056,rpoD->def,shared_complete_observation_shared_scores,maximum,prefix,complete,0,100,0.2,0.9,biological_error,2151398048,921666314,2151398048,rpoD,def,False,estimation_error,alpA|basR|btsR|glaR|glrR|nsrR|ptrR|rcdA,100,,,,,0.18464216752529217,1755,"SyntaxError('invalid syntax', ('<unknown>', 1, 4, 'def\n', 1, 5))",,,[],0,,False,True,
csd-20260805_174708,paired_hierarchical,1,0,0,9769808dfe284056,rpoD->degQ,shared_complete_observation_shared_scores,maximum,prefix,complete,0,100,0.2,0.9,biological_error,2151398048,921666314,2151398048,rpoD,degQ,False,identifiable,alpA|basR|btsR|glaR|glrR|nsrR|ptrR|rcdA,100,-0.02837880979968895,0.07576700716480185,0.15436359800220742,-0.37455365945710134,0.18505962765560746,1755,,,,[],0,,False,True,
csd-20260805_174708,paired_hierarchical,1,0,0,9769808dfe284056,rpoD->degS,shared_complete_observation_shared_scores,maximum,prefix,complete,0,100,0.2,0.9,biological_error,2151398048,921666314,2151398048,rpoD,degS,False,identifiable,alpA|basR|btsR|glaR|glrR|nsrR|ptrR|rcdA,100,0.04537337529823265,0.06468447651605133,0.11250835191850356,0.7014569451910665,0.12102007258919568,1755,,,,[],0,,False,True,
csd-20260805_174708,paired_hierarchical,1,0,0,9769808dfe284056,rpoD->dicB,shared_complete_observation_shared_scores,maximum,prefix,complete,0,100,0.2,0.9,biological_error,2151398048,921666314,2151398048,rpoD,dicB,False,identifiable,alpA|basR|btsR|dicA|dicD|glaR|glrR|nsrR|ptrR|rcdA,100,0.14852414864756736,0.07818218032454428,0.16397778296393326,1.8997186830940824,0.34157105577952823,1755,,,,[],0,,False,True,
csd-20260805_174708,paired_hierarchical,1,0,0,9769808dfe284056,rpoD->dicC,shared_complete_observation_shared_scores,maximum,prefix,complete,0,100,0.2,0.9,biological_error,2151398048,921666314,2151398048,rpoD,dicC,False,identifiable,alpA|basR|btsR|dicA|dicD|glaR|glrR|nsrR|ptrR|rcdA,100,0.0833074572959071,0.09302857463678792,0.23216790820655822,0.8955039633915167,0.19816569686786883,1755,,,,[],0,,False,True,
csd-20260805_174708,paired_hierarchical,1,0,0,9769808dfe284056,rpoD->dsdC,shared_complete_observation_shared_scores,maximum,prefix,complete,0,100,0.2,0.9,biological_error,2151398048,921666314,2151398048,rpoD,dsdC,False,identifiable,alpA|basR|btsR|glaR|glrR|nsrR|ptrR|rcdA,100,-0.010307809901497905,0.05324762241934672,0.07624038289061878,-0.19358253820836738,0.2300737614667602,1755,,,,[],0,,False,True,
csd-20260805_174708,paired_hierarchical,1,0,0,9769808dfe284056,rpoD->dut,shared_complete_observation_shared_scores,maximum,prefix,complete,0,100,0.2,0.9,biological_error,2151398048,921666314,2151398048,rpoD,dut,False,identifiable,alpA|basR|btsR|glaR|glrR|nsrR|ptrR|rcdA,100,-0.04506362303206512,0.061642214895805764,0.10217416511356876,-0.7310513275396813,0.13554313900582746,1755,,,,[],0,,False,True,
csd-20260805_174708,paired_hierarchical,1,0,0,9769808dfe284056,rpoD->dxs,shared_complete_observation_shared_scores,maximum,prefix,complete,0,100,0.2,0.9,biological_error,2151398048,921666314,2151398048,rpoD,dxs,False,identifiable,alpA|basR|btsR|glaR|glrR|nsrR|ptrR|rcdA,100,0.02135750829918954,0.054200746772642576,0.078994193203646,0.3940445394374083,0.3608880892688279,1755,,,,[],0,,False,True,
csd-20260805_174708,paired_hierarchical,1,0,0,9769808dfe284056,rpoD->efp,shared_complete_observation_shared_scores,maximum,prefix,complete,0,100,0.2,0.9,biological_error,2151398048,921666314,2151398048,rpoD,efp,False,identifiable,alpA|basR|btsR|glaR|glrR|nsrR|ptrR|rcdA,100,-0.004791593782642412,0.045474636002940896,0.05560618372814336,-0.10536849118116161,0.20776427567793707,1755,,,,[],0,,False,True,
csd-20260805_174708,paired_hierarchical,1,0,0,9769808dfe284056,rpoD->emrA,shared_complete_observation_shared_scores,maximum,prefix,complete,0,100,0.2,0.9,biological_error,2151398048,921666314,2151398048,rpoD,emrA,False,identifiable,alpA|basR|btsR|glaR|glrR|nsrR|ptrR|rcdA,100,0.004113023463920157,0.03854523205266765,0.039950843805295455,0.10670641334575912,0.036042771394589924,1755,,,,[],0,,False,True,
csd-20260805_174708,paired_hierarchical,1,0,0,9769808dfe284056,rpoD->emrB,shared_complete_observation_shared_scores,maximum,prefix,complete,0,100,0.2,0.9,biological_error,2151398048,921666314,2151398048,rpoD,emrB,False,identifiable,alpA|basR|btsR|glaR|glrR|nsrR|ptrR|rcdA,100,0.2599063961721195,0.06072398424899163,0.09915283707189573,4.280127521053355,0.33946768913958913,1755,,,,[],0,,False,True,
csd-20260805_174708,paired_hierarchical,1,0,0,9769808dfe284056,rpoD->era,shared_complete_observation_shared_scores,maximum,prefix,complete,0,100,0.2,0.9,biological_error,2151398048,921666314,2151398048,rpoD,era,False,identifiable,alpA|basR|btsR|glaR|glrR|nsrR|ptrR|rcdA,100,-0.006018482805363875,0.04525360394141719,0.05506694337104082,-0.13299455250359882,0.23899903614512583,1755,,,,[],0,,False,True,
csd-20260805_174708,paired_hierarchical,1,0,0,9769808dfe284056,rpoD->fabF,shared_complete_observation_shared_scores,maximum,prefix,complete,0,100,0.2,0.9,biological_error,2151398048,921666314,2151398048,rpoD,fabF,False,identifiable,alpA|basR|btsR|glaR|glrR|nsrR|ptrR|rcdA,100,0.12775697462332739,0.042680681056339195,0.048983217541033484,2.993320899792721,0.23638634072257178,1755,,,,[],0,,False,True,
csd-20260805_174708,paired_hierarchical,1,0,0,9769808dfe284056,rpoD->fdx,shared_complete_observation_shared_scores,maximum,prefix,complete,0,100,0.2,0.9,biological_error,2151398048,921666314,2151398048,rpoD,fdx,False,identifiable,alpA|basR|btsR|glaR|glrR|nsrR|ptrR|rcdA,100,-0.022669996652631044,0.07442369627673535,0.14893854215100322,-0.30460723918273896,0.17150812827546244,1755,,,,[],0,,False,True,
csd-20260805_174708,paired_hierarchical,1,0,0,9769808dfe284056,rpoD->fmt,shared_complete_observation_shared_scores,maximum,prefix,complete,0,100,0.2,0.9,biological_error,2151398048,921666314,2151398048,rpoD,fmt,False,identifiable,alpA|basR|btsR|glaR|glrR|nsrR|ptrR|rcdA,100,0.2434959304169204,0.06348674220392386,0.10838039047312097,3.8353823485664833,0.08879228844991484,1755,,,,[],0,,False,True,
csd-20260805_174708,paired_hierarchical,1,0,0,9769808dfe284056,rpoD->frr,shared_complete_observation_shared_scores,maximum,prefix,complete,0,100,0.2,0.9,biological_error,2151398048,921666314,2151398048,rpoD,frr,False,identifiable,alpA|basR|btsR|glaR|glrR|nsrR|ptrR|rcdA,100,-0.03195906044095462,0.06762778985374016,0.12298014939255354,-0.4725728951082544,0.19424743190849314,1755,,,,[],0,,False,True,
csd-20260805_174708,paired_hierarchical,1,0,0,9769808dfe284056,rpoD->frsA,shared_complete_observation_shared_scores,maximum,prefix,complete,0,100,0.2,0.9,biological_error,2151398048,921666314,2151398048,rpoD,frsA,False,identifiable,alpA|basR|btsR|glaR|glrR|nsrR|ptrR|rcdA,100,-0.05244782598474957,0.06245637723769947,0.10489099529161439,-0.8397513321200352,0.13357757497778297,1755,,,,[],0,,False,True,
csd-20260805_174708,paired_hierarchical,1,0,0,9769808dfe284056,rpoD->gcvA,shared_complete_observation_shared_scores,maximum,prefix,complete,0,100,0.2,0.9,biological_error,2151398048,921666314,2151398048,rpoD,gcvA,False,identifiable,alpA|basR|btsR|glaR|glrR|nsrR|ptrR|rcdA,100,-0.004159681009354383,0.041811321018196256,0.047008068367009846,-0.09948695492170871,0.18531786108656817,1755,,,,[],0,,False,True,
csd-20260805_174708,paired_hierarchical,1,0,0,9769808dfe284056,rpoD->gcvR,shared_complete_observation_shared_scores,maximum,prefix,complete,0,100,0.2,0.9,biological_error,2151398048,921666314,2151398048,rpoD,gcvR,False,identifiable,alpA|basR|btsR|glaR|glrR|nsrR|ptrR|rcdA,100,0.0019908881506235073,0.05381534091403224,0.07787477753193311,0.0369948069975784,0.20775147763438254,1755,,,,[],0,,False,True,
csd-20260805_174708,paired_hierarchical,1,0,0,9769808dfe284056,rpoD->glrK,shared_complete_observation_shared_scores,maximum,prefix,complete,0,100,0.2,0.9,biological_error,2151398048,921666314,2151398048,rpoD,glrK,False,identifiable,alpA|basR|btsR|glaR|glrR|nsrR|ptrR|rcdA,100,-0.001700939107816764,0.07441636435663478,0.14890919795673166,-0.022857057349175813,0.39519826982170414,1755,,,,[],0,,False,True,
csd-20260805_174708,paired_hierarchical,1,0,0,9769808dfe284056,rpoD->glyQ,shared_complete_observation_shared_scores,maximum,prefix,complete,0,100,0.2,0.9,biological_error,2151398048,921666314,2151398048,rpoD,glyQ,False,identifiable,alpA|basR|btsR|glaR|glrR|nsrR|ptrR|rcdA,100,0.00012158991441104283,0.060716879766518135,0.09912963739571992,0.002002571852812711,0.18973212042237914,1755,,,,[],0,,False,True,
csd-20260805_174708,paired_hierarchical,1,0,0,9769808dfe284056,rpoD->glyS,shared_complete_observation_shared_scores,maximum,prefix,complete,0,100,0.2,0.9,biological_error,2151398048,921666314,2151398048,rpoD,glyS,False,identifiable,alpA|basR|btsR|glaR|glrR|nsrR|ptrR|rcdA,100,0.00017217114403976237,0.06407826462904308,0.11040941547150644,0.002686888370596211,0.6286346232754813,1755,,,,[],0,,False,True,
csd-20260805_174708,paired_hierarchical,1,0,0,9769808dfe284056,rpoD->glyV,shared_complete_observation_shared_scores,maximum,prefix,complete,0,100,0.2,0.9,biological_error,2151398048,921666314,2151398048,rpoD,glyV,False,identifiable,alpA|basR|btsR|glaR|glrR|nsrR|ptrR|rcdA,100,-0.007385740421401051,0.054327061783075906,0.07936281467073623,-0.13594956507848313,0.2959880093444537,1755,,,,[],0,,False,True,
csd-20260805_174708,paired_hierarchical,1,0,0,9769808dfe284056,rpoD->glyW,shared_complete_observation_shared_scores,maximum,prefix,complete,0,100,0.2,0.9,biological_error,2151398048,921666314,2151398048,rpoD,glyW,False,identifiable,alpA|basR|btsR|glaR|glrR|nsrR|ptrR|rcdA,100,0.0611032476709905,0.07764983683801335,0.1621308734374684,0.7869076119046976,0.4406114070457264,1755,,,,[],0,,False,True,
csd-20260805_174708,paired_hierarchical,1,0,0,9769808dfe284056,rpoD->glyX,shared_complete_observation_shared_scores,maximum,prefix,complete,0,100,0.2,0.9,biological_error,2151398048,921666314,2151398048,rpoD,glyX,False,identifiable,alpA|basR|btsR|glaR|glrR|nsrR|ptrR|rcdA,100,0.05600376445997258,0.05029198867243117,0.06801148310541268,1.113572279369268,0.11949614520761688,1755,,,,[],0,,False,True,
csd-20260805_174708,paired_hierarchical,1,0,0,9769808dfe284056,rpoD->glyY,shared_complete_observation_shared_scores,maximum,prefix,complete,0,100,0.2,0.9,biological_error,2151398048,921666314,2151398048,rpoD,glyY,False,identifiable,alpA|basR|btsR|glaR|glrR|nsrR|ptrR|rcdA,100,-0.010078978926844381,0.06369359798510364,0.10908780222895308,-0.1582416325295614,0.10064227983326876,1755,,,,[],0,,False,True,
csd-20260805_174708,paired_hierarchical,1,0,0,9769808dfe284056,rpoD->gntR,shared_complete_observation_shared_scores,maximum,prefix,complete,0,100,0.2,0.9,biological_error,2151398048,921666314,2151398048,rpoD,gntR,False,identifiable,alpA|basR|btsR|glaR|glrR|nsrR|ptrR|rcdA,100,0.00842484796128502,0.0449131708036217,0.05424154617276262,0.18758078778543194,0.2793652735947971,1755,,,,[],0,,False,True,
csd-20260805_174708,paired_hierarchical,1,0,0,9769808dfe284056,rpoD->gph,shared_complete_observation_shared_scores,maximum,prefix,complete,0,100,0.2,0.9,biological_error,2151398048,921666314,2151398048,rpoD,gph,False,identifiable,alpA|basR|btsR|glaR|glrR|nsrR|ptrR|rcdA,100,-0.02436091091985716,0.049043595811969,0.06467690606870552,-0.4967195108053623,0.112329995188271,1755,,,,[],0,,False,True,
csd-20260805_174708,paired_hierarchical,1,0,0,9769808dfe284056,rpoD->grxB,shared_complete_observation_shared_scores,maximum,prefix,complete,0,100,0.2,0.9,biological_error,2151398048,921666314,2151398048,rpoD,grxB,False,identifiable,alpA|basR|btsR|glaR|glrR|nsrR|ptrR|rcdA,100,0.023643860211027188,0.07292645178003075,0.143006176257612,0.32421514599866386,0.343723948931354,1755,,,,[],0,,False,True,
csd-20260805_174708,paired_hierarchical,1,0,0,9769808dfe284056,rpoD->grxC,shared_complete_observation_shared_scores,maximum,prefix,complete,0,100,0.2,0.9,biological_error,2151398048,921666314,2151398048,rpoD,grxC,False,identifiable,alpA|basR|btsR|glaR|glrR|nsrR|ptrR|rcdA,100,0.010402225334013122,0.04526053974444537,0.05508382435765291,0.2298299002342265,0.11919811810790495,1755,,,,[],0,,False,True,
csd-20260805_174708,paired_hierarchical,1,0,0,9769808dfe284056,rpoD->grxD,shared_complete_observation_shared_scores,maximum,prefix,complete,0,100,0.2,0.9,biological_error,2151398048,921666314,2151398048,rpoD,grxD,False,identifiable,alpA|basR|btsR|glaR|glrR|nsrR|ptrR|rcdA,100,0.015258590557812545,0.05942458032447144,0.09495478918671303,0.25677237389809476,0.11931319428028289,1755,,,,[],0,,False,True,
csd-20260805_174708,paired_hierarchical,1,0,0,9769808dfe284056,rpoD->gsk,shared_complete_observation_shared_scores,maximum,prefix,complete,0,100,0.2,0.9,biological_error,2151398048,921666314,2151398048,rpoD,gsk,False,identifiable,alpA|basR|btsR|glaR|glrR|nsrR|ptrR|rcdA,100,0.10322738798389156,0.05185171930198636,0.0722954474496334,1.990819000286015,0.29803283922151813,1755,,,,[],0,,False,True,
csd-20260805_174708,paired_hierarchical,1,0,0,9769808dfe284056,rpoD->higA,shared_complete_observation_shared_scores,maximum,prefix,complete,0,100,0.2,0.9,biological_error,2151398048,921666314,2151398048,rpoD,higA,False,identifiable,alpA|basR|btsR|glaR|glrR|nsrR|ptrR|rcdA,100,0.0025085511776083156,0.03458469446398977,0.03216270104343143,0.07253356481782038,0.1636576603383741,1755,,,,[],0,,False,True,
csd-20260805_174708,paired_hierarchical,1,0,0,9769808dfe284056,rpoD->higB,shared_complete_observation_shared_scores,maximum,prefix,complete,0,100,0.2,0.9,biological_error,2151398048,921666314,2151398048,rpoD,higB,False,identifiable,alpA|basR|btsR|glaR|glrR|nsrR|ptrR|rcdA,100,-0.14516207719850854,0.048212613689527235,0.06250373633868987,-3.010873422737517,0.14920157034644635,1755,,,,[],0,,False,True,
csd-20260805_174708,paired_hierarchical,1,0,0,9769808dfe284056,rpoD->hisS,shared_complete_observation_shared_scores,maximum,prefix,complete,0,100,0.2,0.9,biological_error,2151398048,921666314,2151398048,rpoD,hisS,False,identifiable,alpA|basR|btsR|glaR|glrR|nsrR|ptrR|rcdA,100,-0.05693515900288694,0.055500728529806004,0.08282891933856565,-1.0258452548476114,0.10047507777890889,1755,,,,[],0,,False,True,
csd-20260805_174708,paired_hierarchical,1,0,0,9769808dfe284056,rpoD->hokD,shared_complete_observation_shared_scores,maximum,prefix,complete,0,100,0.2,0.9,biological_error,2151398048,921666314,2151398048,rpoD,hokD,False,identifiable,alpA|basR|btsR|glaR|glrR|nsrR|ptrR|rcdA,100,0.005512402456951299,0.054467422979441384,0.07977343322386453,0.1012054941360443,0.2905276430370147,1755,,,,[],0,,False,True,
csd-20260805_174708,paired_hierarchical,1,0,0,9769808dfe284056,rpoD->hscA,shared_complete_observation_shared_scores,maximum,prefix,complete,0,100,0.2,0.9,biological_error,2151398048,921666314,2151398048,rpoD,hscA,False,identifiable,alpA|basR|btsR|glaR|glrR|nsrR|ptrR|rcdA,100,0.04148621630259318,0.07497649097136876,0.15115929197035408,0.5533229918486783,0.08752586753689663,1755,,,,[],0,,False,True,
csd-20260805_174708,paired_hierarchical,1,0,0,9769808dfe284056,rpoD->hscB,shared_complete_observation_shared_scores,maximum,prefix,complete,0,100,0.2,0.9,biological_error,2151398048,921666314,2151398048,rpoD,hscB,False,identifiable,alpA|basR|btsR|glaR|glrR|nsrR|ptrR|rcdA,100,0.12819438353936322,0.07636169085454476,0.15679626018110862,1.6787787450064506,0.10905019450678992,1755,,,,[],0,,False,True,
csd-20260805_174708,paired_hierarchical,1,0,0,9769808dfe284056,rpoD->ibsC,shared_complete_observation_shared_scores,maximum,prefix,complete,0,100,0.2,0.9,biological_error,2151398048,921666314,2151398048,rpoD,ibsC,False,identifiable,alpA|basR|btsR|glaR|glrR|nsrR|ptrR|rcdA,100,0.00010649795218419303,0.051198007532414935,0.07048403321430186,0.0020801190772270993,0.07059531840417371,1755,,,,[],0,,False,True,
csd-20260805_174708,paired_hierarchical,1,0,0,9769808dfe284056,rpoD->ibsD,shared_complete_observation_shared_scores,maximum,prefix,complete,0,100,0.2,0.9,biological_error,2151398048,921666314,2151398048,rpoD,ibsD,False,identifiable,alpA|basR|btsR|glaR|glrR|nsrR|ptrR|rcdA,100,0.00815995327890386,0.04521402066407242,0.05497065151366502,0.18047395827789878,0.1481524370113541,1755,,,,[],0,,False,True,
csd-20260805_174708,paired_hierarchical,1,0,0,9769808dfe284056,rpoD->ileX,shared_complete_observation_shared_scores,maximum,prefix,complete,0,100,0.2,0.9,biological_error,2151398048,921666314,2151398048,rpoD,ileX,False,identifiable,alpA|basR|btsR|glaR|glrR|nsrR|ptrR|rcdA,100,-0.0485219720980883,0.03451338993449912,0.03203021572513553,-1.4058883288536772,0.30762147957276087,1755,,,,[],0,,False,True,
csd-20260805_174708,paired_hierarchical,1,0,0,9769808dfe284056,rpoD->insD7,shared_complete_observation_shared_scores,maximum,prefix,complete,0,100,0.2,0.9,biological_error,2151398048,921666314,2151398048,rpoD,insD7,False,identifiable,alpA|basR|btsR|dicA|glaR|glrR|nsrR|ptrR|rcdA,100,7.176258101699836e-05,0.056788877832438855,0.08652631324492775,0.001263673165522673,0.17893867634352975,1755,,,,[],0,,False,True,
csd-20260805_174708,paired_hierarchical,1,0,0,9769808dfe284056,rpoD->intQ,shared_complete_observation_shared_scores,maximum,prefix,complete,0,100,0.2,0.9,biological_error,2151398048,921666314,2151398048,rpoD,intQ,False,identifiable,alpA|basR|btsR|dicA|glaR|glrR|nsrR|ptrR|rcdA,100,0.018898869257658917,0.097016663570832,0.2525307657461824,0.19480023907295912,0.17364295139794164,1755,,,,[],0,,False,True,
csd-20260805_174708,paired_hierarchical,1,0,0,9769808dfe284056,rpoD->intS,shared_complete_observation_shared_scores,maximum,prefix,complete,0,100,0.2,0.9,biological_error,2151398048,921666314,2151398048,rpoD,intS,False,identifiable,alpA|basR|btsR|glaR|glrR|nsrR|ptrR|rcdA,100,0.027421786567968343,0.02807039169541293,0.021187590619375484,0.9768936203497802,0.06170533323459738,1755,,,,[],0,,False,True,
csd-20260805_174708,paired_hierarchical,1,0,0,9769808dfe284056,rpoD->iscA,shared_complete_observation_shared_scores,maximum,prefix,complete,0,100,0.2,0.9,biological_error,2151398048,921666314,2151398048,rpoD,iscA,False,identifiable,alpA|basR|btsR|glaR|glrR|nsrR|ptrR|rcdA,100,-0.009397902659166448,0.09759736974511189,0.2561302388378472,-0.09629258128277722,0.18564614202242868,1755,,,,[],0,,False,True,
csd-20260805_174708,paired_hierarchical,1,0,0,9769808dfe284056,rpoD->iscR,shared_complete_observation_shared_scores,maximum,prefix,complete,0,100,0.2,0.9,biological_error,2151398048,921666314,2151398048,rpoD,iscR,False,identifiable,alpA|basR|btsR|glaR|glrR|nsrR|ptrR|rcdA,100,-0.0315001114772527,0.05750891141001017,0.08893135738385062,-0.5477431358884964,0.08313809059234292,1755,,,,[],0,,False,True,
csd-20260805_174708,paired_hierarchical,1,0,0,9769808dfe284056,rpoD->iscS,shared_complete_observation_shared_scores,maximum,prefix,complete,0,100,0.2,0.9,biological_error,2151398048,921666314,2151398048,rpoD,iscS,False,identifiable,alpA|basR|btsR|glaR|glrR|nsrR|ptrR|rcdA,100,-0.00876774253425953,0.03348210338332118,0.030144639426348804,-0.26186355241430576,0.13947394914245095,1755,,,,[],0,,False,True,
csd-20260805_174708,paired_hierarchical,1,0,0,9769808dfe284056,rpoD->iscU,shared_complete_observation_shared_scores,maximum,prefix,complete,0,100,0.2,0.9,biological_error,2151398048,921666314,2151398048,rpoD,iscU,False,identifiable,alpA|basR|btsR|glaR|glrR|nsrR|ptrR|rcdA,100,-0.0036452403960751684,0.06596326960934745,0.11700083894099905,-0.05526166937544607,0.1906263193771467,1755,,,,[],0,,False,True,
csd-20260805_174708,paired_hierarchical,1,0,0,9769808dfe284056,rpoD->iscX,shared_complete_observation_shared_scores,maximum,prefix,complete,0,100,0.2,0.9,biological_error,2151398048,921666314,2151398048,rpoD,iscX,False,identifiable,alpA|basR|btsR|glaR|glrR|nsrR|ptrR|rcdA,100,0.036670377368549445,0.07807129294159564,0.16389562884369133,0.46970372830871643,0.1411361931512061,1755,,,,[],0,,False,True,
csd-20260805_174708,paired_hierarchical,1,0,0,9769808dfe284056,rpoD->ispA,shared_complete_observation_shared_scores,maximum,prefix,complete,0,100,0.2,0.9,biological_error,2151398048,921666314,2151398048,rpoD,ispA,False,identifiable,alpA|basR|btsR|glaR|glrR|nsrR|ptrR|rcdA,100,0.03891856894805213,0.05315738333941119,0.07598219174438567,0.7321385384896792,0.38912438352420065,1755,,,,[],0,,False,True,
csd-20260805_174708,paired_hierarchical,1,0,0,9769808dfe284056,rpoD->istR,shared_complete_observation_shared_scores,maximum,prefix,complete,0,100,0.2,0.9,biological_error,2151398048,921666314,2151398048,rpoD,istR,False,identifiable,alpA|basR|btsR|glaR|glrR|nsrR|ptrR|rcdA,100,0.0020663041940818163,0.05418606183004413,0.07895139423442583,0.038133500097549594,0.13555095802915043,1755,,,,[],0,,False,True,
csd-20260805_174708,paired_hierarchical,1,0,0,9769808dfe284056,rpoD->kdpB,shared_complete_observation_shared_scores,maximum,prefix,complete,0,100,0.2,0.9,biological_error,2151398048,921666314,2151398048,rpoD,kdpB,False,identifiable,alpA|basR|btsR|glaR|glrR|kdpE|nsrR|ptrR|rcdA,100,0.003746764783055141,0.10171345023100298,0.2781586908602799,0.03683647319548994,0.4007733182797381,1755,,,,[],0,,False,True,
csd-20260805_174708,paired_hierarchical,1,0,0,9769808dfe284056,rpoD->kdpC,shared_complete_observation_shared_scores,maximum,prefix,complete,0,100,0.2,0.9,biological_error,2151398048,921666314,2151398048,rpoD,kdpC,False,identifiable,alpA|basR|btsR|glaR|glrR|kdpE|nsrR|ptrR|rcdA,100,0.0837714436262963,0.03895820086978796,0.04080690397874467,2.1502903562279476,0.2528663381271904,1755,,,,[],0,,False,True,
csd-20260805_174708,paired_hierarchical,1,0,0,9769808dfe284056,rpoD->kdpF,shared_complete_observation_shared_scores,maximum,prefix,complete,0,100,0.2,0.9,biological_error,2151398048,921666314,2151398048,rpoD,kdpF,False,identifiable,alpA|basR|btsR|glaR|glrR|kdpE|nsrR|ptrR|rcdA,100,0.014014454832730849,0.06092665905812524,0.09980460706711122,0.2300217187251443,0.10609768920567261,1755,,,,[],0,,False,True,
csd-20260805_174708,paired_hierarchical,1,0,0,9769808dfe284056,rpoD->kdsB,shared_complete_observation_shared_scores,maximum,prefix,complete,0,100,0.2,0.9,biological_error,2151398048,921666314,2151398048,rpoD,kdsB,False,identifiable,alpA|basR|btsR|glaR|glrR|nsrR|ptrR|rcdA,100,0.025360040163001567,0.08091548705957206,0.17605482528373442,0.31341392216215486,0.2502265074477902,1755,,,,[],0,,False,True,
csd-20260805_174708,paired_hierarchical,1,0,0,9769808dfe284056,rpoD->kdsC,shared_complete_observation_shared_scores,maximum,prefix,complete,0,100,0.2,0.9,biological_error,2151398048,921666314,2151398048,rpoD,kdsC,False,identifiable,alpA|basR|btsR|glaR|glrR|nsrR|ptrR|rcdA,100,0.09971186717412445,0.09088764046294977,0.2221233859391868,1.097089402543923,0.43448190432751455,1755,,,,[],0,,False,True,
csd-20260805_174708,paired_hierarchical,1,0,0,9769808dfe284056,rpoD->kdsD,shared_complete_observation_shared_scores,maximum,prefix,complete,0,100,0.2,0.9,biological_error,2151398048,921666314,2151398048,rpoD,kdsD,False,identifiable,alpA|basR|btsR|glaR|glrR|nsrR|ptrR|rcdA,100,-0.021182339940088456,0.03623083134160886,0.03529727886029703,-0.5846495693230714,0.26733395927554837,1755,,,,[],0,,False,True,
csd-20260805_174708,paired_hierarchical,1,0,0,9769808dfe284056,rpoD->leuZ,shared_complete_observation_shared_scores,maximum,prefix,complete,0,100,0.2,0.9,biological_error,2151398048,921666314,2151398048,rpoD,leuZ,False,identifiable,alpA|basR|btsR|glaR|glrR|nsrR|ptrR|rcdA,100,-0.06940955368078842,0.06882461174169639,0.12737147190536055,-1.0084990227229667,0.3173119578691481,1755,,,,[],0,,False,True,
csd-20260805_174708,paired_hierarchical,1,0,0,9769808dfe284056,rpoD->lgt,shared_complete_observation_shared_scores,maximum,prefix,complete,0,100,0.2,0.9,biological_error,2151398048,921666314,2151398048,rpoD,lgt,False,identifiable,alpA|basR|btsR|glaR|glrR|nsrR|ptrR|rcdA,100,0.020057638944461467,0.07434741458024681,0.14863338498264517,0.2697826018255453,0.6109948668066617,1755,,,,[],0,,False,True,
csd-20260805_174708,paired_hierarchical,1,0,0,9769808dfe284056,rpoD->loiP,shared_complete_observation_shared_scores,maximum,prefix,complete,0,100,0.2,0.9,biological_error,2151398048,921666314,2151398048,rpoD,loiP,False,identifiable,alpA|basR|btsR|glaR|glrR|nsrR|ptrR|rcdA,100,-0.031145975627009527,0.07841789267922024,0.16535409779289326,-0.3971794518174144,0.1973906183998354,1755,,,,[],0,,False,True,
csd-20260805_174708,paired_hierarchical,1,0,0,9769808dfe284056,rpoD->lptC,shared_complete_observation_shared_scores,maximum,prefix,complete,0,100,0.2,0.9,biological_error,2151398048,921666314,2151398048,rpoD,lptC,False,identifiable,alpA|basR|btsR|glaR|glrR|nsrR|ptrR|rcdA,100,-0.005412636833349865,0.05632276649486731,0.08530069792072582,-0.09610033686543289,0.15638869037267156,1755,,,,[],0,,False,True,
csd-20260805_174708,paired_hierarchical,1,0,0,9769808dfe284056,rpoD->lptM,shared_complete_observation_shared_scores,maximum,prefix,complete,0,100,0.2,0.9,biological_error,2151398048,921666314,2151398048,rpoD,lptM,False,identifiable,alpA|basR|btsR|glaR|glrR|nsrR|ptrR|rcdA,100,-0.024954692582340406,0.06617494792657988,0.11775296293889903,-0.37710180913216984,0.3536981624938819,1755,,,,[],0,,False,True,
csd-20260805_174708,paired_hierarchical,1,0,0,9769808dfe284056,rpoD->lpxT,shared_complete_observation_shared_scores,maximum,prefix,complete,0,100,0.2,0.9,biological_error,2151398048,921666314,2151398048,rpoD,lpxT,False,identifiable,alpA|basR|btsR|glaR|glrR|nsrR|ptrR|rcdA,100,-0.01218604937052314,0.09693213350534233,0.2526505051697322,-0.12571733366264468,0.10551051409081631,1755,,,,[],0,,False,True,
csd-20260805_174708,paired_hierarchical,1,0,0,9769808dfe284056,rpoD->mepH,shared_complete_observation_shared_scores,maximum,prefix,complete,0,100,0.2,0.9,biological_error,2151398048,921666314,2151398048,rpoD,mepH,False,identifiable,alpA|basR|btsR|glaR|glrR|nsrR|ptrR|rcdA,100,0.11695264512365691,0.05611755091740723,0.08468023331215045,2.084065380825076,0.24331306599729122,1755,,,,[],0,,False,True,
csd-20260805_174708,paired_hierarchical,1,0,0,9769808dfe284056,rpoD->metG,shared_complete_observation_shared_scores,maximum,prefix,complete,0,100,0.2,0.9,biological_error,2151398048,921666314,2151398048,rpoD,metG,False,identifiable,alpA|basR|btsR|glaR|glrR|nsrR|ptrR|rcdA,100,0.009860863712083735,0.027853096835743517,0.0208608310348574,0.3540311431161729,0.20967974384572535,1755,,,,[],0,,False,True,
csd-20260805_174708,paired_hierarchical,1,0,0,9769808dfe284056,rpoD->metW,shared_complete_observation_shared_scores,maximum,prefix,complete,0,100,0.2,0.9,biological_error,2151398048,921666314,2151398048,rpoD,metW,False,identifiable,alpA|basR|btsR|glaR|glrR|nsrR|ptrR|rcdA,100,-0.008326949186380484,0.06878850086889025,0.12723784853215048,-0.12105147053940762,0.12442638551110052,1755,,,,[],0,,False,True,
csd-20260805_174708,paired_hierarchical,1,0,0,9769808dfe284056,rpoD->metZ,shared_complete_observation_shared_scores,maximum,prefix,complete,0,100,0.2,0.9,biological_error,2151398048,921666314,2151398048,rpoD,metZ,False,identifiable,alpA|basR|btsR|glaR|glrR|nsrR|ptrR|rcdA,100,0.01789809752059325,0.04209953309163926,0.047658370141183445,0.425137672706107,0.0794671124537489,1755,,,,[],0,,False,True,
csd-20260805_174708,paired_hierarchical,1,0,0,9769808dfe284056,rpoD->mfd,shared_complete_observation_shared_scores,maximum,prefix,complete,0,100,0.2,0.9,biological_error,2151398048,921666314,2151398048,rpoD,mfd,False,identifiable,alpA|basR|btsR|glaR|glrR|nsrR|ptrR|rcdA,100,0.0026085180543434514,0.0533038464204241,0.07640147186499167,0.04893676966140969,0.09860408417729981,1755,,,,[],0,,False,True,
csd-20260805_174708,paired_hierarchical,1,0,0,9769808dfe284056,rpoD->mngR,shared_complete_observation_shared_scores,maximum,prefix,complete,0,100,0.2,0.9,biological_error,2151398048,921666314,2151398048,rpoD,mngR,False,identifiable,alpA|basR|btsR|glaR|glrR|nsrR|ptrR|rcdA,100,-0.03792101932866488,0.08867530872972228,0.21144140974111422,-0.4276389884837748,0.14598848188223618,1755,,,,[],0,,False,True,
csd-20260805_174708,paired_hierarchical,1,0,0,9769808dfe284056,rpoD->mprA,shared_complete_observation_shared_scores,maximum,prefix,complete,0,100,0.2,0.9,biological_error,2151398048,921666314,2151398048,rpoD,mprA,False,identifiable,alpA|basR|btsR|glaR|glrR|nsrR|ptrR|rcdA,100,0.01196711467258687,0.07753993944723618,0.161672272312444,0.1543348467628114,0.1624545701404748,1755,,,,[],0,,False,True,
csd-20260805_174708,paired_hierarchical,1,0,0,9769808dfe284056,rpoD->mrp,shared_complete_observation_shared_scores,maximum,prefix,complete,0,100,0.2,0.9,biological_error,2151398048,921666314,2151398048,rpoD,mrp,False,identifiable,alpA|basR|btsR|glaR|glrR|nsrR|ptrR|rcdA,100,-0.00282669072866677,0.0436619817958639,0.05126152426492028,-0.06474032126811391,0.2690715394374406,1755,,,,[],0,,False,True,
csd-20260805_174708,paired_hierarchical,1,0,0,9769808dfe284056,rpoD->nadB,shared_complete_observation_shared_scores,maximum,prefix,complete,0,100,0.2,0.9,biological_error,2151398048,921666314,2151398048,rpoD,nadB,False,identifiable,alpA|basR|btsR|glaR|glrR|nadR|nsrR|ptrR|rcdA,100,-0.036353344874130986,0.05736528598151575,0.08840774778871913,-0.6337167897296766,0.17217345937593684,1755,,,,[],0,,False,True,
csd-20260805_174708,paired_hierarchical,1,0,0,9769808dfe284056,rpoD->nadE,shared_complete_observation_shared_scores,maximum,prefix,complete,0,100,0.2,0.9,biological_error,2151398048,921666314,2151398048,rpoD,nadE,False,identifiable,alpA|basR|btsR|glaR|glrR|nsrR|ptrR|rcdA,100,0.07354346446453494,0.04713370576415094,0.05973760406500329,1.5603157713194449,0.1781253836356419,1755,,,,[],0,,False,True,
csd-20260805_174708,paired_hierarchical,1,0,0,9769808dfe284056,rpoD->nei,shared_complete_observation_shared_scores,maximum,prefix,complete,0,100,0.2,0.9,biological_error,2151398048,921666314,2151398048,rpoD,nei,False,identifiable,alpA|basR|btsR|glaR|glrR|nsrR|ptrR|rcdA,100,0.029845063197733206,0.027464522750368044,0.020282838879418407,1.0866769275039838,0.090248429653007,1755,,,,[],0,,False,True,
csd-20260805_174708,paired_hierarchical,1,0,0,9769808dfe284056,rpoD->nlpD,shared_complete_observation_shared_scores,maximum,prefix,complete,0,100,0.2,0.9,biological_error,2151398048,921666314,2151398048,rpoD,nlpD,False,identifiable,alpA|basR|btsR|glaR|glrR|nsrR|ptrR|rcdA,100,-0.1215892657154484,0.06647024346411795,0.11880621670833517,-1.8292285296214519,0.08279654724526504,1755,,,,[],0,,False,True,
csd-20260805_174708,paired_hierarchical,1,0,0,9769808dfe284056,rpoD->nnr,shared_complete_observation_shared_scores,maximum,prefix,complete,0,100,0.2,0.9,biological_error,2151398048,921666314,2151398048,rpoD,nnr,False,identifiable,alpA|basR|btsR|glaR|glrR|nsrR|ptrR|rcdA,100,-0.0028150078470358863,0.026898953022216874,0.019456081653682428,-0.10465120500083641,0.2360422158445795,1755,,,,[],0,,False,True,
csd-20260805_174708,paired_hierarchical,1,0,0,9769808dfe284056,rpoD->npr,shared_complete_observation_shared_scores,maximum,prefix,complete,0,100,0.2,0.9,biological_error,2151398048,921666314,2151398048,rpoD,npr,False,identifiable,alpA|basR|btsR|glaR|glrR|nsrR|ptrR|rcdA,100,-0.001478001407692934,0.011464920649071102,0.003534489809271609,-0.12891510137165083,0.16392221449340819,1755,,,,[],0,,False,True,
csd-20260805_174708,paired_hierarchical,1,0,0,9769808dfe284056,rpoD->nrdR,shared_complete_observation_shared_scores,maximum,prefix,complete,0,100,0.2,0.9,biological_error,2151398048,921666314,2151398048,rpoD,nrdR,False,identifiable,alpA|basR|btsR|glaR|glrR|nsrR|ptrR|rcdA,100,-0.009016972711073587,0.06788658819983068,0.12392319240206759,-0.13282406658191842,0.16275441678410682,1755,,,,[],0,,False,True,
csd-20260805_174708,paired_hierarchical,1,0,0,9769808dfe284056,rpoD->nudB,shared_complete_observation_shared_scores,maximum,prefix,complete,0,100,0.2,0.9,biological_error,2151398048,921666314,2151398048,rpoD,nudB,False,identifiable,alpA|basR|btsR|glaR|glrR|nsrR|ptrR|rcdA,100,-0.051069245101155805,0.0395225877905616,0.04200252248553796,-1.2921533724406493,0.11703586245521623,1755,,,,[],0,,False,True,
csd-20260805_174708,paired_hierarchical,1,0,0,9769808dfe284056,rpoD->paaX,shared_complete_observation_shared_scores,maximum,prefix,complete,0,100,0.2,0.9,biological_error,2151398048,921666314,2151398048,rpoD,paaX,False,identifiable,alpA|basR|btsR|glaR|glrR|nsrR|ptrR|rcdA,100,-0.008906018721300904,0.06239399353869179,0.10468156206377704,-0.1427383986213048,0.38562353643485764,1755,,,,[],0,,False,True,
csd-20260805_174708,paired_hierarchical,1,0,0,9769808dfe284056,rpoD->paaY,shared_complete_observation_shared_scores,maximum,prefix,complete,0,100,0.2,0.9,biological_error,2151398048,921666314,2151398048,rpoD,paaY,False,identifiable,alpA|basR|btsR|glaR|glrR|nsrR|ptrR|rcdA,100,-0.06094217384293356,0.08707283887312871,0.2038684568974879,-0.6998987816594635,0.34471341355320495,1755,,,,[],0,,False,True,
csd-20260805_174708,paired_hierarchical,1,0,0,9769808dfe284056,rpoD->panB,shared_complete_observation_shared_scores,maximum,prefix,complete,0,100,0.2,0.9,biological_error,2151398048,921666314,2151398048,rpoD,panB,False,identifiable,alpA|basR|btsR|glaR|glrR|nsrR|ptrR|rcdA,100,0.04541641623303909,0.07893741128589088,0.1675522973706232,0.5753471705393604,0.261076045665319,1755,,,,[],0,,False,True,
csd-20260805_174708,paired_hierarchical,1,0,0,9769808dfe284056,rpoD->panC,shared_complete_observation_shared_scores,maximum,prefix,complete,0,100,0.2,0.9,biological_error,2151398048,921666314,2151398048,rpoD,panC,False,identifiable,alpA|basR|btsR|glaR|glrR|nsrR|ptrR|rcdA,100,0.025224766488029272,0.06690906412980178,0.12038005518221391,0.3770007369867542,0.060784664368223225,1755,,,,[],0,,False,True,
csd-20260805_174708,paired_hierarchical,1,0,0,9769808dfe284056,rpoD->panD,shared_complete_observation_shared_scores,maximum,prefix,complete,0,100,0.2,0.9,biological_error,2151398048,921666314,2151398048,rpoD,panD,False,identifiable,alpA|basR|btsR|glaR|glrR|nsrR|ptrR|rcdA,100,-0.011825503438676112,0.07030797968683332,0.13292108097733712,-0.16819575091404157,0.15278792951455553,1755,,,,[],0,,False,True,
csd-20260805_174708,paired_hierarchical,1,0,0,9769808dfe284056,rpoD->panF,shared_complete_observation_shared_scores,maximum,prefix,complete,0,100,0.2,0.9,biological_error,2151398048,921666314,2151398048,rpoD,panF,False,identifiable,alpA|basR|btsR|glaR|glrR|nsrR|ptrR|rcdA,100,0.3781449700027249,0.07417271449511789,0.14793569407710988,5.098168141434472,0.15892035786848588,1755,,,,[],0,,False,True,
csd-20260805_174708,paired_hierarchical,1,0,0,9769808dfe284056,rpoD->pcm,shared_complete_observation_shared_scores,maximum,prefix,complete,0,100,0.2,0.9,biological_error,2151398048,921666314,2151398048,rpoD,pcm,False,identifiable,alpA|basR|btsR|glaR|glrR|nsrR|ptrR|rcdA,100,0.005489394294758249,0.054338615846712846,0.07939657539657115,0.10102197505809901,0.1667613678453283,1755,,,,[],0,,False,True,
csd-20260805_174708,paired_hierarchical,1,0,0,9769808dfe284056,rpoD->pdxJ,shared_complete_observation_shared_scores,maximum,prefix,complete,0,100,0.2,0.9,biological_error,2151398048,921666314,2151398048,rpoD,pdxJ,False,identifiable,alpA|basR|btsR|glaR|glrR|nsrR|ptrR|rcdA,100,-0.10423134521701735,0.09499451531732543,0.24265077894163092,-1.0972354021580788,0.15508823818832534,1755,,,,[],0,,False,True,
csd-20260805_174708,paired_hierarchical,1,0,0,9769808dfe284056,rpoD->pepA,shared_complete_observation_shared_scores,maximum,prefix,complete,0,100,0.2,0.9,biological_error,2151398048,921666314,2151398048,rpoD,pepA,False,identifiable,alpA|basR|btsR|glaR|glrR|nsrR|ptrR|rcdA,100,-0.006116530521121531,0.024217994034475183,0.01577106287332155,-0.2525614017583137,0.24218416010086471,1755,,,,[],0,,False,True,
csd-20260805_174708,paired_hierarchical,1,0,0,9769808dfe284056,rpoD->pepP,shared_complete_observation_shared_scores,maximum,prefix,complete,0,100,0.2,0.9,biological_error,2151398048,921666314,2151398048,rpoD,pepP,False,identifiable,alpA|basR|btsR|glaR|glrR|nsrR|ptrR|rcdA,100,-0.047735849897167226,0.08069657973947579,0.17510352265687162,-0.5915473747620982,0.14602976023373862,1755,,,,[],0,,False,True,
csd-20260805_174708,paired_hierarchical,1,0,0,9769808dfe284056,rpoD->pflA,shared_complete_observation_shared_scores,maximum,prefix,complete,0,100,0.2,0.9,biological_error,2151398048,921666314,2151398048,rpoD,pflA,False,identifiable,alpA|basR|btsR|glaR|glrR|nsrR|ptrR|rcdA,100,0.005465882223993862,0.04572023266867588,0.05620843468135333,0.1195506213540921,0.1499166132413816,1755,,,,[],0,,False,True,
csd-20260805_174708,paired_hierarchical,1,0,0,9769808dfe284056,rpoD->pgpB,shared_complete_observation_shared_scores,maximum,prefix,complete,0,100,0.2,0.9,biological_error,2151398048,921666314,2151398048,rpoD,pgpB,False,identifiable,alpA|basR|btsR|glaR|glrR|nsrR|ptrR|rcdA,100,0.06710774912799236,0.033583613768891366,0.030327700361969606,1.9982289455149265,0.11519560042957425,1755,,,,[],0,,False,True,
csd-20260805_174708,paired_hierarchical,1,0,0,9769808dfe284056,rpoD->pheA,shared_complete_observation_shared_scores,maximum,prefix,complete,0,100,0.2,0.9,biological_error,2151398048,921666314,2151398048,rpoD,pheA,False,identifiable,alpA|basR|btsR|glaR|glrR|nsrR|ptrR|rcdA,100,0.02849004565297587,0.07891800112500609,0.16746990761025934,0.3610082015109284,0.13971890011796884,1755,,,,[],0,,False,True,
csd-20260805_174708,paired_hierarchical,1,0,0,9769808dfe284056,rpoD->pheL,shared_complete_observation_shared_scores,maximum,prefix,complete,0,100,0.2,0.9,biological_error,2151398048,921666314,2151398048,rpoD,pheL,False,identifiable,alpA|basR|btsR|glaR|glrR|nsrR|ptrR|rcdA,100,0.06763319567377911,0.06401434348390274,0.11018924795553574,1.0565318957115664,0.2549902073500363,1755,,,,[],0,,False,True,
csd-20260805_174708,paired_hierarchical,1,0,0,9769808dfe284056,rpoD->pheP,shared_complete_observation_shared_scores,maximum,prefix,complete,0,100,0.2,0.9,biological_error,2151398048,921666314,2151398048,rpoD,pheP,False,identifiable,alpA|basR|btsR|glaR|glrR|nsrR|ptrR|rcdA,100,0.10895689782450108,0.0628973228454476,0.10637729641459726,1.732297860947625,0.20256562821221882,1755,,,,[],0,,False,True,
csd-20260805_174708,paired_hierarchical,1,0,0,9769808dfe284056,rpoD->plsX,shared_complete_observation_shared_scores,maximum,prefix,complete,0,100,0.2,0.9,biological_error,2151398048,921666314,2151398048,rpoD,plsX,False,identifiable,alpA|basR|btsR|glaR|glrR|nsrR|ptrR|rcdA,100,-0.010526922845652157,0.0531935440652157,0.07608560186570582,-0.19789850499049408,0.21382995601111904,1755,,,,[],0,,False,True,
csd-20260805_174708,paired_hierarchical,1,0,0,9769808dfe284056,rpoD->pntB,shared_complete_observation_shared_scores,maximum,prefix,complete,0,100,0.2,0.9,biological_error,2151398048,921666314,2151398048,rpoD,pntB,False,identifiable,alpA|basR|btsR|glaR|glrR|nsrR|ptrR|rcdA,100,0.013042579680122901,0.0524277851739718,0.07391075689697447,0.2487722805158284,0.10631264926661602,1755,,,,[],0,,False,True,
csd-20260805_174708,paired_hierarchical,1,0,0,9769808dfe284056,rpoD->prmA,shared_complete_observation_shared_scores,maximum,prefix,complete,0,100,0.2,0.9,biological_error,2151398048,921666314,2151398048,rpoD,prmA,False,identifiable,alpA|basR|btsR|glaR|glrR|nsrR|ptrR|rcdA,100,0.04158226498807613,0.06542563526227531,0.115101378180494,0.6355653226962649,0.3353465551228693,1755,,,,[],0,,False,True,
csd-20260805_174708,paired_hierarchical,1,0,0,9769808dfe284056,rpoD->proS,shared_complete_observation_shared_scores,maximum,prefix,complete,0,100,0.2,0.9,biological_error,2151398048,921666314,2151398048,rpoD,proS,False,identifiable,alpA|basR|btsR|glaR|glrR|nsrR|ptrR|rcdA,100,-0.042732155642590565,0.053815523956726743,0.07787530728546113,-0.7940488636132512,0.24797988959429446,1755,,,,[],0,,False,True,
csd-20260805_174708,paired_hierarchical,1,0,0,9769808dfe284056,rpoD->pspF,shared_complete_observation_shared_scores,maximum,prefix,complete,0,100,0.2,0.9,biological_error,2151398048,921666314,2151398048,rpoD,pspF,False,identifiable,alpA|basR|btsR|glaR|glrR|nsrR|ptrR|rcdA,100,-0.00835122106484298,0.05395249165318022,0.07827221785596004,-0.15478842234991974,0.15880247672965056,1755,,,,[],0,,False,True,
csd-20260805_174708,paired_hierarchical,1,0,0,9769808dfe284056,rpoD->pssA,shared_complete_observation_shared_scores,maximum,prefix,complete,0,100,0.2,0.9,biological_error,2151398048,921666314,2151398048,rpoD,pssA,False,identifiable,alpA|basR|btsR|glaR|glrR|nsrR|ptrR|rcdA,100,0.0027686466320714772,0.07175699426050874,0.1384564221871823,0.03858364833426689,0.26838303931043556,1755,,,,[],0,,False,True,
csd-20260805_174708,paired_hierarchical,1,0,0,9769808dfe284056,rpoD->pth,shared_complete_observation_shared_scores,maximum,prefix,complete,0,100,0.2,0.9,biological_error,2151398048,921666314,2151398048,rpoD,pth,False,identifiable,alpA|basR|btsR|glaR|glrR|nsrR|ptrR|rcdA,100,0.1578655535514959,0.059045469648957176,0.09374708877861306,2.6736268589284395,0.3059394418941514,1755,,,,[],0,,False,True,
csd-20260805_174708,paired_hierarchical,1,0,0,9769808dfe284056,rpoD->purU,shared_complete_observation_shared_scores,maximum,prefix,complete,0,100,0.2,0.9,biological_error,2151398048,921666314,2151398048,rpoD,purU,False,identifiable,alpA|basR|btsR|glaR|glrR|nsrR|ptrR|rcdA,100,0.044763181284355066,0.060986086567187424,0.10001062909762135,0.7339900591102885,0.21413552890764131,1755,,,,[],0,,False,True,
csd-20260805_174708,paired_hierarchical,1,0,0,9769808dfe284056,rpoD->pyrH,shared_complete_observation_shared_scores,maximum,prefix,complete,0,100,0.2,0.9,biological_error,2151398048,921666314,2151398048,rpoD,pyrH,False,identifiable,alpA|basR|btsR|glaR|glrR|nsrR|ptrR|rcdA,100,0.1662412181438202,0.07851552715289992,0.16576610352247767,2.1173037254157974,0.2720544750043275,1755,,,,[],0,,False,True,
csd-20260805_174708,paired_hierarchical,1,0,0,9769808dfe284056,rpoD->rbn,shared_complete_observation_shared_scores,maximum,prefix,complete,0,100,0.2,0.9,biological_error,2151398048,921666314,2151398048,rpoD,rbn,False,identifiable,alpA|basR|btsR|glaR|glrR|nsrR|ptrR|rcdA,100,-0.050488401164729566,0.04297475150269989,0.04966053289505552,-1.174838699452576,0.2548344734350433,1755,,,,[],0,,False,True,
csd-20260805_174708,paired_hierarchical,1,0,0,9769808dfe284056,rpoD->rcnR,shared_complete_observation_shared_scores,maximum,prefix,complete,0,100,0.2,0.9,biological_error,2151398048,921666314,2151398048,rpoD,rcnR,False,identifiable,alpA|basR|btsR|glaR|glrR|nsrR|ptrR|rcdA,100,-0.006429121312743461,0.058102602586628825,0.09077699447907717,-0.1106511761354903,0.20773553007943943,1755,,,,[],0,,False,True,
csd-20260805_174708,paired_hierarchical,1,0,0,9769808dfe284056,rpoD->recO,shared_complete_observation_shared_scores,maximum,prefix,complete,0,100,0.2,0.9,biological_error,2151398048,921666314,2151398048,rpoD,recO,False,identifiable,alpA|basR|btsR|glaR|glrR|nsrR|ptrR|rcdA,100,-0.0030586436639027216,0.056855492626912696,0.0869219540752463,-0.05379680172632793,0.4543568754605113,1755,,,,[],0,,False,True,
csd-20260805_174708,paired_hierarchical,1,0,0,9769808dfe284056,rpoD->relB,shared_complete_observation_shared_scores,maximum,prefix,complete,0,100,0.2,0.9,biological_error,2151398048,921666314,2151398048,rpoD,relB,False,identifiable,alpA|basR|btsR|glaR|glrR|nsrR|ptrR|rcdA,100,-0.04383022124006178,0.07397413496653994,0.1471446302559262,-0.5925073846404166,0.23094782136643197,1755,,,,[],0,,False,True,
csd-20260805_174708,paired_hierarchical,1,0,0,9769808dfe284056,rpoD->relE,shared_complete_observation_shared_scores,maximum,prefix,complete,0,100,0.2,0.9,biological_error,2151398048,921666314,2151398048,rpoD,relE,False,identifiable,alpA|basR|btsR|glaR|glrR|nsrR|ptrR|rcdA,100,-0.028136943129157706,0.06133805419886064,0.10116833841109184,-0.45871919963317576,0.2702092758122796,1755,,,,[],0,,False,True,
csd-20260805_174708,paired_hierarchical,1,0,0,9769808dfe284056,rpoD->rffC,shared_complete_observation_shared_scores,maximum,prefix,complete,0,100,0.2,0.9,biological_error,2151398048,921666314,2151398048,rpoD,rffC,False,identifiable,alpA|basR|btsR|glaR|glrR|nsrR|ptrR|rcdA,100,-0.03754170780878388,0.06237455126895239,0.10461633366743468,-0.6018753970174159,0.20716283398140092,1755,,,,[],0,,False,True,
csd-20260805_174708,paired_hierarchical,1,0,0,9769808dfe284056,rpoD->rffG,shared_complete_observation_shared_scores,maximum,prefix,complete,0,100,0.2,0.9,biological_error,2151398048,921666314,2151398048,rpoD,rffG,False,identifiable,alpA|basR|btsR|glaR|glrR|nsrR|ptrR|rcdA,100,-0.019464782271593612,0.05396741522574029,0.07831552494479287,-0.3606765710415142,0.15951999861797925,1755,,,,[],0,,False,True,
csd-20260805_174708,paired_hierarchical,1,0,0,9769808dfe284056,rpoD->rffH,shared_complete_observation_shared_scores,maximum,prefix,complete,0,100,0.2,0.9,biological_error,2151398048,921666314,2151398048,rpoD,rffH,False,identifiable,alpA|basR|btsR|glaR|glrR|nsrR|ptrR|rcdA,100,-0.03159571827682674,0.0969562101194072,0.25277603060591747,-0.3258761686117349,0.22430164554602006,1755,,,,[],0,,False,True,
csd-20260805_174708,paired_hierarchical,1,0,0,9769808dfe284056,rpoD->rffM,shared_complete_observation_shared_scores,maximum,prefix,complete,0,100,0.2,0.9,biological_error,2151398048,921666314,2151398048,rpoD,rffM,False,identifiable,alpA|basR|btsR|glaR|glrR|nsrR|ptrR|rcdA,100,0.09751784090279031,0.04592591427083182,0.05671530199369508,2.1233728811083297,0.2501588333612899,1755,,,,[],0,,False,True,
csd-20260805_174708,paired_hierarchical,1,0,0,9769808dfe284056,rpoD->ribD,shared_complete_observation_shared_scores,maximum,prefix,complete,0,100,0.2,0.9,biological_error,2151398048,921666314,2151398048,rpoD,ribD,False,identifiable,alpA|basR|btsR|glaR|glrR|nsrR|ptrR|rcdA,100,-0.012048886470758826,0.0467034199079218,0.058651887673612575,-0.2579872415020961,0.24995690709064497,1755,,,,[],0,,False,True,
csd-20260805_174708,paired_hierarchical,1,0,0,9769808dfe284056,rpoD->ribF,shared_complete_observation_shared_scores,maximum,prefix,complete,0,100,0.2,0.9,biological_error,2151398048,921666314,2151398048,rpoD,ribF,False,identifiable,alpA|basR|btsR|glaR|glrR|nsrR|ptrR|rcdA,100,-0.008322093576273329,0.06732335493713093,0.12187542062855519,-0.12361376797167656,0.1061770016464277,1755,,,,[],0,,False,True,
csd-20260805_174708,paired_hierarchical,1,0,0,9769808dfe284056,rpoD->rihB,shared_complete_observation_shared_scores,maximum,prefix,complete,0,100,0.2,0.9,biological_error,2151398048,921666314,2151398048,rpoD,rihB,False,identifiable,alpA|basR|btsR|glaR|glrR|nsrR|ptrR|rcdA,100,0.016358280623475475,0.04498032926723654,0.054403881735152794,0.3636763200706663,0.03716723153950712,1755,,,,[],0,,False,True,
csd-20260805_174708,paired_hierarchical,1,0,0,9769808dfe284056,rpoD->rluA,shared_complete_observation_shared_scores,maximum,prefix,complete,0,100,0.2,0.9,biological_error,2151398048,921666314,2151398048,rpoD,rluA,False,identifiable,alpA|basR|btsR|glaR|glrR|nsrR|ptrR|rcdA,100,-0.05013072746226538,0.08196288584288224,0.18064215667209826,-0.6116271644993427,0.09938110399303421,1755,,,,[],0,,False,True,
csd-20260805_174708,paired_hierarchical,1,0,0,9769808dfe284056,rpoD->rnb,shared_complete_observation_shared_scores,maximum,prefix,complete,0,100,0.2,0.9,biological_error,2151398048,921666314,2151398048,rpoD,rnb,False,identifiable,alpA|basR|btsR|glaR|glrR|nsrR|ptrR|rcdA,100,0.1134659586851107,0.08365973684571264,0.18819913182630318,1.3562791727921333,0.23745511687036813,1755,,,,[],0,,False,True,
csd-20260805_174708,paired_hierarchical,1,0,0,9769808dfe284056,rpoD->rnc,shared_complete_observation_shared_scores,maximum,prefix,complete,0,100,0.2,0.9,biological_error,2151398048,921666314,2151398048,rpoD,rnc,False,identifiable,alpA|basR|btsR|glaR|glrR|nsrR|ptrR|rcdA,100,0.0317962892839588,0.05860446347245055,0.09235193851978166,0.5425574674684285,0.19312359295512843,1755,,,,[],0,,False,True,
csd-20260805_174708,paired_hierarchical,1,0,0,9769808dfe284056,rpoD->rnd,shared_complete_observation_shared_scores,maximum,prefix,complete,0,100,0.2,0.9,biological_error,2151398048,921666314,2151398048,rpoD,rnd,False,identifiable,alpA|basR|btsR|glaR|glrR|nsrR|ptrR|rcdA,100,0.014717336828213102,0.10003651400621813,0.26909258214535203,0.1471196490043455,0.27258213505016327,1755,,,,[],0,,False,True,
csd-20260805_174708,paired_hierarchical,1,0,0,9769808dfe284056,rpoD->rne,shared_complete_observation_shared_scores,maximum,prefix,complete,0,100,0.2,0.9,biological_error,2151398048,921666314,2151398048,rpoD,rne,False,identifiable,alpA|basR|btsR|glaR|glrR|nsrR|ptrR|rcdA,100,-0.0487070629267954,0.049436729269178935,0.06571796210450369,-0.9852404001403378,0.12371178102241885,1755,,,,[],0,,False,True,
csd-20260805_174708,paired_hierarchical,1,0,0,9769808dfe284056,rpoD->rnt,shared_complete_observation_shared_scores,maximum,prefix,complete,0,100,0.2,0.9,biological_error,2151398048,921666314,2151398048,rpoD,rnt,False,identifiable,alpA|basR|btsR|glaR|glrR|nsrR|ptrR|rcdA,100,0.005164395631994566,0.0690946782423753,0.12837303971359074,0.07474375398172528,0.3746573457799631,1755,,,,[],0,,False,True,
csd-20260805_174708,paired_hierarchical,1,0,0,9769808dfe284056,rpoD->rpe,shared_complete_observation_shared_scores,maximum,prefix,complete,0,100,0.2,0.9,biological_error,2151398048,921666314,2151398048,rpoD,rpe,False,identifiable,alpA|basR|btsR|glaR|glrR|nsrR|ptrR|rcdA,100,-0.005932802256118601,0.04181700848652545,0.04702085796931947,-0.141875339026949,0.23120152214851605,1755,,,,[],0,,False,True,
csd-20260805_174708,paired_hierarchical,1,0,0,9769808dfe284056,rpoD->rpsB,shared_complete_observation_shared_scores,maximum,prefix,complete,0,100,0.2,0.9,biological_error,2151398048,921666314,2151398048,rpoD,rpsB,False,identifiable,alpA|basR|btsR|glaR|glrR|nsrR|ptrR|rcdA,100,0.06710415423673792,0.05830612308092595,0.0914140515069594,1.1508937773756756,0.28170934166494793,1755,,,,[],0,,False,True,
csd-20260805_174708,paired_hierarchical,1,0,0,9769808dfe284056,rpoD->rraB,shared_complete_observation_shared_scores,maximum,prefix,complete,0,100,0.2,0.9,biological_error,2151398048,921666314,2151398048,rpoD,rraB,False,identifiable,alpA|basR|btsR|glaR|glrR|nsrR|ptrR|rcdA,100,0.054517443477175534,0.07466391335477446,0.14990155051464502,0.7301712571390334,0.31179051762919546,1755,,,,[],0,,False,True,
csd-20260805_174708,paired_hierarchical,1,0,0,9769808dfe284056,rpoD->ruvC,shared_complete_observation_shared_scores,maximum,prefix,complete,0,100,0.2,0.9,biological_error,2151398048,921666314,2151398048,rpoD,ruvC,False,identifiable,alpA|basR|btsR|glaR|glrR|nsrR|ptrR|rcdA,100,-0.011447788574986108,0.05565499719391615,0.0832900183430704,-0.2056920160304582,0.27232755121446023,1755,,,,[],0,,False,True,
csd-20260805_174708,paired_hierarchical,1,0,0,9769808dfe284056,rpoD->serU,shared_complete_observation_shared_scores,maximum,prefix,complete,0,100,0.2,0.9,biological_error,2151398048,921666314,2151398048,rpoD,serU,False,identifiable,alpA|basR|btsR|glaR|glrR|nsrR|ptrR|rcdA,100,0.021591374875358296,0.04978865562245335,0.06665694830282066,0.43366053181040637,0.3244384307327337,1755,,,,[],0,,False,True,
csd-20260805_174708,paired_hierarchical,1,0,0,9769808dfe284056,rpoD->serV,shared_complete_observation_shared_scores,maximum,prefix,complete,0,100,0.2,0.9,biological_error,2151398048,921666314,2151398048,rpoD,serV,False,identifiable,alpA|basR|btsR|glaR|glrR|nsrR|ptrR|rcdA,100,-0.010221037580586732,0.06942351032952933,0.1295978409608122,-0.1472273230217114,0.301463758078127,1755,,,,[],0,,False,True,
csd-20260805_174708,paired_hierarchical,1,0,0,9769808dfe284056,rpoD->serW,shared_complete_observation_shared_scores,maximum,prefix,complete,0,100,0.2,0.9,biological_error,2151398048,921666314,2151398048,rpoD,serW,False,identifiable,alpA|basR|btsR|glaR|glrR|nsrR|ptrR|rcdA,100,0.06574267137748714,0.08035208989368013,0.1736116965805894,0.8181824699827496,0.15667234340662492,1755,,,,[],0,,False,True,
csd-20260805_174708,paired_hierarchical,1,0,0,9769808dfe284056,rpoD->slmA,shared_complete_observation_shared_scores,maximum,prefix,complete,0,100,0.2,0.9,biological_error,2151398048,921666314,2151398048,rpoD,slmA,False,identifiable,alpA|basR|btsR|glaR|glrR|nsrR|ptrR|rcdA,100,0.01181394075921744,0.06638284690984961,0.11849400398400659,0.1779667686633147,0.3131491653066691,1755,,,,[],0,,False,True,
csd-20260805_174708,paired_hierarchical,1,0,0,9769808dfe284056,rpoD->speD,shared_complete_observation_shared_scores,maximum,prefix,complete,0,100,0.2,0.9,biological_error,2151398048,921666314,2151398048,rpoD,speD,False,identifiable,alpA|basR|btsR|glaR|glrR|nsrR|ptrR|rcdA,100,0.04686422761124171,0.08513528641392216,0.19489640584556753,0.5504677271347972,0.31136637610512824,1755,,,,[],0,,False,True,
csd-20260805_174708,paired_hierarchical,1,0,0,9769808dfe284056,rpoD->speE,shared_complete_observation_shared_scores,maximum,prefix,complete,0,100,0.2,0.9,biological_error,2151398048,921666314,2151398048,rpoD,speE,False,identifiable,alpA|basR|btsR|glaR|glrR|nsrR|ptrR|rcdA,100,-0.0012546310914857382,0.044691636481185716,0.0537077727342698,-0.028073062216325707,0.10008041659378358,1755,,,,[],0,,False,True,
csd-20260805_174708,paired_hierarchical,1,0,0,9769808dfe284056,rpoD->tatA,shared_complete_observation_shared_scores,maximum,prefix,complete,0,100,0.2,0.9,biological_error,2151398048,921666314,2151398048,rpoD,tatA,False,identifiable,alpA|basR|btsR|glaR|glrR|nsrR|ptrR|rcdA,100,0.008322457535764513,0.07940555387806753,0.16954554637703595,0.10480951431362341,0.15377068846916997,1755,,,,[],0,,False,True,
csd-20260805_174708,paired_hierarchical,1,0,0,9769808dfe284056,rpoD->tatB,shared_complete_observation_shared_scores,maximum,prefix,complete,0,100,0.2,0.9,biological_error,2151398048,921666314,2151398048,rpoD,tatB,False,identifiable,alpA|basR|btsR|glaR|glrR|nsrR|ptrR|rcdA,100,0.07963962336037932,0.08064891283126982,0.17489671888858727,0.9874853927293218,0.1369338481344292,1755,,,,[],0,,False,True,
csd-20260805_174708,paired_hierarchical,1,0,0,9769808dfe284056,rpoD->tatC,shared_complete_observation_shared_scores,maximum,prefix,complete,0,100,0.2,0.9,biological_error,2151398048,921666314,2151398048,rpoD,tatC,False,identifiable,alpA|basR|btsR|glaR|glrR|nsrR|ptrR|rcdA,100,0.12180513418886979,0.059400351676019834,0.0948773748512091,2.0505793442641016,0.24447573959066535,1755,,,,[],0,,False,True,
csd-20260805_174708,paired_hierarchical,1,0,0,9769808dfe284056,rpoD->tatD,shared_complete_observation_shared_scores,maximum,prefix,complete,0,100,0.2,0.9,biological_error,2151398048,921666314,2151398048,rpoD,tatD,False,identifiable,alpA|basR|btsR|glaR|glrR|nsrR|ptrR|rcdA,100,-0.05487428506111735,0.06468899676267141,0.11252407696706344,-0.8482784987752722,0.3121340820228022,1755,,,,[],0,,False,True,
csd-20260805_174708,paired_hierarchical,1,0,0,9769808dfe284056,rpoD->thyA,shared_complete_observation_shared_scores,maximum,prefix,complete,0,100,0.2,0.9,biological_error,2151398048,921666314,2151398048,rpoD,thyA,False,identifiable,alpA|basR|btsR|glaR|glrR|nsrR|ptrR|rcdA,100,0.006949513559744957,0.064750232239109,0.1127372114138016,0.10732800979125239,0.23887567025039838,1755,,,,[],0,,False,True,
csd-20260805_174708,paired_hierarchical,1,0,0,9769808dfe284056,rpoD->trpA,shared_complete_observation_shared_scores,maximum,prefix,complete,0,100,0.2,0.9,biological_error,2151398048,921666314,2151398048,rpoD,trpA,False,identifiable,alpA|basR|btsR|glaR|glrR|nsrR|ptrR|rcdA,100,-0.007586783818734575,0.042007025773788655,0.047449156219077596,-0.1806074978883304,0.23170647840759453,1755,,,,[],0,,False,True,
csd-20260805_174708,paired_hierarchical,1,0,0,9769808dfe284056,rpoD->trpB,shared_complete_observation_shared_scores,maximum,prefix,complete,0,100,0.2,0.9,biological_error,2151398048,921666314,2151398048,rpoD,trpB,False,identifiable,alpA|basR|btsR|glaR|glrR|nsrR|ptrR|rcdA,100,0.12088484012699419,0.05548605444895711,0.08278512612670451,2.178652660159841,0.23087299951740256,1755,,,,[],0,,False,True,
csd-20260805_174708,paired_hierarchical,1,0,0,9769808dfe284056,rpoD->trpC,shared_complete_observation_shared_scores,maximum,prefix,complete,0,100,0.2,0.9,biological_error,2151398048,921666314,2151398048,rpoD,trpC,False,identifiable,alpA|basR|btsR|glaR|glrR|nsrR|ptrR|rcdA,100,0.00045645045690332524,0.059839468735132184,0.09628532166655425,0.007627916265829745,0.171328696115614,1755,,,,[],0,,False,True,
csd-20260805_174708,paired_hierarchical,1,0,0,9769808dfe284056,rpoD->trpD,shared_complete_observation_shared_scores,maximum,prefix,complete,0,100,0.2,0.9,biological_error,2151398048,921666314,2151398048,rpoD,trpD,False,identifiable,alpA|basR|btsR|glaR|glrR|nsrR|ptrR|rcdA,100,0.004517535118167637,0.0406790149748042,0.04449646229027644,0.11105320817049555,0.06280324129850523,1755,,,,[],0,,False,True,
csd-20260805_174708,paired_hierarchical,1,0,0,9769808dfe284056,rpoD->trpE,shared_complete_observation_shared_scores,maximum,prefix,complete,0,100,0.2,0.9,biological_error,2151398048,921666314,2151398048,rpoD,trpE,False,identifiable,alpA|basR|btsR|glaR|glrR|nsrR|ptrR|rcdA,100,-0.004077999250271482,0.04796682041483071,0.06186805883750533,-0.0850170850392789,0.19369615471563764,1755,,,,[],0,,False,True,
csd-20260805_174708,paired_hierarchical,1,0,0,9769808dfe284056,rpoD->trpL,shared_complete_observation_shared_scores,maximum,prefix,complete,0,100,0.2,0.9,biological_error,2151398048,921666314,2151398048,rpoD,trpL,False,identifiable,alpA|basR|btsR|glaR|glrR|nsrR|ptrR|rcdA,100,0.0044770187327266755,0.07275385152495438,0.1423300514084946,0.06153651853319504,0.19814095355423214,1755,,,,[],0,,False,True,
csd-20260805_174708,paired_hierarchical,1,0,0,9769808dfe284056,rpoD->trpR,shared_complete_observation_shared_scores,maximum,prefix,complete,0,100,0.2,0.9,biological_error,2151398048,921666314,2151398048,rpoD,trpR,False,identifiable,alpA|basR|btsR|glaR|glrR|nsrR|ptrR|rcdA,100,-0.008452004858402983,0.043633895792189466,0.051195596506311475,-0.1937027328170845,0.3100057735439988,1755,,,,[],0,,False,True,
csd-20260805_174708,paired_hierarchical,1,0,0,9769808dfe284056,rpoD->trpS,shared_complete_observation_shared_scores,maximum,prefix,complete,0,100,0.2,0.9,biological_error,2151398048,921666314,2151398048,rpoD,trpS,False,identifiable,alpA|basR|btsR|glaR|glrR|nsrR|ptrR|rcdA,100,-0.004445209849737318,0.0345360866072609,0.032072356955771826,-0.1287120309920335,0.4101718571230698,1755,,,,[],0,,False,True,
csd-20260805_174708,paired_hierarchical,1,0,0,9769808dfe284056,rpoD->tsaE,shared_complete_observation_shared_scores,maximum,prefix,complete,0,100,0.2,0.9,biological_error,2151398048,921666314,2151398048,rpoD,tsaE,False,identifiable,alpA|basR|btsR|glaR|glrR|nsrR|ptrR|rcdA,100,-0.0599008079379392,0.04667146581816882,0.058571656866461305,-1.2834567521686946,0.21343989613689482,1755,,,,[],0,,False,True,
csd-20260805_174708,paired_hierarchical,1,0,0,9769808dfe284056,rpoD->tsf,shared_complete_observation_shared_scores,maximum,prefix,complete,0,100,0.2,0.9,biological_error,2151398048,921666314,2151398048,rpoD,tsf,False,identifiable,alpA|basR|btsR|glaR|glrR|nsrR|ptrR|rcdA,100,-0.002678607464967871,0.036349411841050866,0.035528707083751894,-0.07369053113378883,0.26405482001836583,1755,,,,[],0,,False,True,
csd-20260805_174708,paired_hierarchical,1,0,0,9769808dfe284056,rpoD->ubiH,shared_complete_observation_shared_scores,maximum,prefix,complete,0,100,0.2,0.9,biological_error,2151398048,921666314,2151398048,rpoD,ubiH,False,identifiable,alpA|basR|btsR|glaR|glrR|nsrR|ptrR|rcdA,100,0.012259355318086166,0.03812453414088908,0.039083524281817106,0.32156079003567,0.2656448318860152,1755,,,,[],0,,False,True,
csd-20260805_174708,paired_hierarchical,1,0,0,9769808dfe284056,rpoD->ubiI,shared_complete_observation_shared_scores,maximum,prefix,complete,0,100,0.2,0.9,biological_error,2151398048,921666314,2151398048,rpoD,ubiI,False,identifiable,alpA|basR|btsR|glaR|glrR|nsrR|ptrR|rcdA,100,0.028838382072689073,0.06706467987523251,0.12094066133383825,0.43000849517719536,0.18057683716026562,1755,,,,[],0,,False,True,
csd-20260805_174708,paired_hierarchical,1,0,0,9769808dfe284056,rpoD->uidR,shared_complete_observation_shared_scores,maximum,prefix,complete,0,100,0.2,0.9,biological_error,2151398048,921666314,2151398048,rpoD,uidR,False,identifiable,alpA|basR|btsR|glaR|glrR|nsrR|ptrR|rcdA,100,0.2746529554091836,0.06832494538844842,0.12552875278309936,4.019804975294114,0.379738679321942,1755,,,,[],0,,False,True,
csd-20260805_174708,paired_hierarchical,1,0,0,9769808dfe284056,rpoD->umpG,shared_complete_observation_shared_scores,maximum,prefix,complete,0,100,0.2,0.9,biological_error,2151398048,921666314,2151398048,rpoD,umpG,False,identifiable,alpA|basR|btsR|glaR|glrR|nsrR|ptrR|rcdA,100,0.2266914121931404,0.06883805529363086,0.1274212358543003,3.2931118002416127,0.20418872364536186,1755,,,,[],0,,False,True,
csd-20260805_174708,paired_hierarchical,1,0,0,9769808dfe284056,rpoD->valV,shared_complete_observation_shared_scores,maximum,prefix,complete,0,100,0.2,0.9,biological_error,2151398048,921666314,2151398048,rpoD,valV,False,identifiable,alpA|basR|btsR|glaR|glrR|nsrR|ptrR|rcdA,100,-0.038464142190335976,0.05670078218173356,0.08644954808027452,-0.678370574625466,0.1367617563789702,1755,,,,[],0,,False,True,
csd-20260805_174708,paired_hierarchical,1,0,0,9769808dfe284056,rpoD->valW,shared_complete_observation_shared_scores,maximum,prefix,complete,0,100,0.2,0.9,biological_error,2151398048,921666314,2151398048,rpoD,valW,False,identifiable,alpA|basR|btsR|glaR|glrR|nsrR|ptrR|rcdA,100,-0.03910046292252403,0.09687153070723258,0.25233468541797,-0.4036321366769188,0.19229792330313739,1755,,,,[],0,,False,True,
csd-20260805_174708,paired_hierarchical,1,0,0,9769808dfe284056,rpoD->waaB,shared_complete_observation_shared_scores,maximum,prefix,complete,0,100,0.2,0.9,biological_error,2151398048,921666314,2151398048,rpoD,waaB,False,identifiable,alpA|basR|btsR|glaR|glrR|nsrR|ptrR|rcdA,100,-0.0011825429219490462,0.06545432222414371,0.11520233655016515,-0.018066689590024495,0.7389595838643047,1755,,,,[],0,,False,True,
csd-20260805_174708,paired_hierarchical,1,0,0,9769808dfe284056,rpoD->waaJ,shared_complete_observation_shared_scores,maximum,prefix,complete,0,100,0.2,0.9,biological_error,2151398048,921666314,2151398048,rpoD,waaJ,False,identifiable,alpA|basR|btsR|glaR|glrR|nsrR|ptrR|rcdA,100,0.0004060576031501761,0.05750815682244105,0.08892902362183423,0.007060869719818994,0.22907043133088367,1755,,,,[],0,,False,True,
csd-20260805_174708,paired_hierarchical,1,0,0,9769808dfe284056,rpoD->waaO,shared_complete_observation_shared_scores,maximum,prefix,complete,0,100,0.2,0.9,biological_error,2151398048,921666314,2151398048,rpoD,waaO,False,identifiable,alpA|basR|btsR|glaR|glrR|nsrR|ptrR|rcdA,100,0.08647017198826165,0.055319148956742004,0.08228782961768417,1.5631146468988317,0.2132119884410842,1755,,,,[],0,,False,True,
csd-20260805_174708,paired_hierarchical,1,0,0,9769808dfe284056,rpoD->waaP,shared_complete_observation_shared_scores,maximum,prefix,complete,0,100,0.2,0.9,biological_error,2151398048,921666314,2151398048,rpoD,waaP,False,identifiable,alpA|basR|btsR|glaR|glrR|nsrR|ptrR|rcdA|yiaU,100,-0.007604695029529231,0.08094099801214474,0.17616429189551366,-0.09395356143728534,0.07895504263387665,1755,,,,[],0,,False,True,
csd-20260805_174708,paired_hierarchical,1,0,0,9769808dfe284056,rpoD->waaQ,shared_complete_observation_shared_scores,maximum,prefix,complete,0,100,0.2,0.9,biological_error,2151398048,921666314,2151398048,rpoD,waaQ,False,identifiable,alpA|basR|btsR|glaR|glrR|nsrR|ptrR|rcdA,100,-0.02022243067037259,0.02964243277394982,0.023627203102162705,-0.6822122470374409,0.14155706284457711,1755,,,,[],0,,False,True,
csd-20260805_174708,paired_hierarchical,1,0,0,9769808dfe284056,rpoD->waaS,shared_complete_observation_shared_scores,maximum,prefix,complete,0,100,0.2,0.9,biological_error,2151398048,921666314,2151398048,rpoD,waaS,False,identifiable,alpA|basR|btsR|glaR|glrR|nsrR|ptrR|rcdA,100,-0.03570839109829424,0.03800629447337911,0.03884147244431064,-0.9395388735754179,0.184051758659012,1755,,,,[],0,,False,True,
csd-20260805_174708,paired_hierarchical,1,0,0,9769808dfe284056,rpoD->waaU,shared_complete_observation_shared_scores,maximum,prefix,complete,0,100,0.2,0.9,biological_error,2151398048,921666314,2151398048,rpoD,waaU,False,identifiable,alpA|basR|btsR|glaR|glrR|nsrR|ptrR|rcdA,100,-0.03184701827511607,0.06873770485471414,0.12705000349554388,-0.46331221477977447,0.07667671086753787,1755,,,,[],0,,False,True,
csd-20260805_174708,paired_hierarchical,1,0,0,9769808dfe284056,rpoD->wecC,shared_complete_observation_shared_scores,maximum,prefix,complete,0,100,0.2,0.9,biological_error,2151398048,921666314,2151398048,rpoD,wecC,False,identifiable,alpA|basR|btsR|glaR|glrR|nsrR|ptrR|rcdA,100,0.04699268433813131,0.08227910804769373,0.1820387218157857,0.5711375032273276,0.1574673866115726,1755,,,,[],0,,False,True,
csd-20260805_174708,paired_hierarchical,1,0,0,9769808dfe284056,rpoD->wecE,shared_complete_observation_shared_scores,maximum,prefix,complete,0,100,0.2,0.9,biological_error,2151398048,921666314,2151398048,rpoD,wecE,False,identifiable,alpA|basR|btsR|glaR|glrR|nsrR|ptrR|rcdA,100,0.054862818217273464,0.0610355892467964,0.10017305314216597,0.8988660369188305,0.1775493167441907,1755,,,,[],0,,False,True,
csd-20260805_174708,paired_hierarchical,1,0,0,9769808dfe284056,rpoD->wecF,shared_complete_observation_shared_scores,maximum,prefix,complete,0,100,0.2,0.9,biological_error,2151398048,921666314,2151398048,rpoD,wecF,False,identifiable,alpA|basR|btsR|glaR|glrR|nsrR|ptrR|rcdA,100,0.1717403400226616,0.050938201715287026,0.06977050157828009,3.371543050981337,0.11098128653173286,1755,,,,[],0,,False,True,
csd-20260805_174708,paired_hierarchical,1,0,0,9769808dfe284056,rpoD->wzxE,shared_complete_observation_shared_scores,maximum,prefix,complete,0,100,0.2,0.9,biological_error,2151398048,921666314,2151398048,rpoD,wzxE,False,identifiable,alpA|basR|btsR|glaR|glrR|nsrR|ptrR|rcdA,100,0.04078225320372353,0.08750975454984236,0.20591953971130947,0.46603094036214493,0.3348822877318876,1755,,,,[],0,,False,True,
csd-20260805_174708,paired_hierarchical,1,0,0,9769808dfe284056,rpoD->wzyE,shared_complete_observation_shared_scores,maximum,prefix,complete,0,100,0.2,0.9,biological_error,2151398048,921666314,2151398048,rpoD,wzyE,False,identifiable,alpA|basR|btsR|glaR|glrR|nsrR|ptrR|rcdA,100,-0.01137909818271491,0.055499678060809715,0.08282578394230512,-0.20502998540364675,0.16289904097314353,1755,,,,[],0,,False,True,
csd-20260805_174708,paired_hierarchical,1,0,0,9769808dfe284056,rpoD->xerC,shared_complete_observation_shared_scores,maximum,prefix,complete,0,100,0.2,0.9,biological_error,2151398048,921666314,2151398048,rpoD,xerC,False,identifiable,alpA|basR|btsR|glaR|glrR|nsrR|ptrR|rcdA,100,0.003996827928378096,0.04485342539882299,0.05409733334485604,0.08910864427498057,0.19727249178852424,1755,,,,[],0,,False,True,
csd-20260805_174708,paired_hierarchical,1,0,0,9769808dfe284056,rpoD->xseB,shared_complete_observation_shared_scores,maximum,prefix,complete,0,100,0.2,0.9,biological_error,2151398048,921666314,2151398048,rpoD,xseB,False,identifiable,alpA|basR|btsR|glaR|glrR|nsrR|ptrR|rcdA,100,-0.08312178824027731,0.0791721723692944,0.16855038558524038,-1.0498864152995593,0.07268447785406949,1755,,,,[],0,,False,True,
csd-20260805_174708,paired_hierarchical,1,0,0,9769808dfe284056,rpoD->xtpA,shared_complete_observation_shared_scores,maximum,prefix,complete,0,100,0.2,0.9,biological_error,2151398048,921666314,2151398048,rpoD,xtpA,False,identifiable,alpA|basR|btsR|glaR|glrR|nsrR|ptrR|rcdA,100,0.3332441221356191,0.0850954929984161,0.1947142538508083,3.9161195310522716,0.22517956081588225,1755,,,,[],0,,False,True,
csd-20260805_174708,paired_hierarchical,1,0,0,9769808dfe284056,rpoD->yacC,shared_complete_observation_shared_scores,maximum,prefix,complete,0,100,0.2,0.9,biological_error,2151398048,921666314,2151398048,rpoD,yacC,False,identifiable,alpA|basR|btsR|glaR|glrR|nsrR|ptrR|rcdA,100,-0.00459941555479523,0.05324407995682399,0.07623023897421732,-0.0863836046847824,0.16215691012297018,1755,,,,[],0,,False,True,
csd-20260805_174708,paired_hierarchical,1,0,0,9769808dfe284056,rpoD->yagK,shared_complete_observation_shared_scores,maximum,prefix,complete,0,100,0.2,0.9,biological_error,2151398048,921666314,2151398048,rpoD,yagK,False,identifiable,alpA|basR|btsR|glaR|glrR|nsrR|ptrR|rcdA,100,0.33582004481465666,0.06150396937183319,0.10171638527060098,5.46013612201835,0.2274930247856342,1755,,,,[],0,,False,True,
csd-20260805_174708,paired_hierarchical,1,0,0,9769808dfe284056,rpoD->yajG,shared_complete_observation_shared_scores,maximum,prefix,complete,0,100,0.2,0.9,biological_error,2151398048,921666314,2151398048,rpoD,yajG,False,identifiable,alpA|basR|btsR|glaR|glrR|nsrR|ptrR|rcdA,100,-0.01529049324440242,0.03958096323544293,0.042126690807067324,-0.38630927583668523,0.10273786311008916,1755,,,,[],0,,False,True,
csd-20260805_174708,paired_hierarchical,1,0,0,9769808dfe284056,rpoD->ybhF,shared_complete_observation_shared_scores,maximum,prefix,complete,0,100,0.2,0.9,biological_error,2151398048,921666314,2151398048,rpoD,ybhF,False,identifiable,alpA|basR|btsR|glaR|glrR|nsrR|ptrR|rcdA,100,0.00047144723166885755,0.052887849312744206,0.07521361121884515,0.008914093459936828,0.21241420970277147,1755,,,,[],0,,False,True,
csd-20260805_174708,paired_hierarchical,1,0,0,9769808dfe284056,rpoD->ybhG,shared_complete_observation_shared_scores,maximum,prefix,complete,0,100,0.2,0.9,biological_error,2151398048,921666314,2151398048,rpoD,ybhG,False,identifiable,alpA|basR|btsR|glaR|glrR|nsrR|ptrR|rcdA,100,-0.002954338426898863,0.03638604488910006,0.03560035504767308,-0.08119427203212944,0.15836883061106194,1755,,,,[],0,,False,True,
csd-20260805_174708,paired_hierarchical,1,0,0,9769808dfe284056,rpoD->ybhR,shared_complete_observation_shared_scores,maximum,prefix,complete,0,100,0.2,0.9,biological_error,2151398048,921666314,2151398048,rpoD,ybhR,False,identifiable,alpA|basR|btsR|glaR|glrR|nsrR|ptrR|rcdA,100,0.018579245604381046,0.0852976428174593,0.19564046516053762,0.21781663584938035,0.16282670257907164,1755,,,,[],0,,False,True,
csd-20260805_174708,paired_hierarchical,1,0,0,9769808dfe284056,rpoD->ybhS,shared_complete_observation_shared_scores,maximum,prefix,complete,0,100,0.2,0.9,biological_error,2151398048,921666314,2151398048,rpoD,ybhS,False,identifiable,alpA|basR|btsR|glaR|glrR|nsrR|ptrR|rcdA,100,-0.006172925015518816,0.07089386119336373,0.13514559309443144,-0.08707277205119496,0.33442000754277856,1755,,,,[],0,,False,True,
csd-20260805_174708,paired_hierarchical,1,0,0,9769808dfe284056,rpoD->ycaR,shared_complete_observation_shared_scores,maximum,prefix,complete,0,100,0.2,0.9,biological_error,2151398048,921666314,2151398048,rpoD,ycaR,False,identifiable,alpA|basR|btsR|glaR|glrR|nsrR|ptrR|rcdA,100,0.037956742525062585,0.06431195983242283,0.11121621639010516,0.5901972607267166,0.17536941008558685,1755,,,,[],0,,False,True,
csd-20260805_174708,paired_hierarchical,1,0,0,9769808dfe284056,rpoD->ychQ,shared_complete_observation_shared_scores,maximum,prefix,complete,0,100,0.2,0.9,biological_error,2151398048,921666314,2151398048,rpoD,ychQ,False,identifiable,alpA|basR|btsR|glaR|glrR|nsrR|ptrR|rcdA,100,0.3883953033102026,0.07461099873431981,0.14968915412179168,5.205603864025845,0.179828179463507,1755,,,,[],0,,False,True,
csd-20260805_174708,paired_hierarchical,1,0,0,9769808dfe284056,rpoD->yciB,shared_complete_observation_shared_scores,maximum,prefix,complete,0,100,0.2,0.9,biological_error,2151398048,921666314,2151398048,rpoD,yciB,False,identifiable,alpA|basR|btsR|glaR|glrR|nsrR|ptrR|rcdA,100,0.011479874211181327,0.05409929571453026,0.07869875283582103,0.21220006766369057,0.14990471953043458,1755,,,,[],0,,False,True,
csd-20260805_174708,paired_hierarchical,1,0,0,9769808dfe284056,rpoD->yciC,shared_complete_observation_shared_scores,maximum,prefix,complete,0,100,0.2,0.9,biological_error,2151398048,921666314,2151398048,rpoD,yciC,False,identifiable,alpA|basR|btsR|glaR|glrR|nsrR|ptrR|rcdA,100,0.4837656861114049,0.10157516489273731,0.2774340101346235,4.762637467753641,0.20129952313352936,1755,,,,[],0,,False,True,
csd-20260805_174708,paired_hierarchical,1,0,0,9769808dfe284056,rpoD->ydeI,shared_complete_observation_shared_scores,maximum,prefix,complete,0,100,0.2,0.9,biological_error,2151398048,921666314,2151398048,rpoD,ydeI,False,identifiable,alpA|basR|btsR|glaR|glrR|nsrR|ptrR|rcdA,100,0.004901362023491265,0.06253919374336062,0.10516934845042572,0.07837264489856988,0.14702300469736665,1755,,,,[],0,,False,True,
csd-20260805_174708,paired_hierarchical,1,0,0,9769808dfe284056,rpoD->ydfA,shared_complete_observation_shared_scores,maximum,prefix,complete,0,100,0.2,0.9,biological_error,2151398048,921666314,2151398048,rpoD,ydfA,False,identifiable,alpA|basR|btsR|glaR|glrR|nsrR|ptrR|rcdA,100,-0.018839695700536743,0.04046509791210117,0.044029709341149505,-0.4655788981769075,0.23848499442678422,1755,,,,[],0,,False,True,
csd-20260805_174708,paired_hierarchical,1,0,0,9769808dfe284056,rpoD->ydfB,shared_complete_observation_shared_scores,maximum,prefix,complete,0,100,0.2,0.9,biological_error,2151398048,921666314,2151398048,rpoD,ydfB,False,identifiable,alpA|basR|btsR|glaR|glrR|nsrR|ptrR|rcdA,100,0.09004882443866588,0.06259341088908053,0.10535177656183153,1.438631050131428,0.15376823321295993,1755,,,,[],0,,False,True,
csd-20260805_174708,paired_hierarchical,1,0,0,9769808dfe284056,rpoD->ydfC,shared_complete_observation_shared_scores,maximum,prefix,complete,0,100,0.2,0.9,biological_error,2151398048,921666314,2151398048,rpoD,ydfC,False,identifiable,alpA|basR|btsR|glaR|glrR|nsrR|ptrR|rcdA,100,-0.0655787159896699,0.06520867905967305,0.11433927465936333,-1.005674657658043,0.09829960783464455,1755,,,,[],0,,False,True,
csd-20260805_174708,paired_hierarchical,1,0,0,9769808dfe284056,rpoD->ydfD,shared_complete_observation_shared_scores,maximum,prefix,complete,0,100,0.2,0.9,biological_error,2151398048,921666314,2151398048,rpoD,ydfD,False,identifiable,alpA|basR|btsR|dicA|glaR|glrR|nsrR|ptrR|rcdA,100,-0.012926840681699959,0.045746218346923606,0.05614770670183534,-0.2825772522586947,0.11911946729602894,1755,,,,[],0,,False,True,
csd-20260805_174708,paired_hierarchical,1,0,0,9769808dfe284056,rpoD->ydfW,shared_complete_observation_shared_scores,maximum,prefix,complete,0,100,0.2,0.9,biological_error,2151398048,921666314,2151398048,rpoD,ydfW,False,identifiable,alpA|basR|btsR|dicA|glaR|glrR|nsrR|ptrR|rcdA,100,0.002011406665235623,0.07316739520854257,0.1436338541170624,0.02749047795814909,0.08134146025485295,1755,,,,[],0,,False,True,
csd-20260805_174708,paired_hierarchical,1,0,0,9769808dfe284056,rpoD->ydfX,shared_complete_observation_shared_scores,maximum,prefix,complete,0,100,0.2,0.9,biological_error,2151398048,921666314,2151398048,rpoD,ydfX,False,identifiable,alpA|basR|btsR|dicA|glaR|glrR|nsrR|ptrR|rcdA,100,0.023606333457269965,0.10440868668952666,0.29247913628997524,0.22609549268124202,0.1294655794352019,1755,,,,[],0,,False,True,
csd-20260805_174708,paired_hierarchical,1,0,0,9769808dfe284056,rpoD->yebB,shared_complete_observation_shared_scores,maximum,prefix,complete,0,100,0.2,0.9,biological_error,2151398048,921666314,2151398048,rpoD,yebB,False,identifiable,alpA|basR|btsR|glaR|glrR|nsrR|ptrR|rcdA,100,0.0009165185748421607,0.07123319323418488,0.13644243265937425,0.012866453590379303,0.10851905777087943,1755,,,,[],0,,False,True,
csd-20260805_174708,paired_hierarchical,1,0,0,9769808dfe284056,rpoD->yebC,shared_complete_observation_shared_scores,maximum,prefix,complete,0,100,0.2,0.9,biological_error,2151398048,921666314,2151398048,rpoD,yebC,False,identifiable,alpA|basR|btsR|glaR|glrR|nsrR|ptrR|rcdA,100,-0.029675351070293253,0.06584244911295407,0.11657262628718856,-0.4507024187296645,0.17246798079450074,1755,,,,[],0,,False,True,
csd-20260805_174708,paired_hierarchical,1,0,0,9769808dfe284056,rpoD->ygfB,shared_complete_observation_shared_scores,maximum,prefix,complete,0,100,0.2,0.9,biological_error,2151398048,921666314,2151398048,rpoD,ygfB,False,identifiable,alpA|basR|btsR|glaR|glrR|nsrR|ptrR|rcdA,100,0.031786298841655104,0.06240947024536639,0.10473350061340037,0.5093185171526927,0.1740419186120926,1755,,,,[],0,,False,True,
csd-20260805_174708,paired_hierarchical,1,0,0,9769808dfe284056,rpoD->yhaV,shared_complete_observation_shared_scores,maximum,prefix,complete,0,100,0.2,0.9,biological_error,2151398048,921666314,2151398048,rpoD,yhaV,False,identifiable,alpA|basR|btsR|glaR|glrR|nsrR|ptrR|rcdA,100,-0.004963835081780727,0.06785679927121654,0.12381446019742164,-0.07315162423062126,0.21406593264158255,1755,,,,[],0,,False,True,
csd-20260805_174708,paired_hierarchical,1,0,0,9769808dfe284056,rpoD->yhdT,shared_complete_observation_shared_scores,maximum,prefix,complete,0,100,0.2,0.9,biological_error,2151398048,921666314,2151398048,rpoD,yhdT,False,identifiable,alpA|basR|btsR|glaR|glrR|nsrR|ptrR|rcdA,100,-0.03904537772822744,0.04443081878125305,0.053082731267362,-0.8787904161852196,0.29514778899413907,1755,,,,[],0,,False,True,
csd-20260805_174708,paired_hierarchical,1,0,0,9769808dfe284056,rpoD->yhjX,shared_complete_observation_shared_scores,maximum,prefix,complete,0,100,0.2,0.9,biological_error,2151398048,921666314,2151398048,rpoD,yhjX,False,identifiable,alpA|basR|btsR|glaR|glrR|nsrR|ptrR|pyrR|rcdA,100,-0.02495487627333807,0.056942354605539536,0.08697597813498076,-0.4382480571133667,0.17436163784453157,1755,,,,[],0,,False,True,
csd-20260805_174708,paired_hierarchical,1,0,0,9769808dfe284056,rpoD->yigA,shared_complete_observation_shared_scores,maximum,prefix,complete,0,100,0.2,0.9,biological_error,2151398048,921666314,2151398048,rpoD,yigA,False,identifiable,alpA|basR|btsR|glaR|glrR|nsrR|ptrR|rcdA,100,0.02571002619691974,0.06765938103061744,0.12309507241714787,0.37999203961510314,0.2514768146054109,1755,,,,[],0,,False,True,
csd-20260805_174708,paired_hierarchical,1,0,0,9769808dfe284056,rpoD->yigB,shared_complete_observation_shared_scores,maximum,prefix,complete,0,100,0.2,0.9,biological_error,2151398048,921666314,2151398048,rpoD,yigB,False,identifiable,alpA|basR|btsR|glaR|glrR|nsrR|ptrR|rcdA,100,-0.0005846455599866612,0.04880455289785939,0.06404796042254192,-0.011979324166952961,0.1616721793741249,1755,,,,[],0,,False,True,
csd-20260805_174708,paired_hierarchical,1,0,0,9769808dfe284056,rpoD->yihI,shared_complete_observation_shared_scores,maximum,prefix,complete,0,100,0.2,0.9,biological_error,2151398048,921666314,2151398048,rpoD,yihI,False,identifiable,alpA|basR|btsR|glaR|glrR|nsrR|ptrR|rcdA,100,0.03330423756214468,0.03168883882175576,0.027002083659880383,1.0509768991371145,0.3377162927862928,1755,,,,[],0,,False,True,
csd-20260805_174708,paired_hierarchical,1,0,0,9769808dfe284056,rpoD->ykgM,shared_complete_observation_shared_scores,maximum,prefix,complete,0,100,0.2,0.9,biological_error,2151398048,921666314,2151398048,rpoD,ykgM,False,identifiable,alpA|basR|btsR|glaR|glrR|nsrR|ptrR|rcdA|zur,100,0.03774846307994195,0.06588007612670511,0.11670482573536367,0.572987544934549,0.3290867098930058,1755,,,,[],0,,False,True,
csd-20260805_174708,paired_hierarchical,1,0,0,9769808dfe284056,rpoD->ykgO,shared_complete_observation_shared_scores,maximum,prefix,complete,0,100,0.2,0.9,biological_error,2151398048,921666314,2151398048,rpoD,ykgO,False,identifiable,alpA|basR|btsR|glaR|glrR|nsrR|ptrR|rcdA|zur,100,0.07132281218784349,0.06932768760877421,0.1292391399648584,1.0287781786452772,0.08357679973963626,1755,,,,[],0,,False,True,
csd-20260805_174708,paired_hierarchical,1,0,0,9769808dfe284056,rpoD->yliM,shared_complete_observation_shared_scores,maximum,prefix,complete,0,100,0.2,0.9,biological_error,2151398048,921666314,2151398048,rpoD,yliM,False,identifiable,alpA|basR|btsR|glaR|glrR|nsrR|ptrR|rcdA,100,-0.007213617038935672,0.06414228907148693,0.1106301590509073,-0.11246273158252984,0.19214765876605658,1755,,,,[],0,,False,True,
csd-20260805_174708,paired_hierarchical,1,0,0,9769808dfe284056,rpoD->yoaE,shared_complete_observation_shared_scores,maximum,prefix,complete,0,100,0.2,0.9,biological_error,2151398048,921666314,2151398048,rpoD,yoaE,False,identifiable,alpA|basR|btsR|glaR|glrR|nsrR|ptrR|rcdA,100,0.1277335016565295,0.09091012825067998,0.222233316870981,1.405052485508666,0.32408960731496483,1755,,,,[],0,,False,True,
csd-20260805_174708,paired_hierarchical,1,0,0,9769808dfe284056,rpoD->yqhD,shared_complete_observation_shared_scores,maximum,prefix,complete,0,100,0.2,0.9,biological_error,2151398048,921666314,2151398048,rpoD,yqhD,False,identifiable,alpA|basR|btsR|glaR|glrR|nsrR|ptrR|rcdA|yqhC,100,-0.0690258318116326,0.09542619780428706,0.24484593572061772,-0.7233425767754061,0.11016304685917394,1755,,,,[],0,,False,True,
csd-20260805_174708,paired_hierarchical,1,0,0,9769808dfe284056,rpoD->yrbG,shared_complete_observation_shared_scores,maximum,prefix,complete,0,100,0.2,0.9,biological_error,2151398048,921666314,2151398048,rpoD,yrbG,False,identifiable,alpA|basR|btsR|glaR|glrR|nsrR|ptrR|rcdA,100,0.0007957695396066848,0.026601580072314526,0.019028278287168656,0.0299143711555269,0.09469076782891211,1755,,,,[],0,,False,True,
csd-20260805_174708,paired_hierarchical,1,0,0,9769808dfe284056,rpoD->yrbN,shared_complete_observation_shared_scores,maximum,prefix,complete,0,100,0.2,0.9,biological_error,2151398048,921666314,2151398048,rpoD,yrbN,False,identifiable,alpA|basR|btsR|glaR|glrR|nsrR|ptrR|rcdA,100,0.023500428722645027,0.07383627926461549,0.14659671373532682,0.31827753181364765,0.15246390482468566,1755,,,,[],0,,False,True,
csd-20260805_174708,paired_hierarchical,1,0,0,9769808dfe284056,rpsD->rplQ,shared_complete_observation_shared_scores,maximum,prefix,complete,0,100,0.2,0.9,biological_error,2151398048,921666314,2151398048,rpsD,rplQ,False,identifiable,dksA|rpoD,100,0.0019520858009117433,0.13156077160050936,0.10528617748234625,0.01483790173289152,-0.1364521770420451,1755,,,,[],0,,False,True,
csd-20260805_174708,paired_hierarchical,1,0,0,9769808dfe284056,rpsD->rpsK,shared_complete_observation_shared_scores,maximum,prefix,complete,0,100,0.2,0.9,biological_error,2151398048,921666314,2151398048,rpsD,rpsK,False,identifiable,dksA|rpoD,100,0.00240222573271575,0.15810230010099274,0.1520529712088883,0.015194122610368439,-0.13690831415107874,1755,,,,[],0,,False,True,
csd-20260805_174708,paired_hierarchical,1,0,0,9769808dfe284056,rpsD->rpsM,shared_complete_observation_shared_scores,maximum,prefix,complete,0,100,0.2,0.9,biological_error,2151398048,921666314,2151398048,rpsD,rpsM,False,identifiable,dksA|rpoD,100,-0.01161643203714937,0.151064540870846,0.13881730372212517,-0.07689714588336745,-0.11019437285869674,1755,,,,[],0,,False,True,
csd-20260805_174708,paired_hierarchical,1,0,0,9769808dfe284056,rpsG->fusA,shared_complete_observation_shared_scores,maximum,prefix,complete,0,100,0.2,0.9,biological_error,2151398048,921666314,2151398048,rpsG,fusA,False,identifiable,dksA|rpoE,100,0.14180031375728658,0.1938599389349962,0.1713223868339605,0.7314575385522746,-0.14843551027416882,1755,,,,[],0,,False,True,
csd-20260805_174708,paired_hierarchical,1,0,0,9769808dfe284056,rpsG->rpsL,shared_complete_observation_shared_scores,maximum,prefix,complete,0,100,0.2,0.9,biological_error,2151398048,921666314,2151398048,rpsG,rpsL,False,identifiable,dksA,100,-0.00018457738103748195,0.0913277654404281,0.03805864034831278,-0.0020210434378565775,-0.20354982152005208,1755,,,,[],0,,False,True,
csd-20260805_174708,paired_hierarchical,1,0,0,9769808dfe284056,rpsG->tufA,shared_complete_observation_shared_scores,maximum,prefix,complete,0,100,0.2,0.9,biological_error,2151398048,921666314,2151398048,rpsG,tufA,False,identifiable,dksA|rpoD|rpoE,100,0.3499854175429493,0.22557331640311584,0.21980653980697298,1.551537314446803,-0.20966284141952593,1755,,,,[],0,,False,True,
csd-20260805_174708,paired_hierarchical,1,0,0,9769808dfe284056,rpsH->rplE,shared_complete_observation_shared_scores,maximum,prefix,complete,0,100,0.2,0.9,biological_error,2151398048,921666314,2151398048,rpsH,rplE,False,identifiable,dksA|lrp,100,0.2242298650030063,0.11379814016989807,0.10688805398357924,1.9704176594471239,-0.247689896166594,1755,,,,[],0,,False,True,
csd-20260805_174708,paired_hierarchical,1,0,0,9769808dfe284056,rpsH->rplF,shared_complete_observation_shared_scores,maximum,prefix,complete,0,100,0.2,0.9,biological_error,2151398048,921666314,2151398048,rpsH,rplF,False,identifiable,dksA|lrp,100,0.045397185307726746,0.1431226558852921,0.16907352801560452,0.3171907691827004,-0.49639545997746437,1755,,,,[],0,,False,True,
csd-20260805_174708,paired_hierarchical,1,0,0,9769808dfe284056,rpsH->rplN,shared_complete_observation_shared_scores,maximum,prefix,complete,0,100,0.2,0.9,biological_error,2151398048,921666314,2151398048,rpsH,rplN,False,identifiable,dksA|lrp,100,-0.03153583532189119,0.13098264102746143,0.14160752344462121,-0.24076347120897862,-0.12470168948497642,1755,,,,[],0,,False,True,
csd-20260805_174708,paired_hierarchical,1,0,0,9769808dfe284056,rpsH->rplO,shared_complete_observation_shared_scores,maximum,prefix,complete,0,100,0.2,0.9,biological_error,2151398048,921666314,2151398048,rpsH,rplO,False,identifiable,dksA|lrp,100,-0.008561577064356802,0.11935656639169126,0.11758487856797456,-0.07173109384078928,-0.18052870110174923,1755,,,,[],0,,False,True,
csd-20260805_174708,paired_hierarchical,1,0,0,9769808dfe284056,rpsH->rplR,shared_complete_observation_shared_scores,maximum,prefix,complete,0,100,0.2,0.9,biological_error,2151398048,921666314,2151398048,rpsH,rplR,False,identifiable,dksA|lrp,100,0.04104280427158467,0.07611363606683533,0.0478171602019071,0.5392306345152794,-0.24882969000405775,1755,,,,[],0,,False,True,
csd-20260805_174708,paired_hierarchical,1,0,0,9769808dfe284056,rpsH->rplX,shared_complete_observation_shared_scores,maximum,prefix,complete,0,100,0.2,0.9,biological_error,2151398048,921666314,2151398048,rpsH,rplX,False,identifiable,dksA|lrp,100,-0.602824226849654,0.16360001301326654,0.22091515473625975,-3.684744369798859,-0.1777819589812966,1755,,,,[],0,,False,True,
csd-20260805_174708,paired_hierarchical,1,0,0,9769808dfe284056,rpsH->rpmD,shared_complete_observation_shared_scores,maximum,prefix,complete,0,100,0.2,0.9,biological_error,2151398048,921666314,2151398048,rpsH,rpmD,False,identifiable,dksA|lrp,100,-0.015988255661129054,0.1343289386406749,0.1489354247371684,-0.11902316673473513,-0.13809180508758934,1755,,,,[],0,,False,True,
csd-20260805_174708,paired_hierarchical,1,0,0,9769808dfe284056,rpsH->rpmJ,shared_complete_observation_shared_scores,maximum,prefix,complete,0,100,0.2,0.9,biological_error,2151398048,921666314,2151398048,rpsH,rpmJ,False,identifiable,dksA|lrp,100,-0.046496949847568095,0.12202085550775997,0.12289295095362451,-0.38105739919690285,-0.2959134949119944,1755,,,,[],0,,False,True,
csd-20260805_174708,paired_hierarchical,1,0,0,9769808dfe284056,rpsH->rpsE,shared_complete_observation_shared_scores,maximum,prefix,complete,0,100,0.2,0.9,biological_error,2151398048,921666314,2151398048,rpsH,rpsE,False,identifiable,dksA|lrp,100,0.12335801658801673,0.14537533771059036,0.17443768518231506,0.8485484438467468,-0.07733821224719536,1755,,,,[],0,,False,True,
csd-20260805_174708,paired_hierarchical,1,0,0,9769808dfe284056,rpsH->rpsN,shared_complete_observation_shared_scores,maximum,prefix,complete,0,100,0.2,0.9,biological_error,2151398048,921666314,2151398048,rpsH,rpsN,False,identifiable,dksA|lrp,100,-0.1037169838659947,0.09738123219531936,0.07827253016873005,-1.0650613216514617,-0.11484177399622918,1755,,,,[],0,,False,True,
csd-20260805_174708,paired_hierarchical,1,0,0,9769808dfe284056,rpsH->secY,shared_complete_observation_shared_scores,maximum,prefix,complete,0,100,0.2,0.9,biological_error,2151398048,921666314,2151398048,rpsH,secY,False,identifiable,dksA|lrp,100,0.016822158380523693,0.07790745173118836,0.050097590697756496,0.21592489558722594,-0.08535137517997748,1755,,,,[],0,,False,True,
csd-20260805_174708,paired_hierarchical,1,0,0,9769808dfe284056,sgrR->alaC,shared_complete_observation_shared_scores,maximum,prefix,complete,0,100,0.2,0.9,biological_error,2151398048,921666314,2151398048,sgrR,alaC,False,identifiable,dksA|nac|rpoD,100,-0.2262588896388474,0.11700252798156528,0.06273913345349463,-1.9337948806926324,0.19444108042230868,1755,,,,[],0,,False,True,
csd-20260805_174708,paired_hierarchical,1,0,0,9769808dfe284056,sgrR->setA,shared_complete_observation_shared_scores,maximum,prefix,complete,0,100,0.2,0.9,biological_error,2151398048,921666314,2151398048,sgrR,setA,False,identifiable,cra|dksA|rpoD|rpoS,100,0.052942367101580096,0.12439503042007558,0.07094192708047681,0.42559873109718666,0.11194612540282008,1755,,,,[],0,,False,True,
csd-20260805_174708,paired_hierarchical,1,0,0,9769808dfe284056,sgrR->sgrT,shared_complete_observation_shared_scores,maximum,prefix,complete,0,100,0.2,0.9,biological_error,2151398048,921666314,2151398048,sgrR,sgrT,False,identifiable,cra|dksA|rpoD|rpoS,100,0.20919308188387942,0.12216559664706306,0.06842184189100944,1.7123731036016558,0.23695554074221584,1755,,,,[],0,,False,True,
csd-20260805_174708,paired_hierarchical,1,0,0,9769808dfe284056,sgrR->thiB,shared_complete_observation_shared_scores,maximum,prefix,complete,0,100,0.2,0.9,biological_error,2151398048,921666314,2151398048,sgrR,thiB,False,identifiable,dksA|rpoD,100,0.14438682511827355,0.20368788775355867,0.19049790722795823,0.7088630880838959,-0.33798853829281206,1755,,,,[],0,,False,True,
csd-20260805_174708,paired_hierarchical,1,0,0,9769808dfe284056,sgrR->thiP,shared_complete_observation_shared_scores,maximum,prefix,complete,0,100,0.2,0.9,biological_error,2151398048,921666314,2151398048,sgrR,thiP,False,identifiable,dksA|rpoD,100,0.19537058403167695,0.24092411105684575,0.2665141858350875,0.810921676434367,-0.2953590358171451,1755,,,,[],0,,False,True,
csd-20260805_174708,paired_hierarchical,1,0,0,9769808dfe284056,sgrR->thiQ,shared_complete_observation_shared_scores,maximum,prefix,complete,0,100,0.2,0.9,biological_error,2151398048,921666314,2151398048,sgrR,thiQ,False,identifiable,dksA|rpoD,100,0.06603152176722032,0.22175838663589775,0.22579790413169018,0.29776335753937744,-0.13708864290205486,1755,,,,[],0,,False,True,
csd-20260805_174708,paired_hierarchical,1,0,0,9769808dfe284056,dsdC->dsdA,shared_complete_observation_shared_scores,maximum,prefix,complete,0,100,0.2,0.9,biological_error,2151398048,921666314,2151398048,dsdC,dsdA,False,identifiable,crp|nsrR|rpoD,100,-0.055847599556878916,0.030767523035793307,0.007823551342173862,-1.8151477287238487,0.13759380968954396,1755,,,,[],0,,False,True,
csd-20260805_174708,paired_hierarchical,1,0,0,9769808dfe284056,dsdC->dsdX,shared_complete_observation_shared_scores,maximum,prefix,complete,0,100,0.2,0.9,biological_error,2151398048,921666314,2151398048,dsdC,dsdX,False,identifiable,crp|nsrR|rpoD,100,0.006045373919262281,0.13221709482674293,0.14447546092599903,0.045723088434094915,0.2849451461150936,1755,,,,[],0,,False,True,
csd-20260805_174708,paired_hierarchical,1,0,0,9769808dfe284056,ebgR->ebgA,shared_complete_observation_shared_scores,maximum,prefix,complete,0,100,0.2,0.9,biological_error,2151398048,921666314,2151398048,ebgR,ebgA,False,identifiable,crp|rpoD,100,-0.4408812499585643,0.26805903644181434,0.13889091325352002,-1.6447169840299836,-0.1462645472012777,1755,,,,[],0,,False,True,
csd-20260805_174708,paired_hierarchical,1,0,0,9769808dfe284056,ebgR->ebgC,shared_complete_observation_shared_scores,maximum,prefix,complete,0,100,0.2,0.9,biological_error,2151398048,921666314,2151398048,ebgR,ebgC,False,identifiable,crp|rpoD|spf,100,-0.44441453661563207,0.3394137510807758,0.22266323591027964,-1.3093592560717067,-0.28630763509578533,1755,,,,[],0,,False,True,
csd-20260805_174708,paired_hierarchical,1,0,0,9769808dfe284056,envR->acrA,shared_complete_observation_shared_scores,maximum,prefix,complete,0,100,0.2,0.9,biological_error,2151398048,921666314,2151398048,envR,acrA,False,identifiable,acrR|marA|mprA|phoP|ptrR|rob|rpoD|soxS,100,-0.0051130750367379355,0.05526562889466774,0.044741193867939684,-0.0925181733927806,-0.4656763182652395,1755,,,,[],0,,False,True,
csd-20260805_174708,paired_hierarchical,1,0,0,9769808dfe284056,envR->acrB,shared_complete_observation_shared_scores,maximum,prefix,complete,0,100,0.2,0.9,biological_error,2151398048,921666314,2151398048,envR,acrB,False,identifiable,acrR|marA|mprA|phoP|ptrR|rob|rpoD|soxS,100,0.09181411275656459,0.11004916619862294,0.17740703946422712,0.8343008486847897,-0.18566065777298507,1755,,,,[],0,,False,True,
csd-20260805_174708,paired_hierarchical,1,0,0,9769808dfe284056,envY->ompC,shared_complete_observation_shared_scores,maximum,prefix,complete,0,100,0.2,0.9,biological_error,2151398048,921666314,2151398048,envY,ompC,False,identifiable,cpxR|ihfA|ihfB|lrp|ompR|rpoD|yjjQ,100,0.06576390111515922,0.25720638679619273,0.23812018040348912,0.25568533477852456,0.2855579802103736,1755,,,,[],0,,False,True,
csd-20260805_174708,paired_hierarchical,1,0,0,9769808dfe284056,envY->ompF,shared_complete_observation_shared_scores,maximum,prefix,complete,0,100,0.2,0.9,biological_error,2151398048,921666314,2151398048,envY,ompF,False,identifiable,cpxR|crp|fur|ihfA|ihfB|nac|ompR|phoB|rpoD|rpoS|rstA,100,0.08335123827982498,0.17587470795027899,0.10862150496502387,0.4739239612746874,0.05486487662942347,1755,,,,[],0,,False,True,
csd-20260805_174708,paired_hierarchical,1,0,0,9769808dfe284056,fabR->fabA,shared_complete_observation_shared_scores,maximum,prefix,complete,0,100,0.2,0.9,biological_error,2151398048,921666314,2151398048,fabR,fabA,False,identifiable,fadR|rpoD,100,-0.14027259059774866,0.09857416848198387,0.1214096986276425,-1.423015712512816,-0.19628615191750956,1755,,,,[],0,,False,True,
csd-20260805_174708,paired_hierarchical,1,0,0,9769808dfe284056,fabR->fabB,shared_complete_observation_shared_scores,maximum,prefix,complete,0,100,0.2,0.9,biological_error,2151398048,921666314,2151398048,fabR,fabB,False,identifiable,fadR|rpoD,100,-0.09143870602440442,0.0796776014243841,0.0793230930151551,-1.1476086678033586,-0.2929802234937799,1755,,,,[],0,,False,True,
csd-20260805_174708,paired_hierarchical,1,0,0,9769808dfe284056,iclR->aceA,shared_complete_observation_shared_scores,maximum,prefix,complete,0,100,0.2,0.9,biological_error,2151398048,921666314,2151398048,iclR,aceA,False,identifiable,arcA|cra|crp|fadR|flhC|flhD|ihfA|ihfB|rpoD,100,-0.1247257937814818,0.0625948711308801,0.06167796987598954,-1.992588075158613,-0.20174318632337615,1755,,,,[],0,,False,True,
csd-20260805_174708,paired_hierarchical,1,0,0,9769808dfe284056,iclR->aceB,shared_complete_observation_shared_scores,maximum,prefix,complete,0,100,0.2,0.9,biological_error,2151398048,921666314,2151398048,iclR,aceB,False,identifiable,arcA|cra|crp|fadR|flhC|flhD|ihfA|ihfB|lrp|nac|rpoD,100,-0.0721379780402841,0.1330621849350935,0.27447460318690853,-0.5421373328227876,-0.19135161432093187,1755,,,,[],0,,False,True,
csd-20260805_174708,paired_hierarchical,1,0,0,9769808dfe284056,iclR->aceK,shared_complete_observation_shared_scores,maximum,prefix,complete,0,100,0.2,0.9,biological_error,2151398048,921666314,2151398048,iclR,aceK,False,identifiable,arcA|cra|crp|fadR|flhC|flhD|ihfA|ihfB|rpoD,100,-0.009761140291992761,0.0654008732300597,0.06733171326786161,-0.1492509168441244,-0.3532090970450145,1755,,,,[],0,,False,True,
csd-20260805_174708,paired_hierarchical,1,0,0,9769808dfe284056,fecI->fecA,shared_complete_observation_shared_scores,maximum,prefix,complete,0,100,0.2,0.9,biological_error,2151398048,921666314,2151398048,fecI,fecA,False,identifiable,crp|fur|hypT|pdhR|rpoD|slyA,100,-0.016514352655024607,0.13339461862552196,0.09899551929205748,-0.12380074117821249,0.2460566222988369,1755,,,,[],0,,False,True,
csd-20260805_174708,paired_hierarchical,1,0,0,9769808dfe284056,fecI->fecB,shared_complete_observation_shared_scores,maximum,prefix,complete,0,100,0.2,0.9,biological_error,2151398048,921666314,2151398048,fecI,fecB,False,identifiable,crp|fur|hypT|pdhR|rpoD|slyA,100,-0.11175976164193889,0.09908508607713605,0.05462047852834482,-1.1279170868856674,0.1486805209284213,1755,,,,[],0,,False,True,
csd-20260805_174708,paired_hierarchical,1,0,0,9769808dfe284056,fecI->fecC,shared_complete_observation_shared_scores,maximum,prefix,complete,0,100,0.2,0.9,biological_error,2151398048,921666314,2151398048,fecI,fecC,False,identifiable,crp|fur|hypT|pdhR|rpoD|slyA,100,0.03376785305152904,0.104342113692759,0.06057008441307496,0.32362630827050626,0.0969473570770253,1755,,,,[],0,,False,True,
csd-20260805_174708,paired_hierarchical,1,0,0,9769808dfe284056,fecI->fecD,shared_complete_observation_shared_scores,maximum,prefix,complete,0,100,0.2,0.9,biological_error,2151398048,921666314,2151398048,fecI,fecD,False,identifiable,crp|fur|hypT|pdhR|rpoD|slyA,100,-0.017519414491842432,0.1411840041976169,0.11089447486278017,-0.12408923086867761,0.3937386613118302,1755,,,,[],0,,False,True,
csd-20260805_174708,paired_hierarchical,1,0,0,9769808dfe284056,fecI->fecE,shared_complete_observation_shared_scores,maximum,prefix,complete,0,100,0.2,0.9,biological_error,2151398048,921666314,2151398048,fecI,fecE,False,identifiable,crp|fur|hypT|pdhR|rpoD|slyA,100,0.010087496731236382,0.16559905158159655,0.15256489307803262,0.06091518420481964,0.1951690552830323,1755,,,,[],0,,False,True,
csd-20260805_174708,paired_hierarchical,1,0,0,9769808dfe284056,fhlA->fdhF,shared_complete_observation_shared_scores,maximum,prefix,complete,0,100,0.2,0.9,biological_error,2151398048,921666314,2151398048,fhlA,fdhF,False,identifiable,fnr|ihfA|ihfB|narL|narP|nsrR|rpoN,100,0.0085231815758801,0.0992604815742213,0.15875374723930663,0.08586681668985208,0.12537902063381579,1755,,,,[],0,,False,True,
csd-20260805_174708,paired_hierarchical,1,0,0,9769808dfe284056,fhlA->focB,shared_complete_observation_shared_scores,maximum,prefix,complete,0,100,0.2,0.9,biological_error,2151398048,921666314,2151398048,fhlA,focB,False,identifiable,crp|fnr|ihfA|ihfB|nsrR|rpoN,100,-0.0009452009722245678,0.07459448429740134,0.08498420296137292,-0.012671191189634591,0.09248744915062697,1755,,,,[],0,,False,True,
csd-20260805_174708,paired_hierarchical,1,0,0,9769808dfe284056,fhlA->hycA,shared_complete_observation_shared_scores,maximum,prefix,complete,0,100,0.2,0.9,biological_error,2151398048,921666314,2151398048,fhlA,hycA,False,identifiable,fnr|ihfA|ihfB|modE|nsrR|rpoN,100,0.21375931829154537,0.10678202914134056,0.18371941534573774,2.0018285849260815,0.37059835420376164,1755,,,,[],0,,False,True,
csd-20260805_174708,paired_hierarchical,1,0,0,9769808dfe284056,fhlA->hycB,shared_complete_observation_shared_scores,maximum,prefix,complete,0,100,0.2,0.9,biological_error,2151398048,921666314,2151398048,fhlA,hycB,False,identifiable,fnr|ihfA|ihfB|modE|nsrR|rpoN|srsR,100,0.0040948963775468295,0.031095723286613832,0.01557883967668142,0.13168680270928482,0.14561756072912485,1755,,,,[],0,,False,True,
csd-20260805_174708,paired_hierarchical,1,0,0,9769808dfe284056,fhlA->hycC,shared_complete_observation_shared_scores,maximum,prefix,complete,0,100,0.2,0.9,biological_error,2151398048,921666314,2151398048,fhlA,hycC,False,identifiable,fnr|ihfA|ihfB|modE|nsrR|rpoN,100,0.09419182433962668,0.09265467330142935,0.13832267342606655,1.0165901080153463,0.19063792667421184,1755,,,,[],0,,False,True,
csd-20260805_174708,paired_hierarchical,1,0,0,9769808dfe284056,fhlA->hycD,shared_complete_observation_shared_scores,maximum,prefix,complete,0,100,0.2,0.9,biological_error,2151398048,921666314,2151398048,fhlA,hycD,False,identifiable,fnr|ihfA|ihfB|modE|nsrR|rpoN,100,0.04949840994955136,0.051061288200399124,0.04200899099275821,0.9693921108156541,0.11087035194865714,1755,,,,[],0,,False,True,
csd-20260805_174708,paired_hierarchical,1,0,0,9769808dfe284056,fhlA->hycE,shared_complete_observation_shared_scores,maximum,prefix,complete,0,100,0.2,0.9,biological_error,2151398048,921666314,2151398048,fhlA,hycE,False,identifiable,fnr|ihfA|ihfB|modE|nsrR|rpoN,100,0.17866939529350642,0.07322794649652511,0.0863997383139539,2.43990721905584,0.24249341060905621,1755,,,,[],0,,False,True,
csd-20260805_174708,paired_hierarchical,1,0,0,9769808dfe284056,fhlA->hycF,shared_complete_observation_shared_scores,maximum,prefix,complete,0,100,0.2,0.9,biological_error,2151398048,921666314,2151398048,fhlA,hycF,False,identifiable,fnr|ihfA|ihfB|modE|nsrR|rpoN,100,-0.0007448668637216474,0.11924316273072179,0.22910031637504918,-0.006246621161866752,0.2051639711729615,1755,,,,[],0,,False,True,
csd-20260805_174708,paired_hierarchical,1,0,0,9769808dfe284056,fhlA->hycG,shared_complete_observation_shared_scores,maximum,prefix,complete,0,100,0.2,0.9,biological_error,2151398048,921666314,2151398048,fhlA,hycG,False,identifiable,fnr|ihfA|ihfB|modE|nsrR|rpoN,100,-1.3120435837543935e-05,0.06677425988900375,0.07184174658860136,-0.00019648942360953942,0.13090801153702578,1755,,,,[],0,,False,True,
csd-20260805_174708,paired_hierarchical,1,0,0,9769808dfe284056,fhlA->hycH,shared_complete_observation_shared_scores,maximum,prefix,complete,0,100,0.2,0.9,biological_error,2151398048,921666314,2151398048,fhlA,hycH,False,identifiable,fnr|ihfA|ihfB|modE|nsrR|rpoN,100,-0.0679740075702479,0.0952897521370771,0.14630228547849658,-0.7133401656084202,0.093174094911236,1755,,,,[],0,,False,True,
csd-20260805_174708,paired_hierarchical,1,0,0,9769808dfe284056,fhlA->hycI,shared_complete_observation_shared_scores,maximum,prefix,complete,0,100,0.2,0.9,biological_error,2151398048,921666314,2151398048,fhlA,hycI,False,identifiable,fnr|ihfA|ihfB|modE|nsrR|rpoN,100,-0.001325432052360143,0.06605148391247752,0.07029490912577806,-0.0200666506465839,0.11729278470131518,1755,,,,[],0,,False,True,
csd-20260805_174708,paired_hierarchical,1,0,0,9769808dfe284056,fhlA->hydN,shared_complete_observation_shared_scores,maximum,prefix,complete,0,100,0.2,0.9,biological_error,2151398048,921666314,2151398048,fhlA,hydN,False,identifiable,flhC|flhD|fnr|ihfA|ihfB|nsrR|rpoN,100,0.13080941867223733,0.12470784263198412,0.24531754044599857,1.0489269633046183,0.45398288203428827,1755,,,,[],0,,False,True,
csd-20260805_174708,paired_hierarchical,1,0,0,9769808dfe284056,fhlA->hyfA,shared_complete_observation_shared_scores,maximum,prefix,complete,0,100,0.2,0.9,biological_error,2151398048,921666314,2151398048,fhlA,hyfA,False,identifiable,crp|fnr|ihfA|ihfB|nsrR|rpoN,100,0.06226680947394901,0.11996926248493434,0.21981875916372376,0.5190230245998924,0.09007586553936733,1755,,,,[],0,,False,True,
csd-20260805_174708,paired_hierarchical,1,0,0,9769808dfe284056,fhlA->hyfB,shared_complete_observation_shared_scores,maximum,prefix,complete,0,100,0.2,0.9,biological_error,2151398048,921666314,2151398048,fhlA,hyfB,False,identifiable,crp|fnr|ihfA|ihfB|nsrR|rpoN,100,0.007042201500199066,0.06488907265637098,0.06430843032219079,0.10852677056261867,0.23273206664238433,1755,,,,[],0,,False,True,
csd-20260805_174708,paired_hierarchical,1,0,0,9769808dfe284056,fhlA->hyfC,shared_complete_observation_shared_scores,maximum,prefix,complete,0,100,0.2,0.9,biological_error,2151398048,921666314,2151398048,fhlA,hyfC,False,identifiable,crp|fnr|ihfA|ihfB|nsrR|rpoN,100,-0.07606761076162138,0.10262904194556953,0.1608663927844026,-0.7411899138838761,0.15359767156663562,1755,,,,[],0,,False,True,
csd-20260805_174708,paired_hierarchical,1,0,0,9769808dfe284056,fhlA->hyfD,shared_complete_observation_shared_scores,maximum,prefix,complete,0,100,0.2,0.9,biological_error,2151398048,921666314,2151398048,fhlA,hyfD,False,identifiable,crp|fnr|ihfA|ihfB|nsrR|rpoN,100,-0.2033952082177362,0.08759328551585488,0.11718348428015674,-2.3220410904774265,0.1844523045701284,1755,,,,[],0,,False,True,
csd-20260805_174708,paired_hierarchical,1,0,0,9769808dfe284056,fhlA->hyfE,shared_complete_observation_shared_scores,maximum,prefix,complete,0,100,0.2,0.9,biological_error,2151398048,921666314,2151398048,fhlA,hyfE,False,identifiable,crp|fnr|ihfA|ihfB|nsrR|rpoN,100,0.14878277511454904,0.09058510241173108,0.12532517891925793,1.642464060351729,0.2958459539254434,1755,,,,[],0,,False,True,
csd-20260805_174708,paired_hierarchical,1,0,0,9769808dfe284056,fhlA->hyfF,shared_complete_observation_shared_scores,maximum,prefix,complete,0,100,0.2,0.9,biological_error,2151398048,921666314,2151398048,fhlA,hyfF,False,identifiable,crp|fnr|ihfA|ihfB|nsrR|rpoN,100,-0.16632433196456586,0.053131130902760684,0.04311445434180235,-3.130449684366189,0.13546628451442466,1755,,,,[],0,,False,True,
csd-20260805_174708,paired_hierarchical,1,0,0,9769808dfe284056,fhlA->hyfG,shared_complete_observation_shared_scores,maximum,prefix,complete,0,100,0.2,0.9,biological_error,2151398048,921666314,2151398048,fhlA,hyfG,False,identifiable,crp|fnr|ihfA|ihfB|nsrR|rpoN,100,-0.0345128041383705,0.1556123896175823,0.36983935051317757,-0.22178699410237043,0.3235191083071978,1755,,,,[],0,,False,True,
csd-20260805_174708,paired_hierarchical,1,0,0,9769808dfe284056,fhlA->hyfH,shared_complete_observation_shared_scores,maximum,prefix,complete,0,100,0.2,0.9,biological_error,2151398048,921666314,2151398048,fhlA,hyfH,False,identifiable,crp|fnr|ihfA|ihfB|nsrR|rpoN,100,-0.14335818413285026,0.12366318795510646,0.23356386334860466,-1.1592632092332416,0.43709342269151436,1755,,,,[],0,,False,True,
csd-20260805_174708,paired_hierarchical,1,0,0,9769808dfe284056,fhlA->hyfI,shared_complete_observation_shared_scores,maximum,prefix,complete,0,100,0.2,0.9,biological_error,2151398048,921666314,2151398048,fhlA,hyfI,False,identifiable,crp|fnr|ihfA|ihfB|nsrR|rpoN,100,-0.01440723552635312,0.0804850484837252,0.09893619277524865,-0.1790051170717303,0.22698533700028803,1755,,,,[],0,,False,True,
csd-20260805_174708,paired_hierarchical,1,0,0,9769808dfe284056,fhlA->hyfJ,shared_complete_observation_shared_scores,maximum,prefix,complete,0,100,0.2,0.9,biological_error,2151398048,921666314,2151398048,fhlA,hyfJ,False,identifiable,crp|fnr|ihfA|ihfB|nsrR|rpoN,100,0.07490254123937487,0.1520902912696422,0.3532870816253496,0.49248732850790256,0.15949971133013524,1755,,,,[],0,,False,True,
csd-20260805_174708,paired_hierarchical,1,0,0,9769808dfe284056,fhlA->hyfR,shared_complete_observation_shared_scores,maximum,prefix,complete,0,100,0.2,0.9,biological_error,2151398048,921666314,2151398048,fhlA,hyfR,False,identifiable,crp|fnr|ihfA|ihfB|nsrR|rpoN,100,-0.12657232639501068,0.1641057593103858,0.4113129846305607,-0.7712850964335428,0.10269352700608901,1755,,,,[],0,,False,True,
csd-20260805_174708,paired_hierarchical,1,0,0,9769808dfe284056,fhlA->hypA,shared_complete_observation_shared_scores,maximum,prefix,complete,0,100,0.2,0.9,biological_error,2151398048,921666314,2151398048,fhlA,hypA,False,identifiable,fnr|ihfA|ihfB|nsrR|rpoN,100,0.0008008112838838865,0.0678324973116619,0.07413928600231548,0.011805717253848023,0.08781472677203837,1755,,,,[],0,,False,True,
csd-20260805_174708,paired_hierarchical,1,0,0,9769808dfe284056,fhlA->hypB,shared_complete_observation_shared_scores,maximum,prefix,complete,0,100,0.2,0.9,biological_error,2151398048,921666314,2151398048,fhlA,hypB,False,identifiable,fnr|ihfA|ihfB|nsrR|rpoN,100,-0.022890819990976613,0.12305741853338567,0.2439991915266514,-0.18601739142420168,0.4700916510553136,1755,,,,[],0,,False,True,
csd-20260805_174708,paired_hierarchical,1,0,0,9769808dfe284056,fhlA->hypC,shared_complete_observation_shared_scores,maximum,prefix,complete,0,100,0.2,0.9,biological_error,2151398048,921666314,2151398048,fhlA,hypC,False,identifiable,fnr|ihfA|ihfB|nsrR|rpoN,100,-0.0012804882328382595,0.06195897361661428,0.06185591226165353,-0.020666711504318674,0.2852663282130909,1755,,,,[],0,,False,True,
csd-20260805_174708,paired_hierarchical,1,0,0,9769808dfe284056,fhlA->hypD,shared_complete_observation_shared_scores,maximum,prefix,complete,0,100,0.2,0.9,biological_error,2151398048,921666314,2151398048,fhlA,hypD,False,identifiable,fnr|ihfA|ihfB|nsrR|rpoN,100,0.0007542770259534081,0.0855420026408431,0.11790483462271427,0.008817621784239933,0.1984851729553897,1755,,,,[],0,,False,True,
csd-20260805_174708,paired_hierarchical,1,0,0,9769808dfe284056,fhlA->hypE,shared_complete_observation_shared_scores,maximum,prefix,complete,0,100,0.2,0.9,biological_error,2151398048,921666314,2151398048,fhlA,hypE,False,identifiable,fnr|ihfA|ihfB|nsrR|rpoN,100,0.20764434623194397,0.07026071872541695,0.07954226669174165,2.9553404804102614,0.12982407370421117,1755,,,,[],0,,False,True,
csd-20260805_174708,paired_hierarchical,1,0,0,9769808dfe284056,fhlA->hypF,shared_complete_observation_shared_scores,maximum,prefix,complete,0,100,0.2,0.9,biological_error,2151398048,921666314,2151398048,fhlA,hypF,False,identifiable,cra|flhC|flhD|fnr|ihfA|ihfB|nsrR|rpoD|rpoN,100,-0.035701648946394465,0.07787615885456488,0.09526925117751553,-0.4584413185178783,0.1953684629415403,1755,,,,[],0,,False,True,
csd-20260805_174708,paired_hierarchical,1,0,0,9769808dfe284056,fimZ->puuB,shared_complete_observation_shared_scores,maximum,prefix,complete,0,100,0.2,0.9,biological_error,2151398048,921666314,2151398048,fimZ,puuB,False,identifiable,arcA|argR|crp|ptrR|puuR|rpoS,100,-0.08980563168167574,0.09269359595158365,0.12792843608948587,-0.9688439720105759,0.14184298753405752,1755,,,,[],0,,False,True,
csd-20260805_174708,paired_hierarchical,1,0,0,9769808dfe284056,fimZ->puuC,shared_complete_observation_shared_scores,maximum,prefix,complete,0,100,0.2,0.9,biological_error,2151398048,921666314,2151398048,fimZ,puuC,False,identifiable,arcA|crp|ptrR|puuR|rpoS,100,-0.0020125297476421404,0.06303256552915022,0.05915789655242499,-0.03192841241265073,0.24620570695607727,1755,,,,[],0,,False,True,
csd-20260805_174708,paired_hierarchical,1,0,0,9769808dfe284056,fimZ->puuD,shared_complete_observation_shared_scores,maximum,prefix,complete,0,100,0.2,0.9,biological_error,2151398048,921666314,2151398048,fimZ,puuD,False,identifiable,arcA|crp|puuR|rpoS,100,0.03842897811141262,0.08881792615114378,0.11746269145357822,0.4326714186730393,0.2436962070888801,1755,,,,[],0,,False,True,
csd-20260805_174708,paired_hierarchical,1,0,0,9769808dfe284056,fimZ->sfmA,shared_complete_observation_shared_scores,maximum,prefix,complete,0,100,0.2,0.9,biological_error,2151398048,921666314,2151398048,fimZ,sfmA,False,identifiable,,100,0.07846917751640835,0.09596372411305731,0.13777881541168363,0.8176962518040859,0.17199153255713404,1755,,,,[],0,,False,True,
csd-20260805_174708,paired_hierarchical,1,0,0,9769808dfe284056,fimZ->sfmC,shared_complete_observation_shared_scores,maximum,prefix,complete,0,100,0.2,0.9,biological_error,2151398048,921666314,2151398048,fimZ,sfmC,False,identifiable,,100,0.0042519421720704316,0.07274708243527332,0.07917706887667147,0.05844828451853853,0.18222133883586272,1755,,,,[],0,,False,True,
csd-20260805_174708,paired_hierarchical,1,0,0,9769808dfe284056,nac->abgA,shared_complete_observation_shared_scores,maximum,prefix,complete,0,100,0.2,0.9,biological_error,2151398048,921666314,2151398048,nac,abgA,False,identifiable,alpA|basR|btsR|glaR|glrR|nsrR|ptrR|rcdA,100,-0.03615138496605027,0.09640586759873136,0.06387847311821276,-0.37499154218001146,-0.11672381495436314,1755,,,,[],0,,False,True,
csd-20260805_174708,paired_hierarchical,1,0,0,9769808dfe284056,nac->abpA,shared_complete_observation_shared_scores,maximum,prefix,complete,0,100,0.2,0.9,biological_error,2151398048,921666314,2151398048,nac,abpA,False,identifiable,alpA|basR|btsR|glaR|glrR|nsrR|ptrR|rcdA,100,-0.10258813069402194,0.09747814240768415,0.06530735289142754,-1.0524218882317864,-0.3026639704330895,1755,,,,[],0,,False,True,
csd-20260805_174708,paired_hierarchical,1,0,0,9769808dfe284056,nac->allR,shared_complete_observation_shared_scores,maximum,prefix,complete,0,100,0.2,0.9,biological_error,2151398048,921666314,2151398048,nac,allR,False,identifiable,alpA|basR|btsR|glaR|glrR|nsrR|ptrR|rcdA,100,0.06410973254693746,0.15140662357811469,0.15755686876150113,0.4234275293369946,0.07432282896976214,1755,,,,[],0,,False,True,
csd-20260805_174708,paired_hierarchical,1,0,0,9769808dfe284056,nac->aroE,shared_complete_observation_shared_scores,maximum,prefix,complete,0,100,0.2,0.9,biological_error,2151398048,921666314,2151398048,nac,aroE,False,identifiable,alpA|basR|btsR|glaR|glrR|nsrR|ptrR|rcdA,100,-0.003839524885116842,0.07370805618353156,0.03734027467759485,-0.05209098006270174,-0.20288998565493455,1755,,,,[],0,,False,True,
csd-20260805_174708,paired_hierarchical,1,0,0,9769808dfe284056,nac->bfr,shared_complete_observation_shared_scores,maximum,prefix,complete,0,100,0.2,0.9,biological_error,2151398048,921666314,2151398048,nac,bfr,False,identifiable,alpA|basR|btsR|glaR|glrR|nsrR|ptrR|rcdA,100,-0.008268391217841658,0.051468848168627436,0.01820692026614038,-0.16064846041924077,0.07233804229711753,1755,,,,[],0,,False,True,
csd-20260805_174708,paired_hierarchical,1,0,0,9769808dfe284056,nac->bglH,shared_complete_observation_shared_scores,maximum,prefix,complete,0,100,0.2,0.9,biological_error,2151398048,921666314,2151398048,nac,bglH,False,identifiable,alpA|basR|btsR|glaR|glrR|nsrR|ptrR|rcdA,100,-0.01790865868907742,0.14153742089489427,0.13768611537943812,-0.12652949711706557,-0.04788937097949084,1755,,,,[],0,,False,True,
csd-20260805_174708,paired_hierarchical,1,0,0,9769808dfe284056,nac->bisC,shared_complete_observation_shared_scores,maximum,prefix,complete,0,100,0.2,0.9,biological_error,2151398048,921666314,2151398048,nac,bisC,False,identifiable,alpA|basR|btsR|glaR|glrR|nsrR|ptrR|rcdA,100,-0.031004353238918533,0.09299542344785676,0.05943889738476729,-0.33339654887751446,0.14483969914418254,1755,,,,[],0,,False,True,
csd-20260805_174708,paired_hierarchical,1,0,0,9769808dfe284056,nac->cbrC,shared_complete_observation_shared_scores,maximum,prefix,complete,0,100,0.2,0.9,biological_error,2151398048,921666314,2151398048,nac,cbrC,False,identifiable,alpA|basR|btsR|glaR|glrR|nsrR|ptrR|rcdA,100,-0.23619561944497053,0.11424586890228153,0.0897074686559336,-2.067432474490582,-0.15974596724606877,1755,,,,[],0,,False,True,
csd-20260805_174708,paired_hierarchical,1,0,0,9769808dfe284056,nac->cdaR,shared_complete_observation_shared_scores,maximum,prefix,complete,0,100,0.2,0.9,biological_error,2151398048,921666314,2151398048,nac,cdaR,False,identifiable,alpA|basR|btsR|glaR|glrR|nsrR|ptrR|rcdA,100,0.0034272816458199296,0.15039342898019895,0.15545522177909027,0.022788772548507894,-0.12644058269244107,1755,,,,[],0,,False,True,
csd-20260805_174708,paired_hierarchical,1,0,0,9769808dfe284056,nac->cmtA,shared_complete_observation_shared_scores,maximum,prefix,complete,0,100,0.2,0.9,biological_error,2151398048,921666314,2151398048,nac,cmtA,False,identifiable,alpA|basR|btsR|glaR|glrR|nsrR|ptrR|rcdA,100,-0.01113806810366361,0.08336991472936675,0.047771217129252856,-0.13359817075283953,0.1956405624444849,1755,,,,[],0,,False,True,
csd-20260805_174708,paired_hierarchical,1,0,0,9769808dfe284056,nac->cmtB,shared_complete_observation_shared_scores,maximum,prefix,complete,0,100,0.2,0.9,biological_error,2151398048,921666314,2151398048,nac,cmtB,False,identifiable,alpA|basR|btsR|glaR|glrR|nsrR|ptrR|rcdA,100,0.1507405125776387,0.11635469079812287,0.09304978729718516,1.2955258747511584,0.4915703390801458,1755,,,,[],0,,False,True,
csd-20260805_174708,paired_hierarchical,1,0,0,9769808dfe284056,nac->curA,shared_complete_observation_shared_scores,maximum,prefix,complete,0,100,0.2,0.9,biological_error,2151398048,921666314,2151398048,nac,curA,False,identifiable,alpA|basR|btsR|glaR|glrR|nsrR|ptrR|rcdA,100,0.1704103776263366,0.09345274394998335,0.060024936201229846,1.8234924992415589,-0.20617857778699575,1755,,,,[],0,,False,True,
csd-20260805_174708,paired_hierarchical,1,0,0,9769808dfe284056,nac->cysQ,shared_complete_observation_shared_scores,maximum,prefix,complete,0,100,0.2,0.9,biological_error,2151398048,921666314,2151398048,nac,cysQ,False,identifiable,alpA|basR|btsR|glaR|glrR|nsrR|ptrR|rcdA,100,0.20047833392435627,0.1202504592883263,0.09938505434176001,1.6671731244174828,0.15791488110012394,1755,,,,[],0,,False,True,
csd-20260805_174708,paired_hierarchical,1,0,0,9769808dfe284056,nac->cysS,shared_complete_observation_shared_scores,maximum,prefix,complete,0,100,0.2,0.9,biological_error,2151398048,921666314,2151398048,nac,cysS,False,identifiable,alpA|basR|btsR|glaR|glrR|nsrR|ptrR|rcdA,100,0.06596726984051435,0.15446139813421086,0.16397872872021169,0.4270793262093592,-0.1735740187974188,1755,,,,[],0,,False,True,
csd-20260805_174708,paired_hierarchical,1,0,0,9769808dfe284056,nac->dcm,shared_complete_observation_shared_scores,maximum,prefix,complete,0,100,0.2,0.9,biological_error,2151398048,921666314,2151398048,nac,dcm,False,identifiable,alpA|basR|btsR|glaR|glrR|nsrR|ptrR|rcdA,100,-0.018158159788619156,0.13655623806918013,0.12816536540514653,-0.13297202709568004,-0.25299040815610374,1755,,,,[],0,,False,True,
csd-20260805_174708,paired_hierarchical,1,0,0,9769808dfe284056,nac->dcp,shared_complete_observation_shared_scores,maximum,prefix,complete,0,100,0.2,0.9,biological_error,2151398048,921666314,2151398048,nac,dcp,False,identifiable,alpA|basR|btsR|glaR|glrR|nsrR|ptrR|rcdA,100,-0.005272544607709958,0.0865073963998926,0.05143444696266359,-0.060949061318836595,0.1606161945384544,1755,,,,[],0,,False,True,
csd-20260805_174708,paired_hierarchical,1,0,0,9769808dfe284056,nac->dcyD,shared_complete_observation_shared_scores,maximum,prefix,complete,0,100,0.2,0.9,biological_error,2151398048,921666314,2151398048,nac,dcyD,False,identifiable,alpA|basR|btsR|glaR|glrR|nsrR|ptrR|rcdA,100,-0.0022374216095725485,0.13858042157645162,0.131993136285317,-0.016145293715521095,0.12631150497353547,1755,,,,[],0,,False,True,
csd-20260805_174708,paired_hierarchical,1,0,0,9769808dfe284056,nac->dld,shared_complete_observation_shared_scores,maximum,prefix,complete,0,100,0.2,0.9,biological_error,2151398048,921666314,2151398048,nac,dld,False,identifiable,alpA|basR|btsR|glaR|glrR|nsrR|ptrR|rcdA,100,-0.020517531969763882,0.11799776120156542,0.09569629563482254,-0.17388068858963812,-0.4033067794638027,1755,,,,[],0,,False,True,
csd-20260805_174708,paired_hierarchical,1,0,0,9769808dfe284056,nac->dpaA,shared_complete_observation_shared_scores,maximum,prefix,complete,0,100,0.2,0.9,biological_error,2151398048,921666314,2151398048,nac,dpaA,False,identifiable,alpA|basR|btsR|glaR|glrR|nsrR|ptrR|rcdA,100,-0.32672143006758236,0.18431049050538345,0.2334789339728366,-1.7726686591289782,0.08486867342689754,1755,,,,[],0,,False,True,
csd-20260805_174708,paired_hierarchical,1,0,0,9769808dfe284056,nac->ecnA,shared_complete_observation_shared_scores,maximum,prefix,complete,0,100,0.2,0.9,biological_error,2151398048,921666314,2151398048,nac,ecnA,False,identifiable,alpA|basR|btsR|glaR|glrR|nsrR|ptrR|rcdA,100,0.01776048604924368,0.08050215976964646,0.04454127617603245,0.22062123674774148,-0.19511161455919437,1755,,,,[],0,,False,True,
csd-20260805_174708,paired_hierarchical,1,0,0,9769808dfe284056,nac->elfG,shared_complete_observation_shared_scores,maximum,prefix,complete,0,100,0.2,0.9,biological_error,2151398048,921666314,2151398048,nac,elfG,False,identifiable,alpA|basR|btsR|glaR|glrR|nsrR|ptrR|rcdA,100,-0.018755875936955275,0.1151256834881965,0.09109447453981331,-0.16291652191474945,-0.3867318387870121,1755,,,,[],0,,False,True,
csd-20260805_174708,paired_hierarchical,1,0,0,9769808dfe284056,nac->eptA,shared_complete_observation_shared_scores,maximum,prefix,complete,0,100,0.2,0.9,biological_error,2151398048,921666314,2151398048,nac,eptA,False,identifiable,alpA|basR|btsR|glaR|glrR|nsrR|ptrR|rcdA,100,-0.047972834837803985,0.1557534259751856,0.1667334775762629,-0.3080050055877868,-0.20415363168918974,1755,,,,[],0,,False,True,
csd-20260805_174708,paired_hierarchical,1,0,0,9769808dfe284056,nac->fdhD,shared_complete_observation_shared_scores,maximum,prefix,complete,0,100,0.2,0.9,biological_error,2151398048,921666314,2151398048,nac,fdhD,False,identifiable,alpA|basR|btsR|glaR|glrR|nsrR|ptrR|rcdA,100,0.050914153702097564,0.07097361466030219,0.034621146078219936,0.7173673476514573,-0.35951379297910185,1755,,,,[],0,,False,True,
csd-20260805_174708,paired_hierarchical,1,0,0,9769808dfe284056,nac->fdoG,shared_complete_observation_shared_scores,maximum,prefix,complete,0,100,0.2,0.9,biological_error,2151398048,921666314,2151398048,nac,fdoG,False,identifiable,alpA|basR|btsR|glaR|glrR|nsrR|ptrR|rcdA,100,-0.003910101782867738,0.16818936553711106,0.19442166429072547,-0.02324821055350834,-0.21997166563646192,1755,,,,[],0,,False,True,
csd-20260805_174708,paired_hierarchical,1,0,0,9769808dfe284056,nac->fklB,shared_complete_observation_shared_scores,maximum,prefix,complete,0,100,0.2,0.9,biological_error,2151398048,921666314,2151398048,nac,fklB,False,identifiable,alpA|basR|btsR|glaR|glrR|nsrR|ptrR|rcdA,100,0.056841254524803195,0.11124257255904642,0.08505300049269886,0.5109667388771726,-0.3390209864980168,1755,,,,[],0,,False,True,
csd-20260805_174708,paired_hierarchical,1,0,0,9769808dfe284056,nac->greB,shared_complete_observation_shared_scores,maximum,prefix,complete,0,100,0.2,0.9,biological_error,2151398048,921666314,2151398048,nac,greB,False,identifiable,alpA|basR|btsR|glaR|glrR|nsrR|ptrR|rcdA,100,0.017739037134434102,0.11160660174125275,0.08561056461611381,0.15894254334129845,-0.12989716936332968,1755,,,,[],0,,False,True,
csd-20260805_174708,paired_hierarchical,1,0,0,9769808dfe284056,nac->gudX,shared_complete_observation_shared_scores,maximum,prefix,complete,0,100,0.2,0.9,biological_error,2151398048,921666314,2151398048,nac,gudX,False,identifiable,alpA|basR|btsR|glaR|glrR|nsrR|ptrR|rcdA,100,-0.12938132526658896,0.14397636184916582,0.14247215132712424,-0.898628938840203,-0.15005590931581916,1755,,,,[],0,,False,True,
csd-20260805_174708,paired_hierarchical,1,0,0,9769808dfe284056,nac->holE,shared_complete_observation_shared_scores,maximum,prefix,complete,0,100,0.2,0.9,biological_error,2151398048,921666314,2151398048,nac,holE,False,identifiable,alpA|basR|btsR|glaR|glrR|nsrR|ptrR|rcdA,100,0.020609266201239068,0.07432653227087496,0.03796953986393242,0.27728007175325814,-0.09999826980638359,1755,,,,[],0,,False,True,
csd-20260805_174708,paired_hierarchical,1,0,0,9769808dfe284056,nac->hxpB,shared_complete_observation_shared_scores,maximum,prefix,complete,0,100,0.2,0.9,biological_error,2151398048,921666314,2151398048,nac,hxpB,False,identifiable,alpA|basR|btsR|glaR|glrR|nsrR|ptrR|rcdA,100,-0.008775332568941169,0.17134555747666683,0.20178704921831175,-0.05121424038166942,-0.25893664937205035,1755,,,,[],0,,False,True,
csd-20260805_174708,paired_hierarchical,1,0,0,9769808dfe284056,nac->iaaA,shared_complete_observation_shared_scores,maximum,prefix,complete,0,100,0.2,0.9,biological_error,2151398048,921666314,2151398048,nac,iaaA,False,identifiable,alpA|basR|btsR|glaR|glrR|nsrR|ptrR|rcdA,100,0.27940053715090785,0.127696157068852,0.11207358058384109,2.1880105366072913,0.0954405129118037,1755,,,,[],0,,False,True,
csd-20260805_174708,paired_hierarchical,1,0,0,9769808dfe284056,nac->ileY,shared_complete_observation_shared_scores,maximum,prefix,complete,0,100,0.2,0.9,biological_error,2151398048,921666314,2151398048,nac,ileY,False,identifiable,alpA|basR|btsR|glaR|glrR|nsrR|ptrR|rcdA,100,0.009189106918116165,0.0799314014583961,0.04391192208432778,0.11496241465125631,0.09222465331546546,1755,,,,[],0,,False,True,
csd-20260805_174708,paired_hierarchical,1,0,0,9769808dfe284056,nac->intD,shared_complete_observation_shared_scores,maximum,prefix,complete,0,100,0.2,0.9,biological_error,2151398048,921666314,2151398048,nac,intD,False,identifiable,alpA|basR|btsR|glaR|glrR|nsrR|ptrR|rcdA,100,0.032429242355241375,0.12890117215216848,0.11419874339127657,0.25158221460514335,-0.2554787627770534,1755,,,,[],0,,False,True,
csd-20260805_174708,paired_hierarchical,1,0,0,9769808dfe284056,nac->ispB,shared_complete_observation_shared_scores,maximum,prefix,complete,0,100,0.2,0.9,biological_error,2151398048,921666314,2151398048,nac,ispB,False,identifiable,alpA|basR|btsR|glaR|glrR|nsrR|ptrR|rcdA,100,-0.7241711249006976,0.05992085054901014,0.024677634669614243,-12.08546137555887,-0.2999945226384388,1755,,,,[],0,,False,True,
csd-20260805_174708,paired_hierarchical,1,0,0,9769808dfe284056,nac->ispD,shared_complete_observation_shared_scores,maximum,prefix,complete,0,100,0.2,0.9,biological_error,2151398048,921666314,2151398048,nac,ispD,False,identifiable,alpA|basR|btsR|glaR|glrR|nsrR|ptrR|rcdA,100,0.11912643235097695,0.07551811872707657,0.039196737174270246,1.5774549784734622,-0.14197427913371746,1755,,,,[],0,,False,True,
csd-20260805_174708,paired_hierarchical,1,0,0,9769808dfe284056,nac->ivy,shared_complete_observation_shared_scores,maximum,prefix,complete,0,100,0.2,0.9,biological_error,2151398048,921666314,2151398048,nac,ivy,False,identifiable,alpA|basR|btsR|glaR|glrR|nsrR|ptrR|rcdA,100,0.07617946266754148,0.09690337125079544,0.06453946553314395,0.7861384148378239,0.06986731382209763,1755,,,,[],0,,False,True,
csd-20260805_174708,paired_hierarchical,1,0,0,9769808dfe284056,nac->kdgR,shared_complete_observation_shared_scores,maximum,prefix,complete,0,100,0.2,0.9,biological_error,2151398048,921666314,2151398048,nac,kdgR,False,identifiable,alpA|basR|btsR|glaR|glrR|nsrR|ptrR|rcdA,100,0.007292328413748524,0.1056558241405135,0.07672457224720632,0.06901965389101818,-0.18389406861564261,1755,,,,[],0,,False,True,
csd-20260805_174708,paired_hierarchical,1,0,0,9769808dfe284056,nac->kduI,shared_complete_observation_shared_scores,maximum,prefix,complete,0,100,0.2,0.9,biological_error,2151398048,921666314,2151398048,nac,kduI,False,identifiable,alpA|basR|btsR|glaR|glrR|nsrR|ptrR|rcdA,100,-0.0317538107943383,0.09318330822476699,0.05967931664291723,-0.34076715453957795,-0.2587408008685279,1755,,,,[],0,,False,True,
csd-20260805_174708,paired_hierarchical,1,0,0,9769808dfe284056,nac->lapC,shared_complete_observation_shared_scores,maximum,prefix,complete,0,100,0.2,0.9,biological_error,2151398048,921666314,2151398048,nac,lapC,False,identifiable,alpA|basR|btsR|glaR|glrR|nsrR|ptrR|rcdA,100,0.036443780334366106,0.12157793145099653,0.10159143428197075,0.29975654215712016,-0.13452086996013646,1755,,,,[],0,,False,True,
csd-20260805_174708,paired_hierarchical,1,0,0,9769808dfe284056,nac->lepA,shared_complete_observation_shared_scores,maximum,prefix,complete,0,100,0.2,0.9,biological_error,2151398048,921666314,2151398048,nac,lepA,False,identifiable,alpA|basR|btsR|glaR|glrR|nsrR|ptrR|rcdA,100,-0.006804378509380648,0.10755805306131844,0.07951214261866843,-0.06326238078613693,0.3921443057282363,1755,,,,[],0,,False,True,
csd-20260805_174708,paired_hierarchical,1,0,0,9769808dfe284056,nac->lepB,shared_complete_observation_shared_scores,maximum,prefix,complete,0,100,0.2,0.9,biological_error,2151398048,921666314,2151398048,nac,lepB,False,identifiable,alpA|basR|btsR|glaR|glrR|nsrR|ptrR|rcdA,100,-0.024792739545709243,0.1179027820660554,0.09554230129960867,-0.2102812089015765,-0.31291702313901915,1755,,,,[],0,,False,True,
csd-20260805_174708,paired_hierarchical,1,0,0,9769808dfe284056,nac->ligB,shared_complete_observation_shared_scores,maximum,prefix,complete,0,100,0.2,0.9,biological_error,2151398048,921666314,2151398048,nac,ligB,False,identifiable,alpA|basR|btsR|glaR|glrR|nsrR|ptrR|rcdA,100,-0.06611343558727449,0.11373091142433843,0.08890058749265728,-0.5813145675110294,-0.13515314169638634,1755,,,,[],0,,False,True,
csd-20260805_174708,paired_hierarchical,1,0,0,9769808dfe284056,nac->lpxH,shared_complete_observation_shared_scores,maximum,prefix,complete,0,100,0.2,0.9,biological_error,2151398048,921666314,2151398048,nac,lpxH,False,identifiable,alpA|basR|btsR|glaR|glrR|nsrR|ptrR|rcdA,100,0.016911869497526093,0.08871499056258954,0.05409306790327043,0.1906314749094693,-0.21008387827652913,1755,,,,[],0,,False,True,
csd-20260805_174708,paired_hierarchical,1,0,0,9769808dfe284056,nac->macA,shared_complete_observation_shared_scores,maximum,prefix,complete,0,100,0.2,0.9,biological_error,2151398048,921666314,2151398048,nac,macA,False,identifiable,alpA|basR|btsR|glaR|glrR|nsrR|ptrR|rcdA,100,0.004114804181706839,0.15174937083412618,0.15827101596285742,0.027115790721825392,-0.09553296777912913,1755,,,,[],0,,False,True,
csd-20260805_174708,paired_hierarchical,1,0,0,9769808dfe284056,nac->mcrB,shared_complete_observation_shared_scores,maximum,prefix,complete,0,100,0.2,0.9,biological_error,2151398048,921666314,2151398048,nac,mcrB,False,identifiable,alpA|basR|btsR|glaR|glrR|nsrR|ptrR|rcdA,100,-0.19630444079562978,0.17264447677982464,0.20485801956967997,-1.1370444305958247,-0.1428362534161004,1755,,,,[],0,,False,True,
csd-20260805_174708,paired_hierarchical,1,0,0,9769808dfe284056,nac->mdtG,shared_complete_observation_shared_scores,maximum,prefix,complete,0,100,0.2,0.9,biological_error,2151398048,921666314,2151398048,nac,mdtG,False,identifiable,alpA|basR|btsR|glaR|glrR|nsrR|ptrR|rcdA,100,-0.07264821546264934,0.16037363769942178,0.1767720312910719,-0.45299350008390604,-0.2605556704304715,1755,,,,[],0,,False,True,
csd-20260805_174708,paired_hierarchical,1,0,0,9769808dfe284056,nac->mltD,shared_complete_observation_shared_scores,maximum,prefix,complete,0,100,0.2,0.9,biological_error,2151398048,921666314,2151398048,nac,mltD,False,identifiable,alpA|basR|btsR|glaR|glrR|nsrR|ptrR|rcdA,100,0.037946955910054155,0.15547955194394789,0.16614763078659836,0.244063964911183,-0.12833820560505355,1755,,,,[],0,,False,True,
csd-20260805_174708,paired_hierarchical,1,0,0,9769808dfe284056,nac->mobA,shared_complete_observation_shared_scores,maximum,prefix,complete,0,100,0.2,0.9,biological_error,2151398048,921666314,2151398048,nac,mobA,False,identifiable,alpA|basR|btsR|glaR|glrR|nsrR|ptrR|rcdA,100,-0.03159045738174121,0.1305353042946309,0.11711258406754314,-0.24200699996407463,-0.1787333113617764,1755,,,,[],0,,False,True,
csd-20260805_174708,paired_hierarchical,1,0,0,9769808dfe284056,nac->mscL,shared_complete_observation_shared_scores,maximum,prefix,complete,0,100,0.2,0.9,biological_error,2151398048,921666314,2151398048,nac,mscL,False,identifiable,alpA|basR|btsR|glaR|glrR|nsrR|ptrR|rcdA|yrdG,100,0.03213153123572743,0.14436868072058864,0.1430991784387872,0.22256580219026065,-0.25694021003598194,1755,,,,[],0,,False,True,
csd-20260805_174708,paired_hierarchical,1,0,0,9769808dfe284056,nac->mtfA,shared_complete_observation_shared_scores,maximum,prefix,complete,0,100,0.2,0.9,biological_error,2151398048,921666314,2151398048,nac,mtfA,False,identifiable,alpA|basR|btsR|glaR|glrR|nsrR|ptrR|rcdA,100,-0.027927182466330375,0.1549687095938064,0.16505763776291046,-0.18021175074330317,-0.09332950318309727,1755,,,,[],0,,False,True,
csd-20260805_174708,paired_hierarchical,1,0,0,9769808dfe284056,nac->nadD,shared_complete_observation_shared_scores,maximum,prefix,complete,0,100,0.2,0.9,biological_error,2151398048,921666314,2151398048,nac,nadD,False,identifiable,alpA|basR|btsR|glaR|glrR|nsrR|ptrR|rcdA,100,-0.038424040493058385,0.10919608406982702,0.08195240826622482,-0.35188112119925086,-0.27710306052145145,1755,,,,[],0,,False,True,
csd-20260805_174708,paired_hierarchical,1,0,0,9769808dfe284056,nac->nudC,shared_complete_observation_shared_scores,maximum,prefix,complete,0,100,0.2,0.9,biological_error,2151398048,921666314,2151398048,nac,nudC,False,identifiable,alpA|basR|btsR|glaR|glrR|nsrR|ptrR|rcdA,100,-0.014905678756359302,0.08274536012302469,0.0470581546631692,-0.18013914900119762,-0.21901725484177434,1755,,,,[],0,,False,True,
csd-20260805_174708,paired_hierarchical,1,0,0,9769808dfe284056,nac->nudG,shared_complete_observation_shared_scores,maximum,prefix,complete,0,100,0.2,0.9,biological_error,2151398048,921666314,2151398048,nac,nudG,False,identifiable,alpA|basR|btsR|glaR|glrR|nsrR|ptrR|rcdA,100,0.17321962687799983,0.14773115676758167,0.15000018297734716,1.1725327999056958,-0.13976015684327078,1755,,,,[],0,,False,True,
csd-20260805_174708,paired_hierarchical,1,0,0,9769808dfe284056,nac->pabC,shared_complete_observation_shared_scores,maximum,prefix,complete,0,100,0.2,0.9,biological_error,2151398048,921666314,2151398048,nac,pabC,False,identifiable,alpA|basR|btsR|glaR|glrR|nsrR|ptrR|rcdA,100,0.009326343920967784,0.09195698697027561,0.05811885607317469,0.10142072101582071,-0.15360886626334322,1755,,,,[],0,,False,True,
csd-20260805_174708,paired_hierarchical,1,0,0,9769808dfe284056,nac->pdxK,shared_complete_observation_shared_scores,maximum,prefix,complete,0,100,0.2,0.9,biological_error,2151398048,921666314,2151398048,nac,pdxK,False,identifiable,alpA|basR|btsR|glaR|glrR|nsrR|ptrR|rcdA,100,-0.01692536888077327,0.11733363659760239,0.09462211569866419,-0.14424993012719017,-0.2996573300645697,1755,,,,[],0,,False,True,
csd-20260805_174708,paired_hierarchical,1,0,0,9769808dfe284056,nac->pinQ,shared_complete_observation_shared_scores,maximum,prefix,complete,0,100,0.2,0.9,biological_error,2151398048,921666314,2151398048,nac,pinQ,False,identifiable,alpA|basR|btsR|glaR|glrR|nsrR|ptrR|rcdA,100,-0.05191551250360263,0.17136112019039143,0.20182370609743036,-0.30295969380873383,-0.4590400230841963,1755,,,,[],0,,False,True,
csd-20260805_174708,paired_hierarchical,1,0,0,9769808dfe284056,nac->pinR,shared_complete_observation_shared_scores,maximum,prefix,complete,0,100,0.2,0.9,biological_error,2151398048,921666314,2151398048,nac,pinR,False,identifiable,alpA|basR|btsR|glaR|glrR|nsrR|ptrR|rcdA,100,0.08685686471857693,0.1330260452399031,0.12162446754038891,0.6529312704285593,-0.48599776200459177,1755,,,,[],0,,False,True,
csd-20260805_174708,paired_hierarchical,1,0,0,9769808dfe284056,nac->pphB,shared_complete_observation_shared_scores,maximum,prefix,complete,0,100,0.2,0.9,biological_error,2151398048,921666314,2151398048,nac,pphB,False,identifiable,alpA|basR|btsR|glaR|glrR|nsrR|ptrR|rcdA,100,-0.00014782484375864494,0.07927046378677566,0.04318872569399867,-0.0018648161836957223,-0.2367808652375243,1755,,,,[],0,,False,True,
csd-20260805_174708,paired_hierarchical,1,0,0,9769808dfe284056,nac->ppiB,shared_complete_observation_shared_scores,maximum,prefix,complete,0,100,0.2,0.9,biological_error,2151398048,921666314,2151398048,nac,ppiB,False,identifiable,alpA|basR|btsR|glaR|glrR|nsrR|ptrR|rcdA,100,0.01134630779619456,0.11424728172893377,0.08970968741250684,0.09931359087488069,-0.24089552539365172,1755,,,,[],0,,False,True,
csd-20260805_174708,paired_hierarchical,1,0,0,9769808dfe284056,nac->ppnN,shared_complete_observation_shared_scores,maximum,prefix,complete,0,100,0.2,0.9,biological_error,2151398048,921666314,2151398048,nac,ppnN,False,identifiable,alpA|basR|btsR|glaR|glrR|nsrR|ptrR|rcdA,100,-0.013144689956181364,0.0379241998718061,0.009885085850466838,-0.3466042790781063,-0.14084029602156214,1755,,,,[],0,,False,True,
csd-20260805_174708,paired_hierarchical,1,0,0,9769808dfe284056,nac->prmB,shared_complete_observation_shared_scores,maximum,prefix,complete,0,100,0.2,0.9,biological_error,2151398048,921666314,2151398048,nac,prmB,False,identifiable,alpA|basR|btsR|glaR|glrR|nsrR|ptrR|rcdA,100,-0.27826392123658406,0.16336401558045724,0.18342578739923884,-1.7033366879962515,-0.1609574324465269,1755,,,,[],0,,False,True,
csd-20260805_174708,paired_hierarchical,1,0,0,9769808dfe284056,nac->pyrB,shared_complete_observation_shared_scores,maximum,prefix,complete,0,100,0.2,0.9,biological_error,2151398048,921666314,2151398048,nac,pyrB,False,identifiable,alpA|basR|btsR|glaR|glrR|nsrR|ptrR|rcdA,100,-0.006203909337577026,0.10757072437364548,0.07953087822259416,-0.057672841506838136,-0.11560757397293356,1755,,,,[],0,,False,True,
csd-20260805_174708,paired_hierarchical,1,0,0,9769808dfe284056,nac->queD,shared_complete_observation_shared_scores,maximum,prefix,complete,0,100,0.2,0.9,biological_error,2151398048,921666314,2151398048,nac,queD,False,identifiable,alpA|basR|btsR|glaR|glrR|nsrR|ptrR|rcdA,100,0.005096490836690283,0.13777044590632256,0.1304546968707199,0.036992627868502784,-0.3228485343271279,1755,,,,[],0,,False,True,
csd-20260805_174708,paired_hierarchical,1,0,0,9769808dfe284056,nac->queF,shared_complete_observation_shared_scores,maximum,prefix,complete,0,100,0.2,0.9,biological_error,2151398048,921666314,2151398048,nac,queF,False,identifiable,alpA|basR|btsR|glaR|glrR|nsrR|ptrR|rcdA,100,-0.03766169436033133,0.11620360586035104,0.09280829649186519,-0.32410090961886057,-0.25123927215508407,1755,,,,[],0,,False,True,
csd-20260805_174708,paired_hierarchical,1,0,0,9769808dfe284056,nac->rfaH,shared_complete_observation_shared_scores,maximum,prefix,complete,0,100,0.2,0.9,biological_error,2151398048,921666314,2151398048,nac,rfaH,False,identifiable,alpA|basR|btsR|glaR|glrR|nsrR|ptrR|rcdA,100,-0.004509051437271633,0.13219524117478199,0.12011001878728901,-0.03410902992574437,0.357674775521607,1755,,,,[],0,,False,True,
csd-20260805_174708,paired_hierarchical,1,0,0,9769808dfe284056,nac->rfbB,shared_complete_observation_shared_scores,maximum,prefix,complete,0,100,0.2,0.9,biological_error,2151398048,921666314,2151398048,nac,rfbB,False,identifiable,alpA|basR|btsR|glaR|glrR|nsrR|ptrR|rcdA,100,-0.08060245070235227,0.09658569863530207,0.06411700727158205,-0.8345174476264757,-0.2074893134720538,1755,,,,[],0,,False,True,
csd-20260805_174708,paired_hierarchical,1,0,0,9769808dfe284056,nac->rfbC,shared_complete_observation_shared_scores,maximum,prefix,complete,0,100,0.2,0.9,biological_error,2151398048,921666314,2151398048,nac,rfbC,False,identifiable,alpA|basR|btsR|glaR|glrR|nsrR|ptrR|rcdA,100,-0.05275765184470786,0.1305257653175496,0.11709546849189677,-0.4041933921349276,0.08285484569762089,1755,,,,[],0,,False,True,
csd-20260805_174708,paired_hierarchical,1,0,0,9769808dfe284056,nac->rlmF,shared_complete_observation_shared_scores,maximum,prefix,complete,0,100,0.2,0.9,biological_error,2151398048,921666314,2151398048,nac,rlmF,False,identifiable,alpA|basR|btsR|glaR|glrR|nsrR|ptrR|rcdA,100,-0.029089370686432685,0.1612668981211808,0.17874671007770132,-0.18038029518354134,0.2527548021789735,1755,,,,[],0,,False,True,
csd-20260805_174708,paired_hierarchical,1,0,0,9769808dfe284056,nac->rlmM,shared_complete_observation_shared_scores,maximum,prefix,complete,0,100,0.2,0.9,biological_error,2151398048,921666314,2151398048,nac,rlmM,False,identifiable,alpA|basR|btsR|glaR|glrR|nsrR|ptrR|rcdA,100,-0.06546887470439099,0.12446061984145193,0.10646614055351886,-0.5260207990912352,0.26142927373657354,1755,,,,[],0,,False,True,
csd-20260805_174708,paired_hierarchical,1,0,0,9769808dfe284056,nac->rluE,shared_complete_observation_shared_scores,maximum,prefix,complete,0,100,0.2,0.9,biological_error,2151398048,921666314,2151398048,nac,rluE,False,identifiable,alpA|basR|btsR|glaR|glrR|nsrR|ptrR|rcdA,100,-0.05939780981647112,0.10283924401820264,0.07268843906609279,-0.5775792148565158,0.2928659824047095,1755,,,,[],0,,False,True,
csd-20260805_174708,paired_hierarchical,1,0,0,9769808dfe284056,nac->rpmH,shared_complete_observation_shared_scores,maximum,prefix,complete,0,100,0.2,0.9,biological_error,2151398048,921666314,2151398048,nac,rpmH,False,identifiable,alpA|basR|btsR|glaR|glrR|nsrR|ptrR|rcdA|yfeC,100,-0.05322121349738372,0.16654828542213618,0.19046591818730302,-0.31955425636768525,0.1925858055154883,1755,,,,[],0,,False,True,
csd-20260805_174708,paired_hierarchical,1,0,0,9769808dfe284056,nac->rsmF,shared_complete_observation_shared_scores,maximum,prefix,complete,0,100,0.2,0.9,biological_error,2151398048,921666314,2151398048,nac,rsmF,False,identifiable,alpA|basR|btsR|glaR|glrR|nsrR|ptrR|rcdA,100,-0.08614882004490693,0.09647929691680417,0.06397581862550895,-0.8929254544546962,-0.3011699575854157,1755,,,,[],0,,False,True,
csd-20260805_174708,paired_hierarchical,1,0,0,9769808dfe284056,nac->selC,shared_complete_observation_shared_scores,maximum,prefix,complete,0,100,0.2,0.9,biological_error,2151398048,921666314,2151398048,nac,selC,False,identifiable,alpA|basR|btsR|glaR|glrR|nsrR|ptrR|rcdA,100,0.01809495256843649,0.14122405097372878,0.13707710438373824,0.1281293975330208,0.1818601965880757,1755,,,,[],0,,False,True,
csd-20260805_174708,paired_hierarchical,1,0,0,9769808dfe284056,nac->srsR,shared_complete_observation_shared_scores,maximum,prefix,complete,0,100,0.2,0.9,biological_error,2151398048,921666314,2151398048,nac,srsR,False,identifiable,alpA|basR|btsR|glaR|glrR|nsrR|ptrR|rcdA,100,0.0020299114728346626,0.19103024444182792,0.2508140463880192,0.01062612613393167,-0.5044289081190085,1755,,,,[],0,,False,True,
csd-20260805_174708,paired_hierarchical,1,0,0,9769808dfe284056,nac->stfR,shared_complete_observation_shared_scores,maximum,prefix,complete,0,100,0.2,0.9,biological_error,2151398048,921666314,2151398048,nac,stfR,False,identifiable,alpA|basR|btsR|glaR|glrR|nsrR|ptrR|rcdA,100,0.03450747952710622,0.11523241045369054,0.09126345061940543,0.2994598428623,-0.1663371499347111,1755,,,,[],0,,False,True,
csd-20260805_174708,paired_hierarchical,1,0,0,9769808dfe284056,nac->tdcR,shared_complete_observation_shared_scores,maximum,prefix,complete,0,100,0.2,0.9,biological_error,2151398048,921666314,2151398048,nac,tdcR,False,identifiable,alpA|basR|btsR|glaR|glrR|nsrR|ptrR|rcdA,100,0.007585831411679955,0.14409067864154504,0.1426984860536287,0.05264623279727385,-0.23755362847531364,1755,,,,[],0,,False,True,
csd-20260805_174708,paired_hierarchical,1,0,0,9769808dfe284056,nac->tfaR,shared_complete_observation_shared_scores,maximum,prefix,complete,0,100,0.2,0.9,biological_error,2151398048,921666314,2151398048,nac,tfaR,False,identifiable,alpA|basR|btsR|glaR|glrR|nsrR|ptrR|rcdA,100,0.03134304805096069,0.12074635932826887,0.10020645121382156,0.25957758250705887,-0.17863194702706284,1755,,,,[],0,,False,True,
csd-20260805_174708,paired_hierarchical,1,0,0,9769808dfe284056,nac->torI,shared_complete_observation_shared_scores,maximum,prefix,complete,0,100,0.2,0.9,biological_error,2151398048,921666314,2151398048,nac,torI,False,identifiable,alpA|basR|btsR|glaR|glrR|nsrR|ptrR|rcdA,100,0.017771288919714558,0.03696159111407005,0.009389639285329756,0.48080421821856095,0.18000579530428742,1755,,,,[],0,,False,True,
csd-20260805_174708,paired_hierarchical,1,0,0,9769808dfe284056,nac->ubiU,shared_complete_observation_shared_scores,maximum,prefix,complete,0,100,0.2,0.9,biological_error,2151398048,921666314,2151398048,nac,ubiU,False,identifiable,alpA|basR|btsR|glaR|glrR|nsrR|ptrR|rcdA,100,0.1059187332380163,0.09019919873810867,0.055918170135628754,1.1742757665237022,-0.11791394177813246,1755,,,,[],0,,False,True,
csd-20260805_174708,paired_hierarchical,1,0,0,9769808dfe284056,nac->ugd,shared_complete_observation_shared_scores,maximum,prefix,complete,0,100,0.2,0.9,biological_error,2151398048,921666314,2151398048,nac,ugd,False,identifiable,alpA|basR|btsR|glaR|glrR|nsrR|ptrR|rcdA,100,-0.3277991437997814,0.07234804578175866,0.03597503303188752,-4.530863829945085,-0.16042290952426236,1755,,,,[],0,,False,True,
csd-20260805_174708,paired_hierarchical,1,0,0,9769808dfe284056,nac->uhpA,shared_complete_observation_shared_scores,maximum,prefix,complete,0,100,0.2,0.9,biological_error,2151398048,921666314,2151398048,nac,uhpA,False,identifiable,alpA|basR|btsR|glaR|glrR|nsrR|ptrR|rcdA,100,-0.0075106090030855645,0.12609654795596686,0.10928334677831376,-0.059562368080911164,-0.1540508273802254,1755,,,,[],0,,False,True,
csd-20260805_174708,paired_hierarchical,1,0,0,9769808dfe284056,nac->uspC,shared_complete_observation_shared_scores,maximum,prefix,complete,0,100,0.2,0.9,biological_error,2151398048,921666314,2151398048,nac,uspC,False,identifiable,alpA|basR|btsR|glaR|glrR|nsrR|ptrR|rcdA,100,-0.03689691104333119,0.09404361200795879,0.06078636787116546,-0.3923383019381333,0.32998582537541366,1755,,,,[],0,,False,True,
csd-20260805_174708,paired_hierarchical,1,0,0,9769808dfe284056,nac->uspG,shared_complete_observation_shared_scores,maximum,prefix,complete,0,100,0.2,0.9,biological_error,2151398048,921666314,2151398048,nac,uspG,False,identifiable,alpA|basR|btsR|glaR|glrR|nsrR|ptrR|rcdA,100,-0.0505681411593234,0.17293469601057382,0.20554734029969748,-0.29241177349530534,-0.22877028911744546,1755,,,,[],0,,False,True,
csd-20260805_174708,paired_hierarchical,1,0,0,9769808dfe284056,nac->wcaE,shared_complete_observation_shared_scores,maximum,prefix,complete,0,100,0.2,0.9,biological_error,2151398048,921666314,2151398048,nac,wcaE,False,identifiable,alpA|basR|btsR|glaR|glrR|nsrR|ptrR|rcdA,100,-0.02792385618214194,0.12598790248915517,0.10909510966259599,-0.22163918622699175,0.10371036698647666,1755,,,,[],0,,False,True,
csd-20260805_174708,paired_hierarchical,1,0,0,9769808dfe284056,nac->wcaF,shared_complete_observation_shared_scores,maximum,prefix,complete,0,100,0.2,0.9,biological_error,2151398048,921666314,2151398048,nac,wcaF,False,identifiable,alpA|basR|btsR|glaR|glrR|nsrR|ptrR|rcdA,100,-0.11597200009812782,0.18894862681499022,0.245377689033355,-0.6137752999479708,0.1207348458181505,1755,,,,[],0,,False,True,
csd-20260805_174708,paired_hierarchical,1,0,0,9769808dfe284056,nac->wecH,shared_complete_observation_shared_scores,maximum,prefix,complete,0,100,0.2,0.9,biological_error,2151398048,921666314,2151398048,nac,wecH,False,identifiable,alpA|basR|btsR|glaR|glrR|nsrR|ptrR|rcdA,100,-0.003183243089841789,0.10741604733789459,0.07930232614641088,-0.02963470699893082,0.13640075082427083,1755,,,,[],0,,False,True,
csd-20260805_174708,paired_hierarchical,1,0,0,9769808dfe284056,nac->yadC,shared_complete_observation_shared_scores,maximum,prefix,complete,0,100,0.2,0.9,biological_error,2151398048,921666314,2151398048,nac,yadC,False,identifiable,alpA|basR|btsR|glaR|glrR|nsrR|ptrR|rcdA,100,0.043668113095493,0.08484599075947907,0.049477784262917546,0.5146750330169768,-0.23674903299920072,1755,,,,[],0,,False,True,
csd-20260805_174708,paired_hierarchical,1,0,0,9769808dfe284056,nac->yadM,shared_complete_observation_shared_scores,maximum,prefix,complete,0,100,0.2,0.9,biological_error,2151398048,921666314,2151398048,nac,yadM,False,identifiable,alpA|basR|btsR|glaR|glrR|nsrR|ptrR|rcdA,100,0.06449921430144398,0.12158271114929207,0.10159942234270554,0.5304965952128263,-0.19412947178327225,1755,,,,[],0,,False,True,
csd-20260805_174708,paired_hierarchical,1,0,0,9769808dfe284056,nac->yaeF,shared_complete_observation_shared_scores,maximum,prefix,complete,0,100,0.2,0.9,biological_error,2151398048,921666314,2151398048,nac,yaeF,False,identifiable,alpA|basR|btsR|glaR|glrR|nsrR|ptrR|rcdA,100,-0.0029580448301282126,0.1843659623212539,0.23361949514656083,-0.016044419441013088,-0.3419772298663331,1755,,,,[],0,,False,True,
csd-20260805_174708,paired_hierarchical,1,0,0,9769808dfe284056,nac->yafC,shared_complete_observation_shared_scores,maximum,prefix,complete,0,100,0.2,0.9,biological_error,2151398048,921666314,2151398048,nac,yafC,False,identifiable,alpA|basR|btsR|glaR|glrR|nsrR|ptrR|rcdA,100,-0.01762605173391481,0.06987987667298014,0.033562310552102355,-0.2522335838742275,-0.14699721756911394,1755,,,,[],0,,False,True,
csd-20260805_174708,paired_hierarchical,1,0,0,9769808dfe284056,nac->yafV,shared_complete_observation_shared_scores,maximum,prefix,complete,0,100,0.2,0.9,biological_error,2151398048,921666314,2151398048,nac,yafV,False,identifiable,alpA|basR|btsR|glaR|glrR|nsrR|ptrR|rcdA,100,-0.18476439885448065,0.13504730714576613,0.12534858892834708,-1.3681457465497726,0.07835372521357349,1755,,,,[],0,,False,True,
csd-20260805_174708,paired_hierarchical,1,0,0,9769808dfe284056,nac->yaiS,shared_complete_observation_shared_scores,maximum,prefix,complete,0,100,0.2,0.9,biological_error,2151398048,921666314,2151398048,nac,yaiS,False,identifiable,alpA|basR|btsR|glaR|glrR|nsrR|ptrR|rcdA,100,0.044441318336385455,0.0787611191107675,0.042635498839773266,0.5642545311460645,0.06220040984767375,1755,,,,[],0,,False,True,
csd-20260805_174708,paired_hierarchical,1,0,0,9769808dfe284056,nac->yaiZ,shared_complete_observation_shared_scores,maximum,prefix,complete,0,100,0.2,0.9,biological_error,2151398048,921666314,2151398048,nac,yaiZ,False,identifiable,alpA|basR|btsR|glaR|glrR|nsrR|ptrR|rcdA,100,0.030719118131788316,0.13196242738450573,0.11968733117891565,0.23278685259615936,0.11147176245174589,1755,,,,[],0,,False,True,
csd-20260805_174708,paired_hierarchical,1,0,0,9769808dfe284056,nac->yajD,shared_complete_observation_shared_scores,maximum,prefix,complete,0,100,0.2,0.9,biological_error,2151398048,921666314,2151398048,nac,yajD,False,identifiable,alpA|basR|btsR|glaR|glrR|nsrR|ptrR|rcdA,100,-0.02580419061662295,0.09536172837577249,0.06250227415572143,-0.2705927320753001,-0.1106372358210641,1755,,,,[],0,,False,True,
csd-20260805_174708,paired_hierarchical,1,0,0,9769808dfe284056,nac->ybaL,shared_complete_observation_shared_scores,maximum,prefix,complete,0,100,0.2,0.9,biological_error,2151398048,921666314,2151398048,nac,ybaL,False,identifiable,alpA|basR|btsR|glaR|glrR|nsrR|ptrR|rcdA,100,-0.04710719449449168,0.146967402222121,0.1484532218094198,-0.3205281836804575,-0.16578589427848928,1755,,,,[],0,,False,True,
csd-20260805_174708,paired_hierarchical,1,0,0,9769808dfe284056,nac->ybbC,shared_complete_observation_shared_scores,maximum,prefix,complete,0,100,0.2,0.9,biological_error,2151398048,921666314,2151398048,nac,ybbC,False,identifiable,alpA|basR|btsR|glaR|glrR|nsrR|ptrR|rcdA,100,-0.0171337706759125,0.06735626386773473,0.0311819715626168,-0.25437531258499607,-0.15291894637483444,1755,,,,[],0,,False,True,
csd-20260805_174708,paired_hierarchical,1,0,0,9769808dfe284056,nac->ybcK,shared_complete_observation_shared_scores,maximum,prefix,complete,0,100,0.2,0.9,biological_error,2151398048,921666314,2151398048,nac,ybcK,False,identifiable,alpA|basR|btsR|glaR|glrR|nsrR|ptrR|rcdA,100,-0.04712192505055764,0.08720591734892125,0.052268435597300406,-0.540352380699319,0.21078294033257883,1755,,,,[],0,,False,True,
csd-20260805_174708,paired_hierarchical,1,0,0,9769808dfe284056,nac->ybdK,shared_complete_observation_shared_scores,maximum,prefix,complete,0,100,0.2,0.9,biological_error,2151398048,921666314,2151398048,nac,ybdK,False,identifiable,alpA|basR|btsR|glaR|glrR|nsrR|ptrR|rcdA,100,0.03529638456953109,0.122005331502446,0.10230696717957706,0.28930198487943504,0.10854643346267515,1755,,,,[],0,,False,True,
csd-20260805_174708,paired_hierarchical,1,0,0,9769808dfe284056,nac->ybdR,shared_complete_observation_shared_scores,maximum,prefix,complete,0,100,0.2,0.9,biological_error,2151398048,921666314,2151398048,nac,ybdR,False,identifiable,alpA|basR|btsR|glaR|glrR|nsrR|ptrR|rcdA,100,-0.05159225945444194,0.14094506885328575,0.13653605931107424,-0.3660451541454492,-0.25050447622359195,1755,,,,[],0,,False,True,
csd-20260805_174708,paired_hierarchical,1,0,0,9769808dfe284056,nac->ybeR,shared_complete_observation_shared_scores,maximum,prefix,complete,0,100,0.2,0.9,biological_error,2151398048,921666314,2151398048,nac,ybeR,False,identifiable,alpA|basR|btsR|glaR|glrR|nsrR|ptrR|rcdA,100,0.006892965861431857,0.12002231541889982,0.09900829766391885,0.05743070226044337,0.32433038008825077,1755,,,,[],0,,False,True,
csd-20260805_174708,paired_hierarchical,1,0,0,9769808dfe284056,nac->ybeT,shared_complete_observation_shared_scores,maximum,prefix,complete,0,100,0.2,0.9,biological_error,2151398048,921666314,2151398048,nac,ybeT,False,identifiable,alpA|basR|btsR|glaR|glrR|nsrR|ptrR|rcdA,100,0.07102809509790713,0.1513096464190835,0.15735510051830917,0.4694221206570007,0.1512212758700133,1755,,,,[],0,,False,True,
csd-20260805_174708,paired_hierarchical,1,0,0,9769808dfe284056,nac->ybeU,shared_complete_observation_shared_scores,maximum,prefix,complete,0,100,0.2,0.9,biological_error,2151398048,921666314,2151398048,nac,ybeU,False,identifiable,alpA|basR|btsR|glaR|glrR|nsrR|ptrR|rcdA,100,-0.0006836099545842363,0.16327454144595735,0.18322491857090728,-0.004186874135613519,-0.2647823346351623,1755,,,,[],0,,False,True,
csd-20260805_174708,paired_hierarchical,1,0,0,9769808dfe284056,nac->ybfC,shared_complete_observation_shared_scores,maximum,prefix,complete,0,100,0.2,0.9,biological_error,2151398048,921666314,2151398048,nac,ybfC,False,identifiable,alpA|basR|btsR|glaR|glrR|nsrR|ptrR|rcdA,100,-0.017565774746353967,0.16994822940356147,0.19850931029474644,-0.10335956313285283,-0.07566772943738109,1755,,,,[],0,,False,True,
csd-20260805_174708,paired_hierarchical,1,0,0,9769808dfe284056,nac->ybgC,shared_complete_observation_shared_scores,maximum,prefix,complete,0,100,0.2,0.9,biological_error,2151398048,921666314,2151398048,nac,ybgC,False,identifiable,alpA|basR|btsR|glaR|glrR|nsrR|ptrR|rcdA,100,0.014507003167041208,0.09668102801725502,0.06424363577099466,0.15005015425003643,-0.0922180999225241,1755,,,,[],0,,False,True,
csd-20260805_174708,paired_hierarchical,1,0,0,9769808dfe284056,nac->ybgE,shared_complete_observation_shared_scores,maximum,prefix,complete,0,100,0.2,0.9,biological_error,2151398048,921666314,2151398048,nac,ybgE,False,identifiable,alpA|basR|btsR|glaR|glrR|nsrR|ptrR|rcdA,100,0.027632769945799725,0.12828026510915852,0.11310121996957744,0.21540936107581285,0.18677496131652255,1755,,,,[],0,,False,True,
csd-20260805_174708,paired_hierarchical,1,0,0,9769808dfe284056,nac->ybhD,shared_complete_observation_shared_scores,maximum,prefix,complete,0,100,0.2,0.9,biological_error,2151398048,921666314,2151398048,nac,ybhD,False,identifiable,alpA|basR|btsR|glaR|glrR|nsrR|ptrR|rcdA,100,-0.01202703099263083,0.11993328057830381,0.09886145966413157,-0.10028101403245152,0.23687491191191132,1755,,,,[],0,,False,True,
csd-20260805_174708,paired_hierarchical,1,0,0,9769808dfe284056,nac->ybhH,shared_complete_observation_shared_scores,maximum,prefix,complete,0,100,0.2,0.9,biological_error,2151398048,921666314,2151398048,nac,ybhH,False,identifiable,alpA|basR|btsR|glaR|glrR|nsrR|ptrR|rcdA,100,-0.012764999480404828,0.05780127296323051,0.02296267071018506,-0.22084287812355116,-0.11464677124194875,1755,,,,[],0,,False,True,
csd-20260805_174708,paired_hierarchical,1,0,0,9769808dfe284056,nac->ybhI,shared_complete_observation_shared_scores,maximum,prefix,complete,0,100,0.2,0.9,biological_error,2151398048,921666314,2151398048,nac,ybhI,False,identifiable,alpA|basR|btsR|glaR|glrR|nsrR|ptrR|rcdA,100,-0.15329267609290614,0.10906240087849968,0.08175187079567448,-1.405550169977286,-0.09709345589974515,1755,,,,[],0,,False,True,
csd-20260805_174708,paired_hierarchical,1,0,0,9769808dfe284056,nac->ybhM,shared_complete_observation_shared_scores,maximum,prefix,complete,0,100,0.2,0.9,biological_error,2151398048,921666314,2151398048,nac,ybhM,False,identifiable,alpA|basR|btsR|glaR|glrR|nsrR|ptrR|rcdA,100,0.049178541524963065,0.1968774186819707,0.2664031802634452,0.24979269768060328,0.09683830844229356,1755,,,,[],0,,False,True,
csd-20260805_174708,paired_hierarchical,1,0,0,9769808dfe284056,nac->ybjQ,shared_complete_observation_shared_scores,maximum,prefix,complete,0,100,0.2,0.9,biological_error,2151398048,921666314,2151398048,nac,ybjQ,False,identifiable,alpA|basR|btsR|glaR|glrR|nsrR|ptrR|rcdA,100,-0.0053761013932849,0.16887282936687684,0.19600500060384768,-0.031835206489051596,0.3278489233254367,1755,,,,[],0,,False,True,
csd-20260805_174708,paired_hierarchical,1,0,0,9769808dfe284056,nac->ycaD,shared_complete_observation_shared_scores,maximum,prefix,complete,0,100,0.2,0.9,biological_error,2151398048,921666314,2151398048,nac,ycaD,False,identifiable,alpA|basR|btsR|glaR|glrR|nsrR|ptrR|rcdA,100,-0.013166591250210143,0.10337775919606572,0.07345169468730145,-0.1273638677468183,-0.08828179167203073,1755,,,,[],0,,False,True,
csd-20260805_174708,paired_hierarchical,1,0,0,9769808dfe284056,nac->ycaK,shared_complete_observation_shared_scores,maximum,prefix,complete,0,100,0.2,0.9,biological_error,2151398048,921666314,2151398048,nac,ycaK,False,identifiable,alpA|basR|btsR|glaR|glrR|nsrR|ptrR|rcdA,100,0.021925505734589318,0.13064865606759657,0.11731606438765552,0.1678203694896428,0.17523241296628417,1755,,,,[],0,,False,True,
csd-20260805_174708,paired_hierarchical,1,0,0,9769808dfe284056,nac->ycaN,shared_complete_observation_shared_scores,maximum,prefix,complete,0,100,0.2,0.9,biological_error,2151398048,921666314,2151398048,nac,ycaN,False,identifiable,alpA|basR|btsR|glaR|glrR|nsrR|ptrR|rcdA,100,0.11791097415518409,0.15561223349303815,0.1664313225120457,0.7577230369902713,0.14509065286284373,1755,,,,[],0,,False,True,
csd-20260805_174708,paired_hierarchical,1,0,0,9769808dfe284056,nac->yccM,shared_complete_observation_shared_scores,maximum,prefix,complete,0,100,0.2,0.9,biological_error,2151398048,921666314,2151398048,nac,yccM,False,identifiable,alpA|basR|btsR|glaR|glrR|nsrR|ptrR|rcdA,100,-0.060155672703229024,0.15689511142509296,0.1691867764503547,-0.38341330177103305,-0.26306159074837754,1755,,,,[],0,,False,True,
csd-20260805_174708,paired_hierarchical,1,0,0,9769808dfe284056,nac->ycgJ,shared_complete_observation_shared_scores,maximum,prefix,complete,0,100,0.2,0.9,biological_error,2151398048,921666314,2151398048,nac,ycgJ,False,identifiable,alpA|basR|btsR|glaR|glrR|nsrR|ptrR|rcdA,100,-0.03738804085869928,0.11575528133133108,0.09209355151907352,-0.3229920952952632,-0.22442756339653736,1755,,,,[],0,,False,True,
csd-20260805_174708,paired_hierarchical,1,0,0,9769808dfe284056,nac->ycgV,shared_complete_observation_shared_scores,maximum,prefix,complete,0,100,0.2,0.9,biological_error,2151398048,921666314,2151398048,nac,ycgV,False,identifiable,alpA|basR|btsR|glaR|glrR|nsrR|ptrR|rcdA,100,-0.004058465035149528,0.08683805709702785,0.0518283983410977,-0.04673601840970293,0.16682313168285923,1755,,,,[],0,,False,True,
csd-20260805_174708,paired_hierarchical,1,0,0,9769808dfe284056,nac->ycgX,shared_complete_observation_shared_scores,maximum,prefix,complete,0,100,0.2,0.9,biological_error,2151398048,921666314,2151398048,nac,ycgX,False,identifiable,alpA|basR|btsR|glaR|glrR|nsrR|ptrR|rcdA,100,-0.0012053480714532324,0.1532177740551353,0.16134885550067074,-0.007866894548536445,0.26302372034926064,1755,,,,[],0,,False,True,
csd-20260805_174708,paired_hierarchical,1,0,0,9769808dfe284056,nac->ydaT,shared_complete_observation_shared_scores,maximum,prefix,complete,0,100,0.2,0.9,biological_error,2151398048,921666314,2151398048,nac,ydaT,False,identifiable,alpA|basR|btsR|glaR|glrR|nsrR|ptrR|racR|rcdA,100,0.011466980143493614,0.10152163830011934,0.07030620456293948,0.11295109432330876,-0.2281244712734986,1755,,,,[],0,,False,True,
csd-20260805_174708,paired_hierarchical,1,0,0,9769808dfe284056,nac->ydaU,shared_complete_observation_shared_scores,maximum,prefix,complete,0,100,0.2,0.9,biological_error,2151398048,921666314,2151398048,nac,ydaU,False,identifiable,alpA|basR|btsR|glaR|glrR|nsrR|ptrR|racR|rcdA,100,-0.4082353333234304,0.16394997981166956,0.18335770033129914,-2.489999289980841,0.04248883290098681,1755,,,,[],0,,False,True,
csd-20260805_174708,paired_hierarchical,1,0,0,9769808dfe284056,nac->ydcI,shared_complete_observation_shared_scores,maximum,prefix,complete,0,100,0.2,0.9,biological_error,2151398048,921666314,2151398048,nac,ydcI,False,identifiable,alpA|basR|btsR|glaR|glrR|nsrR|ptrR|rcdA,100,0.02403628069431915,0.11960991853355794,0.09832908119928449,0.20095558118431037,0.19166275989182652,1755,,,,[],0,,False,True,
csd-20260805_174708,paired_hierarchical,1,0,0,9769808dfe284056,nac->ydcY,shared_complete_observation_shared_scores,maximum,prefix,complete,0,100,0.2,0.9,biological_error,2151398048,921666314,2151398048,nac,ydcY,False,identifiable,alpA|basR|btsR|glaR|glrR|nsrR|ptrR|rcdA,100,-0.36288388466558735,0.08108320071261829,0.045186568262729,-4.475450913090494,-0.16489178935064103,1755,,,,[],0,,False,True,
csd-20260805_174708,paired_hierarchical,1,0,0,9769808dfe284056,nac->ydcZ,shared_complete_observation_shared_scores,maximum,prefix,complete,0,100,0.2,0.9,biological_error,2151398048,921666314,2151398048,nac,ydcZ,False,identifiable,alpA|basR|btsR|glaR|glrR|nsrR|ptrR|rcdA,100,0.0077656826727103105,0.08720216650780453,0.05226393942577655,0.08905378138759072,-0.12403726697498335,1755,,,,[],0,,False,True,
csd-20260805_174708,paired_hierarchical,1,0,0,9769808dfe284056,nac->ydeQ,shared_complete_observation_shared_scores,maximum,prefix,complete,0,100,0.2,0.9,biological_error,2151398048,921666314,2151398048,nac,ydeQ,False,identifiable,alpA|basR|btsR|glaR|glrR|nsrR|ptrR|rcdA,100,-0.5145336529641372,0.1683733507745096,0.19484725934599156,-3.055909088922364,-0.7333821244475767,1755,,,,[],0,,False,True,
csd-20260805_174708,paired_hierarchical,1,0,0,9769808dfe284056,nac->ydfK,shared_complete_observation_shared_scores,maximum,prefix,complete,0,100,0.2,0.9,biological_error,2151398048,921666314,2151398048,nac,ydfK,False,identifiable,alpA|basR|btsR|glaR|glrR|nsrR|ptrR|rcdA,100,-0.0012347026935626462,0.03438868412413873,0.008127906664321624,-0.0359043308870304,-0.1617008578421419,1755,,,,[],0,,False,True,
csd-20260805_174708,paired_hierarchical,1,0,0,9769808dfe284056,nac->ydfR,shared_complete_observation_shared_scores,maximum,prefix,complete,0,100,0.2,0.9,biological_error,2151398048,921666314,2151398048,nac,ydfR,False,identifiable,alpA|basR|btsR|glaR|glrR|nsrR|ptrR|rcdA,100,0.05704596074969908,0.04904579015005186,0.0165329770589853,1.1631163566775315,-0.1909922791807369,1755,,,,[],0,,False,True,
csd-20260805_174708,paired_hierarchical,1,0,0,9769808dfe284056,nac->ydiB,shared_complete_observation_shared_scores,maximum,prefix,complete,0,100,0.2,0.9,biological_error,2151398048,921666314,2151398048,nac,ydiB,False,identifiable,alpA|basR|btsR|glaR|glrR|nsrR|ptrR|rcdA,100,-0.11927622727378757,0.13092310930559595,0.11780947310066947,-0.9110402885053498,-0.5143569665687381,1755,,,,[],0,,False,True,
csd-20260805_174708,paired_hierarchical,1,0,0,9769808dfe284056,nac->ydiL,shared_complete_observation_shared_scores,maximum,prefix,complete,0,100,0.2,0.9,biological_error,2151398048,921666314,2151398048,nac,ydiL,False,identifiable,alpA|basR|btsR|glaR|glrR|nsrR|ptrR|rcdA,100,0.002186816942336552,0.14200603263417938,0.1385993458227102,0.01539946509152885,0.6006095388082434,1755,,,,[],0,,False,True,
csd-20260805_174708,paired_hierarchical,1,0,0,9769808dfe284056,nac->ydiM,shared_complete_observation_shared_scores,maximum,prefix,complete,0,100,0.2,0.9,biological_error,2151398048,921666314,2151398048,nac,ydiM,False,identifiable,alpA|basR|btsR|glaR|glrR|nsrR|ptrR|rcdA,100,-0.31127204662529395,0.1473638243009402,0.14925516160726388,-2.1122690599398894,-0.42012044635289164,1755,,,,[],0,,False,True,
csd-20260805_174708,paired_hierarchical,1,0,0,9769808dfe284056,nac->ydiO,shared_complete_observation_shared_scores,maximum,prefix,complete,0,100,0.2,0.9,biological_error,2151398048,921666314,2151398048,nac,ydiO,False,identifiable,alpA|basR|btsR|glaR|glrR|nsrR|ptrR|rcdA,100,-0.07764636216006887,0.12072591125732705,0.10017251470201441,-0.6431623613473151,-0.13916531760018283,1755,,,,[],0,,False,True,
csd-20260805_174708,paired_hierarchical,1,0,0,9769808dfe284056,nac->ydiY,shared_complete_observation_shared_scores,maximum,prefix,complete,0,100,0.2,0.9,biological_error,2151398048,921666314,2151398048,nac,ydiY,False,identifiable,alpA|basR|btsR|glaR|glrR|nsrR|ptrR|rcdA,100,0.00673659380122703,0.0719608502100813,0.03559099779216322,0.09361470551779656,-0.20460470187069563,1755,,,,[],0,,False,True,
csd-20260805_174708,paired_hierarchical,1,0,0,9769808dfe284056,nac->yebQ,shared_complete_observation_shared_scores,maximum,prefix,complete,0,100,0.2,0.9,biological_error,2151398048,921666314,2151398048,nac,yebQ,False,identifiable,alpA|basR|btsR|glaR|glrR|nsrR|ptrR|rcdA,100,-0.07938528814870402,0.11879081963888521,0.09698696064486896,-0.6682779729109461,-0.14172716893385642,1755,,,,[],0,,False,True,
csd-20260805_174708,paired_hierarchical,1,0,0,9769808dfe284056,nac->yecD,shared_complete_observation_shared_scores,maximum,prefix,complete,0,100,0.2,0.9,biological_error,2151398048,921666314,2151398048,nac,yecD,False,identifiable,alpA|basR|btsR|glaR|glrR|nsrR|ptrR|rcdA,100,-0.04686195296224405,0.13333154957852306,0.12218374853152901,-0.351469349230398,0.12436271974223535,1755,,,,[],0,,False,True,
csd-20260805_174708,paired_hierarchical,1,0,0,9769808dfe284056,nac->yecE,shared_complete_observation_shared_scores,maximum,prefix,complete,0,100,0.2,0.9,biological_error,2151398048,921666314,2151398048,nac,yecE,False,identifiable,alpA|basR|btsR|glaR|glrR|nsrR|ptrR|rcdA,100,0.007543227010692006,0.10905276362420079,0.08173742349298717,0.06917043420088097,0.24592117005020317,1755,,,,[],0,,False,True,
csd-20260805_174708,paired_hierarchical,1,0,0,9769808dfe284056,nac->yedL,shared_complete_observation_shared_scores,maximum,prefix,complete,0,100,0.2,0.9,biological_error,2151398048,921666314,2151398048,nac,yedL,False,identifiable,alpA|basR|btsR|glaR|glrR|nsrR|ptrR|rcdA,100,0.0020993703130921986,0.06441114524540584,0.02851475431790081,0.032593277220791805,-0.16199821721246127,1755,,,,[],0,,False,True,
csd-20260805_174708,paired_hierarchical,1,0,0,9769808dfe284056,nac->yeeZ,shared_complete_observation_shared_scores,maximum,prefix,complete,0,100,0.2,0.9,biological_error,2151398048,921666314,2151398048,nac,yeeZ,False,identifiable,alpA|basR|btsR|glaR|glrR|nsrR|ptrR|rcdA,100,0.010683579289653142,0.12986909012845707,0.11592021757290855,0.0822642191385627,-0.18684534184983748,1755,,,,[],0,,False,True,
csd-20260805_174708,paired_hierarchical,1,0,0,9769808dfe284056,nac->yegL,shared_complete_observation_shared_scores,maximum,prefix,complete,0,100,0.2,0.9,biological_error,2151398048,921666314,2151398048,nac,yegL,False,identifiable,alpA|basR|btsR|glaR|glrR|nsrR|ptrR|rcdA,100,-0.04232819203800205,0.09741423900359227,0.0652217543336228,-0.4345175045348467,-0.15907170419026895,1755,,,,[],0,,False,True,
csd-20260805_174708,paired_hierarchical,1,0,0,9769808dfe284056,nac->yehE,shared_complete_observation_shared_scores,maximum,prefix,complete,0,100,0.2,0.9,biological_error,2151398048,921666314,2151398048,nac,yehE,False,identifiable,alpA|basR|btsR|glaR|glrR|nsrR|ptrR|rcdA,100,-0.14460128389871937,0.1695764727572018,0.19764179386112726,-0.8527202007896361,-0.29539465227673695,1755,,,,[],0,,False,True,
csd-20260805_174708,paired_hierarchical,1,0,0,9769808dfe284056,nac->yeiE,shared_complete_observation_shared_scores,maximum,prefix,complete,0,100,0.2,0.9,biological_error,2151398048,921666314,2151398048,nac,yeiE,False,identifiable,alpA|basR|btsR|glaR|glrR|nsrR|ptrR|rcdA,100,0.025901161907165685,0.08246818400615256,0.0467434167609937,0.31407460003282384,-0.11938570783815236,1755,,,,[],0,,False,True,
csd-20260805_174708,paired_hierarchical,1,0,0,9769808dfe284056,nac->yeiH,shared_complete_observation_shared_scores,maximum,prefix,complete,0,100,0.2,0.9,biological_error,2151398048,921666314,2151398048,nac,yeiH,False,identifiable,alpA|basR|btsR|glaR|glrR|nsrR|ptrR|rcdA,100,-0.02131796934204965,0.09259906862038741,0.058933309303378145,-0.2302179671962284,0.1374999651792726,1755,,,,[],0,,False,True,
csd-20260805_174708,paired_hierarchical,1,0,0,9769808dfe284056,nac->yejB,shared_complete_observation_shared_scores,maximum,prefix,complete,0,100,0.2,0.9,biological_error,2151398048,921666314,2151398048,nac,yejB,False,identifiable,alpA|basR|btsR|glaR|glrR|nsrR|ptrR|rcdA,100,0.01324339420103324,0.18444298598019912,0.2338147371192996,0.07180210258824907,-0.26841689476894093,1755,,,,[],0,,False,True,
csd-20260805_174708,paired_hierarchical,1,0,0,9769808dfe284056,nac->yfbK,shared_complete_observation_shared_scores,maximum,prefix,complete,0,100,0.2,0.9,biological_error,2151398048,921666314,2151398048,nac,yfbK,False,identifiable,alpA|basR|btsR|glaR|glrR|nsrR|ptrR|rcdA,100,0.05549505337808395,0.1326194140963177,0.12088204589257791,0.4184534651750118,-0.09271792079975591,1755,,,,[],0,,False,True,
csd-20260805_174708,paired_hierarchical,1,0,0,9769808dfe284056,nac->yfbL,shared_complete_observation_shared_scores,maximum,prefix,complete,0,100,0.2,0.9,biological_error,2151398048,921666314,2151398048,nac,yfbL,False,identifiable,alpA|basR|btsR|glaR|glrR|nsrR|ptrR|rcdA,100,-0.02523903764699728,0.12826463524563073,0.11307366079766018,-0.19677316041685025,0.09839429665639851,1755,,,,[],0,,False,True,
csd-20260805_174708,paired_hierarchical,1,0,0,9769808dfe284056,nac->yfbV,shared_complete_observation_shared_scores,maximum,prefix,complete,0,100,0.2,0.9,biological_error,2151398048,921666314,2151398048,nac,yfbV,False,identifiable,alpA|basR|btsR|glaR|glrR|nsrR|ptrR|rcdA,100,-0.0443650944721661,0.07498023554688465,0.03864036255933435,-0.5916905188224555,-0.3893486197467442,1755,,,,[],0,,False,True,
csd-20260805_174708,paired_hierarchical,1,0,0,9769808dfe284056,nac->yfcO,shared_complete_observation_shared_scores,maximum,prefix,complete,0,100,0.2,0.9,biological_error,2151398048,921666314,2151398048,nac,yfcO,False,identifiable,alpA|basR|btsR|glaR|glrR|nsrR|ptrR|rcdA,100,0.0018479037274208767,0.10353601769645449,0.07367675765759767,0.01784793126618542,-0.08376449986225136,1755,,,,[],0,,False,True,
csd-20260805_174708,paired_hierarchical,1,0,0,9769808dfe284056,nac->yfcP,shared_complete_observation_shared_scores,maximum,prefix,complete,0,100,0.2,0.9,biological_error,2151398048,921666314,2151398048,nac,yfcP,False,identifiable,alpA|basR|btsR|glaR|glrR|nsrR|ptrR|rcdA,100,-0.20777508675223033,0.16257481678195512,0.18165783685256442,-1.2780275005992945,-0.12551088279919104,1755,,,,[],0,,False,True,
csd-20260805_174708,paired_hierarchical,1,0,0,9769808dfe284056,nac->yfgH,shared_complete_observation_shared_scores,maximum,prefix,complete,0,100,0.2,0.9,biological_error,2151398048,921666314,2151398048,nac,yfgH,False,identifiable,alpA|basR|btsR|glaR|glrR|nsrR|ptrR|rcdA,100,-0.025775456099461816,0.15647149200741198,0.16827439560067253,-0.16472940705544525,-0.32221323846464756,1755,,,,[],0,,False,True,
csd-20260805_174708,paired_hierarchical,1,0,0,9769808dfe284056,nac->yfhL,shared_complete_observation_shared_scores,maximum,prefix,complete,0,100,0.2,0.9,biological_error,2151398048,921666314,2151398048,nac,yfhL,False,identifiable,alpA|basR|btsR|glaR|glrR|nsrR|ptrR|rcdA,100,0.35485273313302723,0.2372236869251419,0.38677972006367106,1.4958570863330536,-0.16046216956370796,1755,,,,[],0,,False,True,
csd-20260805_174708,paired_hierarchical,1,0,0,9769808dfe284056,nac->yfiL,shared_complete_observation_shared_scores,maximum,prefix,complete,0,100,0.2,0.9,biological_error,2151398048,921666314,2151398048,nac,yfiL,False,identifiable,alpA|basR|btsR|glaR|glrR|nsrR|ptrR|rcdA,100,-0.009776996784173191,0.14114727258290136,0.13692809720669133,-0.06926805318488018,0.49478159635377894,1755,,,,[],0,,False,True,
csd-20260805_174708,paired_hierarchical,1,0,0,9769808dfe284056,nac->yfjI,shared_complete_observation_shared_scores,maximum,prefix,complete,0,100,0.2,0.9,biological_error,2151398048,921666314,2151398048,nac,yfjI,False,identifiable,alpA|basR|btsR|glaR|glrR|nsrR|ptrR|rcdA,100,0.07770001077508853,0.14421677302060423,0.1429483474637669,0.5387723573872197,-0.5127801947207992,1755,,,,[],0,,False,True,
csd-20260805_174708,paired_hierarchical,1,0,0,9769808dfe284056,nac->ygaM,shared_complete_observation_shared_scores,maximum,prefix,complete,0,100,0.2,0.9,biological_error,2151398048,921666314,2151398048,nac,ygaM,False,identifiable,alpA|basR|btsR|glaR|glrR|nsrR|ptrR|rcdA,100,0.03547495491824362,0.2352001440690239,0.38020932027827775,0.15082879757009346,-0.19238641041608828,1755,,,,[],0,,False,True,
csd-20260805_174708,paired_hierarchical,1,0,0,9769808dfe284056,nac->ygaP,shared_complete_observation_shared_scores,maximum,prefix,complete,0,100,0.2,0.9,biological_error,2151398048,921666314,2151398048,nac,ygaP,False,identifiable,alpA|basR|btsR|glaR|glrR|nsrR|ptrR|rcdA,100,0.0828073836520349,0.12740006932871062,0.11155445545560726,0.6499791098102141,-0.20927524802422176,1755,,,,[],0,,False,True,
csd-20260805_174708,paired_hierarchical,1,0,0,9769808dfe284056,nac->ygaV,shared_complete_observation_shared_scores,maximum,prefix,complete,0,100,0.2,0.9,biological_error,2151398048,921666314,2151398048,nac,ygaV,False,identifiable,alpA|basR|btsR|glaR|glrR|nsrR|ptrR|rcdA,100,0.03852904244842744,0.11435267145500826,0.08987527279848331,0.33693172147348205,-0.15876355357200214,1755,,,,[],0,,False,True,
csd-20260805_174708,paired_hierarchical,1,0,0,9769808dfe284056,nac->ygaZ,shared_complete_observation_shared_scores,maximum,prefix,complete,0,100,0.2,0.9,biological_error,2151398048,921666314,2151398048,nac,ygaZ,False,identifiable,alpA|basR|btsR|glaR|glrR|nsrR|ptrR|rcdA,100,-0.03706056858342388,0.059084448021201934,0.023993519490138518,-0.6272474369249421,-0.14502041882110997,1755,,,,[],0,,False,True,
csd-20260805_174708,paired_hierarchical,1,0,0,9769808dfe284056,nac->ygcE,shared_complete_observation_shared_scores,maximum,prefix,complete,0,100,0.2,0.9,biological_error,2151398048,921666314,2151398048,nac,ygcE,False,identifiable,alpA|basR|btsR|glaR|glrR|nsrR|ptrR|rcdA,100,-0.01678621665536835,0.11761729164404962,0.09508016821308145,-0.14271895246635347,-0.13676311255463325,1755,,,,[],0,,False,True,
csd-20260805_174708,paired_hierarchical,1,0,0,9769808dfe284056,nac->ygcO,shared_complete_observation_shared_scores,maximum,prefix,complete,0,100,0.2,0.9,biological_error,2151398048,921666314,2151398048,nac,ygcO,False,identifiable,alpA|basR|btsR|glaR|glrR|nsrR|ptrR|rcdA,100,-0.02869445317253248,0.11673925805117523,0.09366588684685083,-0.24579951638851116,-0.20146801023479866,1755,,,,[],0,,False,True,
csd-20260805_174708,paired_hierarchical,1,0,0,9769808dfe284056,nac->ygcP,shared_complete_observation_shared_scores,maximum,prefix,complete,0,100,0.2,0.9,biological_error,2151398048,921666314,2151398048,nac,ygcP,False,identifiable,alpA|basR|btsR|glaR|glrR|nsrR|ptrR|rcdA,100,0.008925067283781866,0.14605766914802545,0.1466210493257812,0.061106461138555855,-0.17988624299207964,1755,,,,[],0,,False,True,
csd-20260805_174708,paired_hierarchical,1,0,0,9769808dfe284056,nac->ygcS,shared_complete_observation_shared_scores,maximum,prefix,complete,0,100,0.2,0.9,biological_error,2151398048,921666314,2151398048,nac,ygcS,False,identifiable,alpA|basR|btsR|glaR|glrR|nsrR|ptrR|rcdA,100,0.07452249413112898,0.13962327474313188,0.1339871753033142,0.5337397670139861,-0.1302419128326515,1755,,,,[],0,,False,True,
csd-20260805_174708,paired_hierarchical,1,0,0,9769808dfe284056,nac->ygdR,shared_complete_observation_shared_scores,maximum,prefix,complete,0,100,0.2,0.9,biological_error,2151398048,921666314,2151398048,nac,ygdR,False,identifiable,alpA|basR|btsR|glaR|glrR|nsrR|ptrR|rcdA|yfeC,100,-0.010519543564066008,0.11227345897368898,0.08655479818743507,-0.09369572880560524,-0.12961968198875418,1755,,,,[],0,,False,True,
csd-20260805_174708,paired_hierarchical,1,0,0,9769808dfe284056,nac->ygeG,shared_complete_observation_shared_scores,maximum,prefix,complete,0,100,0.2,0.9,biological_error,2151398048,921666314,2151398048,nac,ygeG,False,identifiable,alpA|basR|btsR|glaR|glrR|nsrR|ptrR|rcdA,100,0.010706619168648115,0.07200594977552356,0.03563562321052673,0.1486907568336462,-0.10424524310310478,1755,,,,[],0,,False,True,
csd-20260805_174708,paired_hierarchical,1,0,0,9769808dfe284056,nac->yggP,shared_complete_observation_shared_scores,maximum,prefix,complete,0,100,0.2,0.9,biological_error,2151398048,921666314,2151398048,nac,yggP,False,identifiable,alpA|basR|btsR|glaR|glrR|nsrR|ptrR|rcdA,100,-0.06835164111633307,0.10163966919908017,0.07100257147913065,-0.6724898029966399,-0.2121084128889351,1755,,,,[],0,,False,True,
csd-20260805_174708,paired_hierarchical,1,0,0,9769808dfe284056,nac->yghG,shared_complete_observation_shared_scores,maximum,prefix,complete,0,100,0.2,0.9,biological_error,2151398048,921666314,2151398048,nac,yghG,False,identifiable,alpA|basR|btsR|glaR|glrR|nsrR|ptrR|rcdA,100,-0.09723834312105523,0.16763251807804858,0.19313639885769798,-0.5800684988564194,0.09265464605293026,1755,,,,[],0,,False,True,
csd-20260805_174708,paired_hierarchical,1,0,0,9769808dfe284056,nac->yghT,shared_complete_observation_shared_scores,maximum,prefix,complete,0,100,0.2,0.9,biological_error,2151398048,921666314,2151398048,nac,yghT,False,identifiable,alpA|basR|btsR|glaR|glrR|nsrR|ptrR|rcdA,100,0.01070674285266945,0.08926218059311863,0.05476241297135413,0.11994713529880818,-0.297593366266979,1755,,,,[],0,,False,True,
csd-20260805_174708,paired_hierarchical,1,0,0,9769808dfe284056,nac->ygiF,shared_complete_observation_shared_scores,maximum,prefix,complete,0,100,0.2,0.9,biological_error,2151398048,921666314,2151398048,nac,ygiF,False,identifiable,alpA|basR|btsR|glaR|glrR|nsrR|ptrR|rcdA,100,-0.02237116804769363,0.1049095742271508,0.07564458434182236,-0.21324238719390332,-0.20702778609688618,1755,,,,[],0,,False,True,
csd-20260805_174708,paired_hierarchical,1,0,0,9769808dfe284056,nac->ygiL,shared_complete_observation_shared_scores,maximum,prefix,complete,0,100,0.2,0.9,biological_error,2151398048,921666314,2151398048,nac,ygiL,False,identifiable,alpA|basR|btsR|glaR|glrR|nsrR|ptrR|rcdA,100,0.002886582250833684,0.09710380510072245,0.06480672706616815,0.029726767636340627,0.16572235583140654,1755,,,,[],0,,False,True,
csd-20260805_174708,paired_hierarchical,1,0,0,9769808dfe284056,nac->ygiN,shared_complete_observation_shared_scores,maximum,prefix,complete,0,100,0.2,0.9,biological_error,2151398048,921666314,2151398048,nac,ygiN,False,identifiable,alpA|basR|btsR|glaR|glrR|nsrR|ptrR|rcdA,100,0.0028530811667115893,0.09235567476978723,0.05862390762360584,0.03089232116838945,-0.3842738549742585,1755,,,,[],0,,False,True,
csd-20260805_174708,paired_hierarchical,1,0,0,9769808dfe284056,nac->ygjH,shared_complete_observation_shared_scores,maximum,prefix,complete,0,100,0.2,0.9,biological_error,2151398048,921666314,2151398048,nac,ygjH,False,identifiable,alpA|basR|btsR|glaR|glrR|nsrR|ptrR|rcdA,100,0.09351807167310536,0.22872274428134534,0.359555799578902,0.40887088849402503,0.2116075240059589,1755,,,,[],0,,False,True,
csd-20260805_174708,paired_hierarchical,1,0,0,9769808dfe284056,nac->ygjI,shared_complete_observation_shared_scores,maximum,prefix,complete,0,100,0.2,0.9,biological_error,2151398048,921666314,2151398048,nac,ygjI,False,identifiable,alpA|basR|btsR|glaR|glrR|nsrR|ptrR|rcdA,100,0.2120224180396147,0.16554933129959326,0.18836597314820455,1.2807204739227818,-0.09609176590138827,1755,,,,[],0,,False,True,
csd-20260805_174708,paired_hierarchical,1,0,0,9769808dfe284056,nac->yhaB,shared_complete_observation_shared_scores,maximum,prefix,complete,0,100,0.2,0.9,biological_error,2151398048,921666314,2151398048,nac,yhaB,False,identifiable,alpA|basR|btsR|glaR|glrR|nsrR|ptrR|rcdA,100,-0.04189239656788339,0.10301821467769268,0.07294165791921875,-0.40665038409906235,0.19159844896630485,1755,,,,[],0,,False,True,
csd-20260805_174708,paired_hierarchical,1,0,0,9769808dfe284056,nac->yhaI,shared_complete_observation_shared_scores,maximum,prefix,complete,0,100,0.2,0.9,biological_error,2151398048,921666314,2151398048,nac,yhaI,False,identifiable,alpA|basR|btsR|glaR|glrR|nsrR|ptrR|rcdA,100,-0.27253737679241724,0.1663475171815643,0.19018674177838885,-1.6383615542331738,-0.18434004071517662,1755,,,,[],0,,False,True,
csd-20260805_174708,paired_hierarchical,1,0,0,9769808dfe284056,nac->yhbX,shared_complete_observation_shared_scores,maximum,prefix,complete,0,100,0.2,0.9,biological_error,2151398048,921666314,2151398048,nac,yhbX,False,identifiable,alpA|basR|btsR|glaR|glrR|nsrR|ptrR|rcdA,100,-0.03467200315967647,0.14515515488230768,0.14481465665203838,-0.2388616731371935,0.26471909891813306,1755,,,,[],0,,False,True,
csd-20260805_174708,paired_hierarchical,1,0,0,9769808dfe284056,nac->yhcA,shared_complete_observation_shared_scores,maximum,prefix,complete,0,100,0.2,0.9,biological_error,2151398048,921666314,2151398048,nac,yhcA,False,identifiable,alpA|basR|btsR|glaR|glrR|nsrR|ptrR|rcdA,100,-0.042557683825961944,0.13977934238360573,0.13428687819011056,-0.3044633284163554,-0.07185336247282277,1755,,,,[],0,,False,True,
csd-20260805_174708,paired_hierarchical,1,0,0,9769808dfe284056,nac->yhcD,shared_complete_observation_shared_scores,maximum,prefix,complete,0,100,0.2,0.9,biological_error,2151398048,921666314,2151398048,nac,yhcD,False,identifiable,alpA|basR|btsR|glaR|glrR|nsrR|ptrR|rcdA,100,-0.016628534135118243,0.06235779150391893,0.02672569716955657,-0.2666632947395709,-0.11699235301532059,1755,,,,[],0,,False,True,
csd-20260805_174708,paired_hierarchical,1,0,0,9769808dfe284056,nac->yhfL,shared_complete_observation_shared_scores,maximum,prefix,complete,0,100,0.2,0.9,biological_error,2151398048,921666314,2151398048,nac,yhfL,False,identifiable,alpA|basR|btsR|glaR|glrR|nsrR|ptrR|rcdA,100,0.07592041704910236,0.10489125804393505,0.07561817304185897,0.7238011867233218,-0.2544912477986944,1755,,,,[],0,,False,True,
csd-20260805_174708,paired_hierarchical,1,0,0,9769808dfe284056,nac->yhfZ,shared_complete_observation_shared_scores,maximum,prefix,complete,0,100,0.2,0.9,biological_error,2151398048,921666314,2151398048,nac,yhfZ,False,identifiable,alpA|basR|btsR|glaR|glrR|nsrR|ptrR|rcdA,100,0.008476986307215474,0.09451622111692044,0.06139885767722857,0.08968816365107418,-0.11992874493264206,1755,,,,[],0,,False,True,
csd-20260805_174708,paired_hierarchical,1,0,0,9769808dfe284056,nac->yhhQ,shared_complete_observation_shared_scores,maximum,prefix,complete,0,100,0.2,0.9,biological_error,2151398048,921666314,2151398048,nac,yhhQ,False,identifiable,alpA|basR|btsR|glaR|glrR|nsrR|ptrR|rcdA,100,0.02129567706119192,0.05278712215726813,0.019151533899884457,0.40342561198441407,0.2667261651445327,1755,,,,[],0,,False,True,
csd-20260805_174708,paired_hierarchical,1,0,0,9769808dfe284056,nac->yhhZ,shared_complete_observation_shared_scores,maximum,prefix,complete,0,100,0.2,0.9,biological_error,2151398048,921666314,2151398048,nac,yhhZ,False,identifiable,alpA|basR|btsR|glaR|glrR|nsrR|ptrR|rcdA,100,0.17035713008503478,0.11988251244932499,0.09877778065477655,1.421034032441101,-0.28981058002536325,1755,,,,[],0,,False,True,
csd-20260805_174708,paired_hierarchical,1,0,0,9769808dfe284056,nac->yhiJ,shared_complete_observation_shared_scores,maximum,prefix,complete,0,100,0.2,0.9,biological_error,2151398048,921666314,2151398048,nac,yhiJ,False,identifiable,alpA|basR|btsR|glaR|glrR|nsrR|ptrR|rcdA,100,-0.004077611918020705,0.12435139416156417,0.10627935482300988,-0.03279104303987816,-0.09113873767444736,1755,,,,[],0,,False,True,
csd-20260805_174708,paired_hierarchical,1,0,0,9769808dfe284056,nac->yhjD,shared_complete_observation_shared_scores,maximum,prefix,complete,0,100,0.2,0.9,biological_error,2151398048,921666314,2151398048,nac,yhjD,False,identifiable,alpA|basR|btsR|glaR|glrR|nsrR|ptrR|rcdA,100,-0.17034490402346686,0.09803299725247588,0.06605294015682765,-1.7376282353660741,-0.19748958316132242,1755,,,,[],0,,False,True,
csd-20260805_174708,paired_hierarchical,1,0,0,9769808dfe284056,nac->yiaD,shared_complete_observation_shared_scores,maximum,prefix,complete,0,100,0.2,0.9,biological_error,2151398048,921666314,2151398048,nac,yiaD,False,identifiable,alpA|basR|btsR|glaR|glrR|nsrR|ptrR|rcdA,100,-0.0003501118060690936,0.13458017252194512,0.12448291606780697,-0.0026015110510577114,-0.14675716261532407,1755,,,,[],0,,False,True,
csd-20260805_174708,paired_hierarchical,1,0,0,9769808dfe284056,nac->yieH,shared_complete_observation_shared_scores,maximum,prefix,complete,0,100,0.2,0.9,biological_error,2151398048,921666314,2151398048,nac,yieH,False,identifiable,alpA|basR|btsR|glaR|glrR|nsrR|ptrR|rcdA,100,-0.0010121332266946372,0.092134305208261,0.058343210294352944,-0.010985411182152016,-0.2833108717506647,1755,,,,[],0,,False,True,
csd-20260805_174708,paired_hierarchical,1,0,0,9769808dfe284056,nac->yieP,shared_complete_observation_shared_scores,maximum,prefix,complete,0,100,0.2,0.9,biological_error,2151398048,921666314,2151398048,nac,yieP,False,identifiable,alpA|basR|btsR|glaR|glrR|nsrR|ptrR|rcdA,100,-0.029101089613696444,0.16439501564820944,0.18574831537001527,-0.17701929403973027,-0.22038319232507841,1755,,,,[],0,,False,True,
csd-20260805_174708,paired_hierarchical,1,0,0,9769808dfe284056,nac->yifB,shared_complete_observation_shared_scores,maximum,prefix,complete,0,100,0.2,0.9,biological_error,2151398048,921666314,2151398048,nac,yifB,False,identifiable,alpA|basR|btsR|glaR|glrR|nsrR|ptrR|rcdA,100,-0.03640892715810555,0.0948799314014997,0.06187230790073273,-0.38373686216145453,-0.21105717813832175,1755,,,,[],0,,False,True,
csd-20260805_174708,paired_hierarchical,1,0,0,9769808dfe284056,nac->yigL,shared_complete_observation_shared_scores,maximum,prefix,complete,0,100,0.2,0.9,biological_error,2151398048,921666314,2151398048,nac,yigL,False,identifiable,alpA|basR|btsR|glaR|glrR|nsrR|ptrR|rcdA,100,0.013388835625101597,0.12780444944256722,0.11226374856703389,0.10476032472655245,0.0910243791743882,1755,,,,[],0,,False,True,
csd-20260805_174708,paired_hierarchical,1,0,0,9769808dfe284056,nac->yihD,shared_complete_observation_shared_scores,maximum,prefix,complete,0,100,0.2,0.9,biological_error,2151398048,921666314,2151398048,nac,yihD,False,identifiable,alpA|basR|btsR|glaR|glrR|nsrR|ptrR|rcdA,100,0.17185399474004875,0.13719820869296545,0.1293732457930457,1.2525964907066618,0.15871519663821948,1755,,,,[],0,,False,True,
csd-20260805_174708,paired_hierarchical,1,0,0,9769808dfe284056,nac->yihL,shared_complete_observation_shared_scores,maximum,prefix,complete,0,100,0.2,0.9,biological_error,2151398048,921666314,2151398048,nac,yihL,False,identifiable,alpA|basR|btsR|glaR|glrR|nsrR|ptrR|rcdA,100,-0.16036715699927545,0.08615727956849074,0.05101895361075505,-1.8613303228985028,-0.25654472833196196,1755,,,,[],0,,False,True,
csd-20260805_174708,paired_hierarchical,1,0,0,9769808dfe284056,nac->yihO,shared_complete_observation_shared_scores,maximum,prefix,complete,0,100,0.2,0.9,biological_error,2151398048,921666314,2151398048,nac,yihO,False,identifiable,alpA|basR|btsR|glaR|glrR|nsrR|ptrR|rcdA,100,-0.01346536462060054,0.14736147742234904,0.14925040764602823,-0.09137642249614393,-0.09932367100465361,1755,,,,[],0,,False,True,
csd-20260805_174708,paired_hierarchical,1,0,0,9769808dfe284056,nac->yihQ,shared_complete_observation_shared_scores,maximum,prefix,complete,0,100,0.2,0.9,biological_error,2151398048,921666314,2151398048,nac,yihQ,False,identifiable,alpA|basR|btsR|glaR|glrR|nsrR|ptrR|rcdA,100,0.020023412290848704,0.11494791612532397,0.09081337093882903,0.17419552233567967,-0.31061064716729925,1755,,,,[],0,,False,True,
csd-20260805_174708,paired_hierarchical,1,0,0,9769808dfe284056,nac->yiiE,shared_complete_observation_shared_scores,maximum,prefix,complete,0,100,0.2,0.9,biological_error,2151398048,921666314,2151398048,nac,yiiE,False,identifiable,alpA|basR|btsR|glaR|glrR|nsrR|ptrR|rcdA,100,0.045702245553547446,0.12383944168922686,0.10540605579213672,0.36904434427471433,-0.10295170681861676,1755,,,,[],0,,False,True,
csd-20260805_174708,paired_hierarchical,1,0,0,9769808dfe284056,nac->yiiF,shared_complete_observation_shared_scores,maximum,prefix,complete,0,100,0.2,0.9,biological_error,2151398048,921666314,2151398048,nac,yiiF,False,identifiable,alpA|basR|btsR|glaR|glrR|nsrR|ptrR|rcdA,100,0.10528792062159448,0.0938721974834698,0.060564977601469186,1.1216092031949598,-0.11357435613548873,1755,,,,[],0,,False,True,
csd-20260805_174708,paired_hierarchical,1,0,0,9769808dfe284056,nac->yijO,shared_complete_observation_shared_scores,maximum,prefix,complete,0,100,0.2,0.9,biological_error,2151398048,921666314,2151398048,nac,yijO,False,identifiable,alpA|basR|btsR|glaR|glrR|nsrR|ptrR|rcdA,100,-0.30903820946900384,0.16336712818413282,0.18343277715419876,-1.891679268063546,-0.3072103074338689,1755,,,,[],0,,False,True,
csd-20260805_174708,paired_hierarchical,1,0,0,9769808dfe284056,nac->yjaH,shared_complete_observation_shared_scores,maximum,prefix,complete,0,100,0.2,0.9,biological_error,2151398048,921666314,2151398048,nac,yjaH,False,identifiable,alpA|basR|btsR|glaR|glrR|nsrR|ptrR|rcdA,100,0.023209028589071007,0.07940407880742323,0.04333444266333742,0.29229013090573464,0.09012177788522058,1755,,,,[],0,,False,True,
csd-20260805_174708,paired_hierarchical,1,0,0,9769808dfe284056,nac->yjbB,shared_complete_observation_shared_scores,maximum,prefix,complete,0,100,0.2,0.9,biological_error,2151398048,921666314,2151398048,nac,yjbB,False,identifiable,alpA|basR|btsR|glaR|glrR|nsrR|ptrR|rcdA,100,-0.08540323354381117,0.1387660554472708,0.13234699302046898,-0.615447583838421,-0.23319386654897362,1755,,,,[],0,,False,True,
csd-20260805_174708,paired_hierarchical,1,0,0,9769808dfe284056,nac->yjcF,shared_complete_observation_shared_scores,maximum,prefix,complete,0,100,0.2,0.9,biological_error,2151398048,921666314,2151398048,nac,yjcF,False,identifiable,alpA|basR|btsR|glaR|glrR|nsrR|ptrR|rcdA,100,-0.35645405244344597,0.06081969588226039,0.025423543411184024,-5.860832535787389,0.10733242703891861,1755,,,,[],0,,False,True,
csd-20260805_174708,paired_hierarchical,1,0,0,9769808dfe284056,nac->yjcO,shared_complete_observation_shared_scores,maximum,prefix,complete,0,100,0.2,0.9,biological_error,2151398048,921666314,2151398048,nac,yjcO,False,identifiable,alpA|basR|btsR|glaR|glrR|nsrR|ptrR|rcdA,100,-0.034561184928500535,0.16684640522535973,0.1913292195495591,-0.20714371928971848,-0.7414423824855013,1755,,,,[],0,,False,True,
csd-20260805_174708,paired_hierarchical,1,0,0,9769808dfe284056,nac->yjeJ,shared_complete_observation_shared_scores,maximum,prefix,complete,0,100,0.2,0.9,biological_error,2151398048,921666314,2151398048,nac,yjeJ,False,identifiable,alpA|basR|btsR|glaR|glrR|nsrR|ptrR|rcdA,100,0.06348864022011892,0.08483340180273359,0.0494631028979838,0.7483920115304526,-0.11156971716890897,1755,,,,[],0,,False,True,
csd-20260805_174708,paired_hierarchical,1,0,0,9769808dfe284056,nac->yjfZ,shared_complete_observation_shared_scores,maximum,prefix,complete,0,100,0.2,0.9,biological_error,2151398048,921666314,2151398048,nac,yjfZ,False,identifiable,alpA|basR|btsR|glaR|glrR|nsrR|ptrR|rcdA,100,-0.017006460460019093,0.06711381182575302,0.030957893630785823,-0.25339732608502125,-0.10096868481122655,1755,,,,[],0,,False,True,
csd-20260805_174708,paired_hierarchical,1,0,0,9769808dfe284056,nac->yjgH,shared_complete_observation_shared_scores,maximum,prefix,complete,0,100,0.2,0.9,biological_error,2151398048,921666314,2151398048,nac,yjgH,False,identifiable,alpA|basR|btsR|glaR|glrR|nsrR|ptrR|rcdA,100,-0.19630274504733589,0.058124602894334895,0.023220287335862552,-3.3772746009843018,-0.24337189690079303,1755,,,,[],0,,False,True,
csd-20260805_174708,paired_hierarchical,1,0,0,9769808dfe284056,nac->yjgM,shared_complete_observation_shared_scores,maximum,prefix,complete,0,100,0.2,0.9,biological_error,2151398048,921666314,2151398048,nac,yjgM,False,identifiable,alpA|basR|btsR|glaR|glrR|nsrR|ptrR|rcdA,100,-0.18014414553308242,0.12127737048475559,0.10108975315956176,-1.4853896057692502,0.23693154108574843,1755,,,,[],0,,False,True,
csd-20260805_174708,paired_hierarchical,1,0,0,9769808dfe284056,nac->yjgN,shared_complete_observation_shared_scores,maximum,prefix,complete,0,100,0.2,0.9,biological_error,2151398048,921666314,2151398048,nac,yjgN,False,identifiable,alpA|basR|btsR|glaR|glrR|nsrR|ptrR|rcdA,100,0.2580149578690826,0.1212209162534992,0.10099566114556971,2.1284689626459956,-0.11828522604210247,1755,,,,[],0,,False,True,
csd-20260805_174708,paired_hierarchical,1,0,0,9769808dfe284056,nac->ykgH,shared_complete_observation_shared_scores,maximum,prefix,complete,0,100,0.2,0.9,biological_error,2151398048,921666314,2151398048,nac,ykgH,False,identifiable,alpA|basR|btsR|glaR|glrR|nsrR|ptrR|rcdA,100,0.09726218459865027,0.11393662031823139,0.08922247324955458,0.8536516558678985,-0.14912267849803842,1755,,,,[],0,,False,True,
csd-20260805_174708,paired_hierarchical,1,0,0,9769808dfe284056,nac->ykgL,shared_complete_observation_shared_scores,maximum,prefix,complete,0,100,0.2,0.9,biological_error,2151398048,921666314,2151398048,nac,ykgL,False,identifiable,alpA|basR|btsR|glaR|glrR|nsrR|ptrR|rcdA,100,0.0435931586156114,0.14938497906033033,0.15337742878931857,0.29181755013002986,-0.15486322303869515,1755,,,,[],0,,False,True,
csd-20260805_174708,paired_hierarchical,1,0,0,9769808dfe284056,nac->ymjA,shared_complete_observation_shared_scores,maximum,prefix,complete,0,100,0.2,0.9,biological_error,2151398048,921666314,2151398048,nac,ymjA,False,identifiable,alpA|basR|btsR|glaR|glrR|nsrR|ptrR|rcdA,100,-0.01393340874899288,0.1282231668739184,0.11300055845566938,-0.10866529885893064,-0.2520215607470571,1755,,,,[],0,,False,True,
csd-20260805_174708,paired_hierarchical,1,0,0,9769808dfe284056,nac->ynaK,shared_complete_observation_shared_scores,maximum,prefix,complete,0,100,0.2,0.9,biological_error,2151398048,921666314,2151398048,nac,ynaK,False,identifiable,alpA|basR|btsR|glaR|glrR|nsrR|ptrR|rcdA,100,0.04212565865363287,0.08827083332692283,0.053552783021518995,0.47723191303309515,0.09558669929791605,1755,,,,[],0,,False,True,
csd-20260805_174708,paired_hierarchical,1,0,0,9769808dfe284056,nac->yneK,shared_complete_observation_shared_scores,maximum,prefix,complete,0,100,0.2,0.9,biological_error,2151398048,921666314,2151398048,nac,yneK,False,identifiable,alpA|basR|btsR|glaR|glrR|nsrR|ptrR|rcdA,100,0.5593362170068614,0.08049593758314366,0.04453439105847293,6.9486266487563695,0.24545789862574338,1755,,,,[],0,,False,True,
csd-20260805_174708,paired_hierarchical,1,0,0,9769808dfe284056,nac->ynfA,shared_complete_observation_shared_scores,maximum,prefix,complete,0,100,0.2,0.9,biological_error,2151398048,921666314,2151398048,nac,ynfA,False,identifiable,alpA|basR|btsR|glaR|glrR|nsrR|ptrR|rcdA,100,0.023375870049790595,0.12133797508997393,0.10119081134251386,0.19265089954284334,-0.2655873791385727,1755,,,,[],0,,False,True,
csd-20260805_174708,paired_hierarchical,1,0,0,9769808dfe284056,nac->ynfD,shared_complete_observation_shared_scores,maximum,prefix,complete,0,100,0.2,0.9,biological_error,2151398048,921666314,2151398048,nac,ynfD,False,identifiable,alpA|basR|btsR|glaR|glrR|nsrR|ptrR|rcdA,100,0.08937840249991752,0.07279586799137962,0.036421770162030874,1.2277949966954387,-0.1987251535914186,1755,,,,[],0,,False,True,
csd-20260805_174708,paired_hierarchical,1,0,0,9769808dfe284056,nac->yniB,shared_complete_observation_shared_scores,maximum,prefix,complete,0,100,0.2,0.9,biological_error,2151398048,921666314,2151398048,nac,yniB,False,identifiable,alpA|basR|btsR|glaR|glrR|nsrR|ptrR|rcdA,100,-0.0221262314743364,0.17356136640992534,0.20703973973807344,-0.127483621107693,-0.13018214183009635,1755,,,,[],0,,False,True,
csd-20260805_174708,paired_hierarchical,1,0,0,9769808dfe284056,nac->ynjF,shared_complete_observation_shared_scores,maximum,prefix,complete,0,100,0.2,0.9,biological_error,2151398048,921666314,2151398048,nac,ynjF,False,identifiable,alpA|basR|btsR|glaR|glrR|nsrR|ptrR|rcdA,100,-0.24376574601950807,0.15702764116229073,0.16947272225067056,-1.552374755267272,0.21807863899582647,1755,,,,[],0,,False,True,
csd-20260805_174708,paired_hierarchical,1,0,0,9769808dfe284056,nac->yobA,shared_complete_observation_shared_scores,maximum,prefix,complete,0,100,0.2,0.9,biological_error,2151398048,921666314,2151398048,nac,yobA,False,identifiable,alpA|basR|btsR|glaR|glrR|nsrR|ptrR|rcdA,100,-0.017110732545937552,0.08068635971459177,0.044745342430958894,-0.2120647480746755,0.18022813188018444,1755,,,,[],0,,False,True,
csd-20260805_174708,paired_hierarchical,1,0,0,9769808dfe284056,nac->yohO,shared_complete_observation_shared_scores,maximum,prefix,complete,0,100,0.2,0.9,biological_error,2151398048,921666314,2151398048,nac,yohO,False,identifiable,alpA|basR|btsR|glaR|glrR|nsrR|ptrR|rcdA,100,-0.3366646794555496,0.12945606632770013,0.11518406587287598,-2.600609527276455,-0.346248990715343,1755,,,,[],0,,False,True,
csd-20260805_174708,paired_hierarchical,1,0,0,9769808dfe284056,nac->yqeB,shared_complete_observation_shared_scores,maximum,prefix,complete,0,100,0.2,0.9,biological_error,2151398048,921666314,2151398048,nac,yqeB,False,identifiable,alpA|basR|btsR|glaR|glrR|nsrR|ptrR|rcdA,100,-0.019455712651583287,0.12656087153691245,0.11008965370041067,-0.15372612731976074,-0.1480457512112381,1755,,,,[],0,,False,True,
csd-20260805_174708,paired_hierarchical,1,0,0,9769808dfe284056,nac->yqeH,shared_complete_observation_shared_scores,maximum,prefix,complete,0,100,0.2,0.9,biological_error,2151398048,921666314,2151398048,nac,yqeH,False,identifiable,alpA|basR|btsR|glaR|glrR|nsrR|ptrR|rcdA,100,0.005913757092287536,0.09338204520111625,0.059934150580683694,0.06332863110409628,0.16202998600914748,1755,,,,[],0,,False,True,
csd-20260805_174708,paired_hierarchical,1,0,0,9769808dfe284056,nac->yqeJ,shared_complete_observation_shared_scores,maximum,prefix,complete,0,100,0.2,0.9,biological_error,2151398048,921666314,2151398048,nac,yqeJ,False,identifiable,alpA|basR|btsR|glaR|glrR|nsrR|ptrR|rcdA,100,-0.18435426049865278,0.0872037294378392,0.05226581290245613,-2.114063947575369,0.0605418930590159,1755,,,,[],0,,False,True,
csd-20260805_174708,paired_hierarchical,1,0,0,9769808dfe284056,nac->yqeK,shared_complete_observation_shared_scores,maximum,prefix,complete,0,100,0.2,0.9,biological_error,2151398048,921666314,2151398048,nac,yqeK,False,identifiable,alpA|basR|btsR|glaR|glrR|nsrR|ptrR|rcdA,100,0.00026187394273960007,0.14186452384808376,0.13832325539692822,0.0018459438317364595,0.2762671844756198,1755,,,,[],0,,False,True,
csd-20260805_174708,paired_hierarchical,1,0,0,9769808dfe284056,nac->yraH,shared_complete_observation_shared_scores,maximum,prefix,complete,0,100,0.2,0.9,biological_error,2151398048,921666314,2151398048,nac,yraH,False,identifiable,alpA|basR|btsR|glaR|glrR|nsrR|ptrR|rcdA,100,0.018837764098799628,0.12264631806888349,0.10338478328318172,0.15359420808881946,-0.12771552396738262,1755,,,,[],0,,False,True,
csd-20260805_174708,paired_hierarchical,1,0,0,9769808dfe284056,nac->yrhB,shared_complete_observation_shared_scores,maximum,prefix,complete,0,100,0.2,0.9,biological_error,2151398048,921666314,2151398048,nac,yrhB,False,identifiable,alpA|basR|btsR|glaR|glrR|nsrR|ptrR|rcdA,100,-0.006212820838688999,0.10946116892050817,0.0823507872217189,-0.056758217548369266,0.11161198424266142,1755,,,,[],0,,False,True,
csd-20260805_174708,paired_hierarchical,1,0,0,9769808dfe284056,nac->ytfP,shared_complete_observation_shared_scores,maximum,prefix,complete,0,100,0.2,0.9,biological_error,2151398048,921666314,2151398048,nac,ytfP,False,identifiable,alpA|basR|btsR|glaR|glrR|nsrR|ptrR|rcdA,100,0.0230433350444881,0.08436246936135651,0.04891546188926202,0.2731467584926271,-0.1303893066207707,1755,,,,[],0,,False,True,
csd-20260805_174708,paired_hierarchical,1,0,0,9769808dfe284056,narL->adhE,shared_complete_observation_shared_scores,maximum,prefix,complete,0,100,0.2,0.9,biological_error,2151398048,921666314,2151398048,narL,adhE,False,identifiable,cra|fis|flhC|flhD|fnr|lrp|modE|rpoD|rpoS|srsR,100,-0.2653773264779053,0.24831059841274342,0.302021587258644,-1.0687313718152032,-0.2518064458409779,1755,,,,[],0,,False,True,
csd-20260805_174708,paired_hierarchical,1,0,0,9769808dfe284056,narL->aspA,shared_complete_observation_shared_scores,maximum,prefix,complete,0,100,0.2,0.9,biological_error,2151398048,921666314,2151398048,narL,aspA,False,identifiable,crp|fnr|lrp|modE|rpoD,100,-0.030350608310293445,0.14607393666519616,0.1479172449372569,-0.2077756580207565,-0.13442769463176998,1755,,,,[],0,,False,True,
csd-20260805_174708,paired_hierarchical,1,0,0,9769808dfe284056,narL->caiF,shared_complete_observation_shared_scores,maximum,prefix,complete,0,100,0.2,0.9,biological_error,2151398048,921666314,2151398048,narL,caiF,False,identifiable,crp|fnr|hns|modE|nac|rpoD,100,0.00858814202985512,0.16887722252704485,0.19889827839816437,0.05085435383969423,-0.034471371715111894,1755,,,,[],0,,False,True,
csd-20260805_174708,paired_hierarchical,1,0,0,9769808dfe284056,narL->ccmA,shared_complete_observation_shared_scores,maximum,prefix,complete,0,100,0.2,0.9,biological_error,2151398048,921666314,2151398048,narL,ccmA,False,identifiable,flhC|flhD|fnr|modE|nac|narP|rpoD,100,-0.04173055707003,0.1623249876100848,0.18696019376194306,-0.25708030343590427,-0.15750889660487774,1755,,,,[],0,,False,True,
csd-20260805_174708,paired_hierarchical,1,0,0,9769808dfe284056,narL->ccmB,shared_complete_observation_shared_scores,maximum,prefix,complete,0,100,0.2,0.9,biological_error,2151398048,921666314,2151398048,narL,ccmB,False,identifiable,flhC|flhD|fnr|modE|nac|narP|rpoD,100,0.020999472086027652,0.13754000260790356,0.13422593848774297,0.15267901474375095,-0.1751836543183571,1755,,,,[],0,,False,True,
csd-20260805_174708,paired_hierarchical,1,0,0,9769808dfe284056,narL->ccmC,shared_complete_observation_shared_scores,maximum,prefix,complete,0,100,0.2,0.9,biological_error,2151398048,921666314,2151398048,narL,ccmC,False,identifiable,flhC|flhD|fnr|modE|narP|rpoD,100,-0.13382597848889594,0.17481415214978424,0.2169878479084901,-0.7655328635763492,-0.1649430236545353,1755,,,,[],0,,False,True,
csd-20260805_174708,paired_hierarchical,1,0,0,9769808dfe284056,narL->ccmD,shared_complete_observation_shared_scores,maximum,prefix,complete,0,100,0.2,0.9,biological_error,2151398048,921666314,2151398048,narL,ccmD,False,identifiable,flhC|flhD|fnr|modE|narP|rpoD,100,0.004329296485912604,0.17026418517043493,0.20583955995488512,0.025426935685734297,-0.17727219803492164,1755,,,,[],0,,False,True,
csd-20260805_174708,paired_hierarchical,1,0,0,9769808dfe284056,narL->ccmE,shared_complete_observation_shared_scores,maximum,prefix,complete,0,100,0.2,0.9,biological_error,2151398048,921666314,2151398048,narL,ccmE,False,identifiable,flhC|flhD|fnr|modE|narP|rpoD,100,-0.14248757825935415,0.11780273521476911,0.09853555898239591,-1.2095438870717348,-0.3383752056532765,1755,,,,[],0,,False,True,
csd-20260805_174708,paired_hierarchical,1,0,0,9769808dfe284056,narL->ccmF,shared_complete_observation_shared_scores,maximum,prefix,complete,0,100,0.2,0.9,biological_error,2151398048,921666314,2151398048,narL,ccmF,False,identifiable,flhC|flhD|fnr|modE|narP|rpoD,100,0.09585099885418907,0.1288208850652562,0.11782970581801855,0.7440641228759938,-0.29289920528480157,1755,,,,[],0,,False,True,
csd-20260805_174708,paired_hierarchical,1,0,0,9769808dfe284056,narL->ccmG,shared_complete_observation_shared_scores,maximum,prefix,complete,0,100,0.2,0.9,biological_error,2151398048,921666314,2151398048,narL,ccmG,False,identifiable,flhC|flhD|fnr|modE|narP|rpoD,100,0.08591349983392842,0.2015146886737351,0.28833386393504257,0.4263386475664201,-0.2763063614231808,1755,,,,[],0,,False,True,
csd-20260805_174708,paired_hierarchical,1,0,0,9769808dfe284056,narL->ccmH,shared_complete_observation_shared_scores,maximum,prefix,complete,0,100,0.2,0.9,biological_error,2151398048,921666314,2151398048,narL,ccmH,False,identifiable,flhC|flhD|fnr|modE|nac|narP|rpoD,100,0.016966515131186733,0.17971667804474,0.22916862411313618,0.09440701506269197,-0.35001856838967677,1755,,,,[],0,,False,True,
csd-20260805_174708,paired_hierarchical,1,0,0,9769808dfe284056,narL->citC,shared_complete_observation_shared_scores,maximum,prefix,complete,0,100,0.2,0.9,biological_error,2151398048,921666314,2151398048,narL,citC,False,identifiable,arcA|crp|fnr|modE|rpoD,100,0.12905233716382192,0.24261641476124113,0.410880349442459,0.5319192326323936,-0.32914754387926937,1755,,,,[],0,,False,True,
csd-20260805_174708,paired_hierarchical,1,0,0,9769808dfe284056,narL->citD,shared_complete_observation_shared_scores,maximum,prefix,complete,0,100,0.2,0.9,biological_error,2151398048,921666314,2151398048,narL,citD,False,identifiable,arcA|crp|fnr|modE|rpoD,100,0.028879243068611865,0.13687263697810892,0.1307700467075491,0.21099354630853456,-0.2677733806426007,1755,,,,[],0,,False,True,
csd-20260805_174708,paired_hierarchical,1,0,0,9769808dfe284056,narL->citE,shared_complete_observation_shared_scores,maximum,prefix,complete,0,100,0.2,0.9,biological_error,2151398048,921666314,2151398048,narL,citE,False,identifiable,arcA|crp|fnr|modE|rpoD,100,0.04479082859681971,0.13992278495571997,0.13666329613174466,0.32011104275114477,-0.12801722295633694,1755,,,,[],0,,False,True,
csd-20260805_174708,paired_hierarchical,1,0,0,9769808dfe284056,narL->citF,shared_complete_observation_shared_scores,maximum,prefix,complete,0,100,0.2,0.9,biological_error,2151398048,921666314,2151398048,narL,citF,False,identifiable,arcA|crp|fnr|modE|rpoD,100,0.08845997861542336,0.1644380016456557,0.18874671016108327,0.537953378964335,-0.3713207339343975,1755,,,,[],0,,False,True,
csd-20260805_174708,paired_hierarchical,1,0,0,9769808dfe284056,narL->citG,shared_complete_observation_shared_scores,maximum,prefix,complete,0,100,0.2,0.9,biological_error,2151398048,921666314,2151398048,narL,citG,False,identifiable,arcA|crp|fnr|modE|rpoD,100,-0.04617681509728058,0.15009002219655088,0.15724565492084802,-0.30766079197995977,-0.23980193873310807,1755,,,,[],0,,False,True,
csd-20260805_174708,paired_hierarchical,1,0,0,9769808dfe284056,narL->citX,shared_complete_observation_shared_scores,maximum,prefix,complete,0,100,0.2,0.9,biological_error,2151398048,921666314,2151398048,narL,citX,False,identifiable,arcA|crp|fnr|modE|rpoD,100,-0.027835055327956916,0.12113059144825485,0.10241950807110124,-0.2297937704683596,-0.2557861763238294,1755,,,,[],0,,False,True,
csd-20260805_174708,paired_hierarchical,1,0,0,9769808dfe284056,narL->cydC,shared_complete_observation_shared_scores,maximum,prefix,complete,0,100,0.2,0.9,biological_error,2151398048,921666314,2151398048,narL,cydC,False,identifiable,arcA|fnr|lrp|modE|rpoD,100,0.2975725880200865,0.14808251567437752,0.1573354673268071,2.009505218525775,0.3108269385347097,1755,,,,[],0,,False,True,
csd-20260805_174708,paired_hierarchical,1,0,0,9769808dfe284056,narL->cydD,shared_complete_observation_shared_scores,maximum,prefix,complete,0,100,0.2,0.9,biological_error,2151398048,921666314,2151398048,narL,cydD,False,identifiable,arcA|fnr|modE|rpoD,100,-0.0029265618891251627,0.1757531150266856,0.22186292168799066,-0.016651550606547178,0.11961630154663618,1755,,,,[],0,,False,True,
csd-20260805_174708,paired_hierarchical,1,0,0,9769808dfe284056,narL->cysG,shared_complete_observation_shared_scores,maximum,prefix,complete,0,100,0.2,0.9,biological_error,2151398048,921666314,2151398048,narL,cysG,False,identifiable,cra|crp|fis|fnr|hns|ihfA|ihfB|modE|narP|rpoD,100,0.09719601098740421,0.17886075684177946,0.16885923252959142,0.5434171961677652,0.07160895568888156,1755,,,,[],0,,False,True,
csd-20260805_174708,paired_hierarchical,1,0,0,9769808dfe284056,narL->dcuA,shared_complete_observation_shared_scores,maximum,prefix,complete,0,100,0.2,0.9,biological_error,2151398048,921666314,2151398048,narL,dcuA,False,identifiable,arcA|crp|fnr|modE|rpoD,100,0.22813710915719657,0.10558343514111806,0.07781558472841467,2.1607282321538297,-0.29467007476127444,1755,,,,[],0,,False,True,
csd-20260805_174708,paired_hierarchical,1,0,0,9769808dfe284056,narL->dcuB,shared_complete_observation_shared_scores,maximum,prefix,complete,0,100,0.2,0.9,biological_error,2151398048,921666314,2151398048,narL,dcuB,False,identifiable,arcA|crp|fnr|modE|rpoD,100,-0.10096577259163358,0.11776928424868452,0.09681420448082209,-0.8573183851438867,-0.35688772962975224,1755,,,,[],0,,False,True,
csd-20260805_174708,paired_hierarchical,1,0,0,9769808dfe284056,narL->dcuR,shared_complete_observation_shared_scores,maximum,prefix,complete,0,100,0.2,0.9,biological_error,2151398048,921666314,2151398048,narL,dcuR,False,identifiable,crp|fnr|modE|rpoD,100,0.06961654121712234,0.21480959717677053,0.3222798564597193,0.32408487391666063,-0.1805550695551794,1755,,,,[],0,,False,True,
csd-20260805_174708,paired_hierarchical,1,0,0,9769808dfe284056,narL->dcuS,shared_complete_observation_shared_scores,maximum,prefix,complete,0,100,0.2,0.9,biological_error,2151398048,921666314,2151398048,narL,dcuS,False,identifiable,fnr|modE|rpoD,100,0.015927848760591782,0.08899302547406968,0.056888291972872526,0.17897861855739194,-0.1929706239926709,1755,,,,[],0,,False,True,
csd-20260805_174708,paired_hierarchical,1,0,0,9769808dfe284056,narL->dmsA,shared_complete_observation_shared_scores,maximum,prefix,complete,0,100,0.2,0.9,biological_error,2151398048,921666314,2151398048,narL,dmsA,False,identifiable,fis|fnr|fur|ihfA|ihfB|modE|rpoD,100,0.05338590905683601,0.13366101787627624,0.0998950466203927,0.39941270764713804,-0.25093784447018685,1755,,,,[],0,,False,True,
csd-20260805_174708,paired_hierarchical,1,0,0,9769808dfe284056,narL->dmsB,shared_complete_observation_shared_scores,maximum,prefix,complete,0,100,0.2,0.9,biological_error,2151398048,921666314,2151398048,narL,dmsB,False,identifiable,fis|fnr|fur|ihfA|ihfB|modE|rpoD,100,0.4090828167466728,0.2621590675912675,0.38429452146864146,1.5604374111692916,-0.20454824912344735,1755,,,,[],0,,False,True,
csd-20260805_174708,paired_hierarchical,1,0,0,9769808dfe284056,narL->dmsC,shared_complete_observation_shared_scores,maximum,prefix,complete,0,100,0.2,0.9,biological_error,2151398048,921666314,2151398048,narL,dmsC,False,identifiable,fis|fnr|fur|ihfA|ihfB|modE|rpoD,100,-0.20643069663918479,0.29648736592371616,0.49152635501360153,-0.6962546144117917,-0.11345657505146563,1755,,,,[],0,,False,True,
csd-20260805_174708,paired_hierarchical,1,0,0,9769808dfe284056,narL->dmsD,shared_complete_observation_shared_scores,maximum,prefix,complete,0,100,0.2,0.9,biological_error,2151398048,921666314,2151398048,narL,dmsD,False,identifiable,fnr|modE|rpoD|rpoS,100,0.00025760593740660215,0.1126569668256724,0.08611267664350501,0.002286640095727294,-0.27946212939655496,1755,,,,[],0,,False,True,
csd-20260805_174708,paired_hierarchical,1,0,0,9769808dfe284056,narL->dpiA,shared_complete_observation_shared_scores,maximum,prefix,complete,0,100,0.2,0.9,biological_error,2151398048,921666314,2151398048,narL,dpiA,False,identifiable,arcA|crp|fnr|modE|rpoD,100,-0.10053211010841955,0.3668991493958188,0.9396549800903964,-0.27400475109840966,-0.15637161103470998,1755,,,,[],0,,False,True,
csd-20260805_174708,paired_hierarchical,1,0,0,9769808dfe284056,narL->dpiB,shared_complete_observation_shared_scores,maximum,prefix,complete,0,100,0.2,0.9,biological_error,2151398048,921666314,2151398048,narL,dpiB,False,identifiable,arcA|crp|fnr|modE|rpoD,100,0.029056934597226754,0.20419863581115297,0.2910587653412533,0.14229739822600576,-0.2283481010287904,1755,,,,[],0,,False,True,
csd-20260805_174708,paired_hierarchical,1,0,0,9769808dfe284056,narL->fdhF,shared_complete_observation_shared_scores,maximum,prefix,complete,0,100,0.2,0.9,biological_error,2151398048,921666314,2151398048,narL,fdhF,False,identifiable,fhlA|fnr|modE|narP|rpoD|rpoN,100,0.026412635465720265,0.14164419470153375,0.14404130753641511,0.18647171189314027,-0.2888502379316677,1755,,,,[],0,,False,True,
csd-20260805_174708,paired_hierarchical,1,0,0,9769808dfe284056,narL->fdnG,shared_complete_observation_shared_scores,maximum,prefix,complete,0,100,0.2,0.9,biological_error,2151398048,921666314,2151398048,narL,fdnG,False,identifiable,cpxR|fnr|modE|narP|rpoD,100,0.00877102187269601,0.1110354702549939,0.08844590892003795,0.07899297271901748,0.2349313701294125,1755,,,,[],0,,False,True,
csd-20260805_174708,paired_hierarchical,1,0,0,9769808dfe284056,narL->fdnH,shared_complete_observation_shared_scores,maximum,prefix,complete,0,100,0.2,0.9,biological_error,2151398048,921666314,2151398048,narL,fdnH,False,identifiable,fnr|modE|narP|rpoD,100,-0.09592263279734678,0.1601941865434437,0.1842828499126009,-0.5987897243158268,0.2090795460208088,1755,,,,[],0,,False,True,
csd-20260805_174708,paired_hierarchical,1,0,0,9769808dfe284056,narL->fdnI,shared_complete_observation_shared_scores,maximum,prefix,complete,0,100,0.2,0.9,biological_error,2151398048,921666314,2151398048,narL,fdnI,False,identifiable,fnr|modE|narP|rpoD,100,0.19885329745217165,0.15396268144553316,0.170224610657979,1.2915681617465158,0.2634535254341225,1755,,,,[],0,,False,True,
csd-20260805_174708,paired_hierarchical,1,0,0,9769808dfe284056,narL->focA,shared_complete_observation_shared_scores,maximum,prefix,complete,0,100,0.2,0.9,biological_error,2151398048,921666314,2151398048,narL,focA,False,identifiable,arcA|cpxR|crp|fnr|ihfA|ihfB|modE|rpoD,100,-0.027324612602609863,0.093115596363026,0.06032819975268258,-0.2934482908328322,-0.10313715989352021,1755,,,,[],0,,False,True,
csd-20260805_174708,paired_hierarchical,1,0,0,9769808dfe284056,narL->frdA,shared_complete_observation_shared_scores,maximum,prefix,complete,0,100,0.2,0.9,biological_error,2151398048,921666314,2151398048,narL,frdA,False,identifiable,crp|fnr|lrp|modE|rpoD|rpoS,100,-0.044898643137870745,0.20118063125023525,0.26304447667823494,-0.22317577422264026,-0.17526609665086956,1755,,,,[],0,,False,True,
csd-20260805_174708,paired_hierarchical,1,0,0,9769808dfe284056,narL->frdB,shared_complete_observation_shared_scores,maximum,prefix,complete,0,100,0.2,0.9,biological_error,2151398048,921666314,2151398048,narL,frdB,False,identifiable,crp|fnr|lrp|modE|rpoD|rpoS,100,0.16368293409437104,0.17472107738484363,0.19840264246185702,0.9368242031488864,-0.23207260494807122,1755,,,,[],0,,False,True,
csd-20260805_174708,paired_hierarchical,1,0,0,9769808dfe284056,narL->frdC,shared_complete_observation_shared_scores,maximum,prefix,complete,0,100,0.2,0.9,biological_error,2151398048,921666314,2151398048,narL,frdC,False,identifiable,crp|fnr|modE|rpoD|rpoS,100,-0.06855840045674481,0.18480082033030154,0.2248807855130351,-0.37098536864829806,-0.35302353926218755,1755,,,,[],0,,False,True,
csd-20260805_174708,paired_hierarchical,1,0,0,9769808dfe284056,narL->frdD,shared_complete_observation_shared_scores,maximum,prefix,complete,0,100,0.2,0.9,biological_error,2151398048,921666314,2151398048,narL,frdD,False,identifiable,crp|fnr|modE|rpoD|rpoS,100,-0.06117446178638504,0.1458855762490482,0.14014230959368498,-0.41933180345362736,-0.3580919972712428,1755,,,,[],0,,False,True,
csd-20260805_174708,paired_hierarchical,1,0,0,9769808dfe284056,narL->fumB,shared_complete_observation_shared_scores,maximum,prefix,complete,0,100,0.2,0.9,biological_error,2151398048,921666314,2151398048,narL,fumB,False,identifiable,arcA|crp|fis|fnr|fur|modE|rpoD,100,-0.09519160853056022,0.2557834217863359,0.35629876136114647,-0.3721570689208968,-0.18199951603492787,1755,,,,[],0,,False,True,
csd-20260805_174708,paired_hierarchical,1,0,0,9769808dfe284056,narL->hcp,shared_complete_observation_shared_scores,maximum,prefix,complete,0,100,0.2,0.9,biological_error,2151398048,921666314,2151398048,narL,hcp,False,identifiable,cpxR|fnr|modE|narP|nsrR|oxyR|rpoD|rpoE,100,-0.023528510543329335,0.0924127927115896,0.05693038249678107,-0.2546023104913547,0.42455944271029883,1755,,,,[],0,,False,True,
csd-20260805_174708,paired_hierarchical,1,0,0,9769808dfe284056,narL->hcr,shared_complete_observation_shared_scores,maximum,prefix,complete,0,100,0.2,0.9,biological_error,2151398048,921666314,2151398048,narL,hcr,False,identifiable,fnr|modE|narP|nsrR|oxyR|rpoD|rpoE,100,0.026913849592120342,0.15448387549002726,0.15911194444207677,0.17421785611442517,0.13195010694057296,1755,,,,[],0,,False,True,
csd-20260805_174708,paired_hierarchical,1,0,0,9769808dfe284056,narL->hyaA,shared_complete_observation_shared_scores,maximum,prefix,complete,0,100,0.2,0.9,biological_error,2151398048,921666314,2151398048,narL,hyaA,False,identifiable,arcA|crp|fis|fnr|hns|iscR|modE|narP|rpoD|rpoS|ydeO,100,-0.14379395777096557,0.2543704934601489,0.3252859103784394,-0.5652933868821273,-0.13785887977989886,1755,,,,[],0,,False,True,
csd-20260805_174708,paired_hierarchical,1,0,0,9769808dfe284056,narL->hyaB,shared_complete_observation_shared_scores,maximum,prefix,complete,0,100,0.2,0.9,biological_error,2151398048,921666314,2151398048,narL,hyaB,False,identifiable,arcA|crp|fis|fnr|hns|iscR|modE|narP|rpoD|rpoS|ydeO,100,-0.029469319238967888,0.10917539758090793,0.059921317230151136,-0.2699263743658795,-0.08384035281884675,1755,,,,[],0,,False,True,
csd-20260805_174708,paired_hierarchical,1,0,0,9769808dfe284056,narL->hyaC,shared_complete_observation_shared_scores,maximum,prefix,complete,0,100,0.2,0.9,biological_error,2151398048,921666314,2151398048,narL,hyaC,False,identifiable,arcA|crp|fis|fnr|hns|iscR|modE|narP|rpoD|rpoS|ydeO,100,-0.001137978755310166,0.08427130597422475,0.035701892348479765,-0.013503751272802495,-0.32143805418221,1755,,,,[],0,,False,True,
csd-20260805_174708,paired_hierarchical,1,0,0,9769808dfe284056,narL->hyaD,shared_complete_observation_shared_scores,maximum,prefix,complete,0,100,0.2,0.9,biological_error,2151398048,921666314,2151398048,narL,hyaD,False,identifiable,arcA|crp|fis|fnr|hns|iscR|modE|narP|rpoD|rpoS|ydeO,100,-0.2889440434849895,0.23375152073467584,0.27468862623874274,-1.2361162082575752,-0.0936260415323287,1755,,,,[],0,,False,True,
csd-20260805_174708,paired_hierarchical,1,0,0,9769808dfe284056,narL->hyaE,shared_complete_observation_shared_scores,maximum,prefix,complete,0,100,0.2,0.9,biological_error,2151398048,921666314,2151398048,narL,hyaE,False,identifiable,arcA|crp|fis|fnr|hns|iscR|modE|narP|rpoD|rpoS|ydeO,100,0.11407384698224325,0.18080525421973248,0.16434401068172474,0.6309210839835959,-0.3094109646026224,1755,,,,[],0,,False,True,
csd-20260805_174708,paired_hierarchical,1,0,0,9769808dfe284056,narL->hyaF,shared_complete_observation_shared_scores,maximum,prefix,complete,0,100,0.2,0.9,biological_error,2151398048,921666314,2151398048,narL,hyaF,False,identifiable,arcA|crp|fis|fnr|hns|iscR|modE|narP|rpoD|rpoS|ydeO,100,-0.00918786830548407,0.10299095395691898,0.05332488764866879,-0.0892104398734606,-0.1568797894378089,1755,,,,[],0,,False,True,
csd-20260805_174708,paired_hierarchical,1,0,0,9769808dfe284056,narL->hybA,shared_complete_observation_shared_scores,maximum,prefix,complete,0,100,0.2,0.9,biological_error,2151398048,921666314,2151398048,narL,hybA,False,identifiable,arcA|fnr|modE|rpoD,100,0.025000081338736872,0.17559800845049822,0.2214714951889022,0.14237109839309195,-0.20142964989511955,1755,,,,[],0,,False,True,
csd-20260805_174708,paired_hierarchical,1,0,0,9769808dfe284056,narL->hybB,shared_complete_observation_shared_scores,maximum,prefix,complete,0,100,0.2,0.9,biological_error,2151398048,921666314,2151398048,narL,hybB,False,identifiable,arcA|fnr|modE|rpoD,100,-0.08517046651699976,0.13365006562641651,0.1282971527269751,-0.6372646815982218,-0.21619392910910623,1755,,,,[],0,,False,True,
csd-20260805_174708,paired_hierarchical,1,0,0,9769808dfe284056,narL->hybC,shared_complete_observation_shared_scores,maximum,prefix,complete,0,100,0.2,0.9,biological_error,2151398048,921666314,2151398048,narL,hybC,False,identifiable,arcA|fnr|modE|rpoD,100,-0.01844230089217141,0.14055991237575083,0.14190628185878304,-0.13120597886309615,-0.15606180952657941,1755,,,,[],0,,False,True,
csd-20260805_174708,paired_hierarchical,1,0,0,9769808dfe284056,narL->hybD,shared_complete_observation_shared_scores,maximum,prefix,complete,0,100,0.2,0.9,biological_error,2151398048,921666314,2151398048,narL,hybD,False,identifiable,arcA|fnr|modE|rpoD,100,0.001702707430648718,0.09878732368179392,0.07009404211820644,0.01723609231618975,-0.2603638294421462,1755,,,,[],0,,False,True,
csd-20260805_174708,paired_hierarchical,1,0,0,9769808dfe284056,narL->hybE,shared_complete_observation_shared_scores,maximum,prefix,complete,0,100,0.2,0.9,biological_error,2151398048,921666314,2151398048,narL,hybE,False,identifiable,arcA|fnr|modE|rpoD|yfeC,100,-0.002331827343261314,0.11170930667326201,0.0895708497410414,-0.020874065131221916,-0.21877337763045193,1755,,,,[],0,,False,True,
csd-20260805_174708,paired_hierarchical,1,0,0,9769808dfe284056,narL->hybF,shared_complete_observation_shared_scores,maximum,prefix,complete,0,100,0.2,0.9,biological_error,2151398048,921666314,2151398048,narL,hybF,False,identifiable,arcA|fnr|modE|rpoD,100,0.0010728080763868714,0.10767158336991649,0.08326852368258097,0.009963706697812106,-0.20294221530341872,1755,,,,[],0,,False,True,
csd-20260805_174708,paired_hierarchical,1,0,0,9769808dfe284056,narL->hybG,shared_complete_observation_shared_scores,maximum,prefix,complete,0,100,0.2,0.9,biological_error,2151398048,921666314,2151398048,narL,hybG,False,identifiable,arcA|fnr|modE|rpoD,100,0.05039632792474085,0.19929222056193904,0.2852721386520108,0.2528765437137468,-0.8304545479110406,1755,,,,[],0,,False,True,
csd-20260805_174708,paired_hierarchical,1,0,0,9769808dfe284056,narL->hybO,shared_complete_observation_shared_scores,maximum,prefix,complete,0,100,0.2,0.9,biological_error,2151398048,921666314,2151398048,narL,hybO,False,identifiable,arcA|fnr|fur|modE|rpoD,100,-0.1616015702596668,0.16538953811374385,0.19645791887060865,-0.9770966900489682,-0.41265374159703283,1755,,,,[],0,,False,True,
csd-20260805_174708,paired_hierarchical,1,0,0,9769808dfe284056,narL->moeA,shared_complete_observation_shared_scores,maximum,prefix,complete,0,100,0.2,0.9,biological_error,2151398048,921666314,2151398048,narL,moeA,False,identifiable,arcA|fnr|modE|nac|nsrR|rpoD,100,0.27043417545878773,0.2527803116666992,0.45861610311823936,1.0698387610794857,0.1028569330986501,1755,,,,[],0,,False,True,
csd-20260805_174708,paired_hierarchical,1,0,0,9769808dfe284056,narL->moeB,shared_complete_observation_shared_scores,maximum,prefix,complete,0,100,0.2,0.9,biological_error,2151398048,921666314,2151398048,narL,moeB,False,identifiable,arcA|fnr|modE|nsrR|rpoD,100,-0.0028975449792162378,0.20568441194183074,0.30380221523548956,-0.014087333852191422,0.2308180382913681,1755,,,,[],0,,False,True,
csd-20260805_174708,paired_hierarchical,1,0,0,9769808dfe284056,narL->napA,shared_complete_observation_shared_scores,maximum,prefix,complete,0,100,0.2,0.9,biological_error,2151398048,921666314,2151398048,narL,napA,False,identifiable,flhC|flhD|fnr|iscR|modE|narP|rpoD,100,-0.010903246384060952,0.219468776748534,0.3418521518142685,-0.049680171118618055,-0.49879605590521436,1755,,,,[],0,,False,True,
csd-20260805_174708,paired_hierarchical,1,0,0,9769808dfe284056,narL->napB,shared_complete_observation_shared_scores,maximum,prefix,complete,0,100,0.2,0.9,biological_error,2151398048,921666314,2151398048,narL,napB,False,identifiable,flhC|flhD|fnr|iscR|modE|nac|narP|rpoD,100,-0.036048183114448976,0.13270378340776637,0.1249205578635023,-0.27164397418634023,-0.2949937880368533,1755,,,,[],0,,False,True,
csd-20260805_174708,paired_hierarchical,1,0,0,9769808dfe284056,narL->napC,shared_complete_observation_shared_scores,maximum,prefix,complete,0,100,0.2,0.9,biological_error,2151398048,921666314,2151398048,narL,napC,False,identifiable,flhC|flhD|fnr|iscR|modE|nac|narP|rpoD,100,0.02051808082707772,0.11680876213625017,0.09678724954953084,0.1756553228699115,-0.2271553490216237,1755,,,,[],0,,False,True,
csd-20260805_174708,paired_hierarchical,1,0,0,9769808dfe284056,narL->napD,shared_complete_observation_shared_scores,maximum,prefix,complete,0,100,0.2,0.9,biological_error,2151398048,921666314,2151398048,narL,napD,False,identifiable,flhC|flhD|fnr|iscR|modE|narP|rpoD,100,0.0884314158953964,0.20544026766811416,0.2995463115900324,0.43044830937553147,-0.6176473216854668,1755,,,,[],0,,False,True,
csd-20260805_174708,paired_hierarchical,1,0,0,9769808dfe284056,narL->napF,shared_complete_observation_shared_scores,maximum,prefix,complete,0,100,0.2,0.9,biological_error,2151398048,921666314,2151398048,narL,napF,False,identifiable,flhC|flhD|fnr|iscR|lrp|modE|narP|rpoD,100,-0.1780670322858128,0.14158419874269826,0.14199498094504776,-1.257675883799823,-0.2505437829181406,1755,,,,[],0,,False,True,
csd-20260805_174708,paired_hierarchical,1,0,0,9769808dfe284056,narL->napG,shared_complete_observation_shared_scores,maximum,prefix,complete,0,100,0.2,0.9,biological_error,2151398048,921666314,2151398048,narL,napG,False,identifiable,flhC|flhD|fnr|iscR|modE|narP|rpoD,100,-0.5762371031872922,0.19292871179252194,0.26417186415411087,-2.9867876991112916,-0.4294913108773289,1755,,,,[],0,,False,True,
csd-20260805_174708,paired_hierarchical,1,0,0,9769808dfe284056,narL->napH,shared_complete_observation_shared_scores,maximum,prefix,complete,0,100,0.2,0.9,biological_error,2151398048,921666314,2151398048,narL,napH,False,identifiable,flhC|flhD|fnr|iscR|modE|narP|rpoD,100,-0.05516430917469168,0.1422578506673398,0.14363005191568737,-0.38777690592057107,-0.18826956947884124,1755,,,,[],0,,False,True,
csd-20260805_174708,paired_hierarchical,1,0,0,9769808dfe284056,narL->narG,shared_complete_observation_shared_scores,maximum,prefix,complete,0,100,0.2,0.9,biological_error,2151398048,921666314,2151398048,narL,narG,False,identifiable,fis|fnr|ihfA|ihfB|modE|rob|rpoD|rstA,100,0.07194097513243466,0.20283964047801567,0.22740898103282747,0.35466921043094546,0.19248633652269784,1755,,,,[],0,,False,True,
csd-20260805_174708,paired_hierarchical,1,0,0,9769808dfe284056,narL->narH,shared_complete_observation_shared_scores,maximum,prefix,complete,0,100,0.2,0.9,biological_error,2151398048,921666314,2151398048,narL,narH,False,identifiable,fis|fnr|ihfA|ihfB|modE|rpoD|rstA,100,-0.008665188252997502,0.19453629786256618,0.21148565194855085,-0.04454278377970977,0.4970069940986503,1755,,,,[],0,,False,True,
csd-20260805_174708,paired_hierarchical,1,0,0,9769808dfe284056,narL->narI,shared_complete_observation_shared_scores,maximum,prefix,complete,0,100,0.2,0.9,biological_error,2151398048,921666314,2151398048,narL,narI,False,identifiable,fis|fnr|ihfA|ihfB|modE|rpoD|rstA,100,0.006663749559797531,0.21413551337586811,0.2562459516708243,0.031119310639990738,0.15407466525477148,1755,,,,[],0,,False,True,
csd-20260805_174708,paired_hierarchical,1,0,0,9769808dfe284056,narL->narJ,shared_complete_observation_shared_scores,maximum,prefix,complete,0,100,0.2,0.9,biological_error,2151398048,921666314,2151398048,narL,narJ,False,identifiable,fis|fnr|ihfA|ihfB|modE|rpoD|rstA,100,0.004258656520472648,0.1321156986680822,0.09754128361559634,0.032234295874041315,0.19777384270125906,1755,,,,[],0,,False,True,
csd-20260805_174708,paired_hierarchical,1,0,0,9769808dfe284056,narL->narK,shared_complete_observation_shared_scores,maximum,prefix,complete,0,100,0.2,0.9,biological_error,2151398048,921666314,2151398048,narL,narK,False,identifiable,fis|fnr|ihfA|ihfB|modE|nac|rpoD,100,-0.060950706538264496,0.10035219804556438,0.05629127899541019,-0.6073679274129118,0.2510135198640593,1755,,,,[],0,,False,True,
csd-20260805_174708,paired_hierarchical,1,0,0,9769808dfe284056,narL->nikA,shared_complete_observation_shared_scores,maximum,prefix,complete,0,100,0.2,0.9,biological_error,2151398048,921666314,2151398048,narL,nikA,False,identifiable,fnr|modE|rpoD|rpoN,100,0.6832221926670492,0.18828687428420407,0.25459744622073444,3.6286235844341417,-0.14902652928578622,1755,,,,[],0,,False,True,
csd-20260805_174708,paired_hierarchical,1,0,0,9769808dfe284056,narL->nikB,shared_complete_observation_shared_scores,maximum,prefix,complete,0,100,0.2,0.9,biological_error,2151398048,921666314,2151398048,narL,nikB,False,identifiable,fnr|modE|rpoD|rpoN,100,0.42076352177255566,0.11053482599633065,0.08774294666589812,3.8066149557834694,-0.17068287457850567,1755,,,,[],0,,False,True,
csd-20260805_174708,paired_hierarchical,1,0,0,9769808dfe284056,narL->nikC,shared_complete_observation_shared_scores,maximum,prefix,complete,0,100,0.2,0.9,biological_error,2151398048,921666314,2151398048,narL,nikC,False,identifiable,fnr|modE|rpoD|rpoN,100,0.2160647469157992,0.14657903639776518,0.1542970688897652,1.4740494427148072,-0.15665135350881887,1755,,,,[],0,,False,True,
csd-20260805_174708,paired_hierarchical,1,0,0,9769808dfe284056,narL->nikD,shared_complete_observation_shared_scores,maximum,prefix,complete,0,100,0.2,0.9,biological_error,2151398048,921666314,2151398048,narL,nikD,False,identifiable,fnr|modE|rpoD|rpoN,100,0.04556305913211529,0.09314984658592945,0.0623129395735033,0.4891372428625955,-0.19742663907106936,1755,,,,[],0,,False,True,
csd-20260805_174708,paired_hierarchical,1,0,0,9769808dfe284056,narL->nikE,shared_complete_observation_shared_scores,maximum,prefix,complete,0,100,0.2,0.9,biological_error,2151398048,921666314,2151398048,narL,nikE,False,identifiable,fnr|modE|rpoD|rpoN,100,0.03312293714728124,0.17571766968387093,0.221740397467648,0.1885008901317201,-0.10000433022876434,1755,,,,[],0,,False,True,
csd-20260805_174708,paired_hierarchical,1,0,0,9769808dfe284056,narL->nikR,shared_complete_observation_shared_scores,maximum,prefix,complete,0,100,0.2,0.9,biological_error,2151398048,921666314,2151398048,narL,nikR,False,identifiable,fnr|modE|rpoD|rpoN,100,-0.008626550345750546,0.046315601994776356,0.015405243874246145,-0.18625581821701206,-0.17926916319687672,1755,,,,[],0,,False,True,
csd-20260805_174708,paired_hierarchical,1,0,0,9769808dfe284056,narL->nirB,shared_complete_observation_shared_scores,maximum,prefix,complete,0,100,0.2,0.9,biological_error,2151398048,921666314,2151398048,narL,nirB,False,identifiable,cra|crp|fis|fnr|hns|ihfA|ihfB|modE|narP|rpoD,100,-0.038040005067490196,0.17692726900652106,0.16522822244992205,-0.21500362991579405,0.32518245989870315,1755,,,,[],0,,False,True,
csd-20260805_174708,paired_hierarchical,1,0,0,9769808dfe284056,narL->nirC,shared_complete_observation_shared_scores,maximum,prefix,complete,0,100,0.2,0.9,biological_error,2151398048,921666314,2151398048,narL,nirC,False,identifiable,cra|crp|fis|fnr|hns|ihfA|ihfB|modE|narP|rpoD,100,0.08251121560282805,0.17104227521741555,0.15441931182162671,0.4824024674481572,0.19136555334210403,1755,,,,[],0,,False,True,
csd-20260805_174708,paired_hierarchical,1,0,0,9769808dfe284056,narL->nirD,shared_complete_observation_shared_scores,maximum,prefix,complete,0,100,0.2,0.9,biological_error,2151398048,921666314,2151398048,narL,nirD,False,identifiable,cra|crp|fis|fnr|hns|ihfA|ihfB|modE|narP|rpoD,100,-0.14105420873243654,0.1753744515414654,0.16234067018291062,-0.804303064058825,0.21671596705281576,1755,,,,[],0,,False,True,
csd-20260805_174708,paired_hierarchical,1,0,0,9769808dfe284056,narL->norV,shared_complete_observation_shared_scores,maximum,prefix,complete,0,100,0.2,0.9,biological_error,2151398048,921666314,2151398048,narL,norV,False,identifiable,fnr|ihfA|ihfB|modE|narP|norR|rpoD|rpoN,100,-0.013973972476773944,0.13765565894647985,0.13555026735835637,-0.10151397032073332,-0.12969620351438335,1755,,,,[],0,,False,True,
csd-20260805_174708,paired_hierarchical,1,0,0,9769808dfe284056,narL->norW,shared_complete_observation_shared_scores,maximum,prefix,complete,0,100,0.2,0.9,biological_error,2151398048,921666314,2151398048,narL,norW,False,identifiable,fnr|ihfA|ihfB|modE|narP|norR|rpoD|rpoN,100,-0.006900618084249513,0.10537392930572084,0.07942890743964398,-0.06548695801433754,-0.2783964745135268,1755,,,,[],0,,False,True,
csd-20260805_174708,paired_hierarchical,1,0,0,9769808dfe284056,narL->nrfA,shared_complete_observation_shared_scores,maximum,prefix,complete,0,100,0.2,0.9,biological_error,2151398048,921666314,2151398048,narL,nrfA,False,identifiable,fis|flhC|flhD|fnr|ihfA|ihfB|modE|narP|nsrR|rpoD,100,0.1485910850097425,0.1874846865069346,0.19265464475151378,0.7925505158750471,0.1868151655246671,1755,,,,[],0,,False,True,
csd-20260805_174708,paired_hierarchical,1,0,0,9769808dfe284056,narL->nrfB,shared_complete_observation_shared_scores,maximum,prefix,complete,0,100,0.2,0.9,biological_error,2151398048,921666314,2151398048,narL,nrfB,False,identifiable,fis|flhC|flhD|fnr|ihfA|ihfB|modE|narP|nsrR|rpoD,100,-0.12980141801768147,0.1346319458340816,0.0993445684377737,-0.9641204931974079,0.15809722043121335,1755,,,,[],0,,False,True,
csd-20260805_174708,paired_hierarchical,1,0,0,9769808dfe284056,narL->nrfC,shared_complete_observation_shared_scores,maximum,prefix,complete,0,100,0.2,0.9,biological_error,2151398048,921666314,2151398048,narL,nrfC,False,identifiable,fis|flhC|flhD|fnr|ihfA|ihfB|modE|narP|nsrR|rpoD,100,0.0025337032710402545,0.22796558926537352,0.2848304887288032,0.011114411079344015,-0.06910730242900685,1755,,,,[],0,,False,True,
csd-20260805_174708,paired_hierarchical,1,0,0,9769808dfe284056,narL->nrfD,shared_complete_observation_shared_scores,maximum,prefix,complete,0,100,0.2,0.9,biological_error,2151398048,921666314,2151398048,narL,nrfD,False,identifiable,fis|flhC|flhD|fnr|ihfA|ihfB|modE|narP|nsrR|rpoD,100,0.03047895084531739,0.2104376363880797,0.24271393567415486,0.14483602538240578,-0.16355280338870834,1755,,,,[],0,,False,True,
csd-20260805_174708,paired_hierarchical,1,0,0,9769808dfe284056,narL->nrfE,shared_complete_observation_shared_scores,maximum,prefix,complete,0,100,0.2,0.9,biological_error,2151398048,921666314,2151398048,narL,nrfE,False,identifiable,fis|flhC|flhD|fnr|ihfA|ihfB|modE|narP|nsrR|rpoD,100,0.12815090820367264,0.11954133198320825,0.07832205310285371,1.072021752456914,-0.1496480806808617,1755,,,,[],0,,False,True,
csd-20260805_174708,paired_hierarchical,1,0,0,9769808dfe284056,narL->nrfF,shared_complete_observation_shared_scores,maximum,prefix,complete,0,100,0.2,0.9,biological_error,2151398048,921666314,2151398048,narL,nrfF,False,identifiable,fis|flhC|flhD|fnr|ihfA|ihfB|modE|nac|narP|nsrR|rpoD,100,-0.1344784888695227,0.22179064723390682,0.2693953555575743,-0.6063307472460632,0.1988329585556611,1755,,,,[],0,,False,True,
csd-20260805_174708,paired_hierarchical,1,0,0,9769808dfe284056,narL->nrfG,shared_complete_observation_shared_scores,maximum,prefix,complete,0,100,0.2,0.9,biological_error,2151398048,921666314,2151398048,narL,nrfG,False,identifiable,fis|flhC|flhD|fnr|ihfA|ihfB|modE|nac|narP|nsrR|rpoD,100,0.3677148405615913,0.136462165467294,0.1019830895931019,2.694628502357467,0.08231549821522076,1755,,,,[],0,,False,True,
csd-20260805_174708,paired_hierarchical,1,0,0,9769808dfe284056,narL->nuoA,shared_complete_observation_shared_scores,maximum,prefix,complete,0,100,0.2,0.9,biological_error,2151398048,921666314,2151398048,narL,nuoA,False,identifiable,arcA|cpxR|fis|fnr|ihfA|ihfB|lrp|modE|rpoD,100,0.0002723411679197232,0.08758189216760104,0.04277236640502866,0.0031095602204912138,0.30535633130253587,1755,,,,[],0,,False,True,
csd-20260805_174708,paired_hierarchical,1,0,0,9769808dfe284056,narL->nuoB,shared_complete_observation_shared_scores,maximum,prefix,complete,0,100,0.2,0.9,biological_error,2151398048,921666314,2151398048,narL,nuoB,False,identifiable,arcA|fis|fnr|ihfA|ihfB|modE|rpoD,100,0.09446860040782212,0.17330322315487304,0.1679197987077659,0.5451058479356724,0.155268465211721,1755,,,,[],0,,False,True,
csd-20260805_174708,paired_hierarchical,1,0,0,9769808dfe284056,narL->nuoC,shared_complete_observation_shared_scores,maximum,prefix,complete,0,100,0.2,0.9,biological_error,2151398048,921666314,2151398048,narL,nuoC,False,identifiable,arcA|fis|fnr|ihfA|ihfB|modE|rpoD,100,0.006860260312819086,0.1554830281914659,0.13516199887257266,0.04412224531909155,0.12169659738112105,1755,,,,[],0,,False,True,
csd-20260805_174708,paired_hierarchical,1,0,0,9769808dfe284056,narL->nuoE,shared_complete_observation_shared_scores,maximum,prefix,complete,0,100,0.2,0.9,biological_error,2151398048,921666314,2151398048,narL,nuoE,False,identifiable,arcA|fis|fnr|ihfA|ihfB|modE|rpoD,100,-0.18563674181386033,0.17297266014830082,0.1672798205959484,-1.0732143545384674,0.1378304717198426,1755,,,,[],0,,False,True,
csd-20260805_174708,paired_hierarchical,1,0,0,9769808dfe284056,narL->nuoF,shared_complete_observation_shared_scores,maximum,prefix,complete,0,100,0.2,0.9,biological_error,2151398048,921666314,2151398048,narL,nuoF,False,identifiable,arcA|fis|fnr|ihfA|ihfB|modE|rpoD,100,-0.1076193784481835,0.14239221053807774,0.11336032685131103,-0.7557954051103415,0.07326343072421894,1755,,,,[],0,,False,True,
csd-20260805_174708,paired_hierarchical,1,0,0,9769808dfe284056,narL->nuoG,shared_complete_observation_shared_scores,maximum,prefix,complete,0,100,0.2,0.9,biological_error,2151398048,921666314,2151398048,narL,nuoG,False,identifiable,arcA|fis|fnr|ihfA|ihfB|modE|rpoD,100,-0.040756345146707076,0.10130823594661731,0.057382323746921406,-0.4023004128527414,0.0663432693023338,1755,,,,[],0,,False,True,
csd-20260805_174708,paired_hierarchical,1,0,0,9769808dfe284056,narL->nuoH,shared_complete_observation_shared_scores,maximum,prefix,complete,0,100,0.2,0.9,biological_error,2151398048,921666314,2151398048,narL,nuoH,False,identifiable,arcA|fis|fnr|ihfA|ihfB|modE|rpoD,100,0.033389142228307904,0.15202569319489623,0.12921787946819577,0.2196282847104218,0.15712481754599136,1755,,,,[],0,,False,True,
csd-20260805_174708,paired_hierarchical,1,0,0,9769808dfe284056,narL->nuoI,shared_complete_observation_shared_scores,maximum,prefix,complete,0,100,0.2,0.9,biological_error,2151398048,921666314,2151398048,narL,nuoI,False,identifiable,arcA|fis|fnr|ihfA|ihfB|modE|rpoD,100,-0.08200176477301196,0.19219788855526923,0.20653128618954553,-0.4266527868199301,0.0796288695561619,1755,,,,[],0,,False,True,
csd-20260805_174708,paired_hierarchical,1,0,0,9769808dfe284056,narL->nuoJ,shared_complete_observation_shared_scores,maximum,prefix,complete,0,100,0.2,0.9,biological_error,2151398048,921666314,2151398048,narL,nuoJ,False,identifiable,arcA|fis|fnr|ihfA|ihfB|modE|rpoD,100,0.09529159421198709,0.2862798392033296,0.45821589919374234,0.3328617009048494,0.45145490023937584,1755,,,,[],0,,False,True,
csd-20260805_174708,paired_hierarchical,1,0,0,9769808dfe284056,narL->nuoK,shared_complete_observation_shared_scores,maximum,prefix,complete,0,100,0.2,0.9,biological_error,2151398048,921666314,2151398048,narL,nuoK,False,identifiable,arcA|fis|fnr|ihfA|ihfB|modE|rpoD,100,0.08405524882631987,0.17236816579430392,0.1661126648906026,0.48764949397110524,0.22747136583014918,1755,,,,[],0,,False,True,
csd-20260805_174708,paired_hierarchical,1,0,0,9769808dfe284056,narL->nuoL,shared_complete_observation_shared_scores,maximum,prefix,complete,0,100,0.2,0.9,biological_error,2151398048,921666314,2151398048,narL,nuoL,False,identifiable,arcA|fis|fnr|ihfA|ihfB|modE|rpoD,100,0.05377128793581392,0.1928953195727065,0.20803289131615893,0.2787589043369522,0.1458397945524587,1755,,,,[],0,,False,True,
csd-20260805_174708,paired_hierarchical,1,0,0,9769808dfe284056,narL->nuoM,shared_complete_observation_shared_scores,maximum,prefix,complete,0,100,0.2,0.9,biological_error,2151398048,921666314,2151398048,narL,nuoM,False,identifiable,arcA|fis|fnr|ihfA|ihfB|modE|rpoD,100,0.11230413041005066,0.15830285676032224,0.14010903104894806,0.7094257975399917,0.15893981453571543,1755,,,,[],0,,False,True,
csd-20260805_174708,paired_hierarchical,1,0,0,9769808dfe284056,narL->nuoN,shared_complete_observation_shared_scores,maximum,prefix,complete,0,100,0.2,0.9,biological_error,2151398048,921666314,2151398048,narL,nuoN,False,identifiable,arcA|fis|fnr|ihfA|ihfB|modE|ompR|rpoD,100,0.015658111224273234,0.19661243348527785,0.2161219401628336,0.07963947623610335,0.17200077189624138,1755,,,,[],0,,False,True,
csd-20260805_174708,paired_hierarchical,1,0,0,9769808dfe284056,narL->ogt,shared_complete_observation_shared_scores,maximum,prefix,complete,0,100,0.2,0.9,biological_error,2151398048,921666314,2151398048,narL,ogt,False,identifiable,fis|fnr|modE|rpoD,100,0.04860305781655877,0.1058930523944316,0.0631202851846748,0.45898249901723076,0.21993020754587783,1755,,,,[],0,,False,True,
csd-20260805_174708,paired_hierarchical,1,0,0,9769808dfe284056,narL->ompW,shared_complete_observation_shared_scores,maximum,prefix,complete,0,100,0.2,0.9,biological_error,2151398048,921666314,2151398048,narL,ompW,False,identifiable,arcA|crp|fnr|fur|modE|rpoD|soxS,100,0.03760714903145254,0.11488201277176563,0.09204244200407073,0.3273545451032974,-0.13184813080061214,1755,,,,[],0,,False,True,
csd-20260805_174708,paired_hierarchical,1,0,0,9769808dfe284056,narL->pflB,shared_complete_observation_shared_scores,maximum,prefix,complete,0,100,0.2,0.9,biological_error,2151398048,921666314,2151398048,narL,pflB,False,identifiable,arcA|cpxR|crp|fis|fnr|ihfA|ihfB|modE|rpoD|srsR|yeiE,100,-0.4380919362295197,0.20722607660579373,0.2322660013875056,-2.114077259991281,-0.2795489962546008,1755,,,,[],0,,False,True,
csd-20260805_174708,paired_hierarchical,1,0,0,9769808dfe284056,narL->poxB,shared_complete_observation_shared_scores,maximum,prefix,complete,0,100,0.2,0.9,biological_error,2151398048,921666314,2151398048,narL,poxB,False,identifiable,cra|fnr|marA|modE|narP|nsrR|oxyR|rpoD|rpoS|soxS,100,-0.06518516125263536,0.13317642139375724,0.10951864646020089,-0.4894647308467997,0.1506036259129255,1755,,,,[],0,,False,True,
csd-20260805_174708,paired_hierarchical,1,0,0,9769808dfe284056,narL->torA,shared_complete_observation_shared_scores,maximum,prefix,complete,0,100,0.2,0.9,biological_error,2151398048,921666314,2151398048,narL,torA,False,identifiable,fnr|modE|nac|rpoD|torR,100,0.006528708199512444,0.10672156618254783,0.08176386703609637,0.06117515356123103,-0.17789750239546379,1755,,,,[],0,,False,True,
csd-20260805_174708,paired_hierarchical,1,0,0,9769808dfe284056,narL->torC,shared_complete_observation_shared_scores,maximum,prefix,complete,0,100,0.2,0.9,biological_error,2151398048,921666314,2151398048,narL,torC,False,identifiable,fnr|modE|rpoD|torR,100,0.012277631005191993,0.11874324446456636,0.10126781968491216,0.10339645897797332,-0.09684365301726136,1755,,,,[],0,,False,True,
csd-20260805_174708,paired_hierarchical,1,0,0,9769808dfe284056,narL->torD,shared_complete_observation_shared_scores,maximum,prefix,complete,0,100,0.2,0.9,biological_error,2151398048,921666314,2151398048,narL,torD,False,identifiable,fnr|modE|rpoD|torR,100,0.011848980532366733,0.1073640331952207,0.08278873995893438,0.1103626622411032,-0.30810761657363744,1755,,,,[],0,,False,True,
csd-20260805_174708,paired_hierarchical,1,0,0,9769808dfe284056,narL->ubiA,shared_complete_observation_shared_scores,maximum,prefix,complete,0,100,0.2,0.9,biological_error,2151398048,921666314,2151398048,narL,ubiA,False,identifiable,arcA|fnr|ihfA|ihfB|lrp|modE|nac|rpoD,100,0.12413251719572568,0.16175444139489895,0.18699344734886714,0.7674133465842521,-0.3330372369857629,1755,,,,[],0,,False,True,
csd-20260805_174708,paired_hierarchical,1,0,0,9769808dfe284056,narL->ubiC,shared_complete_observation_shared_scores,maximum,prefix,complete,0,100,0.2,0.9,biological_error,2151398048,921666314,2151398048,narL,ubiC,False,identifiable,arcA|fnr|ihfA|ihfB|modE|rpoD,100,0.032305732957026614,0.16886053443352192,0.20410761392029017,0.1913160648543662,-0.23467761643194868,1755,,,,[],0,,False,True,
csd-20260805_174708,paired_hierarchical,1,0,0,9769808dfe284056,narL->ydeP,shared_complete_observation_shared_scores,maximum,prefix,complete,0,100,0.2,0.9,biological_error,2151398048,921666314,2151398048,narL,ydeP,False,identifiable,evgA|fnr|hns|modE|nac|nagC|narP|phoP|rcsB|rpoD|uvrY,100,0.24159129794702308,0.23530737648102654,0.39675376252353606,1.0267051613934561,0.0985947147120908,1755,,,,[],0,,False,True,
csd-20260805_174708,paired_hierarchical,1,0,0,9769808dfe284056,narL->ydhT,shared_complete_observation_shared_scores,maximum,prefix,complete,0,100,0.2,0.9,biological_error,2151398048,921666314,2151398048,narL,ydhT,False,identifiable,fnr|modE|narP|rpoD|rpoS,100,0.06891486031747002,0.14797547611349157,0.1485235984024208,0.46571811848481526,-0.22177781790878665,1755,,,,[],0,,False,True,
csd-20260805_174708,paired_hierarchical,1,0,0,9769808dfe284056,narL->ydhU,shared_complete_observation_shared_scores,maximum,prefix,complete,0,100,0.2,0.9,biological_error,2151398048,921666314,2151398048,narL,ydhU,False,identifiable,fnr|modE|narP|rpoD|rpoS,100,-0.0025351099086050634,0.14060964843949306,0.13410538444149414,-0.018029416450009605,-0.14919671292941844,1755,,,,[],0,,False,True,
csd-20260805_174708,paired_hierarchical,1,0,0,9769808dfe284056,narL->ydhV,shared_complete_observation_shared_scores,maximum,prefix,complete,0,100,0.2,0.9,biological_error,2151398048,921666314,2151398048,narL,ydhV,False,identifiable,fnr|modE|narP|rpoD|rpoS,100,-0.07352576162977699,0.09993470138737794,0.06774053291129574,-0.7357380430324028,-0.09811688452301227,1755,,,,[],0,,False,True,
csd-20260805_174708,paired_hierarchical,1,0,0,9769808dfe284056,narL->ydhW,shared_complete_observation_shared_scores,maximum,prefix,complete,0,100,0.2,0.9,biological_error,2151398048,921666314,2151398048,narL,ydhW,False,identifiable,fnr|modE|narP|rpoD|rpoS,100,0.02462322694716443,0.17347940252180438,0.2041323363237457,0.141937466864803,-0.054407094863901155,1755,,,,[],0,,False,True,
csd-20260805_174708,paired_hierarchical,1,0,0,9769808dfe284056,narL->ydhX,shared_complete_observation_shared_scores,maximum,prefix,complete,0,100,0.2,0.9,biological_error,2151398048,921666314,2151398048,narL,ydhX,False,identifiable,fnr|modE|narP|rpoD|rpoS,100,0.006661723543701365,0.0913870311648396,0.05664806875410931,0.07289572118482833,-0.17066173456758843,1755,,,,[],0,,False,True,
csd-20260805_174708,paired_hierarchical,1,0,0,9769808dfe284056,narL->ydhY,shared_complete_observation_shared_scores,maximum,prefix,complete,0,100,0.2,0.9,biological_error,2151398048,921666314,2151398048,narL,ydhY,False,identifiable,fnr|modE|narP|rpoD|rpoS,100,0.006461291641034286,0.0916929487780963,0.05702796176980266,0.07046661414141112,-0.17226700590320984,1755,,,,[],0,,False,True,
csd-20260805_174708,paired_hierarchical,1,0,0,9769808dfe284056,narL->yeaR,shared_complete_observation_shared_scores,maximum,prefix,complete,0,100,0.2,0.9,biological_error,2151398048,921666314,2151398048,narL,yeaR,False,identifiable,fis|fnr|modE|narP|nsrR|rpoD,100,0.03824562769690039,0.184942174022689,0.1924948084724513,0.20679776205187442,0.34830143778458295,1755,,,,[],0,,False,True,
csd-20260805_174708,paired_hierarchical,1,0,0,9769808dfe284056,narL->ynfE,shared_complete_observation_shared_scores,maximum,prefix,complete,0,100,0.2,0.9,biological_error,2151398048,921666314,2151398048,narL,ynfE,False,identifiable,fnr|modE|nac|rpoD|rpoS,100,0.021874552354752788,0.15803125612201835,0.16929212340285182,0.13841915132195817,-0.2937816921010565,1755,,,,[],0,,False,True,
csd-20260805_174708,paired_hierarchical,1,0,0,9769808dfe284056,narL->ynfF,shared_complete_observation_shared_scores,maximum,prefix,complete,0,100,0.2,0.9,biological_error,2151398048,921666314,2151398048,narL,ynfF,False,identifiable,fnr|modE|nac|rpoD|rpoS,100,-0.029652053996097313,0.11638253008760974,0.09181768877751942,-0.2547809707674856,-0.48962958088850245,1755,,,,[],0,,False,True,
csd-20260805_174708,paired_hierarchical,1,0,0,9769808dfe284056,narL->ynfG,shared_complete_observation_shared_scores,maximum,prefix,complete,0,100,0.2,0.9,biological_error,2151398048,921666314,2151398048,narL,ynfG,False,identifiable,fnr|modE|nac|rpoD|rpoS,100,0.06551739169594163,0.12687535774728065,0.10912024381547404,0.5163917789807838,-0.1393317910487349,1755,,,,[],0,,False,True,
csd-20260805_174708,paired_hierarchical,1,0,0,9769808dfe284056,narL->ynfH,shared_complete_observation_shared_scores,maximum,prefix,complete,0,100,0.2,0.9,biological_error,2151398048,921666314,2151398048,narL,ynfH,False,identifiable,fnr|modE|rpoD|rpoS,100,0.041329734851833964,0.15656162151331346,0.16631124004472184,0.26398381961264644,-0.14847586480729663,1755,,,,[],0,,False,True,
csd-20260805_174708,paired_hierarchical,1,0,0,9769808dfe284056,narL->yoaG,shared_complete_observation_shared_scores,maximum,prefix,complete,0,100,0.2,0.9,biological_error,2151398048,921666314,2151398048,narL,yoaG,False,identifiable,fis|fnr|modE|narP|nsrR|rpoD,100,-0.005368901959104172,0.112831880156783,0.0716491024213135,-0.04758320034766712,0.08546339481637431,1755,,,,[],0,,False,True,
csd-20260805_174708,paired_hierarchical,1,0,0,9769808dfe284056,narL->ytfE,shared_complete_observation_shared_scores,maximum,prefix,complete,0,100,0.2,0.9,biological_error,2151398048,921666314,2151398048,narL,ytfE,False,identifiable,fnr|modE|narP|nsrR|rpoD,100,0.19527512297377622,0.1428526585106924,0.1465137293535416,1.3669687705473121,0.17187538891972615,1755,,,,[],0,,False,True,
csd-20260805_174708,paired_hierarchical,1,0,0,9769808dfe284056,nfeR->nfeF,shared_complete_observation_shared_scores,maximum,prefix,complete,0,100,0.2,0.9,biological_error,2151398048,921666314,2151398048,nfeR,nfeF,False,identifiable,fnr|fur|rpoD,100,0.004074153916191929,0.2675769894402505,0.014115203781671044,0.015226099690839377,-0.09017714438589967,1755,,,,[],0,,False,True,
csd-20260805_174708,paired_hierarchical,1,0,0,9769808dfe284056,nikR->nikA,shared_complete_observation_shared_scores,maximum,prefix,complete,0,100,0.2,0.9,biological_error,2151398048,921666314,2151398048,nikR,nikA,False,identifiable,fnr|narL|rpoN,100,-0.7199967925043683,0.3922287675784558,0.24367195566083216,-1.8356552400515866,-0.2994991170918872,1755,,,,[],0,,False,True,
csd-20260805_174708,paired_hierarchical,1,0,0,9769808dfe284056,nikR->nikB,shared_complete_observation_shared_scores,maximum,prefix,complete,0,100,0.2,0.9,biological_error,2151398048,921666314,2151398048,nikR,nikB,False,identifiable,fnr|narL|rpoN,100,-0.21006466695782128,0.23411910403462344,0.08681611932891684,-0.8972555564143762,-0.13500062727250864,1755,,,,[],0,,False,True,
csd-20260805_174708,paired_hierarchical,1,0,0,9769808dfe284056,nikR->nikC,shared_complete_observation_shared_scores,maximum,prefix,complete,0,100,0.2,0.9,biological_error,2151398048,921666314,2151398048,nikR,nikC,False,identifiable,fnr|narL|rpoN,100,0.0173922190116072,0.31304663243978614,0.15521894766904026,0.05555791760498351,-0.11351755025870046,1755,,,,[],0,,False,True,
csd-20260805_174708,paired_hierarchical,1,0,0,9769808dfe284056,nikR->nikD,shared_complete_observation_shared_scores,maximum,prefix,complete,0,100,0.2,0.9,biological_error,2151398048,921666314,2151398048,nikR,nikD,False,identifiable,fnr|narL|rpoN,100,0.2895339339308987,0.1955409215286817,0.060562246607232466,1.4806820570722852,-0.218724570428001,1755,,,,[],0,,False,True,
csd-20260805_174708,paired_hierarchical,1,0,0,9769808dfe284056,nikR->nikE,shared_complete_observation_shared_scores,maximum,prefix,complete,0,100,0.2,0.9,biological_error,2151398048,921666314,2151398048,nikR,nikE,False,identifiable,fnr|narL|rpoN,100,0.027522508786368336,0.3831416901490446,0.23251205983020223,0.07183376148824186,-0.1294977116913651,1755,,,,[],0,,False,True,
csd-20260805_174708,paired_hierarchical,1,0,0,9769808dfe284056,iscR->erpA,shared_complete_observation_shared_scores,maximum,prefix,complete,0,100,0.2,0.9,biological_error,2151398048,921666314,2151398048,iscR,erpA,False,identifiable,fur|rpoD,100,-0.019213553828587596,0.11447608983052812,0.1219875876387843,-0.16783901212062352,-0.1319581083680579,1755,,,,[],0,,False,True,
csd-20260805_174708,paired_hierarchical,1,0,0,9769808dfe284056,iscR->hyaA,shared_complete_observation_shared_scores,maximum,prefix,complete,0,100,0.2,0.9,biological_error,2151398048,921666314,2151398048,iscR,hyaA,False,identifiable,appY|arcA|fis|narL|narP|rpoD|rpoS|ydeO,100,0.021101533998326708,0.19186014134235982,0.33242644061414767,0.10998393856425148,-0.40843694842569295,1755,,,,[],0,,False,True,
csd-20260805_174708,paired_hierarchical,1,0,0,9769808dfe284056,iscR->hyaB,shared_complete_observation_shared_scores,maximum,prefix,complete,0,100,0.2,0.9,biological_error,2151398048,921666314,2151398048,iscR,hyaB,False,identifiable,appY|arcA|fis|narL|narP|rpoD|rpoS|ydeO,100,-0.1099610646035238,0.08023623739665917,0.058138945260475784,-1.3704663649656919,-0.10564416107309067,1755,,,,[],0,,False,True,
csd-20260805_174708,paired_hierarchical,1,0,0,9769808dfe284056,iscR->hyaC,shared_complete_observation_shared_scores,maximum,prefix,complete,0,100,0.2,0.9,biological_error,2151398048,921666314,2151398048,iscR,hyaC,False,identifiable,appY|arcA|fis|narL|narP|rpoD|rpoS|ydeO,100,-0.07571329958608937,0.06187635553466352,0.03457605909079615,-1.2236224795701536,-0.4239714702411017,1755,,,,[],0,,False,True,
csd-20260805_174708,paired_hierarchical,1,0,0,9769808dfe284056,iscR->hyaD,shared_complete_observation_shared_scores,maximum,prefix,complete,0,100,0.2,0.9,biological_error,2151398048,921666314,2151398048,iscR,hyaD,False,identifiable,appY|arcA|fis|narL|narP|rpoD|rpoS|ydeO,100,-0.27200542626710794,0.17841015027036183,0.28745188265116384,-1.524607349160977,-0.19140463919762168,1755,,,,[],0,,False,True,
csd-20260805_174708,paired_hierarchical,1,0,0,9769808dfe284056,iscR->hyaE,shared_complete_observation_shared_scores,maximum,prefix,complete,0,100,0.2,0.9,biological_error,2151398048,921666314,2151398048,iscR,hyaE,False,identifiable,appY|arcA|fis|narL|narP|rpoD|rpoS|ydeO,100,-0.008428769173834512,0.13485767757062822,0.16423941592126054,-0.06250121851179116,-0.4950267396202583,1755,,,,[],0,,False,True,
csd-20260805_174708,paired_hierarchical,1,0,0,9769808dfe284056,iscR->hyaF,shared_complete_observation_shared_scores,maximum,prefix,complete,0,100,0.2,0.9,biological_error,2151398048,921666314,2151398048,iscR,hyaF,False,identifiable,appY|arcA|fis|narL|narP|rpoD|rpoS|ydeO,100,0.06017380778252042,0.07826795825481503,0.055321512941148045,0.7688179061297864,-0.15527607830714413,1755,,,,[],0,,False,True,
csd-20260805_174708,paired_hierarchical,1,0,0,9769808dfe284056,iscR->iscA,shared_complete_observation_shared_scores,maximum,prefix,complete,0,100,0.2,0.9,biological_error,2151398048,921666314,2151398048,iscR,iscA,False,identifiable,rpoD,100,-0.11463733456517894,0.1673759428356368,0.26078149297281167,-0.6849092684589255,-0.21712874370759316,1755,,,,[],0,,False,True,
csd-20260805_174708,paired_hierarchical,1,0,0,9769808dfe284056,iscR->iscS,shared_complete_observation_shared_scores,maximum,prefix,complete,0,100,0.2,0.9,biological_error,2151398048,921666314,2151398048,iscR,iscS,False,identifiable,rpoD,100,0.05319877421467011,0.058842480685534465,0.03223091548777743,0.9040878901583805,-0.09878092763198522,1755,,,,[],0,,False,True,
csd-20260805_174708,paired_hierarchical,1,0,0,9769808dfe284056,iscR->iscU,shared_complete_observation_shared_scores,maximum,prefix,complete,0,100,0.2,0.9,biological_error,2151398048,921666314,2151398048,iscR,iscU,False,identifiable,rpoD,100,-0.07767629855820182,0.11205731731123228,0.11688832538088387,-0.6931836351432606,-0.1046797964298446,1755,,,,[],0,,False,True,
csd-20260805_174708,paired_hierarchical,1,0,0,9769808dfe284056,iscR->napA,shared_complete_observation_shared_scores,maximum,prefix,complete,0,100,0.2,0.9,biological_error,2151398048,921666314,2151398048,iscR,napA,False,identifiable,flhC|flhD|fnr|modE|narL|narP|rpoD,100,0.08478789191067997,0.1938027054254561,0.3418521518142684,0.4374959148508513,-0.13844172503506835,1755,,,,[],0,,False,True,
csd-20260805_174708,paired_hierarchical,1,0,0,9769808dfe284056,iscR->napB,shared_complete_observation_shared_scores,maximum,prefix,complete,0,100,0.2,0.9,biological_error,2151398048,921666314,2151398048,iscR,napB,False,identifiable,flhC|flhD|fnr|modE|nac|narL|narP|rpoD,100,0.005761707460228839,0.11948284399885509,0.1249205578635023,0.04822204818194693,-0.24011895473009437,1755,,,,[],0,,False,True,
csd-20260805_174708,paired_hierarchical,1,0,0,9769808dfe284056,iscR->napC,shared_complete_observation_shared_scores,maximum,prefix,complete,0,100,0.2,0.9,biological_error,2151398048,921666314,2151398048,iscR,napC,False,identifiable,flhC|flhD|fnr|modE|nac|narL|narP|rpoD,100,0.02638435954373202,0.10517140314786345,0.09678724954953084,0.25087009162212565,-0.24256379363284622,1755,,,,[],0,,False,True,
csd-20260805_174708,paired_hierarchical,1,0,0,9769808dfe284056,iscR->napD,shared_complete_observation_shared_scores,maximum,prefix,complete,0,100,0.2,0.9,biological_error,2151398048,921666314,2151398048,iscR,napD,False,identifiable,flhC|flhD|fnr|modE|narL|narP|rpoD,100,-0.03836999470048523,0.18141477921039328,0.2995463115900324,-0.2115042383398442,-0.09086328281519253,1755,,,,[],0,,False,True,
csd-20260805_174708,paired_hierarchical,1,0,0,9769808dfe284056,iscR->napF,shared_complete_observation_shared_scores,maximum,prefix,complete,0,100,0.2,0.9,biological_error,2151398048,921666314,2151398048,iscR,napF,False,identifiable,flhC|flhD|fnr|lrp|modE|narL|narP|rpoD,100,0.20134617977520244,0.1285593097601358,0.14199498094504776,1.5661734661680387,-0.15381586124844865,1755,,,,[],0,,False,True,
csd-20260805_174708,paired_hierarchical,1,0,0,9769808dfe284056,iscR->napG,shared_complete_observation_shared_scores,maximum,prefix,complete,0,100,0.2,0.9,biological_error,2151398048,921666314,2151398048,iscR,napG,False,identifiable,flhC|flhD|fnr|modE|narL|narP|rpoD,100,0.1622720752540429,0.17036640406703604,0.264171864154111,0.9524887030555146,-0.5462736423359212,1755,,,,[],0,,False,True,
csd-20260805_174708,paired_hierarchical,1,0,0,9769808dfe284056,iscR->napH,shared_complete_observation_shared_scores,maximum,prefix,complete,0,100,0.2,0.9,biological_error,2151398048,921666314,2151398048,iscR,napH,False,identifiable,flhC|flhD|fnr|modE|narL|narP|rpoD,100,-0.043285734773939696,0.12562131495784695,0.14363005191568734,-0.3445731704724195,-0.11651280620842115,1755,,,,[],0,,False,True,
csd-20260805_174708,paired_hierarchical,1,0,0,9769808dfe284056,iscR->nfuA,shared_complete_observation_shared_scores,maximum,prefix,complete,0,100,0.2,0.9,biological_error,2151398048,921666314,2151398048,iscR,nfuA,False,identifiable,crp|gntR|rpoD|rpoH,100,0.007042010207530992,0.05397417060345225,0.02505199958208825,0.13047000312924822,-0.12177412549291626,1755,,,,[],0,,False,True,
csd-20260805_174708,paired_hierarchical,1,0,0,9769808dfe284056,iscR->nrdE,shared_complete_observation_shared_scores,maximum,prefix,complete,0,100,0.2,0.9,biological_error,2151398048,921666314,2151398048,iscR,nrdE,False,identifiable,fur|nrdR|rpoD,100,-0.06862635273779039,0.11728236152578395,0.12587822266330698,-0.5851378830115321,0.25544512480291065,1755,,,,[],0,,False,True,
csd-20260805_174708,paired_hierarchical,1,0,0,9769808dfe284056,iscR->nrdF,shared_complete_observation_shared_scores,maximum,prefix,complete,0,100,0.2,0.9,biological_error,2151398048,921666314,2151398048,iscR,nrdF,False,identifiable,fur|nrdR|rpoD,100,0.08665340369153077,0.1431085158923641,0.1874200950955359,0.6055083665091266,0.14989459285289436,1755,,,,[],0,,False,True,
csd-20260805_174708,paired_hierarchical,1,0,0,9769808dfe284056,iscR->nrdH,shared_complete_observation_shared_scores,maximum,prefix,complete,0,100,0.2,0.9,biological_error,2151398048,921666314,2151398048,iscR,nrdH,False,identifiable,fur|nrdR|rpoD,100,-0.18817591606470335,0.0715770787635011,0.0468849155086314,-2.6289968704430957,0.19366564387156926,1755,,,,[],0,,False,True,
csd-20260805_174708,paired_hierarchical,1,0,0,9769808dfe284056,iscR->nrdI,shared_complete_observation_shared_scores,maximum,prefix,complete,0,100,0.2,0.9,biological_error,2151398048,921666314,2151398048,iscR,nrdI,False,identifiable,fur|nrdR|rpoD,100,-0.00866784368591663,0.10718026633633206,0.10512714300218517,-0.08087163786957673,0.14469545200561373,1755,,,,[],0,,False,True,
csd-20260805_174708,paired_hierarchical,1,0,0,9769808dfe284056,iscR->rnlA,shared_complete_observation_shared_scores,maximum,prefix,complete,0,100,0.2,0.9,biological_error,2151398048,921666314,2151398048,iscR,rnlA,False,identifiable,rpoD|rpoH,100,0.08806645783164069,0.1561692667237609,0.2269689287330764,0.5639167019168793,-0.3214553934521431,1755,,,,[],0,,False,True,
csd-20260805_174708,paired_hierarchical,1,0,0,9769808dfe284056,iscR->rnlB,shared_complete_observation_shared_scores,maximum,prefix,complete,0,100,0.2,0.9,biological_error,2151398048,921666314,2151398048,iscR,rnlB,False,identifiable,nac|rpoD|rpoE,100,-0.04965501107576269,0.12353557754607833,0.13640483882374224,-0.40194907460760887,-0.1734545354329022,1755,,,,[],0,,False,True,
csd-20260805_174708,paired_hierarchical,1,0,0,9769808dfe284056,iscR->selO,shared_complete_observation_shared_scores,maximum,prefix,complete,0,100,0.2,0.9,biological_error,2151398048,921666314,2151398048,iscR,selO,False,identifiable,rpoD,100,-0.00700486260710468,0.12211952185232455,0.13882282722192085,-0.057360711054662075,0.21292164172217473,1755,,,,[],0,,False,True,
csd-20260805_174708,paired_hierarchical,1,0,0,9769808dfe284056,iscR->sufA,shared_complete_observation_shared_scores,maximum,prefix,complete,0,100,0.2,0.9,biological_error,2151398048,921666314,2151398048,iscR,sufA,False,identifiable,fur|ihfA|ihfB|nsrR|oxyR|rpoD,100,0.002661073663867467,0.04018256604522824,0.014340715411993629,0.06622458259316355,0.09348742117311132,1755,,,,[],0,,False,True,
csd-20260805_174708,paired_hierarchical,1,0,0,9769808dfe284056,iscR->sufB,shared_complete_observation_shared_scores,maximum,prefix,complete,0,100,0.2,0.9,biological_error,2151398048,921666314,2151398048,iscR,sufB,False,identifiable,fur|ihfA|ihfB|nsrR|oxyR|rpoD,100,0.10196374419744969,0.10796217986397283,0.10352345855246284,0.9444394724700735,0.23317468268075392,1755,,,,[],0,,False,True,
csd-20260805_174708,paired_hierarchical,1,0,0,9769808dfe284056,iscR->sufC,shared_complete_observation_shared_scores,maximum,prefix,complete,0,100,0.2,0.9,biological_error,2151398048,921666314,2151398048,iscR,sufC,False,identifiable,fur|ihfA|ihfB|nsrR|oxyR|rpoD,100,0.011775863804270561,0.06838350912599934,0.04153347309913492,0.17220326881109688,0.25629247032168706,1755,,,,[],0,,False,True,
csd-20260805_174708,paired_hierarchical,1,0,0,9769808dfe284056,iscR->sufD,shared_complete_observation_shared_scores,maximum,prefix,complete,0,100,0.2,0.9,biological_error,2151398048,921666314,2151398048,iscR,sufD,False,identifiable,fur|ihfA|ihfB|nsrR|oxyR|rpoD,100,0.006168390275349979,0.12878610309761443,0.14731042667906183,0.047896396637412034,0.18524546262167893,1755,,,,[],0,,False,True,
csd-20260805_174708,paired_hierarchical,1,0,0,9769808dfe284056,iscR->sufE,shared_complete_observation_shared_scores,maximum,prefix,complete,0,100,0.2,0.9,biological_error,2151398048,921666314,2151398048,iscR,sufE,False,identifiable,fur|ihfA|ihfB|nsrR|oxyR|rpoD,100,-0.04999070788309171,0.09737503874124545,0.08421525537801208,-0.513383188641721,0.18035944836635712,1755,,,,[],0,,False,True,
csd-20260805_174708,paired_hierarchical,1,0,0,9769808dfe284056,iscR->sufS,shared_complete_observation_shared_scores,maximum,prefix,complete,0,100,0.2,0.9,biological_error,2151398048,921666314,2151398048,iscR,sufS,False,identifiable,fur|ihfA|ihfB|nsrR|oxyR|rpoD,100,-0.009276792588418946,0.11896434847287456,0.12569822469208666,-0.07797960235569379,0.3375070081814059,1755,,,,[],0,,False,True,
csd-20260805_174708,paired_hierarchical,1,0,0,9769808dfe284056,iscR->torT,shared_complete_observation_shared_scores,maximum,prefix,complete,0,100,0.2,0.9,biological_error,2151398048,921666314,2151398048,iscR,torT,False,identifiable,rpoD,100,-0.16919501197518638,0.09357826233481421,0.08151558458495231,-1.8080589204555066,-0.1764514810961476,1755,,,,[],0,,False,True,
csd-20260805_174708,paired_hierarchical,1,0,0,9769808dfe284056,frmR->frmA,shared_complete_observation_shared_scores,maximum,prefix,complete,0,100,0.2,0.9,biological_error,2151398048,921666314,2151398048,frmR,frmA,False,identifiable,,100,0.07559850428764078,0.15531560791163626,0.089343361801887,0.48674119300779517,-0.20467998048868888,1755,,,,[],0,,False,True,
csd-20260805_174708,paired_hierarchical,1,0,0,9769808dfe284056,frmR->frmB,shared_complete_observation_shared_scores,maximum,prefix,complete,0,100,0.2,0.9,biological_error,2151398048,921666314,2151398048,frmR,frmB,False,identifiable,cpxR,100,7.368852567024272e-05,0.30306273002840056,0.3401541347727052,0.00024314611586630014,-0.18398145058326523,1755,,,,[],0,,False,True,
csd-20260805_174708,paired_hierarchical,1,0,0,9769808dfe284056,metJ->ahpC,shared_complete_observation_shared_scores,maximum,prefix,complete,0,100,0.2,0.9,biological_error,2151398048,921666314,2151398048,metJ,ahpC,False,identifiable,fur|nac|oxyR|rpoD,100,-0.002680874669503364,0.09481302786741243,0.19821904998842074,-0.028275382927885482,-0.428931263380332,1755,,,,[],0,,False,True,
csd-20260805_174708,paired_hierarchical,1,0,0,9769808dfe284056,metJ->ahpF,shared_complete_observation_shared_scores,maximum,prefix,complete,0,100,0.2,0.9,biological_error,2151398048,921666314,2151398048,metJ,ahpF,False,identifiable,fur|oxyR|rpoD|rpoE,100,0.11044554144152874,0.10504060262939258,0.24195281831109036,1.0514557102381261,-0.13250944192517933,1755,,,,[],0,,False,True,
csd-20260805_174708,paired_hierarchical,1,0,0,9769808dfe284056,metJ->folE,shared_complete_observation_shared_scores,maximum,prefix,complete,0,100,0.2,0.9,biological_error,2151398048,921666314,2151398048,metJ,folE,False,identifiable,arcA|fur|rpoD,100,-0.05540650003811507,0.09863499720134086,0.21597204226268682,-0.5617326670067758,-0.11496774256801782,1755,,,,[],0,,False,True,
csd-20260805_174708,paired_hierarchical,1,0,0,9769808dfe284056,metJ->metA,shared_complete_observation_shared_scores,maximum,prefix,complete,0,100,0.2,0.9,biological_error,2151398048,921666314,2151398048,metJ,metA,False,identifiable,fur|rpoD|rpoH,100,0.007275212417232415,0.09956681773536338,0.2206989059510383,0.07306864458166228,-0.08116571134312782,1755,,,,[],0,,False,True,
csd-20260805_174708,paired_hierarchical,1,0,0,9769808dfe284056,metJ->metB,shared_complete_observation_shared_scores,maximum,prefix,complete,0,100,0.2,0.9,biological_error,2151398048,921666314,2151398048,metJ,metB,False,identifiable,fur|hypT|phoP|rpoD,100,-0.026991956370033113,0.036665433011409225,0.029930238395528965,-0.7361690331499424,-0.22247688182607717,1755,,,,[],0,,False,True,
csd-20260805_174708,paired_hierarchical,1,0,0,9769808dfe284056,metJ->metC,shared_complete_observation_shared_scores,maximum,prefix,complete,0,100,0.2,0.9,biological_error,2151398048,921666314,2151398048,metJ,metC,False,identifiable,cpxR|fur|rpoD,100,0.0207803174502215,0.11008279905132315,0.2695307981517519,0.18876988620659285,-0.24984948557083633,1755,,,,[],0,,False,True,
csd-20260805_174708,paired_hierarchical,1,0,0,9769808dfe284056,metJ->metE,shared_complete_observation_shared_scores,maximum,prefix,complete,0,100,0.2,0.9,biological_error,2151398048,921666314,2151398048,metJ,metE,False,identifiable,fur|nac|oxyR|rpoD,100,-0.0027991615665908364,0.05763050543520009,0.07323424611107027,-0.04857083146248339,-0.20619622720392594,1755,,,,[],0,,False,True,
csd-20260805_174708,paired_hierarchical,1,0,0,9769808dfe284056,metJ->metF,shared_complete_observation_shared_scores,maximum,prefix,complete,0,100,0.2,0.9,biological_error,2151398048,921666314,2151398048,metJ,metF,False,identifiable,fur|rpoD,100,-0.03466699157253622,0.08602895812314029,0.16477884029771206,-0.40296886454110625,-0.10424744787584407,1755,,,,[],0,,False,True,
csd-20260805_174708,paired_hierarchical,1,0,0,9769808dfe284056,metJ->metI,shared_complete_observation_shared_scores,maximum,prefix,complete,0,100,0.2,0.9,biological_error,2151398048,921666314,2151398048,metJ,metI,False,identifiable,fur|hypT|rpoD,100,0.0004332218444569745,0.04181215875721005,0.038923709242709895,0.010361145115050301,-0.10108935231304762,1755,,,,[],0,,False,True,
csd-20260805_174708,paired_hierarchical,1,0,0,9769808dfe284056,metJ->metK,shared_complete_observation_shared_scores,maximum,prefix,complete,0,100,0.2,0.9,biological_error,2151398048,921666314,2151398048,metJ,metK,False,identifiable,crp|fur|lrp|rpoD|rpoS,100,0.0076523506774599705,0.04997799093173271,0.05532503454600833,0.15311441165997802,-0.14299950827032712,1755,,,,[],0,,False,True,
csd-20260805_174708,paired_hierarchical,1,0,0,9769808dfe284056,metJ->metL,shared_complete_observation_shared_scores,maximum,prefix,complete,0,100,0.2,0.9,biological_error,2151398048,921666314,2151398048,metJ,metL,False,identifiable,fur|hypT|phoP|rpoD,100,0.010580493036498446,0.08429777561946714,0.1582081198432069,0.12551331228786375,-0.13780293260256612,1755,,,,[],0,,False,True,
csd-20260805_174708,paired_hierarchical,1,0,0,9769808dfe284056,metJ->metN,shared_complete_observation_shared_scores,maximum,prefix,complete,0,100,0.2,0.9,biological_error,2151398048,921666314,2151398048,metJ,metN,False,identifiable,fur|hypT|rpoD,100,-0.004532668417674791,0.04142453029696925,0.038205353627052595,-0.10941991098463741,-0.172437484670413,1755,,,,[],0,,False,True,
csd-20260805_174708,paired_hierarchical,1,0,0,9769808dfe284056,metJ->metQ,shared_complete_observation_shared_scores,maximum,prefix,complete,0,100,0.2,0.9,biological_error,2151398048,921666314,2151398048,metJ,metQ,False,identifiable,fur|hypT|rpoD,100,0.0134843354143299,0.07359834234446869,0.12059938802371153,0.18321520546234588,-0.1607116666874592,1755,,,,[],0,,False,True,
csd-20260805_174708,paired_hierarchical,1,0,0,9769808dfe284056,metJ->metR,shared_complete_observation_shared_scores,maximum,prefix,complete,0,100,0.2,0.9,biological_error,2151398048,921666314,2151398048,metJ,metR,False,identifiable,fur|nac|oxyR|rpoD,100,-0.0015090859847555452,0.044305933167451336,0.04328457267878957,-0.034060584596019114,-0.14405003681464615,1755,,,,[],0,,False,True,
csd-20260805_174708,paired_hierarchical,1,0,0,9769808dfe284056,metJ->yeiB,shared_complete_observation_shared_scores,maximum,prefix,complete,0,100,0.2,0.9,biological_error,2151398048,921666314,2151398048,metJ,yeiB,False,identifiable,fur|rpoD,100,0.004844893341776679,0.08062309419830234,0.14472082808882916,0.060093120835328806,-0.13469269876854048,1755,,,,[],0,,False,True,
csd-20260805_174708,paired_hierarchical,1,0,0,9769808dfe284056,purR->carA,shared_complete_observation_shared_scores,maximum,prefix,complete,0,100,0.2,0.9,biological_error,2151398048,921666314,2151398048,purR,carA,False,identifiable,arcA|argR|cpxR|fis|fur|ihfA|ihfB|pepA|rpoD|rutR,100,-0.013242860841288333,0.140261824710363,0.08075864512081476,-0.09441528989541163,-0.09986382210802804,1755,,,,[],0,,False,True,
csd-20260805_174708,paired_hierarchical,1,0,0,9769808dfe284056,purR->carB,shared_complete_observation_shared_scores,maximum,prefix,complete,0,100,0.2,0.9,biological_error,2151398048,921666314,2151398048,purR,carB,False,identifiable,argR|cpxR|fis|fur|ihfA|ihfB|pepA|rpoD|rutR,100,0.06343638410731074,0.17328103917439858,0.12327034383829232,0.36608958723675034,-0.17037783999351047,1755,,,,[],0,,False,True,
csd-20260805_174708,paired_hierarchical,1,0,0,9769808dfe284056,purR->codA,shared_complete_observation_shared_scores,maximum,prefix,complete,0,100,0.2,0.9,biological_error,2151398048,921666314,2151398048,purR,codA,False,identifiable,fur|nac|rpoD,100,-0.10443794822739447,0.1583076438474119,0.10585399122132698,-0.6597151324421148,-0.08312803965227594,1755,,,,[],0,,False,True,
csd-20260805_174708,paired_hierarchical,1,0,0,9769808dfe284056,purR->codB,shared_complete_observation_shared_scores,maximum,prefix,complete,0,100,0.2,0.9,biological_error,2151398048,921666314,2151398048,purR,codB,False,identifiable,fur|nac|rpoD,100,-0.04523279291605931,0.206410105201426,0.1799556049062562,-0.2191403995066944,-0.1709324562671461,1755,,,,[],0,,False,True,
csd-20260805_174708,paired_hierarchical,1,0,0,9769808dfe284056,purR->cvpA,shared_complete_observation_shared_scores,maximum,prefix,complete,0,100,0.2,0.9,biological_error,2151398048,921666314,2151398048,purR,cvpA,False,identifiable,argR|fur|rpoD,100,-0.3210227046997585,0.10258211852502698,0.044478171584067125,-3.1294216703219924,-0.15514662561614337,1755,,,,[],0,,False,True,
csd-20260805_174708,paired_hierarchical,1,0,0,9769808dfe284056,purR->gcvH,shared_complete_observation_shared_scores,maximum,prefix,complete,0,100,0.2,0.9,biological_error,2151398048,921666314,2151398048,purR,gcvH,False,identifiable,crp|fnr|fur|gcvA|lrp|rpoD,100,-0.0406281798281429,0.17781519241756494,0.13275373487091838,-0.22848542509649794,-0.6540037150201025,1755,,,,[],0,,False,True,
csd-20260805_174708,paired_hierarchical,1,0,0,9769808dfe284056,purR->gcvP,shared_complete_observation_shared_scores,maximum,prefix,complete,0,100,0.2,0.9,biological_error,2151398048,921666314,2151398048,purR,gcvP,False,identifiable,crp|fnr|fur|gcvA|lrp|rpoD,100,0.025997732981359982,0.1691994491313376,0.12020067587867884,0.1536514043918652,-0.17525210961179297,1755,,,,[],0,,False,True,
csd-20260805_174708,paired_hierarchical,1,0,0,9769808dfe284056,purR->gcvT,shared_complete_observation_shared_scores,maximum,prefix,complete,0,100,0.2,0.9,biological_error,2151398048,921666314,2151398048,purR,gcvT,False,identifiable,crp|fnr|fur|gcvA|lrp|nac|rpoD,100,-0.05774213398617377,0.21759175021039637,0.1986132518109279,-0.26536913247097405,-0.1711336190631582,1755,,,,[],0,,False,True,
csd-20260805_174708,paired_hierarchical,1,0,0,9769808dfe284056,purR->glnB,shared_complete_observation_shared_scores,maximum,prefix,complete,0,100,0.2,0.9,biological_error,2151398048,921666314,2151398048,purR,glnB,False,identifiable,fur|rpoD,100,-0.28442296925182237,0.21859203525547677,0.20196706820716118,-1.30115888677923,-0.18002380513908967,1755,,,,[],0,,False,True,
csd-20260805_174708,paired_hierarchical,1,0,0,9769808dfe284056,purR->glyA,shared_complete_observation_shared_scores,maximum,prefix,complete,0,100,0.2,0.9,biological_error,2151398048,921666314,2151398048,purR,glyA,False,identifiable,fur|metR|rpoD,100,-0.017448351261502695,0.11811833320555229,0.05897172031726368,-0.1477192471988126,-0.2759482450451187,1755,,,,[],0,,False,True,
csd-20260805_174708,paired_hierarchical,1,0,0,9769808dfe284056,purR->guaA,shared_complete_observation_shared_scores,maximum,prefix,complete,0,100,0.2,0.9,biological_error,2151398048,921666314,2151398048,purR,guaA,False,identifiable,crp|dnaA|fis|fur|rpoD,100,-0.15591228386756878,0.18945378687498013,0.15152174470934437,-0.82295680883093,-0.06349740126952289,1755,,,,[],0,,False,True,
csd-20260805_174708,paired_hierarchical,1,0,0,9769808dfe284056,purR->guaB,shared_complete_observation_shared_scores,maximum,prefix,complete,0,100,0.2,0.9,biological_error,2151398048,921666314,2151398048,purR,guaB,False,identifiable,crp|dnaA|fis|fur|rpoD,100,-0.055202241714747136,0.1713183337587477,0.12390135757384867,-0.3222202814118162,-0.17337751849822303,1755,,,,[],0,,False,True,
csd-20260805_174708,paired_hierarchical,1,0,0,9769808dfe284056,purR->hflD,shared_complete_observation_shared_scores,maximum,prefix,complete,0,100,0.2,0.9,biological_error,2151398048,921666314,2151398048,purR,hflD,False,identifiable,fur|rpoD,100,0.0019019566976282189,0.16346947665319345,0.11294974071192242,0.011634934769279836,-0.1518119832983747,1755,,,,[],0,,False,True,
csd-20260805_174708,paired_hierarchical,1,0,0,9769808dfe284056,purR->prs,shared_complete_observation_shared_scores,maximum,prefix,complete,0,100,0.2,0.9,biological_error,2151398048,921666314,2151398048,purR,prs,False,identifiable,fliA|fur|rpoD,100,0.31307858009469713,0.17267223415127778,0.1260011089498424,1.8131379467784592,-0.12031295179568711,1755,,,,[],0,,False,True,
csd-20260805_174708,paired_hierarchical,1,0,0,9769808dfe284056,purR->purA,shared_complete_observation_shared_scores,maximum,prefix,complete,0,100,0.2,0.9,biological_error,2151398048,921666314,2151398048,purR,purA,False,identifiable,fur|gadE|marA|rpoD,100,-0.04290430428214873,0.17744556698144823,0.13108127714602774,-0.2417885383782754,-0.11775962934898933,1755,,,,[],0,,False,True,
csd-20260805_174708,paired_hierarchical,1,0,0,9769808dfe284056,purR->purB,shared_complete_observation_shared_scores,maximum,prefix,complete,0,100,0.2,0.9,biological_error,2151398048,921666314,2151398048,purR,purB,False,identifiable,fur|rpoD,100,0.03068804355818295,0.1533642741123295,0.099416919160576,0.20009903698762285,-0.26495597913726354,1755,,,,[],0,,False,True,
csd-20260805_174708,paired_hierarchical,1,0,0,9769808dfe284056,purR->purC,shared_complete_observation_shared_scores,maximum,prefix,complete,0,100,0.2,0.9,biological_error,2151398048,921666314,2151398048,purR,purC,False,identifiable,fur|rpoD,100,-0.02829287672364792,0.18297950794123177,0.14151966914506828,-0.15462319820389314,-0.1163280827591828,1755,,,,[],0,,False,True,
csd-20260805_174708,paired_hierarchical,1,0,0,9769808dfe284056,purR->purD,shared_complete_observation_shared_scores,maximum,prefix,complete,0,100,0.2,0.9,biological_error,2151398048,921666314,2151398048,purR,purD,False,identifiable,fur|phoP|rbsR|rpoD,100,-0.07193745349933081,0.22969910685615336,0.22241525776824725,-0.3131812503928493,-0.0875371705772661,1755,,,,[],0,,False,True,
csd-20260805_174708,paired_hierarchical,1,0,0,9769808dfe284056,purR->purE,shared_complete_observation_shared_scores,maximum,prefix,complete,0,100,0.2,0.9,biological_error,2151398048,921666314,2151398048,purR,purE,False,identifiable,fur|rpoD,100,-0.044955495857921635,0.19720189980771938,0.1643743630324175,-0.22796684971978082,-0.1066785724004987,1755,,,,[],0,,False,True,
csd-20260805_174708,paired_hierarchical,1,0,0,9769808dfe284056,purR->purF,shared_complete_observation_shared_scores,maximum,prefix,complete,0,100,0.2,0.9,biological_error,2151398048,921666314,2151398048,purR,purF,False,identifiable,fur|rpoD,100,0.004962750652038227,0.15442273744077534,0.10079393202871678,0.032137434773435204,-0.19551471561985828,1755,,,,[],0,,False,True,
csd-20260805_174708,paired_hierarchical,1,0,0,9769808dfe284056,purR->purH,shared_complete_observation_shared_scores,maximum,prefix,complete,0,100,0.2,0.9,biological_error,2151398048,921666314,2151398048,purR,purH,False,identifiable,crp|fur|phoP|rbsR|rpoD,100,0.1900863184912343,0.18796853263496274,0.14889752827170868,1.0112667042008798,-0.25945370804767,1755,,,,[],0,,False,True,
csd-20260805_174708,paired_hierarchical,1,0,0,9769808dfe284056,purR->purK,shared_complete_observation_shared_scores,maximum,prefix,complete,0,100,0.2,0.9,biological_error,2151398048,921666314,2151398048,purR,purK,False,identifiable,fur|rpoD,100,0.027578802973095347,0.10085479368679424,0.042993716107701425,0.27345059133968036,-0.11099163616211616,1755,,,,[],0,,False,True,
csd-20260805_174708,paired_hierarchical,1,0,0,9769808dfe284056,purR->purL,shared_complete_observation_shared_scores,maximum,prefix,complete,0,100,0.2,0.9,biological_error,2151398048,921666314,2151398048,purR,purL,False,identifiable,fur|rpoD,100,0.11375403966817745,0.15717429541203004,0.10441789602626995,0.7237445497686052,-0.13762189362436325,1755,,,,[],0,,False,True,
csd-20260805_174708,paired_hierarchical,1,0,0,9769808dfe284056,purR->purM,shared_complete_observation_shared_scores,maximum,prefix,complete,0,100,0.2,0.9,biological_error,2151398048,921666314,2151398048,purR,purM,False,identifiable,fnr|fur|lrp|rpoD,100,0.028914102762729266,0.12961224811822294,0.07092279921809073,0.22308156198599308,-0.2247098668164992,1755,,,,[],0,,False,True,
csd-20260805_174708,paired_hierarchical,1,0,0,9769808dfe284056,purR->purN,shared_complete_observation_shared_scores,maximum,prefix,complete,0,100,0.2,0.9,biological_error,2151398048,921666314,2151398048,purR,purN,False,identifiable,fnr|fur|rpoD,100,0.026768843207277154,0.1276032013452066,0.06878774578530329,0.20978190927090498,-0.2485690916782775,1755,,,,[],0,,False,True,
csd-20260805_174708,paired_hierarchical,1,0,0,9769808dfe284056,purR->purT,shared_complete_observation_shared_scores,maximum,prefix,complete,0,100,0.2,0.9,biological_error,2151398048,921666314,2151398048,purR,purT,False,identifiable,fur|lrp|rpoD,100,-0.024174404775026786,0.14770780009027965,0.0921455779572819,-0.16366369792422122,-0.1566828926376071,1755,,,,[],0,,False,True,
csd-20260805_174708,paired_hierarchical,1,0,0,9769808dfe284056,purR->pyrC,shared_complete_observation_shared_scores,maximum,prefix,complete,0,100,0.2,0.9,biological_error,2151398048,921666314,2151398048,purR,pyrC,False,identifiable,fur|rpoD,100,0.12029739814024706,0.15383303750719135,0.10002559070016052,0.7819997582419409,-0.15298185866237488,1755,,,,[],0,,False,True,
csd-20260805_174708,paired_hierarchical,1,0,0,9769808dfe284056,purR->pyrD,shared_complete_observation_shared_scores,maximum,prefix,complete,0,100,0.2,0.9,biological_error,2151398048,921666314,2151398048,purR,pyrD,False,identifiable,fis|fur|rpoD,100,0.7145828414182646,0.20110937715858754,0.17089902328319018,3.55320498484151,-0.11915176373745996,1755,,,,[],0,,False,True,
csd-20260805_174708,paired_hierarchical,1,0,0,9769808dfe284056,purR->speA,shared_complete_observation_shared_scores,maximum,prefix,complete,0,100,0.2,0.9,biological_error,2151398048,921666314,2151398048,purR,speA,False,identifiable,fur|rpoD,100,0.3795742328759534,0.19462465190929742,0.16010599410059215,1.950288563921746,-0.29633173290874054,1755,,,,[],0,,False,True,
csd-20260805_174708,paired_hierarchical,1,0,0,9769808dfe284056,purR->speB,shared_complete_observation_shared_scores,maximum,prefix,complete,0,100,0.2,0.9,biological_error,2151398048,921666314,2151398048,purR,speB,False,identifiable,fur|rpoD|rpoS,100,-0.04035358888595396,0.15076508542502304,0.09558454278441487,-0.2676587140331121,-0.12390105763773585,1755,,,,[],0,,False,True,
csd-20260805_174708,paired_hierarchical,1,0,0,9769808dfe284056,purR->ubiX,shared_complete_observation_shared_scores,maximum,prefix,complete,0,100,0.2,0.9,biological_error,2151398048,921666314,2151398048,purR,ubiX,False,identifiable,fur|rpoD,100,0.010863713446410649,0.115399599884981,0.056288606841044746,0.09413995765356667,-0.21860727077733957,1755,,,,[],0,,False,True,
csd-20260805_174708,paired_hierarchical,1,0,0,9769808dfe284056,xynR->yagA,shared_complete_observation_shared_scores,maximum,prefix,complete,0,100,0.2,0.9,biological_error,2151398048,921666314,2151398048,xynR,yagA,False,identifiable,fur,100,0.001993739920633194,0.15444749875127653,0.12161366757630553,0.01290885211319562,-0.2161218696996538,1755,,,,[],0,,False,True,
csd-20260805_174708,paired_hierarchical,1,0,0,9769808dfe284056,xynR->yagB,shared_complete_observation_shared_scores,maximum,prefix,complete,0,100,0.2,0.9,biological_error,2151398048,921666314,2151398048,xynR,yagB,False,identifiable,fur,100,0.006091692943660673,0.155599757398916,0.12343503890438721,0.03914975862104469,-0.2858935704551092,1755,,,,[],0,,False,True,
csd-20260805_174708,paired_hierarchical,1,0,0,9769808dfe284056,xynR->yagE,shared_complete_observation_shared_scores,maximum,prefix,complete,0,100,0.2,0.9,biological_error,2151398048,921666314,2151398048,xynR,yagE,False,identifiable,fur,100,0.006428340623733366,0.1994454125660001,0.20280036408738425,0.03223107787252871,-0.07645087022754363,1755,,,,[],0,,False,True,
csd-20260805_174708,paired_hierarchical,1,0,0,9769808dfe284056,xynR->yagF,shared_complete_observation_shared_scores,maximum,prefix,complete,0,100,0.2,0.9,biological_error,2151398048,921666314,2151398048,xynR,yagF,False,identifiable,fur,100,-0.00027976582417800185,0.17439987663595455,0.15506471096799268,-0.0016041629706080014,-0.1502138890105768,1755,,,,[],0,,False,True,
csd-20260805_174708,paired_hierarchical,1,0,0,9769808dfe284056,gatR->gatA,shared_complete_observation_shared_scores,maximum,prefix,complete,0,100,0.2,0.9,biological_error,2151398048,921666314,2151398048,gatR,gatA,False,identifiable,arcA|crp|nac|rpoD,100,-0.039496976027921904,0.1299214476904501,0.14786467008844703,-0.3040065880579403,-0.20267150696186204,1755,,,,[],0,,False,True,
csd-20260805_174708,paired_hierarchical,1,0,0,9769808dfe284056,gatR->gatB,shared_complete_observation_shared_scores,maximum,prefix,complete,0,100,0.2,0.9,biological_error,2151398048,921666314,2151398048,gatR,gatB,False,identifiable,arcA|crp|rpoD,100,-0.14776104000456153,0.1703684968138424,0.25592885150810435,-0.8673025985902576,-0.1915029298607721,1755,,,,[],0,,False,True,
csd-20260805_174708,paired_hierarchical,1,0,0,9769808dfe284056,gatR->gatC,shared_complete_observation_shared_scores,maximum,prefix,complete,0,100,0.2,0.9,biological_error,2151398048,921666314,2151398048,gatR,gatC,False,identifiable,arcA|crp|rpoD,100,-0.11191768774651495,0.11007617894486393,0.10683839515111203,-1.0167294033941114,-0.22228491504051695,1755,,,,[],0,,False,True,
csd-20260805_174708,paired_hierarchical,1,0,0,9769808dfe284056,gatR->gatD,shared_complete_observation_shared_scores,maximum,prefix,complete,0,100,0.2,0.9,biological_error,2151398048,921666314,2151398048,gatR,gatD,False,identifiable,arcA|crp|rpoD,100,-0.20210369918686577,0.1073280812887074,0.10157045446338514,-1.8830458605070606,-0.14697706214533962,1755,,,,[],0,,False,True,
csd-20260805_174708,paired_hierarchical,1,0,0,9769808dfe284056,gatR->gatY,shared_complete_observation_shared_scores,maximum,prefix,complete,0,100,0.2,0.9,biological_error,2151398048,921666314,2151398048,gatR,gatY,False,identifiable,arcA|crp|rpoD,100,-0.00014736811570635372,0.14634644887475046,0.1888448048965539,-0.0010069811521868743,-0.2826769675454889,1755,,,,[],0,,False,True,
csd-20260805_174708,paired_hierarchical,1,0,0,9769808dfe284056,gatR->gatZ,shared_complete_observation_shared_scores,maximum,prefix,complete,0,100,0.2,0.9,biological_error,2151398048,921666314,2151398048,gatR,gatZ,False,identifiable,arcA|crp|rpoD,100,-0.0006178131564918575,0.13939691929374812,0.17133536587552814,-0.004432043115601093,-0.163023692608306,1755,,,,[],0,,False,True,
csd-20260805_174708,paired_hierarchical,1,0,0,9769808dfe284056,gcvA->gcvH,shared_complete_observation_shared_scores,maximum,prefix,complete,0,100,0.2,0.9,biological_error,2151398048,921666314,2151398048,gcvA,gcvH,False,identifiable,crp|fnr|glaR|lrp|purR|rpoD,100,-0.06502796954431006,0.1720160279829483,0.12658211758562354,-0.37803436288365055,-0.12072400230861044,1755,,,,[],0,,False,True,
csd-20260805_174708,paired_hierarchical,1,0,0,9769808dfe284056,gcvA->gcvP,shared_complete_observation_shared_scores,maximum,prefix,complete,0,100,0.2,0.9,biological_error,2151398048,921666314,2151398048,gcvA,gcvP,False,identifiable,crp|fnr|glaR|lrp|purR|rpoD,100,0.3770043802676506,0.16901764943043823,0.12220771995979819,2.2305622018652698,-0.08434196006056562,1755,,,,[],0,,False,True,
csd-20260805_174708,paired_hierarchical,1,0,0,9769808dfe284056,gcvA->gcvT,shared_complete_observation_shared_scores,maximum,prefix,complete,0,100,0.2,0.9,biological_error,2151398048,921666314,2151398048,gcvA,gcvT,False,identifiable,crp|fnr|glaR|lrp|nac|purR|rpoD,100,-0.017812915507449966,0.2156528902275631,0.1987520421320857,-0.08259993867299098,-0.17815641704173252,1755,,,,[],0,,False,True,
csd-20260805_174708,paired_hierarchical,1,0,0,9769808dfe284056,phoP->mgrB,shared_complete_observation_shared_scores,maximum,prefix,complete,0,100,0.2,0.9,biological_error,2151398048,921666314,2151398048,phoP,mgrB,False,identifiable,alpA|basR|btsR|glaR|glrR|nsrR|ptrR|rcdA,100,-0.01819820511238386,0.05137424878409031,0.05086146044191598,-0.3542281501548597,0.2732894734762236,1755,,,,[],0,,False,True,
csd-20260805_174708,paired_hierarchical,1,0,0,9769808dfe284056,phoP->rstB,shared_complete_observation_shared_scores,maximum,prefix,complete,0,100,0.2,0.9,biological_error,2151398048,921666314,2151398048,phoP,rstB,False,identifiable,alpA|basR|btsR|glaR|glrR|nsrR|ptrR|rcdA,100,-0.0010893132448031712,0.07226530088285144,0.10063695503788332,-0.015073807643436594,0.12639501501346692,1755,,,,[],0,,False,True,
csd-20260805_174708,paired_hierarchical,1,0,0,9769808dfe284056,phoP->slyB,shared_complete_observation_shared_scores,maximum,prefix,complete,0,100,0.2,0.9,biological_error,2151398048,921666314,2151398048,phoP,slyB,False,identifiable,alpA|basR|btsR|glaR|glrR|nsrR|ptrR|rcdA,100,0.029480837656868313,0.07832283231114663,0.11821555499946379,0.37640157776409605,-0.17916891664848955,1755,,,,[],0,,False,True,
csd-20260805_174708,paired_hierarchical,1,0,0,9769808dfe284056,phoP->ybjG,shared_complete_observation_shared_scores,maximum,prefix,complete,0,100,0.2,0.9,biological_error,2151398048,921666314,2151398048,phoP,ybjG,False,identifiable,alpA|basR|btsR|glaR|glrR|nsrR|ptrR|rcdA,100,0.02472724877840696,0.06165486508085773,0.07325420523312456,0.40105916614979575,0.066685634278688,1755,,,,[],0,,False,True,
csd-20260805_174708,paired_hierarchical,1,0,0,9769808dfe284056,glaR->alaE,shared_complete_observation_shared_scores,maximum,prefix,complete,0,100,0.2,0.9,biological_error,2151398048,921666314,2151398048,glaR,alaE,False,identifiable,alpA|basR|btsR|glrR|nsrR|ptrR|rcdA,100,-0.14085309534620558,0.10162190138669772,0.13427113100983726,-1.3860505798865441,0.16098071624889732,1755,,,,[],0,,False,True,
csd-20260805_174708,paired_hierarchical,1,0,0,9769808dfe284056,glaR->apt,shared_complete_observation_shared_scores,maximum,prefix,complete,0,100,0.2,0.9,biological_error,2151398048,921666314,2151398048,glaR,apt,False,identifiable,alpA|basR|btsR|glrR|nsrR|ptrR|rcdA,100,-0.008127522524101535,0.12871384471819017,0.21540636904315683,-0.06314412052484461,-0.34165571591339305,1755,,,,[],0,,False,True,
csd-20260805_174708,paired_hierarchical,1,0,0,9769808dfe284056,glaR->aroB,shared_complete_observation_shared_scores,maximum,prefix,complete,0,100,0.2,0.9,biological_error,2151398048,921666314,2151398048,glaR,aroB,False,identifiable,alpA|basR|btsR|glrR|nsrR|ptrR|rcdA,100,0.16491404948640703,0.1560511390002329,0.31662259204710214,1.056794910584798,-0.14440349017889823,1755,,,,[],0,,False,True,
csd-20260805_174708,paired_hierarchical,1,0,0,9769808dfe284056,glaR->aroP,shared_complete_observation_shared_scores,maximum,prefix,complete,0,100,0.2,0.9,biological_error,2151398048,921666314,2151398048,glaR,aroP,False,identifiable,alpA|basR|btsR|glrR|nsrR|pgrR|ptrR|rcdA,100,-0.02393919287287705,0.12369792093044539,0.19652150364635726,-0.1935294683435942,-0.22874972431245374,1755,,,,[],0,,False,True,
csd-20260805_174708,paired_hierarchical,1,0,0,9769808dfe284056,glaR->baeS,shared_complete_observation_shared_scores,maximum,prefix,complete,0,100,0.2,0.9,biological_error,2151398048,921666314,2151398048,glaR,baeS,False,identifiable,alpA|basR|btsR|glrR|nsrR|ptrR|rcdA,100,0.02427701279505117,0.08973263029840302,0.10469087043268857,0.27054832466538353,-0.16241821339492,1755,,,,[],0,,False,True,
csd-20260805_174708,paired_hierarchical,1,0,0,9769808dfe284056,glaR->bdcA,shared_complete_observation_shared_scores,maximum,prefix,complete,0,100,0.2,0.9,biological_error,2151398048,921666314,2151398048,glaR,bdcA,False,identifiable,alpA|basR|btsR|glrR|nsrR|ptrR|rcdA,100,0.02920744498778556,0.08055267683684941,0.0843660989823112,0.3625881365425264,0.5334644313861981,1755,,,,[],0,,False,True,
csd-20260805_174708,paired_hierarchical,1,0,0,9769808dfe284056,glaR->bdcR,shared_complete_observation_shared_scores,maximum,prefix,complete,0,100,0.2,0.9,biological_error,2151398048,921666314,2151398048,glaR,bdcR,False,identifiable,,100,0.0051080778345518035,0.08233400952151007,0.09400536141055811,0.0620409216584709,-0.22301588575014844,1755,,,,[],0,,False,True,
csd-20260805_174708,paired_hierarchical,1,0,0,9769808dfe284056,glaR->bssS,shared_complete_observation_shared_scores,maximum,prefix,complete,0,100,0.2,0.9,biological_error,2151398048,921666314,2151398048,glaR,bssS,False,identifiable,alpA|basR|btsR|glrR|nsrR|ptrR|rcdA|yhaJ,100,0.0038946703825599,0.051097783567242,0.03387782290678623,0.0762199475332373,0.18779008532013752,1755,,,,[],0,,False,True,
csd-20260805_174708,paired_hierarchical,1,0,0,9769808dfe284056,glaR->cadC,shared_complete_observation_shared_scores,maximum,prefix,complete,0,100,0.2,0.9,biological_error,2151398048,921666314,2151398048,glaR,cadC,False,identifiable,alpA|basR|btsR|glrR|nsrR|ptrR|rcdA,100,-0.027964010516588554,0.20956230242381957,0.5709976709823312,-0.1334400805543453,0.10693371076373287,1755,,,,[],0,,False,True,
csd-20260805_174708,paired_hierarchical,1,0,0,9769808dfe284056,glaR->casA,shared_complete_observation_shared_scores,maximum,prefix,complete,0,100,0.2,0.9,biological_error,2151398048,921666314,2151398048,glaR,casA,False,identifiable,alpA|basR|btsR|glrR|nsrR|ptrR|rcdA,100,-0.03422778367884027,0.1718318639906495,0.3838976173351636,-0.19919346088629308,-0.1581213646935698,1755,,,,[],0,,False,True,
csd-20260805_174708,paired_hierarchical,1,0,0,9769808dfe284056,glaR->chaA,shared_complete_observation_shared_scores,maximum,prefix,complete,0,100,0.2,0.9,biological_error,2151398048,921666314,2151398048,glaR,chaA,False,identifiable,alpA|basR|btsR|glrR|nsrR|ptrR|rcdA,100,0.10523168967535124,0.11239217370043827,0.16424046107531964,0.9362901900609907,-0.19926272542353188,1755,,,,[],0,,False,True,
csd-20260805_174708,paired_hierarchical,1,0,0,9769808dfe284056,glaR->chaB,shared_complete_observation_shared_scores,maximum,prefix,complete,0,100,0.2,0.9,biological_error,2151398048,921666314,2151398048,glaR,chaB,False,identifiable,alpA|basR|btsR|glrR|nsrR|ptrR|rcdA,100,-0.01004685210416767,0.149117150314517,0.28911006097600295,-0.06737556399768176,-0.12415493998793532,1755,,,,[],0,,False,True,
csd-20260805_174708,paired_hierarchical,1,0,0,9769808dfe284056,glaR->chaC,shared_complete_observation_shared_scores,maximum,prefix,complete,0,100,0.2,0.9,biological_error,2151398048,921666314,2151398048,glaR,chaC,False,identifiable,alpA|basR|btsR|glrR|nsrR|ptrR|rcdA,100,0.009763321716085264,0.07278196409199285,0.06887403971891194,0.13414479586927472,-0.05995406008321681,1755,,,,[],0,,False,True,
csd-20260805_174708,paired_hierarchical,1,0,0,9769808dfe284056,glaR->csgI,shared_complete_observation_shared_scores,maximum,prefix,complete,0,100,0.2,0.9,biological_error,2151398048,921666314,2151398048,glaR,csgI,False,identifiable,alpA|basR|btsR|glrR|nsrR|ptrR|rcdA,100,-0.004253962206138442,0.11731021435753594,0.17892856170174537,-0.036262504756604516,-0.21707261868048125,1755,,,,[],0,,False,True,
csd-20260805_174708,paired_hierarchical,1,0,0,9769808dfe284056,glaR->cysN,shared_complete_observation_shared_scores,maximum,prefix,complete,0,100,0.2,0.9,biological_error,2151398048,921666314,2151398048,glaR,cysN,False,identifiable,alpA|basR|btsR|glrR|nsrR|ptrR|rcdA,100,0.017920900065785512,0.10238646408147414,0.13629913634959606,0.17503192659847044,0.12488638592594112,1755,,,,[],0,,False,True,
csd-20260805_174708,paired_hierarchical,1,0,0,9769808dfe284056,glaR->cysS,shared_complete_observation_shared_scores,maximum,prefix,complete,0,100,0.2,0.9,biological_error,2151398048,921666314,2151398048,glaR,cysS,False,identifiable,alpA|basR|btsR|glrR|nsrR|ptrR|rcdA,100,0.027824802063971112,0.11179694625914037,0.1625054370565967,0.24888695975178476,-0.38207999653138147,1755,,,,[],0,,False,True,
csd-20260805_174708,paired_hierarchical,1,0,0,9769808dfe284056,glaR->dctR,shared_complete_observation_shared_scores,maximum,prefix,complete,0,100,0.2,0.9,biological_error,2151398048,921666314,2151398048,glaR,dctR,False,identifiable,alpA|basR|btsR|glrR|nsrR|ptrR|rcdA,100,0.01394103488389092,0.10470061433189251,0.1425300619866223,0.1331514143718294,0.23629316871285697,1755,,,,[],0,,False,True,
csd-20260805_174708,paired_hierarchical,1,0,0,9769808dfe284056,glaR->dgcN,shared_complete_observation_shared_scores,maximum,prefix,complete,0,100,0.2,0.9,biological_error,2151398048,921666314,2151398048,glaR,dgcN,False,identifiable,alpA|basR|btsR|glrR|nsrR|ptrR|rcdA,100,-0.23262704563040512,0.11451938918527511,0.1705163626948723,-2.0313332727792464,-0.10716546452512724,1755,,,,[],0,,False,True,
csd-20260805_174708,paired_hierarchical,1,0,0,9769808dfe284056,glaR->dinQ,shared_complete_observation_shared_scores,maximum,prefix,complete,0,100,0.2,0.9,biological_error,2151398048,921666314,2151398048,glaR,dinQ,False,identifiable,alpA|basR|btsR|glrR|nsrR|ptrR|rcdA,100,-0.3943940060929044,0.07183956162646146,0.06710198402681979,-5.489927794153367,-0.08205850593391878,1755,,,,[],0,,False,True,
csd-20260805_174708,paired_hierarchical,1,0,0,9769808dfe284056,glaR->elfC,shared_complete_observation_shared_scores,maximum,prefix,complete,0,100,0.2,0.9,biological_error,2151398048,921666314,2151398048,glaR,elfC,False,identifiable,,100,0.01246509738366119,0.05771177791247978,0.046187345209419216,0.21598879526055456,-0.11833446950222352,1755,,,,[],0,,False,True,
csd-20260805_174708,paired_hierarchical,1,0,0,9769808dfe284056,glaR->fhuE,shared_complete_observation_shared_scores,maximum,prefix,complete,0,100,0.2,0.9,biological_error,2151398048,921666314,2151398048,glaR,fhuE,False,identifiable,alpA|basR|btsR|glrR|nsrR|ptrR|rcdA,100,0.3244564568493294,0.05273576728533231,0.03615917828581786,6.152493337089878,-0.07757603568681037,1755,,,,[],0,,False,True,
csd-20260805_174708,paired_hierarchical,1,0,0,9769808dfe284056,glaR->gabD,shared_complete_observation_shared_scores,maximum,prefix,complete,0,100,0.2,0.9,biological_error,2151398048,921666314,2151398048,glaR,gabD,False,identifiable,alpA|basR|btsR|glrR|nsrR|ptrR|rcdA,100,0.014166071431496523,0.0971944043131767,0.12282606513524551,0.14574986627677722,-0.12554246845676842,1755,,,,[],0,,False,True,
csd-20260805_174708,paired_hierarchical,1,0,0,9769808dfe284056,glaR->gabP,shared_complete_observation_shared_scores,maximum,prefix,complete,0,100,0.2,0.9,biological_error,2151398048,921666314,2151398048,glaR,gabP,False,identifiable,alpA|basR|btsR|glrR|nsrR|ptrR|rcdA,100,-0.01696352626611002,0.12868496115261052,0.2153097049131926,-0.13182213456934236,-0.2044642345541344,1755,,,,[],0,,False,True,
csd-20260805_174708,paired_hierarchical,1,0,0,9769808dfe284056,glaR->gabT,shared_complete_observation_shared_scores,maximum,prefix,complete,0,100,0.2,0.9,biological_error,2151398048,921666314,2151398048,glaR,gabT,False,identifiable,alpA|basR|btsR|glrR|nsrR|ptrR|rcdA,100,-0.04722028295295865,0.05909419899791051,0.04540437634851889,-0.7990679923528246,-0.2743859817899178,1755,,,,[],0,,False,True,
csd-20260805_174708,paired_hierarchical,1,0,0,9769808dfe284056,glaR->gadW,shared_complete_observation_shared_scores,maximum,prefix,complete,0,100,0.2,0.9,biological_error,2151398048,921666314,2151398048,glaR,gadW,False,identifiable,alpA|basR|btsR|glrR|nsrR|ptrR|rcdA,100,-0.03582336993918745,0.14558584949380604,0.2755791422283243,-0.24606354301426497,-0.29395322081243497,1755,,,,[],0,,False,True,
csd-20260805_174708,paired_hierarchical,1,0,0,9769808dfe284056,glaR->gadX,shared_complete_observation_shared_scores,maximum,prefix,complete,0,100,0.2,0.9,biological_error,2151398048,921666314,2151398048,glaR,gadX,False,identifiable,alpA|basR|btsR|glrR|nsrR|ptrR|rcdA,100,-0.03369985968625351,0.10709266327677971,0.1491171011755653,-0.31467944353159494,0.22107774983697268,1755,,,,[],0,,False,True,
csd-20260805_174708,paired_hierarchical,1,0,0,9769808dfe284056,glaR->gcvA,shared_complete_observation_shared_scores,maximum,prefix,complete,0,100,0.2,0.9,biological_error,2151398048,921666314,2151398048,glaR,gcvA,False,identifiable,alpA|basR|btsR|glrR|nsrR|ptrR|rcdA,100,0.010984774722062406,0.05980075038070821,0.046496609039957955,0.18368958001580707,-0.12198634318891616,1755,,,,[],0,,False,True,
csd-20260805_174708,paired_hierarchical,1,0,0,9769808dfe284056,glaR->gdhA,shared_complete_observation_shared_scores,maximum,prefix,complete,0,100,0.2,0.9,biological_error,2151398048,921666314,2151398048,glaR,gdhA,False,identifiable,alpA|basR|btsR|glrR|nsrR|ptrR|rcdA,100,0.18730497502727342,0.14280405381050829,0.26514844607743904,1.3116222546162097,-0.1662764964743942,1755,,,,[],0,,False,True,
csd-20260805_174708,paired_hierarchical,1,0,0,9769808dfe284056,glaR->glaH,shared_complete_observation_shared_scores,maximum,prefix,complete,0,100,0.2,0.9,biological_error,2151398048,921666314,2151398048,glaR,glaH,False,identifiable,alpA|basR|btsR|glrR|nsrR|ptrR|rcdA,100,-0.14051158161044497,0.12969954526967253,0.21871819897637415,-1.083362176161003,-0.18310228986502486,1755,,,,[],0,,False,True,
csd-20260805_174708,paired_hierarchical,1,0,0,9769808dfe284056,glaR->gltF,shared_complete_observation_shared_scores,maximum,prefix,complete,0,100,0.2,0.9,biological_error,2151398048,921666314,2151398048,glaR,gltF,False,identifiable,alpA|basR|btsR|glrR|nsrR|ptrR|rcdA,100,-0.0010481991155676849,0.07125918866563374,0.06602216487490224,-0.014709669520461452,0.20471403992749496,1755,,,,[],0,,False,True,
csd-20260805_174708,paired_hierarchical,1,0,0,9769808dfe284056,glaR->hinT,shared_complete_observation_shared_scores,maximum,prefix,complete,0,100,0.2,0.9,biological_error,2151398048,921666314,2151398048,glaR,hinT,False,identifiable,,100,-0.06936429701284776,0.11552355344026526,0.18506963609414967,-0.6004342400072946,0.19147958718522096,1755,,,,[],0,,False,True,
csd-20260805_174708,paired_hierarchical,1,0,0,9769808dfe284056,glaR->htrE,shared_complete_observation_shared_scores,maximum,prefix,complete,0,100,0.2,0.9,biological_error,2151398048,921666314,2151398048,glaR,htrE,False,identifiable,alpA|basR|btsR|glrR|nsrR|ptrR|rcdA,100,0.09347101865573414,0.07857581078877901,0.08027600589771836,1.1895648001265324,0.2740529131275975,1755,,,,[],0,,False,True,
csd-20260805_174708,paired_hierarchical,1,0,0,9769808dfe284056,glaR->hxpA,shared_complete_observation_shared_scores,maximum,prefix,complete,0,100,0.2,0.9,biological_error,2151398048,921666314,2151398048,glaR,hxpA,False,identifiable,,100,0.1295530770219982,0.0773941463406561,0.08306351811165354,1.6739389624088712,-0.3737842405682436,1755,,,,[],0,,False,True,
csd-20260805_174708,paired_hierarchical,1,0,0,9769808dfe284056,glaR->idnD,shared_complete_observation_shared_scores,maximum,prefix,complete,0,100,0.2,0.9,biological_error,2151398048,921666314,2151398048,glaR,idnD,False,identifiable,alpA|basR|btsR|glrR|nsrR|ptrR|rcdA,100,-0.009911845027939126,0.05871102317267647,0.044817467498581724,-0.16882425977805135,0.1914553568317239,1755,,,,[],0,,False,True,
csd-20260805_174708,paired_hierarchical,1,0,0,9769808dfe284056,glaR->idnK,shared_complete_observation_shared_scores,maximum,prefix,complete,0,100,0.2,0.9,biological_error,2151398048,921666314,2151398048,glaR,idnK,False,identifiable,alpA|basR|btsR|glrR|nsrR|ptrR|rcdA,100,0.0031671784991870737,0.04024793927399746,0.02106179165126519,0.07869169344611036,-0.229845879686126,1755,,,,[],0,,False,True,
csd-20260805_174708,paired_hierarchical,1,0,0,9769808dfe284056,glaR->inaA,shared_complete_observation_shared_scores,maximum,prefix,complete,0,100,0.2,0.9,biological_error,2151398048,921666314,2151398048,glaR,inaA,False,identifiable,alpA|basR|btsR|glrR|nsrR|ptrR|rcdA,100,-0.544471811383999,0.1356913994963586,0.2393936672105507,-4.012574219183364,-0.3467167284688571,1755,,,,[],0,,False,True,
csd-20260805_174708,paired_hierarchical,1,0,0,9769808dfe284056,glaR->kdgT,shared_complete_observation_shared_scores,maximum,prefix,complete,0,100,0.2,0.9,biological_error,2151398048,921666314,2151398048,glaR,kdgT,False,identifiable,,100,0.01718126214538002,0.09907365804230046,0.13611641111458161,0.1734190751091911,-0.2587540558837121,1755,,,,[],0,,False,True,
csd-20260805_174708,paired_hierarchical,1,0,0,9769808dfe284056,glaR->kdsA,shared_complete_observation_shared_scores,maximum,prefix,complete,0,100,0.2,0.9,biological_error,2151398048,921666314,2151398048,glaR,kdsA,False,identifiable,alpA|basR|btsR|glrR|nsrR|ptrR|rcdA,100,0.029502392355967515,0.07521728578597045,0.07356027258872178,0.3922288879170153,0.18525968879300242,1755,,,,[],0,,False,True,
csd-20260805_174708,paired_hierarchical,1,0,0,9769808dfe284056,glaR->ldcC,shared_complete_observation_shared_scores,maximum,prefix,complete,0,100,0.2,0.9,biological_error,2151398048,921666314,2151398048,glaR,ldcC,False,identifiable,alpA|basR|btsR|glrR|nsrR|ptrR|rcdA,100,0.08903710372134639,0.10534566550442301,0.1442917020449969,0.8451900065846384,-0.05174703784021224,1755,,,,[],0,,False,True,
csd-20260805_174708,paired_hierarchical,1,0,0,9769808dfe284056,glaR->lhgD,shared_complete_observation_shared_scores,maximum,prefix,complete,0,100,0.2,0.9,biological_error,2151398048,921666314,2151398048,glaR,lhgD,False,identifiable,alpA|basR|btsR|glrR|nsrR|ptrR|rcdA,100,0.0002877526427540033,0.0714379290034981,0.06635378874985166,0.0040280093049717735,-0.10605077210390253,1755,,,,[],0,,False,True,
csd-20260805_174708,paired_hierarchical,1,0,0,9769808dfe284056,glaR->lsrG,shared_complete_observation_shared_scores,maximum,prefix,complete,0,100,0.2,0.9,biological_error,2151398048,921666314,2151398048,glaR,lsrG,False,identifiable,alpA|basR|btsR|glrR|nsrR|ptrR|rcdA,100,-0.0970688958873283,0.07313268169563204,0.0695394116322016,-1.3272984613269811,0.09022119240990116,1755,,,,[],0,,False,True,
csd-20260805_174708,paired_hierarchical,1,0,0,9769808dfe284056,glaR->mglA,shared_complete_observation_shared_scores,maximum,prefix,complete,0,100,0.2,0.9,biological_error,2151398048,921666314,2151398048,glaR,mglA,False,identifiable,alpA|basR|btsR|glrR|nsrR|ptrR|rcdA,100,0.0055003564490609625,0.1097196007092232,0.1565223829390678,0.050131028672241555,-0.2629646860370807,1755,,,,[],0,,False,True,
csd-20260805_174708,paired_hierarchical,1,0,0,9769808dfe284056,glaR->mrdA,shared_complete_observation_shared_scores,maximum,prefix,complete,0,100,0.2,0.9,biological_error,2151398048,921666314,2151398048,glaR,mrdA,False,identifiable,,100,-0.007776280024923721,0.10594937982606008,0.15566498375196716,-0.07339618257030148,-0.15991744362436108,1755,,,,[],0,,False,True,
csd-20260805_174708,paired_hierarchical,1,0,0,9769808dfe284056,glaR->murD,shared_complete_observation_shared_scores,maximum,prefix,complete,0,100,0.2,0.9,biological_error,2151398048,921666314,2151398048,glaR,murD,False,identifiable,alpA|basR|btsR|glrR|nsrR|ptrR|rcdA,100,0.025839959880113963,0.09803729294770563,0.12496564519587233,0.26357275994857726,0.1580696562127126,1755,,,,[],0,,False,True,
csd-20260805_174708,paired_hierarchical,1,0,0,9769808dfe284056,glaR->nlpA,shared_complete_observation_shared_scores,maximum,prefix,complete,0,100,0.2,0.9,biological_error,2151398048,921666314,2151398048,glaR,nlpA,False,identifiable,alpA|basR|btsR|glrR|nsrR|ptrR|rcdA,100,-0.0002498904762667743,0.1351365335074749,0.2374398246103669,-0.0018491703892415735,-0.18775822105038248,1755,,,,[],0,,False,True,
csd-20260805_174708,paired_hierarchical,1,0,0,9769808dfe284056,glaR->orn,shared_complete_observation_shared_scores,maximum,prefix,complete,0,100,0.2,0.9,biological_error,2151398048,921666314,2151398048,glaR,orn,False,identifiable,,100,0.023373744753762034,0.10191432992560454,0.144033859997466,0.22934698948444648,0.46398718572129466,1755,,,,[],0,,False,True,
csd-20260805_174708,paired_hierarchical,1,0,0,9769808dfe284056,glaR->oxc,shared_complete_observation_shared_scores,maximum,prefix,complete,0,100,0.2,0.9,biological_error,2151398048,921666314,2151398048,glaR,oxc,False,identifiable,alpA|basR|btsR|glrR|nsrR|ptrR|rcdA,100,-0.0017192794451148107,0.03926446632777007,0.020045062384855424,-0.04378715938127594,-0.1727957485555765,1755,,,,[],0,,False,True,
csd-20260805_174708,paired_hierarchical,1,0,0,9769808dfe284056,glaR->pdeG,shared_complete_observation_shared_scores,maximum,prefix,complete,0,100,0.2,0.9,biological_error,2151398048,921666314,2151398048,glaR,pdeG,False,identifiable,alpA|basR|btsR|glrR|nsrR|ptrR|rcdA,100,-0.21083301227649776,0.10728855257393671,0.14966311727962525,-1.9651025875403112,-0.26340619717872304,1755,,,,[],0,,False,True,
csd-20260805_174708,paired_hierarchical,1,0,0,9769808dfe284056,glaR->pdhR,shared_complete_observation_shared_scores,maximum,prefix,complete,0,100,0.2,0.9,biological_error,2151398048,921666314,2151398048,glaR,pdhR,False,identifiable,alpA|basR|btsR|glrR|nsrR|ptrR|rcdA,100,-0.007763627885752952,0.10752717939535299,0.15032960684455515,-0.07220153945643694,0.15350224457679967,1755,,,,[],0,,False,True,
csd-20260805_174708,paired_hierarchical,1,0,0,9769808dfe284056,glaR->pdxA,shared_complete_observation_shared_scores,maximum,prefix,complete,0,100,0.2,0.9,biological_error,2151398048,921666314,2151398048,glaR,pdxA,False,identifiable,alpA|basR|btsR|glrR|nsrR|ptrR|rcdA,100,0.02349042476362248,0.07774950830615963,0.07859651986808974,0.3021295603712708,-0.1676580933759484,1755,,,,[],0,,False,True,
csd-20260805_174708,paired_hierarchical,1,0,0,9769808dfe284056,glaR->phoH,shared_complete_observation_shared_scores,maximum,prefix,complete,0,100,0.2,0.9,biological_error,2151398048,921666314,2151398048,glaR,phoH,False,identifiable,alpA|basR|btsR|glrR|nsrR|ptrR|rcdA,100,-0.15242621113427035,0.07394987271216388,0.0711021733416208,-2.0612099188806043,-0.21726187130051075,1755,,,,[],0,,False,True,
csd-20260805_174708,paired_hierarchical,1,0,0,9769808dfe284056,glaR->pliG,shared_complete_observation_shared_scores,maximum,prefix,complete,0,100,0.2,0.9,biological_error,2151398048,921666314,2151398048,glaR,pliG,False,identifiable,zur,100,0.00358360391148657,0.052243658118104774,0.03784870327191402,0.06859404644646601,0.42433989379935333,1755,,,,[],0,,False,True,
csd-20260805_174708,paired_hierarchical,1,0,0,9769808dfe284056,glaR->ppiB,shared_complete_observation_shared_scores,maximum,prefix,complete,0,100,0.2,0.9,biological_error,2151398048,921666314,2151398048,glaR,ppiB,False,identifiable,alpA|basR|btsR|glrR|nsrR|ptrR|rcdA,100,0.005616562796333157,0.08261140705994276,0.08873359000832445,0.06798773917817166,0.1385444216219554,1755,,,,[],0,,False,True,
csd-20260805_174708,paired_hierarchical,1,0,0,9769808dfe284056,glaR->ppx,shared_complete_observation_shared_scores,maximum,prefix,complete,0,100,0.2,0.9,biological_error,2151398048,921666314,2151398048,glaR,ppx,False,identifiable,alpA|basR|btsR|glrR|nsrR|ptrR|rcdA,100,-0.02702811027334187,0.094718377488384,0.11664778977860552,-0.28535233594617393,-0.20081582866769532,1755,,,,[],0,,False,True,
csd-20260805_174708,paired_hierarchical,1,0,0,9769808dfe284056,glaR->priC,shared_complete_observation_shared_scores,maximum,prefix,complete,0,100,0.2,0.9,biological_error,2151398048,921666314,2151398048,glaR,priC,False,identifiable,,100,0.3165893093295109,0.12491661349459084,0.21638865959243506,2.5344051561501857,0.47220770251344685,1755,,,,[],0,,False,True,
csd-20260805_174708,paired_hierarchical,1,0,0,9769808dfe284056,glaR->prmC,shared_complete_observation_shared_scores,maximum,prefix,complete,0,100,0.2,0.9,biological_error,2151398048,921666314,2151398048,glaR,prmC,False,identifiable,alpA|basR|btsR|glrR|nsrR|ptrR|rcdA,100,-0.033079824151386696,0.08399988274064145,0.09174140221882424,-0.39380798010783136,-0.19436789363407872,1755,,,,[],0,,False,True,
csd-20260805_174708,paired_hierarchical,1,0,0,9769808dfe284056,glaR->rfbB,shared_complete_observation_shared_scores,maximum,prefix,complete,0,100,0.2,0.9,biological_error,2151398048,921666314,2151398048,glaR,rfbB,False,identifiable,alpA|basR|btsR|glrR|nsrR|ptrR|rcdA,100,0.00765887585507481,0.07010629066513908,0.06390310967338403,0.10924662797604336,0.1144214234007384,1755,,,,[],0,,False,True,
csd-20260805_174708,paired_hierarchical,1,0,0,9769808dfe284056,glaR->rhsD,shared_complete_observation_shared_scores,maximum,prefix,complete,0,100,0.2,0.9,biological_error,2151398048,921666314,2151398048,glaR,rhsD,False,identifiable,,100,-0.04110508394397535,0.05481772137113933,0.0416712042278887,-0.749850284102041,-0.09253978059224818,1755,,,,[],0,,False,True,
csd-20260805_174708,paired_hierarchical,1,0,0,9769808dfe284056,glaR->rpiB,shared_complete_observation_shared_scores,maximum,prefix,complete,0,100,0.2,0.9,biological_error,2151398048,921666314,2151398048,glaR,rpiB,False,identifiable,alpA|basR|btsR|glrR|nsrR|ptrR|rcdA,100,-0.007533036064286031,0.07357384097990419,0.07038090919205181,-0.10238742417082167,0.2074523174892445,1755,,,,[],0,,False,True,
csd-20260805_174708,paired_hierarchical,1,0,0,9769808dfe284056,glaR->rpsF,shared_complete_observation_shared_scores,maximum,prefix,complete,0,100,0.2,0.9,biological_error,2151398048,921666314,2151398048,glaR,rpsF,False,identifiable,alpA|basR|btsR|glrR|nsrR|ptrR|rcdA,100,-0.00838932682189908,0.037549517943090714,0.018332291153017294,-0.22342036013921068,0.1702504720329632,1755,,,,[],0,,False,True,
csd-20260805_174708,paired_hierarchical,1,0,0,9769808dfe284056,glaR->rsgA,shared_complete_observation_shared_scores,maximum,prefix,complete,0,100,0.2,0.9,biological_error,2151398048,921666314,2151398048,glaR,rsgA,False,identifiable,,100,0.027325936087717932,0.080725010693124,0.09036709372512282,0.33850644122671514,-0.14516076883070553,1755,,,,[],0,,False,True,
csd-20260805_174708,paired_hierarchical,1,0,0,9769808dfe284056,glaR->rssB,shared_complete_observation_shared_scores,maximum,prefix,complete,0,100,0.2,0.9,biological_error,2151398048,921666314,2151398048,glaR,rssB,False,identifiable,alpA|basR|btsR|glrR|nsrR|ptrR|rcdA,100,-0.02418500632789806,0.06827648231461794,0.060610838128901195,-0.3542216222630449,-0.27242821376447685,1755,,,,[],0,,False,True,
csd-20260805_174708,paired_hierarchical,1,0,0,9769808dfe284056,glaR->safA,shared_complete_observation_shared_scores,maximum,prefix,complete,0,100,0.2,0.9,biological_error,2151398048,921666314,2151398048,glaR,safA,False,identifiable,alpA|basR|btsR|glrR|nsrR|ptrR|rcdA,100,-0.026266132934214884,0.08678724721295517,0.09793092142322803,-0.30264968388459274,0.1940748159226941,1755,,,,[],0,,False,True,
csd-20260805_174708,paired_hierarchical,1,0,0,9769808dfe284056,glaR->sgcC,shared_complete_observation_shared_scores,maximum,prefix,complete,0,100,0.2,0.9,biological_error,2151398048,921666314,2151398048,glaR,sgcC,False,identifiable,alpA|basR|btsR|glrR|nsrR|ptrR|rcdA,100,-0.09795834448327902,0.07308373935445649,0.06944636751840437,-1.3403575863596768,-0.3165508178097177,1755,,,,[],0,,False,True,
csd-20260805_174708,paired_hierarchical,1,0,0,9769808dfe284056,glaR->smg,shared_complete_observation_shared_scores,maximum,prefix,complete,0,100,0.2,0.9,biological_error,2151398048,921666314,2151398048,glaR,smg,False,identifiable,,100,0.17171801463531108,0.05006754093518635,0.03476214893820815,3.4297273528493086,0.23232241698900424,1755,,,,[],0,,False,True,
csd-20260805_174708,paired_hierarchical,1,0,0,9769808dfe284056,glaR->tam,shared_complete_observation_shared_scores,maximum,prefix,complete,0,100,0.2,0.9,biological_error,2151398048,921666314,2151398048,glaR,tam,False,identifiable,alpA|basR|btsR|glrR|nsrR|ptrR|rcdA,100,-0.020493813868757114,0.13244187379853653,0.2280650031110088,-0.15473817517812535,-0.3256839649299737,1755,,,,[],0,,False,True,
csd-20260805_174708,paired_hierarchical,1,0,0,9769808dfe284056,glaR->tar,shared_complete_observation_shared_scores,maximum,prefix,complete,0,100,0.2,0.9,biological_error,2151398048,921666314,2151398048,glaR,tar,False,identifiable,alpA|basR|btsR|glrR|nsrR|ptrR|rcdA,100,0.08778921225269624,0.1021599108120935,0.135696618198021,0.8593313321716792,-0.2387568680388087,1755,,,,[],0,,False,True,
csd-20260805_174708,paired_hierarchical,1,0,0,9769808dfe284056,glaR->tehA,shared_complete_observation_shared_scores,maximum,prefix,complete,0,100,0.2,0.9,biological_error,2151398048,921666314,2151398048,glaR,tehA,False,identifiable,nsrR,100,0.05566454223683703,0.1313299083554234,0.23914402706689863,0.423852745607572,-0.0988545451863589,1755,,,,[],0,,False,True,
csd-20260805_174708,paired_hierarchical,1,0,0,9769808dfe284056,glaR->ttdA,shared_complete_observation_shared_scores,maximum,prefix,complete,0,100,0.2,0.9,biological_error,2151398048,921666314,2151398048,glaR,ttdA,False,identifiable,alpA|basR|btsR|glrR|nsrR|ptrR|rcdA,100,-0.0037759653814426943,0.06814995735036347,0.060386407160752276,-0.0554067167207487,-0.1585175339630871,1755,,,,[],0,,False,True,
csd-20260805_174708,paired_hierarchical,1,0,0,9769808dfe284056,glaR->ttdR,shared_complete_observation_shared_scores,maximum,prefix,complete,0,100,0.2,0.9,biological_error,2151398048,921666314,2151398048,glaR,ttdR,False,identifiable,alpA|basR|btsR|glrR|nsrR|ptrR|rcdA,100,-0.02586054770863119,0.14845118179163294,0.28653345252099377,-0.17420237007563352,-0.08706837866091224,1755,,,,[],0,,False,True,
csd-20260805_174708,paired_hierarchical,1,0,0,9769808dfe284056,glaR->yadN,shared_complete_observation_shared_scores,maximum,prefix,complete,0,100,0.2,0.9,biological_error,2151398048,921666314,2151398048,glaR,yadN,False,identifiable,,100,-0.011612538818488087,0.10666355113442255,0.15777063366069738,-0.10887073133214367,0.13563515947430876,1755,,,,[],0,,False,True,
csd-20260805_174708,paired_hierarchical,1,0,0,9769808dfe284056,glaR->ybaN,shared_complete_observation_shared_scores,maximum,prefix,complete,0,100,0.2,0.9,biological_error,2151398048,921666314,2151398048,glaR,ybaN,False,identifiable,alpA|basR|btsR|glrR|nsrR|ptrR|rcdA,100,0.02991227098126997,0.14453663842272932,0.27162135655775543,0.20695286197112822,-0.2425222855776256,1755,,,,[],0,,False,True,
csd-20260805_174708,paired_hierarchical,1,0,0,9769808dfe284056,glaR->ycbU,shared_complete_observation_shared_scores,maximum,prefix,complete,0,100,0.2,0.9,biological_error,2151398048,921666314,2151398048,glaR,ycbU,False,identifiable,,100,-0.00041769922184884756,0.11716394489959948,0.1903627914731944,-0.0035650832874122135,-0.31802455455666984,1755,,,,[],0,,False,True,
csd-20260805_174708,paired_hierarchical,1,0,0,9769808dfe284056,glaR->ycbV,shared_complete_observation_shared_scores,maximum,prefix,complete,0,100,0.2,0.9,biological_error,2151398048,921666314,2151398048,glaR,ycbV,False,identifiable,,100,-0.11770002555255428,0.07625885348300118,0.0806444781543518,-1.5434276831711182,-0.16630215320222194,1755,,,,[],0,,False,True,
csd-20260805_174708,paired_hierarchical,1,0,0,9769808dfe284056,glaR->yccU,shared_complete_observation_shared_scores,maximum,prefix,complete,0,100,0.2,0.9,biological_error,2151398048,921666314,2151398048,glaR,yccU,False,identifiable,,100,-0.07258933953772571,0.08172315266089356,0.09261563681543794,-0.8882346945048953,-0.12468026974552877,1755,,,,[],0,,False,True,
csd-20260805_174708,paired_hierarchical,1,0,0,9769808dfe284056,glaR->ycgJ,shared_complete_observation_shared_scores,maximum,prefix,complete,0,100,0.2,0.9,biological_error,2151398048,921666314,2151398048,glaR,ycgJ,False,identifiable,alpA|basR|btsR|glrR|nsrR|ptrR|rcdA,100,-0.008924516507387641,0.08374573983984478,0.091187112028447,-0.1065668119292381,-0.2257341706253166,1755,,,,[],0,,False,True,
csd-20260805_174708,paired_hierarchical,1,0,0,9769808dfe284056,glaR->ycgV,shared_complete_observation_shared_scores,maximum,prefix,complete,0,100,0.2,0.9,biological_error,2151398048,921666314,2151398048,glaR,ycgV,False,identifiable,alpA|basR|btsR|glrR|nsrR|ptrR|rcdA,100,-0.0001998944765666368,0.06278931070692803,0.05126009952921551,-0.0031835749479661173,-0.18610752768799227,1755,,,,[],0,,False,True,
csd-20260805_174708,paired_hierarchical,1,0,0,9769808dfe284056,glaR->ycgY,shared_complete_observation_shared_scores,maximum,prefix,complete,0,100,0.2,0.9,biological_error,2151398048,921666314,2151398048,glaR,ycgY,False,identifiable,,100,-0.04474110987771137,0.10291923053231272,0.14688828288708425,-0.4347206022266593,0.3351757189810647,1755,,,,[],0,,False,True,
csd-20260805_174708,paired_hierarchical,1,0,0,9769808dfe284056,glaR->ychQ,shared_complete_observation_shared_scores,maximum,prefix,complete,0,100,0.2,0.9,biological_error,2151398048,921666314,2151398048,glaR,ychQ,False,identifiable,alpA|basR|btsR|glrR|nsrR|ptrR|rcdA,100,-0.015764568858287305,0.1217154699987879,0.19261920011946682,-0.1295198454103188,0.06565321893657797,1755,,,,[],0,,False,True,
csd-20260805_174708,paired_hierarchical,1,0,0,9769808dfe284056,glaR->yciU,shared_complete_observation_shared_scores,maximum,prefix,complete,0,100,0.2,0.9,biological_error,2151398048,921666314,2151398048,glaR,yciU,False,identifiable,,100,0.018611586282588875,0.10978473223521942,0.16713907209621476,0.16952800178728492,-0.1808984920511876,1755,,,,[],0,,False,True,
csd-20260805_174708,paired_hierarchical,1,0,0,9769808dfe284056,glaR->ycjP,shared_complete_observation_shared_scores,maximum,prefix,complete,0,100,0.2,0.9,biological_error,2151398048,921666314,2151398048,glaR,ycjP,False,identifiable,ycjW,100,-0.008530988081150739,0.07915201872806954,0.08685206245303026,-0.1077797915737228,-0.0533680841634157,1755,,,,[],0,,False,True,
csd-20260805_174708,paired_hierarchical,1,0,0,9769808dfe284056,glaR->ydcK,shared_complete_observation_shared_scores,maximum,prefix,complete,0,100,0.2,0.9,biological_error,2151398048,921666314,2151398048,glaR,ydcK,False,identifiable,alpA|basR|btsR|glrR|nsrR|ptrR|rcdA,100,-0.06707730822087235,0.10447425483738865,0.1419144370039356,-0.6420462948051304,-0.3182541840900221,1755,,,,[],0,,False,True,
csd-20260805_174708,paired_hierarchical,1,0,0,9769808dfe284056,glaR->ydeO,shared_complete_observation_shared_scores,maximum,prefix,complete,0,100,0.2,0.9,biological_error,2151398048,921666314,2151398048,glaR,ydeO,False,identifiable,alpA|basR|btsR|glrR|nsrR|ptrR|rcdA,100,-0.00163577116459361,0.08333860056775304,0.09030263459135297,-0.01962801335095317,0.2299153292200945,1755,,,,[],0,,False,True,
csd-20260805_174708,paired_hierarchical,1,0,0,9769808dfe284056,glaR->ydfI,shared_complete_observation_shared_scores,maximum,prefix,complete,0,100,0.2,0.9,biological_error,2151398048,921666314,2151398048,glaR,ydfI,False,identifiable,,100,-0.018675286966580648,0.10146343863549065,0.1427622046644753,-0.1840592751214748,-0.1656205612089754,1755,,,,[],0,,False,True,
csd-20260805_174708,paired_hierarchical,1,0,0,9769808dfe284056,glaR->ydfK,shared_complete_observation_shared_scores,maximum,prefix,complete,0,100,0.2,0.9,biological_error,2151398048,921666314,2151398048,glaR,ydfK,False,identifiable,alpA|basR|btsR|glrR|nsrR|ptrR|rcdA,100,0.0008779773164318244,0.024865031609949607,0.008038704149933205,0.03530972050244676,0.20328939091683898,1755,,,,[],0,,False,True,
csd-20260805_174708,paired_hierarchical,1,0,0,9769808dfe284056,glaR->ydhS,shared_complete_observation_shared_scores,maximum,prefix,complete,0,100,0.2,0.9,biological_error,2151398048,921666314,2151398048,glaR,ydhS,False,identifiable,,100,0.2046781824187449,0.0787841415471915,0.0860739447824087,2.5979617014185927,-0.15369508488157224,1755,,,,[],0,,False,True,
csd-20260805_174708,paired_hierarchical,1,0,0,9769808dfe284056,glaR->yeaE,shared_complete_observation_shared_scores,maximum,prefix,complete,0,100,0.2,0.9,biological_error,2151398048,921666314,2151398048,glaR,yeaE,False,identifiable,alpA|basR|btsR|glrR|nsrR|ptrR|rcdA,100,0.12397787871553857,0.15632179433972573,0.3177218459324401,0.793094009950424,-0.2558170215561889,1755,,,,[],0,,False,True,
csd-20260805_174708,paired_hierarchical,1,0,0,9769808dfe284056,glaR->yehD,shared_complete_observation_shared_scores,maximum,prefix,complete,0,100,0.2,0.9,biological_error,2151398048,921666314,2151398048,glaR,yehD,False,identifiable,,100,0.03958210438392884,0.07333228502907302,0.07457350031907566,0.5397636848249892,0.14300136792619758,1755,,,,[],0,,False,True,
csd-20260805_174708,paired_hierarchical,1,0,0,9769808dfe284056,glaR->yehE,shared_complete_observation_shared_scores,maximum,prefix,complete,0,100,0.2,0.9,biological_error,2151398048,921666314,2151398048,glaR,yehE,False,identifiable,alpA|basR|btsR|glrR|nsrR|ptrR|rcdA,100,-0.00478132289832758,0.12310715102743718,0.19704915460586142,-0.038838709680333316,-0.38861532788434144,1755,,,,[],0,,False,True,
csd-20260805_174708,paired_hierarchical,1,0,0,9769808dfe284056,glaR->yehS,shared_complete_observation_shared_scores,maximum,prefix,complete,0,100,0.2,0.9,biological_error,2151398048,921666314,2151398048,glaR,yehS,False,identifiable,,100,0.003302079134322927,0.059768625426352154,0.04953824636927434,0.05524770079231287,0.09692856882365204,1755,,,,[],0,,False,True,
csd-20260805_174708,paired_hierarchical,1,0,0,9769808dfe284056,glaR->yfbN,shared_complete_observation_shared_scores,maximum,prefix,complete,0,100,0.2,0.9,biological_error,2151398048,921666314,2151398048,glaR,yfbN,False,identifiable,,100,-0.0007606336344172285,0.07755104915982987,0.08340065242267329,-0.009808166912733708,0.09455485601768429,1755,,,,[],0,,False,True,
csd-20260805_174708,paired_hierarchical,1,0,0,9769808dfe284056,glaR->yfbO,shared_complete_observation_shared_scores,maximum,prefix,complete,0,100,0.2,0.9,biological_error,2151398048,921666314,2151398048,glaR,yfbO,False,identifiable,,100,-0.02487691561006029,0.09542554196910433,0.12627674050896998,-0.26069451738733246,0.3559191737512384,1755,,,,[],0,,False,True,
csd-20260805_174708,paired_hierarchical,1,0,0,9769808dfe284056,glaR->yfbU,shared_complete_observation_shared_scores,maximum,prefix,complete,0,100,0.2,0.9,biological_error,2151398048,921666314,2151398048,glaR,yfbU,False,identifiable,,100,0.009392267151546623,0.08179394138287163,0.09277615392282394,0.11482839673395964,0.1923986616036094,1755,,,,[],0,,False,True,
csd-20260805_174708,paired_hierarchical,1,0,0,9769808dfe284056,glaR->yfcO,shared_complete_observation_shared_scores,maximum,prefix,complete,0,100,0.2,0.9,biological_error,2151398048,921666314,2151398048,glaR,yfcO,False,identifiable,alpA|basR|btsR|glrR|nsrR|ptrR|rcdA,100,0.008768912636699917,0.07486219775597013,0.07286738086610456,0.11713405296066949,-0.140531431462504,1755,,,,[],0,,False,True,
csd-20260805_174708,paired_hierarchical,1,0,0,9769808dfe284056,glaR->yfcV,shared_complete_observation_shared_scores,maximum,prefix,complete,0,100,0.2,0.9,biological_error,2151398048,921666314,2151398048,glaR,yfcV,False,identifiable,,100,0.008688126923094244,0.0721542806411358,0.07219685763284563,0.12041041565233297,0.2142611967141947,1755,,,,[],0,,False,True,
csd-20260805_174708,paired_hierarchical,1,0,0,9769808dfe284056,glaR->yfdC,shared_complete_observation_shared_scores,maximum,prefix,complete,0,100,0.2,0.9,biological_error,2151398048,921666314,2151398048,glaR,yfdC,False,identifiable,,100,-0.013011298569553756,0.08767227623369066,0.10659053876980677,-0.1484083581321889,-0.15585871299464102,1755,,,,[],0,,False,True,
csd-20260805_174708,paired_hierarchical,1,0,0,9769808dfe284056,glaR->yfdV,shared_complete_observation_shared_scores,maximum,prefix,complete,0,100,0.2,0.9,biological_error,2151398048,921666314,2151398048,glaR,yfdV,False,identifiable,alpA|basR|btsR|glrR|nsrR|ptrR|rcdA,100,-0.29009014404699995,0.07341830657003336,0.07008365455723495,-3.9511963378000883,0.2181503693569136,1755,,,,[],0,,False,True,
csd-20260805_174708,paired_hierarchical,1,0,0,9769808dfe284056,glaR->yfiL,shared_complete_observation_shared_scores,maximum,prefix,complete,0,100,0.2,0.9,biological_error,2151398048,921666314,2151398048,glaR,yfiL,False,identifiable,alpA|basR|btsR|glrR|nsrR|ptrR|rcdA,100,0.028152292169240305,0.10205972980249006,0.1354306125084108,0.27584133549757295,-0.3191511361226547,1755,,,,[],0,,False,True,
csd-20260805_174708,paired_hierarchical,1,0,0,9769808dfe284056,glaR->yfiR,shared_complete_observation_shared_scores,maximum,prefix,complete,0,100,0.2,0.9,biological_error,2151398048,921666314,2151398048,glaR,yfiR,False,identifiable,alpA|basR|btsR|glrR|nsrR|ptrR|rcdA,100,-0.13931285014213768,0.08969944221458293,0.1046134438189248,-1.553107206718938,-0.27020225463813485,1755,,,,[],0,,False,True,
csd-20260805_174708,paired_hierarchical,1,0,0,9769808dfe284056,glaR->yfjD,shared_complete_observation_shared_scores,maximum,prefix,complete,0,100,0.2,0.9,biological_error,2151398048,921666314,2151398048,glaR,yfjD,False,identifiable,,100,0.008748646518001469,0.0745613656148626,0.07709421668376884,0.11733484822678152,-0.24354413734704608,1755,,,,[],0,,False,True,
csd-20260805_174708,paired_hierarchical,1,0,0,9769808dfe284056,glaR->ygiV,shared_complete_observation_shared_scores,maximum,prefix,complete,0,100,0.2,0.9,biological_error,2151398048,921666314,2151398048,glaR,ygiV,False,identifiable,alpA|basR|btsR|glrR|nsrR|ptrR|rcdA,100,0.013946722797631452,0.051966075546598454,0.03511137642580115,0.26838129781659764,-0.14192085975515187,1755,,,,[],0,,False,True,
csd-20260805_174708,paired_hierarchical,1,0,0,9769808dfe284056,glaR->ygiW,shared_complete_observation_shared_scores,maximum,prefix,complete,0,100,0.2,0.9,biological_error,2151398048,921666314,2151398048,glaR,ygiW,False,identifiable,alpA|basR|btsR|glrR|nsrR|ptrR|rcdA,100,0.012403181903437333,0.08271156774142378,0.0889488872651028,0.14995704037689936,0.19233452113973593,1755,,,,[],0,,False,True,
csd-20260805_174708,paired_hierarchical,1,0,0,9769808dfe284056,glaR->ygjI,shared_complete_observation_shared_scores,maximum,prefix,complete,0,100,0.2,0.9,biological_error,2151398048,921666314,2151398048,glaR,ygjI,False,identifiable,alpA|basR|btsR|glrR|nsrR|ptrR|rcdA,100,0.06752270744628748,0.12078684686946743,0.18969125182656296,0.55902367845779,0.31043365020877267,1755,,,,[],0,,False,True,
csd-20260805_174708,paired_hierarchical,1,0,0,9769808dfe284056,glaR->yhcD,shared_complete_observation_shared_scores,maximum,prefix,complete,0,100,0.2,0.9,biological_error,2151398048,921666314,2151398048,glaR,yhcD,False,identifiable,alpA|basR|btsR|glrR|nsrR|ptrR|rcdA,100,-0.007467717871628589,0.04510581912565775,0.02645289221119657,-0.16555996579564813,-0.14653446032663783,1755,,,,[],0,,False,True,
csd-20260805_174708,paired_hierarchical,1,0,0,9769808dfe284056,glaR->yidB,shared_complete_observation_shared_scores,maximum,prefix,complete,0,100,0.2,0.9,biological_error,2151398048,921666314,2151398048,glaR,yidB,False,identifiable,,100,0.24207142355515623,0.09994620049640662,0.1385245252837295,2.422017268819133,0.2645272003573271,1755,,,,[],0,,False,True,
csd-20260805_174708,paired_hierarchical,1,0,0,9769808dfe284056,glaR->yigG,shared_complete_observation_shared_scores,maximum,prefix,complete,0,100,0.2,0.9,biological_error,2151398048,921666314,2151398048,glaR,yigG,False,identifiable,,100,-0.03125128926015468,0.09554163363100165,0.1265841758896621,-0.32709603209060223,0.4629516332316291,1755,,,,[],0,,False,True,
csd-20260805_174708,paired_hierarchical,1,0,0,9769808dfe284056,glaR->yihD,shared_complete_observation_shared_scores,maximum,prefix,complete,0,100,0.2,0.9,biological_error,2151398048,921666314,2151398048,glaR,yihD,False,identifiable,alpA|basR|btsR|glrR|nsrR|ptrR|rcdA,100,0.21356564675583134,0.10006259571559237,0.1301821811121497,2.1343204743843383,0.12633948555060018,1755,,,,[],0,,False,True,
csd-20260805_174708,paired_hierarchical,1,0,0,9769808dfe284056,glaR->yihM,shared_complete_observation_shared_scores,maximum,prefix,complete,0,100,0.2,0.9,biological_error,2151398048,921666314,2151398048,glaR,yihM,False,identifiable,,100,0.000906947017460811,0.06589071767716843,0.060206387376301025,0.01376441249136787,-0.22879311865966112,1755,,,,[],0,,False,True,
csd-20260805_174708,paired_hierarchical,1,0,0,9769808dfe284056,glaR->yjdP,shared_complete_observation_shared_scores,maximum,prefix,complete,0,100,0.2,0.9,biological_error,2151398048,921666314,2151398048,glaR,yjdP,False,identifiable,,100,0.06496078821486456,0.07873574849048008,0.08596823564045629,0.8250482082191541,-0.09001509589179325,1755,,,,[],0,,False,True,
csd-20260805_174708,paired_hierarchical,1,0,0,9769808dfe284056,glaR->yjfY,shared_complete_observation_shared_scores,maximum,prefix,complete,0,100,0.2,0.9,biological_error,2151398048,921666314,2151398048,glaR,yjfY,False,identifiable,,100,-0.0007121993060767947,0.05039935231159683,0.03522443237955396,-0.014131120211100778,-0.23778719902426412,1755,,,,[],0,,False,True,
csd-20260805_174708,paired_hierarchical,1,0,0,9769808dfe284056,glaR->yjjP,shared_complete_observation_shared_scores,maximum,prefix,complete,0,100,0.2,0.9,biological_error,2151398048,921666314,2151398048,glaR,yjjP,False,identifiable,alpA|basR|btsR|glrR|nsrR|ptrR|rcdA,100,0.007780085721625581,0.09249734686138156,0.11124143073924271,0.08411144736167384,0.11802270886057187,1755,,,,[],0,,False,True,
csd-20260805_174708,paired_hierarchical,1,0,0,9769808dfe284056,glaR->yjjQ,shared_complete_observation_shared_scores,maximum,prefix,complete,0,100,0.2,0.9,biological_error,2151398048,921666314,2151398048,glaR,yjjQ,False,identifiable,alpA|basR|btsR|glrR|nsrR|ptrR|rcdA,100,-0.05438635034881231,0.11358568863812434,0.1677471865567318,-0.4788134051120052,-0.13725668854713327,1755,,,,[],0,,False,True,
csd-20260805_174708,paired_hierarchical,1,0,0,9769808dfe284056,glaR->ynaE,shared_complete_observation_shared_scores,maximum,prefix,complete,0,100,0.2,0.9,biological_error,2151398048,921666314,2151398048,glaR,ynaE,False,identifiable,,100,-0.011056984201906437,0.12702389024654256,0.22375096216857063,-0.08704649322616219,-0.12305839143858402,1755,,,,[],0,,False,True,
csd-20260805_174708,paired_hierarchical,1,0,0,9769808dfe284056,glaR->ynjH,shared_complete_observation_shared_scores,maximum,prefix,complete,0,100,0.2,0.9,biological_error,2151398048,921666314,2151398048,glaR,ynjH,False,identifiable,alpA|basR|btsR|glrR|nsrR|ptrR|rcdA,100,-0.051553285040069834,0.0693310851193072,0.06249769628663257,-0.7435811072530489,-0.10837084229320769,1755,,,,[],0,,False,True,
csd-20260805_174708,paired_hierarchical,1,0,0,9769808dfe284056,glaR->yobD,shared_complete_observation_shared_scores,maximum,prefix,complete,0,100,0.2,0.9,biological_error,2151398048,921666314,2151398048,glaR,yobD,False,identifiable,alpA|basR|btsR|glrR|nsrR|ptrR|rcdA,100,0.005826669304042758,0.08701209081247147,0.09843900675997697,0.06696390409236803,-0.6560887117542775,1755,,,,[],0,,False,True,
csd-20260805_174708,paired_hierarchical,1,0,0,9769808dfe284056,glaR->yodB,shared_complete_observation_shared_scores,maximum,prefix,complete,0,100,0.2,0.9,biological_error,2151398048,921666314,2151398048,glaR,yodB,False,identifiable,,100,0.03228441006412783,0.10855531405283594,0.16341663709888235,0.29740054962592055,0.1735399789494137,1755,,,,[],0,,False,True,
csd-20260805_174708,paired_hierarchical,1,0,0,9769808dfe284056,glaR->ypdC,shared_complete_observation_shared_scores,maximum,prefix,complete,0,100,0.2,0.9,biological_error,2151398048,921666314,2151398048,glaR,ypdC,False,identifiable,,100,0.0024369300029083076,0.04506049232713109,0.028156972571851614,0.05408129998262409,0.09798961077011774,1755,,,,[],0,,False,True,
csd-20260805_174708,paired_hierarchical,1,0,0,9769808dfe284056,glaR->ypjA,shared_complete_observation_shared_scores,maximum,prefix,complete,0,100,0.2,0.9,biological_error,2151398048,921666314,2151398048,glaR,ypjA,False,identifiable,,100,0.03542592195364685,0.032605952801084456,0.014743068518384653,1.0864863287316235,-0.14176560401206487,1755,,,,[],0,,False,True,
csd-20260805_174708,paired_hierarchical,1,0,0,9769808dfe284056,glaR->yqhC,shared_complete_observation_shared_scores,maximum,prefix,complete,0,100,0.2,0.9,biological_error,2151398048,921666314,2151398048,glaR,yqhC,False,identifiable,,100,-0.007480708671305412,0.08795522527967618,0.1072796587625948,-0.08505132750804266,-0.15914322868682024,1755,,,,[],0,,False,True,
csd-20260805_174708,paired_hierarchical,1,0,0,9769808dfe284056,glaR->zraR,shared_complete_observation_shared_scores,maximum,prefix,complete,0,100,0.2,0.9,biological_error,2151398048,921666314,2151398048,glaR,zraR,False,identifiable,alpA|basR|btsR|glrR|nsrR|ptrR|rcdA,100,-0.01451829039349082,0.11377582228549055,0.16830924818902154,-0.1276043547904315,-0.07372054585694322,1755,,,,[],0,,False,True,
csd-20260805_174708,paired_hierarchical,1,0,0,9769808dfe284056,ttdR->ttdA,shared_complete_observation_shared_scores,maximum,prefix,complete,0,100,0.2,0.9,biological_error,2151398048,921666314,2151398048,ttdR,ttdA,False,identifiable,glaR|hns|rpoD,100,-0.003717935120032963,0.04943969706328286,0.06324613969004685,-0.07520141386129454,0.16073504340159342,1755,,,,[],0,,False,True,
csd-20260805_174708,paired_hierarchical,1,0,0,9769808dfe284056,ttdR->ttdB,shared_complete_observation_shared_scores,maximum,prefix,complete,0,100,0.2,0.9,biological_error,2151398048,921666314,2151398048,ttdR,ttdB,False,identifiable,glaR|hns|rpoD,100,0.18965334868815695,0.07215865489140702,0.13472843926304928,2.628282760724545,0.17651423673923236,1755,,,,[],0,,False,True,
csd-20260805_174708,paired_hierarchical,1,0,0,9769808dfe284056,ttdR->ttdT,shared_complete_observation_shared_scores,maximum,prefix,complete,0,100,0.2,0.9,biological_error,2151398048,921666314,2151398048,ttdR,ttdT,False,identifiable,glaR|hns|rpoD,100,0.007379917975571227,0.05025791407016518,0.06535688423424581,0.1468409127618808,0.07811914055516514,1755,,,,[],0,,False,True,
csd-20260805_174708,paired_hierarchical,1,0,0,9769808dfe284056,ygiV->mcbR,shared_complete_observation_shared_scores,maximum,prefix,complete,0,100,0.2,0.9,biological_error,2151398048,921666314,2151398048,ygiV,mcbR,False,identifiable,glaR|lrp,100,-0.1805883538683432,0.2134335076858795,0.16428295691900516,-0.8461106029055377,-0.2391731105232036,1755,,,,[],0,,False,True,
csd-20260805_174708,paired_hierarchical,1,0,0,9769808dfe284056,yqhC->dkgA,shared_complete_observation_shared_scores,maximum,prefix,complete,0,100,0.2,0.9,biological_error,2151398048,921666314,2151398048,yqhC,dkgA,False,identifiable,glaR|nac|rpoD|rpoS,100,-0.006355071278603575,0.12732534641192642,0.17033773784814604,-0.04991206745311712,0.13767619152885885,1755,,,,[],0,,False,True,
csd-20260805_174708,paired_hierarchical,1,0,0,9769808dfe284056,yqhC->yqhD,shared_complete_observation_shared_scores,maximum,prefix,complete,0,100,0.2,0.9,biological_error,2151398048,921666314,2151398048,yqhC,yqhD,False,identifiable,glaR|rpoD,100,0.07240791704784236,0.1507063949552834,0.23875444280000455,0.4804568317709859,0.18403883434258428,1755,,,,[],0,,False,True,
csd-20260805_174708,paired_hierarchical,1,0,0,9769808dfe284056,glrR->rpoE,shared_complete_observation_shared_scores,maximum,prefix,complete,0,100,0.2,0.9,biological_error,2151398048,921666314,2151398048,glrR,rpoE,False,identifiable,alpA|basR|btsR|glaR|nsrR|ptrR|rcdA,100,0.030091738733377893,0.18397661007784094,0.3770626495746241,0.1635628503027967,0.045619615319253536,1755,,,,[],0,,False,True,
csd-20260805_174708,paired_hierarchical,1,0,0,9769808dfe284056,glrR->rseA,shared_complete_observation_shared_scores,maximum,prefix,complete,0,100,0.2,0.9,biological_error,2151398048,921666314,2151398048,glrR,rseA,False,identifiable,alpA|basR|btsR|glaR|nsrR|ptrR|rcdA,100,0.0056089952493190015,0.14059086252986835,0.22019247900247751,0.03989587337603379,0.12034201169643322,1755,,,,[],0,,False,True,
csd-20260805_174708,paired_hierarchical,1,0,0,9769808dfe284056,glrR->rseB,shared_complete_observation_shared_scores,maximum,prefix,complete,0,100,0.2,0.9,biological_error,2151398048,921666314,2151398048,glrR,rseB,False,identifiable,alpA|basR|btsR|glaR|nsrR|ptrR|rcdA,100,0.14885326065011953,0.17827225256717352,0.35404282248522323,0.8349771683848061,0.26572539082205054,1755,,,,[],0,,False,True,
csd-20260805_174708,paired_hierarchical,1,0,0,9769808dfe284056,glrR->rseC,shared_complete_observation_shared_scores,maximum,prefix,complete,0,100,0.2,0.9,biological_error,2151398048,921666314,2151398048,glrR,rseC,False,identifiable,alpA|basR|btsR|glaR|nsrR|ptrR|rcdA,100,0.04271772366753502,0.294748762784403,0.9678148283127508,0.1449292721841935,0.10467671502222871,1755,,,,[],0,,False,True,
csd-20260805_174708,paired_hierarchical,1,0,0,9769808dfe284056,glrR->rseD,shared_complete_observation_shared_scores,maximum,prefix,complete,0,100,0.2,0.9,biological_error,2151398048,921666314,2151398048,glrR,rseD,False,identifiable,alpA|basR|btsR|glaR|nsrR|ptrR|rcdA,100,0.0028965756367488452,0.1293685388655342,0.186442808531017,0.022390108616435322,0.15763228389512843,1755,,,,[],0,,False,True,
csd-20260805_174708,paired_hierarchical,1,0,0,9769808dfe284056,gntR->eda,shared_complete_observation_shared_scores,maximum,prefix,complete,0,100,0.2,0.9,biological_error,2151398048,921666314,2151398048,gntR,eda,False,identifiable,cra|kdgR|phoB|plaR|rpoD,100,-0.015092242869326629,0.11392137424255187,0.06312212110039175,-0.13247946638348557,-0.12689106550610202,1755,,,,[],0,,False,True,
csd-20260805_174708,paired_hierarchical,1,0,0,9769808dfe284056,gntR->edd,shared_complete_observation_shared_scores,maximum,prefix,complete,0,100,0.2,0.9,biological_error,2151398048,921666314,2151398048,gntR,edd,False,identifiable,cpxR|cra|kdgR|rpoD,100,-0.03653110558006666,0.17821119933795493,0.15642341125434508,-0.20498770961520804,-0.08280538540610276,1755,,,,[],0,,False,True,
csd-20260805_174708,paired_hierarchical,1,0,0,9769808dfe284056,gntR->gntK,shared_complete_observation_shared_scores,maximum,prefix,complete,0,100,0.2,0.9,biological_error,2151398048,921666314,2151398048,gntR,gntK,False,identifiable,crp|rpoD,100,-0.002229096750344442,0.14962869694409142,0.10946597113976564,-0.01489752163769321,-0.24896589050009865,1755,,,,[],0,,False,True,
csd-20260805_174708,paired_hierarchical,1,0,0,9769808dfe284056,gntR->gntT,shared_complete_observation_shared_scores,maximum,prefix,complete,0,100,0.2,0.9,biological_error,2151398048,921666314,2151398048,gntR,gntT,False,identifiable,crp|rpoD,100,-0.5888875313802474,0.13578770711436647,0.09015093939242004,-4.336825062406128,-0.1043369012950548,1755,,,,[],0,,False,True,
csd-20260805_174708,paired_hierarchical,1,0,0,9769808dfe284056,gntR->gntU,shared_complete_observation_shared_scores,maximum,prefix,complete,0,100,0.2,0.9,biological_error,2151398048,921666314,2151398048,gntR,gntU,False,identifiable,crp|rpoD,100,-0.11604650946711476,0.14343745084510948,0.10059455258685362,-0.8090391232093719,-0.37149693373336123,1755,,,,[],0,,False,True,
csd-20260805_174708,paired_hierarchical,1,0,0,9769808dfe284056,gntR->idnD,shared_complete_observation_shared_scores,maximum,prefix,complete,0,100,0.2,0.9,biological_error,2151398048,921666314,2151398048,gntR,idnD,False,identifiable,crp|glaR|rpoD,100,-0.010403569201693285,0.09986607590087208,0.048761320661113036,-0.10417520772539372,-0.14197274077559777,1755,,,,[],0,,False,True,
csd-20260805_174708,paired_hierarchical,1,0,0,9769808dfe284056,gntR->idnK,shared_complete_observation_shared_scores,maximum,prefix,complete,0,100,0.2,0.9,biological_error,2151398048,921666314,2151398048,gntR,idnK,False,identifiable,crp|glaR|rpoD,100,-0.0021683039885976503,0.06426970792084881,0.020195385222333283,-0.03373757340344567,-0.15511765391208426,1755,,,,[],0,,False,True,
csd-20260805_174708,paired_hierarchical,1,0,0,9769808dfe284056,gntR->idnO,shared_complete_observation_shared_scores,maximum,prefix,complete,0,100,0.2,0.9,biological_error,2151398048,921666314,2151398048,gntR,idnO,False,identifiable,crp|rpoD,100,0.004557759283940578,0.14030294168749094,0.09624604677559816,0.032485129884820774,-0.14549774880316307,1755,,,,[],0,,False,True,
csd-20260805_174708,paired_hierarchical,1,0,0,9769808dfe284056,gntR->idnR,shared_complete_observation_shared_scores,maximum,prefix,complete,0,100,0.2,0.9,biological_error,2151398048,921666314,2151398048,gntR,idnR,False,identifiable,crp|rpoD,100,0.07422353088897805,0.15751520445359418,0.12130935932651571,0.47121502426672196,-0.33194850150166744,1755,,,,[],0,,False,True,
csd-20260805_174708,paired_hierarchical,1,0,0,9769808dfe284056,gntR->idnT,shared_complete_observation_shared_scores,maximum,prefix,complete,0,100,0.2,0.9,biological_error,2151398048,921666314,2151398048,gntR,idnT,False,identifiable,crp|rpoD,100,0.05884828269508001,0.12639334589363568,0.07810840472707825,0.46559636726922987,-0.10318781815353323,1755,,,,[],0,,False,True,
csd-20260805_174708,paired_hierarchical,1,0,0,9769808dfe284056,gntR->nfuA,shared_complete_observation_shared_scores,maximum,prefix,complete,0,100,0.2,0.9,biological_error,2151398048,921666314,2151398048,gntR,nfuA,False,identifiable,crp|iscR|rpoD|rpoH,100,-0.0008898957983084592,0.0716183849049663,0.02505199958208825,-0.012425521735645149,-0.13648472752424715,1755,,,,[],0,,False,True,
csd-20260805_174708,paired_hierarchical,1,0,0,9769808dfe284056,gntR->yhgH,shared_complete_observation_shared_scores,maximum,prefix,complete,0,100,0.2,0.9,biological_error,2151398048,921666314,2151398048,gntR,yhgH,False,identifiable,crp|rpoD,100,0.0011206689711422387,0.20592545214808514,0.20733346370513953,0.005442110042503843,-0.1663403417906933,1755,,,,[],0,,False,True,
csd-20260805_174708,paired_hierarchical,1,0,0,9769808dfe284056,hdfR->maoP,shared_complete_observation_shared_scores,maximum,prefix,complete,0,100,0.2,0.9,biological_error,2151398048,921666314,2151398048,hdfR,maoP,False,identifiable,alpA|basR|btsR|glaR|glrR|nsrR|ptrR|rcdA,100,-0.03449469611567442,0.05296115253262515,0.03784618524308352,-0.6513207221920819,0.09232240540043138,1755,,,,[],0,,False,True,
csd-20260805_174708,paired_hierarchical,1,0,0,9769808dfe284056,hipB->eutA,shared_complete_observation_shared_scores,maximum,prefix,complete,0,100,0.2,0.9,biological_error,2151398048,921666314,2151398048,hipB,eutA,False,identifiable,ihfA|ihfB|rpoD,100,-0.00485371823934187,0.05822966479060481,0.041601991114491116,-0.08335473434023621,-0.13768381471340468,1755,,,,[],0,,False,True,
csd-20260805_174708,paired_hierarchical,1,0,0,9769808dfe284056,hipB->eutH,shared_complete_observation_shared_scores,maximum,prefix,complete,0,100,0.2,0.9,biological_error,2151398048,921666314,2151398048,hipB,eutH,False,identifiable,ihfA|ihfB|rpoD,100,0.0066553159700793365,0.03789585956368636,0.0176201281000885,0.17562119045999372,-0.13555728591009644,1755,,,,[],0,,False,True,
csd-20260805_174708,paired_hierarchical,1,0,0,9769808dfe284056,hipB->fadH,shared_complete_observation_shared_scores,maximum,prefix,complete,0,100,0.2,0.9,biological_error,2151398048,921666314,2151398048,hipB,fadH,False,identifiable,arcA|crp|fadR|ihfA|ihfB|pdhR|rpoD,100,0.00021911170641182804,0.12570756839964567,0.16388441844171198,0.0017430271637681734,-0.31571327694157786,1755,,,,[],0,,False,True,
csd-20260805_174708,paired_hierarchical,1,0,0,9769808dfe284056,hprR->cusA,shared_complete_observation_shared_scores,maximum,prefix,complete,0,100,0.2,0.9,biological_error,2151398048,921666314,2151398048,hprR,cusA,False,identifiable,hns|nac|phoB|rpoD|yieP,100,0.0071229138932207055,0.06982725484615265,0.07266110451764632,0.10200764599602707,0.08460361599721829,1755,,,,[],0,,False,True,
csd-20260805_174708,paired_hierarchical,1,0,0,9769808dfe284056,hprR->cusB,shared_complete_observation_shared_scores,maximum,prefix,complete,0,100,0.2,0.9,biological_error,2151398048,921666314,2151398048,hprR,cusB,False,identifiable,hns|nac|phoB|rpoD,100,-0.005516138962293369,0.07735858454611524,0.09013191629253328,-0.07130609995850003,0.31883436629488887,1755,,,,[],0,,False,True,
csd-20260805_174708,paired_hierarchical,1,0,0,9769808dfe284056,hprR->cusC,shared_complete_observation_shared_scores,maximum,prefix,complete,0,100,0.2,0.9,biological_error,2151398048,921666314,2151398048,hprR,cusC,False,identifiable,fur|hns|nac|phoB|rpoD,100,0.017472949905393623,0.12113234809509464,0.2208571056637584,0.1442467695885539,0.22111161266661247,1755,,,,[],0,,False,True,
csd-20260805_174708,paired_hierarchical,1,0,0,9769808dfe284056,hprR->cusF,shared_complete_observation_shared_scores,maximum,prefix,complete,0,100,0.2,0.9,biological_error,2151398048,921666314,2151398048,hprR,cusF,False,identifiable,hns|nac|phoB|rpoD|yciT,100,-0.05618054663698364,0.13138165628542992,0.2578244250917539,-0.42761332308773764,0.25446319036014964,1755,,,,[],0,,False,True,
csd-20260805_174708,paired_hierarchical,1,0,0,9769808dfe284056,hprR->cusR,shared_complete_observation_shared_scores,maximum,prefix,complete,0,100,0.2,0.9,biological_error,2151398048,921666314,2151398048,hprR,cusR,False,identifiable,hns|nac|phoB|rpoD,100,0.12713295797165622,0.11322253157642291,0.19307555752843966,1.1228591712405234,0.35668338261309096,1755,,,,[],0,,False,True,
csd-20260805_174708,paired_hierarchical,1,0,0,9769808dfe284056,hprR->cusS,shared_complete_observation_shared_scores,maximum,prefix,complete,0,100,0.2,0.9,biological_error,2151398048,921666314,2151398048,hprR,cusS,False,identifiable,hns|nac|phoB|rpoD,100,-0.0023090784411729367,0.05516445106392437,0.045833199685484154,-0.04185808789245786,0.34127974538823114,1755,,,,[],0,,False,True,
csd-20260805_174708,paired_hierarchical,1,0,0,9769808dfe284056,hprR->cyoA,shared_complete_observation_shared_scores,maximum,prefix,complete,0,100,0.2,0.9,biological_error,2151398048,921666314,2151398048,hprR,cyoA,False,identifiable,arcA|cra|crp|fis|fnr|fur|gadE|hns|nac|pdhR|phoB|rpoD,100,-0.22364447500220813,0.13367377127097146,0.25083549648164116,-1.673061759803695,-0.21970851584748352,1755,,,,[],0,,False,True,
csd-20260805_174708,paired_hierarchical,1,0,0,9769808dfe284056,hprR->cyoB,shared_complete_observation_shared_scores,maximum,prefix,complete,0,100,0.2,0.9,biological_error,2151398048,921666314,2151398048,hprR,cyoB,False,identifiable,arcA|cra|crp|fis|fnr|fur|gadE|hns|nac|pdhR|phoB|rpoD,100,-0.11572775197533913,0.10324295939480932,0.14962958897921003,-1.1209263338993118,-0.6159777508472543,1755,,,,[],0,,False,True,
csd-20260805_174708,paired_hierarchical,1,0,0,9769808dfe284056,hprR->cyoC,shared_complete_observation_shared_scores,maximum,prefix,complete,0,100,0.2,0.9,biological_error,2151398048,921666314,2151398048,hprR,cyoC,False,identifiable,arcA|cra|crp|fis|fnr|fur|gadE|hns|nac|pdhR|phoB|rpoD,100,0.024391757035542864,0.12180825766569249,0.20828119251492735,0.2002471548561756,-0.2730215189211821,1755,,,,[],0,,False,True,
csd-20260805_174708,paired_hierarchical,1,0,0,9769808dfe284056,hprR->cyoD,shared_complete_observation_shared_scores,maximum,prefix,complete,0,100,0.2,0.9,biological_error,2151398048,921666314,2151398048,hprR,cyoD,False,identifiable,arcA|cra|crp|fis|fnr|fur|gadE|hns|nac|pdhR|phoB|rpoD,100,0.04330050404223764,0.11657922923236232,0.19078268324385997,0.3714255474783792,-0.18284341487321595,1755,,,,[],0,,False,True,
csd-20260805_174708,paired_hierarchical,1,0,0,9769808dfe284056,hprR->cyoE,shared_complete_observation_shared_scores,maximum,prefix,complete,0,100,0.2,0.9,biological_error,2151398048,921666314,2151398048,hprR,cyoE,False,identifiable,arcA|cra|crp|fis|fnr|fur|gadE|hns|nac|pdhR|phoB|rpoD,100,0.043686349398075315,0.14302990648116143,0.2871774287143936,0.30543506930020453,-0.09900619769563453,1755,,,,[],0,,False,True,
csd-20260805_174708,paired_hierarchical,1,0,0,9769808dfe284056,hprR->hiuH,shared_complete_observation_shared_scores,maximum,prefix,complete,0,100,0.2,0.9,biological_error,2151398048,921666314,2151398048,hprR,hiuH,False,identifiable,hns|nac|phoB|rpoD,100,0.01780517718275793,0.12793851603590414,0.2465268311059423,0.13916979604297705,0.11941592269088967,1755,,,,[],0,,False,True,
csd-20260805_174708,paired_hierarchical,1,0,0,9769808dfe284056,hprR->msrP,shared_complete_observation_shared_scores,maximum,prefix,complete,0,100,0.2,0.9,biological_error,2151398048,921666314,2151398048,hprR,msrP,False,identifiable,hns|nac|phoB|rpoD,100,0.037555780540965686,0.10909793532361,0.17926464216039534,0.3442391501687585,0.12627636374225104,1755,,,,[],0,,False,True,
csd-20260805_174708,paired_hierarchical,1,0,0,9769808dfe284056,hprR->msrQ,shared_complete_observation_shared_scores,maximum,prefix,complete,0,100,0.2,0.9,biological_error,2151398048,921666314,2151398048,hprR,msrQ,False,identifiable,hns|nac|phoB|rpoD,100,-0.1406645480147682,0.11218319698160781,0.18954712426455117,-1.2538825046841002,0.24821966657529565,1755,,,,[],0,,False,True,
csd-20260805_174708,paired_hierarchical,1,0,0,9769808dfe284056,rcsB->bdm,shared_complete_observation_shared_scores,maximum,prefix,complete,0,100,0.2,0.9,biological_error,2151398048,921666314,2151398048,rcsB,bdm,False,identifiable,alpA|basR|btsR|glaR|glrR|nsrR|ptrR|rcdA,100,-0.01494181479262495,0.06126069794885476,0.047942412829345825,-0.2439053960028263,0.09358507480088162,1755,,,,[],0,,False,True,
csd-20260805_174708,paired_hierarchical,1,0,0,9769808dfe284056,hypT->cydA,shared_complete_observation_shared_scores,maximum,prefix,complete,0,100,0.2,0.9,biological_error,2151398048,921666314,2151398048,hypT,cydA,False,identifiable,arcA|cra|fnr|hns|nac|rpoD,100,0.04766905210092893,0.14796420554644485,0.3341527275712814,0.32216610716681726,0.49874403767029407,1755,,,,[],0,,False,True,
csd-20260805_174708,paired_hierarchical,1,0,0,9769808dfe284056,hypT->cydB,shared_complete_observation_shared_scores,maximum,prefix,complete,0,100,0.2,0.9,biological_error,2151398048,921666314,2151398048,hypT,cydB,False,identifiable,arcA|cra|fnr|hns|rpoD,100,0.00044534396327166464,0.09412457201323683,0.13522010079089974,0.004731431482196121,0.17411422378997363,1755,,,,[],0,,False,True,
csd-20260805_174708,paired_hierarchical,1,0,0,9769808dfe284056,hypT->cysH,shared_complete_observation_shared_scores,maximum,prefix,complete,0,100,0.2,0.9,biological_error,2151398048,921666314,2151398048,hypT,cysH,False,identifiable,cysB|ihfA|ihfB|rpoD,100,0.028228745625688095,0.04239609226912566,0.02641846127927422,0.6658336680299488,0.24537272445747227,1755,,,,[],0,,False,True,
csd-20260805_174708,paired_hierarchical,1,0,0,9769808dfe284056,hypT->fecA,shared_complete_observation_shared_scores,maximum,prefix,complete,0,100,0.2,0.9,biological_error,2151398048,921666314,2151398048,hypT,fecA,False,identifiable,crp|fecI|fur|pdhR,100,0.02879173281861699,0.08053439158201686,0.09692003917753653,0.35750854079893635,-0.13191042656322208,1755,,,,[],0,,False,True,
csd-20260805_174708,paired_hierarchical,1,0,0,9769808dfe284056,hypT->fecB,shared_complete_observation_shared_scores,maximum,prefix,complete,0,100,0.2,0.9,biological_error,2151398048,921666314,2151398048,hypT,fecB,False,identifiable,crp|fecI|fur|pdhR,100,-0.0018656975097900736,0.059818789427902065,0.053471954244420396,-0.031189155240908834,-0.2417551436922602,1755,,,,[],0,,False,True,
csd-20260805_174708,paired_hierarchical,1,0,0,9769808dfe284056,hypT->fecC,shared_complete_observation_shared_scores,maximum,prefix,complete,0,100,0.2,0.9,biological_error,2151398048,921666314,2151398048,hypT,fecC,False,identifiable,crp|fecI|fur|pdhR,100,0.07355411859699437,0.0632246384137367,0.05973426516142045,1.1633774497160811,-0.18806050837070062,1755,,,,[],0,,False,True,
csd-20260805_174708,paired_hierarchical,1,0,0,9769808dfe284056,hypT->fecD,shared_complete_observation_shared_scores,maximum,prefix,complete,0,100,0.2,0.9,biological_error,2151398048,921666314,2151398048,hypT,fecD,False,identifiable,crp|fecI|fur|pdhR,100,0.00882095447374735,0.08775154608342867,0.11506953839369333,0.10052192659216441,-0.43601040283607717,1755,,,,[],0,,False,True,
csd-20260805_174708,paired_hierarchical,1,0,0,9769808dfe284056,hypT->fecE,shared_complete_observation_shared_scores,maximum,prefix,complete,0,100,0.2,0.9,biological_error,2151398048,921666314,2151398048,hypT,fecE,False,identifiable,crp|fecI|fur|pdhR,100,0.0003759916549650232,0.10008608543432136,0.14969187347806495,0.0037566825931238663,-0.09380984423056656,1755,,,,[],0,,False,True,
csd-20260805_174708,paired_hierarchical,1,0,0,9769808dfe284056,hypT->metB,shared_complete_observation_shared_scores,maximum,prefix,complete,0,100,0.2,0.9,biological_error,2151398048,921666314,2151398048,hypT,metB,False,identifiable,metJ|phoP|rpoD,100,0.0014615159175987871,0.044423415792117275,0.029686311977549864,0.03289967445182651,0.205652703100748,1755,,,,[],0,,False,True,
csd-20260805_174708,paired_hierarchical,1,0,0,9769808dfe284056,hypT->metI,shared_complete_observation_shared_scores,maximum,prefix,complete,0,100,0.2,0.9,biological_error,2151398048,921666314,2151398048,hypT,metI,False,identifiable,metJ|rpoD,100,-0.21839454289932345,0.05022652582837275,0.03852072620010871,-4.348191305239617,0.27520223050742937,1755,,,,[],0,,False,True,
csd-20260805_174708,paired_hierarchical,1,0,0,9769808dfe284056,hypT->metL,shared_complete_observation_shared_scores,maximum,prefix,complete,0,100,0.2,0.9,biological_error,2151398048,921666314,2151398048,hypT,metL,False,identifiable,metJ|phoP|rpoD,100,-0.23915465224439592,0.10591662613598533,0.16875654507241122,-2.257951947386877,0.2164824943689354,1755,,,,[],0,,False,True,
csd-20260805_174708,paired_hierarchical,1,0,0,9769808dfe284056,hypT->metN,shared_complete_observation_shared_scores,maximum,prefix,complete,0,100,0.2,0.9,biological_error,2151398048,921666314,2151398048,hypT,metN,False,identifiable,metJ|rpoD,100,-0.0014540746404717998,0.04976965125768416,0.03782312282827791,-0.029216090603956135,0.19405986050840573,1755,,,,[],0,,False,True,
csd-20260805_174708,paired_hierarchical,1,0,0,9769808dfe284056,hypT->metQ,shared_complete_observation_shared_scores,maximum,prefix,complete,0,100,0.2,0.9,biological_error,2151398048,921666314,2151398048,hypT,metQ,False,identifiable,metJ|rpoD,100,0.00398745412108699,0.08842063695523633,0.11938106972122577,0.0450964193246614,0.06896920081178644,1755,,,,[],0,,False,True,
csd-20260805_174708,paired_hierarchical,1,0,0,9769808dfe284056,ibpA->ibpB,shared_complete_observation_shared_scores,maximum,prefix,complete,0,100,0.2,0.9,biological_error,2151398048,921666314,2151398048,ibpA,ibpB,False,identifiable,ihfA|ihfB|lrp|nac|rpoH|rpoN,100,-0.17857056895714132,0.15843009950548698,0.11938667960576868,-1.1271252717414144,-0.22838721106567628,1755,,,,[],0,,False,True,
csd-20260805_174708,paired_hierarchical,1,0,0,9769808dfe284056,ilvY->ilvC,shared_complete_observation_shared_scores,maximum,prefix,complete,0,100,0.2,0.9,biological_error,2151398048,921666314,2151398048,ilvY,ilvC,False,identifiable,rpoD|rpoS,100,0.01755748034533588,0.1634324027197214,0.11546920211349125,0.10742961648459702,0.1535984309002846,1755,,,,[],0,,False,True,
csd-20260805_174708,paired_hierarchical,1,0,0,9769808dfe284056,istR->tisB,shared_complete_observation_shared_scores,maximum,prefix,complete,0,100,0.2,0.9,biological_error,2151398048,921666314,2151398048,istR,tisB,False,identifiable,lexA|rpoD,100,-0.01890294790379027,0.07744669298200628,0.04320635477195684,-0.2440768892247229,-0.25669303878982325,1755,,,,[],0,,False,True,
csd-20260805_174708,paired_hierarchical,1,0,0,9769808dfe284056,kdgR->eda,shared_complete_observation_shared_scores,maximum,prefix,complete,0,100,0.2,0.9,biological_error,2151398048,921666314,2151398048,kdgR,eda,False,identifiable,cra|gntR|nac|phoB|plaR|rpoD,100,0.00677677663259353,0.09296487257205102,0.06379149471010793,0.0728960998396603,-0.2430531286564174,1755,,,,[],0,,False,True,
csd-20260805_174708,paired_hierarchical,1,0,0,9769808dfe284056,kdgR->edd,shared_complete_observation_shared_scores,maximum,prefix,complete,0,100,0.2,0.9,biological_error,2151398048,921666314,2151398048,kdgR,edd,False,identifiable,cpxR|cra|gntR|nac|rpoD,100,0.015251079856785494,0.14467835112528357,0.15808711357327182,0.10541369692262313,-0.24166955848387894,1755,,,,[],0,,False,True,
csd-20260805_174708,paired_hierarchical,1,0,0,9769808dfe284056,kdpE->kdpA,shared_complete_observation_shared_scores,maximum,prefix,complete,0,100,0.2,0.9,biological_error,2151398048,921666314,2151398048,kdpE,kdpA,False,identifiable,arcA|rpoD,100,0.010753370923257163,0.07639681537418166,0.13144937527757958,0.1407567955625971,0.14202186615136972,1755,,,,[],0,,False,True,
csd-20260805_174708,paired_hierarchical,1,0,0,9769808dfe284056,kdpE->kdpB,shared_complete_observation_shared_scores,maximum,prefix,complete,0,100,0.2,0.9,biological_error,2151398048,921666314,2151398048,kdpE,kdpB,False,identifiable,rpoD,100,0.002928345311843646,0.11067798082828287,0.2774097433209337,0.02645824661715667,0.3069980538188577,1755,,,,[],0,,False,True,
csd-20260805_174708,paired_hierarchical,1,0,0,9769808dfe284056,kdpE->kdpC,shared_complete_observation_shared_scores,maximum,prefix,complete,0,100,0.2,0.9,biological_error,2151398048,921666314,2151398048,kdpE,kdpC,False,identifiable,rpoD,100,0.02424658519528545,0.04264189175373137,0.041178657376921654,0.5686095104625314,0.360838081013453,1755,,,,[],0,,False,True,
csd-20260805_174708,paired_hierarchical,1,0,0,9769808dfe284056,kdpE->kdpF,shared_complete_observation_shared_scores,maximum,prefix,complete,0,100,0.2,0.9,biological_error,2151398048,921666314,2151398048,kdpE,kdpF,False,identifiable,rpoD,100,0.1008782314964497,0.0641380669749042,0.09316032378423106,1.5728293079977154,0.12044891866908126,1755,,,,[],0,,False,True,
csd-20260805_174708,paired_hierarchical,1,0,0,9769808dfe284056,kdpE->rmf,shared_complete_observation_shared_scores,maximum,prefix,complete,0,100,0.2,0.9,biological_error,2151398048,921666314,2151398048,kdpE,rmf,False,identifiable,arcA|crp|cueR|fur|mcbR|nhaR|phoP|rcdA|sdiA|slyA|zntR|zraR,100,-0.004925283546488524,0.05840255432105385,0.05887514776265415,-0.08433335842492391,-0.12113644654376372,1755,,,,[],0,,False,True,
csd-20260805_174708,paired_hierarchical,1,0,0,9769808dfe284056,kdpE->rsd,shared_complete_observation_shared_scores,maximum,prefix,complete,0,100,0.2,0.9,biological_error,2151398048,921666314,2151398048,kdpE,rsd,False,identifiable,arcA|cueR|fur|lrp|mcbR|nac|nhaR|phoP|rcdA|rpoD|rpoS|sdiA|slyA|zntR,100,0.011103985026543674,0.09765788817061316,0.1690038859289515,0.11370289932078465,-0.32640961128963214,1755,,,,[],0,,False,True,
csd-20260805_174708,paired_hierarchical,1,0,0,9769808dfe284056,lexA->dinD,shared_complete_observation_shared_scores,maximum,prefix,complete,0,100,0.2,0.9,biological_error,2151398048,921666314,2151398048,lexA,dinD,False,identifiable,alpA|basR|btsR|glaR|glrR|nsrR|ptrR|rcdA,100,0.13981209037363987,0.09745482347415105,0.047751663883699356,1.4346348942977016,-0.20013397260197444,1755,,,,[],0,,False,True,
csd-20260805_174708,paired_hierarchical,1,0,0,9769808dfe284056,lexA->ruvA,shared_complete_observation_shared_scores,maximum,prefix,complete,0,100,0.2,0.9,biological_error,2151398048,921666314,2151398048,lexA,ruvA,False,identifiable,alpA|basR|btsR|glaR|glrR|nsrR|ptrR|rcdA,100,0.049728865370820656,0.10735118887757848,0.05794227560999431,0.46323534830648805,-0.11226691575660411,1755,,,,[],0,,False,True,
csd-20260805_174708,paired_hierarchical,1,0,0,9769808dfe284056,lexA->ruvB,shared_complete_observation_shared_scores,maximum,prefix,complete,0,100,0.2,0.9,biological_error,2151398048,921666314,2151398048,lexA,ruvB,False,identifiable,alpA|basR|btsR|glaR|glrR|nsrR|ptrR|rcdA,100,0.07504564801757461,0.11130354801712622,0.06228734905459941,0.6742430888728487,-0.3080565374707214,1755,,,,[],0,,False,True,
csd-20260805_174708,paired_hierarchical,1,0,0,9769808dfe284056,lexA->yoaA,shared_complete_observation_shared_scores,maximum,prefix,complete,0,100,0.2,0.9,biological_error,2151398048,921666314,2151398048,lexA,yoaA,False,identifiable,alpA|basR|btsR|glaR|glrR|nsrR|ptrR|rcdA,100,-0.006887263092820922,0.14298770698052285,0.1027967144138728,-0.04816681963967066,-0.3101776458676478,1755,,,,[],0,,False,True,
csd-20260805_174708,paired_hierarchical,1,0,0,9769808dfe284056,rpoN->rtcR,shared_complete_observation_shared_scores,maximum,prefix,complete,0,100,0.2,0.9,biological_error,2151398048,921666314,2151398048,rpoN,rtcR,False,identifiable,alpA|basR|btsR|glaR|glrR|nsrR|ptrR|rcdA,100,-0.13612119946706266,0.10447807929313874,0.1870829369953388,-1.3028685097200288,0.1774910115173617,1755,,,,[],0,,False,True,
csd-20260805_174708,paired_hierarchical,1,0,0,9769808dfe284056,rpoN->yahE,shared_complete_observation_shared_scores,maximum,prefix,complete,0,100,0.2,0.9,biological_error,2151398048,921666314,2151398048,rpoN,yahE,False,identifiable,alpA|basR|btsR|glaR|glrR|nsrR|ptrR|rcdA,100,-0.0022505883152912766,0.03386419624236357,0.019654652221462083,-0.06645922729669947,0.19858758773772736,1755,,,,[],0,,False,True,
csd-20260805_174708,paired_hierarchical,1,0,0,9769808dfe284056,rpoN->ygfK,shared_complete_observation_shared_scores,maximum,prefix,complete,0,100,0.2,0.9,biological_error,2151398048,921666314,2151398048,rpoN,ygfK,False,identifiable,alpA|basR|btsR|glaR|glrR|nsrR|ptrR|rcdA,100,0.0027331314553307212,0.06938799049034501,0.08251871184219478,0.03938911382238433,0.5328085901718596,1755,,,,[],0,,False,True,
csd-20260805_174708,paired_hierarchical,1,0,0,9769808dfe284056,slyA->mdtM,shared_complete_observation_shared_scores,maximum,prefix,complete,0,100,0.2,0.9,biological_error,2151398048,921666314,2151398048,slyA,mdtM,False,identifiable,alpA|basR|btsR|glaR|glrR|nsrR|ptrR|rcdA,100,0.16765721708807563,0.14471915391572718,0.16538758566153383,1.1585005339770418,0.298353462747815,1755,,,,[],0,,False,True,
csd-20260805_174708,paired_hierarchical,1,0,0,9769808dfe284056,slyA->yjiN,shared_complete_observation_shared_scores,maximum,prefix,complete,0,100,0.2,0.9,biological_error,2151398048,921666314,2151398048,slyA,yjiN,False,identifiable,alpA|basR|btsR|glaR|glrR|nsrR|ptrR|rcdA,100,-0.010298801829590712,0.11659871871590001,0.10735899414239675,-0.08832688680468591,0.18505812364857083,1755,,,,[],0,,False,True,
csd-20260805_174708,paired_hierarchical,1,0,0,9769808dfe284056,tyrR->aroF,shared_complete_observation_shared_scores,maximum,prefix,complete,0,100,0.2,0.9,biological_error,2151398048,921666314,2151398048,tyrR,aroF,False,identifiable,lrp|nac|pgrR|rpoD|rpoH|soxR,100,-0.04198442661602397,0.09415814261229886,0.09358564719737669,-0.4458926806670037,-0.15556028277025613,1755,,,,[],0,,False,True,
csd-20260805_174708,paired_hierarchical,1,0,0,9769808dfe284056,tyrR->aroG,shared_complete_observation_shared_scores,maximum,prefix,complete,0,100,0.2,0.9,biological_error,2151398048,921666314,2151398048,tyrR,aroG,False,identifiable,cpxR|lrp|pgrR|rpoD|rpoH,100,0.01058763440180387,0.06253132822996992,0.04505270387297141,0.16931727985796158,-0.1125822757735431,1755,,,,[],0,,False,True,
csd-20260805_174708,paired_hierarchical,1,0,0,9769808dfe284056,tyrR->aroL,shared_complete_observation_shared_scores,maximum,prefix,complete,0,100,0.2,0.9,biological_error,2151398048,921666314,2151398048,tyrR,aroL,False,identifiable,lrp|pgrR|rpoD|rpoH|trpR,100,-0.03760671392031149,0.11163751298126677,0.14436094658509976,-0.336864490403168,-0.3563394934944424,1755,,,,[],0,,False,True,
csd-20260805_174708,paired_hierarchical,1,0,0,9769808dfe284056,tyrR->aroM,shared_complete_observation_shared_scores,maximum,prefix,complete,0,100,0.2,0.9,biological_error,2151398048,921666314,2151398048,tyrR,aroM,False,identifiable,lrp|pgrR|rpoD|rpoH|trpR,100,-0.04258231198996966,0.061612967241223573,0.04397174134284155,-0.6911258116047848,-0.27744033167741206,1755,,,,[],0,,False,True,
csd-20260805_174708,paired_hierarchical,1,0,0,9769808dfe284056,tyrR->aroP,shared_complete_observation_shared_scores,maximum,prefix,complete,0,100,0.2,0.9,biological_error,2151398048,921666314,2151398048,tyrR,aroP,False,identifiable,argR|cra|fnr|glaR|lrp|pgrR|rpoD|rpoH,100,-0.02866422698667111,0.12670435629569218,0.18478415717939484,-0.2262292144066215,-0.47983872264188393,1755,,,,[],0,,False,True,
csd-20260805_174708,paired_hierarchical,1,0,0,9769808dfe284056,tyrR->folA,shared_complete_observation_shared_scores,maximum,prefix,complete,0,100,0.2,0.9,biological_error,2151398048,921666314,2151398048,tyrR,folA,False,identifiable,ihfA|ihfB|lrp|pgrR|rpoD|rpoH,100,0.0031392629069355374,0.14533273601934435,0.24151275681882445,0.021600521623137196,0.1635171586009498,1755,,,,[],0,,False,True,
csd-20260805_174708,paired_hierarchical,1,0,0,9769808dfe284056,tyrR->mtr,shared_complete_observation_shared_scores,maximum,prefix,complete,0,100,0.2,0.9,biological_error,2151398048,921666314,2151398048,tyrR,mtr,False,identifiable,hupA|hupB|ihfA|ihfB|lrp|pgrR|rpoD|rpoH|trpR,100,-0.1218600933508352,0.10303413980670659,0.1134377112652356,-1.182715686076929,0.11710174668913892,1755,,,,[],0,,False,True,
csd-20260805_174708,paired_hierarchical,1,0,0,9769808dfe284056,tyrR->tyrA,shared_complete_observation_shared_scores,maximum,prefix,complete,0,100,0.2,0.9,biological_error,2151398048,921666314,2151398048,tyrR,tyrA,False,identifiable,lrp|pgrR|rpoD|rpoH|soxR,100,0.013171214659321523,0.043239652397040536,0.02153683053177188,0.30460963326853674,-0.31578176842511,1755,,,,[],0,,False,True,
csd-20260805_174708,paired_hierarchical,1,0,0,9769808dfe284056,tyrR->tyrB,shared_complete_observation_shared_scores,maximum,prefix,complete,0,100,0.2,0.9,biological_error,2151398048,921666314,2151398048,tyrR,tyrB,False,identifiable,lrp|pgrR|rpoD|rpoH,100,0.0105155983706699,0.09953848515349767,0.1149963153276212,0.10564354434823739,-0.25137329571008993,1755,,,,[],0,,False,True,
csd-20260805_174708,paired_hierarchical,1,0,0,9769808dfe284056,tyrR->tyrP,shared_complete_observation_shared_scores,maximum,prefix,complete,0,100,0.2,0.9,biological_error,2151398048,921666314,2151398048,tyrR,tyrP,False,identifiable,hupA|hupB|ihfA|ihfB|lrp|pgrR|rpoD|rpoH,100,-0.02123303775526893,0.11412998125135515,0.13933525248038728,-0.18604259391321695,-0.09134789485406046,1755,,,,[],0,,False,True,
csd-20260805_174708,paired_hierarchical,1,0,0,9769808dfe284056,tyrR->yaiA,shared_complete_observation_shared_scores,maximum,prefix,complete,0,100,0.2,0.9,biological_error,2151398048,921666314,2151398048,tyrR,yaiA,False,identifiable,lrp|pgrR|rpoD|rpoH|trpR,100,-0.18079536706120472,0.04371298265992876,0.022133510279243828,-4.135965016794381,-0.17749516344666552,1755,,,,[],0,,False,True,
csd-20260805_174708,paired_hierarchical,1,0,0,9769808dfe284056,yciT->bsmA,shared_complete_observation_shared_scores,maximum,prefix,complete,0,100,0.2,0.9,biological_error,2151398048,921666314,2151398048,yciT,bsmA,False,identifiable,lrp|rpoS,100,0.02033993430860276,0.12114066336494521,0.16050931496715817,0.16790344169840973,0.1033991517389801,1755,,,,[],0,,False,True,
csd-20260805_174708,paired_hierarchical,1,0,0,9769808dfe284056,yciT->cusF,shared_complete_observation_shared_scores,maximum,prefix,complete,0,100,0.2,0.9,biological_error,2151398048,921666314,2151398048,yciT,cusF,False,identifiable,cusR|hprR|lrp|phoB|rpoD|rpoS,100,-0.15905202851073566,0.15583565931440732,0.2620839934740654,-1.020639494262601,-0.13954482276945995,1755,,,,[],0,,False,True,
csd-20260805_174708,paired_hierarchical,1,0,0,9769808dfe284056,yciT->rdcA,shared_complete_observation_shared_scores,maximum,prefix,complete,0,100,0.2,0.9,biological_error,2151398048,921666314,2151398048,yciT,rdcA,False,identifiable,fliA|lrp|rpoS,100,-0.021874628060743813,0.10399084563788172,0.11827622073168159,-0.21035147783023064,-0.2933563685918914,1755,,,,[],0,,False,True,
csd-20260805_174708,paired_hierarchical,1,0,0,9769808dfe284056,yciT->ybiY,shared_complete_observation_shared_scores,maximum,prefix,complete,0,100,0.2,0.9,biological_error,2151398048,921666314,2151398048,yciT,ybiY,False,identifiable,lrp|rpoS,100,-0.23013503745483263,0.08476766832847256,0.07859244881155321,-2.7148916797270535,0.23426597774516753,1755,,,,[],0,,False,True,
csd-20260805_174708,paired_hierarchical,1,0,0,9769808dfe284056,zntR->rmf,shared_complete_observation_shared_scores,maximum,prefix,complete,0,100,0.2,0.9,biological_error,2151398048,921666314,2151398048,zntR,rmf,False,identifiable,arcA|crp|cueR|fur|kdpE|lrp|mcbR|nhaR|phoP|rcdA|rpoH|sdiA|slyA|zraR,100,-0.22722641444156177,0.0637424814506391,0.06010807240067987,-3.564756333145288,-0.2527622525921821,1755,,,,[],0,,False,True,
csd-20260805_174708,paired_hierarchical,1,0,0,9769808dfe284056,zntR->rsd,shared_complete_observation_shared_scores,maximum,prefix,complete,0,100,0.2,0.9,biological_error,2151398048,921666314,2151398048,zntR,rsd,False,identifiable,arcA|cueR|fur|kdpE|lrp|mcbR|nac|nhaR|phoP|rcdA|rpoD|rpoH|rpoS|sdiA|slyA,100,-0.017753977586349463,0.1147579884139134,0.17086045918987663,-0.1547079888008646,-0.16539480409978077,1755,,,,[],0,,False,True,
csd-20260805_174708,paired_hierarchical,1,0,0,9769808dfe284056,zntR->zntA,shared_complete_observation_shared_scores,maximum,prefix,complete,0,100,0.2,0.9,biological_error,2151398048,921666314,2151398048,zntR,zntA,False,identifiable,lrp|rpoD|rpoH,100,-0.016169560496989574,0.08185177035589052,0.1331302074852625,-0.19754686339323535,0.36113127767505526,1755,,,,[],0,,False,True,
csd-20260805_174708,paired_hierarchical,1,0,0,9769808dfe284056,lysR->lysA,shared_complete_observation_shared_scores,maximum,prefix,complete,0,100,0.2,0.9,biological_error,2151398048,921666314,2151398048,lysR,lysA,False,identifiable,argP|nac|rpoD,100,-0.017995415586295943,0.08721709899712146,0.07757708212308947,-0.20632898586651993,0.224176558202841,1755,,,,[],0,,False,True,
csd-20260805_174708,paired_hierarchical,1,0,0,9769808dfe284056,rob->acs,shared_complete_observation_shared_scores,maximum,prefix,complete,0,100,0.2,0.9,biological_error,2151398048,921666314,2151398048,rob,acs,False,identifiable,acrR|cpxR|cra|crp|fis|ihfA|ihfB|nac|ompR|rpoD|rpoS|soxS,100,0.03489833050467204,0.11917272133536073,0.06427142947965576,0.2928382444709439,-0.09793831939408294,1755,,,,[],0,,False,True,
csd-20260805_174708,paired_hierarchical,1,0,0,9769808dfe284056,rob->actP,shared_complete_observation_shared_scores,maximum,prefix,complete,0,100,0.2,0.9,biological_error,2151398048,921666314,2151398048,rob,actP,False,identifiable,acrR|cpxR|cra|crp|fis|fur|ihfA|ihfB|nac|ompR|rpoD|rpoN|rpoS|soxS,100,0.03748801726082012,0.15996278101431646,0.1156509202158846,0.23435462313864744,-0.0750253604038069,1755,,,,[],0,,False,True,
csd-20260805_174708,paired_hierarchical,1,0,0,9769808dfe284056,rob->aslB,shared_complete_observation_shared_scores,maximum,prefix,complete,0,100,0.2,0.9,biological_error,2151398048,921666314,2151398048,rob,aslB,False,identifiable,acrR|cpxR|cra|crp|fis|gadE|nac|ompR|rcsB|rpoD|rpoN|soxS,100,-0.0034375973475934216,0.07403778612430002,0.024224660446540567,-0.0464303098126426,0.0864951483766502,1755,,,,[],0,,False,True,
csd-20260805_174708,paired_hierarchical,1,0,0,9769808dfe284056,rob->astC,shared_complete_observation_shared_scores,maximum,prefix,complete,0,100,0.2,0.9,biological_error,2151398048,921666314,2151398048,rob,astC,False,identifiable,acrR|argR|cpxR|cra|crp|fis|glnG|lrp|nac|ompR|rpoD|rpoN|rpoS|soxS,100,0.11347117201909915,0.20516420751705775,0.18259953611790283,0.5530748925085529,-0.18034100469319841,1755,,,,[],0,,False,True,
csd-20260805_174708,paired_hierarchical,1,0,0,9769808dfe284056,rob->chaC,shared_complete_observation_shared_scores,maximum,prefix,complete,0,100,0.2,0.9,biological_error,2151398048,921666314,2151398048,rob,chaC,False,identifiable,acrR|cpxR|cra|crp|fis|glaR|nac|ompR|rpoD|rpoN|soxS,100,0.013247422192796513,0.12424383235008928,0.06996214258829403,0.10662438482635066,0.28614569157799574,1755,,,,[],0,,False,True,
csd-20260805_174708,paired_hierarchical,1,0,0,9769808dfe284056,rob->elaB,shared_complete_observation_shared_scores,maximum,prefix,complete,0,100,0.2,0.9,biological_error,2151398048,921666314,2151398048,rob,elaB,False,identifiable,acrR|cpxR|cra|crp|fis|nac|ompR|oxyR|rpoD|rpoS|soxS,100,-0.05253318328754292,0.19613990548677318,0.17439213996120925,-0.2678352635949727,-0.19106288888880582,1755,,,,[],0,,False,True,
csd-20260805_174708,paired_hierarchical,1,0,0,9769808dfe284056,rob->fadA,shared_complete_observation_shared_scores,maximum,prefix,complete,0,100,0.2,0.9,biological_error,2151398048,921666314,2151398048,rob,fadA,False,identifiable,acrR|arcA|cpxR|cra|crp|fadR|fis|nac|ompR|rpoD|soxS,100,-0.012703206281138255,0.0814654730618803,0.030111146976717417,-0.1559336219835001,-0.2546399620430309,1755,,,,[],0,,False,True,
csd-20260805_174708,paired_hierarchical,1,0,0,9769808dfe284056,rob->fadB,shared_complete_observation_shared_scores,maximum,prefix,complete,0,100,0.2,0.9,biological_error,2151398048,921666314,2151398048,rob,fadB,False,identifiable,acrR|arcA|cpxR|cra|crp|fadR|fis|nac|ompR|rpoD|soxS,100,0.01584121401357296,0.1366401251111152,0.0847103806363635,0.11593383715574726,-0.210016712852872,1755,,,,[],0,,False,True,
csd-20260805_174708,paired_hierarchical,1,0,0,9769808dfe284056,rob->fadD,shared_complete_observation_shared_scores,maximum,prefix,complete,0,100,0.2,0.9,biological_error,2151398048,921666314,2151398048,rob,fadD,False,identifiable,acrR|arcA|cpxR|cra|crp|fadR|fis|nac|ompR|rpoD|soxS,100,-0.004960009091272664,0.18690971541248624,0.15850533474987388,-0.02653692495505944,-0.25837140914062035,1755,,,,[],0,,False,True,
csd-20260805_174708,paired_hierarchical,1,0,0,9769808dfe284056,rob->fadL,shared_complete_observation_shared_scores,maximum,prefix,complete,0,100,0.2,0.9,biological_error,2151398048,921666314,2151398048,rob,fadL,False,identifiable,acrR|arcA|cpxR|cra|crp|fadR|fis|lldR|lrp|nac|ompR|pdhR|phoP|rpoD|rpoN|rpoS|soxS,100,-0.009671433202749803,0.28009706062961154,0.32067586013719185,-0.034528863605387476,-0.29528110725199286,1755,,,,[],0,,False,True,
csd-20260805_174708,paired_hierarchical,1,0,0,9769808dfe284056,rob->glgS,shared_complete_observation_shared_scores,maximum,prefix,complete,0,100,0.2,0.9,biological_error,2151398048,921666314,2151398048,rob,glgS,False,identifiable,acrR|cpxR|cra|crp|csrA|fis|nac|ompR|rpoD|rpoS|soxS,100,-0.0038079885425863188,0.11721228874500293,0.06224640636494551,-0.032487963364239515,0.10552241786711337,1755,,,,[],0,,False,True,
csd-20260805_174708,paired_hierarchical,1,0,0,9769808dfe284056,rob->ldtB,shared_complete_observation_shared_scores,maximum,prefix,complete,0,100,0.2,0.9,biological_error,2151398048,921666314,2151398048,rob,ldtB,False,identifiable,acrR|cpxR|cra|crp|fis|nac|ompR|rpoD|soxS,100,-0.00806802450671476,0.12776633865454098,0.07407510360905464,-0.06314671447641121,0.8066412977817854,1755,,,,[],0,,False,True,
csd-20260805_174708,paired_hierarchical,1,0,0,9769808dfe284056,rob->mdtD,shared_complete_observation_shared_scores,maximum,prefix,complete,0,100,0.2,0.9,biological_error,2151398048,921666314,2151398048,rob,mdtD,False,identifiable,acrR|baeR|cpxR|cra|crp|fis|nac|ompR|rpoD|rpoS|soxS,100,-0.031973167691702,0.13366150534491658,0.0809695516779818,-0.2392099925045323,0.29914640579782553,1755,,,,[],0,,False,True,
csd-20260805_174708,paired_hierarchical,1,0,0,9769808dfe284056,rob->mltF,shared_complete_observation_shared_scores,maximum,prefix,complete,0,100,0.2,0.9,biological_error,2151398048,921666314,2151398048,rob,mltF,False,identifiable,acrR|cpxR|cra|crp|fis|nac|ompR|rpoD|soxS,100,-0.010616862592307902,0.13966031832762818,0.08850859028951151,-0.07601917795577322,0.23232743761905825,1755,,,,[],0,,False,True,
csd-20260805_174708,paired_hierarchical,1,0,0,9769808dfe284056,rob->narG,shared_complete_observation_shared_scores,maximum,prefix,complete,0,100,0.2,0.9,biological_error,2151398048,921666314,2151398048,rob,narG,False,identifiable,acrR|cpxR|cra|crp|fis|fnr|ihfA|ihfB|nac|narL|ompR|rpoD|rstA|soxS,100,0.2534921140255867,0.2505796962799796,0.23741849159133668,1.011622720391332,0.2933671237787444,1755,,,,[],0,,False,True,
csd-20260805_174708,paired_hierarchical,1,0,0,9769808dfe284056,rob->yacH,shared_complete_observation_shared_scores,maximum,prefix,complete,0,100,0.2,0.9,biological_error,2151398048,921666314,2151398048,rob,yacH,False,identifiable,acrR|cpxR|cra|crp|fis|nac|ompR|rpoD|soxS,100,-0.15150482785435962,0.16385361673328985,0.12182921122644982,-0.9246352376888282,0.17710975028016232,1755,,,,[],0,,False,True,
csd-20260805_174708,paired_hierarchical,1,0,0,9769808dfe284056,rob->ybiT,shared_complete_observation_shared_scores,maximum,prefix,complete,0,100,0.2,0.9,biological_error,2151398048,921666314,2151398048,rob,ybiT,False,identifiable,acrR|ascG|cpxR|cra|crp|fis|lrp|nac|ompR|rpoD|soxS,100,-0.042010587750197524,0.15475298608528337,0.10861598425707754,-0.27146867283740655,0.3502392468453748,1755,,,,[],0,,False,True,
csd-20260805_174708,paired_hierarchical,1,0,0,9769808dfe284056,rob->ydcL,shared_complete_observation_shared_scores,maximum,prefix,complete,0,100,0.2,0.9,biological_error,2151398048,921666314,2151398048,rob,ydcL,False,identifiable,acrR|cpxR|cra|crp|fis|lrp|nac|ompR|rpoD|soxS,100,0.21356418554885218,0.18760934528396261,0.15970056195154161,1.1383451353428302,0.25693371788414027,1755,,,,[],0,,False,True,
csd-20260805_174708,paired_hierarchical,1,0,0,9769808dfe284056,rob->yhbO,shared_complete_observation_shared_scores,maximum,prefix,complete,0,100,0.2,0.9,biological_error,2151398048,921666314,2151398048,rob,yhbO,False,identifiable,acrR|cpxR|cra|crp|fis|nac|ompR|rpoD|soxS,100,-0.005522260820280695,0.10191921508291718,0.04713586801840323,-0.05418272516902741,-0.2728655490222463,1755,,,,[],0,,False,True,
csd-20260805_174708,paired_hierarchical,1,0,0,9769808dfe284056,rob->yiaG,shared_complete_observation_shared_scores,maximum,prefix,complete,0,100,0.2,0.9,biological_error,2151398048,921666314,2151398048,rob,yiaG,False,identifiable,acrR|cpxR|cra|crp|fis|lrp|nac|ompR|rpoD|rpoS|soxS,100,-0.09352451647450655,0.20223319217655117,0.18536837967236178,-0.4624587856619447,-0.17608032790179662,1755,,,,[],0,,False,True,
csd-20260805_174708,paired_hierarchical,1,0,0,9769808dfe284056,rob->yjcH,shared_complete_observation_shared_scores,maximum,prefix,complete,0,100,0.2,0.9,biological_error,2151398048,921666314,2151398048,rob,yjcH,False,identifiable,acrR|cpxR|cra|crp|fis|fur|ihfA|ihfB|nac|ompR|rpoD|rpoS|soxS,100,0.3321847294080219,0.16450375761654767,0.12243392552615653,2.0193139307026198,-0.15486402649820208,1755,,,,[],0,,False,True,
csd-20260805_174708,paired_hierarchical,1,0,0,9769808dfe284056,mcbR->mcbA,shared_complete_observation_shared_scores,maximum,prefix,complete,0,100,0.2,0.9,biological_error,2151398048,921666314,2151398048,mcbR,mcbA,False,identifiable,nac|rpoD|ygiV,100,0.06451323897242194,0.11541547871732244,0.2120864753520988,0.5589652245036288,-0.3239518612987306,1755,,,,[],0,,False,True,
csd-20260805_174708,paired_hierarchical,1,0,0,9769808dfe284056,mcbR->rmf,shared_complete_observation_shared_scores,maximum,prefix,complete,0,100,0.2,0.9,biological_error,2151398048,921666314,2151398048,mcbR,rmf,False,identifiable,arcA|crp|cueR|fur|kdpE|nhaR|phoP|rcdA|sdiA|slyA|ygiV|zntR|zraR,100,0.0258584489627747,0.06358331155648154,0.05652207622486747,0.40668609938323896,0.2583207039143227,1755,,,,[],0,,False,True,
csd-20260805_174708,paired_hierarchical,1,0,0,9769808dfe284056,mcbR->rsd,shared_complete_observation_shared_scores,maximum,prefix,complete,0,100,0.2,0.9,biological_error,2151398048,921666314,2151398048,mcbR,rsd,False,identifiable,arcA|cueR|fur|kdpE|lrp|nac|nhaR|phoP|rcdA|rpoD|rpoS|sdiA|slyA|ygiV|zntR,100,0.010190026019646992,0.10794503833748652,0.17101563949470291,0.09440013340667146,0.5073538986877066,1755,,,,[],0,,False,True,
csd-20260805_174708,paired_hierarchical,1,0,0,9769808dfe284056,mcbR->yciE,shared_complete_observation_shared_scores,maximum,prefix,complete,0,100,0.2,0.9,biological_error,2151398048,921666314,2151398048,mcbR,yciE,False,identifiable,hns|rpoD|rpoS|ygiV,100,-0.019444889342896253,0.053824832695924474,0.041938535845434256,-0.3612624205029547,0.1460433549461123,1755,,,,[],0,,False,True,
csd-20260805_174708,paired_hierarchical,1,0,0,9769808dfe284056,mcbR->yciF,shared_complete_observation_shared_scores,maximum,prefix,complete,0,100,0.2,0.9,biological_error,2151398048,921666314,2151398048,mcbR,yciF,False,identifiable,hns|rpoS|ygiV,100,-0.1230021303382606,0.09580783954203995,0.13311953373395513,-1.2838420209265646,0.16254263235416164,1755,,,,[],0,,False,True,
csd-20260805_174708,paired_hierarchical,1,0,0,9769808dfe284056,mcbR->yciG,shared_complete_observation_shared_scores,maximum,prefix,complete,0,100,0.2,0.9,biological_error,2151398048,921666314,2151398048,mcbR,yciG,False,identifiable,hns|rpoS|ygiV,100,0.05964116080072379,0.0807097525329164,0.09446952359634456,0.7389585388258988,0.2156798631036016,1755,,,,[],0,,False,True,
csd-20260805_174708,paired_hierarchical,1,0,0,9769808dfe284056,metR->glyA,shared_complete_observation_shared_scores,maximum,prefix,complete,0,100,0.2,0.9,biological_error,2151398048,921666314,2151398048,metR,glyA,False,identifiable,metJ|nac|oxyR|purR|rpoD,100,0.0004258760724937346,0.12167363958799234,0.060234344642403195,0.003500150681247175,0.2211416226417861,1755,,,,[],0,,False,True,
csd-20260805_174708,paired_hierarchical,1,0,0,9769808dfe284056,metR->hmp,shared_complete_observation_shared_scores,maximum,prefix,complete,0,100,0.2,0.9,biological_error,2151398048,921666314,2151398048,metR,hmp,False,identifiable,dksA|fnr|fur|metJ|nac|nsrR|oxyR|rpoS,100,-0.008239933150993663,0.25472939456458543,0.26702330194376467,-0.03234779074114459,0.17546200355902372,1755,,,,[],0,,False,True,
csd-20260805_174708,paired_hierarchical,1,0,0,9769808dfe284056,metR->metE,shared_complete_observation_shared_scores,maximum,prefix,complete,0,100,0.2,0.9,biological_error,2151398048,921666314,2151398048,metR,metE,False,identifiable,metJ|nac|oxyR,100,-0.04369750984188269,0.1279546778062158,0.07376382681374662,-0.34150771656868606,0.48061685524158737,1755,,,,[],0,,False,True,
csd-20260805_174708,paired_hierarchical,1,0,0,9769808dfe284056,metR->metH,shared_complete_observation_shared_scores,maximum,prefix,complete,0,100,0.2,0.9,biological_error,2151398048,921666314,2151398048,metR,metH,False,identifiable,fur|lrp|metJ|nac|oxyR|rpoD,100,-0.5808540841981453,0.19730055931948157,0.15821829380013488,-2.9440062724687444,0.22746779678560466,1755,,,,[],0,,False,True,
csd-20260805_174708,paired_hierarchical,1,0,0,9769808dfe284056,micL->lpp,shared_complete_observation_shared_scores,maximum,prefix,complete,0,100,0.2,0.9,biological_error,2151398048,921666314,2151398048,micL,lpp,False,identifiable,ompR|rpoE,100,-0.004897472910344075,0.07766717127869675,0.025112502316375216,-0.0630571814283057,-0.1967675807751115,1755,,,,[],0,,False,True,
csd-20260805_174708,paired_hierarchical,1,0,0,9769808dfe284056,mngR->mngA,shared_complete_observation_shared_scores,maximum,prefix,complete,0,100,0.2,0.9,biological_error,2151398048,921666314,2151398048,mngR,mngA,False,identifiable,rpoD|rpoH,100,-0.02675831847257195,0.07266634810462565,0.09991966531236669,-0.368235354748323,-0.2113207596379099,1755,,,,[],0,,False,True,
csd-20260805_174708,paired_hierarchical,1,0,0,9769808dfe284056,mngR->mngB,shared_complete_observation_shared_scores,maximum,prefix,complete,0,100,0.2,0.9,biological_error,2151398048,921666314,2151398048,mngR,mngB,False,identifiable,rpoD|rpoH,100,0.13707946034466326,0.09773916532962892,0.18076799979427263,1.4025028746905883,-0.24847010137517703,1755,,,,[],0,,False,True,
csd-20260805_174708,paired_hierarchical,1,0,0,9769808dfe284056,modE->ccmA,shared_complete_observation_shared_scores,maximum,prefix,complete,0,100,0.2,0.9,biological_error,2151398048,921666314,2151398048,modE,ccmA,False,identifiable,flhC|flhD|fnr|nac|narP|rpoD,100,0.060589339352069005,0.16452337902395908,0.1850623248298137,0.36827191194052455,0.2293220781215398,1755,,,,[],0,,False,True,
csd-20260805_174708,paired_hierarchical,1,0,0,9769808dfe284056,modE->ccmB,shared_complete_observation_shared_scores,maximum,prefix,complete,0,100,0.2,0.9,biological_error,2151398048,921666314,2151398048,modE,ccmB,False,identifiable,flhC|flhD|fnr|nac|narP|rpoD,100,0.030454584258669568,0.13936998038153967,0.1328009709493121,0.21851609776579584,0.08565833824808707,1755,,,,[],0,,False,True,
csd-20260805_174708,paired_hierarchical,1,0,0,9769808dfe284056,modE->ccmC,shared_complete_observation_shared_scores,maximum,prefix,complete,0,100,0.2,0.9,biological_error,2151398048,921666314,2151398048,modE,ccmC,False,identifiable,flhC|flhD|fnr|narP|rpoD,100,-0.03086556085619996,0.17654305133012063,0.21602199665176625,-0.17483305416809614,0.24263472721574023,1755,,,,[],0,,False,True,
csd-20260805_174708,paired_hierarchical,1,0,0,9769808dfe284056,modE->ccmD,shared_complete_observation_shared_scores,maximum,prefix,complete,0,100,0.2,0.9,biological_error,2151398048,921666314,2151398048,modE,ccmD,False,identifiable,flhC|flhD|fnr|narP|rpoD,100,0.0003463616795986186,0.1714036352082698,0.20362766233447638,0.0020207370700029794,0.21564721609060641,1755,,,,[],0,,False,True,
csd-20260805_174708,paired_hierarchical,1,0,0,9769808dfe284056,modE->ccmE,shared_complete_observation_shared_scores,maximum,prefix,complete,0,100,0.2,0.9,biological_error,2151398048,921666314,2151398048,modE,ccmE,False,identifiable,flhC|flhD|fnr|narP|rpoD,100,-0.06388698450923457,0.11952988697647335,0.09902611393437968,-0.5344854423045612,0.09881351248722588,1755,,,,[],0,,False,True,
csd-20260805_174708,paired_hierarchical,1,0,0,9769808dfe284056,modE->ccmF,shared_complete_observation_shared_scores,maximum,prefix,complete,0,100,0.2,0.9,biological_error,2151398048,921666314,2151398048,modE,ccmF,False,identifiable,flhC|flhD|fnr|narP|rpoD,100,-0.000723811787085593,0.13007214276199908,0.11726416303746605,-0.005564694881747243,0.6077128331309742,1755,,,,[],0,,False,True,
csd-20260805_174708,paired_hierarchical,1,0,0,9769808dfe284056,modE->ccmG,shared_complete_observation_shared_scores,maximum,prefix,complete,0,100,0.2,0.9,biological_error,2151398048,921666314,2151398048,modE,ccmG,False,identifiable,flhC|flhD|fnr|narP|rpoD,100,0.058810097836540606,0.2030628611690785,0.2857970363838323,0.2896152329281566,0.3530866619764775,1755,,,,[],0,,False,True,
csd-20260805_174708,paired_hierarchical,1,0,0,9769808dfe284056,modE->ccmH,shared_complete_observation_shared_scores,maximum,prefix,complete,0,100,0.2,0.9,biological_error,2151398048,921666314,2151398048,modE,ccmH,False,identifiable,flhC|flhD|fnr|nac|narP|rpoD,100,-0.050203338951069404,0.18209341534340806,0.22669986197758502,-0.2757010123424367,0.25184988295460675,1755,,,,[],0,,False,True,
csd-20260805_174708,paired_hierarchical,1,0,0,9769808dfe284056,modE->deoA,shared_complete_observation_shared_scores,maximum,prefix,complete,0,100,0.2,0.9,biological_error,2151398048,921666314,2151398048,modE,deoA,False,identifiable,crp|cytR|deoR|fis|rpoD,100,0.03409539311617085,0.12509747018150022,0.11738267215041523,0.27255062046181155,-0.1884404973681029,1755,,,,[],0,,False,True,
csd-20260805_174708,paired_hierarchical,1,0,0,9769808dfe284056,modE->deoB,shared_complete_observation_shared_scores,maximum,prefix,complete,0,100,0.2,0.9,biological_error,2151398048,921666314,2151398048,modE,deoB,False,identifiable,crp|cytR|deoR|fis|lrp|rpoD,100,0.00028826827947980773,0.091097633856953,0.06081337066226911,0.003164388220362166,-0.15113149013236754,1755,,,,[],0,,False,True,
csd-20260805_174708,paired_hierarchical,1,0,0,9769808dfe284056,modE->deoC,shared_complete_observation_shared_scores,maximum,prefix,complete,0,100,0.2,0.9,biological_error,2151398048,921666314,2151398048,modE,deoC,False,identifiable,crp|cytR|deoR|fis|rpoD,100,-0.17091584668254672,0.11455974832620648,0.0984398717504892,-1.4919362968210041,-0.24009708648689637,1755,,,,[],0,,False,True,
csd-20260805_174708,paired_hierarchical,1,0,0,9769808dfe284056,modE->deoD,shared_complete_observation_shared_scores,maximum,prefix,complete,0,100,0.2,0.9,biological_error,2151398048,921666314,2151398048,modE,deoD,False,identifiable,crp|cytR|deoR|fis|rpoD,100,-0.05543764606466496,0.1114147802186197,0.09310919101993165,-0.4975789204617593,-0.12445036611704964,1755,,,,[],0,,False,True,
csd-20260805_174708,paired_hierarchical,1,0,0,9769808dfe284056,modE->dmsA,shared_complete_observation_shared_scores,maximum,prefix,complete,0,100,0.2,0.9,biological_error,2151398048,921666314,2151398048,modE,dmsA,False,identifiable,fis|fnr|fur|ihfA|ihfB|rpoD,100,-0.013041458486262345,0.11482995097153402,0.09898245163361362,-0.11357192418810037,-0.13774931987847508,1755,,,,[],0,,False,True,
csd-20260805_174708,paired_hierarchical,1,0,0,9769808dfe284056,modE->dmsB,shared_complete_observation_shared_scores,maximum,prefix,complete,0,100,0.2,0.9,biological_error,2151398048,921666314,2151398048,modE,dmsB,False,identifiable,fis|fnr|fur|ihfA|ihfB|rpoD,100,0.06209943872764924,0.22801791625436987,0.3902885340231832,0.2723445584792249,-0.2745049457113322,1755,,,,[],0,,False,True,
csd-20260805_174708,paired_hierarchical,1,0,0,9769808dfe284056,modE->dmsC,shared_complete_observation_shared_scores,maximum,prefix,complete,0,100,0.2,0.9,biological_error,2151398048,921666314,2151398048,modE,dmsC,False,identifiable,fis|fnr|fur|ihfA|ihfB|rpoD,100,-0.33344080352049654,0.2551702085269149,0.48877364975289833,-1.3067387664313712,-0.07350609948115609,1755,,,,[],0,,False,True,
csd-20260805_174708,paired_hierarchical,1,0,0,9769808dfe284056,modE->hycA,shared_complete_observation_shared_scores,maximum,prefix,complete,0,100,0.2,0.9,biological_error,2151398048,921666314,2151398048,modE,hycA,False,identifiable,fhlA|ihfA|ihfB|nsrR|rpoN,100,0.5782388321064721,0.15543767496977298,0.1817449696614854,3.720068717052791,0.2203279380530849,1755,,,,[],0,,False,True,
csd-20260805_174708,paired_hierarchical,1,0,0,9769808dfe284056,modE->hycB,shared_complete_observation_shared_scores,maximum,prefix,complete,0,100,0.2,0.9,biological_error,2151398048,921666314,2151398048,modE,hycB,False,identifiable,fhlA|ihfA|ihfB|nsrR|rpoN|srsR,100,0.0031708617554508747,0.0474030030632882,0.01682242175702425,0.06689157965830618,0.2071606251501544,1755,,,,[],0,,False,True,
csd-20260805_174708,paired_hierarchical,1,0,0,9769808dfe284056,modE->hycC,shared_complete_observation_shared_scores,maximum,prefix,complete,0,100,0.2,0.9,biological_error,2151398048,921666314,2151398048,modE,hycC,False,identifiable,fhlA|ihfA|ihfB|nsrR|rpoN,100,0.10718114120770159,0.13505752009948732,0.13721050361945664,0.793596247944941,0.12940555289884034,1755,,,,[],0,,False,True,
csd-20260805_174708,paired_hierarchical,1,0,0,9769808dfe284056,modE->hycD,shared_complete_observation_shared_scores,maximum,prefix,complete,0,100,0.2,0.9,biological_error,2151398048,921666314,2151398048,modE,hycD,False,identifiable,fhlA|ihfA|ihfB|nsrR|rpoN,100,-0.08785930140229231,0.07435166263079773,0.04158447140679825,-1.1816723163080887,0.1819083508086668,1755,,,,[],0,,False,True,
csd-20260805_174708,paired_hierarchical,1,0,0,9769808dfe284056,modE->hycE,shared_complete_observation_shared_scores,maximum,prefix,complete,0,100,0.2,0.9,biological_error,2151398048,921666314,2151398048,modE,hycE,False,identifiable,fhlA|ihfA|ihfB|nsrR|rpoN,100,-0.0063481655847691405,0.10669184564365489,0.0856273043812082,-0.05950000720740812,0.31728062037367327,1755,,,,[],0,,False,True,
csd-20260805_174708,paired_hierarchical,1,0,0,9769808dfe284056,modE->hycF,shared_complete_observation_shared_scores,maximum,prefix,complete,0,100,0.2,0.9,biological_error,2151398048,921666314,2151398048,modE,hycF,False,identifiable,fhlA|ihfA|ihfB|nsrR|rpoN,100,0.10144139393739135,0.1735764516922006,0.2266373213585081,0.584419101487771,0.25404621268088107,1755,,,,[],0,,False,True,
csd-20260805_174708,paired_hierarchical,1,0,0,9769808dfe284056,modE->hycG,shared_complete_observation_shared_scores,maximum,prefix,complete,0,100,0.2,0.9,biological_error,2151398048,921666314,2151398048,modE,hycG,False,identifiable,fhlA|ihfA|ihfB|nsrR|rpoN,100,-0.12465283958956516,0.09723032669063103,0.07111370507227681,-1.282036622032419,0.09723029573841246,1755,,,,[],0,,False,True,
csd-20260805_174708,paired_hierarchical,1,0,0,9769808dfe284056,modE->hycH,shared_complete_observation_shared_scores,maximum,prefix,complete,0,100,0.2,0.9,biological_error,2151398048,921666314,2151398048,modE,hycH,False,identifiable,fhlA|ihfA|ihfB|nsrR|rpoN,100,0.007615332184246201,0.13893428983629597,0.14520069909385508,0.05481247425109542,0.2705567299061051,1755,,,,[],0,,False,True,
csd-20260805_174708,paired_hierarchical,1,0,0,9769808dfe284056,modE->hycI,shared_complete_observation_shared_scores,maximum,prefix,complete,0,100,0.2,0.9,biological_error,2151398048,921666314,2151398048,modE,hycI,False,identifiable,fhlA|ihfA|ihfB|nsrR|rpoN,100,-0.06491018251695807,0.09626163071728071,0.06970376637991273,-0.6743100239762042,0.20737636691595798,1755,,,,[],0,,False,True,
csd-20260805_174708,paired_hierarchical,1,0,0,9769808dfe284056,modE->moaA,shared_complete_observation_shared_scores,maximum,prefix,complete,0,100,0.2,0.9,biological_error,2151398048,921666314,2151398048,modE,moaA,False,identifiable,csrA|cueR|fnr,100,0.010792926062775533,0.1213292280727218,0.11137792647661732,0.08895569710792617,0.22044794766621167,1755,,,,[],0,,False,True,
csd-20260805_174708,paired_hierarchical,1,0,0,9769808dfe284056,modE->moaB,shared_complete_observation_shared_scores,maximum,prefix,complete,0,100,0.2,0.9,biological_error,2151398048,921666314,2151398048,modE,moaB,False,identifiable,csrA|cueR|fnr,100,-0.07977684076596121,0.14701442506076798,0.16352650657587514,-0.5426463473430291,0.23020382305647225,1755,,,,[],0,,False,True,
csd-20260805_174708,paired_hierarchical,1,0,0,9769808dfe284056,modE->moaC,shared_complete_observation_shared_scores,maximum,prefix,complete,0,100,0.2,0.9,biological_error,2151398048,921666314,2151398048,modE,moaC,False,identifiable,csrA|cueR|fnr,100,0.21022917993832618,0.1402813610266344,0.14889091571796642,1.4986251801364487,0.08475375880784872,1755,,,,[],0,,False,True,
csd-20260805_174708,paired_hierarchical,1,0,0,9769808dfe284056,modE->moaD,shared_complete_observation_shared_scores,maximum,prefix,complete,0,100,0.2,0.9,biological_error,2151398048,921666314,2151398048,modE,moaD,False,identifiable,csrA|cueR|fnr,100,-0.016917938071953968,0.1496997740137792,0.16955497954601503,-0.11301244897268012,0.159258718311606,1755,,,,[],0,,False,True,
csd-20260805_174708,paired_hierarchical,1,0,0,9769808dfe284056,modE->moaE,shared_complete_observation_shared_scores,maximum,prefix,complete,0,100,0.2,0.9,biological_error,2151398048,921666314,2151398048,modE,moaE,False,identifiable,csrA|cueR|fnr,100,0.0016924419881359002,0.10945549315447288,0.09064490192478046,0.015462375979133204,0.19566487497231397,1755,,,,[],0,,False,True,
csd-20260805_174708,paired_hierarchical,1,0,0,9769808dfe284056,modE->modA,shared_complete_observation_shared_scores,maximum,prefix,complete,0,100,0.2,0.9,biological_error,2151398048,921666314,2151398048,modE,modA,False,identifiable,crp|fliA|lrp|rpoD,100,-0.02166056968715727,0.12613447264131097,0.11753299939473769,-0.17172600981774036,-0.15729392227612224,1755,,,,[],0,,False,True,
csd-20260805_174708,paired_hierarchical,1,0,0,9769808dfe284056,modE->modB,shared_complete_observation_shared_scores,maximum,prefix,complete,0,100,0.2,0.9,biological_error,2151398048,921666314,2151398048,modE,modB,False,identifiable,crp|fliA|rpoD,100,-0.26893492697240345,0.13356532309257615,0.13471309445407728,-2.0135086019744852,-0.2345119387736116,1755,,,,[],0,,False,True,
csd-20260805_174708,paired_hierarchical,1,0,0,9769808dfe284056,modE->modC,shared_complete_observation_shared_scores,maximum,prefix,complete,0,100,0.2,0.9,biological_error,2151398048,921666314,2151398048,modE,modC,False,identifiable,crp|fliA|rpoD,100,-0.024766324487431986,0.22311982909927425,0.3759228386418042,-0.11100010513369717,-0.051785017963605885,1755,,,,[],0,,False,True,
csd-20260805_174708,paired_hierarchical,1,0,0,9769808dfe284056,modE->napA,shared_complete_observation_shared_scores,maximum,prefix,complete,0,100,0.2,0.9,biological_error,2151398048,921666314,2151398048,modE,napA,False,identifiable,flhC|flhD|fnr|iscR|narP|rpoD,100,0.13474576587903533,0.22110684875379719,0.33814553855464213,0.6094147089449723,0.15801127031110704,1755,,,,[],0,,False,True,
csd-20260805_174708,paired_hierarchical,1,0,0,9769808dfe284056,modE->napB,shared_complete_observation_shared_scores,maximum,prefix,complete,0,100,0.2,0.9,biological_error,2151398048,921666314,2151398048,modE,napB,False,identifiable,flhC|flhD|fnr|iscR|nac|narP|rpoD,100,0.003762476267096853,0.13480610538280158,0.12364910056849755,0.027910280891304987,0.06216900769875327,1755,,,,[],0,,False,True,
csd-20260805_174708,paired_hierarchical,1,0,0,9769808dfe284056,modE->napC,shared_complete_observation_shared_scores,maximum,prefix,complete,0,100,0.2,0.9,biological_error,2151398048,921666314,2151398048,modE,napC,False,identifiable,flhC|flhD|fnr|iscR|nac|narP|rpoD,100,0.0008643261734012416,0.11863098760530592,0.09575647043906242,0.0072858381342733045,0.19936049530639346,1755,,,,[],0,,False,True,
csd-20260805_174708,paired_hierarchical,1,0,0,9769808dfe284056,modE->napD,shared_complete_observation_shared_scores,maximum,prefix,complete,0,100,0.2,0.9,biological_error,2151398048,921666314,2151398048,modE,napD,False,identifiable,flhC|flhD|fnr|iscR|narP|rpoD,100,-0.02893242664722656,0.20718142713396825,0.2968936523566333,-0.13964778140329245,0.1277896795818349,1755,,,,[],0,,False,True,
csd-20260805_174708,paired_hierarchical,1,0,0,9769808dfe284056,modE->napF,shared_complete_observation_shared_scores,maximum,prefix,complete,0,100,0.2,0.9,biological_error,2151398048,921666314,2151398048,modE,napF,False,identifiable,flhC|flhD|fnr|iscR|lrp|narP|rpoD,100,0.1080569960342556,0.14510495572029905,0.14290273243346405,0.7446816374937859,0.07463221186861334,1755,,,,[],0,,False,True,
csd-20260805_174708,paired_hierarchical,1,0,0,9769808dfe284056,modE->napG,shared_complete_observation_shared_scores,maximum,prefix,complete,0,100,0.2,0.9,biological_error,2151398048,921666314,2151398048,modE,napG,False,identifiable,flhC|flhD|fnr|iscR|narP|rpoD,100,-0.04010804849098401,0.2036703928445287,0.28691620240882115,-0.19692625879894282,0.2577602448218691,1755,,,,[],0,,False,True,
csd-20260805_174708,paired_hierarchical,1,0,0,9769808dfe284056,modE->napH,shared_complete_observation_shared_scores,maximum,prefix,complete,0,100,0.2,0.9,biological_error,2151398048,921666314,2151398048,modE,napH,False,identifiable,flhC|flhD|fnr|iscR|narP|rpoD,100,0.09110237936210107,0.14343605408906257,0.14230361422426877,0.6351428163628484,0.12113938384151597,1755,,,,[],0,,False,True,
csd-20260805_174708,paired_hierarchical,1,0,0,9769808dfe284056,modE->narL,shared_complete_observation_shared_scores,maximum,prefix,complete,0,100,0.2,0.9,biological_error,2151398048,921666314,2151398048,modE,narL,False,identifiable,fnr|rpoD,100,-0.004273430901631087,0.09953357726359678,0.07482379273369533,-0.042934565592007944,0.18507903185359642,1755,,,,[],0,,False,True,
csd-20260805_174708,paired_hierarchical,1,0,0,9769808dfe284056,modE->narX,shared_complete_observation_shared_scores,maximum,prefix,complete,0,100,0.2,0.9,biological_error,2151398048,921666314,2151398048,modE,narX,False,identifiable,fnr|nac|rpoD,100,-0.001750029474018649,0.06832158137096685,0.034845460348942606,-0.025614592620690147,0.10017748505169995,1755,,,,[],0,,False,True,
csd-20260805_174708,paired_hierarchical,1,0,0,9769808dfe284056,modE->oppA,shared_complete_observation_shared_scores,maximum,prefix,complete,0,100,0.2,0.9,biological_error,2151398048,921666314,2151398048,modE,oppA,False,identifiable,arcA|fliA|fur|hfq|lrp|nac,100,-0.06217231116929903,0.13254856993251213,0.1269007771898565,-0.4690530512773877,-0.22904492504301294,1755,,,,[],0,,False,True,
csd-20260805_174708,paired_hierarchical,1,0,0,9769808dfe284056,modE->oppB,shared_complete_observation_shared_scores,maximum,prefix,complete,0,100,0.2,0.9,biological_error,2151398048,921666314,2151398048,modE,oppB,False,identifiable,arcA|fliA|fur|lrp,100,-0.2181648086458144,0.1789685638159515,0.23696545033311237,-1.2190118979228761,-0.1103358111795097,1755,,,,[],0,,False,True,
csd-20260805_174708,paired_hierarchical,1,0,0,9769808dfe284056,modE->oppC,shared_complete_observation_shared_scores,maximum,prefix,complete,0,100,0.2,0.9,biological_error,2151398048,921666314,2151398048,modE,oppC,False,identifiable,arcA|fliA|fur|lrp|nac,100,0.033639633784092446,0.117059639281447,0.10012264131831544,0.28737175332663145,-0.1873472175015121,1755,,,,[],0,,False,True,
csd-20260805_174708,paired_hierarchical,1,0,0,9769808dfe284056,modE->oppD,shared_complete_observation_shared_scores,maximum,prefix,complete,0,100,0.2,0.9,biological_error,2151398048,921666314,2151398048,modE,oppD,False,identifiable,arcA|fliA|fur|lrp,100,-0.029697069427929945,0.08784599518728953,0.057092026508257517,-0.3380583185905648,-0.31426893192369,1755,,,,[],0,,False,True,
csd-20260805_174708,paired_hierarchical,1,0,0,9769808dfe284056,modE->oppF,shared_complete_observation_shared_scores,maximum,prefix,complete,0,100,0.2,0.9,biological_error,2151398048,921666314,2151398048,modE,oppF,False,identifiable,arcA|fliA|fur|lrp,100,-0.6106759872822813,0.1249664495555402,0.11553628173475808,-4.8867195111506465,-0.21501172904513272,1755,,,,[],0,,False,True,
csd-20260805_174708,paired_hierarchical,1,0,0,9769808dfe284056,mprA->acrA,shared_complete_observation_shared_scores,maximum,prefix,complete,0,100,0.2,0.9,biological_error,2151398048,921666314,2151398048,mprA,acrA,False,identifiable,acrR|envR|marA|phoP|ptrR|rob|rpoD|soxS,100,0.0165618161637391,0.05201933735919884,0.04474119386793967,0.3183780687050676,-0.15154445382115045,1755,,,,[],0,,False,True,
csd-20260805_174708,paired_hierarchical,1,0,0,9769808dfe284056,mprA->acrB,shared_complete_observation_shared_scores,maximum,prefix,complete,0,100,0.2,0.9,biological_error,2151398048,921666314,2151398048,mprA,acrB,False,identifiable,acrR|envR|marA|phoP|ptrR|rob|rpoD|soxS,100,-0.01700767494518982,0.10358490108735652,0.1774070394642271,-0.16419067611839194,-0.2433688820007227,1755,,,,[],0,,False,True,
csd-20260805_174708,paired_hierarchical,1,0,0,9769808dfe284056,mprA->emrA,shared_complete_observation_shared_scores,maximum,prefix,complete,0,100,0.2,0.9,biological_error,2151398048,921666314,2151398048,mprA,emrA,False,identifiable,rpoD,100,0.011624145503988244,0.049284616968103975,0.041033554744696374,0.2358574788460091,-0.17806275758048754,1755,,,,[],0,,False,True,
csd-20260805_174708,paired_hierarchical,1,0,0,9769808dfe284056,mprA->emrB,shared_complete_observation_shared_scores,maximum,prefix,complete,0,100,0.2,0.9,biological_error,2151398048,921666314,2151398048,mprA,emrB,False,identifiable,rpoD,100,0.013324091532348568,0.07898521239228842,0.10539207397992215,0.16869096288774987,-0.2163913345571467,1755,,,,[],0,,False,True,
csd-20260805_174708,paired_hierarchical,1,0,0,9769808dfe284056,mraZ->ddlB,shared_complete_observation_shared_scores,maximum,prefix,complete,0,100,0.2,0.9,biological_error,2151398048,921666314,2151398048,mraZ,ddlB,False,identifiable,lexA|pdhR|rpoD,100,0.07471402054761948,0.09644267256162825,0.09926224334121839,0.7746987776585739,-0.14774281164101238,1755,,,,[],0,,False,True,
csd-20260805_174708,paired_hierarchical,1,0,0,9769808dfe284056,mraZ->ftsA,shared_complete_observation_shared_scores,maximum,prefix,complete,0,100,0.2,0.9,biological_error,2151398048,921666314,2151398048,mraZ,ftsA,False,identifiable,lexA|pdhR|rcsB|rpoD|rpoS|sdiA,100,-0.26671717663712224,0.11385857964120534,0.13774037622158194,-2.3425303343639947,-0.0590598855236101,1755,,,,[],0,,False,True,
csd-20260805_174708,paired_hierarchical,1,0,0,9769808dfe284056,mraZ->ftsI,shared_complete_observation_shared_scores,maximum,prefix,complete,0,100,0.2,0.9,biological_error,2151398048,921666314,2151398048,mraZ,ftsI,False,identifiable,lexA|pdhR|rpoD,100,-0.0015264339477368493,0.08781042551249567,0.082288240422469,-0.017383288360442273,-0.555027040556223,1755,,,,[],0,,False,True,
csd-20260805_174708,paired_hierarchical,1,0,0,9769808dfe284056,mraZ->ftsL,shared_complete_observation_shared_scores,maximum,prefix,complete,0,100,0.2,0.9,biological_error,2151398048,921666314,2151398048,mraZ,ftsL,False,identifiable,lexA|pdhR|rpoD,100,-0.1744017659568084,0.1154981125450349,0.14236242813788275,-1.5099966753898757,-0.4704810787409269,1755,,,,[],0,,False,True,
csd-20260805_174708,paired_hierarchical,1,0,0,9769808dfe284056,mraZ->ftsQ,shared_complete_observation_shared_scores,maximum,prefix,complete,0,100,0.2,0.9,biological_error,2151398048,921666314,2151398048,mraZ,ftsQ,False,identifiable,lexA|lrp|pdhR|rpoD|rpoS|sdiA,100,-0.0176499118314994,0.14668347525379713,0.22901782509667362,-0.12032651804138726,-0.14212984481217442,1755,,,,[],0,,False,True,
csd-20260805_174708,paired_hierarchical,1,0,0,9769808dfe284056,mraZ->ftsW,shared_complete_observation_shared_scores,maximum,prefix,complete,0,100,0.2,0.9,biological_error,2151398048,921666314,2151398048,mraZ,ftsW,False,identifiable,lexA|pdhR|rpoD,100,-0.08605528170389957,0.09953128763709836,0.10572187520692876,-0.8646053291068259,-0.11896301692339811,1755,,,,[],0,,False,True,
csd-20260805_174708,paired_hierarchical,1,0,0,9769808dfe284056,mraZ->ftsZ,shared_complete_observation_shared_scores,maximum,prefix,complete,0,100,0.2,0.9,biological_error,2151398048,921666314,2151398048,mraZ,ftsZ,False,identifiable,argR|dicF|lexA|pdhR|rcsB|rpoD|rpoS|sdiA,100,0.01111716031172479,0.11107175506232142,0.13094145041525243,0.100089895090674,-0.17872250776808407,1755,,,,[],0,,False,True,
csd-20260805_174708,paired_hierarchical,1,0,0,9769808dfe284056,mraZ->lpxC,shared_complete_observation_shared_scores,maximum,prefix,complete,0,100,0.2,0.9,biological_error,2151398048,921666314,2151398048,mraZ,lpxC,False,identifiable,lexA|pdhR|rpoD,100,0.16243022335665086,0.14622950209539054,0.22819998683029108,1.110789690377883,-0.0969538980303867,1755,,,,[],0,,False,True,
csd-20260805_174708,paired_hierarchical,1,0,0,9769808dfe284056,mraZ->mioC,shared_complete_observation_shared_scores,maximum,prefix,complete,0,100,0.2,0.9,biological_error,2151398048,921666314,2151398048,mraZ,mioC,False,identifiable,asnC|nac|pdhR|rpoD,100,-0.008847494979624029,0.08611272395442647,0.06978218009281728,-0.10274317863067946,-0.17145863970734315,1755,,,,[],0,,False,True,
csd-20260805_174708,paired_hierarchical,1,0,0,9769808dfe284056,mraZ->mraY,shared_complete_observation_shared_scores,maximum,prefix,complete,0,100,0.2,0.9,biological_error,2151398048,921666314,2151398048,mraZ,mraY,False,identifiable,lexA|pdhR|rpoD,100,-0.010977653485073315,0.09063585499751438,0.0876689256399281,-0.12111822065753525,-0.08214757216479061,1755,,,,[],0,,False,True,
csd-20260805_174708,paired_hierarchical,1,0,0,9769808dfe284056,mraZ->murC,shared_complete_observation_shared_scores,maximum,prefix,complete,0,100,0.2,0.9,biological_error,2151398048,921666314,2151398048,mraZ,murC,False,identifiable,lexA|pdhR|rpoD,100,0.030019886586727468,0.12213529385206455,0.15919446941230103,0.24579206910566595,-0.13582443026511243,1755,,,,[],0,,False,True,
csd-20260805_174708,paired_hierarchical,1,0,0,9769808dfe284056,mraZ->murD,shared_complete_observation_shared_scores,maximum,prefix,complete,0,100,0.2,0.9,biological_error,2151398048,921666314,2151398048,mraZ,murD,False,identifiable,glaR|lexA|pdhR|rpoD,100,0.034235115268792166,0.10659495214049243,0.12125855801414143,0.3211701359335496,-0.1756331219835375,1755,,,,[],0,,False,True,
csd-20260805_174708,paired_hierarchical,1,0,0,9769808dfe284056,mraZ->murE,shared_complete_observation_shared_scores,maximum,prefix,complete,0,100,0.2,0.9,biological_error,2151398048,921666314,2151398048,mraZ,murE,False,identifiable,lexA|pdhR|rpoD,100,-0.09333686867479177,0.10530833396111917,0.11835077238776022,-0.886319868181113,-0.2677147528029299,1755,,,,[],0,,False,True,
csd-20260805_174708,paired_hierarchical,1,0,0,9769808dfe284056,mraZ->murF,shared_complete_observation_shared_scores,maximum,prefix,complete,0,100,0.2,0.9,biological_error,2151398048,921666314,2151398048,mraZ,murF,False,identifiable,lexA|pdhR|rpoD,100,0.01167475366574591,0.11778953772431484,0.1480672625396241,0.09911537044207225,-0.05334962252800885,1755,,,,[],0,,False,True,
csd-20260805_174708,paired_hierarchical,1,0,0,9769808dfe284056,mraZ->murG,shared_complete_observation_shared_scores,maximum,prefix,complete,0,100,0.2,0.9,biological_error,2151398048,921666314,2151398048,mraZ,murG,False,identifiable,lexA|pdhR|rpoD,100,-0.015289447874271904,0.11177113752828101,0.1333229621927834,-0.13679245118538116,-0.23954194742796778,1755,,,,[],0,,False,True,
csd-20260805_174708,paired_hierarchical,1,0,0,9769808dfe284056,mraZ->rsmH,shared_complete_observation_shared_scores,maximum,prefix,complete,0,100,0.2,0.9,biological_error,2151398048,921666314,2151398048,mraZ,rsmH,False,identifiable,pdhR|rpoD,100,0.25889970491980746,0.13685995192251882,0.2023217349539933,1.8917126689214359,-0.19815342142611334,1755,,,,[],0,,False,True,
csd-20260805_174708,paired_hierarchical,1,0,0,9769808dfe284056,murR->murP,shared_complete_observation_shared_scores,maximum,prefix,complete,0,100,0.2,0.9,biological_error,2151398048,921666314,2151398048,murR,murP,False,identifiable,crp|rpoD|rpoS,100,0.16676070071375432,0.07995440129275547,0.08913930492987183,2.085697572834733,-0.25820148247794045,1755,,,,[],0,,False,True,
csd-20260805_174708,paired_hierarchical,1,0,0,9769808dfe284056,murR->murQ,shared_complete_observation_shared_scores,maximum,prefix,complete,0,100,0.2,0.9,biological_error,2151398048,921666314,2151398048,murR,murQ,False,identifiable,crp|rpoD|rpoS,100,-0.02477864695218375,0.10527659683480989,0.15454258317692587,-0.23536709674481657,-0.1298693827209177,1755,,,,[],0,,False,True,
csd-20260805_174708,paired_hierarchical,1,0,0,9769808dfe284056,srsR->adhE,shared_complete_observation_shared_scores,maximum,prefix,complete,0,100,0.2,0.9,biological_error,2151398048,921666314,2151398048,srsR,adhE,False,identifiable,cra|fis|flhC|flhD|fnr|lrp|nac|narL|rpoD|rpoS,100,0.1283405130262798,0.116326840626444,0.3043271340440403,1.1032751541702646,0.07951821241506524,1755,,,,[],0,,False,True,
csd-20260805_174708,paired_hierarchical,1,0,0,9769808dfe284056,srsR->bluR,shared_complete_observation_shared_scores,maximum,prefix,complete,0,100,0.2,0.9,biological_error,2151398048,921666314,2151398048,srsR,bluR,False,identifiable,nac|rpoD,100,-0.001083014866871266,0.10095903552593745,0.2443209871575346,-0.010727270335234412,0.245421003732386,1755,,,,[],0,,False,True,
csd-20260805_174708,paired_hierarchical,1,0,0,9769808dfe284056,srsR->cdgI,shared_complete_observation_shared_scores,maximum,prefix,complete,0,100,0.2,0.9,biological_error,2151398048,921666314,2151398048,srsR,cdgI,False,identifiable,hns|nac,100,-0.010093995249332119,0.05733746118255074,0.07747820795461487,-0.17604538186988963,0.14294684320826037,1755,,,,[],0,,False,True,
csd-20260805_174708,paired_hierarchical,1,0,0,9769808dfe284056,srsR->dhaK,shared_complete_observation_shared_scores,maximum,prefix,complete,0,100,0.2,0.9,biological_error,2151398048,921666314,2151398048,srsR,dhaK,False,identifiable,dhaR|lrp|nac|rpoS,100,0.007479344365218478,0.07351928916670739,0.12917542410520488,0.10173308868994667,0.06624874283119532,1755,,,,[],0,,False,True,
csd-20260805_174708,paired_hierarchical,1,0,0,9769808dfe284056,srsR->dhaL,shared_complete_observation_shared_scores,maximum,prefix,complete,0,100,0.2,0.9,biological_error,2151398048,921666314,2151398048,srsR,dhaL,False,identifiable,dhaR|nac|rpoS,100,0.008243305963845999,0.09236868633542318,0.20442135436756437,0.08924351196152835,0.44396680302380553,1755,,,,[],0,,False,True,
csd-20260805_174708,paired_hierarchical,1,0,0,9769808dfe284056,srsR->dhaM,shared_complete_observation_shared_scores,maximum,prefix,complete,0,100,0.2,0.9,biological_error,2151398048,921666314,2151398048,srsR,dhaM,False,identifiable,dhaR|nac|rpoS,100,0.06760095425325294,0.07407161376836971,0.13145597787249866,0.9126431950659094,0.1984294752695694,1755,,,,[],0,,False,True,
csd-20260805_174708,paired_hierarchical,1,0,0,9769808dfe284056,srsR->dinJ,shared_complete_observation_shared_scores,maximum,prefix,complete,0,100,0.2,0.9,biological_error,2151398048,921666314,2151398048,srsR,dinJ,False,identifiable,lexA|nac|rpoD,100,0.05405764662176047,0.09602535922040872,0.221008446667296,0.5629517771204686,0.17701199003105195,1755,,,,[],0,,False,True,
csd-20260805_174708,paired_hierarchical,1,0,0,9769808dfe284056,srsR->fucA,shared_complete_observation_shared_scores,maximum,prefix,complete,0,100,0.2,0.9,biological_error,2151398048,921666314,2151398048,srsR,fucA,False,identifiable,crp|hns|nac|rpoD,100,0.16549377218286693,0.12603656625225917,0.3742786951903723,1.3130615749371901,0.08289867128754583,1755,,,,[],0,,False,True,
csd-20260805_174708,paired_hierarchical,1,0,0,9769808dfe284056,srsR->fucI,shared_complete_observation_shared_scores,maximum,prefix,complete,0,100,0.2,0.9,biological_error,2151398048,921666314,2151398048,srsR,fucI,False,identifiable,crp|nac|rpoD|spf,100,0.256562011421068,0.11664310656652606,0.32545759056501733,2.199547139759526,0.2774590333009203,1755,,,,[],0,,False,True,
csd-20260805_174708,paired_hierarchical,1,0,0,9769808dfe284056,srsR->fucK,shared_complete_observation_shared_scores,maximum,prefix,complete,0,100,0.2,0.9,biological_error,2151398048,921666314,2151398048,srsR,fucK,False,identifiable,crp|nac|rpoD|spf,100,0.14738768505848893,0.11541900182793739,0.3186624403420222,1.2769793770891325,0.17497039712103143,1755,,,,[],0,,False,True,
csd-20260805_174708,paired_hierarchical,1,0,0,9769808dfe284056,srsR->fucO,shared_complete_observation_shared_scores,maximum,prefix,complete,0,100,0.2,0.9,biological_error,2151398048,921666314,2151398048,srsR,fucO,False,identifiable,crp|nac|rpoD,100,0.047550809188920504,0.08238810434532003,0.16268375997272813,0.5771562480624253,0.13105839121037616,1755,,,,[],0,,False,True,
csd-20260805_174708,paired_hierarchical,1,0,0,9769808dfe284056,srsR->fucP,shared_complete_observation_shared_scores,maximum,prefix,complete,0,100,0.2,0.9,biological_error,2151398048,921666314,2151398048,srsR,fucP,False,identifiable,crp|nac|rpoD|spf,100,-0.0029231019845556276,0.0736042593141986,0.12959317882096028,-0.03971376129304718,0.22108015079791168,1755,,,,[],0,,False,True,
csd-20260805_174708,paired_hierarchical,1,0,0,9769808dfe284056,srsR->fucR,shared_complete_observation_shared_scores,maximum,prefix,complete,0,100,0.2,0.9,biological_error,2151398048,921666314,2151398048,srsR,fucR,False,identifiable,crp|nac|rpoD,100,0.08379271360115034,0.12533039928220194,0.3764679655989216,0.6685745364337132,0.24370469924660837,1755,,,,[],0,,False,True,
csd-20260805_174708,paired_hierarchical,1,0,0,9769808dfe284056,srsR->fucU,shared_complete_observation_shared_scores,maximum,prefix,complete,0,100,0.2,0.9,biological_error,2151398048,921666314,2151398048,srsR,fucU,False,identifiable,crp|nac|rpoD,100,-0.012577099067619314,0.059261363695795766,0.08417022007574496,-0.21223100994065688,0.11670969643556064,1755,,,,[],0,,False,True,
csd-20260805_174708,paired_hierarchical,1,0,0,9769808dfe284056,srsR->hycB,shared_complete_observation_shared_scores,maximum,prefix,complete,0,100,0.2,0.9,biological_error,2151398048,921666314,2151398048,srsR,hycB,False,identifiable,fhlA|ihfA|ihfB|modE|nac|nsrR|rpoN,100,0.0019953985274656014,0.026671490783342616,0.016940184381384598,0.07481391061619268,0.0850486511943158,1755,,,,[],0,,False,True,
csd-20260805_174708,paired_hierarchical,1,0,0,9769808dfe284056,srsR->narZ,shared_complete_observation_shared_scores,maximum,prefix,complete,0,100,0.2,0.9,biological_error,2151398048,921666314,2151398048,srsR,narZ,False,identifiable,nac|ompR,100,0.07612521248238216,0.05782953297853566,0.08016417556931378,1.3163725965180668,0.060138173257384436,1755,,,,[],0,,False,True,
csd-20260805_174708,paired_hierarchical,1,0,0,9769808dfe284056,srsR->paaA,shared_complete_observation_shared_scores,maximum,prefix,complete,0,100,0.2,0.9,biological_error,2151398048,921666314,2151398048,srsR,paaA,False,identifiable,crp|fur|ihfA|ihfB|nac|paaX|rpoD|slyA,100,-0.0145643255222447,0.05696688051250752,0.07738124388083044,-0.25566303422647463,0.32305380178840154,1755,,,,[],0,,False,True,
csd-20260805_174708,paired_hierarchical,1,0,0,9769808dfe284056,srsR->paaB,shared_complete_observation_shared_scores,maximum,prefix,complete,0,100,0.2,0.9,biological_error,2151398048,921666314,2151398048,srsR,paaB,False,identifiable,crp|fur|ihfA|ihfB|nac|paaX|rpoD|slyA,100,-0.0025210809735510035,0.05578327503120192,0.07419913564627399,-0.04519420869679769,0.18577196086268202,1755,,,,[],0,,False,True,
csd-20260805_174708,paired_hierarchical,1,0,0,9769808dfe284056,srsR->paaC,shared_complete_observation_shared_scores,maximum,prefix,complete,0,100,0.2,0.9,biological_error,2151398048,921666314,2151398048,srsR,paaC,False,identifiable,crp|fur|ihfA|ihfB|nac|paaX|rpoD|slyA,100,0.09288313140829255,0.07854976581743439,0.14712301597972108,1.182474962741096,0.1329742769763379,1755,,,,[],0,,False,True,
csd-20260805_174708,paired_hierarchical,1,0,0,9769808dfe284056,srsR->paaD,shared_complete_observation_shared_scores,maximum,prefix,complete,0,100,0.2,0.9,biological_error,2151398048,921666314,2151398048,srsR,paaD,False,identifiable,crp|fur|ihfA|ihfB|nac|paaX|rpoD|slyA,100,0.005434830325544883,0.08522463264744036,0.17318931953453615,0.06377065123915336,0.08501915449389481,1755,,,,[],0,,False,True,
csd-20260805_174708,paired_hierarchical,1,0,0,9769808dfe284056,srsR->paaE,shared_complete_observation_shared_scores,maximum,prefix,complete,0,100,0.2,0.9,biological_error,2151398048,921666314,2151398048,srsR,paaE,False,identifiable,crp|fur|ihfA|ihfB|nac|paaX|rpoD|slyA,100,0.16144854553252297,0.09851060010058402,0.23139648597414858,1.6388951581624345,0.11714618133687832,1755,,,,[],0,,False,True,
csd-20260805_174708,paired_hierarchical,1,0,0,9769808dfe284056,srsR->paaF,shared_complete_observation_shared_scores,maximum,prefix,complete,0,100,0.2,0.9,biological_error,2151398048,921666314,2151398048,srsR,paaF,False,identifiable,crp|fur|ihfA|ihfB|nac|paaX|rpoD|slyA,100,-0.0016422064511232336,0.015703406621463654,0.005880017015002445,-0.10457644578079262,0.15038615220036086,1755,,,,[],0,,False,True,
csd-20260805_174708,paired_hierarchical,1,0,0,9769808dfe284056,srsR->paaG,shared_complete_observation_shared_scores,maximum,prefix,complete,0,100,0.2,0.9,biological_error,2151398048,921666314,2151398048,srsR,paaG,False,identifiable,crp|fur|ihfA|ihfB|nac|paaX|rpoD|slyA,100,0.1040505159507771,0.10231671212831968,0.24962264574362258,1.0169454606817603,0.1572554887674643,1755,,,,[],0,,False,True,
csd-20260805_174708,paired_hierarchical,1,0,0,9769808dfe284056,srsR->paaH,shared_complete_observation_shared_scores,maximum,prefix,complete,0,100,0.2,0.9,biological_error,2151398048,921666314,2151398048,srsR,paaH,False,identifiable,crp|fur|ihfA|ihfB|nac|paaX|rpoD|slyA,100,0.07614549552919368,0.07203662931312636,0.1237364343079219,1.0570385685066834,0.14354134056584034,1755,,,,[],0,,False,True,
csd-20260805_174708,paired_hierarchical,1,0,0,9769808dfe284056,srsR->paaI,shared_complete_observation_shared_scores,maximum,prefix,complete,0,100,0.2,0.9,biological_error,2151398048,921666314,2151398048,srsR,paaI,False,identifiable,crp|fur|ihfA|ihfB|nac|paaX|rpoD|slyA,100,0.005113260568873749,0.08139344826369507,0.15796822049343107,0.06282152529412469,0.2174893411790333,1755,,,,[],0,,False,True,
csd-20260805_174708,paired_hierarchical,1,0,0,9769808dfe284056,srsR->paaJ,shared_complete_observation_shared_scores,maximum,prefix,complete,0,100,0.2,0.9,biological_error,2151398048,921666314,2151398048,srsR,paaJ,False,identifiable,crp|fur|ihfA|ihfB|nac|paaX|rpoD|slyA,100,-0.005485717956011101,0.06304268121263953,0.09476766519198097,-0.0870159366716665,0.10676398223354114,1755,,,,[],0,,False,True,
csd-20260805_174708,paired_hierarchical,1,0,0,9769808dfe284056,srsR->paaK,shared_complete_observation_shared_scores,maximum,prefix,complete,0,100,0.2,0.9,biological_error,2151398048,921666314,2151398048,srsR,paaK,False,identifiable,crp|fur|ihfA|ihfB|nac|paaX|rpoD|slyA|spf,100,-0.004621899104939052,0.09624655864588852,0.22042047949808274,-0.04802144793502693,0.07199170160781655,1755,,,,[],0,,False,True,
csd-20260805_174708,paired_hierarchical,1,0,0,9769808dfe284056,srsR->paaZ,shared_complete_observation_shared_scores,maximum,prefix,complete,0,100,0.2,0.9,biological_error,2151398048,921666314,2151398048,srsR,paaZ,False,identifiable,crp|ihfA|ihfB|nac|paaX,100,-0.0003859234318557101,0.06170771502407916,0.09089882975011565,-0.00625405480830262,0.24079149609301473,1755,,,,[],0,,False,True,
csd-20260805_174708,paired_hierarchical,1,0,0,9769808dfe284056,srsR->pflB,shared_complete_observation_shared_scores,maximum,prefix,complete,0,100,0.2,0.9,biological_error,2151398048,921666314,2151398048,srsR,pflB,False,identifiable,arcA|cpxR|crp|fis|fnr|ihfA|ihfB|nac|narL|rpoD|yeiE,100,-0.06412384066624242,0.09918366568530688,0.23238491816917564,-0.6465161397613253,0.33033124561236077,1755,,,,[],0,,False,True,
csd-20260805_174708,paired_hierarchical,1,0,0,9769808dfe284056,srsR->yafL,shared_complete_observation_shared_scores,maximum,prefix,complete,0,100,0.2,0.9,biological_error,2151398048,921666314,2151398048,srsR,yafL,False,identifiable,nac,100,-0.0404882841098886,0.074219940988557,0.13206551614785725,-0.5455176003997492,0.09989698187033294,1755,,,,[],0,,False,True,
csd-20260805_174708,paired_hierarchical,1,0,0,9769808dfe284056,srsR->yafQ,shared_complete_observation_shared_scores,maximum,prefix,complete,0,100,0.2,0.9,biological_error,2151398048,921666314,2151398048,srsR,yafQ,False,identifiable,lexA|nac|rpoD,100,0.0016101711694755606,0.08848034218948252,0.1876422268605217,0.01819806670760094,0.1331575177878778,1755,,,,[],0,,False,True,
csd-20260805_174708,paired_hierarchical,1,0,0,9769808dfe284056,srsR->yfdK,shared_complete_observation_shared_scores,maximum,prefix,complete,0,100,0.2,0.9,biological_error,2151398048,921666314,2151398048,srsR,yfdK,False,identifiable,nac,100,-0.06151659842062344,0.09219011650621445,0.20375907071201002,-0.6672797557043619,0.35571101279209677,1755,,,,[],0,,False,True,
csd-20260805_174708,paired_hierarchical,1,0,0,9769808dfe284056,srsR->yfdM,shared_complete_observation_shared_scores,maximum,prefix,complete,0,100,0.2,0.9,biological_error,2151398048,921666314,2151398048,srsR,yfdM,False,identifiable,nac,100,-0.12777681963628165,0.07060419261733247,0.11951136474518939,-1.809762492842585,0.32462497381908156,1755,,,,[],0,,False,True,
csd-20260805_174708,paired_hierarchical,1,0,0,9769808dfe284056,srsR->yfdN,shared_complete_observation_shared_scores,maximum,prefix,complete,0,100,0.2,0.9,biological_error,2151398048,921666314,2151398048,srsR,yfdN,False,identifiable,nac,100,0.11000381373922133,0.05337524727880027,0.06830115120853858,2.060951833433715,0.17276744175870992,1755,,,,[],0,,False,True,
csd-20260805_174708,paired_hierarchical,1,0,0,9769808dfe284056,srsR->yfdO,shared_complete_observation_shared_scores,maximum,prefix,complete,0,100,0.2,0.9,biological_error,2151398048,921666314,2151398048,srsR,yfdO,False,identifiable,nac,100,0.0024374414273607217,0.062476850998773474,0.09358074261713024,0.03901351281946929,0.12643039458378766,1755,,,,[],0,,False,True,
csd-20260805_174708,paired_hierarchical,1,0,0,9769808dfe284056,srsR->yfdP,shared_complete_observation_shared_scores,maximum,prefix,complete,0,100,0.2,0.9,biological_error,2151398048,921666314,2151398048,srsR,yfdP,False,identifiable,nac,100,0.0008242906751284257,0.055783180319293024,0.07460273768873774,0.014776688428489235,0.1158206380739821,1755,,,,[],0,,False,True,
csd-20260805_174708,paired_hierarchical,1,0,0,9769808dfe284056,srsR->yfdQ,shared_complete_observation_shared_scores,maximum,prefix,complete,0,100,0.2,0.9,biological_error,2151398048,921666314,2151398048,srsR,yfdQ,False,identifiable,nac,100,0.034139896216559246,0.025640168869215274,0.015761225620527144,1.3315004433355788,0.187530537907206,1755,,,,[],0,,False,True,
csd-20260805_174708,paired_hierarchical,1,0,0,9769808dfe284056,tdcR->tdcA,shared_complete_observation_shared_scores,maximum,prefix,complete,0,100,0.2,0.9,biological_error,2151398048,921666314,2151398048,tdcR,tdcA,False,identifiable,crp|fnr|ihfA|ihfB|nac,100,0.14789806241250733,0.1049265136884223,0.14540464060646496,1.4095394692297543,0.3309170794293147,1755,,,,[],0,,False,True,
csd-20260805_174708,paired_hierarchical,1,0,0,9769808dfe284056,tdcR->tdcB,shared_complete_observation_shared_scores,maximum,prefix,complete,0,100,0.2,0.9,biological_error,2151398048,921666314,2151398048,tdcR,tdcB,False,identifiable,crp|fnr|ihfA|ihfB|nac,100,-0.005332181991731235,0.07702049514210728,0.07834664317806199,-0.06923068959623085,0.15193404090218932,1755,,,,[],0,,False,True,
csd-20260805_174708,paired_hierarchical,1,0,0,9769808dfe284056,tdcR->tdcC,shared_complete_observation_shared_scores,maximum,prefix,complete,0,100,0.2,0.9,biological_error,2151398048,921666314,2151398048,tdcR,tdcC,False,identifiable,crp|fnr|ihfA|ihfB|nac,100,0.07653776540851234,0.09529354991791816,0.11993192171203905,0.8031788665071113,0.20573468793121572,1755,,,,[],0,,False,True,
csd-20260805_174708,paired_hierarchical,1,0,0,9769808dfe284056,tdcR->tdcD,shared_complete_observation_shared_scores,maximum,prefix,complete,0,100,0.2,0.9,biological_error,2151398048,921666314,2151398048,tdcR,tdcD,False,identifiable,crp|fnr|ihfA|ihfB|nac,100,0.005724900161544895,0.07351706634890269,0.07138124492395301,0.07787171667562527,0.39072269528265974,1755,,,,[],0,,False,True,
csd-20260805_174708,paired_hierarchical,1,0,0,9769808dfe284056,tdcR->tdcE,shared_complete_observation_shared_scores,maximum,prefix,complete,0,100,0.2,0.9,biological_error,2151398048,921666314,2151398048,tdcR,tdcE,False,identifiable,crp|fnr|ihfA|ihfB|nac,100,-0.020379976343934698,0.12312941107167386,0.2002310318978788,-0.16551672071322973,0.33266003110496495,1755,,,,[],0,,False,True,
csd-20260805_174708,paired_hierarchical,1,0,0,9769808dfe284056,tdcR->tdcF,shared_complete_observation_shared_scores,maximum,prefix,complete,0,100,0.2,0.9,biological_error,2151398048,921666314,2151398048,tdcR,tdcF,False,identifiable,crp|fnr|ihfA|ihfB|nac,100,-0.07731615870062332,0.10523449261860555,0.14625947291174188,-0.7347035822259835,0.1122765593856208,1755,,,,[],0,,False,True,
csd-20260805_174708,paired_hierarchical,1,0,0,9769808dfe284056,tdcR->tdcG,shared_complete_observation_shared_scores,maximum,prefix,complete,0,100,0.2,0.9,biological_error,2151398048,921666314,2151398048,tdcR,tdcG,False,identifiable,crp|fnr|ihfA|ihfB|nac,100,-0.08415087034433416,0.11595059869347671,0.17756353061869246,-0.7257476140057949,0.36471602204950276,1755,,,,[],0,,False,True,
csd-20260805_174708,paired_hierarchical,1,0,0,9769808dfe284056,uhpA->uhpT,shared_complete_observation_shared_scores,maximum,prefix,complete,0,100,0.2,0.9,biological_error,2151398048,921666314,2151398048,uhpA,uhpT,False,identifiable,crp|nac|rpoD|uvrY,100,0.020505630842833897,0.12404606790586065,0.16874646913431424,0.16530657673402233,0.11152623201788459,1755,,,,[],0,,False,True,
csd-20260805_174708,paired_hierarchical,1,0,0,9769808dfe284056,xapR->xapA,shared_complete_observation_shared_scores,maximum,prefix,complete,0,100,0.2,0.9,biological_error,2151398048,921666314,2151398048,xapR,xapA,False,identifiable,nac|rpoD|rpoS,100,-0.03858943023024061,0.11345766081230504,0.12066555880271494,-0.34012185650539517,0.3296858040705139,1755,,,,[],0,,False,True,
csd-20260805_174708,paired_hierarchical,1,0,0,9769808dfe284056,xapR->xapB,shared_complete_observation_shared_scores,maximum,prefix,complete,0,100,0.2,0.9,biological_error,2151398048,921666314,2151398048,xapR,xapB,False,identifiable,nac|rpoD|rpoN|rpoS,100,0.3823936592914552,0.1720831620690346,0.2774977120133847,2.2221445415911774,0.27978823018857185,1755,,,,[],0,,False,True,
csd-20260805_174708,paired_hierarchical,1,0,0,9769808dfe284056,yafC->cysJ,shared_complete_observation_shared_scores,maximum,prefix,complete,0,100,0.2,0.9,biological_error,2151398048,921666314,2151398048,yafC,cysJ,False,identifiable,cysB|ihfA|ihfB|nac|rpoD|yeiE,100,-0.005799392774721076,0.22524304742239326,0.11126722272028503,-0.02574726652426081,0.2404315503419447,1755,,,,[],0,,False,True,
csd-20260805_174708,paired_hierarchical,1,0,0,9769808dfe284056,ydcI->flu,shared_complete_observation_shared_scores,maximum,prefix,complete,0,100,0.2,0.9,biological_error,2151398048,921666314,2151398048,ydcI,flu,False,identifiable,dksA|nac|oxyR|rpoD,100,-0.04716844913907179,0.10972422873190903,0.11344678228789416,-0.4298818017150908,0.10645353515228871,1755,,,,[],0,,False,True,
csd-20260805_174708,paired_hierarchical,1,0,0,9769808dfe284056,ydcI->iraP,shared_complete_observation_shared_scores,maximum,prefix,complete,0,100,0.2,0.9,biological_error,2151398048,921666314,2151398048,ydcI,iraP,False,identifiable,csgD|dksA|hns|lrp|nac|rpoD,100,0.018456613310641266,0.11043022445176513,0.10692235815014374,0.16713371182816839,0.2520422559882985,1755,,,,[],0,,False,True,
csd-20260805_174708,paired_hierarchical,1,0,0,9769808dfe284056,ydcI->isrC,shared_complete_observation_shared_scores,maximum,prefix,complete,0,100,0.2,0.9,biological_error,2151398048,921666314,2151398048,ydcI,isrC,False,identifiable,dksA|nac|oxyR|rpoD,100,0.03722869416437981,0.08256603332678451,0.06423769512333602,0.4508960000177552,0.2683359259794312,1755,,,,[],0,,False,True,
csd-20260805_174708,paired_hierarchical,1,0,0,9769808dfe284056,ydcI->smrB,shared_complete_observation_shared_scores,maximum,prefix,complete,0,100,0.2,0.9,biological_error,2151398048,921666314,2151398048,ydcI,smrB,False,identifiable,nac,100,0.06492969687126234,0.11719176475713075,0.12954933176833822,0.5540465834423025,0.19555995580342997,1755,,,,[],0,,False,True,
csd-20260805_174708,paired_hierarchical,1,0,0,9769808dfe284056,yeiE->argO,shared_complete_observation_shared_scores,maximum,prefix,complete,0,100,0.2,0.9,biological_error,2151398048,921666314,2151398048,yeiE,argO,False,identifiable,argP|lrp|nac|rpoD,100,-0.031986017555425295,0.1756796822734007,0.12628532740221604,-0.18207010134300677,-0.13607940718172604,1755,,,,[],0,,False,True,
csd-20260805_174708,paired_hierarchical,1,0,0,9769808dfe284056,yeiE->cysJ,shared_complete_observation_shared_scores,maximum,prefix,complete,0,100,0.2,0.9,biological_error,2151398048,921666314,2151398048,yeiE,cysJ,False,identifiable,cysB|ihfA|ihfB|nac|rpoD|yafC,100,0.07943999809707998,0.16995115150481133,0.11126722272028503,0.46742841924687417,-0.1558170454489737,1755,,,,[],0,,False,True,
csd-20260805_174708,paired_hierarchical,1,0,0,9769808dfe284056,yeiE->dcuC,shared_complete_observation_shared_scores,maximum,prefix,complete,0,100,0.2,0.9,biological_error,2151398048,921666314,2151398048,yeiE,dcuC,False,identifiable,arcA|fnr|nac,100,-0.015370487452050467,0.11220805184847403,0.05863662539938749,-0.13698203648350302,-0.2024757578728466,1755,,,,[],0,,False,True,
csd-20260805_174708,paired_hierarchical,1,0,0,9769808dfe284056,yeiE->ftp,shared_complete_observation_shared_scores,maximum,prefix,complete,0,100,0.2,0.9,biological_error,2151398048,921666314,2151398048,yeiE,ftp,False,identifiable,nac,100,-0.01646665826142403,0.17922705390587967,0.1497474614051377,-0.09187596349193702,-0.0969631814830872,1755,,,,[],0,,False,True,
csd-20260805_174708,paired_hierarchical,1,0,0,9769808dfe284056,yeiE->gltF,shared_complete_observation_shared_scores,maximum,prefix,complete,0,100,0.2,0.9,biological_error,2151398048,921666314,2151398048,yeiE,gltF,False,identifiable,adiY|argR|crp|fnr|fur|gadE|glaR|hdfR|ihfA|ihfB|leuO|lrp|nac|rpoD|rpoS,100,-0.14652917570350282,0.12591563038011314,0.07029235627474363,-1.1637091857552686,0.14743813173991796,1755,,,,[],0,,False,True,
csd-20260805_174708,paired_hierarchical,1,0,0,9769808dfe284056,yeiE->infA,shared_complete_observation_shared_scores,maximum,prefix,complete,0,100,0.2,0.9,biological_error,2151398048,921666314,2151398048,yeiE,infA,False,identifiable,nac|rpoD,100,-0.002331629572673507,0.1268253640144823,0.07485827342897333,-0.01838456834555,-0.3913495034981229,1755,,,,[],0,,False,True,
csd-20260805_174708,paired_hierarchical,1,0,0,9769808dfe284056,yeiE->mdtF,shared_complete_observation_shared_scores,maximum,prefix,complete,0,100,0.2,0.9,biological_error,2151398048,921666314,2151398048,yeiE,mdtF,False,identifiable,crp|evgA|fliZ|gadE|gadW|gadX|hns|nac|rpoD|rpoS|torR|ydeO,100,0.005678761496803072,0.19115552082675769,0.1546708465889321,0.029707546359331552,-0.27125074666509963,1755,,,,[],0,,False,True,
csd-20260805_174708,paired_hierarchical,1,0,0,9769808dfe284056,yeiE->pflB,shared_complete_observation_shared_scores,maximum,prefix,complete,0,100,0.2,0.9,biological_error,2151398048,921666314,2151398048,yeiE,pflB,False,identifiable,arcA|cpxR|crp|fis|fnr|ihfA|ihfB|nac|narL|rpoD|srsR,100,-0.009464016074073014,0.22577319052613232,0.23238491816917564,-0.04191824570498592,-0.1738302552952983,1755,,,,[],0,,False,True,
csd-20260805_174708,paired_hierarchical,1,0,0,9769808dfe284056,yeiE->putA,shared_complete_observation_shared_scores,maximum,prefix,complete,0,100,0.2,0.9,biological_error,2151398048,921666314,2151398048,yeiE,putA,False,identifiable,arcA|basR|marA|nac|rpoD,100,0.187305019019319,0.11179339832726341,0.057718827150138784,1.6754568858440395,-0.1373901512293096,1755,,,,[],0,,False,True,
csd-20260805_174708,paired_hierarchical,1,0,0,9769808dfe284056,yeiE->sodC,shared_complete_observation_shared_scores,maximum,prefix,complete,0,100,0.2,0.9,biological_error,2151398048,921666314,2151398048,yeiE,sodC,False,identifiable,nac|rpoS,100,-0.5111403299299275,0.22604176025516734,0.23814210446424303,-2.261265039490608,0.2504237052880703,1755,,,,[],0,,False,True,
csd-20260805_174708,paired_hierarchical,1,0,0,9769808dfe284056,yeiE->ssuA,shared_complete_observation_shared_scores,maximum,prefix,complete,0,100,0.2,0.9,biological_error,2151398048,921666314,2151398048,yeiE,ssuA,False,identifiable,cbl|cysB|fnr|ihfA|ihfB|nac|rpoD,100,-0.03462978304164174,0.14348226447443557,0.0955852977473138,-0.24135235925142356,-0.11668041929486976,1755,,,,[],0,,False,True,
csd-20260805_174708,paired_hierarchical,1,0,0,9769808dfe284056,yeiE->uspF,shared_complete_observation_shared_scores,maximum,prefix,complete,0,100,0.2,0.9,biological_error,2151398048,921666314,2151398048,yeiE,uspF,False,identifiable,nac,100,-0.150048038529092,0.1336540974055887,0.08327543145193715,-1.1226594727863373,0.11149805346124869,1755,,,,[],0,,False,True,
csd-20260805_174708,paired_hierarchical,1,0,0,9769808dfe284056,yeiE->ydcT,shared_complete_observation_shared_scores,maximum,prefix,complete,0,100,0.2,0.9,biological_error,2151398048,921666314,2151398048,yeiE,ydcT,False,identifiable,nac|rpoS,100,-0.018431214518773994,0.2167123732490497,0.21889016180886756,-0.08504920250950561,-0.16476296724170295,1755,,,,[],0,,False,True,
csd-20260805_174708,paired_hierarchical,1,0,0,9769808dfe284056,yeiE->yibQ,shared_complete_observation_shared_scores,maximum,prefix,complete,0,100,0.2,0.9,biological_error,2151398048,921666314,2151398048,yeiE,yibQ,False,identifiable,cra|nac|rpoS,100,-0.06364579355617463,0.12478032237301181,0.07256896396775632,-0.5100627434341386,-0.46334338809874354,1755,,,,[],0,,False,True,
csd-20260805_174708,paired_hierarchical,1,0,0,9769808dfe284056,yeiE->yoaC,shared_complete_observation_shared_scores,maximum,prefix,complete,0,100,0.2,0.9,biological_error,2151398048,921666314,2151398048,yeiE,yoaC,False,identifiable,cysB|nac|rpoE,100,-0.020074529071734896,0.17762481329119276,0.146935962175311,-0.1130164682499923,0.19669407115867954,1755,,,,[],0,,False,True,
csd-20260805_174708,paired_hierarchical,1,0,0,9769808dfe284056,yieP->cusA,shared_complete_observation_shared_scores,maximum,prefix,complete,0,100,0.2,0.9,biological_error,2151398048,921666314,2151398048,yieP,cusA,False,identifiable,cusR|hprR|nac|phoB|rpoD,100,-0.02217338821882953,0.06602126319646197,0.07255174541347673,-0.3358522261660965,-0.39239498802101536,1755,,,,[],0,,False,True,
csd-20260805_174708,paired_hierarchical,1,0,0,9769808dfe284056,yieP->dauA,shared_complete_observation_shared_scores,maximum,prefix,complete,0,100,0.2,0.9,biological_error,2151398048,921666314,2151398048,yieP,dauA,False,identifiable,nac,100,-0.1878646894042644,0.052118285452359026,0.050469179771936434,-3.604583070484739,-0.05953358843625484,1755,,,,[],0,,False,True,
csd-20260805_174708,paired_hierarchical,1,0,0,9769808dfe284056,yieP->ybiX,shared_complete_observation_shared_scores,maximum,prefix,complete,0,100,0.2,0.9,biological_error,2151398048,921666314,2151398048,yieP,ybiX,False,identifiable,nac,100,-0.042966473812399056,0.09907042565643598,0.1823618814098797,-0.43369626735431105,0.23894086920609647,1755,,,,[],0,,False,True,
csd-20260805_174708,paired_hierarchical,1,0,0,9769808dfe284056,yieP->ykgE,shared_complete_observation_shared_scores,maximum,prefix,complete,0,100,0.2,0.9,biological_error,2151398048,921666314,2151398048,yieP,ykgE,False,identifiable,lrp|nac,100,0.10496386513831225,0.07010454990637774,0.09118690108221715,1.4972475435401547,-0.19607463879345233,1755,,,,[],0,,False,True,
csd-20260805_174708,paired_hierarchical,1,0,0,9769808dfe284056,yieP->yohJ,shared_complete_observation_shared_scores,maximum,prefix,complete,0,100,0.2,0.9,biological_error,2151398048,921666314,2151398048,yieP,yohJ,False,identifiable,nac,100,-0.02403442906694988,0.0948501924736646,0.1671561805997336,-0.25339357190680556,-0.22177119167941942,1755,,,,[],0,,False,True,
csd-20260805_174708,paired_hierarchical,1,0,0,9769808dfe284056,nadR->nadA,shared_complete_observation_shared_scores,maximum,prefix,complete,0,100,0.2,0.9,biological_error,2151398048,921666314,2151398048,nadR,nadA,False,identifiable,,100,0.015476098346583603,0.0744615529773003,0.06197261496543543,0.20784012322844667,-0.08131551518717423,1755,,,,[],0,,False,True,
csd-20260805_174708,paired_hierarchical,1,0,0,9769808dfe284056,nadR->nadB,shared_complete_observation_shared_scores,maximum,prefix,complete,0,100,0.2,0.9,biological_error,2151398048,921666314,2151398048,nadR,nadB,False,identifiable,rpoD,100,-0.09768960700212337,0.08621291125613699,0.08306773254393192,-1.1331203827682994,-0.1534203139105527,1755,,,,[],0,,False,True,
csd-20260805_174708,paired_hierarchical,1,0,0,9769808dfe284056,nadR->pncB,shared_complete_observation_shared_scores,maximum,prefix,complete,0,100,0.2,0.9,biological_error,2151398048,921666314,2151398048,nadR,pncB,False,identifiable,arcA|crp|lrp|rpoD,100,0.00347748622119923,0.07485943823167959,0.06261040283940471,0.04645354418018596,-0.14589486907603647,1755,,,,[],0,,False,True,
csd-20260805_174708,paired_hierarchical,1,0,0,9769808dfe284056,nadR->pnuC,shared_complete_observation_shared_scores,maximum,prefix,complete,0,100,0.2,0.9,biological_error,2151398048,921666314,2151398048,nadR,pnuC,False,identifiable,,100,-0.005157799023600921,0.13329140841285606,0.19858203474515723,-0.03869566002052573,-0.17129748560423888,1755,,,,[],0,,False,True,
csd-20260805_174708,paired_hierarchical,1,0,0,9769808dfe284056,nanR->fimB,shared_complete_observation_shared_scores,maximum,prefix,complete,0,100,0.2,0.9,biological_error,2151398048,921666314,2151398048,nanR,fimB,False,identifiable,basR|cpxR|dksA|hns|ihfA|ihfB|nagC|rpoD,100,-0.012420777123853748,0.12912616285775036,0.1893108787030365,-0.09619101852764637,0.20115283478784365,1755,,,,[],0,,False,True,
csd-20260805_174708,paired_hierarchical,1,0,0,9769808dfe284056,nanR->nanA,shared_complete_observation_shared_scores,maximum,prefix,complete,0,100,0.2,0.9,biological_error,2151398048,921666314,2151398048,nanR,nanA,False,identifiable,crp|fis|nac|rpoD,100,-0.0005654491077186935,0.035809281616857334,0.01571684693699146,-0.01579057390116719,-0.30990116526517375,1755,,,,[],0,,False,True,
csd-20260805_174708,paired_hierarchical,1,0,0,9769808dfe284056,nanR->nanC,shared_complete_observation_shared_scores,maximum,prefix,complete,0,100,0.2,0.9,biological_error,2151398048,921666314,2151398048,nanR,nanC,False,identifiable,crp|nagC|spf,100,-0.4598731577274826,0.10328161153010748,0.12856797418194854,-4.452614080226911,-0.17567890960183524,1755,,,,[],0,,False,True,
csd-20260805_174708,paired_hierarchical,1,0,0,9769808dfe284056,nanR->nanE,shared_complete_observation_shared_scores,maximum,prefix,complete,0,100,0.2,0.9,biological_error,2151398048,921666314,2151398048,nanR,nanE,False,identifiable,crp|fis|rpoD,100,0.0007025732755469789,0.12205319748725266,0.18266224619794744,0.005756287340365304,-0.7308503459048697,1755,,,,[],0,,False,True,
csd-20260805_174708,paired_hierarchical,1,0,0,9769808dfe284056,nanR->nanK,shared_complete_observation_shared_scores,maximum,prefix,complete,0,100,0.2,0.9,biological_error,2151398048,921666314,2151398048,nanR,nanK,False,identifiable,crp|fis|nac|rpoD,100,-0.16467548514703928,0.1034232910602841,0.13110248192769358,-1.5922475823270028,-0.14471898334303582,1755,,,,[],0,,False,True,
csd-20260805_174708,paired_hierarchical,1,0,0,9769808dfe284056,nanR->nanM,shared_complete_observation_shared_scores,maximum,prefix,complete,0,100,0.2,0.9,biological_error,2151398048,921666314,2151398048,nanR,nanM,False,identifiable,crp|nagC,100,0.1326887376623841,0.08925828068328844,0.09643946698198697,1.4865706200772364,-0.1696273152878412,1755,,,,[],0,,False,True,
csd-20260805_174708,paired_hierarchical,1,0,0,9769808dfe284056,nanR->nanQ,shared_complete_observation_shared_scores,maximum,prefix,complete,0,100,0.2,0.9,biological_error,2151398048,921666314,2151398048,nanR,nanQ,False,identifiable,crp|fis|rpoD,100,0.11565360043689994,0.12946649503902644,0.20552528201237127,0.8933091175600086,-0.3010796549029949,1755,,,,[],0,,False,True,
csd-20260805_174708,paired_hierarchical,1,0,0,9769808dfe284056,nanR->nanS,shared_complete_observation_shared_scores,maximum,prefix,complete,0,100,0.2,0.9,biological_error,2151398048,921666314,2151398048,nanR,nanS,False,identifiable,crp|nagC,100,0.017231065351308,0.07454165698281062,0.06725984343921018,0.23116021361426806,-0.22857494563757055,1755,,,,[],0,,False,True,
csd-20260805_174708,paired_hierarchical,1,0,0,9769808dfe284056,nanR->nanT,shared_complete_observation_shared_scores,maximum,prefix,complete,0,100,0.2,0.9,biological_error,2151398048,921666314,2151398048,nanR,nanT,False,identifiable,crp|fis|rpoD|spf,100,-0.008601669437495994,0.056947505272837255,0.03958552488190155,-0.15104558832358203,-0.22766679218640024,1755,,,,[],0,,False,True,
csd-20260805_174708,paired_hierarchical,1,0,0,9769808dfe284056,nanR->nanX,shared_complete_observation_shared_scores,maximum,prefix,complete,0,100,0.2,0.9,biological_error,2151398048,921666314,2151398048,nanR,nanX,False,identifiable,rpoH,100,0.002852894245794573,0.09725012958788833,0.11660888785093601,0.029335634388191877,-0.2658519322574873,1755,,,,[],0,,False,True,
csd-20260805_174708,paired_hierarchical,1,0,0,9769808dfe284056,nanR->nanY,shared_complete_observation_shared_scores,maximum,prefix,complete,0,100,0.2,0.9,biological_error,2151398048,921666314,2151398048,nanR,nanY,False,identifiable,rpoD|rpoH,100,0.0017317488934840636,0.06978477126161053,0.05973563604283206,0.024815570248013695,-0.1544896636949189,1755,,,,[],0,,False,True,
csd-20260805_174708,paired_hierarchical,1,0,0,9769808dfe284056,narP->ccmA,shared_complete_observation_shared_scores,maximum,prefix,complete,0,100,0.2,0.9,biological_error,2151398048,921666314,2151398048,narP,ccmA,False,identifiable,flhC|flhD|fnr|modE|nac|narL|rpoD|rpoH,100,-0.001238818618561156,0.13702590573643333,0.1889344917824593,-0.009040762123798689,-0.30286646492958075,1755,,,,[],0,,False,True,
csd-20260805_174708,paired_hierarchical,1,0,0,9769808dfe284056,narP->ccmB,shared_complete_observation_shared_scores,maximum,prefix,complete,0,100,0.2,0.9,biological_error,2151398048,921666314,2151398048,narP,ccmB,False,identifiable,flhC|flhD|fnr|modE|nac|narL|rpoD|rpoH,100,0.03776905925210527,0.11611388706121956,0.13566699782978728,0.32527598729161494,0.15675351811945154,1755,,,,[],0,,False,True,
csd-20260805_174708,paired_hierarchical,1,0,0,9769808dfe284056,narP->ccmC,shared_complete_observation_shared_scores,maximum,prefix,complete,0,100,0.2,0.9,biological_error,2151398048,921666314,2151398048,narP,ccmC,False,identifiable,flhC|flhD|fnr|modE|narL|rpoD|rpoH,100,0.05701078504422472,0.14764777206227037,0.21937071485826848,0.386126957744953,0.19483060940671262,1755,,,,[],0,,False,True,
csd-20260805_174708,paired_hierarchical,1,0,0,9769808dfe284056,narP->ccmD,shared_complete_observation_shared_scores,maximum,prefix,complete,0,100,0.2,0.9,biological_error,2151398048,921666314,2151398048,narP,ccmD,False,identifiable,flhC|flhD|fnr|modE|narL|rpoD|rpoH,100,-0.08226556190937714,0.14379897260363864,0.20808291381561292,-0.5720872716951214,-0.33606024824698505,1755,,,,[],0,,False,True,
csd-20260805_174708,paired_hierarchical,1,0,0,9769808dfe284056,narP->ccmE,shared_complete_observation_shared_scores,maximum,prefix,complete,0,100,0.2,0.9,biological_error,2151398048,921666314,2151398048,narP,ccmE,False,identifiable,flhC|flhD|fnr|modE|narL|rpoD|rpoH,100,0.005083276576136733,0.09945778469522867,0.09954109585203842,0.05110989141487077,-0.144474419691462,1755,,,,[],0,,False,True,
csd-20260805_174708,paired_hierarchical,1,0,0,9769808dfe284056,narP->ccmF,shared_complete_observation_shared_scores,maximum,prefix,complete,0,100,0.2,0.9,biological_error,2151398048,921666314,2151398048,narP,ccmF,False,identifiable,flhC|flhD|fnr|modE|narL|rpoD|rpoH,100,0.0003765886267757974,0.10878980386525008,0.11909711517740404,0.0034616169291218687,-0.21813733041584876,1755,,,,[],0,,False,True,
csd-20260805_174708,paired_hierarchical,1,0,0,9769808dfe284056,narP->ccmG,shared_complete_observation_shared_scores,maximum,prefix,complete,0,100,0.2,0.9,biological_error,2151398048,921666314,2151398048,narP,ccmG,False,identifiable,flhC|flhD|fnr|modE|narL|rpoD|rpoH,100,-0.06581014870725127,0.17007818379643108,0.2910865061899776,-0.38694056602827054,-0.2798746931103173,1755,,,,[],0,,False,True,
csd-20260805_174708,paired_hierarchical,1,0,0,9769808dfe284056,narP->ccmH,shared_complete_observation_shared_scores,maximum,prefix,complete,0,100,0.2,0.9,biological_error,2151398048,921666314,2151398048,narP,ccmH,False,identifiable,flhC|flhD|fnr|modE|nac|narL|rpoD|rpoH,100,-0.022629598493478453,0.1512328119451787,0.23014309086141996,-0.1496341845556743,0.16046120743265005,1755,,,,[],0,,False,True,
csd-20260805_174708,paired_hierarchical,1,0,0,9769808dfe284056,narP->cysG,shared_complete_observation_shared_scores,maximum,prefix,complete,0,100,0.2,0.9,biological_error,2151398048,921666314,2151398048,narP,cysG,False,identifiable,cra|crp|fis|fnr|hns|ihfA|ihfB|narL|rpoD|rpoH,100,0.05509044326583441,0.13214516385989777,0.1741302302258444,0.4168933743518764,0.24707244460740274,1755,,,,[],0,,False,True,
csd-20260805_174708,paired_hierarchical,1,0,0,9769808dfe284056,narP->fdhF,shared_complete_observation_shared_scores,maximum,prefix,complete,0,100,0.2,0.9,biological_error,2151398048,921666314,2151398048,narP,fdhF,False,identifiable,fhlA|fnr|narL|rpoH|rpoN,100,-0.05119725103338269,0.12365089714700572,0.1547546602804424,-0.41404674138769454,0.1955370764621802,1755,,,,[],0,,False,True,
csd-20260805_174708,paired_hierarchical,1,0,0,9769808dfe284056,narP->fdnG,shared_complete_observation_shared_scores,maximum,prefix,complete,0,100,0.2,0.9,biological_error,2151398048,921666314,2151398048,narP,fdnG,False,identifiable,cpxR|fnr|narL|rpoD|rpoH,100,0.04951344761974864,0.09349771439225446,0.08842776346533925,0.5295685348202527,-0.2983952920747326,1755,,,,[],0,,False,True,
csd-20260805_174708,paired_hierarchical,1,0,0,9769808dfe284056,narP->fdnH,shared_complete_observation_shared_scores,maximum,prefix,complete,0,100,0.2,0.9,biological_error,2151398048,921666314,2151398048,narP,fdnH,False,identifiable,fnr|narL|rpoD|rpoH,100,-0.4724646715779517,0.13494748995024658,0.1842678500617621,-3.5011001075465975,-0.48163253544755746,1755,,,,[],0,,False,True,
csd-20260805_174708,paired_hierarchical,1,0,0,9769808dfe284056,narP->fdnI,shared_complete_observation_shared_scores,maximum,prefix,complete,0,100,0.2,0.9,biological_error,2151398048,921666314,2151398048,narP,fdnI,False,identifiable,fnr|narL|rpoD|rpoH,100,0.0018237395926768048,0.1300198479837673,0.17105637119171296,0.014026624557386767,-0.24697373592116345,1755,,,,[],0,,False,True,
csd-20260805_174708,paired_hierarchical,1,0,0,9769808dfe284056,narP->hcp,shared_complete_observation_shared_scores,maximum,prefix,complete,0,100,0.2,0.9,biological_error,2151398048,921666314,2151398048,narP,hcp,False,identifiable,cpxR|fnr|narL|nsrR|oxyR|rpoE|rpoH,100,-0.03891833855679288,0.07491869296059803,0.05650427421663217,-0.5194743396986543,0.15217198900520026,1755,,,,[],0,,False,True,
csd-20260805_174708,paired_hierarchical,1,0,0,9769808dfe284056,narP->hcr,shared_complete_observation_shared_scores,maximum,prefix,complete,0,100,0.2,0.9,biological_error,2151398048,921666314,2151398048,narP,hcr,False,identifiable,fnr|narL|nsrR|oxyR|rpoE|rpoH,100,-0.02521783158175578,0.12794352908936962,0.1648478080680042,-0.19710126616986556,0.19722982427688218,1755,,,,[],0,,False,True,
csd-20260805_174708,paired_hierarchical,1,0,0,9769808dfe284056,narP->hyaA,shared_complete_observation_shared_scores,maximum,prefix,complete,0,100,0.2,0.9,biological_error,2151398048,921666314,2151398048,narP,hyaA,False,identifiable,appY|arcA|fis|iscR|narL|rpoD|rpoH|rpoS|ydeO,100,0.12858879812856103,0.18353451970979828,0.3360849337455638,0.7006245927571745,-0.08599961997933475,1755,,,,[],0,,False,True,
csd-20260805_174708,paired_hierarchical,1,0,0,9769808dfe284056,narP->hyaB,shared_complete_observation_shared_scores,maximum,prefix,complete,0,100,0.2,0.9,biological_error,2151398048,921666314,2151398048,narP,hyaB,False,identifiable,appY|arcA|fis|iscR|narL|rpoD|rpoH|rpoS|ydeO,100,-0.09875170592323498,0.07671317379858182,0.058715589630088244,-1.287284843441852,-0.17263589032608034,1755,,,,[],0,,False,True,
csd-20260805_174708,paired_hierarchical,1,0,0,9769808dfe284056,narP->hyaC,shared_complete_observation_shared_scores,maximum,prefix,complete,0,100,0.2,0.9,biological_error,2151398048,921666314,2151398048,narP,hyaC,False,identifiable,appY|arcA|fis|iscR|narL|rpoD|rpoH|rpoS|ydeO,100,-0.006885229925076402,0.059170969500437404,0.034932598717156954,-0.1163616209639003,-0.25419849347654444,1755,,,,[],0,,False,True,
csd-20260805_174708,paired_hierarchical,1,0,0,9769808dfe284056,narP->hyaD,shared_complete_observation_shared_scores,maximum,prefix,complete,0,100,0.2,0.9,biological_error,2151398048,921666314,2151398048,narP,hyaD,False,identifiable,appY|arcA|fis|iscR|narL|rpoD|rpoH|rpoS|ydeO,100,-0.614460781035341,0.16982974792901165,0.28776704339624837,-3.618098646016856,-0.15947382638050667,1755,,,,[],0,,False,True,
csd-20260805_174708,paired_hierarchical,1,0,0,9769808dfe284056,narP->hyaE,shared_complete_observation_shared_scores,maximum,prefix,complete,0,100,0.2,0.9,biological_error,2151398048,921666314,2151398048,narP,hyaE,False,identifiable,appY|arcA|fis|iscR|narL|rpoD|rpoH|rpoS|ydeO,100,0.0944124041109804,0.12900402323814986,0.16604279466791305,0.731856276580529,-0.12569185063916086,1755,,,,[],0,,False,True,
csd-20260805_174708,paired_hierarchical,1,0,0,9769808dfe284056,narP->hyaF,shared_complete_observation_shared_scores,maximum,prefix,complete,0,100,0.2,0.9,biological_error,2151398048,921666314,2151398048,narP,hyaF,False,identifiable,appY|arcA|fis|iscR|narL|rpoD|rpoH|rpoS|ydeO,100,0.011447351443162331,0.07487921071499706,0.055941749043127306,0.15287756553328113,-0.17077553843817547,1755,,,,[],0,,False,True,
csd-20260805_174708,paired_hierarchical,1,0,0,9769808dfe284056,narP->napA,shared_complete_observation_shared_scores,maximum,prefix,complete,0,100,0.2,0.9,biological_error,2151398048,921666314,2151398048,narP,napA,False,identifiable,flhC|flhD|fnr|iscR|modE|narL|rpoD|rpoH,100,0.23215227675658331,0.1857978174870393,0.34498449230582084,1.2494887178789253,0.31032858028134325,1755,,,,[],0,,False,True,
csd-20260805_174708,paired_hierarchical,1,0,0,9769808dfe284056,narP->napB,shared_complete_observation_shared_scores,maximum,prefix,complete,0,100,0.2,0.9,biological_error,2151398048,921666314,2151398048,narP,napB,False,identifiable,flhC|flhD|fnr|iscR|modE|nac|narL|rpoD|rpoH,100,-0.12235396070149873,0.11246083473655825,0.12632306798020349,-1.0879695227953388,-0.2698616622438414,1755,,,,[],0,,False,True,
csd-20260805_174708,paired_hierarchical,1,0,0,9769808dfe284056,narP->napC,shared_complete_observation_shared_scores,maximum,prefix,complete,0,100,0.2,0.9,biological_error,2151398048,921666314,2151398048,narP,napC,False,identifiable,flhC|flhD|fnr|iscR|modE|nac|narL|rpoD|rpoH,100,0.0039031089402277322,0.09897602375292949,0.09784532145753672,0.039434893343168964,0.45925527511860503,1755,,,,[],0,,False,True,
csd-20260805_174708,paired_hierarchical,1,0,0,9769808dfe284056,narP->napD,shared_complete_observation_shared_scores,maximum,prefix,complete,0,100,0.2,0.9,biological_error,2151398048,921666314,2151398048,narP,napD,False,identifiable,flhC|flhD|fnr|iscR|modE|narL|rpoD|rpoH,100,-0.007878283553165557,0.17406496001037297,0.30278967803056467,-0.04526059439358771,-0.2696072454133306,1755,,,,[],0,,False,True,
csd-20260805_174708,paired_hierarchical,1,0,0,9769808dfe284056,narP->napF,shared_complete_observation_shared_scores,maximum,prefix,complete,0,100,0.2,0.9,biological_error,2151398048,921666314,2151398048,narP,napF,False,identifiable,flhC|flhD|fnr|iscR|lrp|modE|narL|rpoD|rpoH,100,0.027212844838492758,0.12078912198188009,0.14320907883359474,0.22529218187855551,-0.17404378280248534,1755,,,,[],0,,False,True,
csd-20260805_174708,paired_hierarchical,1,0,0,9769808dfe284056,narP->napG,shared_complete_observation_shared_scores,maximum,prefix,complete,0,100,0.2,0.9,biological_error,2151398048,921666314,2151398048,narP,napG,False,identifiable,flhC|flhD|fnr|iscR|modE|narL|rpoD|rpoH,100,0.09044975242097131,0.1634868817587346,0.2671063284864751,0.5532538846416578,0.06259064972886397,1755,,,,[],0,,False,True,
csd-20260805_174708,paired_hierarchical,1,0,0,9769808dfe284056,narP->napH,shared_complete_observation_shared_scores,maximum,prefix,complete,0,100,0.2,0.9,biological_error,2151398048,921666314,2151398048,narP,napH,False,identifiable,flhC|flhD|fnr|iscR|modE|narL|rpoD|rpoH,100,-0.15462446215732517,0.12052026644153009,0.14515718020885593,-1.2829747786223207,-0.2584598594966029,1755,,,,[],0,,False,True,
csd-20260805_174708,paired_hierarchical,1,0,0,9769808dfe284056,narP->nirB,shared_complete_observation_shared_scores,maximum,prefix,complete,0,100,0.2,0.9,biological_error,2151398048,921666314,2151398048,narP,nirB,False,identifiable,cra|crp|fis|fnr|hns|ihfA|ihfB|narL|rpoD|rpoH,100,-0.21401955706410516,0.1287235525217477,0.1652295273379748,-1.6626293547014002,0.24872302033143548,1755,,,,[],0,,False,True,
csd-20260805_174708,paired_hierarchical,1,0,0,9769808dfe284056,narP->nirC,shared_complete_observation_shared_scores,maximum,prefix,complete,0,100,0.2,0.9,biological_error,2151398048,921666314,2151398048,narP,nirC,False,identifiable,cra|crp|fis|fnr|hns|ihfA|ihfB|narL|rpoD|rpoH,100,0.005446133450037262,0.12442699592265381,0.15438349146783487,0.043769709375790784,0.15707968872149683,1755,,,,[],0,,False,True,
csd-20260805_174708,paired_hierarchical,1,0,0,9769808dfe284056,narP->nirD,shared_complete_observation_shared_scores,maximum,prefix,complete,0,100,0.2,0.9,biological_error,2151398048,921666314,2151398048,narP,nirD,False,identifiable,cra|crp|fis|fnr|hns|ihfA|ihfB|narL|rpoD|rpoH,100,-0.33553989545715923,0.12735937898718155,0.16174597869551285,-2.6345911712629393,0.17497115367532617,1755,,,,[],0,,False,True,
csd-20260805_174708,paired_hierarchical,1,0,0,9769808dfe284056,narP->norV,shared_complete_observation_shared_scores,maximum,prefix,complete,0,100,0.2,0.9,biological_error,2151398048,921666314,2151398048,narP,norV,False,identifiable,fnr|ihfA|ihfB|narL|norR|rpoH|rpoN,100,0.054532149910109476,0.11787502980991187,0.13918108147720315,0.46262681755456897,-0.22311160270967995,1755,,,,[],0,,False,True,
csd-20260805_174708,paired_hierarchical,1,0,0,9769808dfe284056,narP->norW,shared_complete_observation_shared_scores,maximum,prefix,complete,0,100,0.2,0.9,biological_error,2151398048,921666314,2151398048,narP,norW,False,identifiable,fnr|ihfA|ihfB|narL|norR|rpoH|rpoN,100,-0.0446327389934428,0.08844353258631282,0.07835536482700757,-0.5046467241670307,-0.12236598845574903,1755,,,,[],0,,False,True,
csd-20260805_174708,paired_hierarchical,1,0,0,9769808dfe284056,narP->nrfA,shared_complete_observation_shared_scores,maximum,prefix,complete,0,100,0.2,0.9,biological_error,2151398048,921666314,2151398048,narP,nrfA,False,identifiable,fis|flhC|flhD|fnr|ihfA|ihfB|narL|nsrR|rpoD|rpoH,100,0.02421346447180707,0.14562977172295546,0.2113932389541083,0.1662672692907224,0.19831288780841336,1755,,,,[],0,,False,True,
csd-20260805_174708,paired_hierarchical,1,0,0,9769808dfe284056,narP->nrfB,shared_complete_observation_shared_scores,maximum,prefix,complete,0,100,0.2,0.9,biological_error,2151398048,921666314,2151398048,narP,nrfB,False,identifiable,fis|flhC|flhD|fnr|ihfA|ihfB|narL|nsrR|rpoD|rpoH,100,0.29357740740178284,0.10013299658709647,0.09994134313104858,2.9318747806216594,0.07958332049282793,1755,,,,[],0,,False,True,
csd-20260805_174708,paired_hierarchical,1,0,0,9769808dfe284056,narP->nrfC,shared_complete_observation_shared_scores,maximum,prefix,complete,0,100,0.2,0.9,biological_error,2151398048,921666314,2151398048,narP,nrfC,False,identifiable,fis|flhC|flhD|fnr|ihfA|ihfB|narL|nsrR|rpoD|rpoH,100,0.0011273130357614368,0.16854138322156378,0.28314171825233725,0.0066886423631606,0.0964944975125812,1755,,,,[],0,,False,True,
csd-20260805_174708,paired_hierarchical,1,0,0,9769808dfe284056,narP->nrfD,shared_complete_observation_shared_scores,maximum,prefix,complete,0,100,0.2,0.9,biological_error,2151398048,921666314,2151398048,narP,nrfD,False,identifiable,fis|flhC|flhD|fnr|ihfA|ihfB|narL|nsrR|rpoD|rpoH,100,0.29941590666520923,0.1560485425617096,0.24272258530967428,1.9187356815383572,0.2944972138487364,1755,,,,[],0,,False,True,
csd-20260805_174708,paired_hierarchical,1,0,0,9769808dfe284056,narP->nrfE,shared_complete_observation_shared_scores,maximum,prefix,complete,0,100,0.2,0.9,biological_error,2151398048,921666314,2151398048,narP,nrfE,False,identifiable,fis|flhC|flhD|fnr|ihfA|ihfB|narL|nsrR|rpoD|rpoH,100,0.16030121109394516,0.08893855321095824,0.0788444043062614,1.802381591633472,0.08595317419379947,1755,,,,[],0,,False,True,
csd-20260805_174708,paired_hierarchical,1,0,0,9769808dfe284056,narP->nrfF,shared_complete_observation_shared_scores,maximum,prefix,complete,0,100,0.2,0.9,biological_error,2151398048,921666314,2151398048,narP,nrfF,False,identifiable,fis|flhC|flhD|fnr|ihfA|ihfB|nac|narL|nsrR|rpoD|rpoH,100,-0.02034913260573619,0.1608720074527944,0.25795611668993557,-0.12649268774561262,0.4955241800176922,1755,,,,[],0,,False,True,
csd-20260805_174708,paired_hierarchical,1,0,0,9769808dfe284056,narP->nrfG,shared_complete_observation_shared_scores,maximum,prefix,complete,0,100,0.2,0.9,biological_error,2151398048,921666314,2151398048,narP,nrfG,False,identifiable,fis|flhC|flhD|fnr|ihfA|ihfB|nac|narL|nsrR|rpoD|rpoH,100,-0.017758656569281932,0.10685925332099665,0.11381752523143761,-0.16618735408843208,0.11563183665902882,1755,,,,[],0,,False,True,
csd-20260805_174708,paired_hierarchical,1,0,0,9769808dfe284056,narP->poxB,shared_complete_observation_shared_scores,maximum,prefix,complete,0,100,0.2,0.9,biological_error,2151398048,921666314,2151398048,narP,poxB,False,identifiable,cra|fnr|marA|narL|nsrR|oxyR|rpoD|rpoH|rpoS|soxS,100,0.007115698119714547,0.10389784306713734,0.10413264310133653,0.06848744795516575,0.13156412728879927,1755,,,,[],0,,False,True,
csd-20260805_174708,paired_hierarchical,1,0,0,9769808dfe284056,narP->ydeP,shared_complete_observation_shared_scores,maximum,prefix,complete,0,100,0.2,0.9,biological_error,2151398048,921666314,2151398048,narP,ydeP,False,identifiable,evgA|hns|nac|nagC|narL|phoP|rcsB|rpoD|rpoH|uvrY,100,0.02992555595937077,0.1974167469858421,0.3922986964399488,0.15158570089049692,-0.21599232606026147,1755,,,,[],0,,False,True,
csd-20260805_174708,paired_hierarchical,1,0,0,9769808dfe284056,narP->ydhT,shared_complete_observation_shared_scores,maximum,prefix,complete,0,100,0.2,0.9,biological_error,2151398048,921666314,2151398048,narP,ydhT,False,identifiable,fnr|narL|rpoH|rpoS,100,0.04883409427198233,0.12103969983739768,0.14827692561504197,0.40345518319679474,-0.07175676154439595,1755,,,,[],0,,False,True,
csd-20260805_174708,paired_hierarchical,1,0,0,9769808dfe284056,narP->ydhU,shared_complete_observation_shared_scores,maximum,prefix,complete,0,100,0.2,0.9,biological_error,2151398048,921666314,2151398048,narP,ydhU,False,identifiable,fnr|narL|rpoH|rpoS,100,-0.05573907966840593,0.11458095896030406,0.1328748545186475,-0.4864602301654364,-0.1746490741000945,1755,,,,[],0,,False,True,
csd-20260805_174708,paired_hierarchical,1,0,0,9769808dfe284056,narP->ydhV,shared_complete_observation_shared_scores,maximum,prefix,complete,0,100,0.2,0.9,biological_error,2151398048,921666314,2151398048,narP,ydhV,False,identifiable,fnr|narL|rpoH|rpoS,100,0.11592866373502815,0.08141602905175957,0.06708690085307636,1.4239046669953341,-0.29883807875972723,1755,,,,[],0,,False,True,
csd-20260805_174708,paired_hierarchical,1,0,0,9769808dfe284056,narP->ydhW,shared_complete_observation_shared_scores,maximum,prefix,complete,0,100,0.2,0.9,biological_error,2151398048,921666314,2151398048,narP,ydhW,False,identifiable,fnr|narL|rpoH|rpoS,100,0.07463438343057821,0.1418292939704161,0.20358687618534868,0.5262268558295584,-0.08978983308581137,1755,,,,[],0,,False,True,
csd-20260805_174708,paired_hierarchical,1,0,0,9769808dfe284056,narP->ydhX,shared_complete_observation_shared_scores,maximum,prefix,complete,0,100,0.2,0.9,biological_error,2151398048,921666314,2151398048,narP,ydhX,False,identifiable,fnr|narL|rpoH|rpoS,100,0.004005687988078828,0.07606781746743205,0.0585625269489934,0.05265943103722987,-0.06986751634601653,1755,,,,[],0,,False,True,
csd-20260805_174708,paired_hierarchical,1,0,0,9769808dfe284056,narP->ydhY,shared_complete_observation_shared_scores,maximum,prefix,complete,0,100,0.2,0.9,biological_error,2151398048,921666314,2151398048,narP,ydhY,False,identifiable,fnr|narL|rpoH|rpoS,100,0.0005720018389609438,0.07555532885848536,0.05777608328489918,0.00757063528943537,-0.27046347821393785,1755,,,,[],0,,False,True,
csd-20260805_174708,paired_hierarchical,1,0,0,9769808dfe284056,narP->yeaR,shared_complete_observation_shared_scores,maximum,prefix,complete,0,100,0.2,0.9,biological_error,2151398048,921666314,2151398048,narP,yeaR,False,identifiable,fis|narL|nsrR|rpoD|rpoH,100,0.0880649659888265,0.13707949196262145,0.1901304991203584,0.6424372072581059,0.15906642843120647,1755,,,,[],0,,False,True,
csd-20260805_174708,paired_hierarchical,1,0,0,9769808dfe284056,narP->yoaG,shared_complete_observation_shared_scores,maximum,prefix,complete,0,100,0.2,0.9,biological_error,2151398048,921666314,2151398048,narP,yoaG,False,identifiable,fis|narL|nsrR|rpoD|rpoH,100,-0.05194844768427099,0.08414967621576966,0.07164926084277315,-0.6173338986007393,0.1857182838021794,1755,,,,[],0,,False,True,
csd-20260805_174708,paired_hierarchical,1,0,0,9769808dfe284056,narP->ytfE,shared_complete_observation_shared_scores,maximum,prefix,complete,0,100,0.2,0.9,biological_error,2151398048,921666314,2151398048,narP,ytfE,False,identifiable,fnr|narL|nsrR|rpoH,100,0.0027172596239964943,0.12131372151967991,0.1489597730901531,0.022398617320100032,0.36659262234114476,1755,,,,[],0,,False,True,
csd-20260805_174708,paired_hierarchical,1,0,0,9769808dfe284056,nemR->gloA,shared_complete_observation_shared_scores,maximum,prefix,complete,0,100,0.2,0.9,biological_error,2151398048,921666314,2151398048,nemR,gloA,False,identifiable,rpoD|rutR,100,0.6195332578154706,0.11713777934527833,0.08962302079955885,5.288927801758291,-0.09642031949216885,1755,,,,[],0,,False,True,
csd-20260805_174708,paired_hierarchical,1,0,0,9769808dfe284056,nemR->nemA,shared_complete_observation_shared_scores,maximum,prefix,complete,0,100,0.2,0.9,biological_error,2151398048,921666314,2151398048,nemR,nemA,False,identifiable,rpoD|rutR,100,-0.006859047721747817,0.11798077245786212,0.09091762356165967,-0.058136996214341506,-0.10175349026626385,1755,,,,[],0,,False,True,
csd-20260805_174708,paired_hierarchical,1,0,0,9769808dfe284056,nimR->nimT,shared_complete_observation_shared_scores,maximum,prefix,complete,0,100,0.2,0.9,biological_error,2151398048,921666314,2151398048,nimR,nimT,False,identifiable,,100,-0.22434459601867718,0.14348946862526474,0.09362835643292192,-1.5634917194137268,-0.262771051806172,1755,,,,[],0,,False,True,
csd-20260805_174708,paired_hierarchical,1,0,0,9769808dfe284056,norR->norV,shared_complete_observation_shared_scores,maximum,prefix,complete,0,100,0.2,0.9,biological_error,2151398048,921666314,2151398048,norR,norV,False,identifiable,fnr|ihfA|ihfB|narL|narP|nsrR|rpoN,100,-0.04767493686937051,0.1470878718804064,0.13909964100750877,-0.32412554658574333,0.12650078953316338,1755,,,,[],0,,False,True,
csd-20260805_174708,paired_hierarchical,1,0,0,9769808dfe284056,norR->norW,shared_complete_observation_shared_scores,maximum,prefix,complete,0,100,0.2,0.9,biological_error,2151398048,921666314,2151398048,norR,norW,False,identifiable,fnr|ihfA|ihfB|narL|narP|nsrR|rpoN,100,-0.11886845500475046,0.11053866174501378,0.07855985713990418,-1.0753563787387939,0.09230715570377163,1755,,,,[],0,,False,True,
csd-20260805_174708,paired_hierarchical,1,0,0,9769808dfe284056,nrdR->nrdA,shared_complete_observation_shared_scores,maximum,prefix,complete,0,100,0.2,0.9,biological_error,2151398048,921666314,2151398048,nrdR,nrdA,False,identifiable,argP|crp|dnaA|fis|hns|rpoD,100,0.051714314009944355,0.056139528190260746,0.0423890289525777,0.9211747172986735,-0.2663379996736889,1755,,,,[],0,,False,True,
csd-20260805_174708,paired_hierarchical,1,0,0,9769808dfe284056,nrdR->nrdB,shared_complete_observation_shared_scores,maximum,prefix,complete,0,100,0.2,0.9,biological_error,2151398048,921666314,2151398048,nrdR,nrdB,False,identifiable,argP|crp|dnaA|fis|hns|rpoD,100,0.0030238278841512667,0.10456413561348044,0.14705556172931109,0.028918403680290493,-0.3079055797716461,1755,,,,[],0,,False,True,
csd-20260805_174708,paired_hierarchical,1,0,0,9769808dfe284056,nrdR->nrdD,shared_complete_observation_shared_scores,maximum,prefix,complete,0,100,0.2,0.9,biological_error,2151398048,921666314,2151398048,nrdR,nrdD,False,identifiable,fnr|hns|rpoD,100,0.06898118677408364,0.13666865338792164,0.2508821721195402,0.5047330537331539,-0.26282089540061104,1755,,,,[],0,,False,True,
csd-20260805_174708,paired_hierarchical,1,0,0,9769808dfe284056,nrdR->nrdE,shared_complete_observation_shared_scores,maximum,prefix,complete,0,100,0.2,0.9,biological_error,2151398048,921666314,2151398048,nrdR,nrdE,False,identifiable,fur|iscR|rpoD,100,-0.08981931783294293,0.09756741815717122,0.12587822266330698,-0.9205872157880934,-0.16186152556143513,1755,,,,[],0,,False,True,
csd-20260805_174708,paired_hierarchical,1,0,0,9769808dfe284056,nrdR->nrdF,shared_complete_observation_shared_scores,maximum,prefix,complete,0,100,0.2,0.9,biological_error,2151398048,921666314,2151398048,nrdR,nrdF,False,identifiable,fur|iscR|rpoD,100,0.00881551754063949,0.11905224477299456,0.1874200950955359,0.07404747014597389,-0.11636115887216675,1755,,,,[],0,,False,True,
csd-20260805_174708,paired_hierarchical,1,0,0,9769808dfe284056,nrdR->nrdG,shared_complete_observation_shared_scores,maximum,prefix,complete,0,100,0.2,0.9,biological_error,2151398048,921666314,2151398048,nrdR,nrdG,False,identifiable,fnr|hns|nac|rpoD,100,0.00035796543619918573,0.0671263441698457,0.05975223034051773,0.005332711629482571,-0.1534004731511711,1755,,,,[],0,,False,True,
csd-20260805_174708,paired_hierarchical,1,0,0,9769808dfe284056,nrdR->nrdH,shared_complete_observation_shared_scores,maximum,prefix,complete,0,100,0.2,0.9,biological_error,2151398048,921666314,2151398048,nrdR,nrdH,False,identifiable,fur|iscR|rpoD,100,-0.02026025790667821,0.05954510706754472,0.0468849155086314,-0.34025059160102067,-0.23280025948368274,1755,,,,[],0,,False,True,
csd-20260805_174708,paired_hierarchical,1,0,0,9769808dfe284056,nrdR->nrdI,shared_complete_observation_shared_scores,maximum,prefix,complete,0,100,0.2,0.9,biological_error,2151398048,921666314,2151398048,nrdR,nrdI,False,identifiable,fur|iscR|rpoD,100,-0.024284480753849827,0.08916346608125644,0.10512714300218517,-0.27235909303614214,-0.14662519063168902,1755,,,,[],0,,False,True,
csd-20260805_174708,paired_hierarchical,1,0,0,9769808dfe284056,nrdR->yfaE,shared_complete_observation_shared_scores,maximum,prefix,complete,0,100,0.2,0.9,biological_error,2151398048,921666314,2151398048,nrdR,yfaE,False,identifiable,argP|crp|dnaA|fis|hns|nac|rpoD,100,0.036182372347748376,0.08795116868545128,0.10273521463598356,0.41139160386999607,-0.1168920135394344,1755,,,,[],0,,False,True,
csd-20260805_174708,paired_hierarchical,1,0,0,9769808dfe284056,nsrR->aceE,shared_complete_observation_shared_scores,maximum,prefix,complete,0,100,0.2,0.9,biological_error,2151398048,921666314,2151398048,nsrR,aceE,False,identifiable,alpA|basR|btsR|glaR|glrR|ptrR|rcdA,100,1.4622018026744499,0.50125877404975,0.15666746282212082,2.917059767076169,-0.038132643664834334,1755,,,,[],0,,False,True,
csd-20260805_174708,paired_hierarchical,1,0,0,9769808dfe284056,nsrR->aceF,shared_complete_observation_shared_scores,maximum,prefix,complete,0,100,0.2,0.9,biological_error,2151398048,921666314,2151398048,nsrR,aceF,False,identifiable,alpA|basR|btsR|glaR|glrR|ptrR|rcdA,100,-0.01430670142692118,0.4615622439553948,0.13283587693988722,-0.03099625589892005,-0.2106431146971819,1755,,,,[],0,,False,True,
csd-20260805_174708,paired_hierarchical,1,0,0,9769808dfe284056,nsrR->bamE,shared_complete_observation_shared_scores,maximum,prefix,complete,0,100,0.2,0.9,biological_error,2151398048,921666314,2151398048,nsrR,bamE,False,identifiable,alpA|basR|btsR|glaR|glrR|ptrR|rcdA,100,0.25580364289442503,0.26350353451066816,0.04329400121935973,0.9707787919029549,-0.14407557750137842,1755,,,,[],0,,False,True,
csd-20260805_174708,paired_hierarchical,1,0,0,9769808dfe284056,nsrR->bdcA,shared_complete_observation_shared_scores,maximum,prefix,complete,0,100,0.2,0.9,biological_error,2151398048,921666314,2151398048,nsrR,bdcA,False,identifiable,alpA|basR|btsR|glaR|glrR|ptrR|rcdA,100,-0.2242157821486952,0.36783797795251394,0.08436609898231119,-0.6095503879092125,-0.28200576383038284,1755,,,,[],0,,False,True,
csd-20260805_174708,paired_hierarchical,1,0,0,9769808dfe284056,nsrR->cdd,shared_complete_observation_shared_scores,maximum,prefix,complete,0,100,0.2,0.9,biological_error,2151398048,921666314,2151398048,nsrR,cdd,False,identifiable,alpA|basR|btsR|glaR|glrR|ptrR|rcdA,100,-0.023285673443607005,0.3775864836365069,0.08889712467264266,-0.06166977488003396,-0.19011609195531923,1755,,,,[],0,,False,True,
csd-20260805_174708,paired_hierarchical,1,0,0,9769808dfe284056,nsrR->dkgB,shared_complete_observation_shared_scores,maximum,prefix,complete,0,100,0.2,0.9,biological_error,2151398048,921666314,2151398048,nsrR,dkgB,False,identifiable,alpA|basR|btsR|glaR|glrR|ptrR|rcdA,100,-0.7859074510307387,0.49101916033892545,0.15033209634655464,-1.6005637142311655,-0.334677696002033,1755,,,,[],0,,False,True,
csd-20260805_174708,paired_hierarchical,1,0,0,9769808dfe284056,nsrR->dsdC,shared_complete_observation_shared_scores,maximum,prefix,complete,0,100,0.2,0.9,biological_error,2151398048,921666314,2151398048,nsrR,dsdC,False,identifiable,alpA|basR|btsR|glaR|glrR|ptrR|rcdA,100,-0.1977888912672845,0.3478212186305952,0.07543397260926958,-0.5686510214816621,-0.25468183808459316,1755,,,,[],0,,False,True,
csd-20260805_174708,paired_hierarchical,1,0,0,9769808dfe284056,nsrR->feaB,shared_complete_observation_shared_scores,maximum,prefix,complete,0,100,0.2,0.9,biological_error,2151398048,921666314,2151398048,nsrR,feaB,False,identifiable,alpA|basR|btsR|glaR|glrR|ptrR|rcdA,100,-0.03452333604535335,0.4183861112558982,0.10914638434250536,-0.08251549254759506,-0.19695032158867265,1755,,,,[],0,,False,True,
csd-20260805_174708,paired_hierarchical,1,0,0,9769808dfe284056,nsrR->feaR,shared_complete_observation_shared_scores,maximum,prefix,complete,0,100,0.2,0.9,biological_error,2151398048,921666314,2151398048,nsrR,feaR,False,identifiable,alpA|basR|btsR|glaR|glrR|ptrR|rcdA,100,0.06374891239902652,0.5291364319058753,0.1745782613259088,0.12047726929217834,-0.2809940761776609,1755,,,,[],0,,False,True,
csd-20260805_174708,paired_hierarchical,1,0,0,9769808dfe284056,nsrR->fhlA,shared_complete_observation_shared_scores,maximum,prefix,complete,0,100,0.2,0.9,biological_error,2151398048,921666314,2151398048,nsrR,fhlA,False,identifiable,alpA|basR|btsR|glaR|glrR|ptrR|rcdA,100,-2.036736882686694,0.44502692643026853,0.1234887551603461,-4.576659886681781,-0.18540877330225194,1755,,,,[],0,,False,True,
csd-20260805_174708,paired_hierarchical,1,0,0,9769808dfe284056,nsrR->fliA,shared_complete_observation_shared_scores,maximum,prefix,complete,0,100,0.2,0.9,biological_error,2151398048,921666314,2151398048,nsrR,fliA,False,identifiable,alpA|basR|btsR|glaR|glrR|ptrR|rcdA,100,0.6557372680597219,0.6988489233492003,0.3045239370026044,0.9383104790619582,-0.30562253598863115,1755,,,,[],0,,False,True,
csd-20260805_174708,paired_hierarchical,1,0,0,9769808dfe284056,nsrR->fliZ,shared_complete_observation_shared_scores,maximum,prefix,complete,0,100,0.2,0.9,biological_error,2151398048,921666314,2151398048,nsrR,fliZ,False,identifiable,alpA|basR|btsR|glaR|glrR|ptrR|rcdA,100,0.04217263705800122,0.5184113444035727,0.16757291648532094,0.08134975731775398,-0.32981396259083384,1755,,,,[],0,,False,True,
csd-20260805_174708,paired_hierarchical,1,0,0,9769808dfe284056,nsrR->grxD,shared_complete_observation_shared_scores,maximum,prefix,complete,0,100,0.2,0.9,biological_error,2151398048,921666314,2151398048,nsrR,grxD,False,identifiable,alpA|basR|btsR|glaR|glrR|ptrR|rcdA,100,0.11334142807461328,0.38823134555547867,0.09398012737255189,0.29194301122812527,-0.24261283861434813,1755,,,,[],0,,False,True,
csd-20260805_174708,paired_hierarchical,1,0,0,9769808dfe284056,nsrR->hcp,shared_complete_observation_shared_scores,maximum,prefix,complete,0,100,0.2,0.9,biological_error,2151398048,921666314,2151398048,nsrR,hcp,False,identifiable,alpA|basR|btsR|glaR|glrR|modE|ptrR|rcdA,100,0.009899711581018529,0.30154007083536083,0.056692741874499464,0.0328305009466676,-0.17492514229648576,1755,,,,[],0,,False,True,
csd-20260805_174708,paired_hierarchical,1,0,0,9769808dfe284056,nsrR->hcr,shared_complete_observation_shared_scores,maximum,prefix,complete,0,100,0.2,0.9,biological_error,2151398048,921666314,2151398048,nsrR,hcr,False,identifiable,alpA|basR|btsR|glaR|glrR|modE|ptrR|rcdA,100,-0.4784342130472324,0.4488652820891401,0.12562307739875567,-1.0658748451661721,-0.26608561661713037,1755,,,,[],0,,False,True,
csd-20260805_174708,paired_hierarchical,1,0,0,9769808dfe284056,nsrR->hmp,shared_complete_observation_shared_scores,maximum,prefix,complete,0,100,0.2,0.9,biological_error,2151398048,921666314,2151398048,nsrR,hmp,False,identifiable,alpA|basR|btsR|glaR|glrR|ptrR|rcdA,100,0.09567089285600605,0.6901150083731299,0.2969598805221037,0.13863036116478564,-0.1815333329789549,1755,,,,[],0,,False,True,
csd-20260805_174708,paired_hierarchical,1,0,0,9769808dfe284056,nsrR->hycA,shared_complete_observation_shared_scores,maximum,prefix,complete,0,100,0.2,0.9,biological_error,2151398048,921666314,2151398048,nsrR,hycA,False,identifiable,alpA|basR|btsR|glaR|glrR|modE|ptrR|rcdA,100,0.1505882097798656,0.5451610295186572,0.18530494229695352,0.27622702582542535,-0.23460737520298847,1755,,,,[],0,,False,True,
csd-20260805_174708,paired_hierarchical,1,0,0,9769808dfe284056,nsrR->hycB,shared_complete_observation_shared_scores,maximum,prefix,complete,0,100,0.2,0.9,biological_error,2151398048,921666314,2151398048,nsrR,hycB,False,identifiable,alpA|basR|btsR|glaR|glrR|modE|ptrR|rcdA,100,-0.015337409322542857,0.16174379406653247,0.01631145300066242,-0.09482533417160904,-0.17962843402318687,1755,,,,[],0,,False,True,
csd-20260805_174708,paired_hierarchical,1,0,0,9769808dfe284056,nsrR->hycC,shared_complete_observation_shared_scores,maximum,prefix,complete,0,100,0.2,0.9,biological_error,2151398048,921666314,2151398048,nsrR,hycC,False,identifiable,alpA|basR|btsR|glaR|glrR|modE|ptrR|rcdA,100,-0.04583638569657203,0.48017150117472607,0.14375738282618328,-0.09545836348978355,-0.3795943258469401,1755,,,,[],0,,False,True,
csd-20260805_174708,paired_hierarchical,1,0,0,9769808dfe284056,nsrR->hycD,shared_complete_observation_shared_scores,maximum,prefix,complete,0,100,0.2,0.9,biological_error,2151398048,921666314,2151398048,nsrR,hycD,False,identifiable,alpA|basR|btsR|glaR|glrR|modE|ptrR|rcdA,100,-0.0025294204472511017,0.2574817814237167,0.04133618640336818,-0.009823687071236474,-0.1373643996794059,1755,,,,[],0,,False,True,
csd-20260805_174708,paired_hierarchical,1,0,0,9769808dfe284056,nsrR->hycE,shared_complete_observation_shared_scores,maximum,prefix,complete,0,100,0.2,0.9,biological_error,2151398048,921666314,2151398048,nsrR,hycE,False,identifiable,alpA|basR|btsR|glaR|glrR|modE|ptrR|rcdA,100,0.9156226448461318,0.35865622942886766,0.08020365374848534,2.5529255306793086,-0.20595957914705548,1755,,,,[],0,,False,True,
csd-20260805_174708,paired_hierarchical,1,0,0,9769808dfe284056,nsrR->hycF,shared_complete_observation_shared_scores,maximum,prefix,complete,0,100,0.2,0.9,biological_error,2151398048,921666314,2151398048,nsrR,hycF,False,identifiable,alpA|basR|btsR|glaR|glrR|modE|ptrR|rcdA,100,0.060574709878944304,0.603959909376384,0.22743307284213243,0.1002959119281451,-0.23414396840537438,1755,,,,[],0,,False,True,
csd-20260805_174708,paired_hierarchical,1,0,0,9769808dfe284056,nsrR->hycG,shared_complete_observation_shared_scores,maximum,prefix,complete,0,100,0.2,0.9,biological_error,2151398048,921666314,2151398048,nsrR,hycG,False,identifiable,alpA|basR|btsR|glaR|glrR|modE|ptrR|rcdA,100,0.03279166065161842,0.3268850044043104,0.06662349211864589,0.10031558563347184,-0.125094028624839,1755,,,,[],0,,False,True,
csd-20260805_174708,paired_hierarchical,1,0,0,9769808dfe284056,nsrR->hycH,shared_complete_observation_shared_scores,maximum,prefix,complete,0,100,0.2,0.9,biological_error,2151398048,921666314,2151398048,nsrR,hycH,False,identifiable,alpA|basR|btsR|glaR|glrR|modE|ptrR|rcdA,100,-0.8735752842351154,0.49378807512267137,0.15202625308178735,-1.7691299734569204,-0.17460521111246718,1755,,,,[],0,,False,True,
csd-20260805_174708,paired_hierarchical,1,0,0,9769808dfe284056,nsrR->hycI,shared_complete_observation_shared_scores,maximum,prefix,complete,0,100,0.2,0.9,biological_error,2151398048,921666314,2151398048,nsrR,hycI,False,identifiable,alpA|basR|btsR|glaR|glrR|modE|ptrR|rcdA,100,0.05243214466306946,0.3425377939899932,0.07315674761899575,0.15306966291900975,-0.17438398809870234,1755,,,,[],0,,False,True,
csd-20260805_174708,paired_hierarchical,1,0,0,9769808dfe284056,nsrR->hypA,shared_complete_observation_shared_scores,maximum,prefix,complete,0,100,0.2,0.9,biological_error,2151398048,921666314,2151398048,nsrR,hypA,False,identifiable,alpA|basR|btsR|glaR|glrR|ptrR|rcdA,100,-0.003492555394718058,0.3396862563224241,0.071946684696474,-0.010281709458986729,-0.2127044521037414,1755,,,,[],0,,False,True,
csd-20260805_174708,paired_hierarchical,1,0,0,9769808dfe284056,nsrR->hypB,shared_complete_observation_shared_scores,maximum,prefix,complete,0,100,0.2,0.9,biological_error,2151398048,921666314,2151398048,nsrR,hypB,False,identifiable,alpA|basR|btsR|glaR|glrR|ptrR|rcdA,100,0.2283613804004983,0.6801089424363155,0.2884109901094196,0.335771765597512,-0.1285256825970498,1755,,,,[],0,,False,True,
csd-20260805_174708,paired_hierarchical,1,0,0,9769808dfe284056,nsrR->hypC,shared_complete_observation_shared_scores,maximum,prefix,complete,0,100,0.2,0.9,biological_error,2151398048,921666314,2151398048,nsrR,hypC,False,identifiable,alpA|basR|btsR|glaR|glrR|ptrR|rcdA,100,-0.03667646845020863,0.3212260660513424,0.06433930913257513,-0.11417650161785606,-0.1092757786827283,1755,,,,[],0,,False,True,
csd-20260805_174708,paired_hierarchical,1,0,0,9769808dfe284056,nsrR->hypD,shared_complete_observation_shared_scores,maximum,prefix,complete,0,100,0.2,0.9,biological_error,2151398048,921666314,2151398048,nsrR,hypD,False,identifiable,alpA|basR|btsR|glaR|glrR|ptrR|rcdA,100,-0.07010854254709714,0.41342916570544247,0.10657542105133792,-0.16957812453185186,-0.059813642216672847,1755,,,,[],0,,False,True,
csd-20260805_174708,paired_hierarchical,1,0,0,9769808dfe284056,nsrR->hypE,shared_complete_observation_shared_scores,maximum,prefix,complete,0,100,0.2,0.9,biological_error,2151398048,921666314,2151398048,nsrR,hypE,False,identifiable,alpA|basR|btsR|glaR|glrR|ptrR|rcdA,100,0.0022368799225611427,0.35850436262342605,0.08013896421187604,0.006239477551102404,-0.12344168103257763,1755,,,,[],0,,False,True,
csd-20260805_174708,paired_hierarchical,1,0,0,9769808dfe284056,nsrR->ihfA,shared_complete_observation_shared_scores,maximum,prefix,complete,0,100,0.2,0.9,biological_error,2151398048,921666314,2151398048,nsrR,ihfA,False,identifiable,alpA|basR|btsR|glaR|glrR|ptrR|rcdA,100,-0.3202709655652125,0.2795452305150712,0.04872580342950252,-1.145685673030811,-0.15385111620497552,1755,,,,[],0,,False,True,
csd-20260805_174708,paired_hierarchical,1,0,0,9769808dfe284056,nsrR->infC,shared_complete_observation_shared_scores,maximum,prefix,complete,0,100,0.2,0.9,biological_error,2151398048,921666314,2151398048,nsrR,infC,False,identifiable,alpA|basR|btsR|glaR|glrR|ptrR|rcdA,100,0.10788881003486667,0.4793638619651061,0.14327994830737345,0.225066632250055,-0.4300333899092839,1755,,,,[],0,,False,True,
csd-20260805_174708,paired_hierarchical,1,0,0,9769808dfe284056,nsrR->lrp,shared_complete_observation_shared_scores,maximum,prefix,complete,0,100,0.2,0.9,biological_error,2151398048,921666314,2151398048,nsrR,lrp,False,identifiable,alpA|basR|btsR|glaR|glrR|ptrR|rcdA,100,-0.02209858769613363,0.40385415464080976,0.1016960173064765,-0.05471922832089778,-0.18042317408287395,1755,,,,[],0,,False,True,
csd-20260805_174708,paired_hierarchical,1,0,0,9769808dfe284056,nsrR->mepH,shared_complete_observation_shared_scores,maximum,prefix,complete,0,100,0.2,0.9,biological_error,2151398048,921666314,2151398048,nsrR,mepH,False,identifiable,alpA|basR|btsR|glaR|glrR|ptrR|rcdA,100,0.01679711964097976,0.37523082352664777,0.08779137439344191,0.04476476501346612,-0.15082128446952725,1755,,,,[],0,,False,True,
csd-20260805_174708,paired_hierarchical,1,0,0,9769808dfe284056,nsrR->mhpT,shared_complete_observation_shared_scores,maximum,prefix,complete,0,100,0.2,0.9,biological_error,2151398048,921666314,2151398048,nsrR,mhpT,False,identifiable,alpA|basR|btsR|glaR|glrR|ptrR|rcdA,100,-0.06057729376929635,0.20656722805491726,0.026605883093607455,-0.29325703955901217,-0.26323503346432836,1755,,,,[],0,,False,True,
csd-20260805_174708,paired_hierarchical,1,0,0,9769808dfe284056,nsrR->moeA,shared_complete_observation_shared_scores,maximum,prefix,complete,0,100,0.2,0.9,biological_error,2151398048,921666314,2151398048,nsrR,moeA,False,identifiable,alpA|basR|btsR|glaR|glrR|modE|ptrR|rcdA,100,-0.18526700559726056,0.8638755944004894,0.4653072358641888,-0.21446028432581402,0.5444298706005452,1755,,,,[],0,,False,True,
csd-20260805_174708,paired_hierarchical,1,0,0,9769808dfe284056,nsrR->moeB,shared_complete_observation_shared_scores,maximum,prefix,complete,0,100,0.2,0.9,biological_error,2151398048,921666314,2151398048,nsrR,moeB,False,identifiable,alpA|basR|btsR|glaR|glrR|modE|ptrR|rcdA,100,0.5843700431359322,0.6972922845666473,0.30315666182727175,0.8380560864790094,0.13879253481595102,1755,,,,[],0,,False,True,
csd-20260805_174708,paired_hierarchical,1,0,0,9769808dfe284056,nsrR->ndh,shared_complete_observation_shared_scores,maximum,prefix,complete,0,100,0.2,0.9,biological_error,2151398048,921666314,2151398048,nsrR,ndh,False,identifiable,alpA|basR|btsR|glaR|glrR|ptrR|rcdA,100,0.016531490814473165,0.19864771364529277,0.024604921101731795,0.08322014138049406,-0.22532604846855883,1755,,,,[],0,,False,True,
csd-20260805_174708,paired_hierarchical,1,0,0,9769808dfe284056,nsrR->norR,shared_complete_observation_shared_scores,maximum,prefix,complete,0,100,0.2,0.9,biological_error,2151398048,921666314,2151398048,nsrR,norR,False,identifiable,,100,-0.026868434762262618,0.31696740226755327,0.06675635308979339,-0.08476718605777285,-0.2938291984507017,1755,,,,[],0,,False,True,
csd-20260805_174708,paired_hierarchical,1,0,0,9769808dfe284056,nsrR->nrfA,shared_complete_observation_shared_scores,maximum,prefix,complete,0,100,0.2,0.9,biological_error,2151398048,921666314,2151398048,nsrR,nrfA,False,identifiable,alpA|basR|btsR|glaR|glrR|modE|ptrR|rcdA,100,-0.1406058269655671,0.5633273855540912,0.1978605106499602,-0.24959877785324885,-0.20184076519785993,1755,,,,[],0,,False,True,
csd-20260805_174708,paired_hierarchical,1,0,0,9769808dfe284056,nsrR->nrfB,shared_complete_observation_shared_scores,maximum,prefix,complete,0,100,0.2,0.9,biological_error,2151398048,921666314,2151398048,nsrR,nrfB,False,identifiable,alpA|basR|btsR|glaR|glrR|modE|ptrR|rcdA,100,0.02293550016800902,0.4112338544117648,0.10544235988240322,0.05577240278725668,-0.1517809694890206,1755,,,,[],0,,False,True,
csd-20260805_174708,paired_hierarchical,1,0,0,9769808dfe284056,nsrR->nrfC,shared_complete_observation_shared_scores,maximum,prefix,complete,0,100,0.2,0.9,biological_error,2151398048,921666314,2151398048,nsrR,nrfC,False,identifiable,alpA|basR|btsR|glaR|glrR|modE|ptrR|rcdA,100,0.10668013045453793,0.6812090083063358,0.28933312747311646,0.15660410997760102,-0.2967909227853959,1755,,,,[],0,,False,True,
csd-20260805_174708,paired_hierarchical,1,0,0,9769808dfe284056,nsrR->nrfD,shared_complete_observation_shared_scores,maximum,prefix,complete,0,100,0.2,0.9,biological_error,2151398048,921666314,2151398048,nsrR,nrfD,False,identifiable,alpA|basR|btsR|glaR|glrR|modE|ptrR|rcdA,100,-0.48514393684212537,0.6327861535264624,0.2496613597501455,-0.7666791287047927,-0.3107910875883374,1755,,,,[],0,,False,True,
csd-20260805_174708,paired_hierarchical,1,0,0,9769808dfe284056,nsrR->nrfE,shared_complete_observation_shared_scores,maximum,prefix,complete,0,100,0.2,0.9,biological_error,2151398048,921666314,2151398048,nsrR,nrfE,False,identifiable,alpA|basR|btsR|glaR|glrR|modE|ptrR|rcdA,100,0.028513068272012655,0.3717020971252383,0.08614447316492094,0.07670946301496301,-0.23199089877910528,1755,,,,[],0,,False,True,
csd-20260805_174708,paired_hierarchical,1,0,0,9769808dfe284056,nsrR->nrfF,shared_complete_observation_shared_scores,maximum,prefix,complete,0,100,0.2,0.9,biological_error,2151398048,921666314,2151398048,nsrR,nrfF,False,identifiable,alpA|basR|btsR|glaR|glrR|modE|ptrR|rcdA,100,0.052537910340061514,0.6447540364334401,0.2591943533059463,0.08148519803099388,-0.09413703705322272,1755,,,,[],0,,False,True,
csd-20260805_174708,paired_hierarchical,1,0,0,9769808dfe284056,nsrR->nrfG,shared_complete_observation_shared_scores,maximum,prefix,complete,0,100,0.2,0.9,biological_error,2151398048,921666314,2151398048,nsrR,nrfG,False,identifiable,alpA|basR|btsR|glaR|glrR|modE|ptrR|rcdA,100,0.011667563673106097,0.427133819472758,0.11375364327478389,0.027315944421137644,-0.2867131800013354,1755,,,,[],0,,False,True,
csd-20260805_174708,paired_hierarchical,1,0,0,9769808dfe284056,nsrR->pgpC,shared_complete_observation_shared_scores,maximum,prefix,complete,0,100,0.2,0.9,biological_error,2151398048,921666314,2151398048,nsrR,pgpC,False,identifiable,alpA|basR|btsR|glaR|glrR|ptrR|rcdA,100,-0.7581937082856667,0.35436109695043644,0.0782973223031787,-2.139607634163389,-0.2661987635408748,1755,,,,[],0,,False,True,
csd-20260805_174708,paired_hierarchical,1,0,0,9769808dfe284056,nsrR->pheM,shared_complete_observation_shared_scores,maximum,prefix,complete,0,100,0.2,0.9,biological_error,2151398048,921666314,2151398048,nsrR,pheM,False,identifiable,alpA|basR|btsR|glaR|glrR|ptrR|rcdA,100,-1.0461283277770979,0.29567241450720666,0.05451003372139945,-3.538133002771551,-0.25245765969282624,1755,,,,[],0,,False,True,
csd-20260805_174708,paired_hierarchical,1,0,0,9769808dfe284056,nsrR->pheS,shared_complete_observation_shared_scores,maximum,prefix,complete,0,100,0.2,0.9,biological_error,2151398048,921666314,2151398048,nsrR,pheS,False,identifiable,alpA|basR|btsR|glaR|glrR|ptrR|rcdA,100,0.014170701806648,0.28891838501821065,0.05204813737659759,0.04904742149155657,-0.107182972819182,1755,,,,[],0,,False,True,
csd-20260805_174708,paired_hierarchical,1,0,0,9769808dfe284056,nsrR->pheT,shared_complete_observation_shared_scores,maximum,prefix,complete,0,100,0.2,0.9,biological_error,2151398048,921666314,2151398048,nsrR,pheT,False,identifiable,alpA|basR|btsR|glaR|glrR|ptrR|rcdA,100,0.1286149136274882,0.45821928685513086,0.13091866412540729,0.2806841992841534,-0.15998657151894125,1755,,,,[],0,,False,True,
csd-20260805_174708,paired_hierarchical,1,0,0,9769808dfe284056,nsrR->poxB,shared_complete_observation_shared_scores,maximum,prefix,complete,0,100,0.2,0.9,biological_error,2151398048,921666314,2151398048,nsrR,poxB,False,identifiable,alpA|basR|btsR|glaR|glrR|modE|ptrR|rcdA,100,0.01310066748010972,0.4096148464952036,0.10461375119144302,0.03198289220276864,-0.11488179050689562,1755,,,,[],0,,False,True,
csd-20260805_174708,paired_hierarchical,1,0,0,9769808dfe284056,nsrR->rfe,shared_complete_observation_shared_scores,maximum,prefix,complete,0,100,0.2,0.9,biological_error,2151398048,921666314,2151398048,nsrR,rfe,False,identifiable,alpA|basR|btsR|glaR|glrR|ptrR|rcdA,100,0.022538960026305094,0.349362104098669,0.07610381431522215,0.06451461037668671,-0.12239742386023014,1755,,,,[],0,,False,True,
csd-20260805_174708,paired_hierarchical,1,0,0,9769808dfe284056,nsrR->rffC,shared_complete_observation_shared_scores,maximum,prefix,complete,0,100,0.2,0.9,biological_error,2151398048,921666314,2151398048,nsrR,rffC,False,identifiable,alpA|basR|btsR|glaR|glrR|ptrR|rcdA,100,-0.3937210572220575,0.4081738350980002,0.10388316170032007,-0.9645916111392279,-0.07181109027922906,1755,,,,[],0,,False,True,
csd-20260805_174708,paired_hierarchical,1,0,0,9769808dfe284056,nsrR->rffG,shared_complete_observation_shared_scores,maximum,prefix,complete,0,100,0.2,0.9,biological_error,2151398048,921666314,2151398048,nsrR,rffG,False,identifiable,alpA|basR|btsR|glaR|glrR|ptrR|rcdA,100,-0.045682909604845334,0.3527042676286536,0.07756686948181019,-0.12952185101696248,-0.1223840871012466,1755,,,,[],0,,False,True,
csd-20260805_174708,paired_hierarchical,1,0,0,9769808dfe284056,nsrR->rffH,shared_complete_observation_shared_scores,maximum,prefix,complete,0,100,0.2,0.9,biological_error,2151398048,921666314,2151398048,nsrR,rffH,False,identifiable,alpA|basR|btsR|glaR|glrR|ptrR|rcdA,100,0.1488509167610461,0.633573723451528,0.25029325687021703,0.23493858923023034,-0.13046356725600985,1755,,,,[],0,,False,True,
csd-20260805_174708,paired_hierarchical,1,0,0,9769808dfe284056,nsrR->rffM,shared_complete_observation_shared_scores,maximum,prefix,complete,0,100,0.2,0.9,biological_error,2151398048,921666314,2151398048,nsrR,rffM,False,identifiable,alpA|basR|btsR|glaR|glrR|ptrR|rcdA,100,-0.08992527434409164,0.30735333786303115,0.05890208971824602,-0.29257946235210863,-0.18258262375529744,1755,,,,[],0,,False,True,
csd-20260805_174708,paired_hierarchical,1,0,0,9769808dfe284056,nsrR->rplT,shared_complete_observation_shared_scores,maximum,prefix,complete,0,100,0.2,0.9,biological_error,2151398048,921666314,2151398048,nsrR,rplT,False,identifiable,alpA|basR|btsR|glaR|glrR|ptrR|rcdA,100,-0.14626961126781832,0.4874823875946243,0.14817423514166797,-0.3000510684899897,-0.289481719064694,1755,,,,[],0,,False,True,
csd-20260805_174708,paired_hierarchical,1,0,0,9769808dfe284056,nsrR->rpmI,shared_complete_observation_shared_scores,maximum,prefix,complete,0,100,0.2,0.9,biological_error,2151398048,921666314,2151398048,nsrR,rpmI,False,identifiable,alpA|basR|btsR|glaR|glrR|ptrR|rcdA,100,0.02452675492114862,0.5825729705795101,0.21161940888866707,0.04210074301379073,-0.11808927242228051,1755,,,,[],0,,False,True,
csd-20260805_174708,paired_hierarchical,1,0,0,9769808dfe284056,nsrR->sodB,shared_complete_observation_shared_scores,maximum,prefix,complete,0,100,0.2,0.9,biological_error,2151398048,921666314,2151398048,nsrR,sodB,False,identifiable,alpA|basR|btsR|glaR|glrR|ptrR|rcdA,100,-0.20901369658368202,0.269266803000982,0.045208538045432956,-0.7762326965456628,-0.22433618175802236,1755,,,,[],0,,False,True,
csd-20260805_174708,paired_hierarchical,1,0,0,9769808dfe284056,nsrR->sufA,shared_complete_observation_shared_scores,maximum,prefix,complete,0,100,0.2,0.9,biological_error,2151398048,921666314,2151398048,nsrR,sufA,False,identifiable,alpA|basR|btsR|glaR|glrR|ptrR|rcdA,100,0.02786697031562589,0.15525089125329394,0.015028756192824556,0.1794963628914732,-0.13175031691182776,1755,,,,[],0,,False,True,
csd-20260805_174708,paired_hierarchical,1,0,0,9769808dfe284056,nsrR->sufB,shared_complete_observation_shared_scores,maximum,prefix,complete,0,100,0.2,0.9,biological_error,2151398048,921666314,2151398048,nsrR,sufB,False,identifiable,alpA|basR|btsR|glaR|glrR|ptrR|rcdA,100,-0.26160176372630645,0.3992607143903378,0.09939579096125492,-0.6552153875839413,-0.06774902342563391,1755,,,,[],0,,False,True,
csd-20260805_174708,paired_hierarchical,1,0,0,9769808dfe284056,nsrR->sufC,shared_complete_observation_shared_scores,maximum,prefix,complete,0,100,0.2,0.9,biological_error,2151398048,921666314,2151398048,nsrR,sufC,False,identifiable,alpA|basR|btsR|glaR|glrR|ptrR|rcdA,100,0.13423203147391147,0.25889063372197646,0.041791456974948564,0.5184893309738803,-0.2441581791812397,1755,,,,[],0,,False,True,
csd-20260805_174708,paired_hierarchical,1,0,0,9769808dfe284056,nsrR->sufD,shared_complete_observation_shared_scores,maximum,prefix,complete,0,100,0.2,0.9,biological_error,2151398048,921666314,2151398048,nsrR,sufD,False,identifiable,alpA|basR|btsR|glaR|glrR|ptrR|rcdA,100,-0.16291823704450417,0.49113646869087463,0.1504039359751784,-0.33171683927028084,-0.1107359513445642,1755,,,,[],0,,False,True,
csd-20260805_174708,paired_hierarchical,1,0,0,9769808dfe284056,nsrR->sufE,shared_complete_observation_shared_scores,maximum,prefix,complete,0,100,0.2,0.9,biological_error,2151398048,921666314,2151398048,nsrR,sufE,False,identifiable,alpA|basR|btsR|glaR|glrR|ptrR|rcdA,100,0.0484496270512518,0.35141559144477175,0.07700109255703376,0.13786988463449015,-0.32713868153946685,1755,,,,[],0,,False,True,
csd-20260805_174708,paired_hierarchical,1,0,0,9769808dfe284056,nsrR->sufS,shared_complete_observation_shared_scores,maximum,prefix,complete,0,100,0.2,0.9,biological_error,2151398048,921666314,2151398048,nsrR,sufS,False,identifiable,alpA|basR|btsR|glaR|glrR|ptrR|rcdA,100,-0.37914106169911355,0.44498252844912006,0.12346411675035111,-0.852035838396889,-0.6147376719305918,1755,,,,[],0,,False,True,
csd-20260805_174708,paired_hierarchical,1,0,0,9769808dfe284056,nsrR->tadA,shared_complete_observation_shared_scores,maximum,prefix,complete,0,100,0.2,0.9,biological_error,2151398048,921666314,2151398048,nsrR,tadA,False,identifiable,alpA|basR|btsR|glaR|glrR|ptrR|rcdA,100,0.061969942727740104,0.2564448479342902,0.041005564197739215,0.24165017635144262,-0.13692465082619681,1755,,,,[],0,,False,True,
csd-20260805_174708,paired_hierarchical,1,0,0,9769808dfe284056,nsrR->tcyJ,shared_complete_observation_shared_scores,maximum,prefix,complete,0,100,0.2,0.9,biological_error,2151398048,921666314,2151398048,nsrR,tcyJ,False,identifiable,alpA|basR|btsR|glaR|glrR|ptrR|rcdA,100,0.08359084324197821,0.9124581971619891,0.5191355728456518,0.09161060035623561,-0.12848299553580164,1755,,,,[],0,,False,True,
csd-20260805_174708,paired_hierarchical,1,0,0,9769808dfe284056,nsrR->tehA,shared_complete_observation_shared_scores,maximum,prefix,complete,0,100,0.2,0.9,biological_error,2151398048,921666314,2151398048,nsrR,tehA,False,identifiable,glaR,100,-0.5772948421390705,0.5999692422981261,0.23914402706689863,-0.9622073957121478,-0.11120684010613391,1755,,,,[],0,,False,True,
csd-20260805_174708,paired_hierarchical,1,0,0,9769808dfe284056,nsrR->tehB,shared_complete_observation_shared_scores,maximum,prefix,complete,0,100,0.2,0.9,biological_error,2151398048,921666314,2151398048,nsrR,tehB,False,identifiable,,100,0.002415432770808088,0.31914863678549243,0.0676782919258714,0.007568363114869136,-0.4351167210925937,1755,,,,[],0,,False,True,
csd-20260805_174708,paired_hierarchical,1,0,0,9769808dfe284056,nsrR->thrS,shared_complete_observation_shared_scores,maximum,prefix,complete,0,100,0.2,0.9,biological_error,2151398048,921666314,2151398048,nsrR,thrS,False,identifiable,alpA|basR|btsR|glaR|glrR|ptrR|rcdA,100,0.02047457540742941,0.15408489355372915,0.014803859695304965,0.13287853815656472,-0.1830430540116664,1755,,,,[],0,,False,True,
csd-20260805_174708,paired_hierarchical,1,0,0,9769808dfe284056,nsrR->tsgA,shared_complete_observation_shared_scores,maximum,prefix,complete,0,100,0.2,0.9,biological_error,2151398048,921666314,2151398048,nsrR,tsgA,False,identifiable,alpA|basR|btsR|glaR|glrR|ptrR|rcdA,100,0.009150443554886877,0.20620300786147117,0.02651214260145211,0.044375897567091836,-0.13826163418621001,1755,,,,[],0,,False,True,
csd-20260805_174708,paired_hierarchical,1,0,0,9769808dfe284056,nsrR->waaH,shared_complete_observation_shared_scores,maximum,prefix,complete,0,100,0.2,0.9,biological_error,2151398048,921666314,2151398048,nsrR,waaH,False,identifiable,alpA|basR|btsR|glaR|glrR|ptrR|rcdA,100,-0.07920168579233754,0.5967322352593172,0.22203111140207907,-0.13272567009543149,-0.11840599253989356,1755,,,,[],0,,False,True,
csd-20260805_174708,paired_hierarchical,1,0,0,9769808dfe284056,nsrR->wecB,shared_complete_observation_shared_scores,maximum,prefix,complete,0,100,0.2,0.9,biological_error,2151398048,921666314,2151398048,nsrR,wecB,False,identifiable,alpA|basR|btsR|glaR|glrR|ptrR|rcdA,100,0.20908883696708905,0.49271096519455554,0.1513698184647138,0.42436408307764506,-0.08357207563803165,1755,,,,[],0,,False,True,
csd-20260805_174708,paired_hierarchical,1,0,0,9769808dfe284056,nsrR->wecC,shared_complete_observation_shared_scores,maximum,prefix,complete,0,100,0.2,0.9,biological_error,2151398048,921666314,2151398048,nsrR,wecC,False,identifiable,alpA|basR|btsR|glaR|glrR|ptrR|rcdA,100,-0.608538201437745,0.538320154991683,0.18069083119849783,-1.1304391927275077,-0.47828733374112475,1755,,,,[],0,,False,True,
csd-20260805_174708,paired_hierarchical,1,0,0,9769808dfe284056,nsrR->wecE,shared_complete_observation_shared_scores,maximum,prefix,complete,0,100,0.2,0.9,biological_error,2151398048,921666314,2151398048,nsrR,wecE,False,identifiable,alpA|basR|btsR|glaR|glrR|ptrR|rcdA,100,0.029319676694197327,0.40039560498410337,0.09996165514363363,0.07322676954798589,-0.41429854041675435,1755,,,,[],0,,False,True,
csd-20260805_174708,paired_hierarchical,1,0,0,9769808dfe284056,nsrR->wecF,shared_complete_observation_shared_scores,maximum,prefix,complete,0,100,0.2,0.9,biological_error,2151398048,921666314,2151398048,nsrR,wecF,False,identifiable,alpA|basR|btsR|glaR|glrR|ptrR|rcdA,100,0.0009977799855687246,0.353050437305354,0.0777192037601697,0.002826168388812227,-0.1254528116423501,1755,,,,[],0,,False,True,
csd-20260805_174708,paired_hierarchical,1,0,0,9769808dfe284056,nsrR->wzxE,shared_complete_observation_shared_scores,maximum,prefix,complete,0,100,0.2,0.9,biological_error,2151398048,921666314,2151398048,nsrR,wzxE,False,identifiable,alpA|basR|btsR|glaR|glrR|ptrR|rcdA,100,-0.028100587383174794,0.5721966374041312,0.20414814478859722,-0.049110018385738786,-0.33910506591591427,1755,,,,[],0,,False,True,
csd-20260805_174708,paired_hierarchical,1,0,0,9769808dfe284056,nsrR->wzyE,shared_complete_observation_shared_scores,maximum,prefix,complete,0,100,0.2,0.9,biological_error,2151398048,921666314,2151398048,nsrR,wzyE,False,identifiable,alpA|basR|btsR|glaR|glrR|ptrR|rcdA,100,-0.23231154604276463,0.36254116025343447,0.08195387172212722,-0.6407866788983827,-0.18727664507921177,1755,,,,[],0,,False,True,
csd-20260805_174708,paired_hierarchical,1,0,0,9769808dfe284056,nsrR->wzzE,shared_complete_observation_shared_scores,maximum,prefix,complete,0,100,0.2,0.9,biological_error,2151398048,921666314,2151398048,nsrR,wzzE,False,identifiable,alpA|basR|btsR|glaR|glrR|ptrR|rcdA,100,-0.030505920954734554,0.18716979442316994,0.02184370796643062,-0.16298527787963524,-0.15332578144193398,1755,,,,[],0,,False,True,
csd-20260805_174708,paired_hierarchical,1,0,0,9769808dfe284056,nsrR->ydbD,shared_complete_observation_shared_scores,maximum,prefix,complete,0,100,0.2,0.9,biological_error,2151398048,921666314,2151398048,nsrR,ydbD,False,identifiable,alpA|basR|btsR|glaR|glrR|ptrR|rcdA,100,0.07665069409108136,0.46637434957244656,0.13562012731862108,0.16435443793457266,-0.22189186205471953,1755,,,,[],0,,False,True,
csd-20260805_174708,paired_hierarchical,1,0,0,9769808dfe284056,nsrR->yeaE,shared_complete_observation_shared_scores,maximum,prefix,complete,0,100,0.2,0.9,biological_error,2151398048,921666314,2151398048,nsrR,yeaE,False,identifiable,alpA|basR|btsR|glaR|glrR|ptrR|rcdA,100,-0.03886366830446381,0.7138321778715758,0.3177218459324401,-0.0544437047098985,-0.13378698553086407,1755,,,,[],0,,False,True,
csd-20260805_174708,paired_hierarchical,1,0,0,9769808dfe284056,nsrR->yeaR,shared_complete_observation_shared_scores,maximum,prefix,complete,0,100,0.2,0.9,biological_error,2151398048,921666314,2151398048,nsrR,yeaR,False,identifiable,alpA|basR|btsR|glaR|glrR|modE|ptrR|rcdA,100,-0.014748050065211696,0.5615595892694715,0.1966206339421856,-0.026262662675562747,-0.1798833133162293,1755,,,,[],0,,False,True,
csd-20260805_174708,paired_hierarchical,1,0,0,9769808dfe284056,nsrR->ygbA,shared_complete_observation_shared_scores,maximum,prefix,complete,0,100,0.2,0.9,biological_error,2151398048,921666314,2151398048,nsrR,ygbA,False,identifiable,alpA|basR|btsR|glaR|glrR|ptrR|rcdA,100,0.14607235779114855,0.4921039319840397,0.1509970648219649,0.2968323321502867,-0.10018975115788774,1755,,,,[],0,,False,True,
csd-20260805_174708,paired_hierarchical,1,0,0,9769808dfe284056,nsrR->yoaG,shared_complete_observation_shared_scores,maximum,prefix,complete,0,100,0.2,0.9,biological_error,2151398048,921666314,2151398048,nsrR,yoaG,False,identifiable,alpA|basR|btsR|glaR|glrR|modE|ptrR|rcdA,100,0.0063177104984580065,0.34094815055723404,0.07247931406362021,0.018529827741058446,-0.17303551472727657,1755,,,,[],0,,False,True,
csd-20260805_174708,paired_hierarchical,1,0,0,9769808dfe284056,nsrR->ytfE,shared_complete_observation_shared_scores,maximum,prefix,complete,0,100,0.2,0.9,biological_error,2151398048,921666314,2151398048,nsrR,ytfE,False,identifiable,alpA|basR|btsR|glaR|glrR|modE|ptrR|rcdA,100,0.004649315889422977,0.4948566414795817,0.1526849401588093,0.009395278348739334,-0.2057292512680717,1755,,,,[],0,,False,True,
csd-20260805_174708,paired_hierarchical,1,0,0,9769808dfe284056,paaX->paaA,shared_complete_observation_shared_scores,maximum,prefix,complete,0,100,0.2,0.9,biological_error,2151398048,921666314,2151398048,paaX,paaA,False,identifiable,crp|fur|ihfA|ihfB|rpoD|slyA|srsR,100,-0.2677736955854919,0.08936240816539759,0.07658513012284163,-2.9964914899101585,-0.13253239145808496,1755,,,,[],0,,False,True,
csd-20260805_174708,paired_hierarchical,1,0,0,9769808dfe284056,paaX->paaB,shared_complete_observation_shared_scores,maximum,prefix,complete,0,100,0.2,0.9,biological_error,2151398048,921666314,2151398048,paaX,paaB,False,identifiable,crp|fur|ihfA|ihfB|rpoD|slyA|srsR,100,0.005126808301785842,0.1014188198066132,0.09864426288664967,0.05055085744008568,-0.09503340372054242,1755,,,,[],0,,False,True,
csd-20260805_174708,paired_hierarchical,1,0,0,9769808dfe284056,paaX->paaC,shared_complete_observation_shared_scores,maximum,prefix,complete,0,100,0.2,0.9,biological_error,2151398048,921666314,2151398048,paaX,paaC,False,identifiable,crp|fur|ihfA|ihfB|rpoD|slyA|srsR,100,-0.006781097426268073,0.1231836033330414,0.14552598069485,-0.055048701635513744,-0.1475509438363466,1755,,,,[],0,,False,True,
csd-20260805_174708,paired_hierarchical,1,0,0,9769808dfe284056,paaX->paaD,shared_complete_observation_shared_scores,maximum,prefix,complete,0,100,0.2,0.9,biological_error,2151398048,921666314,2151398048,paaX,paaD,False,identifiable,crp|fur|ihfA|ihfB|rpoD|slyA|srsR,100,0.006762897710308275,0.1337658750582564,0.1716032058238072,0.05055772040038586,-0.3060317842559129,1755,,,,[],0,,False,True,
csd-20260805_174708,paired_hierarchical,1,0,0,9769808dfe284056,paaX->paaE,shared_complete_observation_shared_scores,maximum,prefix,complete,0,100,0.2,0.9,biological_error,2151398048,921666314,2151398048,paaX,paaE,False,identifiable,crp|fur|ihfA|ihfB|rpoD|slyA|srsR,100,-0.009402026004222061,0.15459784585394046,0.2292142445912207,-0.06081602206220144,-0.3579081961839035,1755,,,,[],0,,False,True,
csd-20260805_174708,paired_hierarchical,1,0,0,9769808dfe284056,paaX->paaF,shared_complete_observation_shared_scores,maximum,prefix,complete,0,100,0.2,0.9,biological_error,2151398048,921666314,2151398048,paaX,paaF,False,identifiable,crp|fur|ihfA|ihfB|rpoD|slyA|srsR,100,0.000869885167403849,0.024629153776744583,0.00581746404430824,0.03531932827611863,-0.09636729870921212,1755,,,,[],0,,False,True,
csd-20260805_174708,paired_hierarchical,1,0,0,9769808dfe284056,paaX->paaG,shared_complete_observation_shared_scores,maximum,prefix,complete,0,100,0.2,0.9,biological_error,2151398048,921666314,2151398048,paaX,paaG,False,identifiable,crp|fur|ihfA|ihfB|rpoD|slyA|srsR,100,0.2589491759237933,0.16048015453502637,0.24698887661300034,1.6135900209846514,-0.04399963010524463,1755,,,,[],0,,False,True,
csd-20260805_174708,paired_hierarchical,1,0,0,9769808dfe284056,paaX->paaH,shared_complete_observation_shared_scores,maximum,prefix,complete,0,100,0.2,0.9,biological_error,2151398048,921666314,2151398048,paaX,paaH,False,identifiable,crp|fur|ihfA|ihfB|rpoD|slyA|srsR,100,-0.060768762406986095,0.11298135390448324,0.12241884469154249,-0.5378654114763154,-0.26524110185830796,1755,,,,[],0,,False,True,
csd-20260805_174708,paired_hierarchical,1,0,0,9769808dfe284056,paaX->paaI,shared_complete_observation_shared_scores,maximum,prefix,complete,0,100,0.2,0.9,biological_error,2151398048,921666314,2151398048,paaX,paaI,False,identifiable,crp|fur|ihfA|ihfB|rpoD|slyA|srsR,100,0.27173067194815015,0.12766902876262542,0.15631686485009263,2.1283993039014812,-0.1966522759309848,1755,,,,[],0,,False,True,
csd-20260805_174708,paired_hierarchical,1,0,0,9769808dfe284056,paaX->paaJ,shared_complete_observation_shared_scores,maximum,prefix,complete,0,100,0.2,0.9,biological_error,2151398048,921666314,2151398048,paaX,paaJ,False,identifiable,crp|fur|ihfA|ihfB|rpoD|slyA|srsR,100,-0.009443554568206263,0.09886734721683482,0.09374335444104381,-0.09551742647139869,-0.15280202145903043,1755,,,,[],0,,False,True,
csd-20260805_174708,paired_hierarchical,1,0,0,9769808dfe284056,paaX->paaK,shared_complete_observation_shared_scores,maximum,prefix,complete,0,100,0.2,0.9,biological_error,2151398048,921666314,2151398048,paaX,paaK,False,identifiable,crp|fur|ihfA|ihfB|rpoD|slyA|spf|srsR,100,-0.23419069304760365,0.1507962549766702,0.2180092297917594,-1.5530272491437898,-0.451719891798182,1755,,,,[],0,,False,True,
csd-20260805_174708,paired_hierarchical,1,0,0,9769808dfe284056,paaX->paaY,shared_complete_observation_shared_scores,maximum,prefix,complete,0,100,0.2,0.9,biological_error,2151398048,921666314,2151398048,paaX,paaY,False,identifiable,rpoD,100,0.2952047854489237,0.14185866951698833,0.1946002098930599,2.0809781062663313,-0.21922976433629812,1755,,,,[],0,,False,True,
csd-20260805_174708,paired_hierarchical,1,0,0,9769808dfe284056,paaX->paaZ,shared_complete_observation_shared_scores,maximum,prefix,complete,0,100,0.2,0.9,biological_error,2151398048,921666314,2151398048,paaX,paaZ,False,identifiable,crp|ihfA|ihfB|rpoD|srsR,100,-0.0010292207650391969,0.09736026072302781,0.09091267602963786,-0.010571261389358254,-0.2435115423878135,1755,,,,[],0,,False,True,
csd-20260805_174708,paired_hierarchical,1,0,0,9769808dfe284056,pepA->carA,shared_complete_observation_shared_scores,maximum,prefix,complete,0,100,0.2,0.9,biological_error,2151398048,921666314,2151398048,pepA,carA,False,identifiable,arcA|argR|cpxR|fis|ihfA|ihfB|purR|rpoD|rutR,100,0.12881057474871813,0.24949607796468867,0.07985271368531295,0.5162829644438289,-0.18149552099776525,1755,,,,[],0,,False,True,
csd-20260805_174708,paired_hierarchical,1,0,0,9769808dfe284056,pepA->carB,shared_complete_observation_shared_scores,maximum,prefix,complete,0,100,0.2,0.9,biological_error,2151398048,921666314,2151398048,pepA,carB,False,identifiable,argR|cpxR|fis|ihfA|ihfB|purR|rpoD|rutR,100,-0.07671757870527934,0.30828704317934474,0.12192594495619377,-0.24885112885087812,-0.2668514180333709,1755,,,,[],0,,False,True,
csd-20260805_174708,paired_hierarchical,1,0,0,9769808dfe284056,pgrR->mpaA,shared_complete_observation_shared_scores,maximum,prefix,complete,0,100,0.2,0.9,biological_error,2151398048,921666314,2151398048,pgrR,mpaA,False,identifiable,rpoH,100,-0.037196927049837555,0.11272343130722712,0.16322124595804863,-0.32998398485987823,-0.13778624613131568,1755,,,,[],0,,False,True,
csd-20260805_174708,paired_hierarchical,1,0,0,9769808dfe284056,pgrR->mppA,shared_complete_observation_shared_scores,maximum,prefix,complete,0,100,0.2,0.9,biological_error,2151398048,921666314,2151398048,pgrR,mppA,False,identifiable,,100,0.022836591355094624,0.05888411221610217,0.04453979223567075,0.3878226315323446,-0.27466731048849213,1755,,,,[],0,,False,True,
csd-20260805_174708,paired_hierarchical,1,0,0,9769808dfe284056,pgrR->tyrR,shared_complete_observation_shared_scores,maximum,prefix,complete,0,100,0.2,0.9,biological_error,2151398048,921666314,2151398048,pgrR,tyrR,False,identifiable,lrp|rpoD|rpoH,100,0.1207490771185517,0.09773523424731315,0.12217385165066336,1.23547130212021,-0.34054317241376136,1755,,,,[],0,,False,True,
csd-20260805_174708,paired_hierarchical,1,0,0,9769808dfe284056,pgrR->ycjF,shared_complete_observation_shared_scores,maximum,prefix,complete,0,100,0.2,0.9,biological_error,2151398048,921666314,2151398048,pgrR,ycjF,False,identifiable,rpoH,100,-0.22279495388152845,0.12212314237879178,0.19157738002972252,-1.8243467171069092,-0.2709331208394564,1755,,,,[],0,,False,True,
csd-20260805_174708,paired_hierarchical,1,0,0,9769808dfe284056,pgrR->ycjG,shared_complete_observation_shared_scores,maximum,prefix,complete,0,100,0.2,0.9,biological_error,2151398048,921666314,2151398048,pgrR,ycjG,False,identifiable,,100,-0.0034477037168237756,0.015863995836234844,0.003232787051540044,-0.21732883394667182,-0.3318872864829658,1755,,,,[],0,,False,True,
csd-20260805_174708,paired_hierarchical,1,0,0,9769808dfe284056,pgrR->ycjX,shared_complete_observation_shared_scores,maximum,prefix,complete,0,100,0.2,0.9,biological_error,2151398048,921666314,2151398048,pgrR,ycjX,False,identifiable,rpoH,100,-0.008479788044133438,0.08771117321470365,0.09882302155374867,-0.09667853858682524,-0.4886462386983541,1755,,,,[],0,,False,True,
csd-20260805_174708,paired_hierarchical,1,0,0,9769808dfe284056,pgrR->ycjY,shared_complete_observation_shared_scores,maximum,prefix,complete,0,100,0.2,0.9,biological_error,2151398048,921666314,2151398048,pgrR,ycjY,False,identifiable,rpoH,100,-0.013390266003541438,0.0987554787549437,0.12527680988278228,-0.13559010773233804,-0.28996582932961723,1755,,,,[],0,,False,True,
csd-20260805_174708,paired_hierarchical,1,0,0,9769808dfe284056,pgrR->ymjC,shared_complete_observation_shared_scores,maximum,prefix,complete,0,100,0.2,0.9,biological_error,2151398048,921666314,2151398048,pgrR,ymjC,False,identifiable,rpoH,100,-0.01152373965711324,0.07123449623000545,0.06518219825857366,-0.16177189798471828,-0.1980783865012416,1755,,,,[],0,,False,True,
csd-20260805_174708,paired_hierarchical,1,0,0,9769808dfe284056,pgrR->ymjD,shared_complete_observation_shared_scores,maximum,prefix,complete,0,100,0.2,0.9,biological_error,2151398048,921666314,2151398048,pgrR,ymjD,False,identifiable,rpoH,100,-0.2377419554041308,0.11327996465164174,0.16483692258818225,-2.098711419404431,-0.19994030022242795,1755,,,,[],0,,False,True,
csd-20260805_174708,paired_hierarchical,1,0,0,9769808dfe284056,rspR->rspA,shared_complete_observation_shared_scores,maximum,prefix,complete,0,100,0.2,0.9,biological_error,2151398048,921666314,2151398048,rspR,rspA,False,identifiable,crp|phoB,100,-0.0007809369920263588,0.07620804740413734,0.05397169615469671,-0.010247434734615202,-0.1801961483701636,1755,,,,[],0,,False,True,
csd-20260805_174708,paired_hierarchical,1,0,0,9769808dfe284056,rspR->rspB,shared_complete_observation_shared_scores,maximum,prefix,complete,0,100,0.2,0.9,biological_error,2151398048,921666314,2151398048,rspR,rspB,False,identifiable,crp|phoB,100,0.016749384169582333,0.13170702528879366,0.16120640016981078,0.12717153191225752,-0.15696102574729426,1755,,,,[],0,,False,True,
csd-20260805_174708,paired_hierarchical,1,0,0,9769808dfe284056,treR->treB,shared_complete_observation_shared_scores,maximum,prefix,complete,0,100,0.2,0.9,biological_error,2151398048,921666314,2151398048,treR,treB,False,identifiable,arcA|crp|phoP|rpoD,100,0.0012599717135270104,0.1281634415784471,0.19441969262638356,0.009830975963264835,-0.16415419930555164,1755,,,,[],0,,False,True,
csd-20260805_174708,paired_hierarchical,1,0,0,9769808dfe284056,treR->treC,shared_complete_observation_shared_scores,maximum,prefix,complete,0,100,0.2,0.9,biological_error,2151398048,921666314,2151398048,treR,treC,False,identifiable,arcA|crp|phoP|rpoD,100,0.020797635456103615,0.13081621693216477,0.20255133102467193,0.1589836179629648,-0.19831910353991203,1755,,,,[],0,,False,True,
csd-20260805_174708,paired_hierarchical,1,0,0,9769808dfe284056,pspF->pspA,shared_complete_observation_shared_scores,maximum,prefix,complete,0,100,0.2,0.9,biological_error,2151398048,921666314,2151398048,pspF,pspA,False,identifiable,ihfA|ihfB|rpoD|rpoN,100,-0.26667033037506105,0.16192278936958124,0.19858607351243052,-1.6468980766283516,0.1111447578781479,1755,,,,[],0,,False,True,
csd-20260805_174708,paired_hierarchical,1,0,0,9769808dfe284056,pspF->pspB,shared_complete_observation_shared_scores,maximum,prefix,complete,0,100,0.2,0.9,biological_error,2151398048,921666314,2151398048,pspF,pspB,False,identifiable,ihfA|ihfB|rpoD|rpoN,100,-0.040251890985141814,0.1557344009762567,0.18369695149912108,-0.2584649938151984,0.2755861528738993,1755,,,,[],0,,False,True,
csd-20260805_174708,paired_hierarchical,1,0,0,9769808dfe284056,pspF->pspC,shared_complete_observation_shared_scores,maximum,prefix,complete,0,100,0.2,0.9,biological_error,2151398048,921666314,2151398048,pspF,pspC,False,identifiable,ihfA|ihfB|rpoD|rpoN,100,-0.008258824360717627,0.09168159316626126,0.06366447157095603,-0.09008159735772205,0.15578268887106292,1755,,,,[],0,,False,True,
csd-20260805_174708,paired_hierarchical,1,0,0,9769808dfe284056,pspF->pspD,shared_complete_observation_shared_scores,maximum,prefix,complete,0,100,0.2,0.9,biological_error,2151398048,921666314,2151398048,pspF,pspD,False,identifiable,ihfA|ihfB|rpoD|rpoN,100,0.016985524035901912,0.14890303747330982,0.16793450934490275,0.11407103793263108,0.17800979864269767,1755,,,,[],0,,False,True,
csd-20260805_174708,paired_hierarchical,1,0,0,9769808dfe284056,pspF->pspE,shared_complete_observation_shared_scores,maximum,prefix,complete,0,100,0.2,0.9,biological_error,2151398048,921666314,2151398048,pspF,pspE,False,identifiable,ihfA|ihfB|rpoD|rpoN,100,-0.0026830758316186577,0.131622635727985,0.13121817770567246,-0.02038460798766845,0.13423292093320943,1755,,,,[],0,,False,True,
csd-20260805_174708,paired_hierarchical,1,0,0,9769808dfe284056,pspF->pspG,shared_complete_observation_shared_scores,maximum,prefix,complete,0,100,0.2,0.9,biological_error,2151398048,921666314,2151398048,pspF,pspG,False,identifiable,ihfA|ihfB|lrp|rpoD|rpoN,100,0.06849393842418955,0.12663920330440914,0.1213692404277127,0.5408588860082068,0.11314010657345788,1755,,,,[],0,,False,True,
csd-20260805_174708,paired_hierarchical,1,0,0,9769808dfe284056,ptrR->acrA,shared_complete_observation_shared_scores,maximum,prefix,complete,0,100,0.2,0.9,biological_error,2151398048,921666314,2151398048,ptrR,acrA,False,identifiable,alpA|basR|btsR|envR|glaR|glrR|nsrR|rcdA,100,0.07046120233803531,0.04658658336246032,0.04462616118965674,1.512478427315047,0.269109740863196,1755,,,,[],0,,False,True,
csd-20260805_174708,paired_hierarchical,1,0,0,9769808dfe284056,ptrR->acrB,shared_complete_observation_shared_scores,maximum,prefix,complete,0,100,0.2,0.9,biological_error,2151398048,921666314,2151398048,ptrR,acrB,False,identifiable,alpA|basR|btsR|envR|glaR|glrR|nsrR|rcdA,100,-0.0073807449507102135,0.09224833221922889,0.17497856671048295,-0.08000952183254452,0.14733590549793774,1755,,,,[],0,,False,True,
csd-20260805_174708,paired_hierarchical,1,0,0,9769808dfe284056,ptrR->acrR,shared_complete_observation_shared_scores,maximum,prefix,complete,0,100,0.2,0.9,biological_error,2151398048,921666314,2151398048,ptrR,acrR,False,identifiable,alpA|basR|btsR|glaR|glrR|nsrR|rcdA,100,0.0006860599536973864,0.03314134074270933,0.02333830450844375,0.020701031953522003,-0.12794570676776826,1755,,,,[],0,,False,True,
csd-20260805_174708,paired_hierarchical,1,0,0,9769808dfe284056,ptrR->gabD,shared_complete_observation_shared_scores,maximum,prefix,complete,0,100,0.2,0.9,biological_error,2151398048,921666314,2151398048,ptrR,gabD,False,identifiable,alpA|basR|btsR|glaR|glrR|nsrR|rcdA,100,-0.07750503562076001,0.07602924756076608,0.12282606513524551,-1.0194107939686554,0.1247560287642981,1755,,,,[],0,,False,True,
csd-20260805_174708,paired_hierarchical,1,0,0,9769808dfe284056,ptrR->gadA,shared_complete_observation_shared_scores,maximum,prefix,complete,0,100,0.2,0.9,biological_error,2151398048,921666314,2151398048,ptrR,gadA,False,identifiable,alpA|basR|btsR|glaR|glrR|nsrR|rcdA,100,-0.02031650416301168,0.08321919302178854,0.1471553833327423,-0.24413243418128786,-0.185458055751094,1755,,,,[],0,,False,True,
csd-20260805_174708,paired_hierarchical,1,0,0,9769808dfe284056,ptrR->gadB,shared_complete_observation_shared_scores,maximum,prefix,complete,0,100,0.2,0.9,biological_error,2151398048,921666314,2151398048,ptrR,gadB,False,identifiable,alpA|basR|btsR|glaR|glrR|nsrR|rcdA,100,-0.07686946659997403,0.14808585137272345,0.4659682084940541,-0.5190871773867043,-0.14662915969111207,1755,,,,[],0,,False,True,
csd-20260805_174708,paired_hierarchical,1,0,0,9769808dfe284056,ptrR->glsB,shared_complete_observation_shared_scores,maximum,prefix,complete,0,100,0.2,0.9,biological_error,2151398048,921666314,2151398048,ptrR,glsB,False,identifiable,,100,0.019700751203588007,0.08230752910782996,0.14592247841928802,0.23935539575946113,0.13594509733686405,1755,,,,[],0,,False,True,
csd-20260805_174708,paired_hierarchical,1,0,0,9769808dfe284056,ptrR->puuA,shared_complete_observation_shared_scores,maximum,prefix,complete,0,100,0.2,0.9,biological_error,2151398048,921666314,2151398048,ptrR,puuA,False,identifiable,alpA|basR|btsR|glaR|glrR|nsrR|rcdA,100,0.06345618961876291,0.05663408038216589,0.0681529815240775,1.1204594334464608,-0.19741860393011262,1755,,,,[],0,,False,True,
csd-20260805_174708,paired_hierarchical,1,0,0,9769808dfe284056,ptrR->puuB,shared_complete_observation_shared_scores,maximum,prefix,complete,0,100,0.2,0.9,biological_error,2151398048,921666314,2151398048,ptrR,puuB,False,identifiable,alpA|basR|btsR|fimZ|glaR|glrR|nsrR|rcdA,100,0.01790174633847036,0.07609177938006798,0.12298566061105497,0.2352651821828689,-0.20211404899415467,1755,,,,[],0,,False,True,
csd-20260805_174708,paired_hierarchical,1,0,0,9769808dfe284056,ptrR->puuC,shared_complete_observation_shared_scores,maximum,prefix,complete,0,100,0.2,0.9,biological_error,2151398048,921666314,2151398048,ptrR,puuC,False,identifiable,alpA|basR|btsR|fimZ|glaR|glrR|nsrR|rcdA,100,-0.00301525134157232,0.05347576865108701,0.060742556971520735,-0.056385376360757154,-0.12852400150693963,1755,,,,[],0,,False,True,
csd-20260805_174708,paired_hierarchical,1,0,0,9769808dfe284056,ptrR->puuE,shared_complete_observation_shared_scores,maximum,prefix,complete,0,100,0.2,0.9,biological_error,2151398048,921666314,2151398048,ptrR,puuE,False,identifiable,alpA|basR|btsR|glaR|glrR|nsrR|rcdA,100,-0.148708970065625,0.10107118136542617,0.21706201888867402,-1.4713290975393158,-0.21762620258181517,1755,,,,[],0,,False,True,
csd-20260805_174708,paired_hierarchical,1,0,0,9769808dfe284056,ptrR->sad,shared_complete_observation_shared_scores,maximum,prefix,complete,0,100,0.2,0.9,biological_error,2151398048,921666314,2151398048,ptrR,sad,False,identifiable,alpA|basR|btsR|glaR|glrR|nsrR|rcdA,100,0.0447952129956796,0.06141867763196304,0.08015490015873734,0.7293418667217872,0.15815936228665736,1755,,,,[],0,,False,True,
csd-20260805_174708,paired_hierarchical,1,0,0,9769808dfe284056,ptrR->yneG,shared_complete_observation_shared_scores,maximum,prefix,complete,0,100,0.2,0.9,biological_error,2151398048,921666314,2151398048,ptrR,yneG,False,identifiable,,100,0.1774236547248909,0.05839684303326768,0.07345507523315672,3.0382405196769917,0.43900329333548566,1755,,,,[],0,,False,True,
csd-20260805_174708,paired_hierarchical,1,0,0,9769808dfe284056,punR->punC,shared_complete_observation_shared_scores,maximum,prefix,complete,0,100,0.2,0.9,biological_error,2151398048,921666314,2151398048,punR,punC,False,identifiable,,100,0.004591206731410891,0.1218845677395085,0.09962418934092455,0.03766848270097007,0.12538218175207572,1755,,,,[],0,,False,True,
csd-20260805_174708,paired_hierarchical,1,0,0,9769808dfe284056,pyrR->yhjX,shared_complete_observation_shared_scores,maximum,prefix,complete,0,100,0.2,0.9,biological_error,2151398048,921666314,2151398048,pyrR,yhjX,False,identifiable,rpoD,100,-0.001504200192615366,0.080713599720304,0.08174365357360214,-0.018636266971462746,0.1862140059944681,1755,,,,[],0,,False,True,
csd-20260805_174708,paired_hierarchical,1,0,0,9769808dfe284056,racR->ydaS,shared_complete_observation_shared_scores,maximum,prefix,complete,0,100,0.2,0.9,biological_error,2151398048,921666314,2151398048,racR,ydaS,False,identifiable,,100,0.10625837577352042,0.08253098778304409,0.08025805906173027,1.2874967164194187,-0.3028451112103514,1755,,,,[],0,,False,True,
csd-20260805_174708,paired_hierarchical,1,0,0,9769808dfe284056,racR->ydaT,shared_complete_observation_shared_scores,maximum,prefix,complete,0,100,0.2,0.9,biological_error,2151398048,921666314,2151398048,racR,ydaT,False,identifiable,nac,100,0.003093955026786481,0.07529018794836845,0.0667670412989447,0.04109373493539708,-0.5477646337867726,1755,,,,[],0,,False,True,
csd-20260805_174708,paired_hierarchical,1,0,0,9769808dfe284056,racR->ydaU,shared_complete_observation_shared_scores,maximum,prefix,complete,0,100,0.2,0.9,biological_error,2151398048,921666314,2151398048,racR,ydaU,False,identifiable,nac,100,0.08763812681957751,0.12031552561440786,0.17050170027235126,0.7284024765053496,-0.13725149654530477,1755,,,,[],0,,False,True,
csd-20260805_174708,paired_hierarchical,1,0,0,9769808dfe284056,racR->ydaV,shared_complete_observation_shared_scores,maximum,prefix,complete,0,100,0.2,0.9,biological_error,2151398048,921666314,2151398048,racR,ydaV,False,identifiable,,100,-0.04297947564643513,0.10840810563000591,0.1384771374703691,-0.39645998236629076,-0.2909883155392193,1755,,,,[],0,,False,True,
csd-20260805_174708,paired_hierarchical,1,0,0,9769808dfe284056,racR->ydaW,shared_complete_observation_shared_scores,maximum,prefix,complete,0,100,0.2,0.9,biological_error,2151398048,921666314,2151398048,racR,ydaW,False,identifiable,,100,-7.074139036476463e-05,0.050064292468861724,0.029533215361823868,-0.001413010888124772,-0.3438639793522472,1755,,,,[],0,,False,True,
csd-20260805_174708,paired_hierarchical,1,0,0,9769808dfe284056,ralA->ralR,shared_complete_observation_shared_scores,maximum,prefix,complete,0,100,0.2,0.9,biological_error,2151398048,921666314,2151398048,ralA,ralR,False,identifiable,,100,-0.05282959348032307,0.09092291964348378,0.11964966234997298,-0.5810371431919722,-0.3485782804581628,1755,,,,[],0,,False,True,
csd-20260805_174708,paired_hierarchical,1,0,0,9769808dfe284056,rcdA->asr,shared_complete_observation_shared_scores,maximum,prefix,complete,0,100,0.2,0.9,biological_error,2151398048,921666314,2151398048,rcdA,asr,False,identifiable,alpA|basR|btsR|glaR|glrR|nsrR|ptrR,100,0.22321896340581424,0.06642271999006966,0.05719425656931339,3.3605814913810512,0.19354071572799067,1755,,,,[],0,,False,True,
csd-20260805_174708,paired_hierarchical,1,0,0,9769808dfe284056,rcdA->bluF,shared_complete_observation_shared_scores,maximum,prefix,complete,0,100,0.2,0.9,biological_error,2151398048,921666314,2151398048,rcdA,bluF,False,identifiable,alpA|basR|btsR|glaR|glrR|nsrR|ptrR,100,0.01192364802630483,0.06374633812143071,0.05267803803272837,0.18704836038724945,0.42854589617513256,1755,,,,[],0,,False,True,
csd-20260805_174708,paired_hierarchical,1,0,0,9769808dfe284056,rcdA->csgD,shared_complete_observation_shared_scores,maximum,prefix,complete,0,100,0.2,0.9,biological_error,2151398048,921666314,2151398048,rcdA,csgD,False,identifiable,alpA|basR|btsR|glaR|glrR|nsrR|ptrR,100,-0.36756385299342653,0.17741511107658067,0.4080377296986005,-2.0717730905952467,0.0732554668626171,1755,,,,[],0,,False,True,
csd-20260805_174708,paired_hierarchical,1,0,0,9769808dfe284056,rcdA->csgE,shared_complete_observation_shared_scores,maximum,prefix,complete,0,100,0.2,0.9,biological_error,2151398048,921666314,2151398048,rcdA,csgE,False,identifiable,alpA|basR|btsR|glaR|glrR|nsrR|ptrR,100,0.08941790843687969,0.08774421479264839,0.09980587152692184,1.0190746894047256,0.13907821851011026,1755,,,,[],0,,False,True,
csd-20260805_174708,paired_hierarchical,1,0,0,9769808dfe284056,rcdA->csgF,shared_complete_observation_shared_scores,maximum,prefix,complete,0,100,0.2,0.9,biological_error,2151398048,921666314,2151398048,rcdA,csgF,False,identifiable,alpA|basR|btsR|glaR|glrR|nsrR|ptrR,100,0.0009757875674585128,0.06526661620028161,0.055220622920517215,0.014950791450013958,0.18055785009261396,1755,,,,[],0,,False,True,
csd-20260805_174708,paired_hierarchical,1,0,0,9769808dfe284056,rcdA->csgG,shared_complete_observation_shared_scores,maximum,prefix,complete,0,100,0.2,0.9,biological_error,2151398048,921666314,2151398048,rcdA,csgG,False,identifiable,alpA|basR|btsR|glaR|glrR|nsrR|ptrR,100,0.01901757464184979,0.1356303884315379,0.23846965237155077,0.14021617767060576,0.2790527649363274,1755,,,,[],0,,False,True,
csd-20260805_174708,paired_hierarchical,1,0,0,9769808dfe284056,rcdA->rmf,shared_complete_observation_shared_scores,maximum,prefix,complete,0,100,0.2,0.9,biological_error,2151398048,921666314,2151398048,rcdA,rmf,False,identifiable,alpA|basR|btsR|cueR|glaR|glrR|kdpE|nsrR|ptrR,100,-0.04638922027879021,0.07042393632799028,0.06421716964915396,-0.6587138222825046,0.20967213832945716,1755,,,,[],0,,False,True,
csd-20260805_174708,paired_hierarchical,1,0,0,9769808dfe284056,rcdA->rsd,shared_complete_observation_shared_scores,maximum,prefix,complete,0,100,0.2,0.9,biological_error,2151398048,921666314,2151398048,rcdA,rsd,False,identifiable,alpA|basR|btsR|cueR|glaR|glrR|kdpE|nsrR|ptrR,100,0.05461799433433878,0.10261730474625792,0.13634894289832353,0.5322493556948591,0.07102111677257257,1755,,,,[],0,,False,True,
csd-20260805_174708,paired_hierarchical,1,0,0,9769808dfe284056,rcdA->sulA,shared_complete_observation_shared_scores,maximum,prefix,complete,0,100,0.2,0.9,biological_error,2151398048,921666314,2151398048,rcdA,sulA,False,identifiable,alpA|basR|btsR|glaR|glrR|nsrR|ptrR,100,0.0234066769230538,0.09404920143461518,0.11466459256622577,0.24887693426431245,-0.2673224882415415,1755,,,,[],0,,False,True,
csd-20260805_174708,paired_hierarchical,1,0,0,9769808dfe284056,rcdA->yagK,shared_complete_observation_shared_scores,maximum,prefix,complete,0,100,0.2,0.9,biological_error,2151398048,921666314,2151398048,rcdA,yagK,False,identifiable,alpA|basR|btsR|glaR|glrR|nsrR|ptrR,100,0.04829577651998324,0.10164062739383987,0.1339225721312195,0.47516212520850987,-0.25837571754708705,1755,,,,[],0,,False,True,
csd-20260805_174708,paired_hierarchical,1,0,0,9769808dfe284056,rcdA->ybjI,shared_complete_observation_shared_scores,maximum,prefix,complete,0,100,0.2,0.9,biological_error,2151398048,921666314,2151398048,rcdA,ybjI,False,identifiable,,100,0.0007418299254117813,0.09626600671859335,0.12889564625854724,0.007706042358028966,-0.21511173717568324,1755,,,,[],0,,False,True,
csd-20260805_174708,paired_hierarchical,1,0,0,9769808dfe284056,rcdA->ybjJ,shared_complete_observation_shared_scores,maximum,prefix,complete,0,100,0.2,0.9,biological_error,2151398048,921666314,2151398048,rcdA,ybjJ,False,identifiable,,100,-0.0013236335830765326,0.06583353515757644,0.060281866079723606,-0.020105764940441643,-0.27379749278166055,1755,,,,[],0,,False,True,
csd-20260805_174708,paired_hierarchical,1,0,0,9769808dfe284056,rcdA->ydeI,shared_complete_observation_shared_scores,maximum,prefix,complete,0,100,0.2,0.9,biological_error,2151398048,921666314,2151398048,rcdA,ydeI,False,identifiable,alpA|basR|btsR|glaR|glrR|nsrR|ptrR,100,0.009346364114684121,0.089577804866382,0.10402073999150163,0.10433794541656327,0.08357223508515355,1755,,,,[],0,,False,True,
csd-20260805_174708,paired_hierarchical,1,0,0,9769808dfe284056,rclR->rclA,shared_complete_observation_shared_scores,maximum,prefix,complete,0,100,0.2,0.9,biological_error,2151398048,921666314,2151398048,rclR,rclA,False,identifiable,rpoE,100,-0.0009249250948920153,0.14191950469886927,0.1260762377106965,-0.006517251429636539,0.15528901979048226,1755,,,,[],0,,False,True,
csd-20260805_174708,paired_hierarchical,1,0,0,9769808dfe284056,rclR->rclB,shared_complete_observation_shared_scores,maximum,prefix,complete,0,100,0.2,0.9,biological_error,2151398048,921666314,2151398048,rclR,rclB,False,identifiable,rpoE,100,0.20662012032632252,0.21222409275674273,0.2819281478097042,0.9735940799292584,0.17082734318490886,1755,,,,[],0,,False,True,
csd-20260805_174708,paired_hierarchical,1,0,0,9769808dfe284056,rclR->rclC,shared_complete_observation_shared_scores,maximum,prefix,complete,0,100,0.2,0.9,biological_error,2151398048,921666314,2151398048,rclR,rclC,False,identifiable,rpoE,100,0.05930515609067415,0.12486532752836882,0.09759617299593092,0.4749529534305694,0.15962151948478115,1755,,,,[],0,,False,True,
csd-20260805_174708,paired_hierarchical,1,0,0,9769808dfe284056,rcnR->rcnA,shared_complete_observation_shared_scores,maximum,prefix,complete,0,100,0.2,0.9,biological_error,2151398048,921666314,2151398048,rcnR,rcnA,False,identifiable,fur|rpoD,100,0.10086438915153237,0.08953267503606964,0.08301893559963856,1.1265651239717518,-0.25413813065588875,1755,,,,[],0,,False,True,
csd-20260805_174708,paired_hierarchical,1,0,0,9769808dfe284056,rcnR->rcnB,shared_complete_observation_shared_scores,maximum,prefix,complete,0,100,0.2,0.9,biological_error,2151398048,921666314,2151398048,rcnR,rcnB,False,identifiable,fur|rpoD,100,-0.004578629428368891,0.0677090266108275,0.04747961413901813,-0.06762214223940287,-0.16393296138251223,1755,,,,[],0,,False,True,
csd-20260805_174708,paired_hierarchical,1,0,0,9769808dfe284056,rpsB->tff,shared_complete_observation_shared_scores,maximum,prefix,complete,0,100,0.2,0.9,biological_error,2151398048,921666314,2151398048,rpsB,tff,False,identifiable,nac|rpoD,100,0.0029039055290692936,0.14542197961202952,0.1816070968798177,0.019968821335100834,-0.12683806328667066,1755,,,,[],0,,False,True,
csd-20260805_174708,paired_hierarchical,1,0,0,9769808dfe284056,rpsB->tsf,shared_complete_observation_shared_scores,maximum,prefix,complete,0,100,0.2,0.9,biological_error,2151398048,921666314,2151398048,rpsB,tsf,False,identifiable,rpoD,100,-0.0015520658259370133,0.06273463939113288,0.03380795422589589,-0.024740172909264977,-0.20358104392319137,1755,,,,[],0,,False,True,
csd-20260805_174708,paired_hierarchical,1,0,0,9769808dfe284056,sutR->cysE,shared_complete_observation_shared_scores,maximum,prefix,complete,0,100,0.2,0.9,biological_error,2151398048,921666314,2151398048,sutR,cysE,False,identifiable,alpA|basR|btsR|glaR|glrR|nsrR|ptrR|rcdA,100,0.0029876167712787494,0.08071001748686824,0.07717731925908228,0.037016678527728525,-0.1764315445861991,1755,,,,[],0,,False,True,
csd-20260805_174708,paired_hierarchical,1,0,0,9769808dfe284056,sutR->ydcO,shared_complete_observation_shared_scores,maximum,prefix,complete,0,100,0.2,0.9,biological_error,2151398048,921666314,2151398048,sutR,ydcO,False,identifiable,alpA|basR|btsR|glaR|glrR|nsrR|ptrR|rcdA,100,1.7287751439588883e-07,0.11790399909824752,0.16469934737020836,1.466256579234711e-06,-0.4356701156302469,1755,,,,[],0,,False,True,
csd-20260805_174708,paired_hierarchical,1,0,0,9769808dfe284056,trpR->aroH,shared_complete_observation_shared_scores,maximum,prefix,complete,0,100,0.2,0.9,biological_error,2151398048,921666314,2151398048,trpR,aroH,False,identifiable,rpoD,100,6.636306242926038e-05,0.09887421022406236,0.04524776877065918,0.0006711867763987463,-0.15588585824031032,1755,,,,[],0,,False,True,
csd-20260805_174708,paired_hierarchical,1,0,0,9769808dfe284056,trpR->aroL,shared_complete_observation_shared_scores,maximum,prefix,complete,0,100,0.2,0.9,biological_error,2151398048,921666314,2151398048,trpR,aroL,False,identifiable,rpoD|tyrR,100,0.034078174794552156,0.17417734818840055,0.14041253656331262,0.1956521622874358,-0.3663727235084139,1755,,,,[],0,,False,True,
csd-20260805_174708,paired_hierarchical,1,0,0,9769808dfe284056,trpR->aroM,shared_complete_observation_shared_scores,maximum,prefix,complete,0,100,0.2,0.9,biological_error,2151398048,921666314,2151398048,trpR,aroM,False,identifiable,rpoD|tyrR,100,0.12223330440502927,0.1007476773972225,0.04697779433120953,1.2132617601008746,-0.23127344226155833,1755,,,,[],0,,False,True,
csd-20260805_174708,paired_hierarchical,1,0,0,9769808dfe284056,trpR->mtr,shared_complete_observation_shared_scores,maximum,prefix,complete,0,100,0.2,0.9,biological_error,2151398048,921666314,2151398048,trpR,mtr,False,identifiable,hupA|hupB|ihfA|ihfB|lrp|rpoD|tyrR,100,-0.0005935607622999089,0.15959245226284696,0.1135500069339698,-0.003719228283567703,-0.13445012857135388,1755,,,,[],0,,False,True,
csd-20260805_174708,paired_hierarchical,1,0,0,9769808dfe284056,trpR->trpA,shared_complete_observation_shared_scores,maximum,prefix,complete,0,100,0.2,0.9,biological_error,2151398048,921666314,2151398048,trpR,trpA,False,identifiable,rpoD,100,-0.003738150787343477,0.10291217843259147,0.04901902357671626,-0.036323697003382394,-0.17154430976372617,1755,,,,[],0,,False,True,
csd-20260805_174708,paired_hierarchical,1,0,0,9769808dfe284056,trpR->trpB,shared_complete_observation_shared_scores,maximum,prefix,complete,0,100,0.2,0.9,biological_error,2151398048,921666314,2151398048,trpR,trpB,False,identifiable,rpoD,100,-0.21796229047803603,0.12988927179815316,0.07808680928141863,-1.6780623023027461,-0.10587169223182133,1755,,,,[],0,,False,True,
csd-20260805_174708,paired_hierarchical,1,0,0,9769808dfe284056,trpR->trpC,shared_complete_observation_shared_scores,maximum,prefix,complete,0,100,0.2,0.9,biological_error,2151398048,921666314,2151398048,trpR,trpC,False,identifiable,rpoD,100,-0.009104070428601473,0.1432475765753755,0.09497420791692279,-0.06355479545450458,-0.2320799078973065,1755,,,,[],0,,False,True,
csd-20260805_174708,paired_hierarchical,1,0,0,9769808dfe284056,trpR->trpD,shared_complete_observation_shared_scores,maximum,prefix,complete,0,100,0.2,0.9,biological_error,2151398048,921666314,2151398048,trpR,trpD,False,identifiable,rpoD,100,-0.12551749015422076,0.09793827158655413,0.04439519664907751,-1.2815979710576488,-0.330530903404891,1755,,,,[],0,,False,True,
csd-20260805_174708,paired_hierarchical,1,0,0,9769808dfe284056,trpR->trpE,shared_complete_observation_shared_scores,maximum,prefix,complete,0,100,0.2,0.9,biological_error,2151398048,921666314,2151398048,trpR,trpE,False,identifiable,rpoD,100,0.07718963132958936,0.11742584384757647,0.06382024880812955,0.6573478954921086,-0.19972545861335772,1755,,,,[],0,,False,True,
csd-20260805_174708,paired_hierarchical,1,0,0,9769808dfe284056,trpR->trpL,shared_complete_observation_shared_scores,maximum,prefix,complete,0,100,0.2,0.9,biological_error,2151398048,921666314,2151398048,trpR,trpL,False,identifiable,rpoD,100,0.012220950092115651,0.17405121625692055,0.1402120174687827,0.07021467792604251,-0.12720470550492072,1755,,,,[],0,,False,True,
csd-20260805_174708,paired_hierarchical,1,0,0,9769808dfe284056,trpR->yaiA,shared_complete_observation_shared_scores,maximum,prefix,complete,0,100,0.2,0.9,biological_error,2151398048,921666314,2151398048,trpR,yaiA,False,identifiable,rpoD|tyrR,100,0.011964410204375435,0.06847191683983565,0.02169938914811659,0.17473455916769035,-0.24928663536037166,1755,,,,[],0,,False,True,
csd-20260805_174708,paired_hierarchical,1,0,0,9769808dfe284056,uidR->uidA,shared_complete_observation_shared_scores,maximum,prefix,complete,0,100,0.2,0.9,biological_error,2151398048,921666314,2151398048,uidR,uidA,False,identifiable,crp|rpoD|uxuR,100,0.1759767511148362,0.08653594228345407,0.08953788287720814,2.0335683239966693,-0.13504495094782024,1755,,,,[],0,,False,True,
csd-20260805_174708,paired_hierarchical,1,0,0,9769808dfe284056,uidR->uidB,shared_complete_observation_shared_scores,maximum,prefix,complete,0,100,0.2,0.9,biological_error,2151398048,921666314,2151398048,uidR,uidB,False,identifiable,crp|rpoD|uxuR,100,0.1747894585657721,0.12955715036036936,0.20069499464380275,1.3491301566882796,-0.19758366326161744,1755,,,,[],0,,False,True,
csd-20260805_174708,paired_hierarchical,1,0,0,9769808dfe284056,uidR->uidC,shared_complete_observation_shared_scores,maximum,prefix,complete,0,100,0.2,0.9,biological_error,2151398048,921666314,2151398048,uidR,uidC,False,identifiable,crp|rpoD|uxuR,100,-0.0010486426706178607,0.06274208583126514,0.04706864241035401,-0.016713544931196873,-0.0778269399867925,1755,,,,[],0,,False,True,
csd-20260805_174708,paired_hierarchical,1,0,0,9769808dfe284056,rtcR->rtcA,shared_complete_observation_shared_scores,maximum,prefix,complete,0,100,0.2,0.9,biological_error,2151398048,921666314,2151398048,rtcR,rtcA,False,identifiable,ihfA|ihfB|rpoN,100,0.22517383698722593,0.0797628542891338,0.11189038516744482,2.8230413642293852,0.1177192955567765,1755,,,,[],0,,False,True,
csd-20260805_174708,paired_hierarchical,1,0,0,9769808dfe284056,rtcR->rtcB,shared_complete_observation_shared_scores,maximum,prefix,complete,0,100,0.2,0.9,biological_error,2151398048,921666314,2151398048,rtcR,rtcB,False,identifiable,ihfA|ihfB|rpoN,100,0.007521374531118343,0.0820144557622177,0.11829658570482973,0.09170791247978113,0.06232306506311007,1755,,,,[],0,,False,True,
csd-20260805_174708,paired_hierarchical,1,0,0,9769808dfe284056,selB->selA,shared_complete_observation_shared_scores,maximum,prefix,complete,0,100,0.2,0.9,biological_error,2151398048,921666314,2151398048,selB,selA,False,identifiable,,100,-0.007999580782619635,0.1589267667720422,0.03276810988310897,-0.050335012440628664,-0.31174444285514186,1755,,,,[],0,,False,True,
csd-20260805_174708,paired_hierarchical,1,0,0,9769808dfe284056,srmB->rplM,shared_complete_observation_shared_scores,maximum,prefix,complete,0,100,0.2,0.9,biological_error,2151398048,921666314,2151398048,srmB,rplM,False,identifiable,crp|dksA|fis|fnr,100,-0.021248205021440824,0.12271024882155773,0.1606659296116148,-0.17315754165195646,0.20305776872425146,1755,,,,[],0,,False,True,
csd-20260805_174708,paired_hierarchical,1,0,0,9769808dfe284056,srmB->rpsI,shared_complete_observation_shared_scores,maximum,prefix,complete,0,100,0.2,0.9,biological_error,2151398048,921666314,2151398048,srmB,rpsI,False,identifiable,crp|dksA|fis|fnr,100,0.02757593771339442,0.11254845901926877,0.13515783422813246,0.24501390737542933,0.15804087253745602,1755,,,,[],0,,False,True,
csd-20260805_174708,paired_hierarchical,1,0,0,9769808dfe284056,ulaR->ulaA,shared_complete_observation_shared_scores,maximum,prefix,complete,0,100,0.2,0.9,biological_error,2151398048,921666314,2151398048,ulaR,ulaA,False,identifiable,crp|ihfA|ihfB|rpoD,100,0.052895011239845746,0.15768108336027062,0.22395271031275737,0.3354556558886073,-0.14814905228621697,1755,,,,[],0,,False,True,
csd-20260805_174708,paired_hierarchical,1,0,0,9769808dfe284056,ulaR->ulaB,shared_complete_observation_shared_scores,maximum,prefix,complete,0,100,0.2,0.9,biological_error,2151398048,921666314,2151398048,ulaR,ulaB,False,identifiable,crp|ihfA|ihfB|rpoD,100,0.0025433241150553893,0.10413951991299561,0.09768508863673249,0.024422276165477184,-0.18871318416445876,1755,,,,[],0,,False,True,
csd-20260805_174708,paired_hierarchical,1,0,0,9769808dfe284056,ulaR->ulaC,shared_complete_observation_shared_scores,maximum,prefix,complete,0,100,0.2,0.9,biological_error,2151398048,921666314,2151398048,ulaR,ulaC,False,identifiable,crp|ihfA|ihfB|rpoD,100,0.028003311506866798,0.09088403353160521,0.07439989436963797,0.3081213544195148,-0.1568602773265854,1755,,,,[],0,,False,True,
csd-20260805_174708,paired_hierarchical,1,0,0,9769808dfe284056,ulaR->ulaD,shared_complete_observation_shared_scores,maximum,prefix,complete,0,100,0.2,0.9,biological_error,2151398048,921666314,2151398048,ulaR,ulaD,False,identifiable,crp|ihfA|ihfB|rpoD,100,-0.20900789744810966,0.12429123418877719,0.139148373244058,-1.681598053251787,-0.18210041394593465,1755,,,,[],0,,False,True,
csd-20260805_174708,paired_hierarchical,1,0,0,9769808dfe284056,ulaR->ulaE,shared_complete_observation_shared_scores,maximum,prefix,complete,0,100,0.2,0.9,biological_error,2151398048,921666314,2151398048,ulaR,ulaE,False,identifiable,crp|ihfA|ihfB|rpoD,100,-0.007279446577527115,0.12289960948373992,0.1360498722326218,-0.05923083570489468,-0.20152378881270647,1755,,,,[],0,,False,True,
csd-20260805_174708,paired_hierarchical,1,0,0,9769808dfe284056,ulaR->ulaF,shared_complete_observation_shared_scores,maximum,prefix,complete,0,100,0.2,0.9,biological_error,2151398048,921666314,2151398048,ulaR,ulaF,False,identifiable,crp|ihfA|ihfB|rpoD,100,0.07568566488186496,0.09742402057806304,0.0854927386421863,0.7768686247271044,-0.18394378663758512,1755,,,,[],0,,False,True,
csd-20260805_174708,paired_hierarchical,1,0,0,9769808dfe284056,ulaR->ulaG,shared_complete_observation_shared_scores,maximum,prefix,complete,0,100,0.2,0.9,biological_error,2151398048,921666314,2151398048,ulaR,ulaG,False,identifiable,ihfA|ihfB,100,0.01730364415174403,0.13010231797681926,0.16130116006242853,0.13300027563557382,-0.10412172718714453,1755,,,,[],0,,False,True,
csd-20260805_174708,paired_hierarchical,1,0,0,9769808dfe284056,ycjW->ompG,shared_complete_observation_shared_scores,maximum,prefix,complete,0,100,0.2,0.9,biological_error,2151398048,921666314,2151398048,ycjW,ompG,False,identifiable,,100,-0.0004423334020359291,0.06909569924017311,0.03221602105376286,-0.0064017501364072,-0.2866606879236596,1755,,,,[],0,,False,True,
csd-20260805_174708,paired_hierarchical,1,0,0,9769808dfe284056,ycjW->ycjM,shared_complete_observation_shared_scores,maximum,prefix,complete,0,100,0.2,0.9,biological_error,2151398048,921666314,2151398048,ycjW,ycjM,False,identifiable,,100,0.007281161047718021,0.08858394837612305,0.0529517034237976,0.0821950385051993,-0.276886231755654,1755,,,,[],0,,False,True,
csd-20260805_174708,paired_hierarchical,1,0,0,9769808dfe284056,ycjW->ycjN,shared_complete_observation_shared_scores,maximum,prefix,complete,0,100,0.2,0.9,biological_error,2151398048,921666314,2151398048,ycjW,ycjN,False,identifiable,,100,0.04659508430691645,0.09753256416775886,0.06419026258781083,0.4777387399225098,-0.1986114507214139,1755,,,,[],0,,False,True,
csd-20260805_174708,paired_hierarchical,1,0,0,9769808dfe284056,ycjW->ycjO,shared_complete_observation_shared_scores,maximum,prefix,complete,0,100,0.2,0.9,biological_error,2151398048,921666314,2151398048,ycjW,ycjO,False,identifiable,,100,-0.06822200646617935,0.07120534333655296,0.034213305688391045,-0.9581023455462769,-0.46550978464632975,1755,,,,[],0,,False,True,
csd-20260805_174708,paired_hierarchical,1,0,0,9769808dfe284056,ycjW->ycjP,shared_complete_observation_shared_scores,maximum,prefix,complete,0,100,0.2,0.9,biological_error,2151398048,921666314,2151398048,ycjW,ycjP,False,identifiable,glaR,100,-0.007728277565417392,0.11346818502430195,0.08685206245303026,-0.06810964292556715,-0.2865509188089124,1755,,,,[],0,,False,True,
csd-20260805_174708,paired_hierarchical,1,0,0,9769808dfe284056,ycjW->ycjQ,shared_complete_observation_shared_scores,maximum,prefix,complete,0,100,0.2,0.9,biological_error,2151398048,921666314,2151398048,ycjW,ycjQ,False,identifiable,,100,0.0069499193864640384,0.06221764000383252,0.026121429222532782,0.11170335914438305,-0.5344917321813003,1755,,,,[],0,,False,True,
csd-20260805_174708,paired_hierarchical,1,0,0,9769808dfe284056,ycjW->ycjR,shared_complete_observation_shared_scores,maximum,prefix,complete,0,100,0.2,0.9,biological_error,2151398048,921666314,2151398048,ycjW,ycjR,False,identifiable,,100,0.13990604250639363,0.14377855480542562,0.13949482486699633,0.9730661342070615,-0.129662976939952,1755,,,,[],0,,False,True,
csd-20260805_174708,paired_hierarchical,1,0,0,9769808dfe284056,ycjW->ycjS,shared_complete_observation_shared_scores,maximum,prefix,complete,0,100,0.2,0.9,biological_error,2151398048,921666314,2151398048,ycjW,ycjS,False,identifiable,,100,0.005481685378775649,0.06114473119359419,0.025228297761079776,0.08965098499525231,-0.14380806025371534,1755,,,,[],0,,False,True,
csd-20260805_174708,paired_hierarchical,1,0,0,9769808dfe284056,ycjW->ycjT,shared_complete_observation_shared_scores,maximum,prefix,complete,0,100,0.2,0.9,biological_error,2151398048,921666314,2151398048,ycjW,ycjT,False,identifiable,,100,-0.06797598284899807,0.15395415198939552,0.1599383752190158,-0.4415339370235387,-0.05734658842537137,1755,,,,[],0,,False,True,
csd-20260805_174708,paired_hierarchical,1,0,0,9769808dfe284056,ycjW->ycjU,shared_complete_observation_shared_scores,maximum,prefix,complete,0,100,0.2,0.9,biological_error,2151398048,921666314,2151398048,ycjW,ycjU,False,identifiable,,100,0.03586955935022022,0.14931482592317133,0.15044429815104082,0.24022771435086157,-0.11869993119989677,1755,,,,[],0,,False,True,
csd-20260805_174708,paired_hierarchical,1,0,0,9769808dfe284056,ycjW->ycjV,shared_complete_observation_shared_scores,maximum,prefix,complete,0,100,0.2,0.9,biological_error,2151398048,921666314,2151398048,ycjW,ycjV,False,identifiable,,100,-0.13253131661136916,0.1666764822889775,0.18746427655201958,-0.7951410708416037,-0.3290999993410636,1755,,,,[],0,,False,True,
csd-20260805_174708,paired_hierarchical,1,0,0,9769808dfe284056,yfeC->hybE,shared_complete_observation_shared_scores,maximum,prefix,complete,0,100,0.2,0.9,biological_error,2151398048,921666314,2151398048,yfeC,hybE,False,identifiable,arcA|narL|rpoD,100,-0.01447298617205189,0.11962177033233425,0.09013761973723954,-0.12098956679743925,-0.6072773976152218,1755,,,,[],0,,False,True,
csd-20260805_174708,paired_hierarchical,1,0,0,9769808dfe284056,yfeC->rpmB,shared_complete_observation_shared_scores,maximum,prefix,complete,0,100,0.2,0.9,biological_error,2151398048,921666314,2151398048,yfeC,rpmB,False,identifiable,dksA,100,-0.0037395605353073374,0.10842158000918682,0.07457701278338019,-0.034490924546483046,-0.22744781599944836,1755,,,,[],0,,False,True,
csd-20260805_174708,paired_hierarchical,1,0,0,9769808dfe284056,yfeC->rpmH,shared_complete_observation_shared_scores,maximum,prefix,complete,0,100,0.2,0.9,biological_error,2151398048,921666314,2151398048,yfeC,rpmH,False,identifiable,nac,100,-0.061297472124462585,0.16964545270503026,0.18256432062106862,-0.3613269389014694,-0.17976290167562128,1755,,,,[],0,,False,True,
csd-20260805_174708,paired_hierarchical,1,0,0,9769808dfe284056,yfeC->rpsU,shared_complete_observation_shared_scores,maximum,prefix,complete,0,100,0.2,0.9,biological_error,2151398048,921666314,2151398048,yfeC,rpsU,False,identifiable,dksA|lexA|rpoD,100,-0.008666506550715566,0.1297603874065086,0.10612897998487197,-0.06678853788841929,-0.18805060266320522,1755,,,,[],0,,False,True,
csd-20260805_174708,paired_hierarchical,1,0,0,9769808dfe284056,yfeC->ygdR,shared_complete_observation_shared_scores,maximum,prefix,complete,0,100,0.2,0.9,biological_error,2151398048,921666314,2151398048,yfeC,ygdR,False,identifiable,nac,100,-0.0005991594191888513,0.1325779825405534,0.11149984697258322,-0.004519298059205106,-0.09122008422888919,1755,,,,[],0,,False,True,
csd-20260805_174708,paired_hierarchical,1,0,0,9769808dfe284056,ygbI->ygbJ,shared_complete_observation_shared_scores,maximum,prefix,complete,0,100,0.2,0.9,biological_error,2151398048,921666314,2151398048,ygbI,ygbJ,False,identifiable,,100,-0.0024050684020158015,0.08030814591657595,0.09132540409421784,-0.029948000599019992,-0.21800692918503392,1755,,,,[],0,,False,True,
csd-20260805_174708,paired_hierarchical,1,0,0,9769808dfe284056,ygbI->ygbK,shared_complete_observation_shared_scores,maximum,prefix,complete,0,100,0.2,0.9,biological_error,2151398048,921666314,2151398048,ygbI,ygbK,False,identifiable,flhC|flhD|fliA,100,0.004136080238033973,0.11396923185335987,0.18345025599270123,0.03629120044746567,-0.18948190249207372,1755,,,,[],0,,False,True,
csd-20260805_174708,paired_hierarchical,1,0,0,9769808dfe284056,yhaJ->bssS,shared_complete_observation_shared_scores,maximum,prefix,complete,0,100,0.2,0.9,biological_error,2151398048,921666314,2151398048,yhaJ,bssS,False,identifiable,glaR|lrp|nac|rpoD|rpoH,100,-0.1549207292153602,0.052258370740581796,0.03278748313559054,-2.964515101023899,0.18848303809584843,1755,,,,[],0,,False,True,
csd-20260805_174708,paired_hierarchical,1,0,0,9769808dfe284056,yhaJ->ybiJ,shared_complete_observation_shared_scores,maximum,prefix,complete,0,100,0.2,0.9,biological_error,2151398048,921666314,2151398048,yhaJ,ybiJ,False,identifiable,lrp,100,0.1464716459175887,0.06868786576028088,0.05770988652451927,2.132423890251176,0.3027573627563536,1755,,,,[],0,,False,True,
csd-20260805_174708,paired_hierarchical,1,0,0,9769808dfe284056,yhaJ->ygiD,shared_complete_observation_shared_scores,maximum,prefix,complete,0,100,0.2,0.9,biological_error,2151398048,921666314,2151398048,yhaJ,ygiD,False,identifiable,,100,0.18586399662506523,0.17864274326149407,0.39049698638532443,1.0404228754649205,0.1232067926549611,1755,,,,[],0,,False,True,
csd-20260805_174708,paired_hierarchical,1,0,0,9769808dfe284056,yhaJ->yhaK,shared_complete_observation_shared_scores,maximum,prefix,complete,0,100,0.2,0.9,biological_error,2151398048,921666314,2151398048,yhaJ,yhaK,False,identifiable,,100,-0.002368662987877333,0.03820558031908145,0.017860784466030833,-0.061997827754348346,0.23038109052643121,1755,,,,[],0,,False,True,
csd-20260805_174708,paired_hierarchical,1,0,0,9769808dfe284056,yhaJ->yhaL,shared_complete_observation_shared_scores,maximum,prefix,complete,0,100,0.2,0.9,biological_error,2151398048,921666314,2151398048,yhaJ,yhaL,False,identifiable,,100,0.189151742704927,0.0941224821122407,0.10840109549026196,2.009634026431265,0.19330256893302475,1755,,,,[],0,,False,True,
csd-20260805_174708,paired_hierarchical,1,0,0,9769808dfe284056,yhaJ->yhhW,shared_complete_observation_shared_scores,maximum,prefix,complete,0,100,0.2,0.9,biological_error,2151398048,921666314,2151398048,yhaJ,yhhW,False,identifiable,lrp,100,0.11833200163581004,0.11600055478734404,0.1645926009652704,1.020098583603674,0.25273958616200165,1755,,,,[],0,,False,True,
csd-20260805_174708,paired_hierarchical,1,0,0,9769808dfe284056,yhaJ->yqjF,shared_complete_observation_shared_scores,maximum,prefix,complete,0,100,0.2,0.9,biological_error,2151398048,921666314,2151398048,yhaJ,yqjF,False,identifiable,,100,-0.057339540380409976,0.07530960097575334,0.0693981065303345,-0.7613842011840031,0.16330828009555146,1755,,,,[],0,,False,True,
csd-20260805_174708,paired_hierarchical,1,0,0,9769808dfe284056,yiaU->adeP,shared_complete_observation_shared_scores,maximum,prefix,complete,0,100,0.2,0.9,biological_error,2151398048,921666314,2151398048,yiaU,adeP,False,identifiable,,100,0.009273691971196325,0.08385523593761131,0.10011747415042199,0.11059168658348294,0.09006275784100985,1755,,,,[],0,,False,True,
csd-20260805_174708,paired_hierarchical,1,0,0,9769808dfe284056,yiaU->gltD,shared_complete_observation_shared_scores,maximum,prefix,complete,0,100,0.2,0.9,biological_error,2151398048,921666314,2151398048,yiaU,gltD,False,identifiable,adiY|argR|crp|fnr|fur|gadE|hdfR|ihfA|ihfB|lrp|nac|rpoD|rpoS,100,0.045598524157933175,0.1375305526268227,0.20437709375793894,0.33155195908839863,0.10067011047825537,1755,,,,[],0,,False,True,
csd-20260805_174708,paired_hierarchical,1,0,0,9769808dfe284056,yiaU->waaP,shared_complete_observation_shared_scores,maximum,prefix,complete,0,100,0.2,0.9,biological_error,2151398048,921666314,2151398048,yiaU,waaP,False,identifiable,rpoD,100,0.1381025695605095,0.11986068507651192,0.20453037534844,1.1521923929631561,0.4230963232812669,1755,,,,[],0,,False,True,
csd-20260805_174708,paired_hierarchical,1,0,0,9769808dfe284056,yiaU->yiaT,shared_complete_observation_shared_scores,maximum,prefix,complete,0,100,0.2,0.9,biological_error,2151398048,921666314,2151398048,yiaU,yiaT,False,identifiable,,100,0.42293667301905374,0.08639650406768981,0.10627762806096618,4.89529845660991,0.16738698260372503,1755,,,,[],0,,False,True,
csd-20260805_174708,paired_hierarchical,1,0,0,9769808dfe284056,yiaU->yiaV,shared_complete_observation_shared_scores,maximum,prefix,complete,0,100,0.2,0.9,biological_error,2151398048,921666314,2151398048,yiaU,yiaV,False,identifiable,,100,0.032627979351648545,0.07016715187913863,0.07009986977484335,0.46500361604885315,0.3071208931581754,1755,,,,[],0,,False,True,
csd-20260805_174708,paired_hierarchical,1,0,0,9769808dfe284056,yiaU->yiaW,shared_complete_observation_shared_scores,maximum,prefix,complete,0,100,0.2,0.9,biological_error,2151398048,921666314,2151398048,yiaU,yiaW,False,identifiable,,100,-0.08529136351601534,0.08161738143590336,0.0948450845230239,-1.0450147017151887,0.1936877119250031,1755,,,,[],0,,False,True,
csd-20260805_174708,paired_hierarchical,1,0,0,9769808dfe284056,yidZ->malE,shared_complete_observation_shared_scores,maximum,prefix,complete,0,100,0.2,0.9,biological_error,2151398048,921666314,2151398048,yidZ,malE,False,identifiable,creB|crp|fis|hns|malT|ompR|rpoD|stpA,100,-0.020915601264218226,0.08317762940045456,0.06726705719261276,-0.2514570493890984,-0.05984899152914285,1755,,,,[],0,,False,True,
csd-20260805_174708,paired_hierarchical,1,0,0,9769808dfe284056,yidZ->ppiC,shared_complete_observation_shared_scores,maximum,prefix,complete,0,100,0.2,0.9,biological_error,2151398048,921666314,2151398048,yidZ,ppiC,False,identifiable,,100,-0.07116571578111697,0.08080840545211268,0.07974532515661281,-0.8806721947172933,-0.20091003571151267,1755,,,,[],0,,False,True,
csd-20260805_174708,paired_hierarchical,1,0,0,9769808dfe284056,yidZ->rbsD,shared_complete_observation_shared_scores,maximum,prefix,complete,0,100,0.2,0.9,biological_error,2151398048,921666314,2151398048,yidZ,rbsD,False,identifiable,crp|rbsR|rpoD,100,-0.14984433873491979,0.09896318819620634,0.1120418019014928,-1.5141421923254483,-0.16169948575905507,1755,,,,[],0,,False,True,
csd-20260805_174708,paired_hierarchical,1,0,0,9769808dfe284056,yidZ->rof,shared_complete_observation_shared_scores,maximum,prefix,complete,0,100,0.2,0.9,biological_error,2151398048,921666314,2151398048,yidZ,rof,False,identifiable,crp,100,-0.09418669756708091,0.10294829858333412,0.12484250007914155,-0.9148931926333789,-0.3855098842066028,1755,,,,[],0,,False,True,
csd-20260805_174708,paired_hierarchical,1,0,0,9769808dfe284056,yrdG->mscL,shared_complete_observation_shared_scores,maximum,prefix,complete,0,100,0.2,0.9,biological_error,2151398048,921666314,2151398048,yrdG,mscL,False,identifiable,nac,100,-0.026212121141506645,0.14503914618690275,0.1392382236113384,-0.1807244584005531,-0.30030039381676404,1755,,,,[],0,,False,True,
csd-20260805_174708,paired_hierarchical,1,0,0,9769808dfe284056,zur->pliG,shared_complete_observation_shared_scores,maximum,prefix,complete,0,100,0.2,0.9,biological_error,2151398048,921666314,2151398048,zur,pliG,False,identifiable,glaR,100,0.010808735825127414,0.06681170736177842,0.03784870327191402,0.16177906914725645,-0.12283482870566473,1755,,,,[],0,,False,True,
csd-20260805_174708,paired_hierarchical,1,0,0,9769808dfe284056,zur->ykgM,shared_complete_observation_shared_scores,maximum,prefix,complete,0,100,0.2,0.9,biological_error,2151398048,921666314,2151398048,zur,ykgM,False,identifiable,rpoD,100,-0.02093993691424243,0.11411308367360806,0.11041326957901552,-0.18350163048906717,-0.1111867585510632,1755,,,,[],0,,False,True,
csd-20260805_174708,paired_hierarchical,1,0,0,9769808dfe284056,zur->ykgO,shared_complete_observation_shared_scores,maximum,prefix,complete,0,100,0.2,0.9,biological_error,2151398048,921666314,2151398048,zur,ykgO,False,identifiable,rpoD,100,0.12082701915336576,0.12309763770688475,0.1284842296672632,0.9815543287765952,-0.24387094922406732,1755,,,,[],0,,False,True,
csd-20260805_174708,paired_hierarchical,1,0,0,9769808dfe284056,zur->zinT,shared_complete_observation_shared_scores,maximum,prefix,complete,0,100,0.2,0.9,biological_error,2151398048,921666314,2151398048,zur,zinT,False,identifiable,fur|oxyR|rpoD|soxS,100,-0.17049704158807347,0.1389689316485413,0.16339740010307496,-1.2268716436510299,-0.20683850980780197,1755,,,,[],0,,False,True,
csd-20260805_174708,paired_hierarchical,1,0,0,9769808dfe284056,zur->znuA,shared_complete_observation_shared_scores,maximum,prefix,complete,0,100,0.2,0.9,biological_error,2151398048,921666314,2151398048,zur,znuA,False,identifiable,nac|ompR|oxyR|rpoS,100,0.0012340103046785975,0.0545163538885281,0.023973489845915328,0.02263559861691834,-0.10232892025184623,1755,,,,[],0,,False,True,
csd-20260805_174708,paired_hierarchical,1,0,0,9769808dfe284056,zur->znuB,shared_complete_observation_shared_scores,maximum,prefix,complete,0,100,0.2,0.9,biological_error,2151398048,921666314,2151398048,zur,znuB,False,identifiable,oxyR|rpoD,100,-0.004710354977789596,0.1375676141095851,0.1601250910433709,-0.034240289826044164,-0.24423257077021884,1755,,,,[],0,,False,True,
csd-20260805_174708,paired_hierarchical,1,0,0,9769808dfe284056,zur->znuC,shared_complete_observation_shared_scores,maximum,prefix,complete,0,100,0.2,0.9,biological_error,2151398048,921666314,2151398048,zur,znuC,False,identifiable,oxyR|rpoD,100,0.05305894816381099,0.1523700717094518,0.19643837061478742,0.34822421206827875,-0.24622228983573483,1755,,,,[],0,,False,True,
