experiment_id,design_mode,seed_schema_version,scm_replicate_id,data_replicate_id,parameter_condition_id,target_effect_id,pairing_scope,sample_parent_id,sample_selection_rule,run_status,trial,n_samples,missing_edge_rate,missing_data_rate,missing_data_mechanism,seed,scm_seed,data_seed,cause,effect,same_scc,status,adjustment_set,n_rows_used,estimated_path_coefficient,stderr,residual_variance,t_value,ground_truth_beta,scm_true_missing_edges_count,error,intervention_id,intervention_set_index,intervention_genes,intervention_n_genes,intervention_semantics,target_removed,target_present_in_intervened_graph,recovery_status
csd-20260805_174708,paired_hierarchical,1,0,0,5d0e9ff5482e9c83,aaeR->aaeA,shared_complete_observation_shared_scores,maximum,prefix,complete,0,500,0.6,0.9,biological_error,2151398048,921666314,2151398048,aaeR,aaeA,False,identifiable,crp,500,-0.0042915413869906525,0.06559284837789303,0.16645611162670168,-0.06542697097504069,0.23516256515779693,5636,,,,[],0,,False,True,
csd-20260805_174708,paired_hierarchical,1,0,0,5d0e9ff5482e9c83,aaeR->aaeB,shared_complete_observation_shared_scores,maximum,prefix,complete,0,500,0.6,0.9,biological_error,2151398048,921666314,2151398048,aaeR,aaeB,False,identifiable,crp,500,-0.06663101663804406,0.07606671454532139,0.2238597846476028,-0.8759549697436263,0.15656414042453642,5636,,,,[],0,,False,True,
csd-20260805_174708,paired_hierarchical,1,0,0,5d0e9ff5482e9c83,aaeR->aaeX,shared_complete_observation_shared_scores,maximum,prefix,complete,0,500,0.6,0.9,biological_error,2151398048,921666314,2151398048,aaeR,aaeX,False,identifiable,crp,500,-0.003150098602237254,0.05749093119595232,0.12787494218513157,-0.05479296537223315,0.15119526670554193,5636,,,,[],0,,False,True,
csd-20260805_174708,paired_hierarchical,1,0,0,5d0e9ff5482e9c83,accB->accC,shared_complete_observation_shared_scores,maximum,prefix,complete,0,500,0.6,0.9,biological_error,2151398048,921666314,2151398048,accB,accC,False,identifiable,fadR|rpoD,500,0.014366530714802907,0.06371400426542534,0.21040709018969697,0.22548466197405462,-0.2056964302392778,5636,,,,[],0,,False,True,
csd-20260805_174708,paired_hierarchical,1,0,0,5d0e9ff5482e9c83,marA->ariR,shared_complete_observation_shared_scores,maximum,prefix,complete,0,500,0.6,0.9,biological_error,2151398048,921666314,2151398048,marA,ariR,False,identifiable,acrR|bluR|cpxR|cra|crp|cysB|fis|nac|ompR|rpoD|rpoS|soxS,500,0.0347819684780854,0.031712649576900794,0.15134156603643528,1.0967853188596475,0.14512805282571858,5636,,,,[],0,,False,True,
csd-20260805_174708,paired_hierarchical,1,0,0,5d0e9ff5482e9c83,marA->dctR,shared_complete_observation_shared_scores,maximum,prefix,complete,0,500,0.6,0.9,biological_error,2151398048,921666314,2151398048,marA,dctR,False,identifiable,acrR|cpxR|cra|crp|fis|gadE|gadW|gadX|glaR|hns|nac|ompR|rcsB|rpoD|soxS|ydeO,500,0.03600131527551394,0.04923046768214582,0.36181369078742537,0.731281195782147,-0.13987854243656425,5636,,,,[],0,,False,True,
csd-20260805_174708,paired_hierarchical,1,0,0,5d0e9ff5482e9c83,marA->decR,shared_complete_observation_shared_scores,maximum,prefix,complete,0,500,0.6,0.9,biological_error,2151398048,921666314,2151398048,marA,decR,False,identifiable,acrR|cpxR|cra|crp|fis|nac|ompR|rpoD|soxS,500,0.037840117203463856,0.03959867025266295,0.23733995283915627,0.9555906034728318,0.19331160918969023,5636,,,,[],0,,False,True,
csd-20260805_174708,paired_hierarchical,1,0,0,5d0e9ff5482e9c83,marA->fpr,shared_complete_observation_shared_scores,maximum,prefix,complete,0,500,0.6,0.9,biological_error,2151398048,921666314,2151398048,marA,fpr,False,identifiable,acrR|cpxR|cra|crp|fis|nac|ompR|rpoD|soxS,500,-0.002122601938916464,0.03369346472694661,0.17183079183014496,-0.0629974375184662,0.15630982279419925,5636,,,,[],0,,False,True,
csd-20260805_174708,paired_hierarchical,1,0,0,5d0e9ff5482e9c83,marA->hdeA,shared_complete_observation_shared_scores,maximum,prefix,complete,0,500,0.6,0.9,biological_error,2151398048,921666314,2151398048,marA,hdeA,False,identifiable,acrR|cpxR|cra|crp|fis|fliZ|gadE|gadW|gadX|hns|lrp|nac|ompR|phoP|rcsB|rpoD|rpoS|soxS|torR,500,0.050437802811019686,0.06890697468352773,0.7069280577154785,0.7319694855661235,-0.2140301880380681,5636,,,,[],0,,False,True,
csd-20260805_174708,paired_hierarchical,1,0,0,5d0e9ff5482e9c83,marA->hdeB,shared_complete_observation_shared_scores,maximum,prefix,complete,0,500,0.6,0.9,biological_error,2151398048,921666314,2151398048,marA,hdeB,False,identifiable,acrR|cpxR|cra|crp|fis|fliZ|gadE|gadW|gadX|hns|lrp|nac|ompR|phoP|rcsB|rpoD|rpoS|soxS|torR,500,-0.03996198217217779,0.04028938348672838,0.2416740926772432,-0.9918737571484947,-0.08966623785425477,5636,,,,[],0,,False,True,
csd-20260805_174708,paired_hierarchical,1,0,0,5d0e9ff5482e9c83,marA->lacA,shared_complete_observation_shared_scores,maximum,prefix,complete,0,500,0.6,0.9,biological_error,2151398048,921666314,2151398048,marA,lacA,False,identifiable,acrR|cpxR|cra|crp|fis|hns|lacI|nac|ompR|rpoD|soxS,500,0.037855510437658765,0.03704771169037634,0.20651645200673685,1.0218042818415762,-0.2943329767039848,5636,,,,[],0,,False,True,
csd-20260805_174708,paired_hierarchical,1,0,0,5d0e9ff5482e9c83,marA->lacY,shared_complete_observation_shared_scores,maximum,prefix,complete,0,500,0.6,0.9,biological_error,2151398048,921666314,2151398048,marA,lacY,False,identifiable,acrR|cpxR|cra|crp|fis|hns|lacI|nac|ompR|rpoD|soxS,500,-0.04539018092497822,0.024016625578054812,0.08678723526176599,-1.8899483100762287,-0.23826180393758717,5636,,,,[],0,,False,True,
csd-20260805_174708,paired_hierarchical,1,0,0,5d0e9ff5482e9c83,marA->lacZ,shared_complete_observation_shared_scores,maximum,prefix,complete,0,500,0.6,0.9,biological_error,2151398048,921666314,2151398048,marA,lacZ,False,identifiable,acrR|cpxR|cra|crp|fis|hns|lacI|nac|ompR|rpoD|soxS,500,-0.01984529730988255,0.025453104976608423,0.09747952762783739,-0.7796808023272805,-0.3197320738264102,5636,,,,[],0,,False,True,
csd-20260805_174708,paired_hierarchical,1,0,0,5d0e9ff5482e9c83,marA->mlaB,shared_complete_observation_shared_scores,maximum,prefix,complete,0,500,0.6,0.9,biological_error,2151398048,921666314,2151398048,marA,mlaB,False,identifiable,acrR|cpxR|cra|crp|fis|nac|ompR|rpoD|soxS,500,-0.022457609983163464,0.025365500260231863,0.09738599615464708,-0.8853604207590812,0.1510149779985233,5636,,,,[],0,,False,True,
csd-20260805_174708,paired_hierarchical,1,0,0,5d0e9ff5482e9c83,marA->mlaC,shared_complete_observation_shared_scores,maximum,prefix,complete,0,500,0.6,0.9,biological_error,2151398048,921666314,2151398048,marA,mlaC,False,identifiable,acrR|cpxR|cra|crp|fis|nac|ompR|rpoD|soxS,500,0.04363787472057676,0.04890791418099929,0.3620494816949579,0.8922456713054849,0.342028118759297,5636,,,,[],0,,False,True,
csd-20260805_174708,paired_hierarchical,1,0,0,5d0e9ff5482e9c83,marA->mlaD,shared_complete_observation_shared_scores,maximum,prefix,complete,0,500,0.6,0.9,biological_error,2151398048,921666314,2151398048,marA,mlaD,False,identifiable,acrR|cpxR|cra|crp|fis|nac|ompR|rpoD|soxS,500,-0.04956008037836472,0.025650375528887246,0.09958572799680752,-1.9321385888698026,0.07701837198824926,5636,,,,[],0,,False,True,
csd-20260805_174708,paired_hierarchical,1,0,0,5d0e9ff5482e9c83,marA->mlaE,shared_complete_observation_shared_scores,maximum,prefix,complete,0,500,0.6,0.9,biological_error,2151398048,921666314,2151398048,marA,mlaE,False,identifiable,acrR|cpxR|cra|crp|fis|nac|ompR|rpoD|soxS,500,-0.00997009184823246,0.030632705811965297,0.1420300916561973,-0.3254721247751509,0.22904360195784304,5636,,,,[],0,,False,True,
csd-20260805_174708,paired_hierarchical,1,0,0,5d0e9ff5482e9c83,marA->mlaF,shared_complete_observation_shared_scores,maximum,prefix,complete,0,500,0.6,0.9,biological_error,2151398048,921666314,2151398048,marA,mlaF,False,identifiable,acrR|cpxR|cra|crp|fis|nac|ompR|rpoD|soxS,500,0.0090667838352103,0.026361134766013396,0.1051811342589954,0.3439451266301262,0.11103741863396366,5636,,,,[],0,,False,True,
csd-20260805_174708,paired_hierarchical,1,0,0,5d0e9ff5482e9c83,marA->poxB,shared_complete_observation_shared_scores,maximum,prefix,complete,0,500,0.6,0.9,biological_error,2151398048,921666314,2151398048,marA,poxB,False,identifiable,acrR|cpxR|cra|crp|fis|fnr|nac|narL|narP|nsrR|ompR|oxyR|rpoD|rpoS|soxS,500,0.29697994165345315,0.07105952969483319,0.7437409793709021,4.1793119505411935,0.2562622431082756,5636,,,,[],0,,False,True,
csd-20260805_174708,paired_hierarchical,1,0,0,5d0e9ff5482e9c83,marA->pqiA,shared_complete_observation_shared_scores,maximum,prefix,complete,0,500,0.6,0.9,biological_error,2151398048,921666314,2151398048,marA,pqiA,False,identifiable,acrR|cpxR|cra|crp|fis|nac|ompR|rpoD|rpoS|soxS,500,0.023057966904409595,0.05607330977163912,0.473925212649464,0.41121109130732825,0.0983830856294143,5636,,,,[],0,,False,True,
csd-20260805_174708,paired_hierarchical,1,0,0,5d0e9ff5482e9c83,marA->pqiB,shared_complete_observation_shared_scores,maximum,prefix,complete,0,500,0.6,0.9,biological_error,2151398048,921666314,2151398048,marA,pqiB,False,identifiable,acrR|cpxR|cra|crp|fis|nac|ompR|rpoD|rpoS|soxS,500,0.011732303728033222,0.08238309828429169,1.0229953808221315,0.14241153795341377,0.6401531617459061,5636,,,,[],0,,False,True,
csd-20260805_174708,paired_hierarchical,1,0,0,5d0e9ff5482e9c83,marA->pqiC,shared_complete_observation_shared_scores,maximum,prefix,complete,0,500,0.6,0.9,biological_error,2151398048,921666314,2151398048,marA,pqiC,False,identifiable,acrR|cpxR|cra|crp|fis|nac|ompR|rpoD|rpoS|soxS,500,0.01890609948800617,0.03709792163319453,0.20744195164684937,0.5096269185896749,0.2645945515196673,5636,,,,[],0,,False,True,
csd-20260805_174708,paired_hierarchical,1,0,0,5d0e9ff5482e9c83,marA->purA,shared_complete_observation_shared_scores,maximum,prefix,complete,0,500,0.6,0.9,biological_error,2151398048,921666314,2151398048,marA,purA,False,identifiable,acrR|cpxR|cra|crp|fis|gadE|nac|ompR|purR|rpoD|soxS,500,-0.0942899689124643,0.04589961085222385,0.30456783237181095,-2.054265105123346,-0.28799628570053604,5636,,,,[],0,,False,True,
csd-20260805_174708,paired_hierarchical,1,0,0,5d0e9ff5482e9c83,marA->putA,shared_complete_observation_shared_scores,maximum,prefix,complete,0,500,0.6,0.9,biological_error,2151398048,921666314,2151398048,marA,putA,False,identifiable,acrR|arcA|basR|cpxR|cra|crp|fis|nac|ompR|rpoD|soxS|yeiE,500,0.06085884951046395,0.029557447947632532,0.13161088897932907,2.0590021715774878,0.3067819841371434,5636,,,,[],0,,False,True,
csd-20260805_174708,paired_hierarchical,1,0,0,5d0e9ff5482e9c83,marA->slp,shared_complete_observation_shared_scores,maximum,prefix,complete,0,500,0.6,0.9,biological_error,2151398048,921666314,2151398048,marA,slp,False,identifiable,acrR|cpxR|cra|crp|fis|gadE|gadW|gadX|hns|nac|ompR|rcsB|rpoD|soxS|torR|ydeO,500,-0.009957841604395674,0.05864214980077842,0.5149796583148559,-0.16980689893233575,-0.25118263174141237,5636,,,,[],0,,False,True,
csd-20260805_174708,paired_hierarchical,1,0,0,5d0e9ff5482e9c83,marA->waaY,shared_complete_observation_shared_scores,maximum,prefix,complete,0,500,0.6,0.9,biological_error,2151398048,921666314,2151398048,marA,waaY,False,identifiable,acrR|cpxR|cra|crp|fis|nac|ompR|rpoD|soxS,500,0.0692088023631555,0.04920774889595635,0.36650224801956643,1.4064614601551655,0.44001167417696946,5636,,,,[],0,,False,True,
csd-20260805_174708,paired_hierarchical,1,0,0,5d0e9ff5482e9c83,marA->waaZ,shared_complete_observation_shared_scores,maximum,prefix,complete,0,500,0.6,0.9,biological_error,2151398048,921666314,2151398048,marA,waaZ,False,identifiable,acrR|cpxR|cra|crp|fis|nac|ompR|rpoD|soxS,500,0.036106262162150654,0.051043483618301945,0.3943576410329459,0.7073628130899071,0.5128358519964242,5636,,,,[],0,,False,True,
csd-20260805_174708,paired_hierarchical,1,0,0,5d0e9ff5482e9c83,marA->xseA,shared_complete_observation_shared_scores,maximum,prefix,complete,0,500,0.6,0.9,biological_error,2151398048,921666314,2151398048,marA,xseA,False,identifiable,acrR|cpxR|cra|crp|fis|nac|ompR|rpoD|soxS,500,0.03325282034307585,0.03502530296911291,0.1856835576002889,0.9493942242955007,0.11110778632093929,5636,,,,[],0,,False,True,
csd-20260805_174708,paired_hierarchical,1,0,0,5d0e9ff5482e9c83,marA->ycgZ,shared_complete_observation_shared_scores,maximum,prefix,complete,0,500,0.6,0.9,biological_error,2151398048,921666314,2151398048,marA,ycgZ,False,identifiable,acrR|bluR|cpxR|cra|crp|fis|nac|ompR|rpoD|rpoS|soxS,500,-0.005626730652007734,0.037692873760696244,0.21405195691261528,-0.14927836725134327,0.20398769135892247,5636,,,,[],0,,False,True,
csd-20260805_174708,paired_hierarchical,1,0,0,5d0e9ff5482e9c83,marA->yhiD,shared_complete_observation_shared_scores,maximum,prefix,complete,0,500,0.6,0.9,biological_error,2151398048,921666314,2151398048,marA,yhiD,False,identifiable,acrR|cpxR|cra|crp|fis|fliZ|gadE|gadW|gadX|hns|lrp|nac|ompR|phoP|rcsB|rpoD|rpoS|soxS|torR,500,-0.06446824157823344,0.06680302292134248,0.6644175321349064,-0.9650497651003288,-0.27129393976912725,5636,,,,[],0,,False,True,
csd-20260805_174708,paired_hierarchical,1,0,0,5d0e9ff5482e9c83,marA->ymgA,shared_complete_observation_shared_scores,maximum,prefix,complete,0,500,0.6,0.9,biological_error,2151398048,921666314,2151398048,marA,ymgA,False,identifiable,acrR|bluR|cpxR|cra|crp|fis|nac|ompR|rpoD|rpoS|soxS,500,-0.009146258247069175,0.052459989342531654,0.41462654109095165,-0.1743473142426641,0.16492668487320009,5636,,,,[],0,,False,True,
csd-20260805_174708,paired_hierarchical,1,0,0,5d0e9ff5482e9c83,marA->ymgC,shared_complete_observation_shared_scores,maximum,prefix,complete,0,500,0.6,0.9,biological_error,2151398048,921666314,2151398048,marA,ymgC,False,identifiable,acrR|bluR|cpxR|cra|crp|fis|nac|ompR|rpoD|rpoS|soxS,500,-0.029717347962323556,0.03383874552652266,0.17251593312799152,-0.8782047768003465,0.06432190549276444,5636,,,,[],0,,False,True,
csd-20260805_174708,paired_hierarchical,1,0,0,5d0e9ff5482e9c83,marA->yncE,shared_complete_observation_shared_scores,maximum,prefix,complete,0,500,0.6,0.9,biological_error,2151398048,921666314,2151398048,marA,yncE,False,identifiable,acrR|arcA|cpxR|cra|crp|fis|nac|ompR|rpoD|soxS,500,-0.026103932534195958,0.033957097808863815,0.17374529063604965,-0.7687327309633055,0.06220172559157686,5636,,,,[],0,,False,True,
csd-20260805_174708,paired_hierarchical,1,0,0,5d0e9ff5482e9c83,soxS->fldA,shared_complete_observation_shared_scores,maximum,prefix,complete,0,500,0.6,0.9,biological_error,2151398048,921666314,2151398048,soxS,fldA,False,identifiable,alpA|basR|btsR|glaR|glrR|nsrR|ptrR|rcdA,500,0.10962049413682742,0.0451959322125133,0.15447372952217112,2.4254504503057253,0.272299755554354,5636,,,,[],0,,False,True,
csd-20260805_174708,paired_hierarchical,1,0,0,5d0e9ff5482e9c83,soxS->nepI,shared_complete_observation_shared_scores,maximum,prefix,complete,0,500,0.6,0.9,biological_error,2151398048,921666314,2151398048,soxS,nepI,False,identifiable,alpA|basR|btsR|glaR|glrR|nsrR|ptrR|rcdA,500,-0.04071701687285173,0.04079185309144546,0.1258353914933368,-0.9981654126272232,0.09588840152490072,5636,,,,[],0,,False,True,
csd-20260805_174708,paired_hierarchical,1,0,0,5d0e9ff5482e9c83,ada->aidB,shared_complete_observation_shared_scores,maximum,prefix,complete,0,500,0.6,0.9,biological_error,2151398048,921666314,2151398048,ada,aidB,False,identifiable,lrp|rpoD|rpoS,500,0.28682873968882133,0.0866739390937592,0.5395277237441478,3.309284690275187,0.19615490658496176,5636,,,,[],0,,False,True,
csd-20260805_174708,paired_hierarchical,1,0,0,5d0e9ff5482e9c83,ada->alkA,shared_complete_observation_shared_scores,maximum,prefix,complete,0,500,0.6,0.9,biological_error,2151398048,921666314,2151398048,ada,alkA,False,identifiable,rpoD|rpoS,500,0.08088903781298552,0.07238903060205978,0.37729693083385346,1.117421205122256,0.2991610563518812,5636,,,,[],0,,False,True,
csd-20260805_174708,paired_hierarchical,1,0,0,5d0e9ff5482e9c83,ada->alkB,shared_complete_observation_shared_scores,maximum,prefix,complete,0,500,0.6,0.9,biological_error,2151398048,921666314,2151398048,ada,alkB,False,identifiable,rpoD|rpoS,500,0.18952542882640044,0.07212872537496508,0.3745883496993005,2.6275998617907397,0.11083930850387975,5636,,,,[],0,,False,True,
csd-20260805_174708,paired_hierarchical,1,0,0,5d0e9ff5482e9c83,agaR->agaB,shared_complete_observation_shared_scores,maximum,prefix,complete,0,500,0.6,0.9,biological_error,2151398048,921666314,2151398048,agaR,agaB,False,identifiable,rpoD,500,-0.02257640889573757,0.09531165783085338,0.35929436741213994,-0.2368693338206667,-0.09002226355549661,5636,,,,[],0,,False,True,
csd-20260805_174708,paired_hierarchical,1,0,0,5d0e9ff5482e9c83,agaR->agaC,shared_complete_observation_shared_scores,maximum,prefix,complete,0,500,0.6,0.9,biological_error,2151398048,921666314,2151398048,agaR,agaC,False,identifiable,rpoD,500,-0.02799563709476929,0.06489515405956778,0.1665646732443047,-0.4313979603018104,-0.2067974772412323,5636,,,,[],0,,False,True,
csd-20260805_174708,paired_hierarchical,1,0,0,5d0e9ff5482e9c83,agaR->agaD,shared_complete_observation_shared_scores,maximum,prefix,complete,0,500,0.6,0.9,biological_error,2151398048,921666314,2151398048,agaR,agaD,False,identifiable,rpoD,500,0.06435617079453114,0.048218555995365474,0.09195741669769127,1.3346764428349271,-0.11875367520515279,5636,,,,[],0,,False,True,
csd-20260805_174708,paired_hierarchical,1,0,0,5d0e9ff5482e9c83,agaR->agaI,shared_complete_observation_shared_scores,maximum,prefix,complete,0,500,0.6,0.9,biological_error,2151398048,921666314,2151398048,agaR,agaI,False,identifiable,rpoD,500,-0.07447525428402388,0.06106389243705538,0.14747803090785577,-1.2196283484678432,-0.14043067931074468,5636,,,,[],0,,False,True,
csd-20260805_174708,paired_hierarchical,1,0,0,5d0e9ff5482e9c83,agaR->agaS,shared_complete_observation_shared_scores,maximum,prefix,complete,0,500,0.6,0.9,biological_error,2151398048,921666314,2151398048,agaR,agaS,False,identifiable,rpoD,500,0.046049450216331944,0.10587847632205169,0.44337757861066507,0.43492739805078834,-0.26612482870232346,5636,,,,[],0,,False,True,
csd-20260805_174708,paired_hierarchical,1,0,0,5d0e9ff5482e9c83,agaR->agaV,shared_complete_observation_shared_scores,maximum,prefix,complete,0,500,0.6,0.9,biological_error,2151398048,921666314,2151398048,agaR,agaV,False,identifiable,crp|rpoD,500,0.06227271257282618,0.04520749637091662,0.08068285876564464,1.3774864253019805,-0.13835753014378036,5636,,,,[],0,,False,True,
csd-20260805_174708,paired_hierarchical,1,0,0,5d0e9ff5482e9c83,agaR->agaW,shared_complete_observation_shared_scores,maximum,prefix,complete,0,500,0.6,0.9,biological_error,2151398048,921666314,2151398048,agaR,agaW,False,identifiable,crp|rpoD,500,0.04291351225336081,0.05549285130999807,0.12157224757504351,0.7733160441447553,-0.4915718247649058,5636,,,,[],0,,False,True,
csd-20260805_174708,paired_hierarchical,1,0,0,5d0e9ff5482e9c83,agaR->kbaY,shared_complete_observation_shared_scores,maximum,prefix,complete,0,500,0.6,0.9,biological_error,2151398048,921666314,2151398048,agaR,kbaY,False,identifiable,nac|rpoD,500,-0.03389267268026149,0.09122142409711062,0.32730841584375886,-0.3715429025113742,-0.16517985054389117,5636,,,,[],0,,False,True,
csd-20260805_174708,paired_hierarchical,1,0,0,5d0e9ff5482e9c83,agaR->kbaZ,shared_complete_observation_shared_scores,maximum,prefix,complete,0,500,0.6,0.9,biological_error,2151398048,921666314,2151398048,agaR,kbaZ,False,identifiable,crp|rpoD,500,-0.045690694399810286,0.08167687435786938,0.26336531907254973,-0.5594079690123217,-0.2602626250220087,5636,,,,[],0,,False,True,
csd-20260805_174708,paired_hierarchical,1,0,0,5d0e9ff5482e9c83,allR->allA,shared_complete_observation_shared_scores,maximum,prefix,complete,0,500,0.6,0.9,biological_error,2151398048,921666314,2151398048,allR,allA,False,identifiable,nac,500,0.03768100519290974,0.036254481137765714,0.12279328777797033,1.0393475236819218,-0.18121400568143342,5636,,,,[],0,,False,True,
csd-20260805_174708,paired_hierarchical,1,0,0,5d0e9ff5482e9c83,allR->allB,shared_complete_observation_shared_scores,maximum,prefix,complete,0,500,0.6,0.9,biological_error,2151398048,921666314,2151398048,allR,allB,False,identifiable,nac|rpoD,500,-0.017508485340134196,0.037242356440374456,0.12954484325299043,-0.4701229195355973,-0.11207157413988388,5636,,,,[],0,,False,True,
csd-20260805_174708,paired_hierarchical,1,0,0,5d0e9ff5482e9c83,allR->allS,shared_complete_observation_shared_scores,maximum,prefix,complete,0,500,0.6,0.9,biological_error,2151398048,921666314,2151398048,allR,allS,False,identifiable,nac,500,-0.02549299016388483,0.040710665996423166,0.15483447076740556,-0.6261992905280557,-0.24041732761780363,5636,,,,[],0,,False,True,
csd-20260805_174708,paired_hierarchical,1,0,0,5d0e9ff5482e9c83,allR->allW,shared_complete_observation_shared_scores,maximum,prefix,complete,0,500,0.6,0.9,biological_error,2151398048,921666314,2151398048,allR,allW,False,identifiable,nac|rpoD,500,0.0031429984918489263,0.05702823642716285,0.30375658950124984,0.05511302275431929,-0.1182660770116961,5636,,,,[],0,,False,True,
csd-20260805_174708,paired_hierarchical,1,0,0,5d0e9ff5482e9c83,allR->gcl,shared_complete_observation_shared_scores,maximum,prefix,complete,0,500,0.6,0.9,biological_error,2151398048,921666314,2151398048,allR,gcl,False,identifiable,nac|rpoD,500,0.01322244817981595,0.05321006674199895,0.26444382632729463,0.24849523763854653,-0.19658594131561966,5636,,,,[],0,,False,True,
csd-20260805_174708,paired_hierarchical,1,0,0,5d0e9ff5482e9c83,allR->glxK,shared_complete_observation_shared_scores,maximum,prefix,complete,0,500,0.6,0.9,biological_error,2151398048,921666314,2151398048,allR,glxK,False,identifiable,nac|rpoD,500,-0.04762304144276917,0.04402195285708923,0.18100244187512746,-1.0818021089925371,-0.11066398066847725,5636,,,,[],0,,False,True,
csd-20260805_174708,paired_hierarchical,1,0,0,5d0e9ff5482e9c83,allR->glxR,shared_complete_observation_shared_scores,maximum,prefix,complete,0,500,0.6,0.9,biological_error,2151398048,921666314,2151398048,allR,glxR,False,identifiable,nac|rpoD,500,0.056863893151115306,0.04249756672363689,0.168684024524915,1.3380505646571044,-0.22376155298015812,5636,,,,[],0,,False,True,
csd-20260805_174708,paired_hierarchical,1,0,0,5d0e9ff5482e9c83,allR->hyi,shared_complete_observation_shared_scores,maximum,prefix,complete,0,500,0.6,0.9,biological_error,2151398048,921666314,2151398048,allR,hyi,False,identifiable,nac|rpoD,500,-0.02776515132054716,0.04667421854977443,0.20346978961834508,-0.5948712626208789,-0.33752017906606874,5636,,,,[],0,,False,True,
csd-20260805_174708,paired_hierarchical,1,0,0,5d0e9ff5482e9c83,allR->ybbY,shared_complete_observation_shared_scores,maximum,prefix,complete,0,500,0.6,0.9,biological_error,2151398048,921666314,2151398048,allR,ybbY,False,identifiable,nac|rpoD,500,0.05999246646167969,0.0771113962091329,0.5553706934236011,0.7779974090856147,-0.18672786466363575,5636,,,,[],0,,False,True,
csd-20260805_174708,paired_hierarchical,1,0,0,5d0e9ff5482e9c83,allS->allC,shared_complete_observation_shared_scores,maximum,prefix,complete,0,500,0.6,0.9,biological_error,2151398048,921666314,2151398048,allS,allC,False,identifiable,allR|rpoD,500,0.010269062045534487,0.034266725852257984,0.09172695442780122,0.29968028138462527,0.19520385666489434,5636,,,,[],0,,False,True,
csd-20260805_174708,paired_hierarchical,1,0,0,5d0e9ff5482e9c83,allS->allD,shared_complete_observation_shared_scores,maximum,prefix,complete,0,500,0.6,0.9,biological_error,2151398048,921666314,2151398048,allS,allD,False,identifiable,allR|rpoD,500,-0.1343031156687286,0.058616201166737956,0.26840283079258925,-2.291228585194285,0.11462369642106694,5636,,,,[],0,,False,True,
csd-20260805_174708,paired_hierarchical,1,0,0,5d0e9ff5482e9c83,allS->allE,shared_complete_observation_shared_scores,maximum,prefix,complete,0,500,0.6,0.9,biological_error,2151398048,921666314,2151398048,allS,allE,False,identifiable,allR|rpoD,500,0.015704081096768525,0.05698693815431866,0.25368944643643193,0.2755733437413748,0.18214915016694677,5636,,,,[],0,,False,True,
csd-20260805_174708,paired_hierarchical,1,0,0,5d0e9ff5482e9c83,alpA->intA,shared_complete_observation_shared_scores,maximum,prefix,complete,0,500,0.6,0.9,biological_error,2151398048,921666314,2151398048,alpA,intA,False,identifiable,,500,0.07017044488064278,0.06119994406228665,0.1638521058131107,1.1465769447309682,0.26409947504322273,5636,,,,[],0,,False,True,
csd-20260805_174708,paired_hierarchical,1,0,0,5d0e9ff5482e9c83,alpA->phoB,shared_complete_observation_shared_scores,maximum,prefix,complete,0,500,0.6,0.9,biological_error,2151398048,921666314,2151398048,alpA,phoB,False,identifiable,basR|btsR|glaR|glrR|nsrR|ptrR|rcdA,500,0.0014605573212259013,0.0807142865285316,0.2802383143418147,0.018095400257420482,-0.348821642797693,5636,,,,[],0,,False,True,
csd-20260805_174708,paired_hierarchical,1,0,0,5d0e9ff5482e9c83,alpA->phoR,shared_complete_observation_shared_scores,maximum,prefix,complete,0,500,0.6,0.9,biological_error,2151398048,921666314,2151398048,alpA,phoR,False,identifiable,basR|btsR|glaR|glrR|nsrR|ptrR|rcdA,500,-0.078080718575761,0.05920351120986321,0.15077231959727344,-1.3188528345722994,-0.48464326639435307,5636,,,,[],0,,False,True,
csd-20260805_174708,paired_hierarchical,1,0,0,5d0e9ff5482e9c83,phoB->mipA,shared_complete_observation_shared_scores,maximum,prefix,complete,0,500,0.6,0.9,biological_error,2151398048,921666314,2151398048,phoB,mipA,False,identifiable,alpA|basR|btsR|glaR|glrR|nsrR|ptrR|rcdA,500,-0.016012441472058343,0.03499292838266592,0.16848823466043145,-0.45759078225617317,0.24681640815933803,5636,,,,[],0,,False,True,
csd-20260805_174708,paired_hierarchical,1,0,0,5d0e9ff5482e9c83,phoB->rspR,shared_complete_observation_shared_scores,maximum,prefix,complete,0,500,0.6,0.9,biological_error,2151398048,921666314,2151398048,phoB,rspR,False,identifiable,alpA|basR|btsR|glaR|glrR|nsrR|ptrR|rcdA,500,-0.012912552974343836,0.02678057812020494,0.0986844898021102,-0.4821610988525225,0.34917741824796694,5636,,,,[],0,,False,True,
csd-20260805_174708,paired_hierarchical,1,0,0,5d0e9ff5482e9c83,alsR->alsA,shared_complete_observation_shared_scores,maximum,prefix,complete,0,500,0.6,0.9,biological_error,2151398048,921666314,2151398048,alsR,alsA,False,identifiable,rpoD,500,0.12944811983324941,0.10229494768017679,0.5363920973261178,1.265440012130086,-0.20563665230358555,5636,,,,[],0,,False,True,
csd-20260805_174708,paired_hierarchical,1,0,0,5d0e9ff5482e9c83,alsR->alsB,shared_complete_observation_shared_scores,maximum,prefix,complete,0,500,0.6,0.9,biological_error,2151398048,921666314,2151398048,alsR,alsB,False,identifiable,rpoD,500,-0.01897598205760342,0.055062715267720524,0.15541368171987918,-0.3446248875548593,-0.08058253201626259,5636,,,,[],0,,False,True,
csd-20260805_174708,paired_hierarchical,1,0,0,5d0e9ff5482e9c83,alsR->alsC,shared_complete_observation_shared_scores,maximum,prefix,complete,0,500,0.6,0.9,biological_error,2151398048,921666314,2151398048,alsR,alsC,False,identifiable,rpoD,500,-0.0427627878315573,0.07678554844199062,0.30222680693432896,-0.556911928080626,-0.12541483898410102,5636,,,,[],0,,False,True,
csd-20260805_174708,paired_hierarchical,1,0,0,5d0e9ff5482e9c83,alsR->alsE,shared_complete_observation_shared_scores,maximum,prefix,complete,0,500,0.6,0.9,biological_error,2151398048,921666314,2151398048,alsR,alsE,False,identifiable,rpoD,500,0.12132905801948378,0.09502622804862147,0.46287207779020284,1.2767954754281534,-0.17730638437038562,5636,,,,[],0,,False,True,
csd-20260805_174708,paired_hierarchical,1,0,0,5d0e9ff5482e9c83,alsR->rpiB,shared_complete_observation_shared_scores,maximum,prefix,complete,0,500,0.6,0.9,biological_error,2151398048,921666314,2151398048,alsR,rpiB,False,identifiable,glaR|lrp|rpoD,500,-0.03808857385545739,0.04905168771546719,0.12232697895691098,-0.7764987430482874,-0.21120940486899678,5636,,,,[],0,,False,True,
csd-20260805_174708,paired_hierarchical,1,0,0,5d0e9ff5482e9c83,ameF->mazE,shared_complete_observation_shared_scores,maximum,prefix,complete,0,500,0.6,0.9,biological_error,2151398048,921666314,2151398048,ameF,mazE,False,identifiable,crp|fis|hipA|hipB|hns|rpoD,500,0.14280060408016976,0.07900054428015771,0.34670455153449703,1.8075901296801127,0.2363697717910528,5636,,,,[],0,,False,True,
csd-20260805_174708,paired_hierarchical,1,0,0,5d0e9ff5482e9c83,ameF->mazF,shared_complete_observation_shared_scores,maximum,prefix,complete,0,500,0.6,0.9,biological_error,2151398048,921666314,2151398048,ameF,mazF,False,identifiable,crp|fis|hipA|hipB|hns|rpoD,500,-0.009981234295037077,0.050387256878866006,0.14103951557837377,-0.19809044812724305,0.19202040148866453,5636,,,,[],0,,False,True,
csd-20260805_174708,paired_hierarchical,1,0,0,5d0e9ff5482e9c83,appY->appA,shared_complete_observation_shared_scores,maximum,prefix,complete,0,500,0.6,0.9,biological_error,2151398048,921666314,2151398048,appY,appA,False,identifiable,arcA|dpiA|hns|rpoD|rpoS|ydeO,500,0.015379242009006814,0.07661767912823995,0.9875442292271503,0.20072706696408257,0.2859094875952048,5636,,,,[],0,,False,True,
csd-20260805_174708,paired_hierarchical,1,0,0,5d0e9ff5482e9c83,appY->appB,shared_complete_observation_shared_scores,maximum,prefix,complete,0,500,0.6,0.9,biological_error,2151398048,921666314,2151398048,appY,appB,False,identifiable,arcA|dpiA|hns|rpoD|rpoS|ydeO,500,0.12887430743922207,0.03483070402019739,0.2040906347198456,3.700020170838101,0.26110930552683104,5636,,,,[],0,,False,True,
csd-20260805_174708,paired_hierarchical,1,0,0,5d0e9ff5482e9c83,appY->appC,shared_complete_observation_shared_scores,maximum,prefix,complete,0,500,0.6,0.9,biological_error,2151398048,921666314,2151398048,appY,appC,False,identifiable,arcA|cpxR|dpiA|hns|rpoD|rpoS|ydeO,500,0.05644067813241056,0.03764463347251594,0.2376550926230701,1.4993021030107112,0.325172522043173,5636,,,,[],0,,False,True,
csd-20260805_174708,paired_hierarchical,1,0,0,5d0e9ff5482e9c83,appY->appX,shared_complete_observation_shared_scores,maximum,prefix,complete,0,500,0.6,0.9,biological_error,2151398048,921666314,2151398048,appY,appX,False,identifiable,arcA|dpiA|hns|rpoD|rpoS|ydeO,500,0.07266881650942178,0.05435409666800718,0.49700772110462876,1.3369519680049184,0.4081532989314864,5636,,,,[],0,,False,True,
csd-20260805_174708,paired_hierarchical,1,0,0,5d0e9ff5482e9c83,appY->hyaA,shared_complete_observation_shared_scores,maximum,prefix,complete,0,500,0.6,0.9,biological_error,2151398048,921666314,2151398048,appY,hyaA,False,identifiable,arcA|dpiA|fis|hns|iscR|narL|narP|rpoD|rpoS|ydeO,500,0.06750206497445985,0.04235944794133612,0.30013831462375506,1.5935539355457111,0.23767593529103195,5636,,,,[],0,,False,True,
csd-20260805_174708,paired_hierarchical,1,0,0,5d0e9ff5482e9c83,appY->hyaB,shared_complete_observation_shared_scores,maximum,prefix,complete,0,500,0.6,0.9,biological_error,2151398048,921666314,2151398048,appY,hyaB,False,identifiable,arcA|dpiA|fis|hns|iscR|narL|narP|rpoD|rpoS|ydeO,500,0.030094382820237082,0.03620738023280882,0.21928809875791253,0.8311670887740028,0.20667123050229802,5636,,,,[],0,,False,True,
csd-20260805_174708,paired_hierarchical,1,0,0,5d0e9ff5482e9c83,appY->hyaC,shared_complete_observation_shared_scores,maximum,prefix,complete,0,500,0.6,0.9,biological_error,2151398048,921666314,2151398048,appY,hyaC,False,identifiable,arcA|dpiA|fis|hns|iscR|narL|narP|rpoD|rpoS|ydeO,500,0.015208195733168912,0.033309965513612094,0.18559626100932497,0.45656594051273014,0.2076006560449596,5636,,,,[],0,,False,True,
csd-20260805_174708,paired_hierarchical,1,0,0,5d0e9ff5482e9c83,appY->hyaD,shared_complete_observation_shared_scores,maximum,prefix,complete,0,500,0.6,0.9,biological_error,2151398048,921666314,2151398048,appY,hyaD,False,identifiable,arcA|dpiA|fis|hns|iscR|narL|narP|rpoD|rpoS|ydeO,500,0.09537562931785759,0.07758602544466212,1.006903535250585,1.2292887639396328,0.2273588517237226,5636,,,,[],0,,False,True,
csd-20260805_174708,paired_hierarchical,1,0,0,5d0e9ff5482e9c83,appY->hyaE,shared_complete_observation_shared_scores,maximum,prefix,complete,0,500,0.6,0.9,biological_error,2151398048,921666314,2151398048,appY,hyaE,False,identifiable,arcA|dpiA|fis|hns|iscR|narL|narP|rpoD|rpoS|ydeO,500,0.05712565872823253,0.042733687154843915,0.3054650935522396,1.3367828177624796,0.29039091964218866,5636,,,,[],0,,False,True,
csd-20260805_174708,paired_hierarchical,1,0,0,5d0e9ff5482e9c83,appY->hyaF,shared_complete_observation_shared_scores,maximum,prefix,complete,0,500,0.6,0.9,biological_error,2151398048,921666314,2151398048,appY,hyaF,False,identifiable,arcA|dpiA|fis|hns|iscR|narL|narP|rpoD|rpoS|ydeO,500,0.04132768887054816,0.04255110364934664,0.30286041588622836,0.9712483420199781,0.1748561396354968,5636,,,,[],0,,False,True,
csd-20260805_174708,paired_hierarchical,1,0,0,5d0e9ff5482e9c83,araC->araA,shared_complete_observation_shared_scores,maximum,prefix,complete,0,500,0.6,0.9,biological_error,2151398048,921666314,2151398048,araC,araA,False,identifiable,crp|rpoD|xylR,500,0.05805851867702926,0.04706564378253654,0.20947862528304861,1.2335647408815764,-0.4709763890477094,5636,,,,[],0,,False,True,
csd-20260805_174708,paired_hierarchical,1,0,0,5d0e9ff5482e9c83,araC->araB,shared_complete_observation_shared_scores,maximum,prefix,complete,0,500,0.6,0.9,biological_error,2151398048,921666314,2151398048,araC,araB,False,identifiable,crp|fur|rpoD|xylR,500,0.09539424311761721,0.057833764965678644,0.31624759262008306,1.6494558701863655,0.5245709367928159,5636,,,,[],0,,False,True,
csd-20260805_174708,paired_hierarchical,1,0,0,5d0e9ff5482e9c83,araC->araD,shared_complete_observation_shared_scores,maximum,prefix,complete,0,500,0.6,0.9,biological_error,2151398048,921666314,2151398048,araC,araD,False,identifiable,crp|rpoD|xylR,500,0.02360263527147056,0.054005120653774115,0.27580465347787997,0.4370443947859434,-0.12089391825530023,5636,,,,[],0,,False,True,
csd-20260805_174708,paired_hierarchical,1,0,0,5d0e9ff5482e9c83,araC->araE,shared_complete_observation_shared_scores,maximum,prefix,complete,0,500,0.6,0.9,biological_error,2151398048,921666314,2151398048,araC,araE,False,identifiable,crp|nac|rpoD|xylR,500,0.1279051238857123,0.06469092221892044,0.3956824666715852,1.9771726773791969,0.3131889061245187,5636,,,,[],0,,False,True,
csd-20260805_174708,paired_hierarchical,1,0,0,5d0e9ff5482e9c83,araC->araF,shared_complete_observation_shared_scores,maximum,prefix,complete,0,500,0.6,0.9,biological_error,2151398048,921666314,2151398048,araC,araF,False,identifiable,crp|nac|rpoD|rpoS|spf|xylR,500,0.013687818263220318,0.055420708280664734,0.28901071695499614,0.2469802116909384,0.10946959651071081,5636,,,,[],0,,False,True,
csd-20260805_174708,paired_hierarchical,1,0,0,5d0e9ff5482e9c83,araC->araG,shared_complete_observation_shared_scores,maximum,prefix,complete,0,500,0.6,0.9,biological_error,2151398048,921666314,2151398048,araC,araG,False,identifiable,crp|rpoD|rpoS|xylR,500,-0.029623002454504613,0.06651571406914208,0.41640426987154144,-0.4453534457092643,0.342865936698906,5636,,,,[],0,,False,True,
csd-20260805_174708,paired_hierarchical,1,0,0,5d0e9ff5482e9c83,araC->araH,shared_complete_observation_shared_scores,maximum,prefix,complete,0,500,0.6,0.9,biological_error,2151398048,921666314,2151398048,araC,araH,False,identifiable,crp|rpoD|rpoS|xylR,500,0.12238020772305647,0.06274072267399161,0.37048078845293125,1.950570578521367,0.23319084339680418,5636,,,,[],0,,False,True,
csd-20260805_174708,paired_hierarchical,1,0,0,5d0e9ff5482e9c83,araC->araJ,shared_complete_observation_shared_scores,maximum,prefix,complete,0,500,0.6,0.9,biological_error,2151398048,921666314,2151398048,araC,araJ,False,identifiable,crp|rpoD|xylR,500,0.0016693378903197276,0.045266177696106295,0.19376679506540848,0.03687826044263774,0.22291387438529045,5636,,,,[],0,,False,True,
csd-20260805_174708,paired_hierarchical,1,0,0,5d0e9ff5482e9c83,araC->xylA,shared_complete_observation_shared_scores,maximum,prefix,complete,0,500,0.6,0.9,biological_error,2151398048,921666314,2151398048,araC,xylA,False,identifiable,crp|rpoD|xylR,500,-0.02885160643148116,0.04536841048348519,0.19464302054116295,-0.6359404291226733,-0.1482260752093679,5636,,,,[],0,,False,True,
csd-20260805_174708,paired_hierarchical,1,0,0,5d0e9ff5482e9c83,araC->xylB,shared_complete_observation_shared_scores,maximum,prefix,complete,0,500,0.6,0.9,biological_error,2151398048,921666314,2151398048,araC,xylB,False,identifiable,crp|rpoD|xylR,500,-0.049051181768165864,0.04527448693650351,0.19383793880836192,-1.0834177278907453,-0.10004076328713664,5636,,,,[],0,,False,True,
csd-20260805_174708,paired_hierarchical,1,0,0,5d0e9ff5482e9c83,araC->ydeM,shared_complete_observation_shared_scores,maximum,prefix,complete,0,500,0.6,0.9,biological_error,2151398048,921666314,2151398048,araC,ydeM,False,identifiable,crp|gadX|nagC|rpoD|xylR,500,-0.0473289273717719,0.07154551233088453,0.48269708269134515,-0.6615219575601683,-0.0937945405143596,5636,,,,[],0,,False,True,
csd-20260805_174708,paired_hierarchical,1,0,0,5d0e9ff5482e9c83,araC->ydeN,shared_complete_observation_shared_scores,maximum,prefix,complete,0,500,0.6,0.9,biological_error,2151398048,921666314,2151398048,araC,ydeN,False,identifiable,crp|gadX|lrp|nagC|rpoD|xylR,500,0.08084147881919701,0.0387689013362622,0.14167229196834524,2.0852145929547543,-0.19745691024245535,5636,,,,[],0,,False,True,
csd-20260805_174708,paired_hierarchical,1,0,0,5d0e9ff5482e9c83,araC->ygeA,shared_complete_observation_shared_scores,maximum,prefix,complete,0,500,0.6,0.9,biological_error,2151398048,921666314,2151398048,araC,ygeA,False,identifiable,crp|rpoD|xylR,500,0.1126974817413494,0.04621325040293233,0.20195971046020403,2.4386400168510654,0.28530562683546584,5636,,,,[],0,,False,True,
csd-20260805_174708,paired_hierarchical,1,0,0,5d0e9ff5482e9c83,araC->yjfF,shared_complete_observation_shared_scores,maximum,prefix,complete,0,500,0.6,0.9,biological_error,2151398048,921666314,2151398048,araC,yjfF,False,identifiable,crp|rpoD|xylR,500,0.006730343310624022,0.0317350708926385,0.09523808489257803,0.21207903815287338,-0.1294079841960869,5636,,,,[],0,,False,True,
csd-20260805_174708,paired_hierarchical,1,0,0,5d0e9ff5482e9c83,araC->ytfQ,shared_complete_observation_shared_scores,maximum,prefix,complete,0,500,0.6,0.9,biological_error,2151398048,921666314,2151398048,araC,ytfQ,False,identifiable,crp|rpoD|xylR,500,0.020927356384142712,0.0663923598261143,0.4168385905707561,0.31520729853484275,-0.18640729402478273,5636,,,,[],0,,False,True,
csd-20260805_174708,paired_hierarchical,1,0,0,5d0e9ff5482e9c83,araC->ytfR,shared_complete_observation_shared_scores,maximum,prefix,complete,0,500,0.6,0.9,biological_error,2151398048,921666314,2151398048,araC,ytfR,False,identifiable,crp|rpoD|xylR,500,-0.08758300681773847,0.03359763834247297,0.10674541005431198,-2.606820334363176,-0.27102087122290863,5636,,,,[],0,,False,True,
csd-20260805_174708,paired_hierarchical,1,0,0,5d0e9ff5482e9c83,araC->ytfT,shared_complete_observation_shared_scores,maximum,prefix,complete,0,500,0.6,0.9,biological_error,2151398048,921666314,2151398048,araC,ytfT,False,identifiable,crp|rpoD|xylR,500,-0.0990091240625002,0.035644934620185476,0.12015098985470073,-2.7776491980555362,-0.28373107637976636,5636,,,,[],0,,False,True,
csd-20260805_174708,paired_hierarchical,1,0,0,5d0e9ff5482e9c83,arcA->dsbB,shared_complete_observation_shared_scores,maximum,prefix,complete,0,500,0.6,0.9,biological_error,2151398048,921666314,2151398048,arcA,dsbB,False,identifiable,alpA|basR|btsR|glaR|glrR|nsrR|ptrR|rcdA,500,0.024393582501283515,0.04297493595092091,0.09822928687065541,0.5676234754402417,0.36307902181487156,5636,,,,[],0,,False,True,
csd-20260805_174708,paired_hierarchical,1,0,0,5d0e9ff5482e9c83,arcA->igaA,shared_complete_observation_shared_scores,maximum,prefix,complete,0,500,0.6,0.9,biological_error,2151398048,921666314,2151398048,arcA,igaA,False,identifiable,alpA|basR|btsR|glaR|glrR|nsrR|ptrR|rcdA,500,0.05495208031260221,0.05454683999560744,0.1582521821398122,1.0074292171100543,0.23014424155274077,5636,,,,[],0,,False,True,
csd-20260805_174708,paired_hierarchical,1,0,0,5d0e9ff5482e9c83,arcA->kgtP,shared_complete_observation_shared_scores,maximum,prefix,complete,0,500,0.6,0.9,biological_error,2151398048,921666314,2151398048,arcA,kgtP,False,identifiable,alpA|basR|btsR|glaR|glrR|nsrR|ptrR|rcdA,500,-0.009909468850503008,0.03909934131595334,0.08131101778750383,-0.25344337057820815,-0.35419364754449006,5636,,,,[],0,,False,True,
csd-20260805_174708,paired_hierarchical,1,0,0,5d0e9ff5482e9c83,arcA->ndk,shared_complete_observation_shared_scores,maximum,prefix,complete,0,500,0.6,0.9,biological_error,2151398048,921666314,2151398048,arcA,ndk,False,identifiable,alpA|basR|btsR|glaR|glrR|nsrR|ptrR|rcdA,500,-0.26973697729490714,0.05988822492246345,0.19076267188144702,-4.504006883559035,-0.6493671710770879,5636,,,,[],0,,False,True,
csd-20260805_174708,paired_hierarchical,1,0,0,5d0e9ff5482e9c83,arcA->nudE,shared_complete_observation_shared_scores,maximum,prefix,complete,0,500,0.6,0.9,biological_error,2151398048,921666314,2151398048,arcA,nudE,False,identifiable,alpA|basR|btsR|glaR|glrR|nsrR|ptrR|rcdA,500,-0.014748239985751437,0.07169795204296583,0.273416057384543,-0.20569959901941665,-0.6609048711665568,5636,,,,[],0,,False,True,
csd-20260805_174708,paired_hierarchical,1,0,0,5d0e9ff5482e9c83,arcA->pepN,shared_complete_observation_shared_scores,maximum,prefix,complete,0,500,0.6,0.9,biological_error,2151398048,921666314,2151398048,arcA,pepN,False,identifiable,alpA|basR|btsR|glaR|glrR|nsrR|ptrR|rcdA,500,-0.008421076906139403,0.0709907332335215,0.26804878230260976,-0.1186221993008379,-0.6248279662693704,5636,,,,[],0,,False,True,
csd-20260805_174708,paired_hierarchical,1,0,0,5d0e9ff5482e9c83,arcA->pqqU,shared_complete_observation_shared_scores,maximum,prefix,complete,0,500,0.6,0.9,biological_error,2151398048,921666314,2151398048,arcA,pqqU,False,identifiable,alpA|basR|btsR|glaR|glrR|nsrR|ptrR|rcdA,500,0.03607783862973567,0.03592013923962784,0.06862566057916104,1.004390277806436,-0.13740234616775984,5636,,,,[],0,,False,True,
csd-20260805_174708,paired_hierarchical,1,0,0,5d0e9ff5482e9c83,arcA->pyrS,shared_complete_observation_shared_scores,maximum,prefix,complete,0,500,0.6,0.9,biological_error,2151398048,921666314,2151398048,arcA,pyrS,False,identifiable,alpA|basR|btsR|glaR|glrR|nsrR|ptrR|rcdA,500,-0.02023002638056944,0.046577119232202153,0.11538670275299515,-0.4343339973371077,0.3340006239060555,5636,,,,[],0,,False,True,
csd-20260805_174708,paired_hierarchical,1,0,0,5d0e9ff5482e9c83,arcA->rho,shared_complete_observation_shared_scores,maximum,prefix,complete,0,500,0.6,0.9,biological_error,2151398048,921666314,2151398048,arcA,rho,False,identifiable,alpA|basR|btsR|glaR|glrR|nsrR|ptrR|rcdA,500,-0.017804191954125456,0.034441790454215845,0.06309311289957596,-0.5169357260271623,0.17935594382215794,5636,,,,[],0,,False,True,
csd-20260805_174708,paired_hierarchical,1,0,0,5d0e9ff5482e9c83,arcA->ybfA,shared_complete_observation_shared_scores,maximum,prefix,complete,0,500,0.6,0.9,biological_error,2151398048,921666314,2151398048,arcA,ybfA,False,identifiable,alpA|basR|btsR|glaR|glrR|nsrR|ptrR|rcdA,500,-0.011831298098210728,0.06548086703419805,0.2280548735213303,-0.18068328405046488,0.5287006769415276,5636,,,,[],0,,False,True,
csd-20260805_174708,paired_hierarchical,1,0,0,5d0e9ff5482e9c83,arcA->ybiU,shared_complete_observation_shared_scores,maximum,prefix,complete,0,500,0.6,0.9,biological_error,2151398048,921666314,2151398048,arcA,ybiU,False,identifiable,alpA|basR|btsR|glaR|glrR|nsrR|ptrR|rcdA,500,0.013354467799355835,0.045390935651230556,0.10958441284162654,0.2942100136901186,-0.0834508828770702,5636,,,,[],0,,False,True,
csd-20260805_174708,paired_hierarchical,1,0,0,5d0e9ff5482e9c83,arcA->ydeA,shared_complete_observation_shared_scores,maximum,prefix,complete,0,500,0.6,0.9,biological_error,2151398048,921666314,2151398048,arcA,ydeA,False,identifiable,alpA|basR|btsR|glaR|glrR|nsrR|ptrR|rcdA,500,-0.006915777664410448,0.0539398012850695,0.15474948034092964,-0.1282128873234231,-0.2979768359718148,5636,,,,[],0,,False,True,
csd-20260805_174708,paired_hierarchical,1,0,0,5d0e9ff5482e9c83,arcA->ydgC,shared_complete_observation_shared_scores,maximum,prefix,complete,0,500,0.6,0.9,biological_error,2151398048,921666314,2151398048,arcA,ydgC,False,identifiable,alpA|basR|btsR|glaR|glrR|nsrR|ptrR|rcdA,500,-0.0027536713489440187,0.03625860678575475,0.06992504268139557,-0.07594531596911436,-0.1961560564783186,5636,,,,[],0,,False,True,
csd-20260805_174708,paired_hierarchical,1,0,0,5d0e9ff5482e9c83,arcA->yeiQ,shared_complete_observation_shared_scores,maximum,prefix,complete,0,500,0.6,0.9,biological_error,2151398048,921666314,2151398048,arcA,yeiQ,False,identifiable,alpA|basR|btsR|glaR|glrR|nsrR|ptrR|rcdA,500,0.0015347657215869955,0.04640048001766835,0.11451317648754683,0.03307650526465649,-0.0839340000609033,5636,,,,[],0,,False,True,
csd-20260805_174708,paired_hierarchical,1,0,0,5d0e9ff5482e9c83,arcA->yfiF,shared_complete_observation_shared_scores,maximum,prefix,complete,0,500,0.6,0.9,biological_error,2151398048,921666314,2151398048,arcA,yfiF,False,identifiable,alpA|basR|btsR|glaR|glrR|nsrR|ptrR|rcdA,500,0.08341960888177608,0.057648157692377355,0.1767589367396818,1.4470472643188457,0.14168085579299539,5636,,,,[],0,,False,True,
csd-20260805_174708,paired_hierarchical,1,0,0,5d0e9ff5482e9c83,arcA->yhgE,shared_complete_observation_shared_scores,maximum,prefix,complete,0,500,0.6,0.9,biological_error,2151398048,921666314,2151398048,arcA,yhgE,False,identifiable,alpA|basR|btsR|glaR|glrR|nsrR|ptrR|rcdA,500,0.057660420603218285,0.05294084836884802,0.1490707059008633,1.0891480280309864,0.18735221310554917,5636,,,,[],0,,False,True,
csd-20260805_174708,paired_hierarchical,1,0,0,5d0e9ff5482e9c83,arcA->yjiR,shared_complete_observation_shared_scores,maximum,prefix,complete,0,500,0.6,0.9,biological_error,2151398048,921666314,2151398048,arcA,yjiR,False,identifiable,alpA|basR|btsR|glaR|glrR|nsrR|ptrR|rcdA,500,0.007045412603388711,0.05943581043568354,0.18789139582019074,0.11853817676151092,-0.17734906741668208,5636,,,,[],0,,False,True,
csd-20260805_174708,paired_hierarchical,1,0,0,5d0e9ff5482e9c83,arcA->ynaJ,shared_complete_observation_shared_scores,maximum,prefix,complete,0,500,0.6,0.9,biological_error,2151398048,921666314,2151398048,arcA,ynaJ,False,identifiable,alpA|basR|btsR|glaR|glrR|nsrR|ptrR|rcdA,500,-0.009030369699500232,0.0560047897394938,0.1668248938298106,-0.16124281050790448,-0.1860854586121763,5636,,,,[],0,,False,True,
csd-20260805_174708,paired_hierarchical,1,0,0,5d0e9ff5482e9c83,argR->ydgI,shared_complete_observation_shared_scores,maximum,prefix,complete,0,500,0.6,0.9,biological_error,2151398048,921666314,2151398048,argR,ydgI,False,identifiable,alpA|basR|btsR|glaR|glrR|nsrR|ptrR|rcdA,500,-0.05922442271018706,0.06559914093867203,0.1976542478522884,-0.9028231446743391,-0.3698672621741682,5636,,,,[],0,,False,True,
csd-20260805_174708,paired_hierarchical,1,0,0,5d0e9ff5482e9c83,argR->ykgA,shared_complete_observation_shared_scores,maximum,prefix,complete,0,500,0.6,0.9,biological_error,2151398048,921666314,2151398048,argR,ykgA,False,identifiable,alpA|basR|btsR|glaR|glrR|nsrR|ptrR|rcdA,500,0.03956577367467587,0.059783355090628834,0.16416116176060755,0.6618192240080197,0.22236250120683104,5636,,,,[],0,,False,True,
csd-20260805_174708,paired_hierarchical,1,0,0,5d0e9ff5482e9c83,argR->yraQ,shared_complete_observation_shared_scores,maximum,prefix,complete,0,500,0.6,0.9,biological_error,2151398048,921666314,2151398048,argR,yraQ,False,identifiable,alpA|basR|btsR|glaR|glrR|nsrR|ptrR|rcdA,500,0.002042871321002254,0.04943961688239741,0.11226904839795702,0.04132053300213988,0.1616503587229533,5636,,,,[],0,,False,True,
csd-20260805_174708,paired_hierarchical,1,0,0,5d0e9ff5482e9c83,betI->betA,shared_complete_observation_shared_scores,maximum,prefix,complete,0,500,0.6,0.9,biological_error,2151398048,921666314,2151398048,betI,betA,False,identifiable,arcA|cra|rpoD,500,-0.03596010386619306,0.0381861784432601,0.10095393689601848,-0.9417047039578808,-0.21466056743747447,5636,,,,[],0,,False,True,
csd-20260805_174708,paired_hierarchical,1,0,0,5d0e9ff5482e9c83,betI->betB,shared_complete_observation_shared_scores,maximum,prefix,complete,0,500,0.6,0.9,biological_error,2151398048,921666314,2151398048,betI,betB,False,identifiable,arcA|cra|rpoD,500,-0.029331810502046876,0.03833906506542021,0.10176393699176664,-0.765063270374389,-0.18018062579436583,5636,,,,[],0,,False,True,
csd-20260805_174708,paired_hierarchical,1,0,0,5d0e9ff5482e9c83,betI->betT,shared_complete_observation_shared_scores,maximum,prefix,complete,0,500,0.6,0.9,biological_error,2151398048,921666314,2151398048,betI,betT,False,identifiable,arcA|cra|rpoD,500,0.03454322671869772,0.038144418754848586,0.10073325496565191,0.9055905908726657,-0.5389478527460669,5636,,,,[],0,,False,True,
csd-20260805_174708,paired_hierarchical,1,0,0,5d0e9ff5482e9c83,dpiA->appY,shared_complete_observation_shared_scores,maximum,prefix,complete,0,500,0.6,0.9,biological_error,2151398048,921666314,2151398048,dpiA,appY,False,identifiable,arcA|crp|dcuR|fnr|hns|narL|rpoD|rpoS,500,-0.0327597262948746,0.03313811792730735,0.34835105437212754,-0.98858137830088,-0.22602512838082336,5636,,,,[],0,,False,True,
csd-20260805_174708,paired_hierarchical,1,0,0,5d0e9ff5482e9c83,dpiA->citC,shared_complete_observation_shared_scores,maximum,prefix,complete,0,500,0.6,0.9,biological_error,2151398048,921666314,2151398048,dpiA,citC,False,identifiable,arcA|crp|dcuR|fnr|narL,500,0.0777975974155866,0.028972657428827223,0.26659026492277443,2.6852075135565414,0.17781174932189278,5636,,,,[],0,,False,True,
csd-20260805_174708,paired_hierarchical,1,0,0,5d0e9ff5482e9c83,dpiA->citD,shared_complete_observation_shared_scores,maximum,prefix,complete,0,500,0.6,0.9,biological_error,2151398048,921666314,2151398048,dpiA,citD,False,identifiable,arcA|crp|dcuR|fnr|narL,500,0.005403913897649042,0.026118528389382424,0.21665316142854557,0.20689963144500187,0.04264114791249831,5636,,,,[],0,,False,True,
csd-20260805_174708,paired_hierarchical,1,0,0,5d0e9ff5482e9c83,dpiA->citE,shared_complete_observation_shared_scores,maximum,prefix,complete,0,500,0.6,0.9,biological_error,2151398048,921666314,2151398048,dpiA,citE,False,identifiable,arcA|crp|dcuR|fnr|narL,500,0.08332736905946617,0.028414466227318202,0.25641688958238845,2.9325685160805053,0.30994178376740544,5636,,,,[],0,,False,True,
csd-20260805_174708,paired_hierarchical,1,0,0,5d0e9ff5482e9c83,dpiA->citF,shared_complete_observation_shared_scores,maximum,prefix,complete,0,500,0.6,0.9,biological_error,2151398048,921666314,2151398048,dpiA,citF,False,identifiable,arcA|crp|dcuR|fnr|narL,500,-0.022295730558142213,0.025965047472125018,0.21411439467055188,-0.8586824492455857,0.14972470683765604,5636,,,,[],0,,False,True,
csd-20260805_174708,paired_hierarchical,1,0,0,5d0e9ff5482e9c83,dpiA->citG,shared_complete_observation_shared_scores,maximum,prefix,complete,0,500,0.6,0.9,biological_error,2151398048,921666314,2151398048,dpiA,citG,False,identifiable,arcA|crp|dcuR|fnr|narL,500,0.028908129522576702,0.029769124954622122,0.28144903342981886,0.971077570020689,0.17606824567250892,5636,,,,[],0,,False,True,
csd-20260805_174708,paired_hierarchical,1,0,0,5d0e9ff5482e9c83,dpiA->citX,shared_complete_observation_shared_scores,maximum,prefix,complete,0,500,0.6,0.9,biological_error,2151398048,921666314,2151398048,dpiA,citX,False,identifiable,arcA|crp|dcuR|fnr|narL,500,0.054365954392469454,0.023720776617672037,0.17870036144597023,2.291912919578134,0.19327511298437747,5636,,,,[],0,,False,True,
csd-20260805_174708,paired_hierarchical,1,0,0,5d0e9ff5482e9c83,dpiA->dpiB,shared_complete_observation_shared_scores,maximum,prefix,complete,0,500,0.6,0.9,biological_error,2151398048,921666314,2151398048,dpiA,dpiB,False,identifiable,arcA|crp|dcuR|fnr|narL,500,0.05756416433769471,0.032972577803409925,0.34528159318485363,1.7458193496700642,0.3012453915616857,5636,,,,[],0,,False,True,
csd-20260805_174708,paired_hierarchical,1,0,0,5d0e9ff5482e9c83,dpiA->exuT,shared_complete_observation_shared_scores,maximum,prefix,complete,0,500,0.6,0.9,biological_error,2151398048,921666314,2151398048,dpiA,exuT,False,identifiable,arcA|crp|dcuR|exuR|fnr|nac|narL,500,-0.00018181177717241479,0.021950005431483958,0.152832717714067,-0.008282994632503978,0.1726797590099076,5636,,,,[],0,,False,True,
csd-20260805_174708,paired_hierarchical,1,0,0,5d0e9ff5482e9c83,dpiA->mdh,shared_complete_observation_shared_scores,maximum,prefix,complete,0,500,0.6,0.9,biological_error,2151398048,921666314,2151398048,dpiA,mdh,False,identifiable,arcA|btsR|crp|dcuR|flhC|flhD|fnr|narL|rpoD,500,-0.0021939744585589872,0.02514523599375708,0.1998642626215531,-0.08725209256750245,0.14886420806373624,5636,,,,[],0,,False,True,
csd-20260805_174708,paired_hierarchical,1,0,0,5d0e9ff5482e9c83,fnr->argK,shared_complete_observation_shared_scores,maximum,prefix,complete,0,500,0.6,0.9,biological_error,2151398048,921666314,2151398048,fnr,argK,False,identifiable,alpA|basR|btsR|glaR|glrR|nsrR|ptrR|rcdA,500,0.058933769192581836,0.04611294813501337,0.13396825919599087,1.2780308259630373,0.1977815168247183,5636,,,,[],0,,False,True,
csd-20260805_174708,paired_hierarchical,1,0,0,5d0e9ff5482e9c83,fnr->mltA,shared_complete_observation_shared_scores,maximum,prefix,complete,0,500,0.6,0.9,biological_error,2151398048,921666314,2151398048,fnr,mltA,False,identifiable,alpA|basR|btsR|glaR|glrR|nsrR|ptrR|rcdA,500,-0.024222622064696612,0.05157146888214369,0.1675618471322698,-0.469690365423808,0.32673649728251336,5636,,,,[],0,,False,True,
csd-20260805_174708,paired_hierarchical,1,0,0,5d0e9ff5482e9c83,fnr->nfeR,shared_complete_observation_shared_scores,maximum,prefix,complete,0,500,0.6,0.9,biological_error,2151398048,921666314,2151398048,fnr,nfeR,False,identifiable,alpA|basR|btsR|glaR|glrR|nsrR|ptrR|rcdA,500,0.10057410197559724,0.027264092648419287,0.04683151789507805,3.688884984090175,0.23258389151304443,5636,,,,[],0,,False,True,
csd-20260805_174708,paired_hierarchical,1,0,0,5d0e9ff5482e9c83,fnr->pepT,shared_complete_observation_shared_scores,maximum,prefix,complete,0,500,0.6,0.9,biological_error,2151398048,921666314,2151398048,fnr,pepT,False,identifiable,alpA|basR|btsR|glaR|glrR|nsrR|ptrR|rcdA,500,-0.05216424690704528,0.04424434663975935,0.12333084552536198,-1.1790036664293029,0.17697229410574208,5636,,,,[],0,,False,True,
csd-20260805_174708,paired_hierarchical,1,0,0,5d0e9ff5482e9c83,fnr->pitA,shared_complete_observation_shared_scores,maximum,prefix,complete,0,500,0.6,0.9,biological_error,2151398048,921666314,2151398048,fnr,pitA,False,identifiable,alpA|basR|btsR|glaR|glrR|nsrR|ptrR|rcdA,500,-0.05472909134333324,0.04619557673975683,0.13444879789326708,-1.1847257942389169,0.22887619807371454,5636,,,,[],0,,False,True,
csd-20260805_174708,paired_hierarchical,1,0,0,5d0e9ff5482e9c83,fnr->scpA,shared_complete_observation_shared_scores,maximum,prefix,complete,0,500,0.6,0.9,biological_error,2151398048,921666314,2151398048,fnr,scpA,False,identifiable,alpA|basR|btsR|glaR|glrR|nsrR|ptrR|rcdA,500,0.1518894148238585,0.04480282977309215,0.12646403277903098,3.390174584800017,0.43968753208038924,5636,,,,[],0,,False,True,
csd-20260805_174708,paired_hierarchical,1,0,0,5d0e9ff5482e9c83,fnr->scpC,shared_complete_observation_shared_scores,maximum,prefix,complete,0,500,0.6,0.9,biological_error,2151398048,921666314,2151398048,fnr,scpC,False,identifiable,alpA|basR|btsR|glaR|glrR|nsrR|ptrR|rcdA,500,0.03583650452255058,0.038782773457820774,0.09476192256444525,0.9240315049032146,0.29044358074184945,5636,,,,[],0,,False,True,
csd-20260805_174708,paired_hierarchical,1,0,0,5d0e9ff5482e9c83,fnr->ydfO,shared_complete_observation_shared_scores,maximum,prefix,complete,0,500,0.6,0.9,biological_error,2151398048,921666314,2151398048,fnr,ydfO,False,identifiable,alpA|basR|btsR|glaR|glrR|nsrR|ptrR|rcdA,500,-0.03198697227928407,0.05311212911919386,0.17772296879855595,-0.602253624732293,0.1418037645634853,5636,,,,[],0,,False,True,
csd-20260805_174708,paired_hierarchical,1,0,0,5d0e9ff5482e9c83,fnr->ydfZ,shared_complete_observation_shared_scores,maximum,prefix,complete,0,500,0.6,0.9,biological_error,2151398048,921666314,2151398048,fnr,ydfZ,False,identifiable,alpA|basR|btsR|glaR|glrR|nsrR|ptrR|rcdA,500,-0.0641212421794084,0.047254721032987994,0.14068459471885972,-1.3569277476983956,0.2038839986761103,5636,,,,[],0,,False,True,
csd-20260805_174708,paired_hierarchical,1,0,0,5d0e9ff5482e9c83,fnr->yffS,shared_complete_observation_shared_scores,maximum,prefix,complete,0,500,0.6,0.9,biological_error,2151398048,921666314,2151398048,fnr,yffS,False,identifiable,alpA|basR|btsR|glaR|glrR|nsrR|ptrR|rcdA,500,-0.020537786468257022,0.031188393082442742,0.0612832988196697,-0.658507362465513,0.33496546352192597,5636,,,,[],0,,False,True,
csd-20260805_174708,paired_hierarchical,1,0,0,5d0e9ff5482e9c83,fnr->ygbA,shared_complete_observation_shared_scores,maximum,prefix,complete,0,500,0.6,0.9,biological_error,2151398048,921666314,2151398048,fnr,ygbA,False,identifiable,alpA|basR|btsR|glaR|glrR|nsrR|ptrR|rcdA,500,0.04463380494378071,0.04101272770174204,0.10597256484914666,1.0882915486229623,-0.20266343933175796,5636,,,,[],0,,False,True,
csd-20260805_174708,paired_hierarchical,1,0,0,5d0e9ff5482e9c83,glcC->glcA,shared_complete_observation_shared_scores,maximum,prefix,complete,0,500,0.6,0.9,biological_error,2151398048,921666314,2151398048,glcC,glcA,False,identifiable,arcA|cra|crp|fis|ihfA|ihfB|lrp|nac|pdhR|rpoD,500,-0.0711049938974197,0.04809994680048923,0.12126372595811341,-1.4782759364028337,0.30233683076042495,5636,,,,[],0,,False,True,
csd-20260805_174708,paired_hierarchical,1,0,0,5d0e9ff5482e9c83,glcC->glcB,shared_complete_observation_shared_scores,maximum,prefix,complete,0,500,0.6,0.9,biological_error,2151398048,921666314,2151398048,glcC,glcB,False,identifiable,arcA|cra|crp|fis|ihfA|ihfB|pdhR|rpoD,500,-0.001809831065263931,0.07851584196198577,0.32346475292816773,-0.023050521016385186,0.1965979298797187,5636,,,,[],0,,False,True,
csd-20260805_174708,paired_hierarchical,1,0,0,5d0e9ff5482e9c83,glcC->glcD,shared_complete_observation_shared_scores,maximum,prefix,complete,0,500,0.6,0.9,biological_error,2151398048,921666314,2151398048,glcC,glcD,False,identifiable,arcA|cra|crp|fis|ihfA|ihfB|lldR|pdhR|rpoD,500,0.034857470028551045,0.06357489981138557,0.2112783909790956,0.5482898145646539,0.2685329555053546,5636,,,,[],0,,False,True,
csd-20260805_174708,paired_hierarchical,1,0,0,5d0e9ff5482e9c83,glcC->glcE,shared_complete_observation_shared_scores,maximum,prefix,complete,0,500,0.6,0.9,biological_error,2151398048,921666314,2151398048,glcC,glcE,False,identifiable,arcA|cra|crp|fis|ihfA|ihfB|pdhR|rpoD,500,0.08556840193025517,0.05662619031332925,0.1682468987596546,1.5111099909208126,0.31333145083269404,5636,,,,[],0,,False,True,
csd-20260805_174708,paired_hierarchical,1,0,0,5d0e9ff5482e9c83,glcC->glcF,shared_complete_observation_shared_scores,maximum,prefix,complete,0,500,0.6,0.9,biological_error,2151398048,921666314,2151398048,glcC,glcF,False,identifiable,arcA|cra|crp|fis|ihfA|ihfB|pdhR|rpoD,500,-0.019530437869691556,0.06426083944806811,0.21667318550198186,-0.3039244124016607,0.2544997996209487,5636,,,,[],0,,False,True,
csd-20260805_174708,paired_hierarchical,1,0,0,5d0e9ff5482e9c83,glcC->glcG,shared_complete_observation_shared_scores,maximum,prefix,complete,0,500,0.6,0.9,biological_error,2151398048,921666314,2151398048,glcC,glcG,False,identifiable,arcA|cra|crp|fis|ihfA|ihfB|pdhR|rpoD,500,-0.030595801622406195,0.07923280540462083,0.3293991285955903,-0.3861506792061898,0.24781213664536125,5636,,,,[],0,,False,True,
csd-20260805_174708,paired_hierarchical,1,0,0,5d0e9ff5482e9c83,lldR->yfdY,shared_complete_observation_shared_scores,maximum,prefix,complete,0,500,0.6,0.9,biological_error,2151398048,921666314,2151398048,lldR,yfdY,False,identifiable,alpA|basR|btsR|glaR|glrR|nsrR|ptrR|rcdA,500,0.2121575332813916,0.07053945823766664,0.18002146519187845,3.0076433613450098,0.34834857786370516,5636,,,,[],0,,False,True,
csd-20260805_174708,paired_hierarchical,1,0,0,5d0e9ff5482e9c83,lldR->yhcO,shared_complete_observation_shared_scores,maximum,prefix,complete,0,500,0.6,0.9,biological_error,2151398048,921666314,2151398048,lldR,yhcO,False,identifiable,alpA|basR|btsR|glaR|glrR|nsrR|ptrR|rcdA,500,-0.137449238703159,0.062464664889432156,0.14116560093106098,-2.2004318592992695,0.2685176312272055,5636,,,,[],0,,False,True,
csd-20260805_174708,paired_hierarchical,1,0,0,5d0e9ff5482e9c83,putA->putP,shared_complete_observation_shared_scores,maximum,prefix,complete,0,500,0.6,0.9,biological_error,2151398048,921666314,2151398048,putA,putP,False,identifiable,arcA|basR|crp|marA|rpoD|yeiE,500,-0.009969884612003129,0.04568586016059619,0.1377055631151223,-0.21822692134845917,-0.12576088034182528,5636,,,,[],0,,False,True,
csd-20260805_174708,paired_hierarchical,1,0,0,5d0e9ff5482e9c83,puuR->puuA,shared_complete_observation_shared_scores,maximum,prefix,complete,0,500,0.6,0.9,biological_error,2151398048,921666314,2151398048,puuR,puuA,False,identifiable,acrR|arcA|crp|fnr|ptrR|rpoS,500,-0.015927935454351734,0.020578801923914276,0.17575356934766603,-0.7739972187516977,-0.5110470577224066,5636,,,,[],0,,False,True,
csd-20260805_174708,paired_hierarchical,1,0,0,5d0e9ff5482e9c83,puuR->puuB,shared_complete_observation_shared_scores,maximum,prefix,complete,0,500,0.6,0.9,biological_error,2151398048,921666314,2151398048,puuR,puuB,False,identifiable,arcA|argR|crp|fimZ|ptrR|rpoS,500,0.0034415822366723535,0.02185840766177449,0.19881108068869482,0.15744889975178375,-0.24459274973556394,5636,,,,[],0,,False,True,
csd-20260805_174708,paired_hierarchical,1,0,0,5d0e9ff5482e9c83,puuR->puuC,shared_complete_observation_shared_scores,maximum,prefix,complete,0,500,0.6,0.9,biological_error,2151398048,921666314,2151398048,puuR,puuC,False,identifiable,arcA|crp|fimZ|ptrR|rpoS,500,-0.008373368734769892,0.014960610708871098,0.09318247379558765,-0.5596943131342084,-0.09007042845083608,5636,,,,[],0,,False,True,
csd-20260805_174708,paired_hierarchical,1,0,0,5d0e9ff5482e9c83,puuR->puuD,shared_complete_observation_shared_scores,maximum,prefix,complete,0,500,0.6,0.9,biological_error,2151398048,921666314,2151398048,puuR,puuD,False,identifiable,arcA|crp|fimZ|rpoS,500,0.02543575316118692,0.021114464170124667,0.1857710972922639,1.20466013043213,-0.2645895818098313,5636,,,,[],0,,False,True,
csd-20260805_174708,paired_hierarchical,1,0,0,5d0e9ff5482e9c83,puuR->puuE,shared_complete_observation_shared_scores,maximum,prefix,complete,0,500,0.6,0.9,biological_error,2151398048,921666314,2151398048,puuR,puuE,False,identifiable,arcA|crp|ptrR|rpoS|spf,500,-0.008463745199895293,0.028273760810148027,0.33281689379058604,-0.2993498196694613,-0.1303789635247932,5636,,,,[],0,,False,True,
csd-20260805_174708,paired_hierarchical,1,0,0,5d0e9ff5482e9c83,puuR->puuP,shared_complete_observation_shared_scores,maximum,prefix,complete,0,500,0.6,0.9,biological_error,2151398048,921666314,2151398048,puuR,puuP,False,identifiable,arcA|crp|fnr|rpoN|rpoS,500,-0.0064414316063610404,0.028139133495577767,0.3274388076823183,-0.22891364467116054,-0.474616085220482,5636,,,,[],0,,False,True,
csd-20260805_174708,paired_hierarchical,1,0,0,5d0e9ff5482e9c83,puuR->ymjE,shared_complete_observation_shared_scores,maximum,prefix,complete,0,500,0.6,0.9,biological_error,2151398048,921666314,2151398048,puuR,ymjE,False,identifiable,arcA|crp|fnr|rpoN|rpoS,500,-0.0015983196447290331,0.01807987700440632,0.13517601957137698,-0.0884032366115931,-0.23533352603194857,5636,,,,[],0,,False,True,
csd-20260805_174708,paired_hierarchical,1,0,0,5d0e9ff5482e9c83,rplD->rplB,shared_complete_observation_shared_scores,maximum,prefix,complete,0,500,0.6,0.9,biological_error,2151398048,921666314,2151398048,rplD,rplB,False,identifiable,arcA|dksA|fnr|rpoD,500,-0.011943690999900164,0.042417878580006826,0.13821851697787743,-0.2815720964774906,-0.2541732825490622,5636,,,,[],0,,False,True,
csd-20260805_174708,paired_hierarchical,1,0,0,5d0e9ff5482e9c83,rplD->rplC,shared_complete_observation_shared_scores,maximum,prefix,complete,0,500,0.6,0.9,biological_error,2151398048,921666314,2151398048,rplD,rplC,False,identifiable,arcA|dksA|fnr|rpoD,500,0.026436618234420527,0.038498188849346894,0.113854168730448,0.6866977129203057,-0.3032905715978973,5636,,,,[],0,,False,True,
csd-20260805_174708,paired_hierarchical,1,0,0,5d0e9ff5482e9c83,rplD->rplP,shared_complete_observation_shared_scores,maximum,prefix,complete,0,500,0.6,0.9,biological_error,2151398048,921666314,2151398048,rplD,rplP,False,identifiable,arcA|dksA|fnr|rpoD,500,-0.020492174586456923,0.042219809668900245,0.13693071690173916,-0.48536871073466187,-0.09480065677429689,5636,,,,[],0,,False,True,
csd-20260805_174708,paired_hierarchical,1,0,0,5d0e9ff5482e9c83,rplD->rplV,shared_complete_observation_shared_scores,maximum,prefix,complete,0,500,0.6,0.9,biological_error,2151398048,921666314,2151398048,rplD,rplV,False,identifiable,arcA|dksA|fnr|rpoD,500,-0.0704980947715821,0.1092101202837109,0.9162080653122012,-0.6455271232046904,-0.3201256345710475,5636,,,,[],0,,False,True,
csd-20260805_174708,paired_hierarchical,1,0,0,5d0e9ff5482e9c83,rplD->rplW,shared_complete_observation_shared_scores,maximum,prefix,complete,0,500,0.6,0.9,biological_error,2151398048,921666314,2151398048,rplD,rplW,False,identifiable,arcA|dksA|fnr|rpoD,500,-0.08352028302444033,0.04697570989926938,0.16951769694577576,-1.777946159909748,-0.30372173917878614,5636,,,,[],0,,False,True,
csd-20260805_174708,paired_hierarchical,1,0,0,5d0e9ff5482e9c83,rplD->rpmC,shared_complete_observation_shared_scores,maximum,prefix,complete,0,500,0.6,0.9,biological_error,2151398048,921666314,2151398048,rplD,rpmC,False,identifiable,arcA|dksA|fnr|rpoD,500,0.007857116939055973,0.060890720986743196,0.28482005927867043,0.12903635909922273,-0.6070373324518026,5636,,,,[],0,,False,True,
csd-20260805_174708,paired_hierarchical,1,0,0,5d0e9ff5482e9c83,rplD->rpsC,shared_complete_observation_shared_scores,maximum,prefix,complete,0,500,0.6,0.9,biological_error,2151398048,921666314,2151398048,rplD,rpsC,False,identifiable,arcA|dksA|fnr|rpoD,500,0.03849939818107541,0.05812592665889951,0.259542282013488,0.662344678081461,-0.3890815703589862,5636,,,,[],0,,False,True,
csd-20260805_174708,paired_hierarchical,1,0,0,5d0e9ff5482e9c83,rplD->rpsJ,shared_complete_observation_shared_scores,maximum,prefix,complete,0,500,0.6,0.9,biological_error,2151398048,921666314,2151398048,rplD,rpsJ,False,identifiable,arcA|dksA|fnr|rpoD,500,0.005336839864358152,0.049507184774202524,0.18828026522288727,0.10779930001471427,-0.22595998700838799,5636,,,,[],0,,False,True,
csd-20260805_174708,paired_hierarchical,1,0,0,5d0e9ff5482e9c83,rplD->rpsQ,shared_complete_observation_shared_scores,maximum,prefix,complete,0,500,0.6,0.9,biological_error,2151398048,921666314,2151398048,rplD,rpsQ,False,identifiable,arcA|dksA|fnr|rpoD,500,0.02752174989835777,0.04856344839032988,0.18117045485248573,0.566717373057017,-0.376353614480213,5636,,,,[],0,,False,True,
csd-20260805_174708,paired_hierarchical,1,0,0,5d0e9ff5482e9c83,rplD->rpsS,shared_complete_observation_shared_scores,maximum,prefix,complete,0,500,0.6,0.9,biological_error,2151398048,921666314,2151398048,rplD,rpsS,False,identifiable,arcA|dksA|fnr|rpoD,500,-0.05963768532944454,0.04262600563464621,0.1395782071717673,-1.3990915742987495,-0.37170578143217253,5636,,,,[],0,,False,True,
csd-20260805_174708,paired_hierarchical,1,0,0,5d0e9ff5482e9c83,rplD->tnaA,shared_complete_observation_shared_scores,maximum,prefix,complete,0,500,0.6,0.9,biological_error,2151398048,921666314,2151398048,rplD,tnaA,False,identifiable,arcA|crp|dksA|fnr|nac|rpoD|torR|zraR,500,-0.06914420202814198,0.06980764673562821,0.37259157941642507,-0.990496102669113,-0.6144968544098472,5636,,,,[],0,,False,True,
csd-20260805_174708,paired_hierarchical,1,0,0,5d0e9ff5482e9c83,rpoS->blr,shared_complete_observation_shared_scores,maximum,prefix,complete,0,500,0.6,0.9,biological_error,2151398048,921666314,2151398048,rpoS,blr,False,identifiable,alpA|basR|btsR|glaR|glrR|nsrR|ptrR|rcdA,500,0.008147020074552425,0.03471862044764473,0.17225916744396239,0.23465851953530337,0.34637069953431376,5636,,,,[],0,,False,True,
csd-20260805_174708,paired_hierarchical,1,0,0,5d0e9ff5482e9c83,rpoS->dkgB,shared_complete_observation_shared_scores,maximum,prefix,complete,0,500,0.6,0.9,biological_error,2151398048,921666314,2151398048,rpoS,dkgB,False,identifiable,alpA|basR|btsR|glaR|glrR|nsrR|ptrR|rcdA,500,0.01905969000522368,0.03565609601470076,0.18168748148313313,0.5345422560385047,0.597545964987982,5636,,,,[],0,,False,True,
csd-20260805_174708,paired_hierarchical,1,0,0,5d0e9ff5482e9c83,rpoS->fic,shared_complete_observation_shared_scores,maximum,prefix,complete,0,500,0.6,0.9,biological_error,2151398048,921666314,2151398048,rpoS,fic,False,identifiable,alpA|basR|btsR|glaR|glrR|nsrR|ptrR|rcdA,500,0.028686685957404104,0.03736569087029401,0.19952781964972965,0.7677279688734518,0.30577370267942516,5636,,,,[],0,,False,True,
csd-20260805_174708,paired_hierarchical,1,0,0,5d0e9ff5482e9c83,rpoS->insCD5,shared_complete_observation_shared_scores,maximum,prefix,complete,0,500,0.6,0.9,biological_error,2151398048,921666314,2151398048,rpoS,insCD5,False,identifiable,alpA|basR|btsR|glaR|glrR|nsrR|ptrR|rcdA,500,-0.006484773079835058,0.02532469488992766,0.09165282742635432,-0.25606520070708666,0.24092469720417578,5636,,,,[],0,,False,True,
csd-20260805_174708,paired_hierarchical,1,0,0,5d0e9ff5482e9c83,rpoS->insD5,shared_complete_observation_shared_scores,maximum,prefix,complete,0,500,0.6,0.9,biological_error,2151398048,921666314,2151398048,rpoS,insD5,False,identifiable,alpA|basR|btsR|glaR|glrR|nsrR|ptrR|rcdA,500,-0.017448652358031773,0.03412914242900156,0.16645934268220952,-0.5112537589929191,0.204829158547348,5636,,,,[],0,,False,True,
csd-20260805_174708,paired_hierarchical,1,0,0,5d0e9ff5482e9c83,rpoS->insI1,shared_complete_observation_shared_scores,maximum,prefix,complete,0,500,0.6,0.9,biological_error,2151398048,921666314,2151398048,rpoS,insI1,False,identifiable,alpA|basR|btsR|glaR|glrR|nsrR|ptrR|rcdA,500,-0.0031890727625433156,0.023195225159708642,0.07688729976920405,-0.13748832962755228,0.16083157634906886,5636,,,,[],0,,False,True,
csd-20260805_174708,paired_hierarchical,1,0,0,5d0e9ff5482e9c83,rpoS->insN,shared_complete_observation_shared_scores,maximum,prefix,complete,0,500,0.6,0.9,biological_error,2151398048,921666314,2151398048,rpoS,insN,False,identifiable,alpA|basR|btsR|glaR|glrR|nsrR|ptrR|rcdA,500,0.007930168980331944,0.033692658722903106,0.1622288126820424,0.23536785997067333,0.26713678081457704,5636,,,,[],0,,False,True,
csd-20260805_174708,paired_hierarchical,1,0,0,5d0e9ff5482e9c83,rpoS->ldcC,shared_complete_observation_shared_scores,maximum,prefix,complete,0,500,0.6,0.9,biological_error,2151398048,921666314,2151398048,rpoS,ldcC,False,identifiable,alpA|basR|btsR|glaR|glrR|nsrR|ptrR|rcdA,500,-0.026678543538414454,0.0334415707344139,0.15981986498978953,-0.7977658630418403,0.19155331852175203,5636,,,,[],0,,False,True,
csd-20260805_174708,paired_hierarchical,1,0,0,5d0e9ff5482e9c83,rpoS->msyB,shared_complete_observation_shared_scores,maximum,prefix,complete,0,500,0.6,0.9,biological_error,2151398048,921666314,2151398048,rpoS,msyB,False,identifiable,alpA|basR|btsR|glaR|glrR|nsrR|ptrR|rcdA,500,0.02829351592756808,0.03138409550649998,0.1407591570160767,0.9015240194418919,0.17313124200895647,5636,,,,[],0,,False,True,
csd-20260805_174708,paired_hierarchical,1,0,0,5d0e9ff5482e9c83,rpoS->otsA,shared_complete_observation_shared_scores,maximum,prefix,complete,0,500,0.6,0.9,biological_error,2151398048,921666314,2151398048,rpoS,otsA,False,identifiable,alpA|basR|btsR|glaR|glrR|nsrR|ptrR|rcdA,500,0.0020117783007082245,0.027113153363256957,0.10505518333723127,0.07419934796055609,0.28900509663115753,5636,,,,[],0,,False,True,
csd-20260805_174708,paired_hierarchical,1,0,0,5d0e9ff5482e9c83,rpoS->otsB,shared_complete_observation_shared_scores,maximum,prefix,complete,0,500,0.6,0.9,biological_error,2151398048,921666314,2151398048,rpoS,otsB,False,identifiable,alpA|basR|btsR|glaR|glrR|nsrR|ptrR|rcdA,500,0.039693371975254355,0.03427733318922611,0.16790803369326465,1.158006422382083,0.4551570088662038,5636,,,,[],0,,False,True,
csd-20260805_174708,paired_hierarchical,1,0,0,5d0e9ff5482e9c83,rpoS->rssA,shared_complete_observation_shared_scores,maximum,prefix,complete,0,500,0.6,0.9,biological_error,2151398048,921666314,2151398048,rpoS,rssA,False,identifiable,alpA|basR|btsR|glaR|glrR|nsrR|ptrR|rcdA,500,-0.010019043921830641,0.03236015536803998,0.14965065427762483,-0.3096105011821358,0.3012744359731392,5636,,,,[],0,,False,True,
csd-20260805_174708,paired_hierarchical,1,0,0,5d0e9ff5482e9c83,rpoS->rssB,shared_complete_observation_shared_scores,maximum,prefix,complete,0,500,0.6,0.9,biological_error,2151398048,921666314,2151398048,rpoS,rssB,False,identifiable,alpA|basR|btsR|glaR|glrR|nsrR|ptrR|rcdA,500,0.011730030849394675,0.025797189982467425,0.09510475427559657,0.4547018825448341,0.20480968517641857,5636,,,,[],0,,False,True,
csd-20260805_174708,paired_hierarchical,1,0,0,5d0e9ff5482e9c83,rpoS->treF,shared_complete_observation_shared_scores,maximum,prefix,complete,0,500,0.6,0.9,biological_error,2151398048,921666314,2151398048,rpoS,treF,False,identifiable,alpA|basR|btsR|glaR|glrR|nsrR|ptrR|rcdA,500,0.027629203643908244,0.0284478580782485,0.11565291116039247,0.9712226336306772,0.16981650165260115,5636,,,,[],0,,False,True,
csd-20260805_174708,paired_hierarchical,1,0,0,5d0e9ff5482e9c83,rpoS->yabI,shared_complete_observation_shared_scores,maximum,prefix,complete,0,500,0.6,0.9,biological_error,2151398048,921666314,2151398048,rpoS,yabI,False,identifiable,alpA|basR|btsR|glaR|glrR|nsrR|ptrR|rcdA,500,0.01303435449810713,0.03745095364555358,0.20043944231601837,0.3480379864680603,0.2963998105638275,5636,,,,[],0,,False,True,
csd-20260805_174708,paired_hierarchical,1,0,0,5d0e9ff5482e9c83,rpoS->ydbD,shared_complete_observation_shared_scores,maximum,prefix,complete,0,500,0.6,0.9,biological_error,2151398048,921666314,2151398048,rpoS,ydbD,False,identifiable,alpA|basR|btsR|glaR|glrR|nsrR|ptrR|rcdA,500,0.020703444142889972,0.034423686203192735,0.16934491956842465,0.6014301902673562,0.29980659014642375,5636,,,,[],0,,False,True,
csd-20260805_174708,paired_hierarchical,1,0,0,5d0e9ff5482e9c83,rpoS->yffO,shared_complete_observation_shared_scores,maximum,prefix,complete,0,500,0.6,0.9,biological_error,2151398048,921666314,2151398048,rpoS,yffO,False,identifiable,alpA|basR|btsR|glaR|glrR|nsrR|ptrR|rcdA,500,0.053037615156478306,0.030734615639628107,0.13499354315614545,1.7256638501147714,0.4127246733676128,5636,,,,[],0,,False,True,
csd-20260805_174708,paired_hierarchical,1,0,0,5d0e9ff5482e9c83,rpoS->yffP,shared_complete_observation_shared_scores,maximum,prefix,complete,0,500,0.6,0.9,biological_error,2151398048,921666314,2151398048,rpoS,yffP,False,identifiable,alpA|basR|btsR|glaR|glrR|nsrR|ptrR|rcdA,500,0.0703215363164487,0.03501926757586943,0.17525545350862187,2.0080812987906365,0.24404854037342955,5636,,,,[],0,,False,True,
csd-20260805_174708,paired_hierarchical,1,0,0,5d0e9ff5482e9c83,rpoS->yggE,shared_complete_observation_shared_scores,maximum,prefix,complete,0,500,0.6,0.9,biological_error,2151398048,921666314,2151398048,rpoS,yggE,False,identifiable,alpA|basR|btsR|glaR|glrR|nsrR|ptrR|rcdA,500,-0.021648548203835938,0.03915808915142774,0.2191292767818709,-0.5528499646680695,0.38694161199262195,5636,,,,[],0,,False,True,
csd-20260805_174708,paired_hierarchical,1,0,0,5d0e9ff5482e9c83,rpoS->yhfG,shared_complete_observation_shared_scores,maximum,prefix,complete,0,500,0.6,0.9,biological_error,2151398048,921666314,2151398048,rpoS,yhfG,False,identifiable,alpA|basR|btsR|glaR|glrR|nsrR|ptrR|rcdA,500,0.04183930724240312,0.03407584775233525,0.16593987634876425,1.2278287996381787,0.15905601296740424,5636,,,,[],0,,False,True,
csd-20260805_174708,paired_hierarchical,1,0,0,5d0e9ff5482e9c83,rpoS->yhjG,shared_complete_observation_shared_scores,maximum,prefix,complete,0,500,0.6,0.9,biological_error,2151398048,921666314,2151398048,rpoS,yhjG,False,identifiable,alpA|basR|btsR|glaR|glrR|nsrR|ptrR|rcdA,500,0.017371276550758572,0.02862910117684176,0.11713126955061137,0.6067698892625485,0.20774836592242674,5636,,,,[],0,,False,True,
csd-20260805_174708,paired_hierarchical,1,0,0,5d0e9ff5482e9c83,rpoS->yihG,shared_complete_observation_shared_scores,maximum,prefix,complete,0,500,0.6,0.9,biological_error,2151398048,921666314,2151398048,rpoS,yihG,False,identifiable,alpA|basR|btsR|glaR|glrR|nsrR|ptrR|rcdA,500,0.03447691872855819,0.03961204769186066,0.22423944521288147,0.870364465799691,0.15820298425230417,5636,,,,[],0,,False,True,
csd-20260805_174708,paired_hierarchical,1,0,0,5d0e9ff5482e9c83,rpoS->yqiH,shared_complete_observation_shared_scores,maximum,prefix,complete,0,500,0.6,0.9,biological_error,2151398048,921666314,2151398048,rpoS,yqiH,False,identifiable,alpA|basR|btsR|glaR|glrR|nsrR|ptrR|rcdA,500,0.052383250734333996,0.02945535760807692,0.12398981820259777,1.7783946618923425,0.1575354915733999,5636,,,,[],0,,False,True,
csd-20260805_174708,paired_hierarchical,1,0,0,5d0e9ff5482e9c83,rpoS->yqiI,shared_complete_observation_shared_scores,maximum,prefix,complete,0,500,0.6,0.9,biological_error,2151398048,921666314,2151398048,rpoS,yqiI,False,identifiable,alpA|basR|btsR|glaR|glrR|nsrR|ptrR|rcdA,500,0.07432840072060237,0.03470428147936285,0.17211690898776802,2.141764576362207,0.2424237181190371,5636,,,,[],0,,False,True,
csd-20260805_174708,paired_hierarchical,1,0,0,5d0e9ff5482e9c83,xylR->araC,shared_complete_observation_shared_scores,maximum,prefix,complete,0,500,0.6,0.9,biological_error,2151398048,921666314,2151398048,xylR,araC,False,identifiable,arcA|crp|dicF|fis|rpoD,500,0.025171984597164174,0.037530753703948094,0.191250965424351,0.670702879982828,-0.20467001088289408,5636,,,,[],0,,False,True,
csd-20260805_174708,paired_hierarchical,1,0,0,5d0e9ff5482e9c83,xylR->xylA,shared_complete_observation_shared_scores,maximum,prefix,complete,0,500,0.6,0.9,biological_error,2151398048,921666314,2151398048,xylR,xylA,False,identifiable,arcA|crp|dicF|fis|rpoD,500,0.00315968110847439,0.037936539570128956,0.19540896799789523,0.08328859575168811,0.1433933490584182,5636,,,,[],0,,False,True,
csd-20260805_174708,paired_hierarchical,1,0,0,5d0e9ff5482e9c83,xylR->xylB,shared_complete_observation_shared_scores,maximum,prefix,complete,0,500,0.6,0.9,biological_error,2151398048,921666314,2151398048,xylR,xylB,False,identifiable,arcA|crp|dicF|fis|rpoD,500,0.012785016869450768,0.0378448096669945,0.19446511940633088,0.3378274849827276,0.27296258513270716,5636,,,,[],0,,False,True,
csd-20260805_174708,paired_hierarchical,1,0,0,5d0e9ff5482e9c83,xylR->xylE,shared_complete_observation_shared_scores,maximum,prefix,complete,0,500,0.6,0.9,biological_error,2151398048,921666314,2151398048,xylR,xylE,False,identifiable,arcA|cpxR|crp|dicF|fis|rpoD,500,0.014612784972932344,0.03373369805353624,0.15448276261641475,0.4331806417944894,0.20473900348005025,5636,,,,[],0,,False,True,
csd-20260805_174708,paired_hierarchical,1,0,0,5d0e9ff5482e9c83,xylR->xylF,shared_complete_observation_shared_scores,maximum,prefix,complete,0,500,0.6,0.9,biological_error,2151398048,921666314,2151398048,xylR,xylF,False,identifiable,arcA|crp|dicF|fis|spf,500,0.02845350493119849,0.05026588162587007,0.3431767702943793,0.5660599995634907,0.20873806264448236,5636,,,,[],0,,False,True,
csd-20260805_174708,paired_hierarchical,1,0,0,5d0e9ff5482e9c83,xylR->xylG,shared_complete_observation_shared_scores,maximum,prefix,complete,0,500,0.6,0.9,biological_error,2151398048,921666314,2151398048,xylR,xylG,False,identifiable,arcA|crp|dicF|fis,500,0.022147385813322023,0.046164183211353856,0.2894625332526107,0.4797525759726857,0.2939627938316982,5636,,,,[],0,,False,True,
csd-20260805_174708,paired_hierarchical,1,0,0,5d0e9ff5482e9c83,xylR->xylH,shared_complete_observation_shared_scores,maximum,prefix,complete,0,500,0.6,0.9,biological_error,2151398048,921666314,2151398048,xylR,xylH,False,identifiable,arcA|crp|dicF|fis,500,0.009329182167706913,0.02627692766970502,0.0937845325081964,0.35503321716193775,0.0829095431285229,5636,,,,[],0,,False,True,
csd-20260805_174708,paired_hierarchical,1,0,0,5d0e9ff5482e9c83,argP->asd,shared_complete_observation_shared_scores,maximum,prefix,complete,0,500,0.6,0.9,biological_error,2151398048,921666314,2151398048,argP,asd,False,identifiable,alpA|basR|btsR|glaR|glrR|nsrR|ptrR|rcdA,500,-0.1876114385362167,0.1430704978753785,0.7045904295815274,-1.3113216304009478,0.2640199787466885,5636,,,,[],0,,False,True,
csd-20260805_174708,paired_hierarchical,1,0,0,5d0e9ff5482e9c83,lrp->alaS,shared_complete_observation_shared_scores,maximum,prefix,complete,0,500,0.6,0.9,biological_error,2151398048,921666314,2151398048,lrp,alaS,False,identifiable,alpA|basR|btsR|glaR|glrR|nsrR|ptrR|rcdA,500,-0.03281967910441077,0.04314820099064844,0.06873155177320471,-0.760626824546493,-0.2984314882437418,5636,,,,[],0,,False,True,
csd-20260805_174708,paired_hierarchical,1,0,0,5d0e9ff5482e9c83,lrp->amiC,shared_complete_observation_shared_scores,maximum,prefix,complete,0,500,0.6,0.9,biological_error,2151398048,921666314,2151398048,lrp,amiC,False,identifiable,alpA|basR|btsR|glaR|glrR|nsrR|ptrR|rcdA,500,0.0656988551245621,0.04306710521922128,0.06847343671151952,1.525499677541365,-0.11942912083351727,5636,,,,[],0,,False,True,
csd-20260805_174708,paired_hierarchical,1,0,0,5d0e9ff5482e9c83,lrp->aphA,shared_complete_observation_shared_scores,maximum,prefix,complete,0,500,0.6,0.9,biological_error,2151398048,921666314,2151398048,lrp,aphA,False,identifiable,alpA|basR|btsR|glaR|glrR|nsrR|ptrR|rcdA,500,-0.003643602997867,0.0760095486929225,0.21328831874396134,-0.047936121981030366,-0.3293697709755861,5636,,,,[],0,,False,True,
csd-20260805_174708,paired_hierarchical,1,0,0,5d0e9ff5482e9c83,lrp->arcB,shared_complete_observation_shared_scores,maximum,prefix,complete,0,500,0.6,0.9,biological_error,2151398048,921666314,2151398048,lrp,arcB,False,identifiable,alpA|basR|btsR|glaR|glrR|nsrR|ptrR|rcdA,500,0.010703970594091068,0.06609972139701137,0.16129838574604033,0.16193669758152773,-0.13029411352903222,5636,,,,[],0,,False,True,
csd-20260805_174708,paired_hierarchical,1,0,0,5d0e9ff5482e9c83,lrp->aspS,shared_complete_observation_shared_scores,maximum,prefix,complete,0,500,0.6,0.9,biological_error,2151398048,921666314,2151398048,lrp,aspS,False,identifiable,alpA|basR|btsR|glaR|glrR|nsrR|ptrR|rcdA,500,0.008123427376148806,0.05525475772860169,0.11271199092121457,0.1470176996531079,-0.42847057643892905,5636,,,,[],0,,False,True,
csd-20260805_174708,paired_hierarchical,1,0,0,5d0e9ff5482e9c83,lrp->avtA,shared_complete_observation_shared_scores,maximum,prefix,complete,0,500,0.6,0.9,biological_error,2151398048,921666314,2151398048,lrp,avtA,False,identifiable,alpA|basR|btsR|glaR|glrR|nsrR|ptrR|rcdA,500,-0.1749340848482453,0.06607700022468328,0.16118751512645335,-2.6474277623592557,-0.64279664122837,5636,,,,[],0,,False,True,
csd-20260805_174708,paired_hierarchical,1,0,0,5d0e9ff5482e9c83,lrp->brnQ,shared_complete_observation_shared_scores,maximum,prefix,complete,0,500,0.6,0.9,biological_error,2151398048,921666314,2151398048,lrp,brnQ,False,identifiable,alpA|basR|btsR|glaR|glrR|nsrR|ptrR|rcdA,500,0.06165481292902633,0.06870356611422154,0.17425663495320706,0.8974033869875624,-0.0750326826155182,5636,,,,[],0,,False,True,
csd-20260805_174708,paired_hierarchical,1,0,0,5d0e9ff5482e9c83,lrp->cpoB,shared_complete_observation_shared_scores,maximum,prefix,complete,0,500,0.6,0.9,biological_error,2151398048,921666314,2151398048,lrp,cpoB,False,identifiable,alpA|basR|btsR|glaR|glrR|nsrR|ptrR|rcdA,500,-0.007352373040637057,0.05144275959058764,0.09769656149462806,-0.1429233792889739,-0.14610298530134794,5636,,,,[],0,,False,True,
csd-20260805_174708,paired_hierarchical,1,0,0,5d0e9ff5482e9c83,lrp->dedA,shared_complete_observation_shared_scores,maximum,prefix,complete,0,500,0.6,0.9,biological_error,2151398048,921666314,2151398048,lrp,dedA,False,identifiable,alpA|basR|btsR|glaR|glrR|nsrR|ptrR|rcdA,500,-0.01862132237571022,0.04666546187184336,0.08039367842218567,-0.3990386386156355,-0.20880347644519626,5636,,,,[],0,,False,True,
csd-20260805_174708,paired_hierarchical,1,0,0,5d0e9ff5482e9c83,lrp->dgcM,shared_complete_observation_shared_scores,maximum,prefix,complete,0,500,0.6,0.9,biological_error,2151398048,921666314,2151398048,lrp,dgcM,False,identifiable,alpA|basR|btsR|glaR|glrR|nsrR|ptrR|rcdA,500,0.011005464253165134,0.06062706955857195,0.13569502233824188,0.18152723417602643,-0.24710589320305287,5636,,,,[],0,,False,True,
csd-20260805_174708,paired_hierarchical,1,0,0,5d0e9ff5482e9c83,lrp->dgcQ,shared_complete_observation_shared_scores,maximum,prefix,complete,0,500,0.6,0.9,biological_error,2151398048,921666314,2151398048,lrp,dgcQ,False,identifiable,alpA|basR|btsR|glaR|glrR|nsrR|ptrR|rcdA,500,-0.053307308572907344,0.06303009860357209,0.1466650842793816,-0.8457436963280631,-0.518034719532641,5636,,,,[],0,,False,True,
csd-20260805_174708,paired_hierarchical,1,0,0,5d0e9ff5482e9c83,lrp->dtpB,shared_complete_observation_shared_scores,maximum,prefix,complete,0,500,0.6,0.9,biological_error,2151398048,921666314,2151398048,lrp,dtpB,False,identifiable,alpA|basR|btsR|glaR|glrR|nsrR|ptrR|rcdA,500,0.0046529946141830245,0.04675964891954907,0.08071853044002845,0.09950875854924823,-0.2303097181508261,5636,,,,[],0,,False,True,
csd-20260805_174708,paired_hierarchical,1,0,0,5d0e9ff5482e9c83,lrp->eco,shared_complete_observation_shared_scores,maximum,prefix,complete,0,500,0.6,0.9,biological_error,2151398048,921666314,2151398048,lrp,eco,False,identifiable,alpA|basR|btsR|glaR|glrR|nsrR|ptrR|rcdA,500,-0.015149575841346366,0.06291992553843945,0.1461528077597582,-0.24077548903154836,-0.4209795428843562,5636,,,,[],0,,False,True,
csd-20260805_174708,paired_hierarchical,1,0,0,5d0e9ff5482e9c83,lrp->insH3,shared_complete_observation_shared_scores,maximum,prefix,complete,0,500,0.6,0.9,biological_error,2151398048,921666314,2151398048,lrp,insH3,False,identifiable,alpA|basR|btsR|glaR|glrR|nsrR|ptrR|rcdA,500,0.004032872652424703,0.06903119406736809,0.17592255927529538,0.05842101830788252,0.2139820122180448,5636,,,,[],0,,False,True,
csd-20260805_174708,paired_hierarchical,1,0,0,5d0e9ff5482e9c83,lrp->intZ,shared_complete_observation_shared_scores,maximum,prefix,complete,0,500,0.6,0.9,biological_error,2151398048,921666314,2151398048,lrp,intZ,False,identifiable,alpA|basR|btsR|glaR|glrR|nsrR|ptrR|rcdA,500,0.006303244945588637,0.06976791053020821,0.1796975666322842,0.09034590397915743,-0.2433095021092633,5636,,,,[],0,,False,True,
csd-20260805_174708,paired_hierarchical,1,0,0,5d0e9ff5482e9c83,lrp->leuE,shared_complete_observation_shared_scores,maximum,prefix,complete,0,500,0.6,0.9,biological_error,2151398048,921666314,2151398048,lrp,leuE,False,identifiable,alpA|basR|btsR|glaR|glrR|nsrR|ptrR|rcdA,500,0.014332737290821906,0.06522803046528051,0.15707218812780516,0.2197327926136129,-0.14078865959364695,5636,,,,[],0,,False,True,
csd-20260805_174708,paired_hierarchical,1,0,0,5d0e9ff5482e9c83,lrp->lipA,shared_complete_observation_shared_scores,maximum,prefix,complete,0,500,0.6,0.9,biological_error,2151398048,921666314,2151398048,lrp,lipA,False,identifiable,alpA|basR|btsR|glaR|glrR|nsrR|ptrR|rcdA,500,-0.009079201502044481,0.04685238668146594,0.08103902381968317,-0.1937831164028207,0.307702122887315,5636,,,,[],0,,False,True,
csd-20260805_174708,paired_hierarchical,1,0,0,5d0e9ff5482e9c83,lrp->lolC,shared_complete_observation_shared_scores,maximum,prefix,complete,0,500,0.6,0.9,biological_error,2151398048,921666314,2151398048,lrp,lolC,False,identifiable,alpA|basR|btsR|glaR|glrR|nsrR|ptrR|rcdA,500,-0.030290715419052094,0.05473992508867267,0.11062140256229049,-0.5533569030279903,0.12660861356645478,5636,,,,[],0,,False,True,
csd-20260805_174708,paired_hierarchical,1,0,0,5d0e9ff5482e9c83,lrp->lpxL,shared_complete_observation_shared_scores,maximum,prefix,complete,0,500,0.6,0.9,biological_error,2151398048,921666314,2151398048,lrp,lpxL,False,identifiable,alpA|basR|btsR|glaR|glrR|nsrR|ptrR|rcdA,500,-0.11553829920038895,0.04817164311754146,0.0856670246562728,-2.398471210925256,-0.14201517654618664,5636,,,,[],0,,False,True,
csd-20260805_174708,paired_hierarchical,1,0,0,5d0e9ff5482e9c83,lrp->mnmA,shared_complete_observation_shared_scores,maximum,prefix,complete,0,500,0.6,0.9,biological_error,2151398048,921666314,2151398048,lrp,mnmA,False,identifiable,alpA|basR|btsR|glaR|glrR|nsrR|ptrR|rcdA,500,-0.02486129256758593,0.0788337482579267,0.22943259404158067,-0.31536357355792904,-0.23132313755020098,5636,,,,[],0,,False,True,
csd-20260805_174708,paired_hierarchical,1,0,0,5d0e9ff5482e9c83,lrp->msbA,shared_complete_observation_shared_scores,maximum,prefix,complete,0,500,0.6,0.9,biological_error,2151398048,921666314,2151398048,lrp,msbA,False,identifiable,alpA|basR|btsR|glaR|glrR|nsrR|ptrR|rcdA,500,0.017154483931336385,0.06694312287992008,0.16544082972896615,0.2562546112781057,-0.3789047830083517,5636,,,,[],0,,False,True,
csd-20260805_174708,paired_hierarchical,1,0,0,5d0e9ff5482e9c83,lrp->mscK,shared_complete_observation_shared_scores,maximum,prefix,complete,0,500,0.6,0.9,biological_error,2151398048,921666314,2151398048,lrp,mscK,False,identifiable,alpA|basR|btsR|glaR|glrR|nsrR|ptrR|rcdA,500,-0.017754503800944274,0.05501693150860217,0.11174381445060945,-0.32270981521694403,-0.12580149170737798,5636,,,,[],0,,False,True,
csd-20260805_174708,paired_hierarchical,1,0,0,5d0e9ff5482e9c83,lrp->mscS,shared_complete_observation_shared_scores,maximum,prefix,complete,0,500,0.6,0.9,biological_error,2151398048,921666314,2151398048,lrp,mscS,False,identifiable,alpA|basR|btsR|glaR|glrR|nsrR|ptrR|rcdA,500,0.019662565258628063,0.08333593568145181,0.25638664243956794,0.235943415020711,-0.32682890383895613,5636,,,,[],0,,False,True,
csd-20260805_174708,paired_hierarchical,1,0,0,5d0e9ff5482e9c83,lrp->mutY,shared_complete_observation_shared_scores,maximum,prefix,complete,0,500,0.6,0.9,biological_error,2151398048,921666314,2151398048,lrp,mutY,False,identifiable,alpA|basR|btsR|glaR|glrR|nsrR|ptrR|rcdA,500,-0.03684188261980987,0.07226162553785771,0.1927730047748968,-0.5098402138837644,-0.22621862090727154,5636,,,,[],0,,False,True,
csd-20260805_174708,paired_hierarchical,1,0,0,5d0e9ff5482e9c83,lrp->pabB,shared_complete_observation_shared_scores,maximum,prefix,complete,0,500,0.6,0.9,biological_error,2151398048,921666314,2151398048,lrp,pabB,False,identifiable,alpA|basR|btsR|glaR|glrR|nsrR|ptrR|rcdA,500,-0.024091976002614916,0.05579180399114934,0.11491363736383281,-0.431819268766373,-0.15656583021993734,5636,,,,[],0,,False,True,
csd-20260805_174708,paired_hierarchical,1,0,0,5d0e9ff5482e9c83,lrp->pal,shared_complete_observation_shared_scores,maximum,prefix,complete,0,500,0.6,0.9,biological_error,2151398048,921666314,2151398048,lrp,pal,False,identifiable,alpA|basR|btsR|glaR|glrR|nsrR|ptrR|rcdA,500,-0.07070671604129301,0.058734657944545826,0.12735607054088433,-1.203832941498537,-0.2537277203855494,5636,,,,[],0,,False,True,
csd-20260805_174708,paired_hierarchical,1,0,0,5d0e9ff5482e9c83,lrp->panZ,shared_complete_observation_shared_scores,maximum,prefix,complete,0,500,0.6,0.9,biological_error,2151398048,921666314,2151398048,lrp,panZ,False,identifiable,alpA|basR|btsR|glaR|glrR|nsrR|ptrR|rcdA,500,0.03364914564083355,0.056512027248881797,0.11789965574768285,0.5954333489513839,-0.18313853451798895,5636,,,,[],0,,False,True,
csd-20260805_174708,paired_hierarchical,1,0,0,5d0e9ff5482e9c83,lrp->pgl,shared_complete_observation_shared_scores,maximum,prefix,complete,0,500,0.6,0.9,biological_error,2151398048,921666314,2151398048,lrp,pgl,False,identifiable,alpA|basR|btsR|glaR|glrR|nsrR|ptrR|rcdA,500,0.056553547380246975,0.06458790515161418,0.1540044112309856,0.8756058467524641,-0.31679199869796854,5636,,,,[],0,,False,True,
csd-20260805_174708,paired_hierarchical,1,0,0,5d0e9ff5482e9c83,lrp->pyrI,shared_complete_observation_shared_scores,maximum,prefix,complete,0,500,0.6,0.9,biological_error,2151398048,921666314,2151398048,lrp,pyrI,False,identifiable,alpA|basR|btsR|glaR|glrR|nsrR|ptrR|rcdA,500,0.00022935203298035667,0.05913929425405663,0.12911688444671385,0.003878166553612945,0.2618209269708534,5636,,,,[],0,,False,True,
csd-20260805_174708,paired_hierarchical,1,0,0,5d0e9ff5482e9c83,lrp->rhtB,shared_complete_observation_shared_scores,maximum,prefix,complete,0,500,0.6,0.9,biological_error,2151398048,921666314,2151398048,lrp,rhtB,False,identifiable,alpA|basR|btsR|glaR|glrR|nsrR|ptrR|rcdA,500,0.1609780218562677,0.058111154683009,0.12466650181615352,2.7701742072479543,0.4892112705871329,5636,,,,[],0,,False,True,
csd-20260805_174708,paired_hierarchical,1,0,0,5d0e9ff5482e9c83,lrp->ridA,shared_complete_observation_shared_scores,maximum,prefix,complete,0,500,0.6,0.9,biological_error,2151398048,921666314,2151398048,lrp,ridA,False,identifiable,alpA|basR|btsR|glaR|glrR|nsrR|ptrR|rcdA,500,-0.02351216103356612,0.06850207041495392,0.17323600455998242,-0.34323285254212466,-0.7491507464371877,5636,,,,[],0,,False,True,
csd-20260805_174708,paired_hierarchical,1,0,0,5d0e9ff5482e9c83,lrp->rnr,shared_complete_observation_shared_scores,maximum,prefix,complete,0,500,0.6,0.9,biological_error,2151398048,921666314,2151398048,lrp,rnr,False,identifiable,alpA|basR|btsR|glaR|glrR|nsrR|ptrR|rcdA,500,0.003376001574803361,0.04488162853115352,0.0743648963433799,0.07522012202520659,0.20667403062239448,5636,,,,[],0,,False,True,
csd-20260805_174708,paired_hierarchical,1,0,0,5d0e9ff5482e9c83,lrp->rpiA,shared_complete_observation_shared_scores,maximum,prefix,complete,0,500,0.6,0.9,biological_error,2151398048,921666314,2151398048,lrp,rpiA,False,identifiable,alpA|basR|btsR|glaR|glrR|nsrR|ptrR|rcdA,500,0.08162338259526568,0.05432599138430838,0.10895472877068635,1.502473871444929,-0.15094533515936726,5636,,,,[],0,,False,True,
csd-20260805_174708,paired_hierarchical,1,0,0,5d0e9ff5482e9c83,lrp->sad,shared_complete_observation_shared_scores,maximum,prefix,complete,0,500,0.6,0.9,biological_error,2151398048,921666314,2151398048,lrp,sad,False,identifiable,alpA|basR|btsR|glaR|glrR|nsrR|ptrR|rcdA,500,0.07791567761313317,0.08763981934812164,0.28355265000051955,0.8890442517189319,0.28970632034564414,5636,,,,[],0,,False,True,
csd-20260805_174708,paired_hierarchical,1,0,0,5d0e9ff5482e9c83,lrp->sdaC,shared_complete_observation_shared_scores,maximum,prefix,complete,0,500,0.6,0.9,biological_error,2151398048,921666314,2151398048,lrp,sdaC,False,identifiable,alpA|basR|btsR|glaR|glrR|nsrR|ptrR|rcdA,500,-0.05468100714892181,0.058148105618081355,0.12482509472014348,-0.9403746960918803,-0.10772904513685037,5636,,,,[],0,,False,True,
csd-20260805_174708,paired_hierarchical,1,0,0,5d0e9ff5482e9c83,lrp->serB,shared_complete_observation_shared_scores,maximum,prefix,complete,0,500,0.6,0.9,biological_error,2151398048,921666314,2151398048,lrp,serB,False,identifiable,alpA|basR|btsR|glaR|glrR|nsrR|ptrR|rcdA,500,0.07499280741020577,0.061928971479944646,0.14158540832653352,1.2109486984535465,0.33927411297100085,5636,,,,[],0,,False,True,
csd-20260805_174708,paired_hierarchical,1,0,0,5d0e9ff5482e9c83,lrp->serS,shared_complete_observation_shared_scores,maximum,prefix,complete,0,500,0.6,0.9,biological_error,2151398048,921666314,2151398048,lrp,serS,False,identifiable,alpA|basR|btsR|glaR|glrR|nsrR|ptrR|rcdA,500,-0.07963506348445613,0.05036872673180264,0.0936596882872716,-1.5810418220116498,-0.2097462143602104,5636,,,,[],0,,False,True,
csd-20260805_174708,paired_hierarchical,1,0,0,5d0e9ff5482e9c83,lrp->slyX,shared_complete_observation_shared_scores,maximum,prefix,complete,0,500,0.6,0.9,biological_error,2151398048,921666314,2151398048,lrp,slyX,False,identifiable,alpA|basR|btsR|glaR|glrR|nsrR|ptrR|rcdA,500,0.15801590575971347,0.052705572309788715,0.10255192812282643,2.998087276824163,0.2808343796494453,5636,,,,[],0,,False,True,
csd-20260805_174708,paired_hierarchical,1,0,0,5d0e9ff5482e9c83,lrp->trhO,shared_complete_observation_shared_scores,maximum,prefix,complete,0,500,0.6,0.9,biological_error,2151398048,921666314,2151398048,lrp,trhO,False,identifiable,alpA|basR|btsR|glaR|glrR|nsrR|ptrR|rcdA,500,-0.0016511951226066968,0.0712465543674421,0.1873952138643724,-0.02317578916295287,-0.196041651516906,5636,,,,[],0,,False,True,
csd-20260805_174708,paired_hierarchical,1,0,0,5d0e9ff5482e9c83,lrp->tsuA,shared_complete_observation_shared_scores,maximum,prefix,complete,0,500,0.6,0.9,biological_error,2151398048,921666314,2151398048,lrp,tsuA,False,identifiable,alpA|basR|btsR|glaR|glrR|nsrR|ptrR|rcdA,500,0.04203629978175537,0.06130081037243197,0.13872770272322274,0.6857380763217417,0.2886290524608469,5636,,,,[],0,,False,True,
csd-20260805_174708,paired_hierarchical,1,0,0,5d0e9ff5482e9c83,lrp->yaaX,shared_complete_observation_shared_scores,maximum,prefix,complete,0,500,0.6,0.9,biological_error,2151398048,921666314,2151398048,lrp,yaaX,False,identifiable,alpA|basR|btsR|glaR|glrR|nsrR|ptrR|rcdA,500,-0.00668916142424119,0.06061977254517349,0.13566236006986976,-0.11034619800423148,0.17604632058439226,5636,,,,[],0,,False,True,
csd-20260805_174708,paired_hierarchical,1,0,0,5d0e9ff5482e9c83,lrp->yabQ,shared_complete_observation_shared_scores,maximum,prefix,complete,0,500,0.6,0.9,biological_error,2151398048,921666314,2151398048,lrp,yabQ,False,identifiable,alpA|basR|btsR|glaR|glrR|nsrR|ptrR|rcdA,500,-0.0077665082936937,0.056039272688386016,0.11593531418659696,-0.13859045489188312,0.5890273762087186,5636,,,,[],0,,False,True,
csd-20260805_174708,paired_hierarchical,1,0,0,5d0e9ff5482e9c83,lrp->yacL,shared_complete_observation_shared_scores,maximum,prefix,complete,0,500,0.6,0.9,biological_error,2151398048,921666314,2151398048,lrp,yacL,False,identifiable,alpA|basR|btsR|glaR|glrR|nsrR|ptrR|rcdA,500,-0.005080786693522646,0.0629499891672354,0.14629250701840316,-0.0807114784408434,0.2709215975674958,5636,,,,[],0,,False,True,
csd-20260805_174708,paired_hierarchical,1,0,0,5d0e9ff5482e9c83,lrp->ybdF,shared_complete_observation_shared_scores,maximum,prefix,complete,0,500,0.6,0.9,biological_error,2151398048,921666314,2151398048,lrp,ybdF,False,identifiable,alpA|basR|btsR|glaR|glrR|nsrR|ptrR|rcdA,500,0.0137881110529561,0.0670056535699617,0.16575004628246076,0.20577533862213146,0.10406426390372323,5636,,,,[],0,,False,True,
csd-20260805_174708,paired_hierarchical,1,0,0,5d0e9ff5482e9c83,lrp->ybdG,shared_complete_observation_shared_scores,maximum,prefix,complete,0,500,0.6,0.9,biological_error,2151398048,921666314,2151398048,lrp,ybdG,False,identifiable,alpA|basR|btsR|glaR|glrR|nsrR|ptrR|rcdA,500,-0.11285593174471162,0.050036395929527425,0.09242783998274036,-2.255476831378121,-0.3348949005497981,5636,,,,[],0,,False,True,
csd-20260805_174708,paired_hierarchical,1,0,0,5d0e9ff5482e9c83,lrp->ybdL,shared_complete_observation_shared_scores,maximum,prefix,complete,0,500,0.6,0.9,biological_error,2151398048,921666314,2151398048,lrp,ybdL,False,identifiable,alpA|basR|btsR|glaR|glrR|nsrR|ptrR|rcdA,500,0.11828313780999751,0.06734324264466014,0.16742442327975435,1.7564217754426257,-0.0975632773933222,5636,,,,[],0,,False,True,
csd-20260805_174708,paired_hierarchical,1,0,0,5d0e9ff5482e9c83,lrp->ybgS,shared_complete_observation_shared_scores,maximum,prefix,complete,0,500,0.6,0.9,biological_error,2151398048,921666314,2151398048,lrp,ybgS,False,identifiable,alpA|basR|btsR|glaR|glrR|nsrR|ptrR|rcdA,500,0.019796372769639557,0.05004688221946097,0.09246658484722596,0.39555656399993766,0.20239363886773262,5636,,,,[],0,,False,True,
csd-20260805_174708,paired_hierarchical,1,0,0,5d0e9ff5482e9c83,lrp->ybhQ,shared_complete_observation_shared_scores,maximum,prefix,complete,0,500,0.6,0.9,biological_error,2151398048,921666314,2151398048,lrp,ybhQ,False,identifiable,alpA|basR|btsR|glaR|glrR|nsrR|ptrR|rcdA,500,-0.001530850548326617,0.04824060747497624,0.08591248858336444,-0.031733649894867356,-0.1963269168635909,5636,,,,[],0,,False,True,
csd-20260805_174708,paired_hierarchical,1,0,0,5d0e9ff5482e9c83,lrp->ybiJ,shared_complete_observation_shared_scores,maximum,prefix,complete,0,500,0.6,0.9,biological_error,2151398048,921666314,2151398048,lrp,ybiJ,False,identifiable,alpA|basR|btsR|glaR|glrR|nsrR|ptrR|rcdA|yhaJ,500,0.01952435122887192,0.06898077130411885,0.1756610685700473,0.28304048881671634,-0.17653854742996505,5636,,,,[],0,,False,True,
csd-20260805_174708,paired_hierarchical,1,0,0,5d0e9ff5482e9c83,lrp->ybiO,shared_complete_observation_shared_scores,maximum,prefix,complete,0,500,0.6,0.9,biological_error,2151398048,921666314,2151398048,lrp,ybiO,False,identifiable,alpA|basR|btsR|glaR|glrR|nsrR|ptrR|rcdA,500,-0.2680486191277357,0.0743407551460655,0.20402561689928192,-3.6056752262076293,-0.4224280492100358,5636,,,,[],0,,False,True,
csd-20260805_174708,paired_hierarchical,1,0,0,5d0e9ff5482e9c83,lrp->ybjS,shared_complete_observation_shared_scores,maximum,prefix,complete,0,500,0.6,0.9,biological_error,2151398048,921666314,2151398048,lrp,ybjS,False,identifiable,alpA|basR|btsR|glaR|glrR|nsrR|ptrR|rcdA,500,-0.019526332885103435,0.050119652010114125,0.09273567917042863,-0.389594342777221,-0.4080604468906185,5636,,,,[],0,,False,True,
csd-20260805_174708,paired_hierarchical,1,0,0,5d0e9ff5482e9c83,lrp->ycaM,shared_complete_observation_shared_scores,maximum,prefix,complete,0,500,0.6,0.9,biological_error,2151398048,921666314,2151398048,lrp,ycaM,False,identifiable,alpA|basR|btsR|glaR|glrR|nsrR|ptrR|rcdA,500,-0.13597199801672682,0.059593460266665635,0.1311076308379564,-2.2816597225314084,-0.32861055197591926,5636,,,,[],0,,False,True,
csd-20260805_174708,paired_hierarchical,1,0,0,5d0e9ff5482e9c83,lrp->yceB,shared_complete_observation_shared_scores,maximum,prefix,complete,0,500,0.6,0.9,biological_error,2151398048,921666314,2151398048,lrp,yceB,False,identifiable,alpA|basR|btsR|glaR|glrR|nsrR|ptrR|rcdA,500,-0.15938543066084548,0.05942205807264838,0.130354534159334,-2.6822603563475305,-0.3794555473609282,5636,,,,[],0,,False,True,
csd-20260805_174708,paired_hierarchical,1,0,0,5d0e9ff5482e9c83,lrp->ycfJ,shared_complete_observation_shared_scores,maximum,prefix,complete,0,500,0.6,0.9,biological_error,2151398048,921666314,2151398048,lrp,ycfJ,False,identifiable,alpA|basR|btsR|glaR|glrR|nsrR|ptrR|rcdA,500,0.024236978344784634,0.04207005806757646,0.06533967741093087,0.5761099332416695,0.12333017768393531,5636,,,,[],0,,False,True,
csd-20260805_174708,paired_hierarchical,1,0,0,5d0e9ff5482e9c83,lrp->ychE,shared_complete_observation_shared_scores,maximum,prefix,complete,0,500,0.6,0.9,biological_error,2151398048,921666314,2151398048,lrp,ychE,False,identifiable,alpA|basR|btsR|glaR|glrR|nsrR|ptrR|rcdA,500,-0.08277023710895576,0.04099028180289679,0.062028684555433755,-2.019264895688187,-0.19571636436683756,5636,,,,[],0,,False,True,
csd-20260805_174708,paired_hierarchical,1,0,0,5d0e9ff5482e9c83,lrp->yciN,shared_complete_observation_shared_scores,maximum,prefix,complete,0,500,0.6,0.9,biological_error,2151398048,921666314,2151398048,lrp,yciN,False,identifiable,alpA|basR|btsR|glaR|glrR|nsrR|ptrR|rcdA,500,-0.18243380717495583,0.08794420176660595,0.28552568739878076,-2.0744267786876356,-0.2708928035040697,5636,,,,[],0,,False,True,
csd-20260805_174708,paired_hierarchical,1,0,0,5d0e9ff5482e9c83,lrp->ydcK,shared_complete_observation_shared_scores,maximum,prefix,complete,0,500,0.6,0.9,biological_error,2151398048,921666314,2151398048,lrp,ydcK,False,identifiable,alpA|basR|btsR|glaR|glrR|nsrR|ptrR|rcdA,500,0.002901214850338541,0.06053943676044398,0.13530302778926798,0.04792272616969858,0.36533544708596244,5636,,,,[],0,,False,True,
csd-20260805_174708,paired_hierarchical,1,0,0,5d0e9ff5482e9c83,lrp->yebF,shared_complete_observation_shared_scores,maximum,prefix,complete,0,500,0.6,0.9,biological_error,2151398048,921666314,2151398048,lrp,yebF,False,identifiable,alpA|basR|btsR|glaR|glrR|nsrR|ptrR|rcdA,500,-0.06514737934154383,0.05619037981773019,0.11656138482474626,-1.1594045022096,-0.2440199283006899,5636,,,,[],0,,False,True,
csd-20260805_174708,paired_hierarchical,1,0,0,5d0e9ff5482e9c83,lrp->yehL,shared_complete_observation_shared_scores,maximum,prefix,complete,0,500,0.6,0.9,biological_error,2151398048,921666314,2151398048,lrp,yehL,False,identifiable,alpA|basR|btsR|glaR|glrR|nsrR|ptrR|rcdA,500,-0.04462648355296138,0.05973325157051074,0.1317234434683079,-0.7470961713892819,-0.2370512698662898,5636,,,,[],0,,False,True,
csd-20260805_174708,paired_hierarchical,1,0,0,5d0e9ff5482e9c83,lrp->yfaP,shared_complete_observation_shared_scores,maximum,prefix,complete,0,500,0.6,0.9,biological_error,2151398048,921666314,2151398048,lrp,yfaP,False,identifiable,alpA|basR|btsR|glaR|glrR|nsrR|ptrR|rcdA,500,-0.014607093962597045,0.10605842774498178,0.4152609875149641,-0.1377268574801043,0.23038930428456877,5636,,,,[],0,,False,True,
csd-20260805_174708,paired_hierarchical,1,0,0,5d0e9ff5482e9c83,lrp->ygiV,shared_complete_observation_shared_scores,maximum,prefix,complete,0,500,0.6,0.9,biological_error,2151398048,921666314,2151398048,lrp,ygiV,False,identifiable,alpA|basR|btsR|glaR|glrR|nsrR|ptrR|rcdA,500,0.18348402072479564,0.05123924305415519,0.0969250812734743,3.5809276208641454,0.4072802147728546,5636,,,,[],0,,False,True,
csd-20260805_174708,paired_hierarchical,1,0,0,5d0e9ff5482e9c83,lrp->ygiW,shared_complete_observation_shared_scores,maximum,prefix,complete,0,500,0.6,0.9,biological_error,2151398048,921666314,2151398048,lrp,ygiW,False,identifiable,alpA|basR|btsR|glaR|glrR|nsrR|ptrR|rcdA,500,-0.06389180981139675,0.05355880207046811,0.10589914958880783,-1.1929282833348913,-0.4746975792477143,5636,,,,[],0,,False,True,
csd-20260805_174708,paired_hierarchical,1,0,0,5d0e9ff5482e9c83,lrp->yhbY,shared_complete_observation_shared_scores,maximum,prefix,complete,0,500,0.6,0.9,biological_error,2151398048,921666314,2151398048,lrp,yhbY,False,identifiable,alpA|basR|btsR|glaR|glrR|nsrR|ptrR|rcdA,500,-0.10562862558498512,0.06329345097080957,0.14789323681736852,-1.668871328152105,-0.30845850504212524,5636,,,,[],0,,False,True,
csd-20260805_174708,paired_hierarchical,1,0,0,5d0e9ff5482e9c83,lrp->yhcN,shared_complete_observation_shared_scores,maximum,prefix,complete,0,500,0.6,0.9,biological_error,2151398048,921666314,2151398048,lrp,yhcN,False,identifiable,alpA|basR|btsR|glaR|glrR|nsrR|ptrR|rcdA,500,-0.06848425685178239,0.06679048772486681,0.16468725572996615,-1.0253594364199405,-0.27330951206938625,5636,,,,[],0,,False,True,
csd-20260805_174708,paired_hierarchical,1,0,0,5d0e9ff5482e9c83,lrp->yhhA,shared_complete_observation_shared_scores,maximum,prefix,complete,0,500,0.6,0.9,biological_error,2151398048,921666314,2151398048,lrp,yhhA,False,identifiable,alpA|basR|btsR|glaR|glrR|nsrR|ptrR|rcdA,500,-0.04665308848244581,0.08069656209329179,0.24040352363567183,-0.5781298146073565,0.15988860011887623,5636,,,,[],0,,False,True,
csd-20260805_174708,paired_hierarchical,1,0,0,5d0e9ff5482e9c83,lrp->yhhW,shared_complete_observation_shared_scores,maximum,prefix,complete,0,500,0.6,0.9,biological_error,2151398048,921666314,2151398048,lrp,yhhW,False,identifiable,alpA|basR|btsR|glaR|glrR|nsrR|ptrR|rcdA|yhaJ,500,0.10648823161865359,0.0731917120833991,0.19776217985390115,1.4549219930436168,0.18117963663243478,5636,,,,[],0,,False,True,
csd-20260805_174708,paired_hierarchical,1,0,0,5d0e9ff5482e9c83,lrp->yibL,shared_complete_observation_shared_scores,maximum,prefix,complete,0,500,0.6,0.9,biological_error,2151398048,921666314,2151398048,lrp,yibL,False,identifiable,alpA|basR|btsR|glaR|glrR|nsrR|ptrR|rcdA,500,-0.03360057745191111,0.057375719922386444,0.12153099647801245,-0.5856236313437713,0.21314078165948813,5636,,,,[],0,,False,True,
csd-20260805_174708,paired_hierarchical,1,0,0,5d0e9ff5482e9c83,lrp->yibT,shared_complete_observation_shared_scores,maximum,prefix,complete,0,500,0.6,0.9,biological_error,2151398048,921666314,2151398048,lrp,yibT,False,identifiable,alpA|basR|btsR|glaR|glrR|nsrR|ptrR|rcdA,500,-0.03683364407774053,0.06135075689627225,0.13895385925369677,-0.6003779894682699,0.1688783351591651,5636,,,,[],0,,False,True,
csd-20260805_174708,paired_hierarchical,1,0,0,5d0e9ff5482e9c83,lrp->yicH,shared_complete_observation_shared_scores,maximum,prefix,complete,0,500,0.6,0.9,biological_error,2151398048,921666314,2151398048,lrp,yicH,False,identifiable,alpA|basR|btsR|glaR|glrR|nsrR|ptrR|rcdA,500,0.035005789579962206,0.0703902670647636,0.18291780825339787,0.4973100833351664,0.30102137662040246,5636,,,,[],0,,False,True,
csd-20260805_174708,paired_hierarchical,1,0,0,5d0e9ff5482e9c83,lrp->yiiM,shared_complete_observation_shared_scores,maximum,prefix,complete,0,500,0.6,0.9,biological_error,2151398048,921666314,2151398048,lrp,yiiM,False,identifiable,alpA|basR|btsR|glaR|glrR|nsrR|ptrR|rcdA,500,-0.03814797218492277,0.059414268158231955,0.1303203588332767,-0.6420675263276351,-0.22173613355633326,5636,,,,[],0,,False,True,
csd-20260805_174708,paired_hierarchical,1,0,0,5d0e9ff5482e9c83,lrp->yjfP,shared_complete_observation_shared_scores,maximum,prefix,complete,0,500,0.6,0.9,biological_error,2151398048,921666314,2151398048,lrp,yjfP,False,identifiable,alpA|basR|btsR|glaR|glrR|nsrR|ptrR|rcdA,500,0.10860062608605758,0.05343345906108941,0.10540406062387514,2.032446111375583,0.21017556640601082,5636,,,,[],0,,False,True,
csd-20260805_174708,paired_hierarchical,1,0,0,5d0e9ff5482e9c83,lrp->yjiC,shared_complete_observation_shared_scores,maximum,prefix,complete,0,500,0.6,0.9,biological_error,2151398048,921666314,2151398048,lrp,yjiC,False,identifiable,alpA|basR|btsR|glaR|glrR|nsrR|ptrR|rcdA,500,0.06113631740839241,0.0674649680994943,0.16803022222601477,0.9061935272574548,-0.41219627106575496,5636,,,,[],0,,False,True,
csd-20260805_174708,paired_hierarchical,1,0,0,5d0e9ff5482e9c83,lrp->yjiL,shared_complete_observation_shared_scores,maximum,prefix,complete,0,500,0.6,0.9,biological_error,2151398048,921666314,2151398048,lrp,yjiL,False,identifiable,alpA|basR|btsR|glaR|glrR|nsrR|ptrR|rcdA,500,0.021063745359313546,0.08254715287331992,0.25155616217261845,0.25517228185493923,0.6239552773230592,5636,,,,[],0,,False,True,
csd-20260805_174708,paired_hierarchical,1,0,0,5d0e9ff5482e9c83,lrp->yoaH,shared_complete_observation_shared_scores,maximum,prefix,complete,0,500,0.6,0.9,biological_error,2151398048,921666314,2151398048,lrp,yoaH,False,identifiable,alpA|basR|btsR|glaR|glrR|nsrR|ptrR|rcdA,500,0.0992859265721557,0.06110900985557154,0.13786094684360256,1.624734663625112,0.370627604466636,5636,,,,[],0,,False,True,
csd-20260805_174708,paired_hierarchical,1,0,0,5d0e9ff5482e9c83,lrp->yodC,shared_complete_observation_shared_scores,maximum,prefix,complete,0,500,0.6,0.9,biological_error,2151398048,921666314,2151398048,lrp,yodC,False,identifiable,alpA|basR|btsR|glaR|glrR|nsrR|ptrR|rcdA,500,-0.00533206197127044,0.05514364090007655,0.11225912110671787,-0.0966940500162556,-0.19965014364155667,5636,,,,[],0,,False,True,
csd-20260805_174708,paired_hierarchical,1,0,0,5d0e9ff5482e9c83,lrp->yqeG,shared_complete_observation_shared_scores,maximum,prefix,complete,0,500,0.6,0.9,biological_error,2151398048,921666314,2151398048,lrp,yqeG,False,identifiable,alpA|basR|btsR|glaR|glrR|nsrR|ptrR|rcdA,500,-0.00713905254071518,0.0571217334359564,0.12045740958547024,-0.12497962003760486,-0.41019148690903773,5636,,,,[],0,,False,True,
csd-20260805_174708,paired_hierarchical,1,0,0,5d0e9ff5482e9c83,lrp->ytjB,shared_complete_observation_shared_scores,maximum,prefix,complete,0,500,0.6,0.9,biological_error,2151398048,921666314,2151398048,lrp,ytjB,False,identifiable,alpA|basR|btsR|glaR|glrR|nsrR|ptrR|rcdA,500,-0.02872675529489847,0.05526579891017293,0.11275704035932683,-0.5197926359770881,0.49541381551084324,5636,,,,[],0,,False,True,
csd-20260805_174708,paired_hierarchical,1,0,0,5d0e9ff5482e9c83,lrp->yzgL,shared_complete_observation_shared_scores,maximum,prefix,complete,0,500,0.6,0.9,biological_error,2151398048,921666314,2151398048,lrp,yzgL,False,identifiable,alpA|basR|btsR|glaR|glrR|nsrR|ptrR|rcdA,500,0.050163456400581785,0.06105473825415913,0.13761618385431726,0.8216144698182305,0.35246981254371107,5636,,,,[],0,,False,True,
csd-20260805_174708,paired_hierarchical,1,0,0,5d0e9ff5482e9c83,lrp->zipA,shared_complete_observation_shared_scores,maximum,prefix,complete,0,500,0.6,0.9,biological_error,2151398048,921666314,2151398048,lrp,zipA,False,identifiable,alpA|basR|btsR|glaR|glrR|nsrR|ptrR|rcdA,500,0.06757452926572279,0.053096070126768445,0.10407718075471169,1.27268419497689,0.11800179586209379,5636,,,,[],0,,False,True,
csd-20260805_174708,paired_hierarchical,1,0,0,5d0e9ff5482e9c83,lrp->zitB,shared_complete_observation_shared_scores,maximum,prefix,complete,0,500,0.6,0.9,biological_error,2151398048,921666314,2151398048,lrp,zitB,False,identifiable,alpA|basR|btsR|glaR|glrR|nsrR|ptrR|rcdA,500,0.014990912408370454,0.07662703248724063,0.21676780365244935,0.19563477694202278,0.27213368063464427,5636,,,,[],0,,False,True,
csd-20260805_174708,paired_hierarchical,1,0,0,5d0e9ff5482e9c83,arsR->arsB,shared_complete_observation_shared_scores,maximum,prefix,complete,0,500,0.6,0.9,biological_error,2151398048,921666314,2151398048,arsR,arsB,False,identifiable,rpoD,500,-0.025465923780932567,0.053288654078038795,0.22653334117092802,-0.477886413562611,-0.47876830710038354,5636,,,,[],0,,False,True,
csd-20260805_174708,paired_hierarchical,1,0,0,5d0e9ff5482e9c83,arsR->arsC,shared_complete_observation_shared_scores,maximum,prefix,complete,0,500,0.6,0.9,biological_error,2151398048,921666314,2151398048,arsR,arsC,False,identifiable,rpoD,500,-0.01281670833010598,0.04069391695820175,0.1321057183257482,-0.3149539117423988,-0.18176443639953094,5636,,,,[],0,,False,True,
csd-20260805_174708,paired_hierarchical,1,0,0,5d0e9ff5482e9c83,ascG->ascB,shared_complete_observation_shared_scores,maximum,prefix,complete,0,500,0.6,0.9,biological_error,2151398048,921666314,2151398048,ascG,ascB,False,identifiable,crp|hns|rpoD,500,-0.062290186131558914,0.06519949116392304,0.28325071537106933,-0.9553784089349774,-0.4333892449028004,5636,,,,[],0,,False,True,
csd-20260805_174708,paired_hierarchical,1,0,0,5d0e9ff5482e9c83,ascG->ascF,shared_complete_observation_shared_scores,maximum,prefix,complete,0,500,0.6,0.9,biological_error,2151398048,921666314,2151398048,ascG,ascF,False,identifiable,cpxR|crp|hns|rpoD|spf,500,-0.040462269955855765,0.047120286772529316,0.14792494569285466,-0.8587016915067861,-0.26764013771582057,5636,,,,[],0,,False,True,
csd-20260805_174708,paired_hierarchical,1,0,0,5d0e9ff5482e9c83,ascG->htpG,shared_complete_observation_shared_scores,maximum,prefix,complete,0,500,0.6,0.9,biological_error,2151398048,921666314,2151398048,ascG,htpG,False,identifiable,crp|hns|nac|rpoH|rpoN,500,-0.1756528698509541,0.06646699603427171,0.29443437245441545,-2.6427081157749925,-0.3421418851713987,5636,,,,[],0,,False,True,
csd-20260805_174708,paired_hierarchical,1,0,0,5d0e9ff5482e9c83,ascG->prpR,shared_complete_observation_shared_scores,maximum,prefix,complete,0,500,0.6,0.9,biological_error,2151398048,921666314,2151398048,ascG,prpR,False,identifiable,crp|hns|phoB|rpoD,500,-0.11004419134515459,0.05033232714830638,0.16873787187022554,-2.1863521434426154,-0.20147628346134122,5636,,,,[],0,,False,True,
csd-20260805_174708,paired_hierarchical,1,0,0,5d0e9ff5482e9c83,ascG->ybiT,shared_complete_observation_shared_scores,maximum,prefix,complete,0,500,0.6,0.9,biological_error,2151398048,921666314,2151398048,ascG,ybiT,False,identifiable,crp|hns|lrp|rob,500,-0.14786322333879365,0.04397733921344818,0.12887890069277594,-3.362259426863583,-0.25067617743105924,5636,,,,[],0,,False,True,
csd-20260805_174708,paired_hierarchical,1,0,0,5d0e9ff5482e9c83,prpR->prpB,shared_complete_observation_shared_scores,maximum,prefix,complete,0,500,0.6,0.9,biological_error,2151398048,921666314,2151398048,prpR,prpB,False,identifiable,ascG|cra|crp|phoB|rpoD|rpoN,500,0.003633504011903179,0.04322326774094573,0.1552270630573544,0.08406361207302086,0.25820288756932325,5636,,,,[],0,,False,True,
csd-20260805_174708,paired_hierarchical,1,0,0,5d0e9ff5482e9c83,prpR->prpC,shared_complete_observation_shared_scores,maximum,prefix,complete,0,500,0.6,0.9,biological_error,2151398048,921666314,2151398048,prpR,prpC,False,identifiable,ascG|cra|crp|phoB|rpoD|rpoN,500,0.024046698932729406,0.051791363303670006,0.22286759812001342,0.46429940049532203,0.24950339241250194,5636,,,,[],0,,False,True,
csd-20260805_174708,paired_hierarchical,1,0,0,5d0e9ff5482e9c83,prpR->prpD,shared_complete_observation_shared_scores,maximum,prefix,complete,0,500,0.6,0.9,biological_error,2151398048,921666314,2151398048,prpR,prpD,False,identifiable,ascG|cra|crp|phoB|rpoD|rpoN,500,0.034611700243553686,0.044881590414280234,0.16736657261608895,0.7711781138785376,0.04328363817867575,5636,,,,[],0,,False,True,
csd-20260805_174708,paired_hierarchical,1,0,0,5d0e9ff5482e9c83,prpR->prpE,shared_complete_observation_shared_scores,maximum,prefix,complete,0,500,0.6,0.9,biological_error,2151398048,921666314,2151398048,prpR,prpE,False,identifiable,ascG|cra|crp|phoB|rpoD|rpoN,500,0.04869626852502652,0.05532169594222742,0.2542864490435302,0.880238172305494,0.4076655612635451,5636,,,,[],0,,False,True,
csd-20260805_174708,paired_hierarchical,1,0,0,5d0e9ff5482e9c83,asnC->asnA,shared_complete_observation_shared_scores,maximum,prefix,complete,0,500,0.6,0.9,biological_error,2151398048,921666314,2151398048,asnC,asnA,False,identifiable,lrp|nac|rpoD,500,0.12399333200059942,0.03096341694019638,0.18274383407485192,4.004510621036549,0.13268421703065014,5636,,,,[],0,,False,True,
csd-20260805_174708,paired_hierarchical,1,0,0,5d0e9ff5482e9c83,asnC->mioC,shared_complete_observation_shared_scores,maximum,prefix,complete,0,500,0.6,0.9,biological_error,2151398048,921666314,2151398048,asnC,mioC,False,identifiable,mraZ|nac|rpoD,500,0.008945012511299035,0.02480728827336819,0.11726156970642408,0.36058002038465176,-0.1318676878769921,5636,,,,[],0,,False,True,
csd-20260805_174708,paired_hierarchical,1,0,0,5d0e9ff5482e9c83,asnC->mnmG,shared_complete_observation_shared_scores,maximum,prefix,complete,0,500,0.6,0.9,biological_error,2151398048,921666314,2151398048,asnC,mnmG,False,identifiable,nac|rpoD|rpoS,500,-0.013601233861276332,0.023970388746315466,0.10854620474703729,-0.5674181593474158,-0.6398308075468904,5636,,,,[],0,,False,True,
csd-20260805_174708,paired_hierarchical,1,0,0,5d0e9ff5482e9c83,atoC->atoA,shared_complete_observation_shared_scores,maximum,prefix,complete,0,500,0.6,0.9,biological_error,2151398048,921666314,2151398048,atoC,atoA,False,identifiable,ihfA|ihfB|rpoN,500,-0.11720360622439993,0.06096082506930652,0.20519506662778456,-1.9226053140053607,0.11061345161569959,5636,,,,[],0,,False,True,
csd-20260805_174708,paired_hierarchical,1,0,0,5d0e9ff5482e9c83,atoC->atoB,shared_complete_observation_shared_scores,maximum,prefix,complete,0,500,0.6,0.9,biological_error,2151398048,921666314,2151398048,atoC,atoB,False,identifiable,ihfA|ihfB|rpoN,500,-0.0025552907923614638,0.05633123623450414,0.17521198389098921,-0.04536188024924422,0.09262127579512358,5636,,,,[],0,,False,True,
csd-20260805_174708,paired_hierarchical,1,0,0,5d0e9ff5482e9c83,atoC->atoD,shared_complete_observation_shared_scores,maximum,prefix,complete,0,500,0.6,0.9,biological_error,2151398048,921666314,2151398048,atoC,atoD,False,identifiable,ihfA|ihfB|rpoN|spf,500,0.06543712156035428,0.05214697307657755,0.15001548997970984,1.2548594424504798,0.30766825593536423,5636,,,,[],0,,False,True,
csd-20260805_174708,paired_hierarchical,1,0,0,5d0e9ff5482e9c83,atoC->atoE,shared_complete_observation_shared_scores,maximum,prefix,complete,0,500,0.6,0.9,biological_error,2151398048,921666314,2151398048,atoC,atoE,False,identifiable,ihfA|ihfB|rpoN,500,0.022760876638126423,0.07183460304128389,0.28492636326987086,0.31685115076150105,0.2274190268723959,5636,,,,[],0,,False,True,
csd-20260805_174708,paired_hierarchical,1,0,0,5d0e9ff5482e9c83,baeR->acrD,shared_complete_observation_shared_scores,maximum,prefix,complete,0,500,0.6,0.9,biological_error,2151398048,921666314,2151398048,baeR,acrD,False,identifiable,cpxR|evgA|rpoD|rpoN|rpoS,500,0.0010745120391636278,0.04155419179116131,0.28259691756515665,0.02585809019132889,0.11779449240609544,5636,,,,[],0,,False,True,
csd-20260805_174708,paired_hierarchical,1,0,0,5d0e9ff5482e9c83,baeR->baeS,shared_complete_observation_shared_scores,maximum,prefix,complete,0,500,0.6,0.9,biological_error,2151398048,921666314,2151398048,baeR,baeS,False,identifiable,cpxR|glaR|rpoS,500,0.04341222659683485,0.04746412594215094,0.3718636629121455,0.9146323825650022,0.3806863675463578,5636,,,,[],0,,False,True,
csd-20260805_174708,paired_hierarchical,1,0,0,5d0e9ff5482e9c83,baeR->mdtA,shared_complete_observation_shared_scores,maximum,prefix,complete,0,500,0.6,0.9,biological_error,2151398048,921666314,2151398048,baeR,mdtA,False,identifiable,cpxR|rpoS,500,0.08689150117922984,0.04353853599915629,0.31315580242508995,1.995737779995948,0.28701310707507455,5636,,,,[],0,,False,True,
csd-20260805_174708,paired_hierarchical,1,0,0,5d0e9ff5482e9c83,baeR->mdtB,shared_complete_observation_shared_scores,maximum,prefix,complete,0,500,0.6,0.9,biological_error,2151398048,921666314,2151398048,baeR,mdtB,False,identifiable,cpxR|rpoS,500,0.003880263093610649,0.036827571326206204,0.22405723822930107,0.10536299174443482,0.13851776783646555,5636,,,,[],0,,False,True,
csd-20260805_174708,paired_hierarchical,1,0,0,5d0e9ff5482e9c83,baeR->mdtC,shared_complete_observation_shared_scores,maximum,prefix,complete,0,500,0.6,0.9,biological_error,2151398048,921666314,2151398048,baeR,mdtC,False,identifiable,cpxR|rpoS,500,0.07886589720998963,0.04681241315190944,0.36202192930028687,1.684721891051941,0.30819786919019015,5636,,,,[],0,,False,True,
csd-20260805_174708,paired_hierarchical,1,0,0,5d0e9ff5482e9c83,baeR->mdtD,shared_complete_observation_shared_scores,maximum,prefix,complete,0,500,0.6,0.9,biological_error,2151398048,921666314,2151398048,baeR,mdtD,False,identifiable,cpxR|rob|rpoS,500,0.0034217813540594476,0.041783635181451464,0.28675387810122815,0.08189285923065019,0.337270412229875,5636,,,,[],0,,False,True,
csd-20260805_174708,paired_hierarchical,1,0,0,5d0e9ff5482e9c83,baeR->spy,shared_complete_observation_shared_scores,maximum,prefix,complete,0,500,0.6,0.9,biological_error,2151398048,921666314,2151398048,baeR,spy,False,identifiable,cpxR|rpoD|rpoS,500,0.09411311296621774,0.042676834404055744,0.2991119069026329,2.205250559944854,0.18613028134515566,5636,,,,[],0,,False,True,
csd-20260805_174708,paired_hierarchical,1,0,0,5d0e9ff5482e9c83,baeR->ycaC,shared_complete_observation_shared_scores,maximum,prefix,complete,0,500,0.6,0.9,biological_error,2151398048,921666314,2151398048,baeR,ycaC,False,identifiable,cpxR|fnr|nac|rpoS,500,0.02363019624711129,0.027745424528222488,0.12709950528652447,0.851679029927071,0.1418241589503946,5636,,,,[],0,,False,True,
csd-20260805_174708,paired_hierarchical,1,0,0,5d0e9ff5482e9c83,basR->arnA,shared_complete_observation_shared_scores,maximum,prefix,complete,0,500,0.6,0.9,biological_error,2151398048,921666314,2151398048,basR,arnA,False,identifiable,,500,-0.017479166315415268,0.041938352119933756,0.16819529615726878,-0.41678238251777255,0.1105205337685562,5636,,,,[],0,,False,True,
csd-20260805_174708,paired_hierarchical,1,0,0,5d0e9ff5482e9c83,basR->arnB,shared_complete_observation_shared_scores,maximum,prefix,complete,0,500,0.6,0.9,biological_error,2151398048,921666314,2151398048,basR,arnB,False,identifiable,,500,0.02816038690391027,0.030759337487694022,0.09047843430180626,0.9155069388336624,0.3207360860059423,5636,,,,[],0,,False,True,
csd-20260805_174708,paired_hierarchical,1,0,0,5d0e9ff5482e9c83,basR->arnC,shared_complete_observation_shared_scores,maximum,prefix,complete,0,500,0.6,0.9,biological_error,2151398048,921666314,2151398048,basR,arnC,False,identifiable,,500,0.0742417492787953,0.053601257909208666,0.27475214139418613,1.3850747570989488,0.22525459473924564,5636,,,,[],0,,False,True,
csd-20260805_174708,paired_hierarchical,1,0,0,5d0e9ff5482e9c83,basR->arnD,shared_complete_observation_shared_scores,maximum,prefix,complete,0,500,0.6,0.9,biological_error,2151398048,921666314,2151398048,basR,arnD,False,identifiable,,500,-0.03123672937585293,0.041215889838576186,0.16245028721002683,-0.7578807469204942,0.2838755302749208,5636,,,,[],0,,False,True,
csd-20260805_174708,paired_hierarchical,1,0,0,5d0e9ff5482e9c83,basR->arnE,shared_complete_observation_shared_scores,maximum,prefix,complete,0,500,0.6,0.9,biological_error,2151398048,921666314,2151398048,basR,arnE,False,identifiable,,500,0.00555391494479871,0.034402826309559646,0.11318252228185094,0.16143775208536928,0.11182824680679676,5636,,,,[],0,,False,True,
csd-20260805_174708,paired_hierarchical,1,0,0,5d0e9ff5482e9c83,basR->arnF,shared_complete_observation_shared_scores,maximum,prefix,complete,0,500,0.6,0.9,biological_error,2151398048,921666314,2151398048,basR,arnF,False,identifiable,,500,0.038245609486022444,0.022811672186204574,0.049762863879625835,1.6765807071851395,0.102905604400566,5636,,,,[],0,,False,True,
csd-20260805_174708,paired_hierarchical,1,0,0,5d0e9ff5482e9c83,basR->arnT,shared_complete_observation_shared_scores,maximum,prefix,complete,0,500,0.6,0.9,biological_error,2151398048,921666314,2151398048,basR,arnT,False,identifiable,,500,0.014956369378916264,0.03786905033914219,0.13713867555306344,0.3949496817314447,0.07169198747615385,5636,,,,[],0,,False,True,
csd-20260805_174708,paired_hierarchical,1,0,0,5d0e9ff5482e9c83,basR->csgD,shared_complete_observation_shared_scores,maximum,prefix,complete,0,500,0.6,0.9,biological_error,2151398048,921666314,2151398048,basR,csgD,False,identifiable,alpA|btsR|glaR|glrR|nsrR|ptrR|rcdA,500,0.10708821870492341,0.20667357297593625,3.9917477984606307,0.5181514847928432,0.3131610726372506,5636,,,,[],0,,False,True,
csd-20260805_174708,paired_hierarchical,1,0,0,5d0e9ff5482e9c83,basR->csgE,shared_complete_observation_shared_scores,maximum,prefix,complete,0,500,0.6,0.9,biological_error,2151398048,921666314,2151398048,basR,csgE,False,identifiable,alpA|btsR|glaR|glrR|nsrR|ptrR|rcdA,500,-0.004861821498449569,0.07319206231473371,0.5006349532881628,-0.06642552955460136,0.31329091535465187,5636,,,,[],0,,False,True,
csd-20260805_174708,paired_hierarchical,1,0,0,5d0e9ff5482e9c83,basR->csgF,shared_complete_observation_shared_scores,maximum,prefix,complete,0,500,0.6,0.9,biological_error,2151398048,921666314,2151398048,basR,csgF,False,identifiable,alpA|btsR|glaR|glrR|nsrR|ptrR|rcdA,500,0.06051839876176323,0.0825058557030413,0.6361547070905197,0.7335042857998312,0.15726735490420451,5636,,,,[],0,,False,True,
csd-20260805_174708,paired_hierarchical,1,0,0,5d0e9ff5482e9c83,basR->csgG,shared_complete_observation_shared_scores,maximum,prefix,complete,0,500,0.6,0.9,biological_error,2151398048,921666314,2151398048,basR,csgG,False,identifiable,alpA|btsR|glaR|glrR|nsrR|ptrR|rcdA,500,0.21070218142068853,0.09707197202608903,0.8806045074024831,2.17057691342729,0.309210736053905,5636,,,,[],0,,False,True,
csd-20260805_174708,paired_hierarchical,1,0,0,5d0e9ff5482e9c83,basR->cspI,shared_complete_observation_shared_scores,maximum,prefix,complete,0,500,0.6,0.9,biological_error,2151398048,921666314,2151398048,basR,cspI,False,identifiable,alpA|btsR|glaR|glrR|nsrR|ptrR|rcdA,500,0.14765374172376539,0.041268984808278876,0.15916250672968713,3.5778379916470566,0.19514639563432967,5636,,,,[],0,,False,True,
csd-20260805_174708,paired_hierarchical,1,0,0,5d0e9ff5482e9c83,basR->dgkA,shared_complete_observation_shared_scores,maximum,prefix,complete,0,500,0.6,0.9,biological_error,2151398048,921666314,2151398048,basR,dgkA,False,identifiable,,500,0.031431403759916904,0.039057003555877545,0.1458777193337058,0.8047571728063841,0.4465758884472924,5636,,,,[],0,,False,True,
csd-20260805_174708,paired_hierarchical,1,0,0,5d0e9ff5482e9c83,basR->emrD,shared_complete_observation_shared_scores,maximum,prefix,complete,0,500,0.6,0.9,biological_error,2151398048,921666314,2151398048,basR,emrD,False,identifiable,alpA|btsR|glaR|glrR|nsrR|ptrR|rcdA,500,0.06111852685273664,0.037667925075804784,0.13259788441382395,1.6225615488439755,0.36771365684735297,5636,,,,[],0,,False,True,
csd-20260805_174708,paired_hierarchical,1,0,0,5d0e9ff5482e9c83,basR->eptA,shared_complete_observation_shared_scores,maximum,prefix,complete,0,500,0.6,0.9,biological_error,2151398048,921666314,2151398048,basR,eptA,False,identifiable,alpA|btsR|glaR|glrR|nsrR|ptrR|rcdA,500,-0.02155308682295722,0.052904097695966774,0.26156029744600795,-0.40739919517803913,0.1580579658622536,5636,,,,[],0,,False,True,
csd-20260805_174708,paired_hierarchical,1,0,0,5d0e9ff5482e9c83,basR->fimB,shared_complete_observation_shared_scores,maximum,prefix,complete,0,500,0.6,0.9,biological_error,2151398048,921666314,2151398048,basR,fimB,False,identifiable,alpA|btsR|glaR|glrR|nanR|nsrR|ptrR|rcdA,500,0.028049639666266547,0.0821246107109318,0.6257531416875819,0.34154974280484224,0.16829211770797425,5636,,,,[],0,,False,True,
csd-20260805_174708,paired_hierarchical,1,0,0,5d0e9ff5482e9c83,basR->glpA,shared_complete_observation_shared_scores,maximum,prefix,complete,0,500,0.6,0.9,biological_error,2151398048,921666314,2151398048,basR,glpA,False,identifiable,alpA|btsR|glaR|glrR|nsrR|ptrR|rcdA,500,-0.030628440634124236,0.07288378823005016,0.4964266344145381,-0.4202366723509036,0.34641231854832527,5636,,,,[],0,,False,True,
csd-20260805_174708,paired_hierarchical,1,0,0,5d0e9ff5482e9c83,basR->glpB,shared_complete_observation_shared_scores,maximum,prefix,complete,0,500,0.6,0.9,biological_error,2151398048,921666314,2151398048,basR,glpB,False,identifiable,alpA|btsR|glaR|glrR|nsrR|ptrR|rcdA,500,-0.19941430992830295,0.13052441669620282,1.592123385068197,-1.5277931514717449,0.20596351173182265,5636,,,,[],0,,False,True,
csd-20260805_174708,paired_hierarchical,1,0,0,5d0e9ff5482e9c83,basR->glpC,shared_complete_observation_shared_scores,maximum,prefix,complete,0,500,0.6,0.9,biological_error,2151398048,921666314,2151398048,basR,glpC,False,identifiable,alpA|btsR|glaR|glrR|nsrR|ptrR|rcdA,500,-0.02422921324514609,0.06081388804418006,0.34561989960754846,-0.39841578995153304,0.1555115685957323,5636,,,,[],0,,False,True,
csd-20260805_174708,paired_hierarchical,1,0,0,5d0e9ff5482e9c83,basR->hha,shared_complete_observation_shared_scores,maximum,prefix,complete,0,500,0.6,0.9,biological_error,2151398048,921666314,2151398048,basR,hha,False,identifiable,alpA|btsR|glaR|glrR|nsrR|ptrR|rcdA,500,0.09359309175967472,0.037519653091547,0.13155605072922918,2.4945084521786476,0.25168062621833065,5636,,,,[],0,,False,True,
csd-20260805_174708,paired_hierarchical,1,0,0,5d0e9ff5482e9c83,basR->putA,shared_complete_observation_shared_scores,maximum,prefix,complete,0,500,0.6,0.9,biological_error,2151398048,921666314,2151398048,basR,putA,False,identifiable,alpA|btsR|glaR|glrR|nsrR|ptrR|rcdA,500,-0.012442328025050558,0.038094343203052966,0.13561701450268812,-0.32661878323323873,-0.20072850484274207,5636,,,,[],0,,False,True,
csd-20260805_174708,paired_hierarchical,1,0,0,5d0e9ff5482e9c83,basR->qseB,shared_complete_observation_shared_scores,maximum,prefix,complete,0,500,0.6,0.9,biological_error,2151398048,921666314,2151398048,basR,qseB,False,identifiable,alpA|btsR|glaR|glrR|nsrR|ptrR|rcdA,500,-0.0165332941958757,0.06838490250040877,0.43703242830735195,-0.24176819138956693,0.214580354538653,5636,,,,[],0,,False,True,
csd-20260805_174708,paired_hierarchical,1,0,0,5d0e9ff5482e9c83,basR->qseC,shared_complete_observation_shared_scores,maximum,prefix,complete,0,500,0.6,0.9,biological_error,2151398048,921666314,2151398048,basR,qseC,False,identifiable,alpA|btsR|glaR|glrR|nsrR|ptrR|rcdA,500,-0.015004509267888683,0.0423882572170925,0.16791300010070873,-0.353977970621503,0.13823978458807437,5636,,,,[],0,,False,True,
csd-20260805_174708,paired_hierarchical,1,0,0,5d0e9ff5482e9c83,basR->tomB,shared_complete_observation_shared_scores,maximum,prefix,complete,0,500,0.6,0.9,biological_error,2151398048,921666314,2151398048,basR,tomB,False,identifiable,alpA|btsR|glaR|glrR|nsrR|ptrR|rcdA,500,-0.13414115155034614,0.0909307626729152,0.7727070356452727,-1.4752009947707354,0.17039785554176595,5636,,,,[],0,,False,True,
csd-20260805_174708,paired_hierarchical,1,0,0,5d0e9ff5482e9c83,basR->waaH,shared_complete_observation_shared_scores,maximum,prefix,complete,0,500,0.6,0.9,biological_error,2151398048,921666314,2151398048,basR,waaH,False,identifiable,alpA|btsR|glaR|glrR|nsrR|ptrR|rcdA,500,0.0026602843647577437,0.03563120982229588,0.11864633748986199,0.07466163450596888,0.4684053291917241,5636,,,,[],0,,False,True,
csd-20260805_174708,paired_hierarchical,1,0,0,5d0e9ff5482e9c83,basR->yrbL,shared_complete_observation_shared_scores,maximum,prefix,complete,0,500,0.6,0.9,biological_error,2151398048,921666314,2151398048,basR,yrbL,False,identifiable,alpA|btsR|glaR|glrR|nsrR|ptrR|rcdA,500,-0.0022092725174192394,0.038001346445106984,0.13495568017667364,-0.05813669051465157,-0.284855001273001,5636,,,,[],0,,False,True,
csd-20260805_174708,paired_hierarchical,1,0,0,5d0e9ff5482e9c83,csgD->nlpA,shared_complete_observation_shared_scores,maximum,prefix,complete,0,500,0.6,0.9,biological_error,2151398048,921666314,2151398048,csgD,nlpA,False,identifiable,alpA|basR|btsR|glaR|glrR|nsrR|ptrR|rcdA,500,0.048498104966431824,0.014248475219945794,0.3979068076718711,3.4037399944761475,0.24177930967063124,5636,,,,[],0,,False,True,
csd-20260805_174708,paired_hierarchical,1,0,0,5d0e9ff5482e9c83,csgD->yhbS,shared_complete_observation_shared_scores,maximum,prefix,complete,0,500,0.6,0.9,biological_error,2151398048,921666314,2151398048,csgD,yhbS,False,identifiable,alpA|basR|btsR|glaR|glrR|nsrR|ptrR|rcdA,500,-0.010548351383475773,0.012157844734684333,0.289706188342826,-0.8676168855309576,-0.27722019266553033,5636,,,,[],0,,False,True,
csd-20260805_174708,paired_hierarchical,1,0,0,5d0e9ff5482e9c83,bglG->bglB,shared_complete_observation_shared_scores,maximum,prefix,complete,0,500,0.6,0.9,biological_error,2151398048,921666314,2151398048,bglG,bglB,False,identifiable,bglJ|crp|fis|hns|leuO|nac|rcsB|stpA,500,0.044260283419962534,0.031094349215891746,0.1449382250348536,1.4234188698614707,0.1683068749987642,5636,,,,[],0,,False,True,
csd-20260805_174708,paired_hierarchical,1,0,0,5d0e9ff5482e9c83,bglG->bglF,shared_complete_observation_shared_scores,maximum,prefix,complete,0,500,0.6,0.9,biological_error,2151398048,921666314,2151398048,bglG,bglF,False,identifiable,bglJ|crp|fis|hns|leuO|rcsB|stpA,500,0.16951064871500016,0.06843290384323818,0.7022069260823395,2.477034280224387,0.31829215621180534,5636,,,,[],0,,False,True,
csd-20260805_174708,paired_hierarchical,1,0,0,5d0e9ff5482e9c83,leuO->yghR,shared_complete_observation_shared_scores,maximum,prefix,complete,0,500,0.6,0.9,biological_error,2151398048,921666314,2151398048,leuO,yghR,False,identifiable,alpA|basR|btsR|glaR|glrR|nsrR|ptrR|rcdA,500,0.007765476332493121,0.038867719148408635,0.25959437332819896,0.19979243708235614,-0.11605852110444007,5636,,,,[],0,,False,True,
csd-20260805_174708,paired_hierarchical,1,0,0,5d0e9ff5482e9c83,birA->bioA,shared_complete_observation_shared_scores,maximum,prefix,complete,0,500,0.6,0.9,biological_error,2151398048,921666314,2151398048,birA,bioA,False,identifiable,rpoD,500,0.0991171722863822,0.05512243874395843,0.14196315689715852,1.7981274875514413,-0.23327106197849662,5636,,,,[],0,,False,True,
csd-20260805_174708,paired_hierarchical,1,0,0,5d0e9ff5482e9c83,birA->bioB,shared_complete_observation_shared_scores,maximum,prefix,complete,0,500,0.6,0.9,biological_error,2151398048,921666314,2151398048,birA,bioB,False,identifiable,rpoD,500,-0.09803183842676715,0.0707962318044496,0.23417422224729936,-1.3847041845044323,-0.16041284286455104,5636,,,,[],0,,False,True,
csd-20260805_174708,paired_hierarchical,1,0,0,5d0e9ff5482e9c83,birA->bioC,shared_complete_observation_shared_scores,maximum,prefix,complete,0,500,0.6,0.9,biological_error,2151398048,921666314,2151398048,birA,bioC,False,identifiable,rpoD,500,-0.1312310125282416,0.0670020413819788,0.20974657161419427,-1.9586121530252085,-0.13044745298583252,5636,,,,[],0,,False,True,
csd-20260805_174708,paired_hierarchical,1,0,0,5d0e9ff5482e9c83,birA->bioD,shared_complete_observation_shared_scores,maximum,prefix,complete,0,500,0.6,0.9,biological_error,2151398048,921666314,2151398048,birA,bioD,False,identifiable,rpoD,500,0.11337093344012616,0.04752062084450238,0.10550742243090831,2.3857207971061674,-0.2599306912122465,5636,,,,[],0,,False,True,
csd-20260805_174708,paired_hierarchical,1,0,0,5d0e9ff5482e9c83,birA->bioF,shared_complete_observation_shared_scores,maximum,prefix,complete,0,500,0.6,0.9,biological_error,2151398048,921666314,2151398048,birA,bioF,False,identifiable,rpoD,500,-0.011550929566266261,0.0528809159605784,0.13065220372960004,-0.21843285723108943,-0.7708104111360181,5636,,,,[],0,,False,True,
csd-20260805_174708,paired_hierarchical,1,0,0,5d0e9ff5482e9c83,bluR->ariR,shared_complete_observation_shared_scores,maximum,prefix,complete,0,500,0.6,0.9,biological_error,2151398048,921666314,2151398048,bluR,ariR,False,identifiable,cysB|marA|rpoD|rpoS|srsR,500,0.0023308520617126467,0.03346979228835791,0.15038266305951248,0.06964046987896627,-0.11959081238808374,5636,,,,[],0,,False,True,
csd-20260805_174708,paired_hierarchical,1,0,0,5d0e9ff5482e9c83,bluR->ycgZ,shared_complete_observation_shared_scores,maximum,prefix,complete,0,500,0.6,0.9,biological_error,2151398048,921666314,2151398048,bluR,ycgZ,False,identifiable,marA|rpoD|rpoS|srsR,500,-0.005724304926514916,0.039794363061930675,0.21258799060243108,-0.14384713024823054,-0.18824967303661805,5636,,,,[],0,,False,True,
csd-20260805_174708,paired_hierarchical,1,0,0,5d0e9ff5482e9c83,bluR->ymgA,shared_complete_observation_shared_scores,maximum,prefix,complete,0,500,0.6,0.9,biological_error,2151398048,921666314,2151398048,bluR,ymgA,False,identifiable,marA|rpoD|rpoS|srsR,500,0.0410395679414928,0.055812834151775584,0.4181804868710401,0.7353070053724767,-0.3015961405409132,5636,,,,[],0,,False,True,
csd-20260805_174708,paired_hierarchical,1,0,0,5d0e9ff5482e9c83,bluR->ymgC,shared_complete_observation_shared_scores,maximum,prefix,complete,0,500,0.6,0.9,biological_error,2151398048,921666314,2151398048,bluR,ymgC,False,identifiable,marA|rpoD|rpoS|srsR,500,-0.1772754359915829,0.03586141520618069,0.1726435905321607,-4.9433474661376335,-0.3739383295973294,5636,,,,[],0,,False,True,
csd-20260805_174708,paired_hierarchical,1,0,0,5d0e9ff5482e9c83,btsR->aceE,shared_complete_observation_shared_scores,maximum,prefix,complete,0,500,0.6,0.9,biological_error,2151398048,921666314,2151398048,btsR,aceE,False,identifiable,alpA|basR|glaR|glrR|nsrR|ptrR|rcdA,500,0.02062636199985271,0.07278769097593589,0.31819420305136903,0.28337706174347427,-0.12049574693025131,5636,,,,[],0,,False,True,
csd-20260805_174708,paired_hierarchical,1,0,0,5d0e9ff5482e9c83,btsR->aceF,shared_complete_observation_shared_scores,maximum,prefix,complete,0,500,0.6,0.9,biological_error,2151398048,921666314,2151398048,btsR,aceF,False,identifiable,alpA|basR|glaR|glrR|nsrR|ptrR|rcdA,500,0.051266271556615645,0.07046664768485546,0.29822469330773,0.7275253363249418,-0.34566218348495503,5636,,,,[],0,,False,True,
csd-20260805_174708,paired_hierarchical,1,0,0,5d0e9ff5482e9c83,btsR->btsT,shared_complete_observation_shared_scores,maximum,prefix,complete,0,500,0.6,0.9,biological_error,2151398048,921666314,2151398048,btsR,btsT,False,identifiable,alpA|basR|glaR|glrR|nsrR|ptrR|rcdA,500,0.015246826282695185,0.0789281408017334,0.374145153401122,0.19317351362671828,0.15795737406285862,5636,,,,[],0,,False,True,
csd-20260805_174708,paired_hierarchical,1,0,0,5d0e9ff5482e9c83,btsR->csgA,shared_complete_observation_shared_scores,maximum,prefix,complete,0,500,0.6,0.9,biological_error,2151398048,921666314,2151398048,btsR,csgA,False,identifiable,alpA|basR|glaR|glrR|nsrR|ptrR|rcdA,500,-0.01861871097759275,0.14080181508122147,1.1906740397049864,-0.13223345854492397,-0.17191836999302204,5636,,,,[],0,,False,True,
csd-20260805_174708,paired_hierarchical,1,0,0,5d0e9ff5482e9c83,btsR->csgB,shared_complete_observation_shared_scores,maximum,prefix,complete,0,500,0.6,0.9,biological_error,2151398048,921666314,2151398048,btsR,csgB,False,identifiable,alpA|basR|glaR|glrR|nsrR|ptrR|rcdA,500,-0.28839347407517235,0.10841238939034309,0.7058854184240761,-2.66015236539802,-0.116394192751108,5636,,,,[],0,,False,True,
csd-20260805_174708,paired_hierarchical,1,0,0,5d0e9ff5482e9c83,btsR->csgC,shared_complete_observation_shared_scores,maximum,prefix,complete,0,500,0.6,0.9,biological_error,2151398048,921666314,2151398048,btsR,csgC,False,identifiable,alpA|basR|glaR|glrR|nsrR|ptrR|rcdA,500,-0.10947200803027361,0.08581006081077473,0.4422346806891344,-1.2757479367329358,-0.2567341859462898,5636,,,,[],0,,False,True,
csd-20260805_174708,paired_hierarchical,1,0,0,5d0e9ff5482e9c83,btsR->csgD,shared_complete_observation_shared_scores,maximum,prefix,complete,0,500,0.6,0.9,biological_error,2151398048,921666314,2151398048,btsR,csgD,False,identifiable,alpA|basR|glaR|glrR|nsrR|ptrR|rcdA,500,0.1627332993081614,0.2578062003839531,3.9917477984606307,0.6312233726954637,-0.8652857207712863,5636,,,,[],0,,False,True,
csd-20260805_174708,paired_hierarchical,1,0,0,5d0e9ff5482e9c83,btsR->csgE,shared_complete_observation_shared_scores,maximum,prefix,complete,0,500,0.6,0.9,biological_error,2151398048,921666314,2151398048,btsR,csgE,False,identifiable,alpA|basR|glaR|glrR|nsrR|ptrR|rcdA,500,-0.010834997343661227,0.0913003400092379,0.5006349532881628,-0.11867422774728907,-0.2058824829293834,5636,,,,[],0,,False,True,
csd-20260805_174708,paired_hierarchical,1,0,0,5d0e9ff5482e9c83,btsR->csgF,shared_complete_observation_shared_scores,maximum,prefix,complete,0,500,0.6,0.9,biological_error,2151398048,921666314,2151398048,btsR,csgF,False,identifiable,alpA|basR|glaR|glrR|nsrR|ptrR|rcdA,500,-0.1407403226354247,0.10291843733066147,0.6361547070905197,-1.3674937774584275,-0.30758306118549494,5636,,,,[],0,,False,True,
csd-20260805_174708,paired_hierarchical,1,0,0,5d0e9ff5482e9c83,btsR->csgG,shared_complete_observation_shared_scores,maximum,prefix,complete,0,500,0.6,0.9,biological_error,2151398048,921666314,2151398048,btsR,csgG,False,identifiable,alpA|basR|glaR|glrR|nsrR|ptrR|rcdA,500,-0.031785875514852444,0.12108832257299405,0.8806045074024831,-0.26250157603505814,-0.19199025411127532,5636,,,,[],0,,False,True,
csd-20260805_174708,paired_hierarchical,1,0,0,5d0e9ff5482e9c83,btsR->cspC,shared_complete_observation_shared_scores,maximum,prefix,complete,0,500,0.6,0.9,biological_error,2151398048,921666314,2151398048,btsR,cspC,False,identifiable,alpA|basR|glaR|glrR|nsrR|ptrR|rcdA,500,0.00824163563549012,0.06269004993200986,0.23603348003948516,0.13146640725966147,-0.182128575035281,5636,,,,[],0,,False,True,
csd-20260805_174708,paired_hierarchical,1,0,0,5d0e9ff5482e9c83,btsR->lpd,shared_complete_observation_shared_scores,maximum,prefix,complete,0,500,0.6,0.9,biological_error,2151398048,921666314,2151398048,btsR,lpd,False,identifiable,alpA|basR|glaR|glrR|nsrR|ptrR|rcdA,500,-0.04547104014722478,0.07540343021429133,0.3414747408789132,-0.6030367586461151,-0.19658084836366832,5636,,,,[],0,,False,True,
csd-20260805_174708,paired_hierarchical,1,0,0,5d0e9ff5482e9c83,btsR->mdh,shared_complete_observation_shared_scores,maximum,prefix,complete,0,500,0.6,0.9,biological_error,2151398048,921666314,2151398048,btsR,mdh,False,identifiable,alpA|basR|glaR|glrR|modE|nsrR|ptrR|rcdA,500,0.004286860616186178,0.05746566508430072,0.19826055280718557,0.07459864268337378,-0.21459767817447079,5636,,,,[],0,,False,True,
csd-20260805_174708,paired_hierarchical,1,0,0,5d0e9ff5482e9c83,btsR->pdhR,shared_complete_observation_shared_scores,maximum,prefix,complete,0,500,0.6,0.9,biological_error,2151398048,921666314,2151398048,btsR,pdhR,False,identifiable,alpA|basR|glaR|glrR|nsrR|ptrR|rcdA,500,-0.0465987241154659,0.037589712585628175,0.08486221990206487,-1.2396669436967755,-0.22327279559407306,5636,,,,[],0,,False,True,
csd-20260805_174708,paired_hierarchical,1,0,0,5d0e9ff5482e9c83,btsR->yobF,shared_complete_observation_shared_scores,maximum,prefix,complete,0,500,0.6,0.9,biological_error,2151398048,921666314,2151398048,btsR,yobF,False,identifiable,alpA|basR|glaR|glrR|nsrR|ptrR|rcdA,500,-0.08204420121973824,0.09247026500576036,0.5135474565253271,-0.8872495522168923,-0.3428840040945994,5636,,,,[],0,,False,True,
csd-20260805_174708,paired_hierarchical,1,0,0,5d0e9ff5482e9c83,pdhR->aceE,shared_complete_observation_shared_scores,maximum,prefix,complete,0,500,0.6,0.9,biological_error,2151398048,921666314,2151398048,pdhR,aceE,False,identifiable,arcA|btsR|cra|crp|fnr|glaR|nsrR|ompR|rpoD|rpoS,500,-0.04019266951249673,0.08728458337880261,0.3140928599595188,-0.46047844827380674,-0.16538634362691929,5636,,,,[],0,,False,True,
csd-20260805_174708,paired_hierarchical,1,0,0,5d0e9ff5482e9c83,pdhR->aceF,shared_complete_observation_shared_scores,maximum,prefix,complete,0,500,0.6,0.9,biological_error,2151398048,921666314,2151398048,pdhR,aceF,False,identifiable,arcA|btsR|cra|crp|fnr|glaR|nsrR|ompR|rpoD|rpoS,500,0.06928154351674562,0.08659064204156632,0.30911842860535743,0.8001042824406849,-0.6125132973504995,5636,,,,[],0,,False,True,
csd-20260805_174708,paired_hierarchical,1,0,0,5d0e9ff5482e9c83,pdhR->acpP,shared_complete_observation_shared_scores,maximum,prefix,complete,0,500,0.6,0.9,biological_error,2151398048,921666314,2151398048,pdhR,acpP,False,identifiable,arcA|btsR|cra|crp|fnr|glaR|ompR|rpoD|rpoS,500,-0.02334368817596509,0.05933754448459721,0.1456688591794059,-0.3934050250769077,0.3300581930911295,5636,,,,[],0,,False,True,
csd-20260805_174708,paired_hierarchical,1,0,0,5d0e9ff5482e9c83,pdhR->cyoA,shared_complete_observation_shared_scores,maximum,prefix,complete,0,500,0.6,0.9,biological_error,2151398048,921666314,2151398048,pdhR,cyoA,False,identifiable,arcA|btsR|cra|crp|cusR|fis|fnr|fur|gadE|glaR|hprR|ompR|rpoD|rpoS,500,-0.17926579587560504,0.10007432711289237,0.4085832194243207,-1.7913265174731372,-0.16823160939144072,5636,,,,[],0,,False,True,
csd-20260805_174708,paired_hierarchical,1,0,0,5d0e9ff5482e9c83,pdhR->cyoB,shared_complete_observation_shared_scores,maximum,prefix,complete,0,500,0.6,0.9,biological_error,2151398048,921666314,2151398048,pdhR,cyoB,False,identifiable,arcA|btsR|cra|crp|cusR|fis|fnr|fur|gadE|glaR|hprR|ompR|rpoD|rpoS,500,-0.005816919050687038,0.09007423889586945,0.33100638488439105,-0.0645791640539056,-0.2568515612509211,5636,,,,[],0,,False,True,
csd-20260805_174708,paired_hierarchical,1,0,0,5d0e9ff5482e9c83,pdhR->cyoC,shared_complete_observation_shared_scores,maximum,prefix,complete,0,500,0.6,0.9,biological_error,2151398048,921666314,2151398048,pdhR,cyoC,False,identifiable,arcA|btsR|cra|crp|cusR|fis|fnr|fur|gadE|glaR|hprR|ompR|rpoD|rpoS,500,0.07922669595312165,0.08287918357443064,0.28023740153267246,0.9559299758542044,-0.09692974862700378,5636,,,,[],0,,False,True,
csd-20260805_174708,paired_hierarchical,1,0,0,5d0e9ff5482e9c83,pdhR->cyoD,shared_complete_observation_shared_scores,maximum,prefix,complete,0,500,0.6,0.9,biological_error,2151398048,921666314,2151398048,pdhR,cyoD,False,identifiable,arcA|btsR|cra|crp|cusR|fis|fnr|fur|gadE|glaR|hprR|ompR|rpoD|rpoS,500,0.024555657163330878,0.11410973681627425,0.5312275333065346,0.215193355522916,-0.1480341240128047,5636,,,,[],0,,False,True,
csd-20260805_174708,paired_hierarchical,1,0,0,5d0e9ff5482e9c83,pdhR->cyoE,shared_complete_observation_shared_scores,maximum,prefix,complete,0,500,0.6,0.9,biological_error,2151398048,921666314,2151398048,pdhR,cyoE,False,identifiable,arcA|btsR|cra|crp|cusR|fis|fnr|fur|gadE|glaR|hprR|ompR|rpoD|rpoS,500,0.03856149103181132,0.12566260368069596,0.6442393925707763,0.30686528770161925,-0.15387545894481286,5636,,,,[],0,,False,True,
csd-20260805_174708,paired_hierarchical,1,0,0,5d0e9ff5482e9c83,pdhR->ddlB,shared_complete_observation_shared_scores,maximum,prefix,complete,0,500,0.6,0.9,biological_error,2151398048,921666314,2151398048,pdhR,ddlB,False,identifiable,btsR|cra|crp|fnr|glaR|lexA|ompR|rpoD|rpoS,500,-0.0633814709868841,0.05840690200801438,0.14112118602053306,-1.0851709097357556,-0.18913514378714158,5636,,,,[],0,,False,True,
csd-20260805_174708,paired_hierarchical,1,0,0,5d0e9ff5482e9c83,pdhR->fadE,shared_complete_observation_shared_scores,maximum,prefix,complete,0,500,0.6,0.9,biological_error,2151398048,921666314,2151398048,pdhR,fadE,False,identifiable,arcA|btsR|cpxR|cra|crp|fadR|fnr|glaR|lldR|ompR|rpoD|rpoS,500,-0.065123026473613,0.06249712012256347,0.15980399693010464,-1.0420164376518446,0.17623131072266807,5636,,,,[],0,,False,True,
csd-20260805_174708,paired_hierarchical,1,0,0,5d0e9ff5482e9c83,pdhR->fadH,shared_complete_observation_shared_scores,maximum,prefix,complete,0,500,0.6,0.9,biological_error,2151398048,921666314,2151398048,pdhR,fadH,False,identifiable,arcA|btsR|cra|crp|fadR|fnr|glaR|hipB|ompR|rpoD|rpoS,500,0.14127592104224906,0.07367145923220994,0.22286100784206433,1.917647926545776,0.308330629018017,5636,,,,[],0,,False,True,
csd-20260805_174708,paired_hierarchical,1,0,0,5d0e9ff5482e9c83,pdhR->fadL,shared_complete_observation_shared_scores,maximum,prefix,complete,0,500,0.6,0.9,biological_error,2151398048,921666314,2151398048,pdhR,fadL,False,identifiable,arcA|btsR|cra|crp|fadR|fnr|glaR|lldR|lrp|ompR|phoP|rob|rpoD|rpoN|rpoS,500,-0.08909365432022408,0.07053928625410115,0.20190880259974214,-1.263035948496632,0.5119538009986876,5636,,,,[],0,,False,True,
csd-20260805_174708,paired_hierarchical,1,0,0,5d0e9ff5482e9c83,pdhR->fadM,shared_complete_observation_shared_scores,maximum,prefix,complete,0,500,0.6,0.9,biological_error,2151398048,921666314,2151398048,pdhR,fadM,False,identifiable,btsR|cra|crp|fadR|fnr|glaR|ompR|rpoD|rpoE|rpoS,500,-0.07497384410244384,0.06873734112231293,0.19391676644457678,-1.0907294765596698,0.26490557051052555,5636,,,,[],0,,False,True,
csd-20260805_174708,paired_hierarchical,1,0,0,5d0e9ff5482e9c83,pdhR->fecA,shared_complete_observation_shared_scores,maximum,prefix,complete,0,500,0.6,0.9,biological_error,2151398048,921666314,2151398048,pdhR,fecA,False,identifiable,btsR|cra|crp|fecI|fnr|fur|glaR|hypT|ompR|rpoD|rpoS,500,-0.010132203788936714,0.07726361777827401,0.2450901224561654,-0.13113809682085348,0.2356371080846108,5636,,,,[],0,,False,True,
csd-20260805_174708,paired_hierarchical,1,0,0,5d0e9ff5482e9c83,pdhR->fecB,shared_complete_observation_shared_scores,maximum,prefix,complete,0,500,0.6,0.9,biological_error,2151398048,921666314,2151398048,pdhR,fecB,False,identifiable,btsR|cra|crp|fecI|fnr|fur|glaR|hypT|ompR|rpoD|rpoS,500,-0.04334547481568953,0.048502732613290606,0.09658465746007969,-0.8936707785369624,0.40351643192601755,5636,,,,[],0,,False,True,
csd-20260805_174708,paired_hierarchical,1,0,0,5d0e9ff5482e9c83,pdhR->fecC,shared_complete_observation_shared_scores,maximum,prefix,complete,0,500,0.6,0.9,biological_error,2151398048,921666314,2151398048,pdhR,fecC,False,identifiable,btsR|cra|crp|fecI|fnr|fur|glaR|hypT|ompR|rpoD|rpoS,500,0.009543584104534288,0.0534155017407392,0.117141384825482,0.17866693737813455,0.3055259166613486,5636,,,,[],0,,False,True,
csd-20260805_174708,paired_hierarchical,1,0,0,5d0e9ff5482e9c83,pdhR->fecD,shared_complete_observation_shared_scores,maximum,prefix,complete,0,500,0.6,0.9,biological_error,2151398048,921666314,2151398048,pdhR,fecD,False,identifiable,btsR|cra|crp|fecI|fnr|fur|glaR|hypT|ompR|rpoD|rpoS,500,0.04869497923679184,0.0653823933652833,0.17550817808291222,0.744772051471702,0.28007942447923945,5636,,,,[],0,,False,True,
csd-20260805_174708,paired_hierarchical,1,0,0,5d0e9ff5482e9c83,pdhR->fecE,shared_complete_observation_shared_scores,maximum,prefix,complete,0,500,0.6,0.9,biological_error,2151398048,921666314,2151398048,pdhR,fecE,False,identifiable,btsR|cra|crp|fecI|fnr|fur|glaR|hypT|ompR|rpoD|rpoS,500,0.0441074889513209,0.06005071186448718,0.1480512401852888,0.7345040147210179,0.15328707250429774,5636,,,,[],0,,False,True,
csd-20260805_174708,paired_hierarchical,1,0,0,5d0e9ff5482e9c83,pdhR->ftsA,shared_complete_observation_shared_scores,maximum,prefix,complete,0,500,0.6,0.9,biological_error,2151398048,921666314,2151398048,pdhR,ftsA,False,identifiable,btsR|cra|crp|fnr|glaR|lexA|ompR|rcsB|rpoD|rpoS|sdiA,500,-0.022614359343216373,0.07829735923924384,0.25292655828074695,-0.2888265908702794,-0.1357333014903631,5636,,,,[],0,,False,True,
csd-20260805_174708,paired_hierarchical,1,0,0,5d0e9ff5482e9c83,pdhR->ftsI,shared_complete_observation_shared_scores,maximum,prefix,complete,0,500,0.6,0.9,biological_error,2151398048,921666314,2151398048,pdhR,ftsI,False,identifiable,btsR|cra|crp|fnr|glaR|lexA|ompR|rpoD|rpoS,500,0.059690740191843686,0.04678118163541059,0.09053286203713513,1.2759562307990382,-0.22254757159215316,5636,,,,[],0,,False,True,
csd-20260805_174708,paired_hierarchical,1,0,0,5d0e9ff5482e9c83,pdhR->ftsL,shared_complete_observation_shared_scores,maximum,prefix,complete,0,500,0.6,0.9,biological_error,2151398048,921666314,2151398048,pdhR,ftsL,False,identifiable,btsR|cra|crp|fnr|glaR|lexA|ompR|rpoD|rpoS,500,-0.012128782753392745,0.07820758689883833,0.2530239592276681,-0.1550844775338913,-0.2650449060230077,5636,,,,[],0,,False,True,
csd-20260805_174708,paired_hierarchical,1,0,0,5d0e9ff5482e9c83,pdhR->ftsQ,shared_complete_observation_shared_scores,maximum,prefix,complete,0,500,0.6,0.9,biological_error,2151398048,921666314,2151398048,pdhR,ftsQ,False,identifiable,btsR|cra|crp|fnr|glaR|lexA|lrp|ompR|rpoD|rpoS|sdiA,500,-0.04043267644426672,0.07550274377672342,0.23578695092020172,-0.5355126770469979,-0.23815752785344388,5636,,,,[],0,,False,True,
csd-20260805_174708,paired_hierarchical,1,0,0,5d0e9ff5482e9c83,pdhR->ftsW,shared_complete_observation_shared_scores,maximum,prefix,complete,0,500,0.6,0.9,biological_error,2151398048,921666314,2151398048,pdhR,ftsW,False,identifiable,btsR|cra|crp|fnr|glaR|lexA|ompR|rpoD|rpoS,500,0.013097073249171268,0.060819705648211084,0.15302151704093622,0.21534259512741488,-0.24948802328673345,5636,,,,[],0,,False,True,
csd-20260805_174708,paired_hierarchical,1,0,0,5d0e9ff5482e9c83,pdhR->ftsZ,shared_complete_observation_shared_scores,maximum,prefix,complete,0,500,0.6,0.9,biological_error,2151398048,921666314,2151398048,pdhR,ftsZ,False,identifiable,argR|btsR|cra|crp|dicF|fnr|glaR|lexA|ompR|rcsB|rpoD|rpoS|sdiA,500,0.10855025219761666,0.10020059011092763,0.4138129893863013,1.0833294701902003,-0.2229306770137547,5636,,,,[],0,,False,True,
csd-20260805_174708,paired_hierarchical,1,0,0,5d0e9ff5482e9c83,pdhR->fumD,shared_complete_observation_shared_scores,maximum,prefix,complete,0,500,0.6,0.9,biological_error,2151398048,921666314,2151398048,pdhR,fumD,False,identifiable,btsR|cra|crp|fnr|glaR|nac|ompR|rpoD|rpoS,500,-0.008063813425115128,0.051887285893161966,0.11137512560236394,-0.15541019897858693,0.218838944860782,5636,,,,[],0,,False,True,
csd-20260805_174708,paired_hierarchical,1,0,0,5d0e9ff5482e9c83,pdhR->glcA,shared_complete_observation_shared_scores,maximum,prefix,complete,0,500,0.6,0.9,biological_error,2151398048,921666314,2151398048,pdhR,glcA,False,identifiable,arcA|btsR|cra|crp|fnr|glaR|glcC|ihfA|ihfB|lrp|nac|ompR|rpoD|rpoS,500,-0.03731890084781305,0.05411683808639267,0.12057030925588026,-0.689598693630932,-0.10403500490868484,5636,,,,[],0,,False,True,
csd-20260805_174708,paired_hierarchical,1,0,0,5d0e9ff5482e9c83,pdhR->glcB,shared_complete_observation_shared_scores,maximum,prefix,complete,0,500,0.6,0.9,biological_error,2151398048,921666314,2151398048,pdhR,glcB,False,identifiable,arcA|btsR|cra|crp|fnr|glaR|glcC|ihfA|ihfB|ompR|rpoD|rpoS,500,-0.11319186374876727,0.08859739640137602,0.32320640209761575,-1.277598082408314,-0.47752584747843363,5636,,,,[],0,,False,True,
csd-20260805_174708,paired_hierarchical,1,0,0,5d0e9ff5482e9c83,pdhR->glcD,shared_complete_observation_shared_scores,maximum,prefix,complete,0,500,0.6,0.9,biological_error,2151398048,921666314,2151398048,pdhR,glcD,False,identifiable,arcA|btsR|cra|crp|fnr|glaR|glcC|ihfA|ihfB|lldR|ompR|rpoD|rpoS,500,-0.011794073964330142,0.07166637399627544,0.21101333594040375,-0.16456914598390437,-0.26099283889980807,5636,,,,[],0,,False,True,
csd-20260805_174708,paired_hierarchical,1,0,0,5d0e9ff5482e9c83,pdhR->glcE,shared_complete_observation_shared_scores,maximum,prefix,complete,0,500,0.6,0.9,biological_error,2151398048,921666314,2151398048,pdhR,glcE,False,identifiable,arcA|btsR|cra|crp|fnr|glaR|glcC|ihfA|ihfB|ompR|rpoD|rpoS,500,-0.09599209091051443,0.06402418601252695,0.16878201484761937,-1.4993098216310419,-0.1744445955246842,5636,,,,[],0,,False,True,
csd-20260805_174708,paired_hierarchical,1,0,0,5d0e9ff5482e9c83,pdhR->glcF,shared_complete_observation_shared_scores,maximum,prefix,complete,0,500,0.6,0.9,biological_error,2151398048,921666314,2151398048,pdhR,glcF,False,identifiable,arcA|btsR|cra|crp|fnr|glaR|glcC|ihfA|ihfB|ompR|rpoD|rpoS,500,0.0778729663216541,0.07273714269050313,0.2178464611184464,1.0706079925768313,-0.13585282094700363,5636,,,,[],0,,False,True,
csd-20260805_174708,paired_hierarchical,1,0,0,5d0e9ff5482e9c83,pdhR->glcG,shared_complete_observation_shared_scores,maximum,prefix,complete,0,500,0.6,0.9,biological_error,2151398048,921666314,2151398048,pdhR,glcG,False,identifiable,arcA|btsR|cra|crp|fnr|glaR|glcC|ihfA|ihfB|ompR|rpoD|rpoS,500,0.018079035271706477,0.08867604829462614,0.32378050653093327,0.20387732222390978,-0.6010862077489977,5636,,,,[],0,,False,True,
csd-20260805_174708,paired_hierarchical,1,0,0,5d0e9ff5482e9c83,pdhR->gmhA,shared_complete_observation_shared_scores,maximum,prefix,complete,0,500,0.6,0.9,biological_error,2151398048,921666314,2151398048,pdhR,gmhA,False,identifiable,btsR|cpxR|cra|crp|fnr|glaR|ompR|rpoD|rpoS,500,0.004882906069251604,0.05743544822862532,0.13637418584576547,0.08501554736397106,0.09078970056137217,5636,,,,[],0,,False,True,
csd-20260805_174708,paired_hierarchical,1,0,0,5d0e9ff5482e9c83,pdhR->grcA,shared_complete_observation_shared_scores,maximum,prefix,complete,0,500,0.6,0.9,biological_error,2151398048,921666314,2151398048,pdhR,grcA,False,identifiable,arcA|btsR|cra|crp|fis|fnr|fur|glaR|ompR|rpoD|rpoS,500,0.02224271179676364,0.11299023625841226,0.5239812165119209,0.19685516672337822,-0.1293584889758389,5636,,,,[],0,,False,True,
csd-20260805_174708,paired_hierarchical,1,0,0,5d0e9ff5482e9c83,pdhR->hemL,shared_complete_observation_shared_scores,maximum,prefix,complete,0,500,0.6,0.9,biological_error,2151398048,921666314,2151398048,pdhR,hemL,False,identifiable,btsR|cra|crp|fliA|fnr|glaR|ompR|phoP|rpoD|rpoS,500,-0.08765275063960087,0.05405048081248856,0.12076592781342917,-1.6216830881428235,-0.17613790249734365,5636,,,,[],0,,False,True,
csd-20260805_174708,paired_hierarchical,1,0,0,5d0e9ff5482e9c83,pdhR->hha,shared_complete_observation_shared_scores,maximum,prefix,complete,0,500,0.6,0.9,biological_error,2151398048,921666314,2151398048,pdhR,hha,False,identifiable,basR|btsR|cpxR|cra|crp|fnr|glaR|ompR|rpoD|rpoS,500,0.006184677504959235,0.05618635115847746,0.1304183843033724,0.1100743753142988,-0.16218816566993272,5636,,,,[],0,,False,True,
csd-20260805_174708,paired_hierarchical,1,0,0,5d0e9ff5482e9c83,pdhR->lldP,shared_complete_observation_shared_scores,maximum,prefix,complete,0,500,0.6,0.9,biological_error,2151398048,921666314,2151398048,pdhR,lldP,False,identifiable,arcA|btsR|cra|crp|fnr|glaR|lldR|ompR|rpoD|rpoS|spf,500,-0.0872718737150257,0.09541610579974484,0.3754239940134973,-0.9146451008825293,-0.4237769586044434,5636,,,,[],0,,False,True,
csd-20260805_174708,paired_hierarchical,1,0,0,5d0e9ff5482e9c83,pdhR->lpd,shared_complete_observation_shared_scores,maximum,prefix,complete,0,500,0.6,0.9,biological_error,2151398048,921666314,2151398048,pdhR,lpd,False,identifiable,arcA|btsR|cra|crp|fis|fnr|fur|glaR|ompR|rpoD|rpoS,500,-0.08222767499369146,0.09202955808127684,0.34760703599733667,-0.8934920117846404,-0.4686910769331225,5636,,,,[],0,,False,True,
csd-20260805_174708,paired_hierarchical,1,0,0,5d0e9ff5482e9c83,pdhR->lpxC,shared_complete_observation_shared_scores,maximum,prefix,complete,0,500,0.6,0.9,biological_error,2151398048,921666314,2151398048,pdhR,lpxC,False,identifiable,btsR|cra|crp|fnr|glaR|lexA|ompR|rpoD|rpoS,500,0.014955173574350902,0.05757371236593951,0.13712364303317984,0.25975697865886366,-0.16764716713697284,5636,,,,[],0,,False,True,
csd-20260805_174708,paired_hierarchical,1,0,0,5d0e9ff5482e9c83,pdhR->mraY,shared_complete_observation_shared_scores,maximum,prefix,complete,0,500,0.6,0.9,biological_error,2151398048,921666314,2151398048,pdhR,mraY,False,identifiable,btsR|cra|crp|fnr|glaR|lexA|ompR|rpoD|rpoS,500,-0.03293918880238803,0.059134306800693086,0.14465814632923013,-0.5570233352596258,-0.08871933775547025,5636,,,,[],0,,False,True,
csd-20260805_174708,paired_hierarchical,1,0,0,5d0e9ff5482e9c83,pdhR->mraZ,shared_complete_observation_shared_scores,maximum,prefix,complete,0,500,0.6,0.9,biological_error,2151398048,921666314,2151398048,pdhR,mraZ,False,identifiable,btsR|cra|crp|fnr|glaR|ompR|rpoD|rpoS,500,-0.0030725832881558376,0.053779069387306415,0.11965965978542525,-0.05713344100522992,-0.25830352659509836,5636,,,,[],0,,False,True,
csd-20260805_174708,paired_hierarchical,1,0,0,5d0e9ff5482e9c83,pdhR->murC,shared_complete_observation_shared_scores,maximum,prefix,complete,0,500,0.6,0.9,biological_error,2151398048,921666314,2151398048,pdhR,murC,False,identifiable,btsR|cra|crp|fnr|glaR|lexA|ompR|rpoD|rpoS,500,0.04593878896540508,0.05807959899839268,0.13954397619361844,0.7909625713269199,-0.2722260147872948,5636,,,,[],0,,False,True,
csd-20260805_174708,paired_hierarchical,1,0,0,5d0e9ff5482e9c83,pdhR->murD,shared_complete_observation_shared_scores,maximum,prefix,complete,0,500,0.6,0.9,biological_error,2151398048,921666314,2151398048,pdhR,murD,False,identifiable,btsR|cra|crp|fnr|glaR|lexA|ompR|rpoD|rpoS,500,-0.15908017063474628,0.08134473057812262,0.27373020676389087,-1.955629694808164,-0.1692046266163352,5636,,,,[],0,,False,True,
csd-20260805_174708,paired_hierarchical,1,0,0,5d0e9ff5482e9c83,pdhR->murE,shared_complete_observation_shared_scores,maximum,prefix,complete,0,500,0.6,0.9,biological_error,2151398048,921666314,2151398048,pdhR,murE,False,identifiable,btsR|cra|crp|fnr|glaR|lexA|ompR|rpoD|rpoS,500,0.012827803646087332,0.051494541407468765,0.10969485665743751,0.24910996962926227,-0.12568511967497004,5636,,,,[],0,,False,True,
csd-20260805_174708,paired_hierarchical,1,0,0,5d0e9ff5482e9c83,pdhR->murF,shared_complete_observation_shared_scores,maximum,prefix,complete,0,500,0.6,0.9,biological_error,2151398048,921666314,2151398048,pdhR,murF,False,identifiable,btsR|cra|crp|fnr|glaR|lexA|ompR|rpoD|rpoS,500,0.01803564868397535,0.053845377544193954,0.11993908412572508,0.33495259029751384,-0.2943482138064734,5636,,,,[],0,,False,True,
csd-20260805_174708,paired_hierarchical,1,0,0,5d0e9ff5482e9c83,pdhR->murG,shared_complete_observation_shared_scores,maximum,prefix,complete,0,500,0.6,0.9,biological_error,2151398048,921666314,2151398048,pdhR,murG,False,identifiable,btsR|cra|crp|fnr|glaR|lexA|ompR|rpoD|rpoS,500,0.0026499418308633706,0.05488520484594298,0.12461618574226152,0.04828153303429366,-0.41550492247483783,5636,,,,[],0,,False,True,
csd-20260805_174708,paired_hierarchical,1,0,0,5d0e9ff5482e9c83,pdhR->ndh,shared_complete_observation_shared_scores,maximum,prefix,complete,0,500,0.6,0.9,biological_error,2151398048,921666314,2151398048,pdhR,ndh,False,identifiable,arcA|btsR|cra|crp|fis|fnr|fur|glaR|ihfA|ihfB|nsrR|ompR|rpoD|rpoS,500,-0.03769370215714918,0.0638491487424904,0.16645466602244274,-0.5903555943896983,-0.24046762106275915,5636,,,,[],0,,False,True,
csd-20260805_174708,paired_hierarchical,1,0,0,5d0e9ff5482e9c83,pdhR->ppsA,shared_complete_observation_shared_scores,maximum,prefix,complete,0,500,0.6,0.9,biological_error,2151398048,921666314,2151398048,pdhR,ppsA,False,identifiable,btsR|cra|crp|fnr|glaR|lrp|ompR|rpoD|rpoS,500,-0.030028980128288554,0.05537116186406001,0.12684931601432106,-0.5423216547633902,0.31656391692674424,5636,,,,[],0,,False,True,
csd-20260805_174708,paired_hierarchical,1,0,0,5d0e9ff5482e9c83,pdhR->ppsR,shared_complete_observation_shared_scores,maximum,prefix,complete,0,500,0.6,0.9,biological_error,2151398048,921666314,2151398048,pdhR,ppsR,False,identifiable,btsR|cra|crp|fnr|glaR|ompR|rpoD|rpoS,500,-0.002509491130108024,0.04851429519929404,0.09737795529075642,-0.051726838858509094,0.343794900248911,5636,,,,[],0,,False,True,
csd-20260805_174708,paired_hierarchical,1,0,0,5d0e9ff5482e9c83,pdhR->rsmH,shared_complete_observation_shared_scores,maximum,prefix,complete,0,500,0.6,0.9,biological_error,2151398048,921666314,2151398048,pdhR,rsmH,False,identifiable,btsR|cra|crp|fnr|glaR|ompR|rpoD|rpoS,500,-0.3040023145222254,0.091036212628164,0.34288584836980673,-3.3393559084440185,-0.40201267738171936,5636,,,,[],0,,False,True,
csd-20260805_174708,paired_hierarchical,1,0,0,5d0e9ff5482e9c83,pdhR->tomB,shared_complete_observation_shared_scores,maximum,prefix,complete,0,500,0.6,0.9,biological_error,2151398048,921666314,2151398048,pdhR,tomB,False,identifiable,basR|btsR|cpxR|cra|crp|fnr|glaR|nac|ompR|rpoD|rpoS,500,-0.009156290417546162,0.1363709934610962,0.7681696168165054,-0.0671425072528951,-0.1581529118212229,5636,,,,[],0,,False,True,
csd-20260805_174708,paired_hierarchical,1,0,0,5d0e9ff5482e9c83,pdhR->ybcV,shared_complete_observation_shared_scores,maximum,prefix,complete,0,500,0.6,0.9,biological_error,2151398048,921666314,2151398048,pdhR,ybcV,False,identifiable,btsR|cra|crp|fnr|glaR|nac|ompR|rpoD|rpoS,500,0.0160053292730279,0.055952354403177244,0.12950991840949377,0.28605282912132546,0.19629968869266895,5636,,,,[],0,,False,True,
csd-20260805_174708,paired_hierarchical,1,0,0,5d0e9ff5482e9c83,pdhR->ybcW,shared_complete_observation_shared_scores,maximum,prefix,complete,0,500,0.6,0.9,biological_error,2151398048,921666314,2151398048,pdhR,ybcW,False,identifiable,btsR|cra|crp|fnr|glaR|ompR|rpoD|rpoS,500,-0.012305188335233197,0.03925271819093615,0.06374713499266846,-0.31348627311304494,0.2228931541321753,5636,,,,[],0,,False,True,
csd-20260805_174708,paired_hierarchical,1,0,0,5d0e9ff5482e9c83,c0293->fadR,shared_complete_observation_shared_scores,maximum,prefix,complete,0,500,0.6,0.9,biological_error,2151398048,921666314,2151398048,c0293,fadR,False,identifiable,dksA|rpoD,500,-0.10298269342413381,0.05810897931596546,0.35291551741937477,-1.7722337345519212,-0.5067308381050665,5636,,,,[],0,,False,True,
csd-20260805_174708,paired_hierarchical,1,0,0,5d0e9ff5482e9c83,c0293->hcaR,shared_complete_observation_shared_scores,maximum,prefix,complete,0,500,0.6,0.9,biological_error,2151398048,921666314,2151398048,c0293,hcaR,False,identifiable,fur|nac,500,-0.07211564569686242,0.050574267575773206,0.264247637067729,-1.4259355429876412,-0.6896011437937986,5636,,,,[],0,,False,True,
csd-20260805_174708,paired_hierarchical,1,0,0,5d0e9ff5482e9c83,fadR->accA,shared_complete_observation_shared_scores,maximum,prefix,complete,0,500,0.6,0.9,biological_error,2151398048,921666314,2151398048,fadR,accA,False,identifiable,c0293|dksA|rpoD,500,0.01731701723971639,0.01959980820520542,0.0672443924328031,0.8835299334774739,0.4292361280957233,5636,,,,[],0,,False,True,
csd-20260805_174708,paired_hierarchical,1,0,0,5d0e9ff5482e9c83,fadR->accB,shared_complete_observation_shared_scores,maximum,prefix,complete,0,500,0.6,0.9,biological_error,2151398048,921666314,2151398048,fadR,accB,False,identifiable,c0293|dksA|rpoD,500,0.010340860114694941,0.024428081433497326,0.10445546074285669,0.423318554215842,0.18231407031784222,5636,,,,[],0,,False,True,
csd-20260805_174708,paired_hierarchical,1,0,0,5d0e9ff5482e9c83,fadR->accC,shared_complete_observation_shared_scores,maximum,prefix,complete,0,500,0.6,0.9,biological_error,2151398048,921666314,2151398048,fadR,accC,False,identifiable,c0293|dksA|rpoD,500,0.04264511240118658,0.03468533544886764,0.21059314425979864,1.2294853674992727,0.11792980642902048,5636,,,,[],0,,False,True,
csd-20260805_174708,paired_hierarchical,1,0,0,5d0e9ff5482e9c83,fadR->accD,shared_complete_observation_shared_scores,maximum,prefix,complete,0,500,0.6,0.9,biological_error,2151398048,921666314,2151398048,fadR,accD,False,identifiable,c0293|dksA|rpoD,500,0.2336557186098167,0.04262408008488177,0.31802588447751157,5.481777393072501,0.23059193675946504,5636,,,,[],0,,False,True,
csd-20260805_174708,paired_hierarchical,1,0,0,5d0e9ff5482e9c83,fadR->fabA,shared_complete_observation_shared_scores,maximum,prefix,complete,0,500,0.6,0.9,biological_error,2151398048,921666314,2151398048,fadR,fabA,False,identifiable,c0293|dksA|fabR|rpoD,500,0.12095711571514918,0.04553761738055238,0.35975263208185365,2.656202117566344,0.2445912654179741,5636,,,,[],0,,False,True,
csd-20260805_174708,paired_hierarchical,1,0,0,5d0e9ff5482e9c83,fadR->fabB,shared_complete_observation_shared_scores,maximum,prefix,complete,0,500,0.6,0.9,biological_error,2151398048,921666314,2151398048,fadR,fabB,False,identifiable,c0293|dksA|fabR|rpoD,500,0.03864958314263066,0.051531474433570326,0.4606897082159381,0.7500189654471109,0.41145709803727815,5636,,,,[],0,,False,True,
csd-20260805_174708,paired_hierarchical,1,0,0,5d0e9ff5482e9c83,fadR->fabD,shared_complete_observation_shared_scores,maximum,prefix,complete,0,500,0.6,0.9,biological_error,2151398048,921666314,2151398048,fadR,fabD,False,identifiable,c0293|dksA|rpoD,500,0.1433919671622485,0.06088808008750297,0.648958598690669,2.3550088450182405,0.47459222079600943,5636,,,,[],0,,False,True,
csd-20260805_174708,paired_hierarchical,1,0,0,5d0e9ff5482e9c83,fadR->fabG,shared_complete_observation_shared_scores,maximum,prefix,complete,0,500,0.6,0.9,biological_error,2151398048,921666314,2151398048,fadR,fabG,False,identifiable,c0293|dksA|rpoD,500,0.09318515271958473,0.030567847540323316,0.1635619004602052,3.0484695592864473,0.3678661689337082,5636,,,,[],0,,False,True,
csd-20260805_174708,paired_hierarchical,1,0,0,5d0e9ff5482e9c83,fadR->fabH,shared_complete_observation_shared_scores,maximum,prefix,complete,0,500,0.6,0.9,biological_error,2151398048,921666314,2151398048,fadR,fabH,False,identifiable,c0293|dksA|rpoD,500,0.008193351463335243,0.026827212624203393,0.12598055972849884,0.30541195531969795,0.16517619181290072,5636,,,,[],0,,False,True,
csd-20260805_174708,paired_hierarchical,1,0,0,5d0e9ff5482e9c83,fadR->fabI,shared_complete_observation_shared_scores,maximum,prefix,complete,0,500,0.6,0.9,biological_error,2151398048,921666314,2151398048,fadR,fabI,False,identifiable,c0293|dksA|rpoD,500,0.00521187227108829,0.01813473897001633,0.05756719230908515,0.28739714862758775,0.08628188454499378,5636,,,,[],0,,False,True,
csd-20260805_174708,paired_hierarchical,1,0,0,5d0e9ff5482e9c83,fadR->fadA,shared_complete_observation_shared_scores,maximum,prefix,complete,0,500,0.6,0.9,biological_error,2151398048,921666314,2151398048,fadR,fadA,False,identifiable,arcA|c0293|dksA|fis|rob|rpoD,500,-0.041351603489301364,0.03433020347333307,0.20616582770032443,-1.2045254413194013,-0.08101123356234353,5636,,,,[],0,,False,True,
csd-20260805_174708,paired_hierarchical,1,0,0,5d0e9ff5482e9c83,fadR->fadB,shared_complete_observation_shared_scores,maximum,prefix,complete,0,500,0.6,0.9,biological_error,2151398048,921666314,2151398048,fadR,fadB,False,identifiable,arcA|c0293|dksA|fis|rob|rpoD,500,0.023746614962620777,0.03063741187291695,0.16419808095947838,0.7750855412043619,-0.1487448880702921,5636,,,,[],0,,False,True,
csd-20260805_174708,paired_hierarchical,1,0,0,5d0e9ff5482e9c83,fadR->fadD,shared_complete_observation_shared_scores,maximum,prefix,complete,0,500,0.6,0.9,biological_error,2151398048,921666314,2151398048,fadR,fadD,False,identifiable,arcA|c0293|crp|dksA|rob|rpoD,500,0.0669619070069223,0.051564657760383874,0.4653891144836629,1.2986008230305337,-0.12935357232551387,5636,,,,[],0,,False,True,
csd-20260805_174708,paired_hierarchical,1,0,0,5d0e9ff5482e9c83,fadR->fadE,shared_complete_observation_shared_scores,maximum,prefix,complete,0,500,0.6,0.9,biological_error,2151398048,921666314,2151398048,fadR,fadE,False,identifiable,arcA|c0293|cpxR|dksA|lldR|ompR|pdhR|rpoD,500,-0.010866829905288547,0.030306390833003603,0.15963523475274302,-0.35856562284726395,-0.2259794828063416,5636,,,,[],0,,False,True,
csd-20260805_174708,paired_hierarchical,1,0,0,5d0e9ff5482e9c83,fadR->fadH,shared_complete_observation_shared_scores,maximum,prefix,complete,0,500,0.6,0.9,biological_error,2151398048,921666314,2151398048,fadR,fadH,False,identifiable,arcA|c0293|crp|dksA|hipB|pdhR|rpoD,500,-0.0772604031863964,0.03576270945047829,0.22211228329355584,-2.160362130654033,-0.22596208257656927,5636,,,,[],0,,False,True,
csd-20260805_174708,paired_hierarchical,1,0,0,5d0e9ff5482e9c83,fadR->fadI,shared_complete_observation_shared_scores,maximum,prefix,complete,0,500,0.6,0.9,biological_error,2151398048,921666314,2151398048,fadR,fadI,False,identifiable,arcA|c0293|cpxR|dksA|lrp|rpoD,500,0.014271635326565356,0.03302204108092809,0.19082784497713318,0.4321851363333186,-0.19318506119845782,5636,,,,[],0,,False,True,
csd-20260805_174708,paired_hierarchical,1,0,0,5d0e9ff5482e9c83,fadR->fadJ,shared_complete_observation_shared_scores,maximum,prefix,complete,0,500,0.6,0.9,biological_error,2151398048,921666314,2151398048,fadR,fadJ,False,identifiable,arcA|c0293|dksA|rpoD,500,-0.01098719956136944,0.03030168226555896,0.16071364554390052,-0.3625937155924028,-0.1699995150830245,5636,,,,[],0,,False,True,
csd-20260805_174708,paired_hierarchical,1,0,0,5d0e9ff5482e9c83,fadR->fadL,shared_complete_observation_shared_scores,maximum,prefix,complete,0,500,0.6,0.9,biological_error,2151398048,921666314,2151398048,fadR,fadL,False,identifiable,arcA|c0293|crp|dksA|lldR|lrp|ompR|pdhR|phoP|rob|rpoD|rpoN|rpoS,500,-0.0036961517440657525,0.03405193403338342,0.20063347228544473,-0.10854454670451799,-0.267594702173648,5636,,,,[],0,,False,True,
csd-20260805_174708,paired_hierarchical,1,0,0,5d0e9ff5482e9c83,fadR->fadM,shared_complete_observation_shared_scores,maximum,prefix,complete,0,500,0.6,0.9,biological_error,2151398048,921666314,2151398048,fadR,fadM,False,identifiable,c0293|dksA|pdhR|rpoD|rpoE,500,-0.10465176831888456,0.03348079736160604,0.19490391013643166,-3.1257250891788355,-0.32929406877401607,5636,,,,[],0,,False,True,
csd-20260805_174708,paired_hierarchical,1,0,0,5d0e9ff5482e9c83,fadR->iclR,shared_complete_observation_shared_scores,maximum,prefix,complete,0,500,0.6,0.9,biological_error,2151398048,921666314,2151398048,fadR,iclR,False,identifiable,c0293|dksA|flhC|flhD|rpoD,500,0.006832884570947009,0.039626021125615106,0.2715379060114793,0.17243428375729822,0.23850473525785992,5636,,,,[],0,,False,True,
csd-20260805_174708,paired_hierarchical,1,0,0,5d0e9ff5482e9c83,fadR->uspA,shared_complete_observation_shared_scores,maximum,prefix,complete,0,500,0.6,0.9,biological_error,2151398048,921666314,2151398048,fadR,uspA,False,identifiable,c0293|dksA|ihfA|ihfB|nac|rpoD,500,-0.061921160411180606,0.031021826257446358,0.16707234370501153,-1.996051421902258,-0.17195865959066867,5636,,,,[],0,,False,True,
csd-20260805_174708,paired_hierarchical,1,0,0,5d0e9ff5482e9c83,hcaR->hcaB,shared_complete_observation_shared_scores,maximum,prefix,complete,0,500,0.6,0.9,biological_error,2151398048,921666314,2151398048,hcaR,hcaB,False,identifiable,c0293|fur|nac,500,-0.007112344280473164,0.031640843365532544,0.13121663329146485,-0.22478365062231195,0.30278143845833677,5636,,,,[],0,,False,True,
csd-20260805_174708,paired_hierarchical,1,0,0,5d0e9ff5482e9c83,hcaR->hcaC,shared_complete_observation_shared_scores,maximum,prefix,complete,0,500,0.6,0.9,biological_error,2151398048,921666314,2151398048,hcaR,hcaC,False,identifiable,c0293|fur|nac,500,0.031124956746298303,0.03500445003125863,0.16059769448154448,0.8891714258759679,0.2975604160677373,5636,,,,[],0,,False,True,
csd-20260805_174708,paired_hierarchical,1,0,0,5d0e9ff5482e9c83,hcaR->hcaD,shared_complete_observation_shared_scores,maximum,prefix,complete,0,500,0.6,0.9,biological_error,2151398048,921666314,2151398048,hcaR,hcaD,False,identifiable,c0293|fur|nac,500,0.07296180460410147,0.03758446722631198,0.185143975835462,1.941275478637693,0.22784864019829154,5636,,,,[],0,,False,True,
csd-20260805_174708,paired_hierarchical,1,0,0,5d0e9ff5482e9c83,hcaR->hcaE,shared_complete_observation_shared_scores,maximum,prefix,complete,0,500,0.6,0.9,biological_error,2151398048,921666314,2151398048,hcaR,hcaE,False,identifiable,c0293|fur|nac,500,0.018901865713017496,0.04548346469843294,0.2711439185860859,0.41557664611396083,0.7549251216716445,5636,,,,[],0,,False,True,
csd-20260805_174708,paired_hierarchical,1,0,0,5d0e9ff5482e9c83,hcaR->hcaF,shared_complete_observation_shared_scores,maximum,prefix,complete,0,500,0.6,0.9,biological_error,2151398048,921666314,2151398048,hcaR,hcaF,False,identifiable,c0293|fur|nac,500,0.10122026743850006,0.025734897848116774,0.08680358988039394,3.933190954783881,0.2793526175897282,5636,,,,[],0,,False,True,
csd-20260805_174708,paired_hierarchical,1,0,0,5d0e9ff5482e9c83,cadC->cadA,shared_complete_observation_shared_scores,maximum,prefix,complete,0,500,0.6,0.9,biological_error,2151398048,921666314,2151398048,cadC,cadA,False,identifiable,arcA|fnr|fur|gadE|gadX|glaR|hns|leuO|lrp|mlrA|ompR|rcsB|rpoD|soxS,500,0.012134953419002255,0.05772624843433249,0.6866606237850469,0.21021552150243378,0.3554509657826936,5636,,,,[],0,,False,True,
csd-20260805_174708,paired_hierarchical,1,0,0,5d0e9ff5482e9c83,cadC->cadB,shared_complete_observation_shared_scores,maximum,prefix,complete,0,500,0.6,0.9,biological_error,2151398048,921666314,2151398048,cadC,cadB,False,identifiable,arcA|fnr|fur|gadE|gadX|glaR|hns|leuO|lrp|mlrA|ompR|rcsB|rpoD,500,0.07958547326536673,0.07523920484348455,1.1681990015741182,1.0577660068434196,0.5291286985447259,5636,,,,[],0,,False,True,
csd-20260805_174708,paired_hierarchical,1,0,0,5d0e9ff5482e9c83,caiF->caiA,shared_complete_observation_shared_scores,maximum,prefix,complete,0,500,0.6,0.9,biological_error,2151398048,921666314,2151398048,caiF,caiA,False,identifiable,arcA|crp|fnr|hns|nac|narL|rpoD|spf,500,0.04842055695485891,0.04778446119139929,0.24720711483124352,1.0133117701361485,0.1208609620522718,5636,,,,[],0,,False,True,
csd-20260805_174708,paired_hierarchical,1,0,0,5d0e9ff5482e9c83,caiF->caiB,shared_complete_observation_shared_scores,maximum,prefix,complete,0,500,0.6,0.9,biological_error,2151398048,921666314,2151398048,caiF,caiB,False,identifiable,arcA|crp|fnr|hns|nac|narL|rpoD,500,0.09740770758318454,0.05418489445957236,0.31787005117934136,1.7976911933612967,0.39839616023968916,5636,,,,[],0,,False,True,
csd-20260805_174708,paired_hierarchical,1,0,0,5d0e9ff5482e9c83,caiF->caiC,shared_complete_observation_shared_scores,maximum,prefix,complete,0,500,0.6,0.9,biological_error,2151398048,921666314,2151398048,caiF,caiC,False,identifiable,arcA|crp|fnr|hns|nac|narL|rpoD,500,0.009849640455321475,0.04169030049974213,0.18817555224035099,0.23625736291784222,0.14157821662819467,5636,,,,[],0,,False,True,
csd-20260805_174708,paired_hierarchical,1,0,0,5d0e9ff5482e9c83,caiF->caiD,shared_complete_observation_shared_scores,maximum,prefix,complete,0,500,0.6,0.9,biological_error,2151398048,921666314,2151398048,caiF,caiD,False,identifiable,arcA|crp|fnr|hns|nac|narL|rpoD,500,0.049543824509891664,0.04585596496177839,0.22765899902536021,1.0804226789510842,0.27165443141834866,5636,,,,[],0,,False,True,
csd-20260805_174708,paired_hierarchical,1,0,0,5d0e9ff5482e9c83,caiF->caiE,shared_complete_observation_shared_scores,maximum,prefix,complete,0,500,0.6,0.9,biological_error,2151398048,921666314,2151398048,caiF,caiE,False,identifiable,arcA|crp|fnr|hns|nac|narL|rpoD,500,0.1287518681726835,0.04280908808826368,0.19841070560565494,3.007582593378845,0.24844108612592913,5636,,,,[],0,,False,True,
csd-20260805_174708,paired_hierarchical,1,0,0,5d0e9ff5482e9c83,caiF->caiT,shared_complete_observation_shared_scores,maximum,prefix,complete,0,500,0.6,0.9,biological_error,2151398048,921666314,2151398048,caiF,caiT,False,identifiable,arcA|crp|fnr|hns|nac|narL|rpoD,500,0.10327057803785644,0.03981309503964061,0.1716109634407118,2.5938846988668747,0.461300616290422,5636,,,,[],0,,False,True,
csd-20260805_174708,paired_hierarchical,1,0,0,5d0e9ff5482e9c83,caiF->fixA,shared_complete_observation_shared_scores,maximum,prefix,complete,0,500,0.6,0.9,biological_error,2151398048,921666314,2151398048,caiF,fixA,False,identifiable,crp|fnr|hns|nac|narL|rpoD,500,-0.0180844933598672,0.03753374145683665,0.1525508467916647,-0.48181962836463155,0.33548878052643244,5636,,,,[],0,,False,True,
csd-20260805_174708,paired_hierarchical,1,0,0,5d0e9ff5482e9c83,caiF->fixB,shared_complete_observation_shared_scores,maximum,prefix,complete,0,500,0.6,0.9,biological_error,2151398048,921666314,2151398048,caiF,fixB,False,identifiable,crp|fnr|hns|nac|narL|rpoD,500,0.05558517481803807,0.04114380380255019,0.1833073112152505,1.350997469383051,0.19101579202003363,5636,,,,[],0,,False,True,
csd-20260805_174708,paired_hierarchical,1,0,0,5d0e9ff5482e9c83,caiF->fixC,shared_complete_observation_shared_scores,maximum,prefix,complete,0,500,0.6,0.9,biological_error,2151398048,921666314,2151398048,caiF,fixC,False,identifiable,crp|fnr|hns|nac|narL|rpoD,500,0.03358132066232267,0.05982976645360731,0.3876194148350669,0.561281159075926,0.13449073385795265,5636,,,,[],0,,False,True,
csd-20260805_174708,paired_hierarchical,1,0,0,5d0e9ff5482e9c83,caiF->fixX,shared_complete_observation_shared_scores,maximum,prefix,complete,0,500,0.6,0.9,biological_error,2151398048,921666314,2151398048,caiF,fixX,False,identifiable,crp|fnr|hns|nac|narL|rpoD,500,-0.007046166783526077,0.07392355997546642,0.591747801346814,-0.09531692989169546,0.3342264713664342,5636,,,,[],0,,False,True,
csd-20260805_174708,paired_hierarchical,1,0,0,5d0e9ff5482e9c83,cbl->ssuA,shared_complete_observation_shared_scores,maximum,prefix,complete,0,500,0.6,0.9,biological_error,2151398048,921666314,2151398048,cbl,ssuA,False,identifiable,cpxR|cysB|fnr|glnG|ihfA|ihfB|lrp|rpoD|yeiE,500,-0.0016043707011357067,0.03564932046419512,0.2679239156850786,-0.045004243566075214,0.13489669856717265,5636,,,,[],0,,False,True,
csd-20260805_174708,paired_hierarchical,1,0,0,5d0e9ff5482e9c83,cbl->ssuB,shared_complete_observation_shared_scores,maximum,prefix,complete,0,500,0.6,0.9,biological_error,2151398048,921666314,2151398048,cbl,ssuB,False,identifiable,cpxR|cysB|fnr|glnG|ihfA|ihfB|lrp|rpoD,500,0.028446588640066012,0.040957530659747415,0.35373412841810037,0.6945386643639381,0.13487291008693936,5636,,,,[],0,,False,True,
csd-20260805_174708,paired_hierarchical,1,0,0,5d0e9ff5482e9c83,cbl->ssuC,shared_complete_observation_shared_scores,maximum,prefix,complete,0,500,0.6,0.9,biological_error,2151398048,921666314,2151398048,cbl,ssuC,False,identifiable,cpxR|cysB|fnr|glnG|ihfA|ihfB|lrp|rpoD,500,0.0953436925663495,0.02835876824353538,0.16958372071442254,3.362053377903108,0.18066136681388695,5636,,,,[],0,,False,True,
csd-20260805_174708,paired_hierarchical,1,0,0,5d0e9ff5482e9c83,cbl->ssuD,shared_complete_observation_shared_scores,maximum,prefix,complete,0,500,0.6,0.9,biological_error,2151398048,921666314,2151398048,cbl,ssuD,False,identifiable,cpxR|cysB|fnr|glnG|ihfA|ihfB|lrp|rpoD,500,0.033492113892898655,0.033652424670069916,0.23880430639910571,0.9952362785522008,0.24732265451352128,5636,,,,[],0,,False,True,
csd-20260805_174708,paired_hierarchical,1,0,0,5d0e9ff5482e9c83,cbl->ssuE,shared_complete_observation_shared_scores,maximum,prefix,complete,0,500,0.6,0.9,biological_error,2151398048,921666314,2151398048,cbl,ssuE,False,identifiable,cpxR|cysB|fnr|glnG|ihfA|ihfB|lrp|nac|rpoD,500,0.09230642428277763,0.026462427926871736,0.14673939003370284,3.4882069225795966,0.07182196240395226,5636,,,,[],0,,False,True,
csd-20260805_174708,paired_hierarchical,1,0,0,5d0e9ff5482e9c83,cbl->tauA,shared_complete_observation_shared_scores,maximum,prefix,complete,0,500,0.6,0.9,biological_error,2151398048,921666314,2151398048,cbl,tauA,False,identifiable,cpxR|cysB|fur|glnG|lrp|nac|rpoD,500,-0.011479848796613124,0.036424018504714425,0.2730663009044129,-0.3151724951799941,0.21240923737115736,5636,,,,[],0,,False,True,
csd-20260805_174708,paired_hierarchical,1,0,0,5d0e9ff5482e9c83,cbl->tauB,shared_complete_observation_shared_scores,maximum,prefix,complete,0,500,0.6,0.9,biological_error,2151398048,921666314,2151398048,cbl,tauB,False,identifiable,cpxR|cysB|fur|glnG|lrp|rpoD,500,0.005253365269198623,0.04050368649884303,0.3398444795957157,0.12970091671405473,0.3263513054014365,5636,,,,[],0,,False,True,
csd-20260805_174708,paired_hierarchical,1,0,0,5d0e9ff5482e9c83,cbl->tauC,shared_complete_observation_shared_scores,maximum,prefix,complete,0,500,0.6,0.9,biological_error,2151398048,921666314,2151398048,cbl,tauC,False,identifiable,cpxR|cysB|fur|glnG|lrp|rpoD,500,-0.00013232101580255926,0.03880996752455434,0.3120165801630775,-0.003409459585835578,0.3092342371242649,5636,,,,[],0,,False,True,
csd-20260805_174708,paired_hierarchical,1,0,0,5d0e9ff5482e9c83,cbl->tauD,shared_complete_observation_shared_scores,maximum,prefix,complete,0,500,0.6,0.9,biological_error,2151398048,921666314,2151398048,cbl,tauD,False,identifiable,cpxR|cysB|glnG|lrp|rpoD,500,0.06728539409979697,0.03609946399075737,0.2764019595160306,1.8638890072446563,0.4127768887695329,5636,,,,[],0,,False,True,
csd-20260805_174708,paired_hierarchical,1,0,0,5d0e9ff5482e9c83,cdaR->garD,shared_complete_observation_shared_scores,maximum,prefix,complete,0,500,0.6,0.9,biological_error,2151398048,921666314,2151398048,cdaR,garD,False,identifiable,fnr|nac,500,0.0077087337298679635,0.03233136145132033,0.09082075638171351,0.23842898609372226,0.1432827979466912,5636,,,,[],0,,False,True,
csd-20260805_174708,paired_hierarchical,1,0,0,5d0e9ff5482e9c83,cdaR->garK,shared_complete_observation_shared_scores,maximum,prefix,complete,0,500,0.6,0.9,biological_error,2151398048,921666314,2151398048,cdaR,garK,False,identifiable,fnr|fur|hns|nac|rpoD,500,0.109507271782946,0.059553974909250754,0.3078409110131261,1.8387903066053077,0.3579065948342678,5636,,,,[],0,,False,True,
csd-20260805_174708,paired_hierarchical,1,0,0,5d0e9ff5482e9c83,cdaR->garL,shared_complete_observation_shared_scores,maximum,prefix,complete,0,500,0.6,0.9,biological_error,2151398048,921666314,2151398048,cdaR,garL,False,identifiable,fnr|fur|hns|nac|rpoD,500,0.010394372681375557,0.0371795079917322,0.11998089714013532,0.2795726259660835,0.32117264181463573,5636,,,,[],0,,False,True,
csd-20260805_174708,paired_hierarchical,1,0,0,5d0e9ff5482e9c83,cdaR->garP,shared_complete_observation_shared_scores,maximum,prefix,complete,0,500,0.6,0.9,biological_error,2151398048,921666314,2151398048,cdaR,garP,False,identifiable,fnr|fur|hns|nac|rpoD,500,0.06777774719690507,0.04366801412692514,0.16551284834975658,1.5521142546098559,0.46945111650873755,5636,,,,[],0,,False,True,
csd-20260805_174708,paired_hierarchical,1,0,0,5d0e9ff5482e9c83,cdaR->garR,shared_complete_observation_shared_scores,maximum,prefix,complete,0,500,0.6,0.9,biological_error,2151398048,921666314,2151398048,cdaR,garR,False,identifiable,fnr|fur|hns|nac|rpoD,500,0.009138415921382911,0.044360696656017364,0.1708053792680418,0.2060025340053653,0.10140928487240997,5636,,,,[],0,,False,True,
csd-20260805_174708,paired_hierarchical,1,0,0,5d0e9ff5482e9c83,cdaR->gudD,shared_complete_observation_shared_scores,maximum,prefix,complete,0,500,0.6,0.9,biological_error,2151398048,921666314,2151398048,cdaR,gudD,False,identifiable,nac,500,0.006365118912075366,0.04558821885364383,0.18074038452651997,0.13962201358447254,0.3108133115606141,5636,,,,[],0,,False,True,
csd-20260805_174708,paired_hierarchical,1,0,0,5d0e9ff5482e9c83,cdaR->gudP,shared_complete_observation_shared_scores,maximum,prefix,complete,0,500,0.6,0.9,biological_error,2151398048,921666314,2151398048,cdaR,gudP,False,identifiable,nac,500,-0.04360833678243682,0.050944067938212975,0.2257029288014634,-0.8560042129993776,0.22810933760740973,5636,,,,[],0,,False,True,
csd-20260805_174708,paired_hierarchical,1,0,0,5d0e9ff5482e9c83,cdaR->gudX,shared_complete_observation_shared_scores,maximum,prefix,complete,0,500,0.6,0.9,biological_error,2151398048,921666314,2151398048,cdaR,gudX,False,identifiable,nac,500,0.009791770406806876,0.03515977706573679,0.10750834550001996,0.2784935293673679,0.23878242695714696,5636,,,,[],0,,False,True,
csd-20260805_174708,paired_hierarchical,1,0,0,5d0e9ff5482e9c83,cdaR->rnpB,shared_complete_observation_shared_scores,maximum,prefix,complete,0,500,0.6,0.9,biological_error,2151398048,921666314,2151398048,cdaR,rnpB,False,identifiable,fis|fnr|fur|hns|nac|rpoD,500,0.001549021729448697,0.04664655434280043,0.18884756593277427,0.03320763454606113,0.24695747422470427,5636,,,,[],0,,False,True,
csd-20260805_174708,paired_hierarchical,1,0,0,5d0e9ff5482e9c83,cecR->rhlE,shared_complete_observation_shared_scores,maximum,prefix,complete,0,500,0.6,0.9,biological_error,2151398048,921666314,2151398048,cecR,rhlE,False,identifiable,rpoD,500,0.029567209488621383,0.04572015010451089,0.20146916407016335,0.6466997466332508,0.36514787080947275,5636,,,,[],0,,False,True,
csd-20260805_174708,paired_hierarchical,1,0,0,5d0e9ff5482e9c83,cecR->ybhF,shared_complete_observation_shared_scores,maximum,prefix,complete,0,500,0.6,0.9,biological_error,2151398048,921666314,2151398048,cecR,ybhF,False,identifiable,rpoD,500,-0.17510124770504448,0.07271286495232707,0.5095840222984128,-2.4081192209913143,-0.5904548617984298,5636,,,,[],0,,False,True,
csd-20260805_174708,paired_hierarchical,1,0,0,5d0e9ff5482e9c83,cecR->ybhG,shared_complete_observation_shared_scores,maximum,prefix,complete,0,500,0.6,0.9,biological_error,2151398048,921666314,2151398048,cecR,ybhG,False,identifiable,rpoD,500,-0.01400585645765865,0.03526694599484205,0.11987510343244434,-0.39713834193942027,-0.2802626340967018,5636,,,,[],0,,False,True,
csd-20260805_174708,paired_hierarchical,1,0,0,5d0e9ff5482e9c83,cecR->ybhR,shared_complete_observation_shared_scores,maximum,prefix,complete,0,500,0.6,0.9,biological_error,2151398048,921666314,2151398048,cecR,ybhR,False,identifiable,rpoD,500,-0.06276256428874075,0.05737336371433831,0.31725897346248144,-1.0939321006388127,-0.1667053018752521,5636,,,,[],0,,False,True,
csd-20260805_174708,paired_hierarchical,1,0,0,5d0e9ff5482e9c83,cecR->ybhS,shared_complete_observation_shared_scores,maximum,prefix,complete,0,500,0.6,0.9,biological_error,2151398048,921666314,2151398048,cecR,ybhS,False,identifiable,rpoD,500,-0.12062537933030767,0.04761360459637348,0.21850199745648213,-2.533422544939922,-0.13225235698272841,5636,,,,[],0,,False,True,
csd-20260805_174708,paired_hierarchical,1,0,0,5d0e9ff5482e9c83,chbR->chbA,shared_complete_observation_shared_scores,maximum,prefix,complete,0,500,0.6,0.9,biological_error,2151398048,921666314,2151398048,chbR,chbA,False,identifiable,crp|nagC,500,0.12167710155076533,0.04386629042232884,0.06503323843388581,2.773817899332313,0.27280601338490934,5636,,,,[],0,,False,True,
csd-20260805_174708,paired_hierarchical,1,0,0,5d0e9ff5482e9c83,chbR->chbB,shared_complete_observation_shared_scores,maximum,prefix,complete,0,500,0.6,0.9,biological_error,2151398048,921666314,2151398048,chbR,chbB,False,identifiable,crp|nagC,500,-7.61454944863231e-05,0.0664669480298466,0.14930867350573393,-0.0011456144255657776,-0.3056690991074972,5636,,,,[],0,,False,True,
csd-20260805_174708,paired_hierarchical,1,0,0,5d0e9ff5482e9c83,chbR->chbC,shared_complete_observation_shared_scores,maximum,prefix,complete,0,500,0.6,0.9,biological_error,2151398048,921666314,2151398048,chbR,chbC,False,identifiable,crp|nagC,500,0.20595009974504647,0.0731568239014588,0.18087695842662532,2.8151864550934893,0.29576637871094835,5636,,,,[],0,,False,True,
csd-20260805_174708,paired_hierarchical,1,0,0,5d0e9ff5482e9c83,chbR->chbF,shared_complete_observation_shared_scores,maximum,prefix,complete,0,500,0.6,0.9,biological_error,2151398048,921666314,2151398048,chbR,chbF,False,identifiable,crp|nagC,500,0.014018329804178487,0.06297643194211178,0.13403853239850289,0.22259644396913753,-0.2998566641136204,5636,,,,[],0,,False,True,
csd-20260805_174708,paired_hierarchical,1,0,0,5d0e9ff5482e9c83,chbR->chbG,shared_complete_observation_shared_scores,maximum,prefix,complete,0,500,0.6,0.9,biological_error,2151398048,921666314,2151398048,chbR,chbG,False,identifiable,crp|lrp|nagC,500,-0.011526276207109758,0.061863916050426154,0.12930633116928905,-0.186316627575185,-0.3596378154610357,5636,,,,[],0,,False,True,
csd-20260805_174708,paired_hierarchical,1,0,0,5d0e9ff5482e9c83,citR->ybdM,shared_complete_observation_shared_scores,maximum,prefix,complete,0,500,0.6,0.9,biological_error,2151398048,921666314,2151398048,citR,ybdM,False,identifiable,,500,-0.07531963006704637,0.09065744414864138,0.30887304054113257,-0.830815723676842,-0.4449018133781509,5636,,,,[],0,,False,True,
csd-20260805_174708,paired_hierarchical,1,0,0,5d0e9ff5482e9c83,citR->ybdN,shared_complete_observation_shared_scores,maximum,prefix,complete,0,500,0.6,0.9,biological_error,2151398048,921666314,2151398048,citR,ybdN,False,identifiable,arcA|cysB|fnr|rpoD,500,0.0029316842502277135,0.06716151454652361,0.1690776417543012,0.04365125280486192,-0.541424778610839,5636,,,,[],0,,False,True,
csd-20260805_174708,paired_hierarchical,1,0,0,5d0e9ff5482e9c83,comR->bhsA,shared_complete_observation_shared_scores,maximum,prefix,complete,0,500,0.6,0.9,biological_error,2151398048,921666314,2151398048,comR,bhsA,False,identifiable,crp|rpoD|rpoE,500,-0.09662707401287095,0.05930561915283054,0.24762762408234545,-1.6293072291153903,-0.8947662331505476,5636,,,,[],0,,False,True,
csd-20260805_174708,paired_hierarchical,1,0,0,5d0e9ff5482e9c83,cpxR->ampH,shared_complete_observation_shared_scores,maximum,prefix,complete,0,500,0.6,0.9,biological_error,2151398048,921666314,2151398048,cpxR,ampH,False,identifiable,alpA|basR|btsR|glaR|glrR|nsrR|ptrR|rcdA,500,0.03269034581231753,0.03890234748972348,0.2674808269203639,0.8403180764593466,0.32061567492090753,5636,,,,[],0,,False,True,
csd-20260805_174708,paired_hierarchical,1,0,0,5d0e9ff5482e9c83,cpxR->chaA,shared_complete_observation_shared_scores,maximum,prefix,complete,0,500,0.6,0.9,biological_error,2151398048,921666314,2151398048,cpxR,chaA,False,identifiable,alpA|basR|btsR|glaR|glrR|nsrR|ptrR|rcdA,500,0.07759626848343404,0.03700053477863979,0.2419675024082309,2.0971661341562537,0.22547906612383314,5636,,,,[],0,,False,True,
csd-20260805_174708,paired_hierarchical,1,0,0,5d0e9ff5482e9c83,cpxR->chaB,shared_complete_observation_shared_scores,maximum,prefix,complete,0,500,0.6,0.9,biological_error,2151398048,921666314,2151398048,cpxR,chaB,False,identifiable,alpA|basR|btsR|glaR|glrR|nsrR|ptrR|rcdA,500,-0.013499666137251048,0.031939547575253066,0.1803011761072215,-0.4226630357065753,-0.09119690959722158,5636,,,,[],0,,False,True,
csd-20260805_174708,paired_hierarchical,1,0,0,5d0e9ff5482e9c83,cpxR->dgt,shared_complete_observation_shared_scores,maximum,prefix,complete,0,500,0.6,0.9,biological_error,2151398048,921666314,2151398048,cpxR,dgt,False,identifiable,alpA|basR|btsR|glaR|glrR|nsrR|ptrR|rcdA,500,-0.02484756013989073,0.04345108972260227,0.3336893799719627,-0.5718512538700633,0.5624962658096867,5636,,,,[],0,,False,True,
csd-20260805_174708,paired_hierarchical,1,0,0,5d0e9ff5482e9c83,cpxR->epmB,shared_complete_observation_shared_scores,maximum,prefix,complete,0,500,0.6,0.9,biological_error,2151398048,921666314,2151398048,cpxR,epmB,False,identifiable,alpA|basR|btsR|glaR|glrR|nsrR|ptrR|rcdA,500,0.003881784792206323,0.03468544723962172,0.2126354335471806,0.11191393224337903,0.21933468062138511,5636,,,,[],0,,False,True,
csd-20260805_174708,paired_hierarchical,1,0,0,5d0e9ff5482e9c83,cpxR->ettA,shared_complete_observation_shared_scores,maximum,prefix,complete,0,500,0.6,0.9,biological_error,2151398048,921666314,2151398048,cpxR,ettA,False,identifiable,alpA|basR|btsR|glaR|glrR|nsrR|ptrR|rcdA,500,0.034476757567397334,0.02668185767673711,0.12582680412308406,1.2921423232632074,0.1712967114446853,5636,,,,[],0,,False,True,
csd-20260805_174708,paired_hierarchical,1,0,0,5d0e9ff5482e9c83,cpxR->frmB,shared_complete_observation_shared_scores,maximum,prefix,complete,0,500,0.6,0.9,biological_error,2151398048,921666314,2151398048,cpxR,frmB,False,identifiable,alpA|basR|btsR|frmR|glaR|glrR|nsrR|ptrR|rcdA,500,0.0434793062386357,0.030623538285541152,0.1657354042724083,1.4198002148943178,-0.17447693733883216,5636,,,,[],0,,False,True,
csd-20260805_174708,paired_hierarchical,1,0,0,5d0e9ff5482e9c83,cpxR->gstA,shared_complete_observation_shared_scores,maximum,prefix,complete,0,500,0.6,0.9,biological_error,2151398048,921666314,2151398048,cpxR,gstA,False,identifiable,alpA|basR|btsR|glaR|glrR|nsrR|ptrR|rcdA,500,0.0018005657335611683,0.023431938454994018,0.09704149431803444,0.07684237209053509,0.17791574373359753,5636,,,,[],0,,False,True,
csd-20260805_174708,paired_hierarchical,1,0,0,5d0e9ff5482e9c83,cpxR->pdeB,shared_complete_observation_shared_scores,maximum,prefix,complete,0,500,0.6,0.9,biological_error,2151398048,921666314,2151398048,cpxR,pdeB,False,identifiable,alpA|basR|btsR|glaR|glrR|nsrR|ptrR|rcdA,500,0.005893360883287541,0.0345782155244315,0.21132272066808244,0.17043565707211067,-0.21645184250218752,5636,,,,[],0,,False,True,
csd-20260805_174708,paired_hierarchical,1,0,0,5d0e9ff5482e9c83,cpxR->qmcA,shared_complete_observation_shared_scores,maximum,prefix,complete,0,500,0.6,0.9,biological_error,2151398048,921666314,2151398048,cpxR,qmcA,False,identifiable,alpA|basR|btsR|glaR|glrR|nsrR|ptrR|rcdA,500,-0.012142565092273024,0.0202436599182113,0.07243010339182132,-0.5998206421828649,-0.16963514675004626,5636,,,,[],0,,False,True,
csd-20260805_174708,paired_hierarchical,1,0,0,5d0e9ff5482e9c83,cpxR->ygjR,shared_complete_observation_shared_scores,maximum,prefix,complete,0,500,0.6,0.9,biological_error,2151398048,921666314,2151398048,cpxR,ygjR,False,identifiable,alpA|basR|btsR|glaR|glrR|nsrR|ptrR|rcdA,500,0.08286998417161132,0.029321429919745606,0.15195371806394165,2.8262599879484425,0.156697030688272,5636,,,,[],0,,False,True,
csd-20260805_174708,paired_hierarchical,1,0,0,5d0e9ff5482e9c83,cpxR->yhdJ,shared_complete_observation_shared_scores,maximum,prefix,complete,0,500,0.6,0.9,biological_error,2151398048,921666314,2151398048,cpxR,yhdJ,False,identifiable,alpA|basR|btsR|glaR|glrR|nsrR|ptrR|rcdA,500,0.021860792024369538,0.02599625573641772,0.11944353300772763,0.8409207943644407,-0.21677047702235464,5636,,,,[],0,,False,True,
csd-20260805_174708,paired_hierarchical,1,0,0,5d0e9ff5482e9c83,cpxR->yjfN,shared_complete_observation_shared_scores,maximum,prefix,complete,0,500,0.6,0.9,biological_error,2151398048,921666314,2151398048,cpxR,yjfN,False,identifiable,alpA|basR|btsR|glaR|glrR|nsrR|ptrR|rcdA,500,0.021749122343269044,0.03959288464016765,0.27706095611668746,0.5493189632665509,0.41585740791708053,5636,,,,[],0,,False,True,
csd-20260805_174708,paired_hierarchical,1,0,0,5d0e9ff5482e9c83,cpxR->yqaE,shared_complete_observation_shared_scores,maximum,prefix,complete,0,500,0.6,0.9,biological_error,2151398048,921666314,2151398048,cpxR,yqaE,False,identifiable,alpA|basR|btsR|glaR|glrR|nsrR|ptrR|rcdA,500,0.06329472349178158,0.031175649927508722,0.171779791686995,2.0302615547376828,0.4320624411590768,5636,,,,[],0,,False,True,
csd-20260805_174708,paired_hierarchical,1,0,0,5d0e9ff5482e9c83,feaR->feaB,shared_complete_observation_shared_scores,maximum,prefix,complete,0,500,0.6,0.9,biological_error,2151398048,921666314,2151398048,feaR,feaB,False,identifiable,cpxR|crp|nac|nsrR|phoB|qseB|rpoD,500,0.060830140913882655,0.05277620380004834,0.2621528977352615,1.152605464848287,0.2694687991298255,5636,,,,[],0,,False,True,
csd-20260805_174708,paired_hierarchical,1,0,0,5d0e9ff5482e9c83,feaR->tynA,shared_complete_observation_shared_scores,maximum,prefix,complete,0,500,0.6,0.9,biological_error,2151398048,921666314,2151398048,feaR,tynA,False,identifiable,cpxR|crp|nac|nsrR|phoB|qseB|rpoD,500,-0.17385716289622627,0.06895572752235003,0.44752680831021924,-2.521286760985524,0.29362776244162947,5636,,,,[],0,,False,True,
csd-20260805_174708,paired_hierarchical,1,0,0,5d0e9ff5482e9c83,rpoE->bamA,shared_complete_observation_shared_scores,maximum,prefix,complete,0,500,0.6,0.9,biological_error,2151398048,921666314,2151398048,rpoE,bamA,False,identifiable,alpA|basR|btsR|glaR|glrR|nsrR|ptrR|rcdA,500,0.01783434938143939,0.01858429417783869,0.09577837380680225,0.9596463126754854,0.09751803187624797,5636,,,,[],0,,False,True,
csd-20260805_174708,paired_hierarchical,1,0,0,5d0e9ff5482e9c83,rpoE->bamB,shared_complete_observation_shared_scores,maximum,prefix,complete,0,500,0.6,0.9,biological_error,2151398048,921666314,2151398048,rpoE,bamB,False,identifiable,alpA|basR|btsR|glaR|glrR|nsrR|ptrR|rcdA,500,0.09036134041027477,0.026501103990725656,0.1947615618632434,3.409719853252064,0.16436046426713066,5636,,,,[],0,,False,True,
csd-20260805_174708,paired_hierarchical,1,0,0,5d0e9ff5482e9c83,rpoE->bamD,shared_complete_observation_shared_scores,maximum,prefix,complete,0,500,0.6,0.9,biological_error,2151398048,921666314,2151398048,rpoE,bamD,False,identifiable,alpA|basR|btsR|glaR|glrR|nsrR|ptrR|rcdA,500,0.08202882047037872,0.030270347298895817,0.25410319374007057,2.70987378044952,0.3301002843284525,5636,,,,[],0,,False,True,
csd-20260805_174708,paired_hierarchical,1,0,0,5d0e9ff5482e9c83,rpoE->bepA,shared_complete_observation_shared_scores,maximum,prefix,complete,0,500,0.6,0.9,biological_error,2151398048,921666314,2151398048,rpoE,bepA,False,identifiable,alpA|basR|btsR|glaR|glrR|nsrR|ptrR|rcdA,500,0.14384009910228235,0.02833479339116236,0.2226462663089825,5.076447783351269,0.321048633958929,5636,,,,[],0,,False,True,
csd-20260805_174708,paired_hierarchical,1,0,0,5d0e9ff5482e9c83,rpoE->cca,shared_complete_observation_shared_scores,maximum,prefix,complete,0,500,0.6,0.9,biological_error,2151398048,921666314,2151398048,rpoE,cca,False,identifiable,alpA|basR|btsR|glaR|glrR|nsrR|ptrR|rcdA,500,0.011136778784701993,0.01981451554686014,0.10887852611565522,0.5620515302715416,0.28021462704395156,5636,,,,[],0,,False,True,
csd-20260805_174708,paired_hierarchical,1,0,0,5d0e9ff5482e9c83,rpoE->der,shared_complete_observation_shared_scores,maximum,prefix,complete,0,500,0.6,0.9,biological_error,2151398048,921666314,2151398048,rpoE,der,False,identifiable,alpA|basR|btsR|glaR|glrR|nsrR|ptrR|rcdA,500,0.010155913584745152,0.018996170080452502,0.1000708099268804,0.5346295354133422,0.2370457036488034,5636,,,,[],0,,False,True,
csd-20260805_174708,paired_hierarchical,1,0,0,5d0e9ff5482e9c83,rpoE->dnaE,shared_complete_observation_shared_scores,maximum,prefix,complete,0,500,0.6,0.9,biological_error,2151398048,921666314,2151398048,rpoE,dnaE,False,identifiable,alpA|basR|btsR|glaR|glrR|nsrR|ptrR|rcdA,500,0.013247009862710019,0.019483993012280307,0.10527645353844627,0.6798919428045749,0.1269886894405649,5636,,,,[],0,,False,True,
csd-20260805_174708,paired_hierarchical,1,0,0,5d0e9ff5482e9c83,rpoE->dolP,shared_complete_observation_shared_scores,maximum,prefix,complete,0,500,0.6,0.9,biological_error,2151398048,921666314,2151398048,rpoE,dolP,False,identifiable,alpA|basR|btsR|glaR|glrR|nsrR|ptrR|rcdA,500,-0.011830029379303948,0.025471875258278973,0.17992733794101587,-0.46443496049466965,0.08010592176605419,5636,,,,[],0,,False,True,
csd-20260805_174708,paired_hierarchical,1,0,0,5d0e9ff5482e9c83,rpoE->essD,shared_complete_observation_shared_scores,maximum,prefix,complete,0,500,0.6,0.9,biological_error,2151398048,921666314,2151398048,rpoE,essD,False,identifiable,alpA|basR|btsR|glaR|glrR|nsrR|ptrR|rcdA,500,0.0016191936557223827,0.02164268017972319,0.12989648513798868,0.07481484004182574,0.2070523397704765,5636,,,,[],0,,False,True,
csd-20260805_174708,paired_hierarchical,1,0,0,5d0e9ff5482e9c83,rpoE->fkpA,shared_complete_observation_shared_scores,maximum,prefix,complete,0,500,0.6,0.9,biological_error,2151398048,921666314,2151398048,rpoE,fkpA,False,identifiable,alpA|basR|btsR|glaR|glrR|nsrR|ptrR|rcdA,500,0.03882469888291622,0.02860390316528747,0.22689551656102958,1.3573217144026795,0.42475488697147196,5636,,,,[],0,,False,True,
csd-20260805_174708,paired_hierarchical,1,0,0,5d0e9ff5482e9c83,rpoE->lpxB,shared_complete_observation_shared_scores,maximum,prefix,complete,0,500,0.6,0.9,biological_error,2151398048,921666314,2151398048,rpoE,lpxB,False,identifiable,alpA|basR|btsR|glaR|glrR|nsrR|ptrR|rcdA,500,-0.016241271082408963,0.025941168585947666,0.18661836848048693,-0.6260809349663169,0.22037051037472474,5636,,,,[],0,,False,True,
csd-20260805_174708,paired_hierarchical,1,0,0,5d0e9ff5482e9c83,rpoE->micL,shared_complete_observation_shared_scores,maximum,prefix,complete,0,500,0.6,0.9,biological_error,2151398048,921666314,2151398048,rpoE,micL,False,identifiable,alpA|basR|btsR|glaR|glrR|nsrR|ptrR|rcdA,500,0.03568374332886508,0.02478213280010692,0.1703149125568462,1.439897994926051,0.22800980661098277,5636,,,,[],0,,False,True,
csd-20260805_174708,paired_hierarchical,1,0,0,5d0e9ff5482e9c83,rpoE->prfB,shared_complete_observation_shared_scores,maximum,prefix,complete,0,500,0.6,0.9,biological_error,2151398048,921666314,2151398048,rpoE,prfB,False,identifiable,alpA|basR|btsR|glaR|glrR|nsrR|ptrR|rcdA,500,0.01166354291330898,0.029008211503389073,0.23335506010908563,0.4020772846318468,0.42502671289394506,5636,,,,[],0,,False,True,
csd-20260805_174708,paired_hierarchical,1,0,0,5d0e9ff5482e9c83,rpoE->rclA,shared_complete_observation_shared_scores,maximum,prefix,complete,0,500,0.6,0.9,biological_error,2151398048,921666314,2151398048,rpoE,rclA,False,identifiable,alpA|basR|btsR|glaR|glrR|nsrR|ptrR|rcdA|rclR,500,0.1595975788055184,0.04448522563221926,0.5487676558649839,3.587653575705972,0.8068432124222867,5636,,,,[],0,,False,True,
csd-20260805_174708,paired_hierarchical,1,0,0,5d0e9ff5482e9c83,rpoE->rclB,shared_complete_observation_shared_scores,maximum,prefix,complete,0,500,0.6,0.9,biological_error,2151398048,921666314,2151398048,rpoE,rclB,False,identifiable,alpA|basR|btsR|glaR|glrR|nsrR|ptrR|rcdA|rclR,500,0.02541083359530396,0.03200176842378602,0.28399118985421473,0.7940446683695391,0.40967655132363834,5636,,,,[],0,,False,True,
csd-20260805_174708,paired_hierarchical,1,0,0,5d0e9ff5482e9c83,rpoE->rclC,shared_complete_observation_shared_scores,maximum,prefix,complete,0,500,0.6,0.9,biological_error,2151398048,921666314,2151398048,rpoE,rclC,False,identifiable,alpA|basR|btsR|glaR|glrR|nsrR|ptrR|rcdA|rclR,500,0.014872267873046735,0.026239842365193448,0.19093227810443675,0.566781906158646,0.1888654025350098,5636,,,,[],0,,False,True,
csd-20260805_174708,paired_hierarchical,1,0,0,5d0e9ff5482e9c83,rpoE->recR,shared_complete_observation_shared_scores,maximum,prefix,complete,0,500,0.6,0.9,biological_error,2151398048,921666314,2151398048,rpoE,recR,False,identifiable,alpA|basR|btsR|glaR|glrR|nsrR|ptrR|rcdA,500,0.15296710999384452,0.03016620726739769,0.2523578027955378,5.070810149844878,0.33005996368499163,5636,,,,[],0,,False,True,
csd-20260805_174708,paired_hierarchical,1,0,0,5d0e9ff5482e9c83,rpoE->rnhB,shared_complete_observation_shared_scores,maximum,prefix,complete,0,500,0.6,0.9,biological_error,2151398048,921666314,2151398048,rpoE,rnhB,False,identifiable,alpA|basR|btsR|glaR|glrR|nsrR|ptrR|rcdA,500,0.03856463223424371,0.02779860784825863,0.2142996245484808,1.3872864585432645,0.44267726549213876,5636,,,,[],0,,False,True,
csd-20260805_174708,paired_hierarchical,1,0,0,5d0e9ff5482e9c83,rpoE->rrrD,shared_complete_observation_shared_scores,maximum,prefix,complete,0,500,0.6,0.9,biological_error,2151398048,921666314,2151398048,rpoE,rrrD,False,identifiable,alpA|basR|btsR|glaR|glrR|nsrR|ptrR|rcdA,500,0.05735647193168068,0.02437358727399855,0.1647457507322256,2.353222416007178,0.3196744470963082,5636,,,,[],0,,False,True,
csd-20260805_174708,paired_hierarchical,1,0,0,5d0e9ff5482e9c83,rpoE->rseP,shared_complete_observation_shared_scores,maximum,prefix,complete,0,500,0.6,0.9,biological_error,2151398048,921666314,2151398048,rpoE,rseP,False,identifiable,alpA|basR|btsR|glaR|glrR|nsrR|ptrR|rcdA,500,0.04464300545484881,0.033378048988709656,0.3089564110652067,1.337495953401878,0.5792144002234743,5636,,,,[],0,,False,True,
csd-20260805_174708,paired_hierarchical,1,0,0,5d0e9ff5482e9c83,rpoE->rzpD,shared_complete_observation_shared_scores,maximum,prefix,complete,0,500,0.6,0.9,biological_error,2151398048,921666314,2151398048,rpoE,rzpD,False,identifiable,alpA|basR|btsR|glaR|glrR|nsrR|ptrR|rcdA,500,0.013916127140920768,0.024779346911178286,0.17027662273217278,0.561601852978741,0.17150168071125668,5636,,,,[],0,,False,True,
csd-20260805_174708,paired_hierarchical,1,0,0,5d0e9ff5482e9c83,rpoE->surA,shared_complete_observation_shared_scores,maximum,prefix,complete,0,500,0.6,0.9,biological_error,2151398048,921666314,2151398048,rpoE,surA,False,identifiable,alpA|basR|btsR|glaR|glrR|nsrR|ptrR|rcdA,500,0.09300030981552945,0.040545282628387656,0.45588571113069065,2.2937393399846613,0.5709429552419603,5636,,,,[],0,,False,True,
csd-20260805_174708,paired_hierarchical,1,0,0,5d0e9ff5482e9c83,rpoE->ybaB,shared_complete_observation_shared_scores,maximum,prefix,complete,0,500,0.6,0.9,biological_error,2151398048,921666314,2151398048,rpoE,ybaB,False,identifiable,alpA|basR|btsR|glaR|glrR|nsrR|ptrR|rcdA,500,0.029987925631508684,0.020569567026365435,0.11733447015548476,1.457878310859489,0.5024595301116309,5636,,,,[],0,,False,True,
csd-20260805_174708,paired_hierarchical,1,0,0,5d0e9ff5482e9c83,rpoE->ydhI,shared_complete_observation_shared_scores,maximum,prefix,complete,0,500,0.6,0.9,biological_error,2151398048,921666314,2151398048,rpoE,ydhI,False,identifiable,alpA|basR|btsR|glaR|glrR|nsrR|ptrR|rcdA,500,0.00316517577114592,0.01691194028612089,0.07931625295448372,0.18715627642935104,0.24010470311191948,5636,,,,[],0,,False,True,
csd-20260805_174708,paired_hierarchical,1,0,0,5d0e9ff5482e9c83,rpoE->ydhJ,shared_complete_observation_shared_scores,maximum,prefix,complete,0,500,0.6,0.9,biological_error,2151398048,921666314,2151398048,rpoE,ydhJ,False,identifiable,alpA|basR|btsR|glaR|glrR|nsrR|ptrR|rcdA,500,0.10509432693603338,0.026186524015262475,0.19016519127033843,4.013298094652827,0.22644615421371833,5636,,,,[],0,,False,True,
csd-20260805_174708,paired_hierarchical,1,0,0,5d0e9ff5482e9c83,rpoE->ydhK,shared_complete_observation_shared_scores,maximum,prefix,complete,0,500,0.6,0.9,biological_error,2151398048,921666314,2151398048,rpoE,ydhK,False,identifiable,alpA|basR|btsR|glaR|glrR|nsrR|ptrR|rcdA,500,0.015695819523641713,0.025249804605651946,0.17680370414080068,0.6216214251467254,0.32359062464740385,5636,,,,[],0,,False,True,
csd-20260805_174708,paired_hierarchical,1,0,0,5d0e9ff5482e9c83,rpoE->yeaY,shared_complete_observation_shared_scores,maximum,prefix,complete,0,500,0.6,0.9,biological_error,2151398048,921666314,2151398048,rpoE,yeaY,False,identifiable,alpA|basR|btsR|glaR|glrR|nsrR|ptrR|rcdA,500,0.061889193324188324,0.02328878849531946,0.1504073672997004,2.657467276008226,0.1570675019579417,5636,,,,[],0,,False,True,
csd-20260805_174708,paired_hierarchical,1,0,0,5d0e9ff5482e9c83,rpoE->yfeX,shared_complete_observation_shared_scores,maximum,prefix,complete,0,500,0.6,0.9,biological_error,2151398048,921666314,2151398048,rpoE,yfeX,False,identifiable,alpA|basR|btsR|glaR|glrR|nsrR|ptrR|rcdA,500,0.11236568103874411,0.03668687562718798,0.3732473825980889,3.062830484138364,0.12351843742600364,5636,,,,[],0,,False,True,
csd-20260805_174708,paired_hierarchical,1,0,0,5d0e9ff5482e9c83,rpoE->yfeY,shared_complete_observation_shared_scores,maximum,prefix,complete,0,500,0.6,0.9,biological_error,2151398048,921666314,2151398048,rpoE,yfeY,False,identifiable,alpA|basR|btsR|glaR|glrR|nsrR|ptrR|rcdA,500,0.03844870491593745,0.0220957428873588,0.13539185279380037,1.7400955972353547,0.266897312198702,5636,,,,[],0,,False,True,
csd-20260805_174708,paired_hierarchical,1,0,0,5d0e9ff5482e9c83,rpoE->yfgD,shared_complete_observation_shared_scores,maximum,prefix,complete,0,500,0.6,0.9,biological_error,2151398048,921666314,2151398048,rpoE,yfgD,False,identifiable,alpA|basR|btsR|glaR|glrR|nsrR|ptrR|rcdA,500,0.023154651900336352,0.021058480051885365,0.1229785475570798,1.0995405102023645,0.2037657413173121,5636,,,,[],0,,False,True,
csd-20260805_174708,paired_hierarchical,1,0,0,5d0e9ff5482e9c83,rpoE->yggN,shared_complete_observation_shared_scores,maximum,prefix,complete,0,500,0.6,0.9,biological_error,2151398048,921666314,2151398048,rpoE,yggN,False,identifiable,alpA|basR|btsR|glaR|glrR|nsrR|ptrR|rcdA,500,0.07452044340739636,0.03834036054286204,0.40765023892478325,1.9436552591644862,0.25473339092151676,5636,,,,[],0,,False,True,
csd-20260805_174708,paired_hierarchical,1,0,0,5d0e9ff5482e9c83,rpoE->yghF,shared_complete_observation_shared_scores,maximum,prefix,complete,0,500,0.6,0.9,biological_error,2151398048,921666314,2151398048,rpoE,yghF,False,identifiable,alpA|basR|btsR|glaR|glrR|nsrR|ptrR|rcdA,500,0.016333238227389184,0.023511898280724714,0.15330301792406728,0.694679690783595,0.14509617763432264,5636,,,,[],0,,False,True,
csd-20260805_174708,paired_hierarchical,1,0,0,5d0e9ff5482e9c83,rpoE->yicI,shared_complete_observation_shared_scores,maximum,prefix,complete,0,500,0.6,0.9,biological_error,2151398048,921666314,2151398048,rpoE,yicI,False,identifiable,alpA|basR|btsR|glaR|glrR|nsrR|ptrR|rcdA,500,0.09542217997505718,0.05015648551044464,0.6976370089313122,1.9024893591315597,0.8066526648669347,5636,,,,[],0,,False,True,
csd-20260805_174708,paired_hierarchical,1,0,0,5d0e9ff5482e9c83,rpoE->yieF,shared_complete_observation_shared_scores,maximum,prefix,complete,0,500,0.6,0.9,biological_error,2151398048,921666314,2151398048,rpoE,yieF,False,identifiable,alpA|basR|btsR|glaR|glrR|nsrR|ptrR|rcdA,500,0.024119789106662574,0.02391128379995488,0.15855542432679978,1.0087199544973027,0.19509112541462528,5636,,,,[],0,,False,True,
csd-20260805_174708,paired_hierarchical,1,0,0,5d0e9ff5482e9c83,rpoH->cnoX,shared_complete_observation_shared_scores,maximum,prefix,complete,0,500,0.6,0.9,biological_error,2151398048,921666314,2151398048,rpoH,cnoX,False,identifiable,alpA|basR|btsR|glaR|glrR|nsrR|ptrR|rcdA,500,0.010429619479410127,0.016188566818901982,0.15310481263291364,0.6442583581415229,0.12140557163821707,5636,,,,[],0,,False,True,
csd-20260805_174708,paired_hierarchical,1,0,0,5d0e9ff5482e9c83,rpoH->dnaJ,shared_complete_observation_shared_scores,maximum,prefix,complete,0,500,0.6,0.9,biological_error,2151398048,921666314,2151398048,rpoH,dnaJ,False,identifiable,alpA|basR|btsR|glaR|glrR|nsrR|ptrR|rcdA,500,0.004866362650232327,0.01350933824344686,0.10662037094584409,0.3602221339444893,0.20327699931570756,5636,,,,[],0,,False,True,
csd-20260805_174708,paired_hierarchical,1,0,0,5d0e9ff5482e9c83,rpoH->dnaK,shared_complete_observation_shared_scores,maximum,prefix,complete,0,500,0.6,0.9,biological_error,2151398048,921666314,2151398048,rpoH,dnaK,False,identifiable,alpA|basR|btsR|glaR|glrR|nsrR|ptrR|rcdA,500,-0.0064686001451106385,0.01303123990808416,0.09920727452847108,-0.49639176246749384,0.2318849410188238,5636,,,,[],0,,False,True,
csd-20260805_174708,paired_hierarchical,1,0,0,5d0e9ff5482e9c83,rpoH->hemW,shared_complete_observation_shared_scores,maximum,prefix,complete,0,500,0.6,0.9,biological_error,2151398048,921666314,2151398048,rpoH,hemW,False,identifiable,alpA|basR|btsR|glaR|glrR|nsrR|ptrR|rcdA,500,0.04895326889705493,0.019761985789986385,0.2281566877404903,2.477143209052407,0.18653612099657985,5636,,,,[],0,,False,True,
csd-20260805_174708,paired_hierarchical,1,0,0,5d0e9ff5482e9c83,rpoH->holC,shared_complete_observation_shared_scores,maximum,prefix,complete,0,500,0.6,0.9,biological_error,2151398048,921666314,2151398048,rpoH,holC,False,identifiable,alpA|basR|btsR|glaR|glrR|nsrR|ptrR|rcdA,500,0.05001220421928504,0.025682039229846153,0.3853284256520063,1.94736110211855,0.2321866043275262,5636,,,,[],0,,False,True,
csd-20260805_174708,paired_hierarchical,1,0,0,5d0e9ff5482e9c83,rpoH->hslO,shared_complete_observation_shared_scores,maximum,prefix,complete,0,500,0.6,0.9,biological_error,2151398048,921666314,2151398048,rpoH,hslO,False,identifiable,alpA|basR|btsR|glaR|glrR|nsrR|ptrR|rcdA,500,0.022323096849609342,0.014240040953014043,0.11846621544680355,1.5676286973658204,0.1646130555366305,5636,,,,[],0,,False,True,
csd-20260805_174708,paired_hierarchical,1,0,0,5d0e9ff5482e9c83,rpoH->hslR,shared_complete_observation_shared_scores,maximum,prefix,complete,0,500,0.6,0.9,biological_error,2151398048,921666314,2151398048,rpoH,hslR,False,identifiable,alpA|basR|btsR|glaR|glrR|nsrR|ptrR|rcdA,500,0.027572917604486102,0.02204846869348912,0.28400690730787115,1.2505593013191136,0.277826675047142,5636,,,,[],0,,False,True,
csd-20260805_174708,paired_hierarchical,1,0,0,5d0e9ff5482e9c83,rpoH->hslU,shared_complete_observation_shared_scores,maximum,prefix,complete,0,500,0.6,0.9,biological_error,2151398048,921666314,2151398048,rpoH,hslU,False,identifiable,alpA|basR|btsR|glaR|glrR|nsrR|ptrR|rcdA,500,-0.01351118937992391,0.016013270365874507,0.14980700122150928,-0.8437495321828374,0.11992441745140871,5636,,,,[],0,,False,True,
csd-20260805_174708,paired_hierarchical,1,0,0,5d0e9ff5482e9c83,rpoH->hslV,shared_complete_observation_shared_scores,maximum,prefix,complete,0,500,0.6,0.9,biological_error,2151398048,921666314,2151398048,rpoH,hslV,False,identifiable,alpA|basR|btsR|glaR|glrR|nsrR|ptrR|rcdA,500,0.012012652608222579,0.020052662941657296,0.23491791949358093,0.5990552298800953,0.3516744986547995,5636,,,,[],0,,False,True,
csd-20260805_174708,paired_hierarchical,1,0,0,5d0e9ff5482e9c83,rpoH->lnt,shared_complete_observation_shared_scores,maximum,prefix,complete,0,500,0.6,0.9,biological_error,2151398048,921666314,2151398048,rpoH,lnt,False,identifiable,alpA|basR|btsR|glaR|glrR|nsrR|ptrR|rcdA,500,0.01734557335140786,0.02338595975703772,0.31950851300279215,0.7417088514482679,0.18485004484354528,5636,,,,[],0,,False,True,
csd-20260805_174708,paired_hierarchical,1,0,0,5d0e9ff5482e9c83,rpoH->mbiA,shared_complete_observation_shared_scores,maximum,prefix,complete,0,500,0.6,0.9,biological_error,2151398048,921666314,2151398048,rpoH,mbiA,False,identifiable,alpA|basR|btsR|glaR|glrR|nsrR|ptrR|rcdA,500,-0.02865473055785749,0.024265540022173043,0.3439948650294733,-1.1808816342712236,0.14502956885049795,5636,,,,[],0,,False,True,
csd-20260805_174708,paired_hierarchical,1,0,0,5d0e9ff5482e9c83,rpoH->mhpT,shared_complete_observation_shared_scores,maximum,prefix,complete,0,500,0.6,0.9,biological_error,2151398048,921666314,2151398048,rpoH,mhpT,False,identifiable,alpA|basR|btsR|glaR|glrR|nsrR|ptrR|rcdA,500,0.02566078412823331,0.01740640599303441,0.17700692434370083,1.4742149607737567,0.1537489107581022,5636,,,,[],0,,False,True,
csd-20260805_174708,paired_hierarchical,1,0,0,5d0e9ff5482e9c83,rpoH->mpaA,shared_complete_observation_shared_scores,maximum,prefix,complete,0,500,0.6,0.9,biological_error,2151398048,921666314,2151398048,rpoH,mpaA,False,identifiable,alpA|basR|btsR|glaR|glrR|nsrR|pgrR|ptrR|rcdA,500,-0.0145572825543202,0.023113890746095676,0.31201472634401634,-0.6298066696875414,0.3464831914852341,5636,,,,[],0,,False,True,
csd-20260805_174708,paired_hierarchical,1,0,0,5d0e9ff5482e9c83,rpoH->nanX,shared_complete_observation_shared_scores,maximum,prefix,complete,0,500,0.6,0.9,biological_error,2151398048,921666314,2151398048,rpoH,nanX,False,identifiable,alpA|basR|btsR|glaR|glrR|nanR|nsrR|ptrR|rcdA,500,0.002900033117112526,0.02195120967779458,0.28150677598650253,0.1321126789675807,0.26443562524449954,5636,,,,[],0,,False,True,
csd-20260805_174708,paired_hierarchical,1,0,0,5d0e9ff5482e9c83,rpoH->narP,shared_complete_observation_shared_scores,maximum,prefix,complete,0,500,0.6,0.9,biological_error,2151398048,921666314,2151398048,rpoH,narP,False,identifiable,alpA|basR|btsR|glaR|glrR|nsrR|ptrR|rcdA,500,0.08937933197538417,0.021723126824714074,0.2756872704108685,4.114478210093523,0.3892011093466488,5636,,,,[],0,,False,True,
csd-20260805_174708,paired_hierarchical,1,0,0,5d0e9ff5482e9c83,rpoH->pgpC,shared_complete_observation_shared_scores,maximum,prefix,complete,0,500,0.6,0.9,biological_error,2151398048,921666314,2151398048,rpoH,pgpC,False,identifiable,alpA|basR|btsR|glaR|glrR|nsrR|ptrR|rcdA,500,-0.003935867980298256,0.015508631073308557,0.14051379643128054,-0.2537856475980115,0.18962978145302964,5636,,,,[],0,,False,True,
csd-20260805_174708,paired_hierarchical,1,0,0,5d0e9ff5482e9c83,rpoH->pncC,shared_complete_observation_shared_scores,maximum,prefix,complete,0,500,0.6,0.9,biological_error,2151398048,921666314,2151398048,rpoH,pncC,False,identifiable,alpA|basR|btsR|glaR|glrR|nsrR|ptrR|rcdA,500,0.024519261501620017,0.01925929269618843,0.21669690323122442,1.2731132907322489,0.2565528874930288,5636,,,,[],0,,False,True,
csd-20260805_174708,paired_hierarchical,1,0,0,5d0e9ff5482e9c83,rpoH->prlC,shared_complete_observation_shared_scores,maximum,prefix,complete,0,500,0.6,0.9,biological_error,2151398048,921666314,2151398048,rpoH,prlC,False,identifiable,alpA|basR|btsR|glaR|glrR|nsrR|ptrR|rcdA,500,0.05325971055801473,0.020633360398882958,0.24872071984518254,2.581242683130669,0.14054795811848186,5636,,,,[],0,,False,True,
csd-20260805_174708,paired_hierarchical,1,0,0,5d0e9ff5482e9c83,rpoH->rdgB,shared_complete_observation_shared_scores,maximum,prefix,complete,0,500,0.6,0.9,biological_error,2151398048,921666314,2151398048,rpoH,rdgB,False,identifiable,alpA|basR|btsR|glaR|glrR|nsrR|ptrR|rcdA,500,0.05333476391972501,0.020356599475125994,0.24209315016172508,2.6200232501943894,0.27634179338118303,5636,,,,[],0,,False,True,
csd-20260805_174708,paired_hierarchical,1,0,0,5d0e9ff5482e9c83,rpoH->rpmE,shared_complete_observation_shared_scores,maximum,prefix,complete,0,500,0.6,0.9,biological_error,2151398048,921666314,2151398048,rpoH,rpmE,False,identifiable,alpA|basR|btsR|glaR|glrR|nsrR|ptrR|rcdA,500,0.012781570541842674,0.012684520113937222,0.09399832633102981,1.0076510918058947,0.26372613681369766,5636,,,,[],0,,False,True,
csd-20260805_174708,paired_hierarchical,1,0,0,5d0e9ff5482e9c83,rpoH->rsmJ,shared_complete_observation_shared_scores,maximum,prefix,complete,0,500,0.6,0.9,biological_error,2151398048,921666314,2151398048,rpoH,rsmJ,False,identifiable,alpA|basR|btsR|glaR|glrR|nsrR|ptrR|rcdA,500,0.007267240244178488,0.0172394015412062,0.17362665914088002,0.42154829022388535,0.25474624800060025,5636,,,,[],0,,False,True,
csd-20260805_174708,paired_hierarchical,1,0,0,5d0e9ff5482e9c83,rpoH->tadA,shared_complete_observation_shared_scores,maximum,prefix,complete,0,500,0.6,0.9,biological_error,2151398048,921666314,2151398048,rpoH,tadA,False,identifiable,alpA|basR|btsR|glaR|glrR|nsrR|ptrR|rcdA,500,0.09130041105438795,0.01840774211377423,0.1979580106467765,4.959891902552744,0.46558629902632453,5636,,,,[],0,,False,True,
csd-20260805_174708,paired_hierarchical,1,0,0,5d0e9ff5482e9c83,rpoH->yafE,shared_complete_observation_shared_scores,maximum,prefix,complete,0,500,0.6,0.9,biological_error,2151398048,921666314,2151398048,rpoH,yafE,False,identifiable,alpA|basR|btsR|glaR|glrR|nsrR|ptrR|rcdA,500,0.05400982167393234,0.022934469639209063,0.30729071716577866,2.3549627492408396,0.33776643541688195,5636,,,,[],0,,False,True,
csd-20260805_174708,paired_hierarchical,1,0,0,5d0e9ff5482e9c83,rpoH->ybeY,shared_complete_observation_shared_scores,maximum,prefix,complete,0,500,0.6,0.9,biological_error,2151398048,921666314,2151398048,rpoH,ybeY,False,identifiable,alpA|basR|btsR|glaR|glrR|nsrR|ptrR|rcdA,500,0.014159957455493238,0.014248143529817908,0.11860106824653746,0.9938106972224052,0.18895335052054624,5636,,,,[],0,,False,True,
csd-20260805_174708,paired_hierarchical,1,0,0,5d0e9ff5482e9c83,rpoH->ybeZ,shared_complete_observation_shared_scores,maximum,prefix,complete,0,500,0.6,0.9,biological_error,2151398048,921666314,2151398048,rpoH,ybeZ,False,identifiable,alpA|basR|btsR|glaR|glrR|nsrR|ptrR|rcdA,500,0.011822795921192404,0.012880965049046292,0.09693237229333136,0.9178501669847916,0.10750499805484615,5636,,,,[],0,,False,True,
csd-20260805_174708,paired_hierarchical,1,0,0,5d0e9ff5482e9c83,rpoH->yccE,shared_complete_observation_shared_scores,maximum,prefix,complete,0,500,0.6,0.9,biological_error,2151398048,921666314,2151398048,rpoH,yccE,False,identifiable,alpA|basR|btsR|glaR|glrR|nsrR|ptrR|rcdA,500,-0.025793374363705265,0.0144008997886569,0.1211577765128538,-1.7910946359075306,0.18624492312262528,5636,,,,[],0,,False,True,
csd-20260805_174708,paired_hierarchical,1,0,0,5d0e9ff5482e9c83,rpoH->ycjF,shared_complete_observation_shared_scores,maximum,prefix,complete,0,500,0.6,0.9,biological_error,2151398048,921666314,2151398048,rpoH,ycjF,False,identifiable,alpA|basR|btsR|glaR|glrR|nsrR|pgrR|ptrR|rcdA,500,0.010302456735366085,0.012808348483435721,0.09581097290062855,0.8043548119173711,0.15748555698233677,5636,,,,[],0,,False,True,
csd-20260805_174708,paired_hierarchical,1,0,0,5d0e9ff5482e9c83,rpoH->ycjX,shared_complete_observation_shared_scores,maximum,prefix,complete,0,500,0.6,0.9,biological_error,2151398048,921666314,2151398048,rpoH,ycjX,False,identifiable,alpA|basR|btsR|glaR|glrR|nsrR|pgrR|ptrR|rcdA,500,0.034761590747330096,0.024125959377137515,0.3399367862872279,1.4408376555699263,0.1800343368014822,5636,,,,[],0,,False,True,
csd-20260805_174708,paired_hierarchical,1,0,0,5d0e9ff5482e9c83,rpoH->ycjY,shared_complete_observation_shared_scores,maximum,prefix,complete,0,500,0.6,0.9,biological_error,2151398048,921666314,2151398048,rpoH,ycjY,False,identifiable,alpA|basR|btsR|glaR|glrR|nsrR|pgrR|ptrR|rcdA,500,-0.004658188554911326,0.01741041645449429,0.17703017508344693,-0.267551816872759,0.2530428973178052,5636,,,,[],0,,False,True,
csd-20260805_174708,paired_hierarchical,1,0,0,5d0e9ff5482e9c83,rpoH->yehR,shared_complete_observation_shared_scores,maximum,prefix,complete,0,500,0.6,0.9,biological_error,2151398048,921666314,2151398048,rpoH,yehR,False,identifiable,alpA|basR|btsR|glaR|glrR|nsrR|ptrR|rcdA,500,0.050480555641332074,0.019028985257721953,0.21154525931139892,2.6528243601874193,0.13833799388460497,5636,,,,[],0,,False,True,
csd-20260805_174708,paired_hierarchical,1,0,0,5d0e9ff5482e9c83,rpoH->yiaA,shared_complete_observation_shared_scores,maximum,prefix,complete,0,500,0.6,0.9,biological_error,2151398048,921666314,2151398048,rpoH,yiaA,False,identifiable,alpA|basR|btsR|glaR|glrR|nsrR|ptrR|rcdA,500,0.01167882994675133,0.021251473562378956,0.2638457701829768,0.5495538891677667,0.387184838293375,5636,,,,[],0,,False,True,
csd-20260805_174708,paired_hierarchical,1,0,0,5d0e9ff5482e9c83,rpoH->yibA,shared_complete_observation_shared_scores,maximum,prefix,complete,0,500,0.6,0.9,biological_error,2151398048,921666314,2151398048,rpoH,yibA,False,identifiable,alpA|basR|btsR|glaR|glrR|nsrR|ptrR|rcdA,500,0.00669113194974506,0.01686083782115818,0.16608497297299654,0.3968445708758643,0.35673073921006354,5636,,,,[],0,,False,True,
csd-20260805_174708,paired_hierarchical,1,0,0,5d0e9ff5482e9c83,rpoH->yjaZ,shared_complete_observation_shared_scores,maximum,prefix,complete,0,500,0.6,0.9,biological_error,2151398048,921666314,2151398048,rpoH,yjaZ,False,identifiable,alpA|basR|btsR|glaR|glrR|nsrR|ptrR|rcdA,500,0.02892105444648338,0.014913155980245016,0.12993051461161312,1.939298059028832,0.25061061850449645,5636,,,,[],0,,False,True,
csd-20260805_174708,paired_hierarchical,1,0,0,5d0e9ff5482e9c83,rpoH->yjiT,shared_complete_observation_shared_scores,maximum,prefix,complete,0,500,0.6,0.9,biological_error,2151398048,921666314,2151398048,rpoH,yjiT,False,identifiable,alpA|basR|btsR|glaR|glrR|nsrR|ptrR|rcdA,500,-0.0011832225661732492,0.023213286150296244,0.31480765765775665,-0.05097178221611459,0.5107560525570081,5636,,,,[],0,,False,True,
csd-20260805_174708,paired_hierarchical,1,0,0,5d0e9ff5482e9c83,rpoH->ymjC,shared_complete_observation_shared_scores,maximum,prefix,complete,0,500,0.6,0.9,biological_error,2151398048,921666314,2151398048,rpoH,ymjC,False,identifiable,alpA|basR|btsR|glaR|glrR|nsrR|pgrR|ptrR|rcdA,500,0.010786202654433433,0.017824393059952447,0.18554894143743644,0.6051371633330784,0.14022482967622088,5636,,,,[],0,,False,True,
csd-20260805_174708,paired_hierarchical,1,0,0,5d0e9ff5482e9c83,rpoH->ymjD,shared_complete_observation_shared_scores,maximum,prefix,complete,0,500,0.6,0.9,biological_error,2151398048,921666314,2151398048,rpoH,ymjD,False,identifiable,alpA|basR|btsR|glaR|glrR|nsrR|pgrR|ptrR|rcdA,500,0.001355075275933773,0.02034438020025966,0.2417229616806768,0.06660685961406078,0.2588565147935149,5636,,,,[],0,,False,True,
csd-20260805_174708,paired_hierarchical,1,0,0,5d0e9ff5482e9c83,rpoH->yrdA,shared_complete_observation_shared_scores,maximum,prefix,complete,0,500,0.6,0.9,biological_error,2151398048,921666314,2151398048,rpoH,yrdA,False,identifiable,alpA|basR|btsR|glaR|glrR|nsrR|ptrR|rcdA,500,-0.0187121030417192,0.02651611294378762,0.4107634174347359,-0.705688012469535,0.13085324543884772,5636,,,,[],0,,False,True,
csd-20260805_174708,paired_hierarchical,1,0,0,5d0e9ff5482e9c83,rpoH->yrfG,shared_complete_observation_shared_scores,maximum,prefix,complete,0,500,0.6,0.9,biological_error,2151398048,921666314,2151398048,rpoH,yrfG,False,identifiable,alpA|basR|btsR|glaR|glrR|nsrR|ptrR|rcdA,500,0.0144220300016647,0.016180746272108686,0.15295692132823058,0.89130808673049,0.19536722612804153,5636,,,,[],0,,False,True,
csd-20260805_174708,paired_hierarchical,1,0,0,5d0e9ff5482e9c83,crp->aaeA,shared_complete_observation_shared_scores,maximum,prefix,complete,0,500,0.6,0.9,biological_error,2151398048,921666314,2151398048,crp,aaeA,False,identifiable,alpA|basR|btsR|glaR|glrR|nsrR|ptrR|rcdA,500,-0.02441473778330623,0.04464400448268334,0.163143949893345,-0.5468760714056531,0.3267092680543544,5636,,,,[],0,,False,True,
csd-20260805_174708,paired_hierarchical,1,0,0,5d0e9ff5482e9c83,crp->aaeB,shared_complete_observation_shared_scores,maximum,prefix,complete,0,500,0.6,0.9,biological_error,2151398048,921666314,2151398048,crp,aaeB,False,identifiable,alpA|basR|btsR|glaR|glrR|nsrR|ptrR|rcdA,500,-0.005044185406482187,0.051585895213010886,0.21782445191095662,-0.09778225977572942,0.13742626981466227,5636,,,,[],0,,False,True,
csd-20260805_174708,paired_hierarchical,1,0,0,5d0e9ff5482e9c83,crp->aaeR,shared_complete_observation_shared_scores,maximum,prefix,complete,0,500,0.6,0.9,biological_error,2151398048,921666314,2151398048,crp,aaeR,False,identifiable,alpA|basR|btsR|glaR|glrR|nsrR|ptrR|rcdA,500,-0.0006163894062615463,0.030567474255178712,0.07648280317522134,-0.020164878560652362,-0.10403702077580167,5636,,,,[],0,,False,True,
csd-20260805_174708,paired_hierarchical,1,0,0,5d0e9ff5482e9c83,crp->aaeX,shared_complete_observation_shared_scores,maximum,prefix,complete,0,500,0.6,0.9,biological_error,2151398048,921666314,2151398048,crp,aaeX,False,identifiable,alpA|basR|btsR|glaR|glrR|nsrR|ptrR|rcdA,500,0.13687616017278081,0.03921361576056249,0.12586890810584583,3.4905263775863915,0.25261700370773066,5636,,,,[],0,,False,True,
csd-20260805_174708,paired_hierarchical,1,0,0,5d0e9ff5482e9c83,crp->aegA,shared_complete_observation_shared_scores,maximum,prefix,complete,0,500,0.6,0.9,biological_error,2151398048,921666314,2151398048,crp,aegA,False,identifiable,alpA|basR|btsR|glaR|glrR|nsrR|ptrR|rcdA,500,-0.053754714806088136,0.04457824175037224,0.162663666369498,-1.205850941970794,-0.10763267639484722,5636,,,,[],0,,False,True,
csd-20260805_174708,paired_hierarchical,1,0,0,5d0e9ff5482e9c83,crp->agp,shared_complete_observation_shared_scores,maximum,prefix,complete,0,500,0.6,0.9,biological_error,2151398048,921666314,2151398048,crp,agp,False,identifiable,alpA|basR|btsR|glaR|glrR|nsrR|ptrR|rcdA,500,0.05708369798460261,0.03644791850509805,0.10874020549860995,1.5661716862272448,0.39144412478189494,5636,,,,[],0,,False,True,
csd-20260805_174708,paired_hierarchical,1,0,0,5d0e9ff5482e9c83,crp->ampE,shared_complete_observation_shared_scores,maximum,prefix,complete,0,500,0.6,0.9,biological_error,2151398048,921666314,2151398048,crp,ampE,False,identifiable,alpA|basR|btsR|glaR|glrR|nsrR|ptrR|rcdA,500,-0.028833967338895594,0.04086806694677294,0.13671396500409969,-0.7055378316877404,-0.5383875456710223,5636,,,,[],0,,False,True,
csd-20260805_174708,paired_hierarchical,1,0,0,5d0e9ff5482e9c83,crp->arfB,shared_complete_observation_shared_scores,maximum,prefix,complete,0,500,0.6,0.9,biological_error,2151398048,921666314,2151398048,crp,arfB,False,identifiable,alpA|basR|btsR|glaR|glrR|nsrR|ptrR|rcdA,500,0.0018037317559773383,0.041403731477098756,0.1403213173811403,0.043564473336781706,-0.3244933747945988,5636,,,,[],0,,False,True,
csd-20260805_174708,paired_hierarchical,1,0,0,5d0e9ff5482e9c83,crp->comR,shared_complete_observation_shared_scores,maximum,prefix,complete,0,500,0.6,0.9,biological_error,2151398048,921666314,2151398048,crp,comR,False,identifiable,alpA|basR|btsR|glaR|glrR|nsrR|ptrR|rcdA,500,-0.11921738823219603,0.0414699282644508,0.1407703709140116,-2.874791281816433,-0.5576894955210375,5636,,,,[],0,,False,True,
csd-20260805_174708,paired_hierarchical,1,0,0,5d0e9ff5482e9c83,crp->glpG,shared_complete_observation_shared_scores,maximum,prefix,complete,0,500,0.6,0.9,biological_error,2151398048,921666314,2151398048,crp,glpG,False,identifiable,alpA|basR|btsR|glaR|glrR|nsrR|ptrR|rcdA,500,0.04370756875517047,0.044097821589267464,0.15917650282241957,0.9911502922359328,0.3751212785474022,5636,,,,[],0,,False,True,
csd-20260805_174708,paired_hierarchical,1,0,0,5d0e9ff5482e9c83,crp->glpR,shared_complete_observation_shared_scores,maximum,prefix,complete,0,500,0.6,0.9,biological_error,2151398048,921666314,2151398048,crp,glpR,False,identifiable,alpA|basR|btsR|glaR|glrR|nsrR|ptrR|rcdA,500,0.10166988586316346,0.04529059879348726,0.1679039108338425,2.2448342166273916,0.1446020306921607,5636,,,,[],0,,False,True,
csd-20260805_174708,paired_hierarchical,1,0,0,5d0e9ff5482e9c83,crp->mokB,shared_complete_observation_shared_scores,maximum,prefix,complete,0,500,0.6,0.9,biological_error,2151398048,921666314,2151398048,crp,mokB,False,identifiable,alpA|basR|btsR|glaR|glrR|nsrR|ptrR|rcdA,500,0.029525379117188687,0.038978746680164426,0.12436564545003513,0.7574737935895105,0.09208079405402236,5636,,,,[],0,,False,True,
csd-20260805_174708,paired_hierarchical,1,0,0,5d0e9ff5482e9c83,crp->psuG,shared_complete_observation_shared_scores,maximum,prefix,complete,0,500,0.6,0.9,biological_error,2151398048,921666314,2151398048,crp,psuG,False,identifiable,alpA|basR|btsR|glaR|glrR|nsrR|ptrR|rcdA,500,0.04597309479690466,0.03502432722757783,0.10041169316188074,1.3126046504244018,0.2863957961723735,5636,,,,[],0,,False,True,
csd-20260805_174708,paired_hierarchical,1,0,0,5d0e9ff5482e9c83,crp->psuK,shared_complete_observation_shared_scores,maximum,prefix,complete,0,500,0.6,0.9,biological_error,2151398048,921666314,2151398048,crp,psuK,False,identifiable,alpA|basR|btsR|glaR|glrR|nsrR|ptrR|rcdA,500,0.04882693825184358,0.03839108218930109,0.12064390765703363,1.271830213357486,0.18465973376184416,5636,,,,[],0,,False,True,
csd-20260805_174708,paired_hierarchical,1,0,0,5d0e9ff5482e9c83,crp->rihA,shared_complete_observation_shared_scores,maximum,prefix,complete,0,500,0.6,0.9,biological_error,2151398048,921666314,2151398048,crp,rihA,False,identifiable,alpA|basR|btsR|glaR|glrR|nsrR|ptrR|rcdA,500,0.005892914111768611,0.03788598637783608,0.11749026524240624,0.1555433730297718,0.2090063316901066,5636,,,,[],0,,False,True,
csd-20260805_174708,paired_hierarchical,1,0,0,5d0e9ff5482e9c83,crp->rof,shared_complete_observation_shared_scores,maximum,prefix,complete,0,500,0.6,0.9,biological_error,2151398048,921666314,2151398048,crp,rof,False,identifiable,alpA|basR|btsR|glaR|glrR|nsrR|ptrR|rcdA|yidZ,500,-0.007011344940706032,0.035762684327707135,0.10458909652624984,-0.19605197631303067,-0.3544419481010278,5636,,,,[],0,,False,True,
csd-20260805_174708,paired_hierarchical,1,0,0,5d0e9ff5482e9c83,crp->yaeP,shared_complete_observation_shared_scores,maximum,prefix,complete,0,500,0.6,0.9,biological_error,2151398048,921666314,2151398048,crp,yaeP,False,identifiable,alpA|basR|btsR|glaR|glrR|nsrR|ptrR|rcdA,500,-0.06658094141633646,0.03509884419039397,0.10083941495775525,-1.8969553827803443,-0.06588703856169346,5636,,,,[],0,,False,True,
csd-20260805_174708,paired_hierarchical,1,0,0,5d0e9ff5482e9c83,crp->yahN,shared_complete_observation_shared_scores,maximum,prefix,complete,0,500,0.6,0.9,biological_error,2151398048,921666314,2151398048,crp,yahN,False,identifiable,alpA|basR|btsR|glaR|glrR|nsrR|ptrR|rcdA,500,-0.022019406634653474,0.0374295700554888,0.11467648262117949,-0.5882890613493561,0.29868355474558617,5636,,,,[],0,,False,True,
csd-20260805_174708,paired_hierarchical,1,0,0,5d0e9ff5482e9c83,crp->yeiP,shared_complete_observation_shared_scores,maximum,prefix,complete,0,500,0.6,0.9,biological_error,2151398048,921666314,2151398048,crp,yeiP,False,identifiable,alpA|basR|btsR|glaR|glrR|nsrR|ptrR|rcdA,500,0.04343776976485328,0.041234902437535685,0.139179294077885,1.0534223969767986,0.1701142190064807,5636,,,,[],0,,False,True,
csd-20260805_174708,paired_hierarchical,1,0,0,5d0e9ff5482e9c83,crp->yeiW,shared_complete_observation_shared_scores,maximum,prefix,complete,0,500,0.6,0.9,biological_error,2151398048,921666314,2151398048,crp,yeiW,False,identifiable,alpA|basR|btsR|glaR|glrR|nsrR|ptrR|rcdA,500,-0.0018915743075049942,0.04317884170494057,0.15261128974223384,-0.04380789833203326,0.10213470807618247,5636,,,,[],0,,False,True,
csd-20260805_174708,paired_hierarchical,1,0,0,5d0e9ff5482e9c83,crp->ygcW,shared_complete_observation_shared_scores,maximum,prefix,complete,0,500,0.6,0.9,biological_error,2151398048,921666314,2151398048,crp,ygcW,False,identifiable,alpA|basR|btsR|glaR|glrR|nsrR|ptrR|rcdA,500,0.020300726070929618,0.03770248757654849,0.11635490548737908,0.53844526915399,0.1509956340372804,5636,,,,[],0,,False,True,
csd-20260805_174708,paired_hierarchical,1,0,0,5d0e9ff5482e9c83,crp->ygeW,shared_complete_observation_shared_scores,maximum,prefix,complete,0,500,0.6,0.9,biological_error,2151398048,921666314,2151398048,crp,ygeW,False,identifiable,alpA|basR|btsR|glaR|glrR|nsrR|ptrR|rcdA,500,0.024277629001160476,0.04027459986587513,0.1327722011951866,0.6028024879703655,0.1275769652870929,5636,,,,[],0,,False,True,
csd-20260805_174708,paired_hierarchical,1,0,0,5d0e9ff5482e9c83,pdeL->fliF,shared_complete_observation_shared_scores,maximum,prefix,complete,0,500,0.6,0.9,biological_error,2151398048,921666314,2151398048,pdeL,fliF,False,identifiable,cra|csgD|flhC|flhD|fliA|hns|nac|rpoD,500,-0.003379348837148989,0.04766817823114847,0.5583887823573426,-0.07089318204614699,-0.26853994192598524,5636,,,,[],0,,False,True,
csd-20260805_174708,paired_hierarchical,1,0,0,5d0e9ff5482e9c83,pdeL->fliG,shared_complete_observation_shared_scores,maximum,prefix,complete,0,500,0.6,0.9,biological_error,2151398048,921666314,2151398048,pdeL,fliG,False,identifiable,cra|csgD|flhC|flhD|fliA|hns|nac|rpoD,500,-0.015028898222263451,0.0818266505043345,1.645391025705582,-0.18366752310688,-0.1807689175534927,5636,,,,[],0,,False,True,
csd-20260805_174708,paired_hierarchical,1,0,0,5d0e9ff5482e9c83,pdeL->fliH,shared_complete_observation_shared_scores,maximum,prefix,complete,0,500,0.6,0.9,biological_error,2151398048,921666314,2151398048,pdeL,fliH,False,identifiable,cra|csgD|flhC|flhD|fliA|hns|nac|rpoD,500,-0.019613622172215385,0.06464248105074825,1.026870339256826,-0.3034169149048829,-0.38688245802211124,5636,,,,[],0,,False,True,
csd-20260805_174708,paired_hierarchical,1,0,0,5d0e9ff5482e9c83,pdeL->fliI,shared_complete_observation_shared_scores,maximum,prefix,complete,0,500,0.6,0.9,biological_error,2151398048,921666314,2151398048,pdeL,fliI,False,identifiable,cra|csgD|flhC|flhD|fliA|hns|nac|rpoD,500,-0.08632912520639846,0.07603684263453907,1.4207829139913735,-1.1353591524220419,-0.5832009164019488,5636,,,,[],0,,False,True,
csd-20260805_174708,paired_hierarchical,1,0,0,5d0e9ff5482e9c83,pdeL->fliJ,shared_complete_observation_shared_scores,maximum,prefix,complete,0,500,0.6,0.9,biological_error,2151398048,921666314,2151398048,pdeL,fliJ,False,identifiable,cra|csgD|flhC|flhD|fliA|hns|nac|rpoD,500,-0.039978889742157936,0.06151478664867903,0.9299050799147327,-0.6499069885503121,-0.3002620387516226,5636,,,,[],0,,False,True,
csd-20260805_174708,paired_hierarchical,1,0,0,5d0e9ff5482e9c83,pdeL->fliK,shared_complete_observation_shared_scores,maximum,prefix,complete,0,500,0.6,0.9,biological_error,2151398048,921666314,2151398048,pdeL,fliK,False,identifiable,cra|csgD|flhC|flhD|fliA|hns|nac|rpoD,500,-0.09654370689754621,0.050979915297208495,0.6386718800792736,-1.8937596568119965,-0.21753586269830855,5636,,,,[],0,,False,True,
csd-20260805_174708,paired_hierarchical,1,0,0,5d0e9ff5482e9c83,pdeL->rfe,shared_complete_observation_shared_scores,maximum,prefix,complete,0,500,0.6,0.9,biological_error,2151398048,921666314,2151398048,pdeL,rfe,False,identifiable,cra|hns|nac|nsrR|rpoD,500,0.036662066458278006,0.03073741092802793,0.23252749720884866,1.1927506368094156,-0.07339946256131946,5636,,,,[],0,,False,True,
csd-20260805_174708,paired_hierarchical,1,0,0,5d0e9ff5482e9c83,pdeL->yghJ,shared_complete_observation_shared_scores,maximum,prefix,complete,0,500,0.6,0.9,biological_error,2151398048,921666314,2151398048,pdeL,yghJ,False,identifiable,cra|hns|nac|rpoD,500,0.10042960825901048,0.03823419163418937,0.3597866414472346,2.626696262337227,0.5624636612910558,5636,,,,[],0,,False,True,
csd-20260805_174708,paired_hierarchical,1,0,0,5d0e9ff5482e9c83,creB->ackA,shared_complete_observation_shared_scores,maximum,prefix,complete,0,500,0.6,0.9,biological_error,2151398048,921666314,2151398048,creB,ackA,False,identifiable,arcA|fnr|nac|nagC|rpoD|rpoH,500,0.058579510082184635,0.038717508746018044,0.3178544760859862,1.5129979169491201,0.23070410709679276,5636,,,,[],0,,False,True,
csd-20260805_174708,paired_hierarchical,1,0,0,5d0e9ff5482e9c83,creB->cbrA,shared_complete_observation_shared_scores,maximum,prefix,complete,0,500,0.6,0.9,biological_error,2151398048,921666314,2151398048,creB,cbrA,False,identifiable,nagC|rpoD|rpoH,500,-0.00777034919315912,0.03619163864269403,0.27869041511240294,-0.21470012092773016,0.15025701722700913,5636,,,,[],0,,False,True,
csd-20260805_174708,paired_hierarchical,1,0,0,5d0e9ff5482e9c83,creB->cbrB,shared_complete_observation_shared_scores,maximum,prefix,complete,0,500,0.6,0.9,biological_error,2151398048,921666314,2151398048,creB,cbrB,False,identifiable,nac|nagC|rpoD|rpoH,500,0.03307492292458676,0.030202326585413244,0.19408225021490463,1.0951117567399886,0.23571935371088928,5636,,,,[],0,,False,True,
csd-20260805_174708,paired_hierarchical,1,0,0,5d0e9ff5482e9c83,creB->cpdA,shared_complete_observation_shared_scores,maximum,prefix,complete,0,500,0.6,0.9,biological_error,2151398048,921666314,2151398048,creB,cpdA,False,identifiable,nagC|rpoD|rpoH,500,0.06417681172456194,0.02780305817607218,0.16447150833242974,2.308264483645676,0.3518389262684667,5636,,,,[],0,,False,True,
csd-20260805_174708,paired_hierarchical,1,0,0,5d0e9ff5482e9c83,creB->creD,shared_complete_observation_shared_scores,maximum,prefix,complete,0,500,0.6,0.9,biological_error,2151398048,921666314,2151398048,creB,creD,False,identifiable,nagC|rpoD|rpoH,500,0.0037155354122469907,0.034697793021360265,0.2561587778251444,0.10708275912418046,0.2422726872535915,5636,,,,[],0,,False,True,
csd-20260805_174708,paired_hierarchical,1,0,0,5d0e9ff5482e9c83,creB->malE,shared_complete_observation_shared_scores,maximum,prefix,complete,0,500,0.6,0.9,biological_error,2151398048,921666314,2151398048,creB,malE,False,identifiable,crp|fis|hns|malT|nagC|ompR|rpoD|rpoH|stpA|yidZ,500,0.019595023999187867,0.03363175102780334,0.23359677721243366,0.58263466517068,-0.2297934847600516,5636,,,,[],0,,False,True,
csd-20260805_174708,paired_hierarchical,1,0,0,5d0e9ff5482e9c83,creB->malF,shared_complete_observation_shared_scores,maximum,prefix,complete,0,500,0.6,0.9,biological_error,2151398048,921666314,2151398048,creB,malF,False,identifiable,crp|fis|hns|malT|nagC|rpoD|rpoH|stpA,500,0.05002362493218782,0.04579858826334336,0.4400774227402615,1.0922525525142908,-0.4241675699834768,5636,,,,[],0,,False,True,
csd-20260805_174708,paired_hierarchical,1,0,0,5d0e9ff5482e9c83,creB->malG,shared_complete_observation_shared_scores,maximum,prefix,complete,0,500,0.6,0.9,biological_error,2151398048,921666314,2151398048,creB,malG,False,identifiable,crp|fis|hns|malT|nagC|rpoD|rpoH|stpA,500,0.022439540542942296,0.04641617596618055,0.45202621488494193,0.4834422499451925,-0.11564465157781399,5636,,,,[],0,,False,True,
csd-20260805_174708,paired_hierarchical,1,0,0,5d0e9ff5482e9c83,creB->nudF,shared_complete_observation_shared_scores,maximum,prefix,complete,0,500,0.6,0.9,biological_error,2151398048,921666314,2151398048,creB,nudF,False,identifiable,nagC|rpoD|rpoH,500,0.04576045267032354,0.031204716299760734,0.207179134958709,1.4664595002478653,0.2954885376169645,5636,,,,[],0,,False,True,
csd-20260805_174708,paired_hierarchical,1,0,0,5d0e9ff5482e9c83,creB->parE,shared_complete_observation_shared_scores,maximum,prefix,complete,0,500,0.6,0.9,biological_error,2151398048,921666314,2151398048,creB,parE,False,identifiable,nagC|rpoD|rpoH,500,0.008448793926271939,0.022624281907980187,0.10890683718488568,0.373439208397232,0.178549917863663,5636,,,,[],0,,False,True,
csd-20260805_174708,paired_hierarchical,1,0,0,5d0e9ff5482e9c83,creB->pta,shared_complete_observation_shared_scores,maximum,prefix,complete,0,500,0.6,0.9,biological_error,2151398048,921666314,2151398048,creB,pta,False,identifiable,nagC|rpoD|rpoH,500,0.12790080421885183,0.03890145758672029,0.3219862206621548,3.2878152170450563,0.11642374223006347,5636,,,,[],0,,False,True,
csd-20260805_174708,paired_hierarchical,1,0,0,5d0e9ff5482e9c83,creB->recG,shared_complete_observation_shared_scores,maximum,prefix,complete,0,500,0.6,0.9,biological_error,2151398048,921666314,2151398048,creB,recG,False,identifiable,dksA|nagC|rpoD|rpoH,500,0.06346577241079192,0.035321530242209645,0.2642938309243727,1.7968013269977068,0.47283938203862735,5636,,,,[],0,,False,True,
csd-20260805_174708,paired_hierarchical,1,0,0,5d0e9ff5482e9c83,creB->talA,shared_complete_observation_shared_scores,maximum,prefix,complete,0,500,0.6,0.9,biological_error,2151398048,921666314,2151398048,creB,talA,False,identifiable,dksA|nagC|rpoD|rpoH|rpoS,500,0.02243060082531051,0.031707572142469505,0.21199217246583432,0.707420950570564,0.2343778362674058,5636,,,,[],0,,False,True,
csd-20260805_174708,paired_hierarchical,1,0,0,5d0e9ff5482e9c83,creB->yqiA,shared_complete_observation_shared_scores,maximum,prefix,complete,0,500,0.6,0.9,biological_error,2151398048,921666314,2151398048,creB,yqiA,False,identifiable,nagC|rpoD|rpoH,500,0.05342795477515002,0.03221467630056661,0.2208071244702612,1.6584973344652325,0.15056722761128696,5636,,,,[],0,,False,True,
csd-20260805_174708,paired_hierarchical,1,0,0,5d0e9ff5482e9c83,creB->yqiB,shared_complete_observation_shared_scores,maximum,prefix,complete,0,500,0.6,0.9,biological_error,2151398048,921666314,2151398048,creB,yqiB,False,identifiable,nagC|rpoD|rpoH,500,-0.0019653095147116398,0.018674031190826657,0.0741962059636447,-0.10524291700214515,0.22570423524288866,5636,,,,[],0,,False,True,
csd-20260805_174708,paired_hierarchical,1,0,0,5d0e9ff5482e9c83,csqR->yihS,shared_complete_observation_shared_scores,maximum,prefix,complete,0,500,0.6,0.9,biological_error,2151398048,921666314,2151398048,csqR,yihS,False,identifiable,crp|rpoD,500,-0.004721390298302977,0.027880896196149304,0.17033469652411276,-0.16934141087455643,-0.4450502681205056,5636,,,,[],0,,False,True,
csd-20260805_174708,paired_hierarchical,1,0,0,5d0e9ff5482e9c83,csqR->yihT,shared_complete_observation_shared_scores,maximum,prefix,complete,0,500,0.6,0.9,biological_error,2151398048,921666314,2151398048,csqR,yihT,False,identifiable,crp|rpoD,500,-0.010472926110557449,0.0221839371270424,0.10783678053135401,-0.47209501408976073,-0.17487161966703954,5636,,,,[],0,,False,True,
csd-20260805_174708,paired_hierarchical,1,0,0,5d0e9ff5482e9c83,csqR->yihU,shared_complete_observation_shared_scores,maximum,prefix,complete,0,500,0.6,0.9,biological_error,2151398048,921666314,2151398048,csqR,yihU,False,identifiable,crp|rpoD,500,-0.00160292573540916,0.02454238165328957,0.13198454299559323,-0.06531255841644487,-0.22893641975983198,5636,,,,[],0,,False,True,
csd-20260805_174708,paired_hierarchical,1,0,0,5d0e9ff5482e9c83,csqR->yihV,shared_complete_observation_shared_scores,maximum,prefix,complete,0,500,0.6,0.9,biological_error,2151398048,921666314,2151398048,csqR,yihV,False,identifiable,crp|rpoD,500,-0.005849680482943292,0.021667451957525202,0.1028739336879497,-0.269975468015826,-0.1331438181029673,5636,,,,[],0,,False,True,
csd-20260805_174708,paired_hierarchical,1,0,0,5d0e9ff5482e9c83,dcuR->aspA,shared_complete_observation_shared_scores,maximum,prefix,complete,0,500,0.6,0.9,biological_error,2151398048,921666314,2151398048,dcuR,aspA,False,identifiable,crp|fnr|lrp|narL|rpoD,500,0.09010793896397007,0.04766030358792065,0.27941163838458305,1.8906287241277169,0.5249039634310212,5636,,,,[],0,,False,True,
csd-20260805_174708,paired_hierarchical,1,0,0,5d0e9ff5482e9c83,dcuR->dctA,shared_complete_observation_shared_scores,maximum,prefix,complete,0,500,0.6,0.9,biological_error,2151398048,921666314,2151398048,dcuR,dctA,False,identifiable,arcA|crp|fnr|narL|rpoD,500,0.14677965451819405,0.05033174719465424,0.3106773349495228,2.9162439752098175,0.2725858977664508,5636,,,,[],0,,False,True,
csd-20260805_174708,paired_hierarchical,1,0,0,5d0e9ff5482e9c83,dcuR->dcuA,shared_complete_observation_shared_scores,maximum,prefix,complete,0,500,0.6,0.9,biological_error,2151398048,921666314,2151398048,dcuR,dcuA,False,identifiable,arcA|crp|fnr|narL|rpoD,500,0.002259745499705326,0.054698998158061826,0.3669309134390258,0.041312374555296544,0.19154264579812702,5636,,,,[],0,,False,True,
csd-20260805_174708,paired_hierarchical,1,0,0,5d0e9ff5482e9c83,dcuR->dcuB,shared_complete_observation_shared_scores,maximum,prefix,complete,0,500,0.6,0.9,biological_error,2151398048,921666314,2151398048,dcuR,dcuB,False,identifiable,arcA|crp|fnr|narL|rpoD,500,0.15043859669191173,0.06114462676877051,0.4585029715252736,2.4603731291193016,0.12332429761188722,5636,,,,[],0,,False,True,
csd-20260805_174708,paired_hierarchical,1,0,0,5d0e9ff5482e9c83,dcuR->dpiA,shared_complete_observation_shared_scores,maximum,prefix,complete,0,500,0.6,0.9,biological_error,2151398048,921666314,2151398048,dcuR,dpiA,False,identifiable,arcA|crp|fnr|narL|rpoD,500,0.010887517673268876,0.07244253757022252,0.6435953050030694,0.15029177660590656,0.1054563984203142,5636,,,,[],0,,False,True,
csd-20260805_174708,paired_hierarchical,1,0,0,5d0e9ff5482e9c83,dcuR->dpiB,shared_complete_observation_shared_scores,maximum,prefix,complete,0,500,0.6,0.9,biological_error,2151398048,921666314,2151398048,dcuR,dpiB,False,identifiable,arcA|crp|fnr|narL|rpoD,500,0.024657908271349095,0.053216157660221634,0.34730624000479754,0.4633537886892678,0.5645314205263541,5636,,,,[],0,,False,True,
csd-20260805_174708,paired_hierarchical,1,0,0,5d0e9ff5482e9c83,dcuR->frdA,shared_complete_observation_shared_scores,maximum,prefix,complete,0,500,0.6,0.9,biological_error,2151398048,921666314,2151398048,dcuR,frdA,False,identifiable,crp|fnr|lrp|narL|rpoD|rpoS,500,0.05371080410813735,0.05965761051194939,0.43759725299230123,0.9003177238783155,0.34257533639014637,5636,,,,[],0,,False,True,
csd-20260805_174708,paired_hierarchical,1,0,0,5d0e9ff5482e9c83,dcuR->frdB,shared_complete_observation_shared_scores,maximum,prefix,complete,0,500,0.6,0.9,biological_error,2151398048,921666314,2151398048,dcuR,frdB,False,identifiable,crp|fnr|lrp|narL|rpoD|rpoS,500,0.05487992100829975,0.046135028960320755,0.26170045237114276,1.1895499416614692,0.2383601503885051,5636,,,,[],0,,False,True,
csd-20260805_174708,paired_hierarchical,1,0,0,5d0e9ff5482e9c83,dcuR->frdC,shared_complete_observation_shared_scores,maximum,prefix,complete,0,500,0.6,0.9,biological_error,2151398048,921666314,2151398048,dcuR,frdC,False,identifiable,crp|fnr|narL|rpoD|rpoS,500,0.14841311683804162,0.09665335177774668,1.1489405990764774,1.5355196080454192,0.1559052763056469,5636,,,,[],0,,False,True,
csd-20260805_174708,paired_hierarchical,1,0,0,5d0e9ff5482e9c83,dcuR->frdD,shared_complete_observation_shared_scores,maximum,prefix,complete,0,500,0.6,0.9,biological_error,2151398048,921666314,2151398048,dcuR,frdD,False,identifiable,crp|fnr|narL|rpoD|rpoS,500,0.045376511281021215,0.059782897314979225,0.43955948429083475,0.759021615194479,0.23461730422746988,5636,,,,[],0,,False,True,
csd-20260805_174708,paired_hierarchical,1,0,0,5d0e9ff5482e9c83,dcuR->fumB,shared_complete_observation_shared_scores,maximum,prefix,complete,0,500,0.6,0.9,biological_error,2151398048,921666314,2151398048,dcuR,fumB,False,identifiable,arcA|crp|fis|fnr|fur|narL|rpoD,500,-0.0008397444620037707,0.04600373863360852,0.25944911335858895,-0.018253830817791108,0.17033874791126927,5636,,,,[],0,,False,True,
csd-20260805_174708,paired_hierarchical,1,0,0,5d0e9ff5482e9c83,dcuR->pck,shared_complete_observation_shared_scores,maximum,prefix,complete,0,500,0.6,0.9,biological_error,2151398048,921666314,2151398048,dcuR,pck,False,identifiable,cra|crp|fnr|narL|rpoD,500,-0.0042623303842383095,0.05990384937726937,0.44133687184334247,-0.0711528629386488,0.29566757286071244,5636,,,,[],0,,False,True,
csd-20260805_174708,paired_hierarchical,1,0,0,5d0e9ff5482e9c83,dgoR->dgoA,shared_complete_observation_shared_scores,maximum,prefix,complete,0,500,0.6,0.9,biological_error,2151398048,921666314,2151398048,dgoR,dgoA,False,identifiable,crp|rpoD,500,0.02223430922467996,0.0586419508975908,0.2301404140608819,0.37915364145215397,-0.29265392324226214,5636,,,,[],0,,False,True,
csd-20260805_174708,paired_hierarchical,1,0,0,5d0e9ff5482e9c83,dgoR->dgoD,shared_complete_observation_shared_scores,maximum,prefix,complete,0,500,0.6,0.9,biological_error,2151398048,921666314,2151398048,dgoR,dgoD,False,identifiable,crp|rpoD,500,-0.006209570505964284,0.042604345821471545,0.12147415106590755,-0.14574969727231002,-0.2065440302439212,5636,,,,[],0,,False,True,
csd-20260805_174708,paired_hierarchical,1,0,0,5d0e9ff5482e9c83,dgoR->dgoK,shared_complete_observation_shared_scores,maximum,prefix,complete,0,500,0.6,0.9,biological_error,2151398048,921666314,2151398048,dgoR,dgoK,False,identifiable,crp|rpoD,500,0.0024193616335929985,0.03755706560437923,0.09439725722169606,0.064418281744325,-0.21882896884531025,5636,,,,[],0,,False,True,
csd-20260805_174708,paired_hierarchical,1,0,0,5d0e9ff5482e9c83,dgoR->dgoT,shared_complete_observation_shared_scores,maximum,prefix,complete,0,500,0.6,0.9,biological_error,2151398048,921666314,2151398048,dgoR,dgoT,False,identifiable,crp|rpoD,500,0.23767323134415733,0.045703632044811045,0.1397904488706507,5.200313863701814,-0.0764607544877783,5636,,,,[],0,,False,True,
csd-20260805_174708,paired_hierarchical,1,0,0,5d0e9ff5482e9c83,dksA->hisC,shared_complete_observation_shared_scores,maximum,prefix,complete,0,500,0.6,0.9,biological_error,2151398048,921666314,2151398048,dksA,hisC,False,identifiable,alpA|basR|btsR|glaR|glrR|nsrR|ptrR|rcdA,500,0.22746323243560865,0.08558522570120658,0.31529539824545927,2.657739470475006,0.10018162339973254,5636,,,,[],0,,False,True,
csd-20260805_174708,paired_hierarchical,1,0,0,5d0e9ff5482e9c83,dksA->hisD,shared_complete_observation_shared_scores,maximum,prefix,complete,0,500,0.6,0.9,biological_error,2151398048,921666314,2151398048,dksA,hisD,False,identifiable,alpA|basR|btsR|glaR|glrR|nsrR|ptrR|rcdA,500,0.18924974380677337,0.05012216440023984,0.10813833162422071,3.775769583602974,0.1921563453269491,5636,,,,[],0,,False,True,
csd-20260805_174708,paired_hierarchical,1,0,0,5d0e9ff5482e9c83,dksA->hisG,shared_complete_observation_shared_scores,maximum,prefix,complete,0,500,0.6,0.9,biological_error,2151398048,921666314,2151398048,dksA,hisG,False,identifiable,alpA|basR|btsR|glaR|glrR|nsrR|ptrR|rcdA,500,-0.03006578209877987,0.07375794568451377,0.2341734509194149,-0.40762770464596176,0.27214035519326646,5636,,,,[],0,,False,True,
csd-20260805_174708,paired_hierarchical,1,0,0,5d0e9ff5482e9c83,dksA->pheS,shared_complete_observation_shared_scores,maximum,prefix,complete,0,500,0.6,0.9,biological_error,2151398048,921666314,2151398048,dksA,pheS,False,identifiable,alpA|basR|btsR|glaR|glrR|nsrR|ptrR|rcdA,500,-0.09504805293592858,0.047114855513345294,0.09555111490828884,-2.0173690845556385,-0.0817345909938404,5636,,,,[],0,,False,True,
csd-20260805_174708,paired_hierarchical,1,0,0,5d0e9ff5482e9c83,dksA->pheT,shared_complete_observation_shared_scores,maximum,prefix,complete,0,500,0.6,0.9,biological_error,2151398048,921666314,2151398048,dksA,pheT,False,identifiable,alpA|basR|btsR|glaR|glrR|nsrR|ptrR|rcdA,500,-0.05647178765795983,0.0563032170752965,0.13645405701637264,-1.002993977811923,-0.357447134465124,5636,,,,[],0,,False,True,
csd-20260805_174708,paired_hierarchical,1,0,0,5d0e9ff5482e9c83,dksA->rplA,shared_complete_observation_shared_scores,maximum,prefix,complete,0,500,0.6,0.9,biological_error,2151398048,921666314,2151398048,dksA,rplA,False,identifiable,alpA|basR|btsR|glaR|glrR|nsrR|ptrR|rcdA,500,0.09595084503687679,0.06585690795853416,0.186690708683115,1.4569594597014914,-0.14073496592126533,5636,,,,[],0,,False,True,
csd-20260805_174708,paired_hierarchical,1,0,0,5d0e9ff5482e9c83,dksA->rplJ,shared_complete_observation_shared_scores,maximum,prefix,complete,0,500,0.6,0.9,biological_error,2151398048,921666314,2151398048,dksA,rplJ,False,identifiable,alpA|basR|btsR|glaR|glrR|nsrR|ptrR|rcdA,500,-0.021779959057845365,0.05526901615793635,0.13148720665140662,-0.39407177062112175,-0.11702783265306102,5636,,,,[],0,,False,True,
csd-20260805_174708,paired_hierarchical,1,0,0,5d0e9ff5482e9c83,dksA->rplK,shared_complete_observation_shared_scores,maximum,prefix,complete,0,500,0.6,0.9,biological_error,2151398048,921666314,2151398048,dksA,rplK,False,identifiable,alpA|basR|btsR|glaR|glrR|nsrR|ptrR|rcdA,500,0.004294114827705697,0.059677585611921206,0.1533001291004953,0.07195523719122954,-0.15184205377675336,5636,,,,[],0,,False,True,
csd-20260805_174708,paired_hierarchical,1,0,0,5d0e9ff5482e9c83,dksA->rplL,shared_complete_observation_shared_scores,maximum,prefix,complete,0,500,0.6,0.9,biological_error,2151398048,921666314,2151398048,dksA,rplL,False,identifiable,alpA|basR|btsR|glaR|glrR|nsrR|ptrR|rcdA,500,-0.015321006076656218,0.053719623871849885,0.12421840773869643,-0.28520315244955985,-0.2685513351694109,5636,,,,[],0,,False,True,
csd-20260805_174708,paired_hierarchical,1,0,0,5d0e9ff5482e9c83,dksA->rpmB,shared_complete_observation_shared_scores,maximum,prefix,complete,0,500,0.6,0.9,biological_error,2151398048,921666314,2151398048,dksA,rpmB,False,identifiable,alpA|basR|btsR|glaR|glrR|nsrR|ptrR|rcdA|yfeC,500,-0.04673291204647037,0.05045795684105045,0.10950556752190053,-0.926175274866668,-0.31227091935127915,5636,,,,[],0,,False,True,
csd-20260805_174708,paired_hierarchical,1,0,0,5d0e9ff5482e9c83,dksA->rpmG,shared_complete_observation_shared_scores,maximum,prefix,complete,0,500,0.6,0.9,biological_error,2151398048,921666314,2151398048,dksA,rpmG,False,identifiable,alpA|basR|btsR|glaR|glrR|nsrR|ptrR|rcdA,500,-0.15390401064249626,0.05954775456340844,0.15263383316144077,-2.584547675573797,-0.18963942871475,5636,,,,[],0,,False,True,
csd-20260805_174708,paired_hierarchical,1,0,0,5d0e9ff5482e9c83,dksA->rpoB,shared_complete_observation_shared_scores,maximum,prefix,complete,0,500,0.6,0.9,biological_error,2151398048,921666314,2151398048,dksA,rpoB,False,identifiable,alpA|basR|btsR|glaR|glrR|nsrR|ptrR|rcdA,500,-0.02997271158896927,0.054447786539712544,0.1276087603851464,-0.55048540067112,-0.3038152968156038,5636,,,,[],0,,False,True,
csd-20260805_174708,paired_hierarchical,1,0,0,5d0e9ff5482e9c83,dksA->rpoC,shared_complete_observation_shared_scores,maximum,prefix,complete,0,500,0.6,0.9,biological_error,2151398048,921666314,2151398048,dksA,rpoC,False,identifiable,alpA|basR|btsR|glaR|glrR|nsrR|ptrR|rcdA,500,-0.04678648965779063,0.06218278499516318,0.16644102038387118,-0.7524026088800922,-0.19288342658028151,5636,,,,[],0,,False,True,
csd-20260805_174708,paired_hierarchical,1,0,0,5d0e9ff5482e9c83,dksA->rpsG,shared_complete_observation_shared_scores,maximum,prefix,complete,0,500,0.6,0.9,biological_error,2151398048,921666314,2151398048,dksA,rpsG,False,identifiable,alpA|basR|btsR|glaR|glrR|nsrR|ptrR|rcdA,500,-0.06307075784943691,0.04966355414000591,0.10616848602152504,-1.2699606168264745,-0.4843297016815547,5636,,,,[],0,,False,True,
csd-20260805_174708,paired_hierarchical,1,0,0,5d0e9ff5482e9c83,dksA->rpsL,shared_complete_observation_shared_scores,maximum,prefix,complete,0,500,0.6,0.9,biological_error,2151398048,921666314,2151398048,dksA,rpsL,False,identifiable,alpA|basR|btsR|glaR|glrR|nsrR|ptrR|rcdA,500,-0.009148605415429237,0.05731839128535931,0.14141908316925292,-0.1596102962813969,-0.3626542188029138,5636,,,,[],0,,False,True,
csd-20260805_174708,paired_hierarchical,1,0,0,5d0e9ff5482e9c83,dksA->rpsT,shared_complete_observation_shared_scores,maximum,prefix,complete,0,500,0.6,0.9,biological_error,2151398048,921666314,2151398048,dksA,rpsT,False,identifiable,alpA|basR|btsR|glaR|glrR|nsrR|ptrR|rcdA,500,-0.04119731161550712,0.05131235594519992,0.11333497210738175,-0.8028731259095689,-0.26763631173131297,5636,,,,[],0,,False,True,
csd-20260805_174708,paired_hierarchical,1,0,0,5d0e9ff5482e9c83,exuR->exuT,shared_complete_observation_shared_scores,maximum,prefix,complete,0,500,0.6,0.9,biological_error,2151398048,921666314,2151398048,exuR,exuT,False,identifiable,crp|dpiA|nac|rpoD|zraR,500,-0.03805219194300585,0.03879296725569104,0.1507228439815469,-0.9809043915665793,-0.2970498372327876,5636,,,,[],0,,False,True,
csd-20260805_174708,paired_hierarchical,1,0,0,5d0e9ff5482e9c83,exuR->uxaA,shared_complete_observation_shared_scores,maximum,prefix,complete,0,500,0.6,0.9,biological_error,2151398048,921666314,2151398048,exuR,uxaA,False,identifiable,crp|fnr|rpoD|zraR,500,-0.02104212732773908,0.06719417447790908,0.45222341823853096,-0.31315404186797385,-0.09286316964155848,5636,,,,[],0,,False,True,
csd-20260805_174708,paired_hierarchical,1,0,0,5d0e9ff5482e9c83,exuR->uxaB,shared_complete_observation_shared_scores,maximum,prefix,complete,0,500,0.6,0.9,biological_error,2151398048,921666314,2151398048,exuR,uxaB,False,identifiable,crp|fur|rpoD|zraR,500,0.018163654758163263,0.04210720366918438,0.17729861131408817,0.43136692003739263,-0.11822295237151335,5636,,,,[],0,,False,True,
csd-20260805_174708,paired_hierarchical,1,0,0,5d0e9ff5482e9c83,exuR->uxaC,shared_complete_observation_shared_scores,maximum,prefix,complete,0,500,0.6,0.9,biological_error,2151398048,921666314,2151398048,exuR,uxaC,False,identifiable,crp|fnr|fur|nac|rpoD|zraR,500,-0.007932909875220981,0.050417829335979804,0.2541153122348538,-0.15734334420382906,-0.26761486469856294,5636,,,,[],0,,False,True,
csd-20260805_174708,paired_hierarchical,1,0,0,5d0e9ff5482e9c83,fis->cspI,shared_complete_observation_shared_scores,maximum,prefix,complete,0,500,0.6,0.9,biological_error,2151398048,921666314,2151398048,fis,cspI,False,identifiable,alpA|basR|btsR|glaR|glrR|nsrR|ptrR|rcdA,500,-0.05773737478608659,0.04289478749926947,0.1588997951475188,-1.3460230986590132,-0.27918393998940827,5636,,,,[],0,,False,True,
csd-20260805_174708,paired_hierarchical,1,0,0,5d0e9ff5482e9c83,fis->queA,shared_complete_observation_shared_scores,maximum,prefix,complete,0,500,0.6,0.9,biological_error,2151398048,921666314,2151398048,fis,queA,False,identifiable,alpA|basR|btsR|glaR|glrR|nsrR|ptrR|rcdA,500,0.0016987370800659388,0.0406773680401538,0.14289597160436265,0.04176123387307326,0.2057397813943604,5636,,,,[],0,,False,True,
csd-20260805_174708,paired_hierarchical,1,0,0,5d0e9ff5482e9c83,fis->yodD,shared_complete_observation_shared_scores,maximum,prefix,complete,0,500,0.6,0.9,biological_error,2151398048,921666314,2151398048,fis,yodD,False,identifiable,alpA|basR|btsR|glaR|glrR|nsrR|ptrR|rcdA,500,0.0037832531166128065,0.0487079069054659,0.20488644667366016,0.07767225809878227,0.17568571817826673,5636,,,,[],0,,False,True,
csd-20260805_174708,paired_hierarchical,1,0,0,5d0e9ff5482e9c83,frlR->frlA,shared_complete_observation_shared_scores,maximum,prefix,complete,0,500,0.6,0.9,biological_error,2151398048,921666314,2151398048,frlR,frlA,False,identifiable,crp|rpoD,500,-0.0035455436064532253,0.06288388898799824,0.20187996895404428,-0.05638238447895475,-0.4168398769751931,5636,,,,[],0,,False,True,
csd-20260805_174708,paired_hierarchical,1,0,0,5d0e9ff5482e9c83,frlR->frlB,shared_complete_observation_shared_scores,maximum,prefix,complete,0,500,0.6,0.9,biological_error,2151398048,921666314,2151398048,frlR,frlB,False,identifiable,crp|rpoD,500,0.010842535597382913,0.0760452240909767,0.29522853578865754,0.14258009923688889,-0.8807160296797321,5636,,,,[],0,,False,True,
csd-20260805_174708,paired_hierarchical,1,0,0,5d0e9ff5482e9c83,frlR->frlC,shared_complete_observation_shared_scores,maximum,prefix,complete,0,500,0.6,0.9,biological_error,2151398048,921666314,2151398048,frlR,frlC,False,identifiable,crp|rpoD,500,0.020520828443813414,0.04245052643542846,0.0919984701122688,0.4834057470412686,-0.19418599495019168,5636,,,,[],0,,False,True,
csd-20260805_174708,paired_hierarchical,1,0,0,5d0e9ff5482e9c83,frlR->frlD,shared_complete_observation_shared_scores,maximum,prefix,complete,0,500,0.6,0.9,biological_error,2151398048,921666314,2151398048,frlR,frlD,False,identifiable,crp|rpoD,500,0.015309296483545556,0.06012154562073594,0.18453328739425634,0.2546391035939265,-0.2293619604462632,5636,,,,[],0,,False,True,
csd-20260805_174708,paired_hierarchical,1,0,0,5d0e9ff5482e9c83,fucR->fucA,shared_complete_observation_shared_scores,maximum,prefix,complete,0,500,0.6,0.9,biological_error,2151398048,921666314,2151398048,fucR,fucA,False,identifiable,crp|hns|nac|rpoD|srsR,500,0.2110784523940737,0.03579994250035099,0.7475887828899503,5.8960556261229815,0.6176894831950748,5636,,,,[],0,,False,True,
csd-20260805_174708,paired_hierarchical,1,0,0,5d0e9ff5482e9c83,fucR->fucI,shared_complete_observation_shared_scores,maximum,prefix,complete,0,500,0.6,0.9,biological_error,2151398048,921666314,2151398048,fucR,fucI,False,identifiable,crp|rpoD|spf|srsR,500,0.05166621930482007,0.05058871530129457,1.496195461683573,1.0212992956454445,0.7212698956978497,5636,,,,[],0,,False,True,
csd-20260805_174708,paired_hierarchical,1,0,0,5d0e9ff5482e9c83,fucR->fucK,shared_complete_observation_shared_scores,maximum,prefix,complete,0,500,0.6,0.9,biological_error,2151398048,921666314,2151398048,fucR,fucK,False,identifiable,crp|rpoD|spf|srsR,500,0.1299149523017724,0.044641812918848923,1.165103959154434,2.9101630020701728,0.504521175475752,5636,,,,[],0,,False,True,
csd-20260805_174708,paired_hierarchical,1,0,0,5d0e9ff5482e9c83,fucR->fucO,shared_complete_observation_shared_scores,maximum,prefix,complete,0,500,0.6,0.9,biological_error,2151398048,921666314,2151398048,fucR,fucO,False,identifiable,crp|rpoD|srsR,500,0.06079804195189732,0.0295679262849009,0.5123321204238094,2.0562159607028083,0.16712314344759177,5636,,,,[],0,,False,True,
csd-20260805_174708,paired_hierarchical,1,0,0,5d0e9ff5482e9c83,fucR->fucP,shared_complete_observation_shared_scores,maximum,prefix,complete,0,500,0.6,0.9,biological_error,2151398048,921666314,2151398048,fucR,fucP,False,identifiable,crp|rpoD|spf|srsR,500,0.032833433169597186,0.017491881198820513,0.17887682177531403,1.8770670116265804,0.1766795260030883,5636,,,,[],0,,False,True,
csd-20260805_174708,paired_hierarchical,1,0,0,5d0e9ff5482e9c83,fucR->fucU,shared_complete_observation_shared_scores,maximum,prefix,complete,0,500,0.6,0.9,biological_error,2151398048,921666314,2151398048,fucR,fucU,False,identifiable,crp|rpoD|srsR,500,0.004878852522398886,0.02154820886685751,0.2721022945257994,0.2264156873800711,0.17019966175913676,5636,,,,[],0,,False,True,
csd-20260805_174708,paired_hierarchical,1,0,0,5d0e9ff5482e9c83,fur->adhP,shared_complete_observation_shared_scores,maximum,prefix,complete,0,500,0.6,0.9,biological_error,2151398048,921666314,2151398048,fur,adhP,False,identifiable,alpA|basR|btsR|glaR|glrR|nsrR|ptrR|rcdA,500,0.09081245752273821,0.10454089865351104,0.35926065142781277,0.8686787534104313,-0.29532587348505945,5636,,,,[],0,,False,True,
csd-20260805_174708,paired_hierarchical,1,0,0,5d0e9ff5482e9c83,fur->bssR,shared_complete_observation_shared_scores,maximum,prefix,complete,0,500,0.6,0.9,biological_error,2151398048,921666314,2151398048,fur,bssR,False,identifiable,alpA|basR|btsR|glaR|glrR|nsrR|ptrR|rcdA,500,0.042009265771630916,0.05434626504910577,0.09709046922713659,0.7729926929416863,0.14336987922486233,5636,,,,[],0,,False,True,
csd-20260805_174708,paired_hierarchical,1,0,0,5d0e9ff5482e9c83,fur->efeB,shared_complete_observation_shared_scores,maximum,prefix,complete,0,500,0.6,0.9,biological_error,2151398048,921666314,2151398048,fur,efeB,False,identifiable,alpA|basR|btsR|glaR|glrR|nsrR|ptrR|rcdA,500,-0.09908409065375014,0.06160836209598399,0.12477182307967788,-1.6082896425550168,-0.5941814895304951,5636,,,,[],0,,False,True,
csd-20260805_174708,paired_hierarchical,1,0,0,5d0e9ff5482e9c83,fur->efeO,shared_complete_observation_shared_scores,maximum,prefix,complete,0,500,0.6,0.9,biological_error,2151398048,921666314,2151398048,fur,efeO,False,identifiable,alpA|basR|btsR|glaR|glrR|nsrR|ptrR|rcdA,500,-0.04788721985898448,0.061388825152697585,0.12388417669638141,-0.7800641198112291,-0.5003099202418074,5636,,,,[],0,,False,True,
csd-20260805_174708,paired_hierarchical,1,0,0,5d0e9ff5482e9c83,fur->fhuE,shared_complete_observation_shared_scores,maximum,prefix,complete,0,500,0.6,0.9,biological_error,2151398048,921666314,2151398048,fur,fhuE,False,identifiable,alpA|basR|btsR|glaR|glrR|nsrR|ptrR|rcdA,500,0.10090376746437633,0.05984125223583451,0.11771682523967066,1.6861907746635107,-0.14402201057342504,5636,,,,[],0,,False,True,
csd-20260805_174708,paired_hierarchical,1,0,0,5d0e9ff5482e9c83,fur->gpr,shared_complete_observation_shared_scores,maximum,prefix,complete,0,500,0.6,0.9,biological_error,2151398048,921666314,2151398048,fur,gpr,False,identifiable,alpA|basR|btsR|glaR|glrR|nsrR|ptrR|rcdA,500,0.19602007557277176,0.07620099466868141,0.1908791426105169,2.572408357988744,0.8903955653824905,5636,,,,[],0,,False,True,
csd-20260805_174708,paired_hierarchical,1,0,0,5d0e9ff5482e9c83,fur->maeB,shared_complete_observation_shared_scores,maximum,prefix,complete,0,500,0.6,0.9,biological_error,2151398048,921666314,2151398048,fur,maeB,False,identifiable,alpA|basR|btsR|glaR|glrR|nsrR|ptrR|rcdA,500,-0.07628318886860133,0.06776738127541755,0.15096581019942992,-1.1256623383243063,-0.08681900918014962,5636,,,,[],0,,False,True,
csd-20260805_174708,paired_hierarchical,1,0,0,5d0e9ff5482e9c83,fur->mocA,shared_complete_observation_shared_scores,maximum,prefix,complete,0,500,0.6,0.9,biological_error,2151398048,921666314,2151398048,fur,mocA,False,identifiable,alpA|basR|btsR|glaR|glrR|nsrR|ptrR|rcdA,500,-0.20342823900327872,0.05897629109365677,0.11433839962563236,-3.4493223502343735,-0.19458124381546676,5636,,,,[],0,,False,True,
csd-20260805_174708,paired_hierarchical,1,0,0,5d0e9ff5482e9c83,fur->pepE,shared_complete_observation_shared_scores,maximum,prefix,complete,0,500,0.6,0.9,biological_error,2151398048,921666314,2151398048,fur,pepE,False,identifiable,alpA|basR|btsR|glaR|glrR|nsrR|ptrR|rcdA,500,-0.012693333854653162,0.06179819835084805,0.12554193633800984,-0.20539973969126193,0.08599494457453438,5636,,,,[],0,,False,True,
csd-20260805_174708,paired_hierarchical,1,0,0,5d0e9ff5482e9c83,fur->qorA,shared_complete_observation_shared_scores,maximum,prefix,complete,0,500,0.6,0.9,biological_error,2151398048,921666314,2151398048,fur,qorA,False,identifiable,alpA|basR|btsR|glaR|glrR|nsrR|ptrR|rcdA,500,-0.03695585496723696,0.06607892507985946,0.14353675844684233,-0.5592684039967976,0.30135038026001254,5636,,,,[],0,,False,True,
csd-20260805_174708,paired_hierarchical,1,0,0,5d0e9ff5482e9c83,fur->rimO,shared_complete_observation_shared_scores,maximum,prefix,complete,0,500,0.6,0.9,biological_error,2151398048,921666314,2151398048,fur,rimO,False,identifiable,alpA|basR|btsR|glaR|glrR|nsrR|ptrR|rcdA,500,-0.0074576854595046795,0.05439467452683554,0.09726351487189504,-0.13710322792400276,-0.18778612108776252,5636,,,,[],0,,False,True,
csd-20260805_174708,paired_hierarchical,1,0,0,5d0e9ff5482e9c83,fur->rsxA,shared_complete_observation_shared_scores,maximum,prefix,complete,0,500,0.6,0.9,biological_error,2151398048,921666314,2151398048,fur,rsxA,False,identifiable,alpA|basR|btsR|glaR|glrR|nsrR|ptrR|rcdA,500,-0.03815998271699658,0.07882310932169964,0.2042416544277274,-0.48412176385043104,-0.3163804177804914,5636,,,,[],0,,False,True,
csd-20260805_174708,paired_hierarchical,1,0,0,5d0e9ff5482e9c83,fur->rsxB,shared_complete_observation_shared_scores,maximum,prefix,complete,0,500,0.6,0.9,biological_error,2151398048,921666314,2151398048,fur,rsxB,False,identifiable,alpA|basR|btsR|glaR|glrR|nsrR|ptrR|rcdA,500,0.08602597624381293,0.08384538982513862,0.23109767245765492,1.0260072309666872,-0.12385705479566515,5636,,,,[],0,,False,True,
csd-20260805_174708,paired_hierarchical,1,0,0,5d0e9ff5482e9c83,fur->rsxC,shared_complete_observation_shared_scores,maximum,prefix,complete,0,500,0.6,0.9,biological_error,2151398048,921666314,2151398048,fur,rsxC,False,identifiable,alpA|basR|btsR|glaR|glrR|nsrR|ptrR|rcdA,500,0.0691565424343971,0.0654414362556389,0.14078060899218978,1.056769936470306,-0.2104764428177059,5636,,,,[],0,,False,True,
csd-20260805_174708,paired_hierarchical,1,0,0,5d0e9ff5482e9c83,fur->rsxD,shared_complete_observation_shared_scores,maximum,prefix,complete,0,500,0.6,0.9,biological_error,2151398048,921666314,2151398048,fur,rsxD,False,identifiable,alpA|basR|btsR|glaR|glrR|nsrR|ptrR|rcdA,500,0.036107134480065424,0.06189848811059547,0.12594974068603282,0.5833282133733536,-0.2786951800621756,5636,,,,[],0,,False,True,
csd-20260805_174708,paired_hierarchical,1,0,0,5d0e9ff5482e9c83,fur->rsxE,shared_complete_observation_shared_scores,maximum,prefix,complete,0,500,0.6,0.9,biological_error,2151398048,921666314,2151398048,fur,rsxE,False,identifiable,alpA|basR|btsR|glaR|glrR|nsrR|ptrR|rcdA,500,-0.09538199100150806,0.08569710451630247,0.24141791336948928,-1.113012995478315,-0.4239447342907052,5636,,,,[],0,,False,True,
csd-20260805_174708,paired_hierarchical,1,0,0,5d0e9ff5482e9c83,fur->rsxG,shared_complete_observation_shared_scores,maximum,prefix,complete,0,500,0.6,0.9,biological_error,2151398048,921666314,2151398048,fur,rsxG,False,identifiable,alpA|basR|btsR|glaR|glrR|nsrR|ptrR|rcdA,500,-0.11786031473412678,0.08133105852882994,0.21744530969138698,-1.449142761277945,-0.43003142779676257,5636,,,,[],0,,False,True,
csd-20260805_174708,paired_hierarchical,1,0,0,5d0e9ff5482e9c83,fur->tqsA,shared_complete_observation_shared_scores,maximum,prefix,complete,0,500,0.6,0.9,biological_error,2151398048,921666314,2151398048,fur,tqsA,False,identifiable,alpA|basR|btsR|glaR|glrR|nsrR|ptrR|rcdA,500,-0.03491878559252534,0.058764080715484154,0.11351704781821435,-0.5942198902351645,0.30087715311961966,5636,,,,[],0,,False,True,
csd-20260805_174708,paired_hierarchical,1,0,0,5d0e9ff5482e9c83,fur->xynR,shared_complete_observation_shared_scores,maximum,prefix,complete,0,500,0.6,0.9,biological_error,2151398048,921666314,2151398048,fur,xynR,False,identifiable,alpA|basR|btsR|glaR|glrR|nsrR|ptrR|rcdA,500,-0.06940563954029152,0.06916830033753438,0.1572719975278019,-1.0034313291146226,0.1789654380905352,5636,,,,[],0,,False,True,
csd-20260805_174708,paired_hierarchical,1,0,0,5d0e9ff5482e9c83,fur->ybaN,shared_complete_observation_shared_scores,maximum,prefix,complete,0,500,0.6,0.9,biological_error,2151398048,921666314,2151398048,fur,ybaN,False,identifiable,alpA|basR|btsR|glaR|glrR|nsrR|ptrR|rcdA,500,-0.010823208011810264,0.06340110380004252,0.13213894430274897,-0.17071008804428742,-0.20497246745185774,5636,,,,[],0,,False,True,
csd-20260805_174708,paired_hierarchical,1,0,0,5d0e9ff5482e9c83,fur->yobD,shared_complete_observation_shared_scores,maximum,prefix,complete,0,500,0.6,0.9,biological_error,2151398048,921666314,2151398048,fur,yobD,False,identifiable,alpA|basR|btsR|glaR|glrR|nsrR|ptrR|rcdA,500,0.04726549314175629,0.0763361474685801,0.19155684317523863,0.6191757733282353,0.22981022408185278,5636,,,,[],0,,False,True,
csd-20260805_174708,paired_hierarchical,1,0,0,5d0e9ff5482e9c83,glpR->glpA,shared_complete_observation_shared_scores,maximum,prefix,complete,0,500,0.6,0.9,biological_error,2151398048,921666314,2151398048,glpR,glpA,False,identifiable,arcA|basR|crp|fis|flhC|flhD|fnr|plaR|rpoD,500,-0.0446597335280407,0.07703729358463705,0.4883010159851969,-0.5797157642742896,-0.18647049966471135,5636,,,,[],0,,False,True,
csd-20260805_174708,paired_hierarchical,1,0,0,5d0e9ff5482e9c83,glpR->glpB,shared_complete_observation_shared_scores,maximum,prefix,complete,0,500,0.6,0.9,biological_error,2151398048,921666314,2151398048,glpR,glpB,False,identifiable,arcA|basR|crp|fis|flhC|flhD|fnr|rpoD,500,0.054763635258925705,0.14001783661522146,1.6224611312502821,0.391118992999584,-0.2607491493354075,5636,,,,[],0,,False,True,
csd-20260805_174708,paired_hierarchical,1,0,0,5d0e9ff5482e9c83,glpR->glpC,shared_complete_observation_shared_scores,maximum,prefix,complete,0,500,0.6,0.9,biological_error,2151398048,921666314,2151398048,glpR,glpC,False,identifiable,arcA|basR|crp|fis|flhC|flhD|fnr|rpoD,500,-0.02493378943583298,0.06356819638426041,0.33441623553653693,-0.392236855126609,-0.23124705920992022,5636,,,,[],0,,False,True,
csd-20260805_174708,paired_hierarchical,1,0,0,5d0e9ff5482e9c83,glpR->glpD,shared_complete_observation_shared_scores,maximum,prefix,complete,0,500,0.6,0.9,biological_error,2151398048,921666314,2151398048,glpR,glpD,False,identifiable,arcA|crp|rpoD,500,-0.09268350294967433,0.06614188567906319,0.3641426621243398,-1.401283044747131,-0.11862567070018859,5636,,,,[],0,,False,True,
csd-20260805_174708,paired_hierarchical,1,0,0,5d0e9ff5482e9c83,glpR->glpF,shared_complete_observation_shared_scores,maximum,prefix,complete,0,500,0.6,0.9,biological_error,2151398048,921666314,2151398048,glpR,glpF,False,identifiable,crp|fur|rpoD|spf,500,0.02422502540462513,0.0455183239387016,0.17198960519627998,0.5322038095525743,-0.12570960161978348,5636,,,,[],0,,False,True,
csd-20260805_174708,paired_hierarchical,1,0,0,5d0e9ff5482e9c83,glpR->glpK,shared_complete_observation_shared_scores,maximum,prefix,complete,0,500,0.6,0.9,biological_error,2151398048,921666314,2151398048,glpR,glpK,False,identifiable,crp|fur|nac|rpoD,500,-0.0113436889156482,0.058458584219281906,0.28301361053061347,-0.1940465898574843,-0.16625418366549533,5636,,,,[],0,,False,True,
csd-20260805_174708,paired_hierarchical,1,0,0,5d0e9ff5482e9c83,glpR->glpQ,shared_complete_observation_shared_scores,maximum,prefix,complete,0,500,0.6,0.9,biological_error,2151398048,921666314,2151398048,glpR,glpQ,False,identifiable,crp|fis|fnr|ihfA|ihfB|rpoD|rpoN,500,0.00812963822838877,0.03723455759678726,0.11521074149426241,0.21833583512457863,-0.2883580133890388,5636,,,,[],0,,False,True,
csd-20260805_174708,paired_hierarchical,1,0,0,5d0e9ff5482e9c83,glpR->glpT,shared_complete_observation_shared_scores,maximum,prefix,complete,0,500,0.6,0.9,biological_error,2151398048,921666314,2151398048,glpR,glpT,False,identifiable,crp|fis|fnr|ihfA|ihfB|plaR|rpoD,500,-0.05399974987485344,0.09509075359087206,0.7480614265515669,-0.5678759273187312,-0.29129401188131193,5636,,,,[],0,,False,True,
csd-20260805_174708,paired_hierarchical,1,0,0,5d0e9ff5482e9c83,glpR->glpX,shared_complete_observation_shared_scores,maximum,prefix,complete,0,500,0.6,0.9,biological_error,2151398048,921666314,2151398048,glpR,glpX,False,identifiable,crp|rpoD,500,-0.02667730661110213,0.04857416736032784,0.1963948325456384,-0.5492076974414674,-0.10911739871617676,5636,,,,[],0,,False,True,
csd-20260805_174708,paired_hierarchical,1,0,0,5d0e9ff5482e9c83,hfq->cirA,shared_complete_observation_shared_scores,maximum,prefix,complete,0,500,0.6,0.9,biological_error,2151398048,921666314,2151398048,hfq,cirA,False,identifiable,crp|fur|nac|rpoD|rpoH,500,-0.03280902647406331,0.03688606028093219,0.21439958549724425,-0.8894695238304846,-0.17376426252424654,5636,,,,[],0,,False,True,
csd-20260805_174708,paired_hierarchical,1,0,0,5d0e9ff5482e9c83,hfq->manX,shared_complete_observation_shared_scores,maximum,prefix,complete,0,500,0.6,0.9,biological_error,2151398048,921666314,2151398048,hfq,manX,False,identifiable,cra|crp|dicF|fur|mlc|nac|nagC|rpoD|rpoH,500,-0.0032005184271553435,0.045522211152310296,0.3222657948599723,-0.0703067435904399,-0.3860346583352603,5636,,,,[],0,,False,True,
csd-20260805_174708,paired_hierarchical,1,0,0,5d0e9ff5482e9c83,hfq->mutS,shared_complete_observation_shared_scores,maximum,prefix,complete,0,500,0.6,0.9,biological_error,2151398048,921666314,2151398048,hfq,mutS,False,identifiable,crp|nac|rpoD|rpoH|rpoS,500,-0.004211851040763666,0.02428332447431942,0.09324477642297757,-0.17344622830444265,-0.2083009452834405,5636,,,,[],0,,False,True,
csd-20260805_174708,paired_hierarchical,1,0,0,5d0e9ff5482e9c83,hfq->oppA,shared_complete_observation_shared_scores,maximum,prefix,complete,0,500,0.6,0.9,biological_error,2151398048,921666314,2151398048,hfq,oppA,False,identifiable,arcA|crp|fliA|fur|lrp|modE|nac|rpoD|rpoH,500,0.030556937738471478,0.04618083605714519,0.33488093245418504,0.6616800462568423,-0.25569685526722785,5636,,,,[],0,,False,True,
csd-20260805_174708,paired_hierarchical,1,0,0,5d0e9ff5482e9c83,hicB->hicA,shared_complete_observation_shared_scores,maximum,prefix,complete,0,500,0.6,0.9,biological_error,2151398048,921666314,2151398048,hicB,hicA,False,identifiable,crp|rpoD,500,2.56288395483837e-06,0.04644690756772652,0.11750887839539018,5.517878560809033e-05,-0.1122687172974108,5636,,,,[],0,,False,True,
csd-20260805_174708,paired_hierarchical,1,0,0,5d0e9ff5482e9c83,hupA->galE,shared_complete_observation_shared_scores,maximum,prefix,complete,0,500,0.6,0.9,biological_error,2151398048,921666314,2151398048,hupA,galE,False,identifiable,crp|fis|galR|galS|hns|hupB|nac|rpoD|rpoS,500,-0.10568615376812583,0.04893441391305636,0.2473808870887562,-2.1597510896095016,-0.3077807317277498,5636,,,,[],0,,False,True,
csd-20260805_174708,paired_hierarchical,1,0,0,5d0e9ff5482e9c83,hupA->galK,shared_complete_observation_shared_scores,maximum,prefix,complete,0,500,0.6,0.9,biological_error,2151398048,921666314,2151398048,hupA,galK,False,identifiable,crp|fis|galR|galS|hns|hupB|nac|rpoD|rpoS|spf,500,-0.06977178814648351,0.04676734736753328,0.225611726359859,-1.4918910751589969,-0.22246062852873966,5636,,,,[],0,,False,True,
csd-20260805_174708,paired_hierarchical,1,0,0,5d0e9ff5482e9c83,hupA->galM,shared_complete_observation_shared_scores,maximum,prefix,complete,0,500,0.6,0.9,biological_error,2151398048,921666314,2151398048,hupA,galM,False,identifiable,crp|fis|galR|galS|hns|hupB|nac|rpoD|rpoS,500,0.019351586806149797,0.035532750543508594,0.13043526178305312,0.5446126885802005,-0.21659303108880068,5636,,,,[],0,,False,True,
csd-20260805_174708,paired_hierarchical,1,0,0,5d0e9ff5482e9c83,hupA->galT,shared_complete_observation_shared_scores,maximum,prefix,complete,0,500,0.6,0.9,biological_error,2151398048,921666314,2151398048,hupA,galT,False,identifiable,crp|fis|galR|galS|hns|hupB|nac|rpoD|rpoS,500,-0.15827717082232493,0.04634073269881489,0.22185190007037073,-3.4155085948041704,-0.40531098635450913,5636,,,,[],0,,False,True,
csd-20260805_174708,paired_hierarchical,1,0,0,5d0e9ff5482e9c83,hupA->mtr,shared_complete_observation_shared_scores,maximum,prefix,complete,0,500,0.6,0.9,biological_error,2151398048,921666314,2151398048,hupA,mtr,False,identifiable,crp|fis|hupB|ihfA|ihfB|lrp|nac|rpoD|trpR|tyrR,500,-0.02512122593258853,0.0400812493419119,0.16419144239221778,-0.6267575573379128,-0.21189996685447698,5636,,,,[],0,,False,True,
csd-20260805_174708,paired_hierarchical,1,0,0,5d0e9ff5482e9c83,hupA->pgm,shared_complete_observation_shared_scores,maximum,prefix,complete,0,500,0.6,0.9,biological_error,2151398048,921666314,2151398048,hupA,pgm,False,identifiable,crp|fis|hupB|nac,500,-0.02635194058792576,0.03519601021525181,0.12822168072413778,-0.7487195402763701,-0.24579947310102282,5636,,,,[],0,,False,True,
csd-20260805_174708,paired_hierarchical,1,0,0,5d0e9ff5482e9c83,hupA->seqA,shared_complete_observation_shared_scores,maximum,prefix,complete,0,500,0.6,0.9,biological_error,2151398048,921666314,2151398048,hupA,seqA,False,identifiable,crp|fis|hupB|nac,500,-0.07636985335941633,0.04577476580652166,0.21688367182816598,-1.6683832678076904,-0.22094268089021815,5636,,,,[],0,,False,True,
csd-20260805_174708,paired_hierarchical,1,0,0,5d0e9ff5482e9c83,hupA->tyrP,shared_complete_observation_shared_scores,maximum,prefix,complete,0,500,0.6,0.9,biological_error,2151398048,921666314,2151398048,hupA,tyrP,False,identifiable,crp|fis|hupB|ihfA|ihfB|lrp|nac|rpoD|tyrR,500,-0.007496246714912898,0.04763528224162178,0.23191372785250128,-0.15736753016156124,-0.37314855919953444,5636,,,,[],0,,False,True,
csd-20260805_174708,paired_hierarchical,1,0,0,5d0e9ff5482e9c83,hupB->galE,shared_complete_observation_shared_scores,maximum,prefix,complete,0,500,0.6,0.9,biological_error,2151398048,921666314,2151398048,hupB,galE,False,identifiable,crp|fis|galR|galS|hns|hupA|rpoD|rpoS,500,-0.10584584339516691,0.057562014097906795,0.24688151549060983,-1.8388141043003552,-0.5151020548454079,5636,,,,[],0,,False,True,
csd-20260805_174708,paired_hierarchical,1,0,0,5d0e9ff5482e9c83,hupB->galK,shared_complete_observation_shared_scores,maximum,prefix,complete,0,500,0.6,0.9,biological_error,2151398048,921666314,2151398048,hupB,galK,False,identifiable,crp|fis|galR|galS|hns|hupA|rpoD|rpoS|spf,500,-0.04237457935147223,0.05497202308086012,0.22516456849789077,-0.7708390009431179,-0.15913012561538523,5636,,,,[],0,,False,True,
csd-20260805_174708,paired_hierarchical,1,0,0,5d0e9ff5482e9c83,hupB->galM,shared_complete_observation_shared_scores,maximum,prefix,complete,0,500,0.6,0.9,biological_error,2151398048,921666314,2151398048,hupB,galM,False,identifiable,crp|fis|galR|galS|hns|hupA|rpoD|rpoS,500,-0.02202350486176527,0.04183839182259205,0.13042672138688158,-0.5263946318766711,-0.13806436017514903,5636,,,,[],0,,False,True,
csd-20260805_174708,paired_hierarchical,1,0,0,5d0e9ff5482e9c83,hupB->galT,shared_complete_observation_shared_scores,maximum,prefix,complete,0,500,0.6,0.9,biological_error,2151398048,921666314,2151398048,hupB,galT,False,identifiable,crp|fis|galR|galS|hns|hupA|rpoD|rpoS,500,-0.06031501195855912,0.0545155682079944,0.2214408285216603,-1.1063814235309442,-0.09747161903366042,5636,,,,[],0,,False,True,
csd-20260805_174708,paired_hierarchical,1,0,0,5d0e9ff5482e9c83,hupB->mtr,shared_complete_observation_shared_scores,maximum,prefix,complete,0,500,0.6,0.9,biological_error,2151398048,921666314,2151398048,hupB,mtr,False,identifiable,crp|fis|hupA|ihfA|ihfB|lrp|rpoD|trpR|tyrR,500,0.12368873004886019,0.0475454883598806,0.16426798861428257,2.6014819558195996,-0.2671717097072437,5636,,,,[],0,,False,True,
csd-20260805_174708,paired_hierarchical,1,0,0,5d0e9ff5482e9c83,hupB->pgm,shared_complete_observation_shared_scores,maximum,prefix,complete,0,500,0.6,0.9,biological_error,2151398048,921666314,2151398048,hupB,pgm,False,identifiable,crp|fis|hupA|rpoD,500,0.00905146131642208,0.041423418581225314,0.1281855332301085,0.21851072717896225,-0.30004337386218877,5636,,,,[],0,,False,True,
csd-20260805_174708,paired_hierarchical,1,0,0,5d0e9ff5482e9c83,hupB->seqA,shared_complete_observation_shared_scores,maximum,prefix,complete,0,500,0.6,0.9,biological_error,2151398048,921666314,2151398048,hupB,seqA,False,identifiable,crp|fis|hupA|rpoD,500,0.01602287484401824,0.05355855223301286,0.21429142720797412,0.29916557068811,-0.24762032848124416,5636,,,,[],0,,False,True,
csd-20260805_174708,paired_hierarchical,1,0,0,5d0e9ff5482e9c83,hupB->tyrP,shared_complete_observation_shared_scores,maximum,prefix,complete,0,500,0.6,0.9,biological_error,2151398048,921666314,2151398048,hupB,tyrP,False,identifiable,crp|fis|hupA|ihfA|ihfB|lrp|rpoD|tyrR,500,-0.02426086906825038,0.05643755220087748,0.23162735231148862,-0.4298710366087276,-0.12519039575257757,5636,,,,[],0,,False,True,
csd-20260805_174708,paired_hierarchical,1,0,0,5d0e9ff5482e9c83,hyfR->focB,shared_complete_observation_shared_scores,maximum,prefix,complete,0,500,0.6,0.9,biological_error,2151398048,921666314,2151398048,hyfR,focB,False,identifiable,crp|fhlA|fnr|rpoN,500,0.018327079827366755,0.02124570522278737,0.2307781673423925,0.8626251581288907,0.12139784983047676,5636,,,,[],0,,False,True,
csd-20260805_174708,paired_hierarchical,1,0,0,5d0e9ff5482e9c83,hyfR->hyfA,shared_complete_observation_shared_scores,maximum,prefix,complete,0,500,0.6,0.9,biological_error,2151398048,921666314,2151398048,hyfR,hyfA,False,identifiable,crp|fhlA|fnr|rpoN,500,-0.004582497667728552,0.026655912515332204,0.363278358057979,-0.17191299172717298,0.1717276096207865,5636,,,,[],0,,False,True,
csd-20260805_174708,paired_hierarchical,1,0,0,5d0e9ff5482e9c83,hyfR->hyfB,shared_complete_observation_shared_scores,maximum,prefix,complete,0,500,0.6,0.9,biological_error,2151398048,921666314,2151398048,hyfR,hyfB,False,identifiable,crp|fhlA|fnr|rpoN,500,0.0500638607323217,0.02039356756595314,0.21263699659368182,2.4548848832071353,0.16548706006623035,5636,,,,[],0,,False,True,
csd-20260805_174708,paired_hierarchical,1,0,0,5d0e9ff5482e9c83,hyfR->hyfC,shared_complete_observation_shared_scores,maximum,prefix,complete,0,500,0.6,0.9,biological_error,2151398048,921666314,2151398048,hyfR,hyfC,False,identifiable,crp|fhlA|fnr|rpoN,500,0.08593113156513836,0.029406326138912354,0.44211368328479245,2.9221988207302347,0.20707957257791276,5636,,,,[],0,,False,True,
csd-20260805_174708,paired_hierarchical,1,0,0,5d0e9ff5482e9c83,hyfR->hyfD,shared_complete_observation_shared_scores,maximum,prefix,complete,0,500,0.6,0.9,biological_error,2151398048,921666314,2151398048,hyfR,hyfD,False,identifiable,crp|fhlA|fnr|rpoN,500,0.02458218343253915,0.023099032218212166,0.2727972490242161,1.0642083703038265,0.1929980787502943,5636,,,,[],0,,False,True,
csd-20260805_174708,paired_hierarchical,1,0,0,5d0e9ff5482e9c83,hyfR->hyfE,shared_complete_observation_shared_scores,maximum,prefix,complete,0,500,0.6,0.9,biological_error,2151398048,921666314,2151398048,hyfR,hyfE,False,identifiable,crp|fhlA|fnr|rpoN,500,0.03802081047508263,0.025525392163252805,0.3331173581166537,1.4895289456049432,0.17298918567749064,5636,,,,[],0,,False,True,
csd-20260805_174708,paired_hierarchical,1,0,0,5d0e9ff5482e9c83,hyfR->hyfF,shared_complete_observation_shared_scores,maximum,prefix,complete,0,500,0.6,0.9,biological_error,2151398048,921666314,2151398048,hyfR,hyfF,False,identifiable,crp|fhlA|fnr|rpoN,500,0.0020671332825406277,0.018375780545520286,0.17264102604508383,0.11249227086816516,0.16175199112690766,5636,,,,[],0,,False,True,
csd-20260805_174708,paired_hierarchical,1,0,0,5d0e9ff5482e9c83,hyfR->hyfG,shared_complete_observation_shared_scores,maximum,prefix,complete,0,500,0.6,0.9,biological_error,2151398048,921666314,2151398048,hyfR,hyfG,False,identifiable,crp|fhlA|fnr|rpoN,500,0.02428693976943943,0.017908380186551043,0.16397023858305212,1.3561773603443263,0.11992611489116331,5636,,,,[],0,,False,True,
csd-20260805_174708,paired_hierarchical,1,0,0,5d0e9ff5482e9c83,hyfR->hyfH,shared_complete_observation_shared_scores,maximum,prefix,complete,0,500,0.6,0.9,biological_error,2151398048,921666314,2151398048,hyfR,hyfH,False,identifiable,crp|fhlA|fnr|rpoN,500,0.05789476145239126,0.02819294544431222,0.40638092929895425,2.053519436865765,0.20460615248499878,5636,,,,[],0,,False,True,
csd-20260805_174708,paired_hierarchical,1,0,0,5d0e9ff5482e9c83,hyfR->hyfI,shared_complete_observation_shared_scores,maximum,prefix,complete,0,500,0.6,0.9,biological_error,2151398048,921666314,2151398048,hyfR,hyfI,False,identifiable,crp|fhlA|fnr|rpoN,500,0.12180842411616319,0.03235693008201815,0.5352874214846552,3.764523513429857,0.09982817224071178,5636,,,,[],0,,False,True,
csd-20260805_174708,paired_hierarchical,1,0,0,5d0e9ff5482e9c83,hyfR->hyfJ,shared_complete_observation_shared_scores,maximum,prefix,complete,0,500,0.6,0.9,biological_error,2151398048,921666314,2151398048,hyfR,hyfJ,False,identifiable,crp|fhlA|fnr|rpoN,500,0.007399048618388301,0.030991551242228643,0.4910650739712313,0.23874405513159547,0.20527218922932228,5636,,,,[],0,,False,True,
csd-20260805_174708,paired_hierarchical,1,0,0,5d0e9ff5482e9c83,idnR->gntK,shared_complete_observation_shared_scores,maximum,prefix,complete,0,500,0.6,0.9,biological_error,2151398048,921666314,2151398048,idnR,gntK,False,identifiable,crp|gntR|rpoD,500,-0.12499005271053694,0.056898277130322236,0.2716603739531894,-2.196728249332654,-0.7853907752689879,5636,,,,[],0,,False,True,
csd-20260805_174708,paired_hierarchical,1,0,0,5d0e9ff5482e9c83,idnR->gntU,shared_complete_observation_shared_scores,maximum,prefix,complete,0,500,0.6,0.9,biological_error,2151398048,921666314,2151398048,idnR,gntU,False,identifiable,crp|gntR|rpoD,500,0.0439096744560238,0.04418805889257259,0.16384677969475817,0.9937000075693394,-0.2104596458313711,5636,,,,[],0,,False,True,
csd-20260805_174708,paired_hierarchical,1,0,0,5d0e9ff5482e9c83,idnR->idnD,shared_complete_observation_shared_scores,maximum,prefix,complete,0,500,0.6,0.9,biological_error,2151398048,921666314,2151398048,idnR,idnD,False,identifiable,crp|glaR|gntR|rpoD,500,0.09182297027603428,0.03609601132231555,0.1093263506669904,2.543853653416459,0.20551376492787984,5636,,,,[],0,,False,True,
csd-20260805_174708,paired_hierarchical,1,0,0,5d0e9ff5482e9c83,idnR->idnK,shared_complete_observation_shared_scores,maximum,prefix,complete,0,500,0.6,0.9,biological_error,2151398048,921666314,2151398048,idnR,idnK,False,identifiable,crp|glaR|gntR|rpoD,500,-0.057430157670756515,0.043050713109008355,0.15551315149003297,-1.334011762484354,0.21618995831043084,5636,,,,[],0,,False,True,
csd-20260805_174708,paired_hierarchical,1,0,0,5d0e9ff5482e9c83,idnR->idnO,shared_complete_observation_shared_scores,maximum,prefix,complete,0,500,0.6,0.9,biological_error,2151398048,921666314,2151398048,idnR,idnO,False,identifiable,crp|gntR|rpoD,500,0.0045559211911305325,0.04474147561722701,0.16797655440542444,0.1018276918291078,0.33138528288549673,5636,,,,[],0,,False,True,
csd-20260805_174708,paired_hierarchical,1,0,0,5d0e9ff5482e9c83,idnR->idnT,shared_complete_observation_shared_scores,maximum,prefix,complete,0,500,0.6,0.9,biological_error,2151398048,921666314,2151398048,idnR,idnT,False,identifiable,crp|gntR|rpoD,500,-0.024343353129380102,0.03849508620627193,0.12434795712519718,-0.632375597210999,0.20820845591580037,5636,,,,[],0,,False,True,
csd-20260805_174708,paired_hierarchical,1,0,0,5d0e9ff5482e9c83,lacI->lacA,shared_complete_observation_shared_scores,maximum,prefix,complete,0,500,0.6,0.9,biological_error,2151398048,921666314,2151398048,lacI,lacA,False,identifiable,crp|hns|marA|rpoD,500,-0.005811183823344194,0.04532241641308906,0.20607835777963435,-0.12821875538096708,-0.18231048007757608,5636,,,,[],0,,False,True,
csd-20260805_174708,paired_hierarchical,1,0,0,5d0e9ff5482e9c83,lacI->lacY,shared_complete_observation_shared_scores,maximum,prefix,complete,0,500,0.6,0.9,biological_error,2151398048,921666314,2151398048,lacI,lacY,False,identifiable,crp|hns|marA|rpoD,500,0.008739800136980535,0.029242444468195523,0.08578939777444881,0.2988737876030186,-0.1444834032522439,5636,,,,[],0,,False,True,
csd-20260805_174708,paired_hierarchical,1,0,0,5d0e9ff5482e9c83,lacI->lacZ,shared_complete_observation_shared_scores,maximum,prefix,complete,0,500,0.6,0.9,biological_error,2151398048,921666314,2151398048,lacI,lacZ,False,identifiable,crp|hns|marA|rpoD,500,0.028467470526344026,0.03131150979956573,0.09835904195286305,0.9091695261126901,-0.14141712725125508,5636,,,,[],0,,False,True,
csd-20260805_174708,paired_hierarchical,1,0,0,5d0e9ff5482e9c83,lsrR->lsrA,shared_complete_observation_shared_scores,maximum,prefix,complete,0,500,0.6,0.9,biological_error,2151398048,921666314,2151398048,lsrR,lsrA,False,identifiable,crp|rpoD|rpoS,500,-0.09589809722482562,0.06472208643125714,0.19745056522736945,-1.481690447768263,-0.31818470918070074,5636,,,,[],0,,False,True,
csd-20260805_174708,paired_hierarchical,1,0,0,5d0e9ff5482e9c83,lsrR->lsrB,shared_complete_observation_shared_scores,maximum,prefix,complete,0,500,0.6,0.9,biological_error,2151398048,921666314,2151398048,lsrR,lsrB,False,identifiable,crp|rpoD|rpoS,500,-0.014583961311602582,0.03865973748212864,0.07044840493102267,-0.3772390156126734,-0.13969798795559027,5636,,,,[],0,,False,True,
csd-20260805_174708,paired_hierarchical,1,0,0,5d0e9ff5482e9c83,lsrR->lsrC,shared_complete_observation_shared_scores,maximum,prefix,complete,0,500,0.6,0.9,biological_error,2151398048,921666314,2151398048,lsrR,lsrC,False,identifiable,crp|rpoD|rpoS,500,0.007672113264271509,0.05974861757625889,0.16827092642621672,0.1284065401928232,-0.10512308215622203,5636,,,,[],0,,False,True,
csd-20260805_174708,paired_hierarchical,1,0,0,5d0e9ff5482e9c83,lsrR->lsrD,shared_complete_observation_shared_scores,maximum,prefix,complete,0,500,0.6,0.9,biological_error,2151398048,921666314,2151398048,lsrR,lsrD,False,identifiable,crp|rpoD|rpoS,500,-0.05578967585111818,0.06482667192475594,0.19808920809752031,-0.8605975626185628,-0.12810992469613297,5636,,,,[],0,,False,True,
csd-20260805_174708,paired_hierarchical,1,0,0,5d0e9ff5482e9c83,lsrR->lsrF,shared_complete_observation_shared_scores,maximum,prefix,complete,0,500,0.6,0.9,biological_error,2151398048,921666314,2151398048,lsrR,lsrF,False,identifiable,crp|rpoD|rpoS,500,0.041979683687714944,0.03795458981023472,0.06790190638727335,1.1060502536743217,-0.23479293855762925,5636,,,,[],0,,False,True,
csd-20260805_174708,paired_hierarchical,1,0,0,5d0e9ff5482e9c83,lsrR->lsrG,shared_complete_observation_shared_scores,maximum,prefix,complete,0,500,0.6,0.9,biological_error,2151398048,921666314,2151398048,lsrR,lsrG,False,identifiable,crp|glaR|rpoD|rpoS,500,0.03322134968415074,0.05035281141654984,0.11920614759898822,0.6597714953654331,-0.3115770510626376,5636,,,,[],0,,False,True,
csd-20260805_174708,paired_hierarchical,1,0,0,5d0e9ff5482e9c83,lsrR->lsrK,shared_complete_observation_shared_scores,maximum,prefix,complete,0,500,0.6,0.9,biological_error,2151398048,921666314,2151398048,lsrR,lsrK,False,identifiable,crp|rpoD,500,-0.0016023389689095759,0.05950804326964446,0.1670382844004966,-0.026926426763000996,-0.13328946789095594,5636,,,,[],0,,False,True,
csd-20260805_174708,paired_hierarchical,1,0,0,5d0e9ff5482e9c83,lsrR->tam,shared_complete_observation_shared_scores,maximum,prefix,complete,0,500,0.6,0.9,biological_error,2151398048,921666314,2151398048,lsrR,tam,False,identifiable,crp|glaR|rpoD|rpoS,500,-0.038651209782149885,0.058064833541542946,0.1585176318102433,-0.6656560851844442,-0.2698532935767446,5636,,,,[],0,,False,True,
csd-20260805_174708,paired_hierarchical,1,0,0,5d0e9ff5482e9c83,malI->malX,shared_complete_observation_shared_scores,maximum,prefix,complete,0,500,0.6,0.9,biological_error,2151398048,921666314,2151398048,malI,malX,False,identifiable,crp|nac|rpoD,500,0.02835640234142897,0.09243226441018905,0.31946530714884747,0.3067803490736853,-0.5362903437514164,5636,,,,[],0,,False,True,
csd-20260805_174708,paired_hierarchical,1,0,0,5d0e9ff5482e9c83,malI->malY,shared_complete_observation_shared_scores,maximum,prefix,complete,0,500,0.6,0.9,biological_error,2151398048,921666314,2151398048,malI,malY,False,identifiable,crp|nac|rpoD,500,0.17744281114960891,0.052279278007649685,0.10219641930023955,3.394132779026613,-0.18815993807658316,5636,,,,[],0,,False,True,
csd-20260805_174708,paired_hierarchical,1,0,0,5d0e9ff5482e9c83,malT->lamB,shared_complete_observation_shared_scores,maximum,prefix,complete,0,500,0.6,0.9,biological_error,2151398048,921666314,2151398048,malT,lamB,False,identifiable,crp|lrp|mlc|rpoD,500,0.142218965366871,0.04902016555741193,0.2576698856353048,2.9012338850693107,0.18371537931285328,5636,,,,[],0,,False,True,
csd-20260805_174708,paired_hierarchical,1,0,0,5d0e9ff5482e9c83,malT->malE,shared_complete_observation_shared_scores,maximum,prefix,complete,0,500,0.6,0.9,biological_error,2151398048,921666314,2151398048,malT,malE,False,identifiable,creB|crp|fis|hns|lrp|mlc|ompR|rpoD|stpA|yidZ,500,0.013997761945334043,0.04699668124584503,0.23349089010050422,0.29784575366311816,0.14308893657210267,5636,,,,[],0,,False,True,
csd-20260805_174708,paired_hierarchical,1,0,0,5d0e9ff5482e9c83,malT->malF,shared_complete_observation_shared_scores,maximum,prefix,complete,0,500,0.6,0.9,biological_error,2151398048,921666314,2151398048,malT,malF,False,identifiable,creB|crp|fis|hns|lrp|mlc|rpoD|stpA,500,0.11326907803444639,0.06598888339354388,0.4619379876763441,1.7164872658767891,0.3558637422095448,5636,,,,[],0,,False,True,
csd-20260805_174708,paired_hierarchical,1,0,0,5d0e9ff5482e9c83,malT->malG,shared_complete_observation_shared_scores,maximum,prefix,complete,0,500,0.6,0.9,biological_error,2151398048,921666314,2151398048,malT,malG,False,identifiable,creB|crp|fis|hns|lrp|mlc|rpoD|stpA,500,-0.013082222896399433,0.06553673869095976,0.455629432145371,-0.19961662966002938,0.14879234701557897,5636,,,,[],0,,False,True,
csd-20260805_174708,paired_hierarchical,1,0,0,5d0e9ff5482e9c83,malT->malK,shared_complete_observation_shared_scores,maximum,prefix,complete,0,500,0.6,0.9,biological_error,2151398048,921666314,2151398048,malT,malK,False,identifiable,crp|lrp|mlc|rpoD,500,0.02998638213981057,0.07293492178134392,0.5704074122911723,0.41113888117558534,0.26252470732520977,5636,,,,[],0,,False,True,
csd-20260805_174708,paired_hierarchical,1,0,0,5d0e9ff5482e9c83,malT->malM,shared_complete_observation_shared_scores,maximum,prefix,complete,0,500,0.6,0.9,biological_error,2151398048,921666314,2151398048,malT,malM,False,identifiable,crp|lrp|mlc|rpoD,500,0.10736092930876748,0.051089017077757454,0.279878289965651,2.101448323919879,0.2595399978588453,5636,,,,[],0,,False,True,
csd-20260805_174708,paired_hierarchical,1,0,0,5d0e9ff5482e9c83,malT->malP,shared_complete_observation_shared_scores,maximum,prefix,complete,0,500,0.6,0.9,biological_error,2151398048,921666314,2151398048,malT,malP,False,identifiable,crp|fnr|lrp|mlc|rpoD,500,0.04834434360329097,0.05446205694115542,0.31803867652694623,0.887670174770034,0.3433285894060334,5636,,,,[],0,,False,True,
csd-20260805_174708,paired_hierarchical,1,0,0,5d0e9ff5482e9c83,malT->malQ,shared_complete_observation_shared_scores,maximum,prefix,complete,0,500,0.6,0.9,biological_error,2151398048,921666314,2151398048,malT,malQ,False,identifiable,crp|fnr|lrp|mlc|rpoD|rpoE,500,-0.007457887470878638,0.052548589264370525,0.2960829017680917,-0.14192364771884186,0.09180958281888914,5636,,,,[],0,,False,True,
csd-20260805_174708,paired_hierarchical,1,0,0,5d0e9ff5482e9c83,malT->malS,shared_complete_observation_shared_scores,maximum,prefix,complete,0,500,0.6,0.9,biological_error,2151398048,921666314,2151398048,malT,malS,False,identifiable,crp|lrp|mlc|phoP|rpoD,500,-0.0286487938743519,0.05288138012602689,0.29973342919128915,-0.5417557901491243,0.18039133423356823,5636,,,,[],0,,False,True,
csd-20260805_174708,paired_hierarchical,1,0,0,5d0e9ff5482e9c83,malT->malZ,shared_complete_observation_shared_scores,maximum,prefix,complete,0,500,0.6,0.9,biological_error,2151398048,921666314,2151398048,malT,malZ,False,identifiable,crp|lrp|mlc|rpoD,500,0.028166974979474804,0.03190259548499546,0.10913552745405676,0.8829054361022881,0.10870706642799509,5636,,,,[],0,,False,True,
csd-20260805_174708,paired_hierarchical,1,0,0,5d0e9ff5482e9c83,melR->melA,shared_complete_observation_shared_scores,maximum,prefix,complete,0,500,0.6,0.9,biological_error,2151398048,921666314,2151398048,melR,melA,False,identifiable,crp|rpoD,500,0.013104407709742232,0.030604513687208477,0.1581723007241528,0.4281854579907727,-0.409003553038815,5636,,,,[],0,,False,True,
csd-20260805_174708,paired_hierarchical,1,0,0,5d0e9ff5482e9c83,melR->melB,shared_complete_observation_shared_scores,maximum,prefix,complete,0,500,0.6,0.9,biological_error,2151398048,921666314,2151398048,melR,melB,False,identifiable,crp|rpoD,500,0.010701894059161741,0.02325331983832149,0.09131232404342708,0.46023080289486284,-0.2351732940406256,5636,,,,[],0,,False,True,
csd-20260805_174708,paired_hierarchical,1,0,0,5d0e9ff5482e9c83,mhpR->mhpA,shared_complete_observation_shared_scores,maximum,prefix,complete,0,500,0.6,0.9,biological_error,2151398048,921666314,2151398048,mhpR,mhpA,False,identifiable,crp|rpoD,500,0.08792981535049033,0.03554039959237864,0.49951451571147865,2.4740806619784372,0.19396215784984158,5636,,,,[],0,,False,True,
csd-20260805_174708,paired_hierarchical,1,0,0,5d0e9ff5482e9c83,mhpR->mhpB,shared_complete_observation_shared_scores,maximum,prefix,complete,0,500,0.6,0.9,biological_error,2151398048,921666314,2151398048,mhpR,mhpB,False,identifiable,crp|rpoD,500,0.07091791066179202,0.021108063474894988,0.17619771959683084,3.3597544723199597,0.09192629560358904,5636,,,,[],0,,False,True,
csd-20260805_174708,paired_hierarchical,1,0,0,5d0e9ff5482e9c83,mhpR->mhpC,shared_complete_observation_shared_scores,maximum,prefix,complete,0,500,0.6,0.9,biological_error,2151398048,921666314,2151398048,mhpR,mhpC,False,identifiable,crp|rpoD,500,0.04735909428686606,0.03828755657512774,0.579720694014795,1.2369317481500335,0.5293163605506362,5636,,,,[],0,,False,True,
csd-20260805_174708,paired_hierarchical,1,0,0,5d0e9ff5482e9c83,mhpR->mhpD,shared_complete_observation_shared_scores,maximum,prefix,complete,0,500,0.6,0.9,biological_error,2151398048,921666314,2151398048,mhpR,mhpD,False,identifiable,crp|rpoD,500,0.04272311862477175,0.02752736638640794,0.29966279573357507,1.5520234673036846,0.2552493612384728,5636,,,,[],0,,False,True,
csd-20260805_174708,paired_hierarchical,1,0,0,5d0e9ff5482e9c83,mhpR->mhpE,shared_complete_observation_shared_scores,maximum,prefix,complete,0,500,0.6,0.9,biological_error,2151398048,921666314,2151398048,mhpR,mhpE,False,identifiable,crp|rpoD,500,0.08015404630348581,0.04938357912190688,0.9644253684877946,1.6230910705281172,0.23424391638264916,5636,,,,[],0,,False,True,
csd-20260805_174708,paired_hierarchical,1,0,0,5d0e9ff5482e9c83,mhpR->mhpF,shared_complete_observation_shared_scores,maximum,prefix,complete,0,500,0.6,0.9,biological_error,2151398048,921666314,2151398048,mhpR,mhpF,False,identifiable,crp|rpoD,500,-0.0006057825695956442,0.01803662392811335,0.12865124714932227,-0.03358625050952147,0.24040246818630526,5636,,,,[],0,,False,True,
csd-20260805_174708,paired_hierarchical,1,0,0,5d0e9ff5482e9c83,mlc->bidA,shared_complete_observation_shared_scores,maximum,prefix,complete,0,500,0.6,0.9,biological_error,2151398048,921666314,2151398048,mlc,bidA,False,identifiable,crp|fnr|nac|rpoD|rpoH,500,0.06219447580670655,0.04406012357814333,0.2084081615165472,1.4115819647305534,-0.23488734805941813,5636,,,,[],0,,False,True,
csd-20260805_174708,paired_hierarchical,1,0,0,5d0e9ff5482e9c83,mlc->crr,shared_complete_observation_shared_scores,maximum,prefix,complete,0,500,0.6,0.9,biological_error,2151398048,921666314,2151398048,mlc,crr,False,identifiable,cra|crp|nagC|rpoD|rpoH|rpoS,500,-0.003236841962096764,0.04318457756955572,0.19957080049247186,-0.07495365577869342,-0.1306792385834963,5636,,,,[],0,,False,True,
csd-20260805_174708,paired_hierarchical,1,0,0,5d0e9ff5482e9c83,mlc->malT,shared_complete_observation_shared_scores,maximum,prefix,complete,0,500,0.6,0.9,biological_error,2151398048,921666314,2151398048,mlc,malT,False,identifiable,crp|lrp|rpoD|rpoH,500,0.004376322543641715,0.04491789800658123,0.217026323738752,0.09742937087128409,-0.14435697676415046,5636,,,,[],0,,False,True,
csd-20260805_174708,paired_hierarchical,1,0,0,5d0e9ff5482e9c83,mlc->manX,shared_complete_observation_shared_scores,maximum,prefix,complete,0,500,0.6,0.9,biological_error,2151398048,921666314,2151398048,mlc,manX,False,identifiable,cra|crp|dicF|fur|hfq|nagC|rpoD|rpoH,500,0.012290449671948249,0.05511499886757935,0.321712488312151,0.22299646057287575,-0.18889890869393317,5636,,,,[],0,,False,True,
csd-20260805_174708,paired_hierarchical,1,0,0,5d0e9ff5482e9c83,mlc->manY,shared_complete_observation_shared_scores,maximum,prefix,complete,0,500,0.6,0.9,biological_error,2151398048,921666314,2151398048,mlc,manY,False,identifiable,cra|crp|fur|nagC|rpoD|rpoH|rpsA,500,0.036691215928228535,0.04619070743491929,0.2259655757577859,0.794341935115951,-0.1914488067091802,5636,,,,[],0,,False,True,
csd-20260805_174708,paired_hierarchical,1,0,0,5d0e9ff5482e9c83,mlc->manZ,shared_complete_observation_shared_scores,maximum,prefix,complete,0,500,0.6,0.9,biological_error,2151398048,921666314,2151398048,mlc,manZ,False,identifiable,cra|crp|fur|nagC|rpoD|rpoH,500,0.0030471271413086906,0.04162771958963253,0.18490880656765699,0.07319947312385529,-0.18704154888687807,5636,,,,[],0,,False,True,
csd-20260805_174708,paired_hierarchical,1,0,0,5d0e9ff5482e9c83,mlc->ptsG,shared_complete_observation_shared_scores,maximum,prefix,complete,0,500,0.6,0.9,biological_error,2151398048,921666314,2151398048,mlc,ptsG,False,identifiable,arcA|crp|fis|rpoD|rpoH|soxS,500,-0.027599237692808566,0.05677819647994331,0.3455498008050506,-0.4860886643794312,-0.45471516552718705,5636,,,,[],0,,False,True,
csd-20260805_174708,paired_hierarchical,1,0,0,5d0e9ff5482e9c83,mlc->ptsH,shared_complete_observation_shared_scores,maximum,prefix,complete,0,500,0.6,0.9,biological_error,2151398048,921666314,2151398048,mlc,ptsH,False,identifiable,cra|crp|flhC|flhD|nagC|rpoD|rpoH,500,0.09624652814336143,0.0867417141536453,0.8051985880345408,1.1095760451872128,-0.314374017141529,5636,,,,[],0,,False,True,
csd-20260805_174708,paired_hierarchical,1,0,0,5d0e9ff5482e9c83,mlc->ptsI,shared_complete_observation_shared_scores,maximum,prefix,complete,0,500,0.6,0.9,biological_error,2151398048,921666314,2151398048,mlc,ptsI,False,identifiable,cra|crp|nagC|rpoD|rpoH,500,0.00933006903190698,0.03665979460967441,0.14384375057281143,0.25450412723929455,-0.20991986440510327,5636,,,,[],0,,False,True,
csd-20260805_174708,paired_hierarchical,1,0,0,5d0e9ff5482e9c83,nagC->chbA,shared_complete_observation_shared_scores,maximum,prefix,complete,0,500,0.6,0.9,biological_error,2151398048,921666314,2151398048,nagC,chbA,False,identifiable,crp|rpoD,500,0.0029551960847124404,0.03048484384695525,0.06597424564284582,0.09693984655288297,-0.10777938172578574,5636,,,,[],0,,False,True,
csd-20260805_174708,paired_hierarchical,1,0,0,5d0e9ff5482e9c83,nagC->chbB,shared_complete_observation_shared_scores,maximum,prefix,complete,0,500,0.6,0.9,biological_error,2151398048,921666314,2151398048,nagC,chbB,False,identifiable,crp|rpoD,500,-0.004700968459204639,0.04585363605272788,0.14926364498639705,-0.10252117092304121,-0.4015830323865429,5636,,,,[],0,,False,True,
csd-20260805_174708,paired_hierarchical,1,0,0,5d0e9ff5482e9c83,nagC->chbC,shared_complete_observation_shared_scores,maximum,prefix,complete,0,500,0.6,0.9,biological_error,2151398048,921666314,2151398048,nagC,chbC,False,identifiable,crp|rpoD,500,0.011730364090903134,0.050867090804715125,0.1836877878031053,0.2306081182416626,-0.26234586722870706,5636,,,,[],0,,False,True,
csd-20260805_174708,paired_hierarchical,1,0,0,5d0e9ff5482e9c83,nagC->chbF,shared_complete_observation_shared_scores,maximum,prefix,complete,0,500,0.6,0.9,biological_error,2151398048,921666314,2151398048,nagC,chbF,False,identifiable,crp|rpoD,500,-0.10832576641266863,0.04344727802399594,0.13400827896856782,-2.493269344810054,-0.21548871719657559,5636,,,,[],0,,False,True,
csd-20260805_174708,paired_hierarchical,1,0,0,5d0e9ff5482e9c83,nagC->chbG,shared_complete_observation_shared_scores,maximum,prefix,complete,0,500,0.6,0.9,biological_error,2151398048,921666314,2151398048,nagC,chbG,False,identifiable,crp|lrp|rpoD,500,0.017222314705335313,0.042594548608896436,0.12879828425342116,0.4043314289692509,-0.17117291808120616,5636,,,,[],0,,False,True,
csd-20260805_174708,paired_hierarchical,1,0,0,5d0e9ff5482e9c83,nagC->chbR,shared_complete_observation_shared_scores,maximum,prefix,complete,0,500,0.6,0.9,biological_error,2151398048,921666314,2151398048,nagC,chbR,False,identifiable,crp|rpoD,500,-0.0031557929661692064,0.03098058694324091,0.06813743276251306,-0.10186356288055128,-0.413204137702481,5636,,,,[],0,,False,True,
csd-20260805_174708,paired_hierarchical,1,0,0,5d0e9ff5482e9c83,nagC->chiP,shared_complete_observation_shared_scores,maximum,prefix,complete,0,500,0.6,0.9,biological_error,2151398048,921666314,2151398048,nagC,chiP,False,identifiable,crp|rpoD,500,0.008195327686416242,0.03785045170974852,0.10170647841626677,0.21651862306059366,-0.24338750426336372,5636,,,,[],0,,False,True,
csd-20260805_174708,paired_hierarchical,1,0,0,5d0e9ff5482e9c83,nagC->chiQ,shared_complete_observation_shared_scores,maximum,prefix,complete,0,500,0.6,0.9,biological_error,2151398048,921666314,2151398048,nagC,chiQ,False,identifiable,crp|rpoD,500,-0.10301229049170753,0.049201699110860184,0.17185678585174968,-2.0936734371632677,-0.22997519906291564,5636,,,,[],0,,False,True,
csd-20260805_174708,paired_hierarchical,1,0,0,5d0e9ff5482e9c83,nagC->creA,shared_complete_observation_shared_scores,maximum,prefix,complete,0,500,0.6,0.9,biological_error,2151398048,921666314,2151398048,nagC,creA,False,identifiable,crp|lrp|rpoD|rpoH,500,-0.06414409121608002,0.06245030850612921,0.2762426814321138,-1.0271220871516522,-0.26694117746549273,5636,,,,[],0,,False,True,
csd-20260805_174708,paired_hierarchical,1,0,0,5d0e9ff5482e9c83,nagC->creB,shared_complete_observation_shared_scores,maximum,prefix,complete,0,500,0.6,0.9,biological_error,2151398048,921666314,2151398048,nagC,creB,False,identifiable,crp|rpoD|rpoH,500,0.06982180473804701,0.07777922531561765,0.42850061167396564,0.8976922109306117,-0.1765042401655751,5636,,,,[],0,,False,True,
csd-20260805_174708,paired_hierarchical,1,0,0,5d0e9ff5482e9c83,nagC->creC,shared_complete_observation_shared_scores,maximum,prefix,complete,0,500,0.6,0.9,biological_error,2151398048,921666314,2151398048,nagC,creC,False,identifiable,crp|rpoD|rpoH,500,-0.008635685734945784,0.05562682412530676,0.21917587604314193,-0.1552431919444612,-0.33946578221564677,5636,,,,[],0,,False,True,
csd-20260805_174708,paired_hierarchical,1,0,0,5d0e9ff5482e9c83,nagC->creD,shared_complete_observation_shared_scores,maximum,prefix,complete,0,500,0.6,0.9,biological_error,2151398048,921666314,2151398048,nagC,creD,False,identifiable,crp|rpoD|rpoH,500,-0.006884673586472961,0.06012659992137074,0.25606929822154123,-0.1145029586817855,-0.19577458259685124,5636,,,,[],0,,False,True,
csd-20260805_174708,paired_hierarchical,1,0,0,5d0e9ff5482e9c83,nagC->crr,shared_complete_observation_shared_scores,maximum,prefix,complete,0,500,0.6,0.9,biological_error,2151398048,921666314,2151398048,nagC,crr,False,identifiable,cra|crp|mlc|rpoD|rpoH|rpoS,500,-0.004639586551663877,0.05334439003547322,0.19957080049247186,-0.08697421694349905,-0.1547195071097241,5636,,,,[],0,,False,True,
csd-20260805_174708,paired_hierarchical,1,0,0,5d0e9ff5482e9c83,nagC->dinI,shared_complete_observation_shared_scores,maximum,prefix,complete,0,500,0.6,0.9,biological_error,2151398048,921666314,2151398048,nagC,dinI,False,identifiable,crp|lexA|rpoD,500,0.06560144009249554,0.04152149298400971,0.1223714695283511,1.57993933690581,-0.14497703237636844,5636,,,,[],0,,False,True,
csd-20260805_174708,paired_hierarchical,1,0,0,5d0e9ff5482e9c83,nagC->eutD,shared_complete_observation_shared_scores,maximum,prefix,complete,0,500,0.6,0.9,biological_error,2151398048,921666314,2151398048,nagC,eutD,False,identifiable,crp|rpoD,500,-0.06138968614076059,0.04339247372604279,0.13367041671411686,-1.4147542389111696,0.10128596501571485,5636,,,,[],0,,False,True,
csd-20260805_174708,paired_hierarchical,1,0,0,5d0e9ff5482e9c83,nagC->eutM,shared_complete_observation_shared_scores,maximum,prefix,complete,0,500,0.6,0.9,biological_error,2151398048,921666314,2151398048,nagC,eutM,False,identifiable,crp|rpoD,500,-0.008999080806690325,0.037708798877752914,0.10094664325423938,-0.2386467104365798,0.21394741847185159,5636,,,,[],0,,False,True,
csd-20260805_174708,paired_hierarchical,1,0,0,5d0e9ff5482e9c83,nagC->eutP,shared_complete_observation_shared_scores,maximum,prefix,complete,0,500,0.6,0.9,biological_error,2151398048,921666314,2151398048,nagC,eutP,False,identifiable,crp|rpoD,500,-0.026230783427704567,0.04833082984779833,0.16582690221162258,-0.5427339756074866,-0.19964252044406805,5636,,,,[],0,,False,True,
csd-20260805_174708,paired_hierarchical,1,0,0,5d0e9ff5482e9c83,nagC->eutQ,shared_complete_observation_shared_scores,maximum,prefix,complete,0,500,0.6,0.9,biological_error,2151398048,921666314,2151398048,nagC,eutQ,False,identifiable,crp|rpoD,500,-0.0007231414799835287,0.029507041193746367,0.061809867068757136,-0.02450742096556903,-0.12480928561703983,5636,,,,[],0,,False,True,
csd-20260805_174708,paired_hierarchical,1,0,0,5d0e9ff5482e9c83,nagC->eutS,shared_complete_observation_shared_scores,maximum,prefix,complete,0,500,0.6,0.9,biological_error,2151398048,921666314,2151398048,nagC,eutS,False,identifiable,argR|crp|nac|rpoD,500,0.0062455351649188615,0.039696851400738614,0.11163760307146915,0.15733074398950075,0.1298896735651158,5636,,,,[],0,,False,True,
csd-20260805_174708,paired_hierarchical,1,0,0,5d0e9ff5482e9c83,nagC->eutT,shared_complete_observation_shared_scores,maximum,prefix,complete,0,500,0.6,0.9,biological_error,2151398048,921666314,2151398048,nagC,eutT,False,identifiable,crp|rpoD,500,0.03463458702655127,0.04537985616316887,0.14619506530532647,0.7632150023133246,0.07333412935046921,5636,,,,[],0,,False,True,
csd-20260805_174708,paired_hierarchical,1,0,0,5d0e9ff5482e9c83,nagC->feoA,shared_complete_observation_shared_scores,maximum,prefix,complete,0,500,0.6,0.9,biological_error,2151398048,921666314,2151398048,nagC,feoA,False,identifiable,arcA|crp|fnr|fur|ompR|rpoD,500,0.004780058060914043,0.03997746268314598,0.11288825005601627,0.11956882053270625,-0.21907271344372548,5636,,,,[],0,,False,True,
csd-20260805_174708,paired_hierarchical,1,0,0,5d0e9ff5482e9c83,nagC->feoB,shared_complete_observation_shared_scores,maximum,prefix,complete,0,500,0.6,0.9,biological_error,2151398048,921666314,2151398048,nagC,feoB,False,identifiable,crp|fnr|fur|ompR|rpoD,500,-0.035692732535160386,0.05793847598104654,0.23760227716960527,-0.6160454159484032,-0.10684975700490551,5636,,,,[],0,,False,True,
csd-20260805_174708,paired_hierarchical,1,0,0,5d0e9ff5482e9c83,nagC->feoC,shared_complete_observation_shared_scores,maximum,prefix,complete,0,500,0.6,0.9,biological_error,2151398048,921666314,2151398048,nagC,feoC,False,identifiable,crp|fnr|fur|ompR|rpoD,500,0.06927271062918368,0.048400837529572555,0.16581438997572515,1.4312295853735706,-0.09337697387330078,5636,,,,[],0,,False,True,
csd-20260805_174708,paired_hierarchical,1,0,0,5d0e9ff5482e9c83,nagC->fimB,shared_complete_observation_shared_scores,maximum,prefix,complete,0,500,0.6,0.9,biological_error,2151398048,921666314,2151398048,nagC,fimB,False,identifiable,basR|cpxR|crp|dksA|hns|ihfA|ihfB|nanR|rpoD,500,0.05470192274647075,0.09659353490599205,0.6122754574750837,0.5663103933374881,0.30219560776878746,5636,,,,[],0,,False,True,
csd-20260805_174708,paired_hierarchical,1,0,0,5d0e9ff5482e9c83,nagC->galP,shared_complete_observation_shared_scores,maximum,prefix,complete,0,500,0.6,0.9,biological_error,2151398048,921666314,2151398048,nagC,galP,False,identifiable,cpxR|crp|galR|galS|ompR|rpoD,500,-0.05578311718331411,0.04258179388695848,0.12133435041494024,-1.3100227137306866,-0.2906151781523305,5636,,,,[],0,,False,True,
csd-20260805_174708,paired_hierarchical,1,0,0,5d0e9ff5482e9c83,nagC->glmS,shared_complete_observation_shared_scores,maximum,prefix,complete,0,500,0.6,0.9,biological_error,2151398048,921666314,2151398048,nagC,glmS,False,identifiable,crp|rpoD,500,-0.0021501567311755223,0.04217848281408446,0.12629564967636414,-0.050977574054833726,0.13615967999013234,5636,,,,[],0,,False,True,
csd-20260805_174708,paired_hierarchical,1,0,0,5d0e9ff5482e9c83,nagC->glmU,shared_complete_observation_shared_scores,maximum,prefix,complete,0,500,0.6,0.9,biological_error,2151398048,921666314,2151398048,nagC,glmU,False,identifiable,crp|rpoD,500,-0.03923201184194948,0.05220923927356049,0.19350902028365938,-0.7514381053588178,0.27526651523484386,5636,,,,[],0,,False,True,
csd-20260805_174708,paired_hierarchical,1,0,0,5d0e9ff5482e9c83,nagC->manX,shared_complete_observation_shared_scores,maximum,prefix,complete,0,500,0.6,0.9,biological_error,2151398048,921666314,2151398048,nagC,manX,False,identifiable,cra|crp|dicF|fur|hfq|mlc|rpoD,500,0.019460217812222264,0.06758625486763278,0.32114887452869595,0.28793158979344197,-0.14277805528225126,5636,,,,[],0,,False,True,
csd-20260805_174708,paired_hierarchical,1,0,0,5d0e9ff5482e9c83,nagC->manY,shared_complete_observation_shared_scores,maximum,prefix,complete,0,500,0.6,0.9,biological_error,2151398048,921666314,2151398048,nagC,manY,False,identifiable,cra|crp|fur|mlc|rpoD|rpsA,500,0.01623581681853221,0.05659051336883691,0.22551942035768366,0.2868999740771552,-0.06837143917658198,5636,,,,[],0,,False,True,
csd-20260805_174708,paired_hierarchical,1,0,0,5d0e9ff5482e9c83,nagC->manZ,shared_complete_observation_shared_scores,maximum,prefix,complete,0,500,0.6,0.9,biological_error,2151398048,921666314,2151398048,nagC,manZ,False,identifiable,cra|crp|fur|mlc|rpoD,500,0.08142959692822663,0.05119557791268403,0.18472612015795886,1.590559189840729,-0.17511009446853412,5636,,,,[],0,,False,True,
csd-20260805_174708,paired_hierarchical,1,0,0,5d0e9ff5482e9c83,nagC->nagA,shared_complete_observation_shared_scores,maximum,prefix,complete,0,500,0.6,0.9,biological_error,2151398048,921666314,2151398048,nagC,nagA,False,identifiable,crp|phoP|rpoD,500,0.051898997733486996,0.05669856270117731,0.2282144456150454,0.9153494420487196,-0.25589612771252157,5636,,,,[],0,,False,True,
csd-20260805_174708,paired_hierarchical,1,0,0,5d0e9ff5482e9c83,nagC->nagB,shared_complete_observation_shared_scores,maximum,prefix,complete,0,500,0.6,0.9,biological_error,2151398048,921666314,2151398048,nagC,nagB,False,identifiable,crp|rpoD,500,0.02549291527250153,0.06365550191467576,0.28765927218092274,0.40048251142018165,-0.3333816989008716,5636,,,,[],0,,False,True,
csd-20260805_174708,paired_hierarchical,1,0,0,5d0e9ff5482e9c83,nagC->nagE,shared_complete_observation_shared_scores,maximum,prefix,complete,0,500,0.6,0.9,biological_error,2151398048,921666314,2151398048,nagC,nagE,False,identifiable,crp|rpoD,500,0.09703588309031917,0.04714740684104147,0.15780548913881345,2.0581382856851027,-0.18868072254219373,5636,,,,[],0,,False,True,
csd-20260805_174708,paired_hierarchical,1,0,0,5d0e9ff5482e9c83,nagC->nanC,shared_complete_observation_shared_scores,maximum,prefix,complete,0,500,0.6,0.9,biological_error,2151398048,921666314,2151398048,nagC,nanC,False,identifiable,crp|nanR|rpoD|spf,500,-0.04830875909489739,0.06104910135739916,0.262317341495806,-0.791309913180931,-0.1891577900448526,5636,,,,[],0,,False,True,
csd-20260805_174708,paired_hierarchical,1,0,0,5d0e9ff5482e9c83,nagC->nanM,shared_complete_observation_shared_scores,maximum,prefix,complete,0,500,0.6,0.9,biological_error,2151398048,921666314,2151398048,nagC,nanM,False,identifiable,crp|nanR|rpoD,500,-0.028945712616107105,0.037463143001160465,0.09879833040329024,-0.7726450665180569,-0.26160202974461416,5636,,,,[],0,,False,True,
csd-20260805_174708,paired_hierarchical,1,0,0,5d0e9ff5482e9c83,nagC->nanS,shared_complete_observation_shared_scores,maximum,prefix,complete,0,500,0.6,0.9,biological_error,2151398048,921666314,2151398048,nagC,nanS,False,identifiable,crp|nanR|rpoD,500,-0.09591746828220121,0.04801651564230203,0.16230147593722788,-1.997593265549218,-0.2586658699566282,5636,,,,[],0,,False,True,
csd-20260805_174708,paired_hierarchical,1,0,0,5d0e9ff5482e9c83,nagC->ptsH,shared_complete_observation_shared_scores,maximum,prefix,complete,0,500,0.6,0.9,biological_error,2151398048,921666314,2151398048,nagC,ptsH,False,identifiable,cra|crp|flhC|flhD|mlc|rpoD|rpoH,500,0.014679947529737725,0.10729467094357754,0.8051985880345407,0.13681898085560454,-0.18784787705237768,5636,,,,[],0,,False,True,
csd-20260805_174708,paired_hierarchical,1,0,0,5d0e9ff5482e9c83,nagC->ptsI,shared_complete_observation_shared_scores,maximum,prefix,complete,0,500,0.6,0.9,biological_error,2151398048,921666314,2151398048,nagC,ptsI,False,identifiable,cra|crp|mlc|rpoD|rpoH,500,0.03438188224532924,0.045213237171456956,0.14384375057281143,0.7604384113207109,-0.2749309164642396,5636,,,,[],0,,False,True,
csd-20260805_174708,paired_hierarchical,1,0,0,5d0e9ff5482e9c83,nagC->umpH,shared_complete_observation_shared_scores,maximum,prefix,complete,0,500,0.6,0.9,biological_error,2151398048,921666314,2151398048,nagC,umpH,False,identifiable,crp|rpoD,500,0.023407677104027774,0.07411740142811468,0.38998405663516966,0.315818912333705,-0.32819237340226315,5636,,,,[],0,,False,True,
csd-20260805_174708,paired_hierarchical,1,0,0,5d0e9ff5482e9c83,nagC->ydeM,shared_complete_observation_shared_scores,maximum,prefix,complete,0,500,0.6,0.9,biological_error,2151398048,921666314,2151398048,nagC,ydeM,False,identifiable,araC|crp|gadX|rpoD,500,-0.016277388545049565,0.08248730182115557,0.4827935436801087,-0.1973320521544189,-0.14727334394555855,5636,,,,[],0,,False,True,
csd-20260805_174708,paired_hierarchical,1,0,0,5d0e9ff5482e9c83,nagC->ydeN,shared_complete_observation_shared_scores,maximum,prefix,complete,0,500,0.6,0.9,biological_error,2151398048,921666314,2151398048,nagC,ydeN,False,identifiable,araC|crp|gadX|lrp|rpoD,500,-0.02965358014880666,0.044638603818425576,0.14138528072753567,-0.6643034864940486,-0.24064044136816878,5636,,,,[],0,,False,True,
csd-20260805_174708,paired_hierarchical,1,0,0,5d0e9ff5482e9c83,nagC->ydeP,shared_complete_observation_shared_scores,maximum,prefix,complete,0,500,0.6,0.9,biological_error,2151398048,921666314,2151398048,nagC,ydeP,False,identifiable,crp|evgA|hns|nac|narL|narP|phoP|rcsB|rpoD|uvrY,500,0.04530226284226743,0.08649017702868082,0.5204294689470402,0.523785063212957,-0.14090614759655523,5636,,,,[],0,,False,True,
csd-20260805_174708,paired_hierarchical,1,0,0,5d0e9ff5482e9c83,ompR->alx,shared_complete_observation_shared_scores,maximum,prefix,complete,0,500,0.6,0.9,biological_error,2151398048,921666314,2151398048,ompR,alx,False,identifiable,alpA|basR|btsR|glaR|glrR|nsrR|ptrR|rcdA,500,0.01573239502628813,0.0403078679244799,0.10027352085356803,0.3903058096688236,-0.1871184346192975,5636,,,,[],0,,False,True,
csd-20260805_174708,paired_hierarchical,1,0,0,5d0e9ff5482e9c83,ompR->exoX,shared_complete_observation_shared_scores,maximum,prefix,complete,0,500,0.6,0.9,biological_error,2151398048,921666314,2151398048,ompR,exoX,False,identifiable,alpA|basR|btsR|glaR|glrR|nsrR|ptrR|rcdA,500,0.018103886103859716,0.06644024122409027,0.2724388333199551,0.272483750364463,-0.18061995868288175,5636,,,,[],0,,False,True,
csd-20260805_174708,paired_hierarchical,1,0,0,5d0e9ff5482e9c83,ompR->narY,shared_complete_observation_shared_scores,maximum,prefix,complete,0,500,0.6,0.9,biological_error,2151398048,921666314,2151398048,ompR,narY,False,identifiable,alpA|basR|btsR|glaR|glrR|nsrR|ptrR|rcdA,500,0.07881723296516042,0.05014356796864983,0.15518047490089537,1.5718313665760204,0.19332117942815077,5636,,,,[],0,,False,True,
csd-20260805_174708,paired_hierarchical,1,0,0,5d0e9ff5482e9c83,ompR->potE,shared_complete_observation_shared_scores,maximum,prefix,complete,0,500,0.6,0.9,biological_error,2151398048,921666314,2151398048,ompR,potE,False,identifiable,alpA|basR|btsR|glaR|glrR|nsrR|ptrR|rcdA,500,0.0029993995861617075,0.044080977776893286,0.11992481276003561,0.06804294590157563,-0.14909723344247666,5636,,,,[],0,,False,True,
csd-20260805_174708,paired_hierarchical,1,0,0,5d0e9ff5482e9c83,ompR->speF,shared_complete_observation_shared_scores,maximum,prefix,complete,0,500,0.6,0.9,biological_error,2151398048,921666314,2151398048,ompR,speF,False,identifiable,alpA|basR|btsR|glaR|glrR|nsrR|ptrR|rcdA,500,-0.06563201728345672,0.05048647006452421,0.1573101060338432,-1.2999921998819832,-0.4588385322571602,5636,,,,[],0,,False,True,
csd-20260805_174708,paired_hierarchical,1,0,0,5d0e9ff5482e9c83,ompR->speFL,shared_complete_observation_shared_scores,maximum,prefix,complete,0,500,0.6,0.9,biological_error,2151398048,921666314,2151398048,ompR,speFL,False,identifiable,alpA|basR|btsR|glaR|glrR|nsrR|ptrR|rcdA,500,0.0351380310073124,0.053465574861628215,0.17642295503000283,0.657208514043878,-0.28376364033414114,5636,,,,[],0,,False,True,
csd-20260805_174708,paired_hierarchical,1,0,0,5d0e9ff5482e9c83,ompR->tsgA,shared_complete_observation_shared_scores,maximum,prefix,complete,0,500,0.6,0.9,biological_error,2151398048,921666314,2151398048,ompR,tsgA,False,identifiable,alpA|basR|btsR|glaR|glrR|nsrR|ptrR|rcdA,500,-0.16489421785832856,0.036704909220984884,0.08314859579186212,-4.492429523951947,0.09316079008585741,5636,,,,[],0,,False,True,
csd-20260805_174708,paired_hierarchical,1,0,0,5d0e9ff5482e9c83,oxyR->grxA,shared_complete_observation_shared_scores,maximum,prefix,complete,0,500,0.6,0.9,biological_error,2151398048,921666314,2151398048,oxyR,grxA,False,identifiable,alpA|basR|btsR|glaR|glrR|nsrR|ptrR|rcdA,500,0.032756660984794884,0.06864434918859613,0.16081677963007535,0.47719384584444047,0.2760211134787213,5636,,,,[],0,,False,True,
csd-20260805_174708,paired_hierarchical,1,0,0,5d0e9ff5482e9c83,plaR->eda,shared_complete_observation_shared_scores,maximum,prefix,complete,0,500,0.6,0.9,biological_error,2151398048,921666314,2151398048,plaR,eda,False,identifiable,cra|crp|gntR|ihfA|ihfB|kdgR|phoB|rpoD,500,0.031137028671312007,0.051496747218572704,0.13297278798223663,0.604640688064317,-0.11871407776390255,5636,,,,[],0,,False,True,
csd-20260805_174708,paired_hierarchical,1,0,0,5d0e9ff5482e9c83,plaR->glpA,shared_complete_observation_shared_scores,maximum,prefix,complete,0,500,0.6,0.9,biological_error,2151398048,921666314,2151398048,plaR,glpA,False,identifiable,arcA|basR|crp|fis|flhC|flhD|fnr|glpR|ihfA|ihfB|rpoD,500,-0.009348216487273735,0.09825889282709818,0.49030206426096484,-0.09513863039066985,-0.19036315243128296,5636,,,,[],0,,False,True,
csd-20260805_174708,paired_hierarchical,1,0,0,5d0e9ff5482e9c83,plaR->glpT,shared_complete_observation_shared_scores,maximum,prefix,complete,0,500,0.6,0.9,biological_error,2151398048,921666314,2151398048,plaR,glpT,False,identifiable,crp|fis|fnr|glpR|ihfA|ihfB|rpoD,500,0.12303433515280023,0.12105282315017865,0.7480614265515669,1.0163689862909129,-0.10456011158255538,5636,,,,[],0,,False,True,
csd-20260805_174708,paired_hierarchical,1,0,0,5d0e9ff5482e9c83,plaR->lyxK,shared_complete_observation_shared_scores,maximum,prefix,complete,0,500,0.6,0.9,biological_error,2151398048,921666314,2151398048,plaR,lyxK,False,identifiable,crp|ihfA|ihfB|rpoD|rpoE,500,0.05479876644533199,0.07310127941669,0.274097810918759,0.7496280076436077,-0.16288378889405208,5636,,,,[],0,,False,True,
csd-20260805_174708,paired_hierarchical,1,0,0,5d0e9ff5482e9c83,plaR->sgbE,shared_complete_observation_shared_scores,maximum,prefix,complete,0,500,0.6,0.9,biological_error,2151398048,921666314,2151398048,plaR,sgbE,False,identifiable,crp|ihfA|ihfB|rpoD|rpoE,500,-0.016195999610960382,0.06815524724899223,0.23826168360601255,-0.23763393523893148,-0.3819145758983342,5636,,,,[],0,,False,True,
csd-20260805_174708,paired_hierarchical,1,0,0,5d0e9ff5482e9c83,plaR->sgbH,shared_complete_observation_shared_scores,maximum,prefix,complete,0,500,0.6,0.9,biological_error,2151398048,921666314,2151398048,plaR,sgbH,False,identifiable,crp|ihfA|ihfB|rpoD|rpoE,500,0.0678251663344044,0.0727936892565739,0.2717960067925103,0.9317451420183269,-0.1997116744640822,5636,,,,[],0,,False,True,
csd-20260805_174708,paired_hierarchical,1,0,0,5d0e9ff5482e9c83,plaR->sgbU,shared_complete_observation_shared_scores,maximum,prefix,complete,0,500,0.6,0.9,biological_error,2151398048,921666314,2151398048,plaR,sgbU,False,identifiable,crp|ihfA|ihfB|rpoD|rpoE,500,0.08759896658630292,0.08580281733269415,0.37762323399242687,1.0209334531131342,-0.14972810011205742,5636,,,,[],0,,False,True,
csd-20260805_174708,paired_hierarchical,1,0,0,5d0e9ff5482e9c83,plaR->ygjV,shared_complete_observation_shared_scores,maximum,prefix,complete,0,500,0.6,0.9,biological_error,2151398048,921666314,2151398048,plaR,ygjV,False,identifiable,crp|ihfA|ihfB|rpoD,500,0.05143135257769854,0.047285201284105786,0.1154086747316302,1.0876839091512216,-0.27108337644025454,5636,,,,[],0,,False,True,
csd-20260805_174708,paired_hierarchical,1,0,0,5d0e9ff5482e9c83,plaR->yiaK,shared_complete_observation_shared_scores,maximum,prefix,complete,0,500,0.6,0.9,biological_error,2151398048,921666314,2151398048,plaR,yiaK,False,identifiable,crp|ihfA|ihfB|rpoD|rpoE,500,-0.10544929417745477,0.0663034755455314,0.22549047390268842,-1.5904037203154073,-0.22349587945348914,5636,,,,[],0,,False,True,
csd-20260805_174708,paired_hierarchical,1,0,0,5d0e9ff5482e9c83,plaR->yiaL,shared_complete_observation_shared_scores,maximum,prefix,complete,0,500,0.6,0.9,biological_error,2151398048,921666314,2151398048,plaR,yiaL,False,identifiable,crp|ihfA|ihfB|rpoD|rpoE,500,0.018307821544009423,0.1042065492282636,0.5569877454643604,0.17568782077128653,-0.40251134930294297,5636,,,,[],0,,False,True,
csd-20260805_174708,paired_hierarchical,1,0,0,5d0e9ff5482e9c83,plaR->yiaM,shared_complete_observation_shared_scores,maximum,prefix,complete,0,500,0.6,0.9,biological_error,2151398048,921666314,2151398048,plaR,yiaM,False,identifiable,crp|ihfA|ihfB|rpoD|rpoE,500,0.08156538324299353,0.05585632241904881,0.16002958820568292,1.4602712765632615,-0.07884272112723187,5636,,,,[],0,,False,True,
csd-20260805_174708,paired_hierarchical,1,0,0,5d0e9ff5482e9c83,plaR->yiaN,shared_complete_observation_shared_scores,maximum,prefix,complete,0,500,0.6,0.9,biological_error,2151398048,921666314,2151398048,plaR,yiaN,False,identifiable,crp|ihfA|ihfB|rpoD|rpoE,500,0.25864591650206653,0.07634562603038887,0.2989674672593686,3.3878288770481,-0.21724036676566277,5636,,,,[],0,,False,True,
csd-20260805_174708,paired_hierarchical,1,0,0,5d0e9ff5482e9c83,plaR->yiaO,shared_complete_observation_shared_scores,maximum,prefix,complete,0,500,0.6,0.9,biological_error,2151398048,921666314,2151398048,plaR,yiaO,False,identifiable,crp|ihfA|ihfB|rpoD|rpoE,500,0.012455573165740304,0.08731260038970681,0.39102944054440336,0.14265493308121285,-0.06408954572136841,5636,,,,[],0,,False,True,
csd-20260805_174708,paired_hierarchical,1,0,0,5d0e9ff5482e9c83,rbsR->add,shared_complete_observation_shared_scores,maximum,prefix,complete,0,500,0.6,0.9,biological_error,2151398048,921666314,2151398048,rbsR,add,False,identifiable,crp|rpoD,500,0.12088633893402385,0.08596088315989428,0.4289341986868894,1.4062947528024505,0.3821903372022568,5636,,,,[],0,,False,True,
csd-20260805_174708,paired_hierarchical,1,0,0,5d0e9ff5482e9c83,rbsR->dcd,shared_complete_observation_shared_scores,maximum,prefix,complete,0,500,0.6,0.9,biological_error,2151398048,921666314,2151398048,rbsR,dcd,False,identifiable,crp|rpoD,500,0.01860705526021585,0.05254548671567923,0.16027278163199107,0.35411329161146826,0.2761045151813002,5636,,,,[],0,,False,True,
csd-20260805_174708,paired_hierarchical,1,0,0,5d0e9ff5482e9c83,rbsR->purD,shared_complete_observation_shared_scores,maximum,prefix,complete,0,500,0.6,0.9,biological_error,2151398048,921666314,2151398048,rbsR,purD,False,identifiable,crp|phoP|purR|rpoD,500,-0.010092812269286607,0.06436771096601805,0.23885023146020506,-0.1567993038406314,-0.1988931530219271,5636,,,,[],0,,False,True,
csd-20260805_174708,paired_hierarchical,1,0,0,5d0e9ff5482e9c83,rbsR->purH,shared_complete_observation_shared_scores,maximum,prefix,complete,0,500,0.6,0.9,biological_error,2151398048,921666314,2151398048,rbsR,purH,False,identifiable,crp|phoP|purR|rpoD,500,0.005909472256308505,0.04839413888780278,0.13501283894805585,0.12211132157985197,-0.24412951894505508,5636,,,,[],0,,False,True,
csd-20260805_174708,paired_hierarchical,1,0,0,5d0e9ff5482e9c83,rbsR->rbsA,shared_complete_observation_shared_scores,maximum,prefix,complete,0,500,0.6,0.9,biological_error,2151398048,921666314,2151398048,rbsR,rbsA,False,identifiable,crp|rpoD,500,0.027124972141862925,0.055400555198525415,0.17816285775775295,0.4896155290260503,-0.1845718901863739,5636,,,,[],0,,False,True,
csd-20260805_174708,paired_hierarchical,1,0,0,5d0e9ff5482e9c83,rbsR->rbsB,shared_complete_observation_shared_scores,maximum,prefix,complete,0,500,0.6,0.9,biological_error,2151398048,921666314,2151398048,rbsR,rbsB,False,identifiable,crp|rpoD,500,0.029352422785248074,0.052917946177945305,0.16255296541094302,0.5546780422381798,-0.307209766967215,5636,,,,[],0,,False,True,
csd-20260805_174708,paired_hierarchical,1,0,0,5d0e9ff5482e9c83,rbsR->rbsC,shared_complete_observation_shared_scores,maximum,prefix,complete,0,500,0.6,0.9,biological_error,2151398048,921666314,2151398048,rbsR,rbsC,False,identifiable,crp|rpoD,500,0.09128262433413353,0.0898878408244717,0.46901942839899285,1.0155169319550739,-0.17172984287502085,5636,,,,[],0,,False,True,
csd-20260805_174708,paired_hierarchical,1,0,0,5d0e9ff5482e9c83,rbsR->rbsD,shared_complete_observation_shared_scores,maximum,prefix,complete,0,500,0.6,0.9,biological_error,2151398048,921666314,2151398048,rbsR,rbsD,False,identifiable,crp|rpoD|yidZ,500,-0.007690513451737461,0.06848064447036822,0.27221863328298707,-0.11230200170013249,-0.4666867888343927,5636,,,,[],0,,False,True,
csd-20260805_174708,paired_hierarchical,1,0,0,5d0e9ff5482e9c83,rbsR->rbsK,shared_complete_observation_shared_scores,maximum,prefix,complete,0,500,0.6,0.9,biological_error,2151398048,921666314,2151398048,rbsR,rbsK,False,identifiable,crp|rpoD,500,0.007528706887851254,0.07705974966226407,0.3447022544120429,0.09769960220280911,-0.11640117948226268,5636,,,,[],0,,False,True,
csd-20260805_174708,paired_hierarchical,1,0,0,5d0e9ff5482e9c83,rbsR->udk,shared_complete_observation_shared_scores,maximum,prefix,complete,0,500,0.6,0.9,biological_error,2151398048,921666314,2151398048,rbsR,udk,False,identifiable,crp|rpoD,500,0.06542698312993286,0.0430420320560696,0.10754109874616473,1.520071892625865,0.4274220916267891,5636,,,,[],0,,False,True,
csd-20260805_174708,paired_hierarchical,1,0,0,5d0e9ff5482e9c83,rhaS->rhaA,shared_complete_observation_shared_scores,maximum,prefix,complete,0,500,0.6,0.9,biological_error,2151398048,921666314,2151398048,rhaS,rhaA,False,identifiable,crp|rpoD|rpoS,500,0.14677676435814824,0.028851120107809342,0.9671560111173508,5.087385301148814,0.25730552217467145,5636,,,,[],0,,False,True,
csd-20260805_174708,paired_hierarchical,1,0,0,5d0e9ff5482e9c83,rhaS->rhaB,shared_complete_observation_shared_scores,maximum,prefix,complete,0,500,0.6,0.9,biological_error,2151398048,921666314,2151398048,rhaS,rhaB,False,identifiable,crp|rpoD|rpoS,500,0.022377532503495615,0.01957170237822587,0.44507006373547026,1.1433615773961143,0.18717018362430127,5636,,,,[],0,,False,True,
csd-20260805_174708,paired_hierarchical,1,0,0,5d0e9ff5482e9c83,rhaS->rhaD,shared_complete_observation_shared_scores,maximum,prefix,complete,0,500,0.6,0.9,biological_error,2151398048,921666314,2151398048,rhaS,rhaD,False,identifiable,crp|rpoD|rpoN|rpoS,500,0.14478597479894156,0.03409784840616364,1.3507238609844179,4.246190934814807,0.26197601600653914,5636,,,,[],0,,False,True,
csd-20260805_174708,paired_hierarchical,1,0,0,5d0e9ff5482e9c83,rhaS->rhaT,shared_complete_observation_shared_scores,maximum,prefix,complete,0,500,0.6,0.9,biological_error,2151398048,921666314,2151398048,rhaS,rhaT,False,identifiable,arcA|crp|rpoD|rpoS,500,-0.026734575916368096,0.015758078683495314,0.28689621902744583,-1.6965631694915535,-0.2924713032208601,5636,,,,[],0,,False,True,
csd-20260805_174708,paired_hierarchical,1,0,0,5d0e9ff5482e9c83,rplM->rpsI,shared_complete_observation_shared_scores,maximum,prefix,complete,0,500,0.6,0.9,biological_error,2151398048,921666314,2151398048,rplM,rpsI,False,identifiable,crp|dksA|fis|fnr|srmB,500,-0.005037669266111048,0.05362834837343041,0.12604822160418394,-0.0939366849605778,-0.23097385412295954,5636,,,,[],0,,False,True,
csd-20260805_174708,paired_hierarchical,1,0,0,5d0e9ff5482e9c83,spf->araF,shared_complete_observation_shared_scores,maximum,prefix,complete,0,500,0.6,0.9,biological_error,2151398048,921666314,2151398048,spf,araF,False,identifiable,araC|crp|nac|rpoD|rpoS,500,-0.04512866370126066,0.04827306772117689,0.28856290031412457,-0.9348621463612345,-0.14173305851710857,5636,,,,[],0,,False,True,
csd-20260805_174708,paired_hierarchical,1,0,0,5d0e9ff5482e9c83,spf->ascF,shared_complete_observation_shared_scores,maximum,prefix,complete,0,500,0.6,0.9,biological_error,2151398048,921666314,2151398048,spf,ascF,False,identifiable,ascG|cpxR|crp|hns|nac|rpoD,500,-0.04458436298879147,0.03466182696719859,0.14822496937456506,-1.2862669654136476,-0.1648310774894811,5636,,,,[],0,,False,True,
csd-20260805_174708,paired_hierarchical,1,0,0,5d0e9ff5482e9c83,spf->atoD,shared_complete_observation_shared_scores,maximum,prefix,complete,0,500,0.6,0.9,biological_error,2151398048,921666314,2151398048,spf,atoD,False,identifiable,atoC|crp|ihfA|ihfB|nac|rpoD|rpoN,500,0.0017878009279077532,0.03459523536651716,0.14748173908794307,0.05167766338245723,-0.1477803921225942,5636,,,,[],0,,False,True,
csd-20260805_174708,paired_hierarchical,1,0,0,5d0e9ff5482e9c83,spf->caiA,shared_complete_observation_shared_scores,maximum,prefix,complete,0,500,0.6,0.9,biological_error,2151398048,921666314,2151398048,spf,caiA,False,identifiable,arcA|caiF|crp|fnr|hns|nac|rpoD,500,-0.04268032688993354,0.04512743110323822,0.2470098995144132,-0.9457734651966688,-0.1301421656948836,5636,,,,[],0,,False,True,
csd-20260805_174708,paired_hierarchical,1,0,0,5d0e9ff5482e9c83,spf->dppB,shared_complete_observation_shared_scores,maximum,prefix,complete,0,500,0.6,0.9,biological_error,2151398048,921666314,2151398048,spf,dppB,False,identifiable,crp|fnr|fur|ihfA|ihfB|nac|rpoD,500,0.014306771757920323,0.0528405053324196,0.33734656365793747,0.27075387844829313,0.7878946405588613,5636,,,,[],0,,False,True,
csd-20260805_174708,paired_hierarchical,1,0,0,5d0e9ff5482e9c83,spf->ebgC,shared_complete_observation_shared_scores,maximum,prefix,complete,0,500,0.6,0.9,biological_error,2151398048,921666314,2151398048,spf,ebgC,False,identifiable,crp|ebgR|nac|rpoD,500,-0.006612290395206803,0.05823467840475771,0.4193685319624045,-0.11354558102387642,-0.2084035541037476,5636,,,,[],0,,False,True,
csd-20260805_174708,paired_hierarchical,1,0,0,5d0e9ff5482e9c83,spf->fucI,shared_complete_observation_shared_scores,maximum,prefix,complete,0,500,0.6,0.9,biological_error,2151398048,921666314,2151398048,spf,fucI,False,identifiable,crp|fucR|nac|rpoD|srsR,500,-0.14993247001059543,0.11033304726487522,1.4992251749413663,-1.3589080853595419,-0.11767538104685471,5636,,,,[],0,,False,True,
csd-20260805_174708,paired_hierarchical,1,0,0,5d0e9ff5482e9c83,spf->fucK,shared_complete_observation_shared_scores,maximum,prefix,complete,0,500,0.6,0.9,biological_error,2151398048,921666314,2151398048,spf,fucK,False,identifiable,crp|fucR|nac|rpoD|srsR,500,0.03380157921383284,0.09736249977731855,1.1674521032300933,0.3471724667211884,-0.17024581831020577,5636,,,,[],0,,False,True,
csd-20260805_174708,paired_hierarchical,1,0,0,5d0e9ff5482e9c83,spf->fucP,shared_complete_observation_shared_scores,maximum,prefix,complete,0,500,0.6,0.9,biological_error,2151398048,921666314,2151398048,spf,fucP,False,identifiable,crp|fucR|nac|rpoD|srsR,500,-0.04221607270768099,0.03814215134981776,0.17917029569775372,-1.106808903370436,-0.19111454703787073,5636,,,,[],0,,False,True,
csd-20260805_174708,paired_hierarchical,1,0,0,5d0e9ff5482e9c83,spf->galK,shared_complete_observation_shared_scores,maximum,prefix,complete,0,500,0.6,0.9,biological_error,2151398048,921666314,2151398048,spf,galK,False,identifiable,crp|galR|galS|hns|hupA|hupB|nac|rpoD|rpoS,500,-0.00031507078149007597,0.04309512999221991,0.22830139330433927,-0.007311053048150837,-0.08853074582620364,5636,,,,[],0,,False,True,
csd-20260805_174708,paired_hierarchical,1,0,0,5d0e9ff5482e9c83,spf->gdhA,shared_complete_observation_shared_scores,maximum,prefix,complete,0,500,0.6,0.9,biological_error,2151398048,921666314,2151398048,spf,gdhA,False,identifiable,argP|crp|fnr|fur|glaR|lrp|nac|rpoD,500,0.027887068168261208,0.042138274480411346,0.21323508932005628,0.6617990060609852,-0.19302615176458376,5636,,,,[],0,,False,True,
csd-20260805_174708,paired_hierarchical,1,0,0,5d0e9ff5482e9c83,spf->glpF,shared_complete_observation_shared_scores,maximum,prefix,complete,0,500,0.6,0.9,biological_error,2151398048,921666314,2151398048,spf,glpF,False,identifiable,crp|fur|glpR|nac|rpoD,500,-0.029741616850740584,0.03728423193853689,0.17222112485708382,-0.7976995985801634,-0.21197532988689238,5636,,,,[],0,,False,True,
csd-20260805_174708,paired_hierarchical,1,0,0,5d0e9ff5482e9c83,spf->gltA,shared_complete_observation_shared_scores,maximum,prefix,complete,0,500,0.6,0.9,biological_error,2151398048,921666314,2151398048,spf,gltA,False,identifiable,arcA|crp|ihfA|ihfB|nac|rpoD,500,-0.07595270608897411,0.06237037833996044,0.48002855985182763,-1.2177688850143071,-0.1648294914731085,5636,,,,[],0,,False,True,
csd-20260805_174708,paired_hierarchical,1,0,0,5d0e9ff5482e9c83,spf->gss,shared_complete_observation_shared_scores,maximum,prefix,complete,0,500,0.6,0.9,biological_error,2151398048,921666314,2151398048,spf,gss,False,identifiable,crp|nac|rpoD,500,-0.0034869160398223395,0.041816432653829734,0.21672726414180468,-0.08338626273283961,0.09381300282381777,5636,,,,[],0,,False,True,
csd-20260805_174708,paired_hierarchical,1,0,0,5d0e9ff5482e9c83,spf->lldP,shared_complete_observation_shared_scores,maximum,prefix,complete,0,500,0.6,0.9,biological_error,2151398048,921666314,2151398048,spf,lldP,False,identifiable,arcA|crp|lldR|nac|pdhR|rpoD,500,0.008776006787611321,0.05549051194283812,0.3810098880755406,0.15815328567614695,-0.2872221523872236,5636,,,,[],0,,False,True,
csd-20260805_174708,paired_hierarchical,1,0,0,5d0e9ff5482e9c83,spf->maeA,shared_complete_observation_shared_scores,maximum,prefix,complete,0,500,0.6,0.9,biological_error,2151398048,921666314,2151398048,spf,maeA,False,identifiable,crp|nac|rpoD,500,-0.02513822210184625,0.027799096975745594,0.095781352374209,-0.9042819672804145,-0.1976402404821731,5636,,,,[],0,,False,True,
csd-20260805_174708,paired_hierarchical,1,0,0,5d0e9ff5482e9c83,spf->nanC,shared_complete_observation_shared_scores,maximum,prefix,complete,0,500,0.6,0.9,biological_error,2151398048,921666314,2151398048,spf,nanC,False,identifiable,crp|nac|nagC|nanR|rpoD,500,-0.03726981558572159,0.04620819117184208,0.2627379503839457,-0.806562962984639,-0.11186493638076613,5636,,,,[],0,,False,True,
csd-20260805_174708,paired_hierarchical,1,0,0,5d0e9ff5482e9c83,spf->nanT,shared_complete_observation_shared_scores,maximum,prefix,complete,0,500,0.6,0.9,biological_error,2151398048,921666314,2151398048,spf,nanT,False,identifiable,crp|fis|nac|nanR|rpoD,500,-0.18740431316106976,0.04691137221525321,0.2708246974118513,-3.9948589075835077,-0.30110518040267165,5636,,,,[],0,,False,True,
csd-20260805_174708,paired_hierarchical,1,0,0,5d0e9ff5482e9c83,spf->paaK,shared_complete_observation_shared_scores,maximum,prefix,complete,0,500,0.6,0.9,biological_error,2151398048,921666314,2151398048,spf,paaK,False,identifiable,crp|fur|ihfA|ihfB|nac|paaX|rpoD|slyA|srsR,500,0.04487158312069163,0.08868782236586148,0.9641964089613215,0.5059497676646529,-0.1900374494599507,5636,,,,[],0,,False,True,
csd-20260805_174708,paired_hierarchical,1,0,0,5d0e9ff5482e9c83,spf->puuE,shared_complete_observation_shared_scores,maximum,prefix,complete,0,500,0.6,0.9,biological_error,2151398048,921666314,2151398048,spf,puuE,False,identifiable,arcA|crp|nac|ptrR|puuR|rpoD|rpoS,500,-0.09742358497756388,0.05209839517585454,0.33398503353444003,-1.8699920534733805,-0.256717888260968,5636,,,,[],0,,False,True,
csd-20260805_174708,paired_hierarchical,1,0,0,5d0e9ff5482e9c83,spf->sdhC,shared_complete_observation_shared_scores,maximum,prefix,complete,0,500,0.6,0.9,biological_error,2151398048,921666314,2151398048,spf,sdhC,False,identifiable,arcA|cpxR|crp|fnr|fur|nac|rpoD,500,-0.014734218787620329,0.05686447667868059,0.3905575487344198,-0.25911112962276545,-0.4770524433237829,5636,,,,[],0,,False,True,
csd-20260805_174708,paired_hierarchical,1,0,0,5d0e9ff5482e9c83,spf->srlA,shared_complete_observation_shared_scores,maximum,prefix,complete,0,500,0.6,0.9,biological_error,2151398048,921666314,2151398048,spf,srlA,False,identifiable,crp|gutM|hns|nac|rpoD|srlR,500,0.03503607276803299,0.05501246999732004,0.37468138620239133,0.6368751079480669,-0.2716298542822723,5636,,,,[],0,,False,True,
csd-20260805_174708,paired_hierarchical,1,0,0,5d0e9ff5482e9c83,spf->sthA,shared_complete_observation_shared_scores,maximum,prefix,complete,0,500,0.6,0.9,biological_error,2151398048,921666314,2151398048,spf,sthA,False,identifiable,arcA|crp|lrp|nac|rpoD,500,-0.06395692317550822,0.03933906079875761,0.19170178162446316,-1.625786734022081,-0.4073155555522237,5636,,,,[],0,,False,True,
csd-20260805_174708,paired_hierarchical,1,0,0,5d0e9ff5482e9c83,spf->sucC,shared_complete_observation_shared_scores,maximum,prefix,complete,0,500,0.6,0.9,biological_error,2151398048,921666314,2151398048,spf,sucC,False,identifiable,arcA|crp|fnr|fur|ihfA|ihfB|nac|rpoD|rpoS,500,-0.0032587120124796714,0.054507671968466044,0.3583666254636894,-0.0597844650999755,-0.24790867500964855,5636,,,,[],0,,False,True,
csd-20260805_174708,paired_hierarchical,1,0,0,5d0e9ff5482e9c83,spf->xylF,shared_complete_observation_shared_scores,maximum,prefix,complete,0,500,0.6,0.9,biological_error,2151398048,921666314,2151398048,spf,xylF,False,identifiable,crp|fis|nac|rpoD|xylR,500,-0.029234443812950855,0.05216518725154364,0.33726017180093504,-0.5604205669190954,-0.18344904848526125,5636,,,,[],0,,False,True,
csd-20260805_174708,paired_hierarchical,1,0,0,5d0e9ff5482e9c83,spf->yjiA,shared_complete_observation_shared_scores,maximum,prefix,complete,0,500,0.6,0.9,biological_error,2151398048,921666314,2151398048,spf,yjiA,False,identifiable,crp|nac|rpoD,500,-0.024894203560096955,0.03505738276456094,0.15232758905203306,-0.7100987465973126,-0.16533485715384427,5636,,,,[],0,,False,True,
csd-20260805_174708,paired_hierarchical,1,0,0,5d0e9ff5482e9c83,spf->ytfJ,shared_complete_observation_shared_scores,maximum,prefix,complete,0,500,0.6,0.9,biological_error,2151398048,921666314,2151398048,spf,ytfJ,False,identifiable,crp|lrp|nac|rpoD|rpoE,500,0.013266384267450703,0.03456891071695267,0.14648565195853824,0.38376633779625685,-0.22101159284619692,5636,,,,[],0,,False,True,
csd-20260805_174708,paired_hierarchical,1,0,0,5d0e9ff5482e9c83,tdcA->tdcB,shared_complete_observation_shared_scores,maximum,prefix,complete,0,500,0.6,0.9,biological_error,2151398048,921666314,2151398048,tdcA,tdcB,False,identifiable,crp|fnr|ihfA|ihfB|nac|tdcR,500,0.07382307433282047,0.03141884742173899,0.1691285599437431,2.3496429815481266,0.4461293691365776,5636,,,,[],0,,False,True,
csd-20260805_174708,paired_hierarchical,1,0,0,5d0e9ff5482e9c83,tdcA->tdcC,shared_complete_observation_shared_scores,maximum,prefix,complete,0,500,0.6,0.9,biological_error,2151398048,921666314,2151398048,tdcA,tdcC,False,identifiable,crp|fnr|ihfA|ihfB|nac|tdcR,500,0.03336904598380942,0.03557537304158435,0.21683799263793704,0.9379816184865881,0.1704945681254768,5636,,,,[],0,,False,True,
csd-20260805_174708,paired_hierarchical,1,0,0,5d0e9ff5482e9c83,tdcA->tdcD,shared_complete_observation_shared_scores,maximum,prefix,complete,0,500,0.6,0.9,biological_error,2151398048,921666314,2151398048,tdcA,tdcD,False,identifiable,crp|fnr|ihfA|ihfB|nac|tdcR,500,-0.014287729466821785,0.02540707905150325,0.11059765795647761,-0.5623523049563791,0.1862802483624634,5636,,,,[],0,,False,True,
csd-20260805_174708,paired_hierarchical,1,0,0,5d0e9ff5482e9c83,tdcA->tdcE,shared_complete_observation_shared_scores,maximum,prefix,complete,0,500,0.6,0.9,biological_error,2151398048,921666314,2151398048,tdcA,tdcE,False,identifiable,crp|fnr|ihfA|ihfB|nac|tdcR,500,0.08999096857395898,0.031204467435803872,0.16682840684750894,2.8839129768548375,0.1747277379439599,5636,,,,[],0,,False,True,
csd-20260805_174708,paired_hierarchical,1,0,0,5d0e9ff5482e9c83,tdcA->tdcF,shared_complete_observation_shared_scores,maximum,prefix,complete,0,500,0.6,0.9,biological_error,2151398048,921666314,2151398048,tdcA,tdcF,False,identifiable,crp|fnr|ihfA|ihfB|nac|tdcR,500,0.1832056693000766,0.05891996944689311,0.594787014791191,3.1093985794613674,0.39863579511281494,5636,,,,[],0,,False,True,
csd-20260805_174708,paired_hierarchical,1,0,0,5d0e9ff5482e9c83,tdcA->tdcG,shared_complete_observation_shared_scores,maximum,prefix,complete,0,500,0.6,0.9,biological_error,2151398048,921666314,2151398048,tdcA,tdcG,False,identifiable,crp|fnr|ihfA|ihfB|nac|tdcR,500,0.04032068308043304,0.03430684741860487,0.20164992954603667,1.1752954909685704,0.12391789012303661,5636,,,,[],0,,False,True,
csd-20260805_174708,paired_hierarchical,1,0,0,5d0e9ff5482e9c83,uxuR->fliC,shared_complete_observation_shared_scores,maximum,prefix,complete,0,500,0.6,0.9,biological_error,2151398048,921666314,2151398048,uxuR,fliC,False,identifiable,crp|fliA|gadE|hns|matA|nac|rpoD|zraR,500,0.10729495869870759,0.11227453962512653,0.7878818521312799,0.9556481732809124,-0.19975753500648757,5636,,,,[],0,,False,True,
csd-20260805_174708,paired_hierarchical,1,0,0,5d0e9ff5482e9c83,uxuR->gntP,shared_complete_observation_shared_scores,maximum,prefix,complete,0,500,0.6,0.9,biological_error,2151398048,921666314,2151398048,uxuR,gntP,False,identifiable,crp|oxyR|rpoD|zraR,500,0.004448604401314572,0.041189631822529355,0.1068849159871173,0.10800301445960811,-0.3581411450247097,5636,,,,[],0,,False,True,
csd-20260805_174708,paired_hierarchical,1,0,0,5d0e9ff5482e9c83,uxuR->uidA,shared_complete_observation_shared_scores,maximum,prefix,complete,0,500,0.6,0.9,biological_error,2151398048,921666314,2151398048,uxuR,uidA,False,identifiable,crp|rpoD|uidR|zraR,500,0.0017080088529708875,0.059092116064718966,0.22068266467238,0.028904174815811964,-0.16505861652642467,5636,,,,[],0,,False,True,
csd-20260805_174708,paired_hierarchical,1,0,0,5d0e9ff5482e9c83,uxuR->uidB,shared_complete_observation_shared_scores,maximum,prefix,complete,0,500,0.6,0.9,biological_error,2151398048,921666314,2151398048,uxuR,uidB,False,identifiable,crp|rpoD|uidR|zraR,500,0.007758601111372968,0.03889547534742196,0.09561087699996744,0.19947310174439653,-0.2402749678192665,5636,,,,[],0,,False,True,
csd-20260805_174708,paired_hierarchical,1,0,0,5d0e9ff5482e9c83,uxuR->uidC,shared_complete_observation_shared_scores,maximum,prefix,complete,0,500,0.6,0.9,biological_error,2151398048,921666314,2151398048,uxuR,uidC,False,identifiable,crp|rpoD|uidR|zraR,500,0.017129507594214805,0.039251922026387484,0.09737130483375944,0.43639920569238183,-0.11086965392836315,5636,,,,[],0,,False,True,
csd-20260805_174708,paired_hierarchical,1,0,0,5d0e9ff5482e9c83,zraR->sspA,shared_complete_observation_shared_scores,maximum,prefix,complete,0,500,0.6,0.9,biological_error,2151398048,921666314,2151398048,zraR,sspA,False,identifiable,alpA|basR|btsR|glaR|glrR|nsrR|ptrR|rcdA,500,-0.002654501106627187,0.02459475805408905,0.11609110068660718,-0.10792954745842104,0.10160018671541124,5636,,,,[],0,,False,True,
csd-20260805_174708,paired_hierarchical,1,0,0,5d0e9ff5482e9c83,zraR->yjjY,shared_complete_observation_shared_scores,maximum,prefix,complete,0,500,0.6,0.9,biological_error,2151398048,921666314,2151398048,zraR,yjjY,False,identifiable,alpA|basR|btsR|glaR|glrR|nsrR|ptrR|rcdA,500,0.040290236062098875,0.028392828413034886,0.15471454175153804,1.419028617930928,0.40984165327841726,5636,,,,[],0,,False,True,
csd-20260805_174708,paired_hierarchical,1,0,0,5d0e9ff5482e9c83,zraR->yrdD,shared_complete_observation_shared_scores,maximum,prefix,complete,0,500,0.6,0.9,biological_error,2151398048,921666314,2151398048,zraR,yrdD,False,identifiable,alpA|basR|btsR|glaR|glrR|nsrR|ptrR|rcdA,500,0.004223448128037495,0.026739953516232776,0.13722559278772903,0.15794523073772757,0.2638471886804952,5636,,,,[],0,,False,True,
csd-20260805_174708,paired_hierarchical,1,0,0,5d0e9ff5482e9c83,fliA->flgK,shared_complete_observation_shared_scores,maximum,prefix,complete,0,500,0.6,0.9,biological_error,2151398048,921666314,2151398048,fliA,flgK,False,identifiable,alpA|basR|btsR|glaR|glrR|nsrR|ptrR|rcdA,500,0.0007906553650336764,0.014638153693111255,0.12921781394105386,0.054013325833965,0.17020118440427076,5636,,,,[],0,,False,True,
csd-20260805_174708,paired_hierarchical,1,0,0,5d0e9ff5482e9c83,fliA->flgL,shared_complete_observation_shared_scores,maximum,prefix,complete,0,500,0.6,0.9,biological_error,2151398048,921666314,2151398048,fliA,flgL,False,identifiable,alpA|basR|btsR|glaR|glrR|nsrR|ptrR|rcdA,500,0.15165295757277575,0.030231593254871163,0.551152593968317,5.016373311662632,0.6023209177928293,5636,,,,[],0,,False,True,
csd-20260805_174708,paired_hierarchical,1,0,0,5d0e9ff5482e9c83,fliA->ispE,shared_complete_observation_shared_scores,maximum,prefix,complete,0,500,0.6,0.9,biological_error,2151398048,921666314,2151398048,fliA,ispE,False,identifiable,alpA|basR|btsR|glaR|glrR|nsrR|ptrR|rcdA,500,0.0020855724975419945,0.0336080481259421,0.6811399685592581,0.06205574598460951,0.7690892207721678,5636,,,,[],0,,False,True,
csd-20260805_174708,paired_hierarchical,1,0,0,5d0e9ff5482e9c83,fliA->lolB,shared_complete_observation_shared_scores,maximum,prefix,complete,0,500,0.6,0.9,biological_error,2151398048,921666314,2151398048,fliA,lolB,False,identifiable,alpA|basR|btsR|glaR|glrR|nsrR|ptrR|rcdA,500,0.004785042609771436,0.01936366808204431,0.2261127455748009,0.24711447177761467,0.2095188076736379,5636,,,,[],0,,False,True,
csd-20260805_174708,paired_hierarchical,1,0,0,5d0e9ff5482e9c83,fliA->rdcB,shared_complete_observation_shared_scores,maximum,prefix,complete,0,500,0.6,0.9,biological_error,2151398048,921666314,2151398048,fliA,rdcB,False,identifiable,alpA|basR|btsR|glaR|glrR|nsrR|ptrR|rcdA,500,0.20749515292169662,0.04833972761081658,1.4091531047622152,4.292435294469205,0.8116854698078413,5636,,,,[],0,,False,True,
csd-20260805_174708,paired_hierarchical,1,0,0,5d0e9ff5482e9c83,fliA->ves,shared_complete_observation_shared_scores,maximum,prefix,complete,0,500,0.6,0.9,biological_error,2151398048,921666314,2151398048,fliA,ves,False,identifiable,alpA|basR|btsR|glaR|glrR|nsrR|ptrR|rcdA,500,0.01801093091381305,0.014784686457918054,0.13181778863230784,1.2182152773464572,0.1723794769348005,5636,,,,[],0,,False,True,
csd-20260805_174708,paired_hierarchical,1,0,0,5d0e9ff5482e9c83,fliA->yafW,shared_complete_observation_shared_scores,maximum,prefix,complete,0,500,0.6,0.9,biological_error,2151398048,921666314,2151398048,fliA,yafW,False,identifiable,alpA|basR|btsR|glaR|glrR|nsrR|ptrR|rcdA,500,0.00312886500212662,0.020198495951675166,0.24602987577443847,0.15490584098996374,0.22666721775040705,5636,,,,[],0,,False,True,
csd-20260805_174708,paired_hierarchical,1,0,0,5d0e9ff5482e9c83,fliA->yafX,shared_complete_observation_shared_scores,maximum,prefix,complete,0,500,0.6,0.9,biological_error,2151398048,921666314,2151398048,fliA,yafX,False,identifiable,alpA|basR|btsR|glaR|glrR|nsrR|ptrR|rcdA,500,0.063703478371641,0.026115117505254585,0.4112763652356167,2.4393333998525306,0.23276826956538987,5636,,,,[],0,,False,True,
csd-20260805_174708,paired_hierarchical,1,0,0,5d0e9ff5482e9c83,fliA->yjcS,shared_complete_observation_shared_scores,maximum,prefix,complete,0,500,0.6,0.9,biological_error,2151398048,921666314,2151398048,fliA,yjcS,False,identifiable,alpA|basR|btsR|glaR|glrR|nsrR|ptrR|rcdA,500,0.0007857702471158849,0.014819459744658285,0.13243858342621692,0.05302286727416753,0.13695959803382285,5636,,,,[],0,,False,True,
csd-20260805_174708,paired_hierarchical,1,0,0,5d0e9ff5482e9c83,fliA->ykfB,shared_complete_observation_shared_scores,maximum,prefix,complete,0,500,0.6,0.9,biological_error,2151398048,921666314,2151398048,fliA,ykfB,False,identifiable,alpA|basR|btsR|glaR|glrR|nsrR|ptrR|rcdA,500,0.023257714241132738,0.0242885135578651,0.35575552883606076,0.9575602140379411,0.5989399714566107,5636,,,,[],0,,False,True,
csd-20260805_174708,paired_hierarchical,1,0,0,5d0e9ff5482e9c83,fliA->ykfF,shared_complete_observation_shared_scores,maximum,prefix,complete,0,500,0.6,0.9,biological_error,2151398048,921666314,2151398048,fliA,ykfF,False,identifiable,alpA|basR|btsR|glaR|glrR|nsrR|ptrR|rcdA,500,0.03642279855490234,0.015499612426893603,0.1448743369569913,2.3499167302857593,0.209093162725478,5636,,,,[],0,,False,True,
csd-20260805_174708,paired_hierarchical,1,0,0,5d0e9ff5482e9c83,fliA->ykfG,shared_complete_observation_shared_scores,maximum,prefix,complete,0,500,0.6,0.9,biological_error,2151398048,921666314,2151398048,fliA,ykfG,False,identifiable,alpA|basR|btsR|glaR|glrR|nsrR|ptrR|rcdA,500,0.011774845226235234,0.029426680969575004,0.5221945631338091,0.40014180458916,0.2946672470898645,5636,,,,[],0,,False,True,
csd-20260805_174708,paired_hierarchical,1,0,0,5d0e9ff5482e9c83,fliA->ykfH,shared_complete_observation_shared_scores,maximum,prefix,complete,0,500,0.6,0.9,biological_error,2151398048,921666314,2151398048,fliA,ykfH,False,identifiable,alpA|basR|btsR|glaR|glrR|nsrR|ptrR|rcdA,500,0.008942897784643132,0.014220927866890271,0.12195669630037632,0.6288547321489719,0.15841077016109525,5636,,,,[],0,,False,True,
csd-20260805_174708,paired_hierarchical,1,0,0,5d0e9ff5482e9c83,fliA->ykfI,shared_complete_observation_shared_scores,maximum,prefix,complete,0,500,0.6,0.9,biological_error,2151398048,921666314,2151398048,fliA,ykfI,False,identifiable,alpA|basR|btsR|glaR|glrR|nsrR|ptrR|rcdA,500,0.10411956193266145,0.01793541312221193,0.19398696720812555,5.805250273477985,0.2903229069943335,5636,,,,[],0,,False,True,
csd-20260805_174708,paired_hierarchical,1,0,0,5d0e9ff5482e9c83,hns->ascG,shared_complete_observation_shared_scores,maximum,prefix,complete,0,500,0.6,0.9,biological_error,2151398048,921666314,2151398048,hns,ascG,False,identifiable,alpA|basR|btsR|glaR|glrR|nsrR|ptrR|rcdA,500,0.005743444313927606,0.020237176767431655,0.13612389882635623,0.2838065991087609,-0.15852033661625184,5636,,,,[],0,,False,True,
csd-20260805_174708,paired_hierarchical,1,0,0,5d0e9ff5482e9c83,hns->dosC,shared_complete_observation_shared_scores,maximum,prefix,complete,0,500,0.6,0.9,biological_error,2151398048,921666314,2151398048,hns,dosC,False,identifiable,alpA|basR|btsR|glaR|glrR|nsrR|ptrR|rcdA,500,-0.012872219842203662,0.02124710190535023,0.15004928521819624,-0.6058341462071263,-0.317867474680063,5636,,,,[],0,,False,True,
csd-20260805_174708,paired_hierarchical,1,0,0,5d0e9ff5482e9c83,hns->glvC,shared_complete_observation_shared_scores,maximum,prefix,complete,0,500,0.6,0.9,biological_error,2151398048,921666314,2151398048,hns,glvC,False,identifiable,alpA|basR|btsR|glaR|glrR|nsrR|ptrR|rcdA,500,-0.04498565441264801,0.02227411922583216,0.16490567788340268,-2.0196378566779156,-0.1875366589241696,5636,,,,[],0,,False,True,
csd-20260805_174708,paired_hierarchical,1,0,0,5d0e9ff5482e9c83,hns->pdeG,shared_complete_observation_shared_scores,maximum,prefix,complete,0,500,0.6,0.9,biological_error,2151398048,921666314,2151398048,hns,pdeG,False,identifiable,alpA|basR|btsR|glaR|glrR|nsrR|ptrR|rcdA,500,-0.012957645204797816,0.029602876290211234,0.2912744224040834,-0.4377157502456109,-0.28945529814137366,5636,,,,[],0,,False,True,
csd-20260805_174708,paired_hierarchical,1,0,0,5d0e9ff5482e9c83,hns->ttdR,shared_complete_observation_shared_scores,maximum,prefix,complete,0,500,0.6,0.9,biological_error,2151398048,921666314,2151398048,hns,ttdR,False,identifiable,alpA|basR|btsR|glaR|glrR|nsrR|ptrR|rcdA,500,-0.03070291486984409,0.04095291243557566,0.5574476831217249,-0.749712610016292,-0.5754687621875907,5636,,,,[],0,,False,True,
csd-20260805_174708,paired_hierarchical,1,0,0,5d0e9ff5482e9c83,hns->ydcC,shared_complete_observation_shared_scores,maximum,prefix,complete,0,500,0.6,0.9,biological_error,2151398048,921666314,2151398048,hns,ydcC,False,identifiable,alpA|basR|btsR|glaR|glrR|nsrR|ptrR|rcdA,500,-0.10622541422236573,0.027050093556652815,0.24320476087008466,-3.9269887921049427,-0.43037861816671613,5636,,,,[],0,,False,True,
csd-20260805_174708,paired_hierarchical,1,0,0,5d0e9ff5482e9c83,hns->yjjP,shared_complete_observation_shared_scores,maximum,prefix,complete,0,500,0.6,0.9,biological_error,2151398048,921666314,2151398048,hns,yjjP,False,identifiable,alpA|basR|btsR|glaR|glrR|nsrR|ptrR|rcdA,500,0.023252927382465215,0.024801214478860727,0.20444685086814998,0.937572125844273,-0.2219182990119893,5636,,,,[],0,,False,True,
csd-20260805_174708,paired_hierarchical,1,0,0,5d0e9ff5482e9c83,csrA->dgcI,shared_complete_observation_shared_scores,maximum,prefix,complete,0,500,0.6,0.9,biological_error,2151398048,921666314,2151398048,csrA,dgcI,False,identifiable,alpA|basR|btsR|glaR|glrR|nsrR|ptrR|rcdA,500,-0.07774244372848049,0.02297593977132925,0.23853038623672243,-3.3836458705159105,-0.1363866817488462,5636,,,,[],0,,False,True,
csd-20260805_174708,paired_hierarchical,1,0,0,5d0e9ff5482e9c83,nhaR->alaT,shared_complete_observation_shared_scores,maximum,prefix,complete,0,500,0.6,0.9,biological_error,2151398048,921666314,2151398048,nhaR,alaT,False,identifiable,csrA|dksA|fis|hns|lrp|rpoD|rpoH|rpoS|ydeO,500,-0.023047631486565502,0.0329990231113108,0.24137887181996923,-0.698433750866572,0.14261316290846937,5636,,,,[],0,,False,True,
csd-20260805_174708,paired_hierarchical,1,0,0,5d0e9ff5482e9c83,nhaR->alaU,shared_complete_observation_shared_scores,maximum,prefix,complete,0,500,0.6,0.9,biological_error,2151398048,921666314,2151398048,nhaR,alaU,False,identifiable,csrA|dksA|fis|hns|lrp|rpoD|rpoH|rpoS|ydeO,500,-0.021119966690471396,0.042421307251145915,0.3989010518015237,-0.49786223148276243,-0.2666373659167749,5636,,,,[],0,,False,True,
csd-20260805_174708,paired_hierarchical,1,0,0,5d0e9ff5482e9c83,nhaR->alaV,shared_complete_observation_shared_scores,maximum,prefix,complete,0,500,0.6,0.9,biological_error,2151398048,921666314,2151398048,nhaR,alaV,False,identifiable,csrA|dksA|fis|hns|lrp|rpoD|rpoH|rpoS|ydeO,500,0.01323446229442305,0.03823831909372995,0.32411167280158587,0.34610470878656235,0.18219545736820456,5636,,,,[],0,,False,True,
csd-20260805_174708,paired_hierarchical,1,0,0,5d0e9ff5482e9c83,nhaR->gltT,shared_complete_observation_shared_scores,maximum,prefix,complete,0,500,0.6,0.9,biological_error,2151398048,921666314,2151398048,nhaR,gltT,False,identifiable,csrA|dksA|fis|hns|lrp|rpoD|rpoH|rpoS|ydeO,500,-0.02394667606713809,0.03935351931764439,0.3432924400844774,-0.6085015135203283,0.12758281483398157,5636,,,,[],0,,False,True,
csd-20260805_174708,paired_hierarchical,1,0,0,5d0e9ff5482e9c83,nhaR->gltU,shared_complete_observation_shared_scores,maximum,prefix,complete,0,500,0.6,0.9,biological_error,2151398048,921666314,2151398048,nhaR,gltU,False,identifiable,csrA|dksA|fis|hns|lrp|rpoD|rpoH|rpoS|ydeO,500,-0.09918065436088752,0.03905853498854448,0.3381652565575885,-2.5392824997142447,-0.3880475790880483,5636,,,,[],0,,False,True,
csd-20260805_174708,paired_hierarchical,1,0,0,5d0e9ff5482e9c83,nhaR->gltV,shared_complete_observation_shared_scores,maximum,prefix,complete,0,500,0.6,0.9,biological_error,2151398048,921666314,2151398048,nhaR,gltV,False,identifiable,csrA|dksA|fis|hns|lrp|rpoD|rpoH|rpoS|ydeO,500,-0.0901075613940831,0.06712205015107182,0.9986826665972931,-1.3424435217827482,-0.14882626588347037,5636,,,,[],0,,False,True,
csd-20260805_174708,paired_hierarchical,1,0,0,5d0e9ff5482e9c83,nhaR->gltW,shared_complete_observation_shared_scores,maximum,prefix,complete,0,500,0.6,0.9,biological_error,2151398048,921666314,2151398048,nhaR,gltW,False,identifiable,csrA|dksA|fis|hns|lrp|rpoD|rpoH|rpoS|ydeO,500,-0.01824255136159665,0.04187394339373877,0.38867339114662997,-0.4356540101815293,0.14621524553338214,5636,,,,[],0,,False,True,
csd-20260805_174708,paired_hierarchical,1,0,0,5d0e9ff5482e9c83,nhaR->ileT,shared_complete_observation_shared_scores,maximum,prefix,complete,0,500,0.6,0.9,biological_error,2151398048,921666314,2151398048,nhaR,ileT,False,identifiable,csrA|dksA|fis|hns|lrp|rpoD|rpoH|rpoS|ydeO,500,-0.028888903067319397,0.0622283788237772,0.8583690698868376,-0.4642400077483791,-0.20063969343307844,5636,,,,[],0,,False,True,
csd-20260805_174708,paired_hierarchical,1,0,0,5d0e9ff5482e9c83,nhaR->ileU,shared_complete_observation_shared_scores,maximum,prefix,complete,0,500,0.6,0.9,biological_error,2151398048,921666314,2151398048,nhaR,ileU,False,identifiable,csrA|dksA|fis|hns|lrp|rpoD|rpoH|rpoS|ydeO,500,-0.0038355984018640273,0.03133213768413117,0.21760914316823562,-0.12241738628024247,-0.22223565381078572,5636,,,,[],0,,False,True,
csd-20260805_174708,paired_hierarchical,1,0,0,5d0e9ff5482e9c83,nhaR->ileV,shared_complete_observation_shared_scores,maximum,prefix,complete,0,500,0.6,0.9,biological_error,2151398048,921666314,2151398048,nhaR,ileV,False,identifiable,csrA|dksA|fis|hns|lrp|rpoD|rpoH|rpoS|ydeO,500,-0.014555301361898722,0.050698163586143485,0.5697463388080829,-0.28709721087169493,0.18681179981101342,5636,,,,[],0,,False,True,
csd-20260805_174708,paired_hierarchical,1,0,0,5d0e9ff5482e9c83,nhaR->nhaA,shared_complete_observation_shared_scores,maximum,prefix,complete,0,500,0.6,0.9,biological_error,2151398048,921666314,2151398048,nhaR,nhaA,False,identifiable,csrA|hns|rpoD|rpoS|ydeO,500,0.04801391535694528,0.039060556348357534,0.3407897114251284,1.2292173959003079,0.13519966144016807,5636,,,,[],0,,False,True,
csd-20260805_174708,paired_hierarchical,1,0,0,5d0e9ff5482e9c83,nhaR->osmC,shared_complete_observation_shared_scores,maximum,prefix,complete,0,500,0.6,0.9,biological_error,2151398048,921666314,2151398048,nhaR,osmC,False,identifiable,csrA|hns|lrp|rcsB|rpoD|rpoS|ydeO,500,0.015461615138530099,0.0565105762852057,0.7110190618516624,0.2736056886147506,0.33317712450656356,5636,,,,[],0,,False,True,
csd-20260805_174708,paired_hierarchical,1,0,0,5d0e9ff5482e9c83,nhaR->pgaA,shared_complete_observation_shared_scores,maximum,prefix,complete,0,500,0.6,0.9,biological_error,2151398048,921666314,2151398048,nhaR,pgaA,False,identifiable,csrA|hns|nac|ompR|rpoD|rpoS|ydeO,500,0.05326347092411707,0.026685785279247982,0.15898983628857985,1.9959491679466161,0.5762366447233503,5636,,,,[],0,,False,True,
csd-20260805_174708,paired_hierarchical,1,0,0,5d0e9ff5482e9c83,nhaR->pgaB,shared_complete_observation_shared_scores,maximum,prefix,complete,0,500,0.6,0.9,biological_error,2151398048,921666314,2151398048,nhaR,pgaB,False,identifiable,csrA|hns|ompR|rpoD|rpoS|ydeO,500,0.0323440707823578,0.027917678345279223,0.17405929129572859,1.1585515952413379,0.1963671841824852,5636,,,,[],0,,False,True,
csd-20260805_174708,paired_hierarchical,1,0,0,5d0e9ff5482e9c83,nhaR->pgaC,shared_complete_observation_shared_scores,maximum,prefix,complete,0,500,0.6,0.9,biological_error,2151398048,921666314,2151398048,nhaR,pgaC,False,identifiable,csrA|hns|ompR|rpoD|rpoS|ydeO,500,0.004313979647437157,0.022719066412580022,0.11527087097518589,0.18988366727289532,0.1406270782646984,5636,,,,[],0,,False,True,
csd-20260805_174708,paired_hierarchical,1,0,0,5d0e9ff5482e9c83,nhaR->pgaD,shared_complete_observation_shared_scores,maximum,prefix,complete,0,500,0.6,0.9,biological_error,2151398048,921666314,2151398048,nhaR,pgaD,False,identifiable,csrA|hns|ompR|rpoD|rpoS|ydeO,500,0.04565978508949536,0.0416669065018407,0.38772261099846755,1.0958285345104337,0.3792212218727013,5636,,,,[],0,,False,True,
csd-20260805_174708,paired_hierarchical,1,0,0,5d0e9ff5482e9c83,nhaR->rmf,shared_complete_observation_shared_scores,maximum,prefix,complete,0,500,0.6,0.9,biological_error,2151398048,921666314,2151398048,nhaR,rmf,False,identifiable,arcA|crp|csrA|cueR|fur|hns|kdpE|mcbR|phoP|rcdA|rpoD|rpoS|sdiA|slyA|ydeO|zntR|zraR,500,-0.02066337707230791,0.034620736673690054,0.2625501417051603,-0.5968497223807196,-0.30187331213187324,5636,,,,[],0,,False,True,
csd-20260805_174708,paired_hierarchical,1,0,0,5d0e9ff5482e9c83,nhaR->rrfA,shared_complete_observation_shared_scores,maximum,prefix,complete,0,500,0.6,0.9,biological_error,2151398048,921666314,2151398048,nhaR,rrfA,False,identifiable,csrA|dksA|fis|hns|lrp|rpoD|rpoH|rpoS|ydeO,500,0.008843112554101688,0.0369543751776907,0.30271142577137505,0.23929812130716965,0.10969936761967063,5636,,,,[],0,,False,True,
csd-20260805_174708,paired_hierarchical,1,0,0,5d0e9ff5482e9c83,nhaR->rrfB,shared_complete_observation_shared_scores,maximum,prefix,complete,0,500,0.6,0.9,biological_error,2151398048,921666314,2151398048,nhaR,rrfB,False,identifiable,csrA|dksA|fis|hns|lrp|rpoD|rpoH|rpoS|ydeO,500,0.0171206483934998,0.03443522850136403,0.26284700004853184,0.4971841087920072,0.2053504924587117,5636,,,,[],0,,False,True,
csd-20260805_174708,paired_hierarchical,1,0,0,5d0e9ff5482e9c83,nhaR->rrfC,shared_complete_observation_shared_scores,maximum,prefix,complete,0,500,0.6,0.9,biological_error,2151398048,921666314,2151398048,nhaR,rrfC,False,identifiable,csrA|dksA|fis|hns|lrp|rpoD|rpoH|rpoS|ydeO,500,-0.010296509526467445,0.050390319300745834,0.5628482328479845,-0.20433507208030421,-0.21315332134097656,5636,,,,[],0,,False,True,
csd-20260805_174708,paired_hierarchical,1,0,0,5d0e9ff5482e9c83,nhaR->rrfD,shared_complete_observation_shared_scores,maximum,prefix,complete,0,500,0.6,0.9,biological_error,2151398048,921666314,2151398048,nhaR,rrfD,False,identifiable,csrA|dksA|fis|hns|lrp|rpoD|rpoH|rpoS|ydeO,500,-0.03443783126730062,0.04007822071784422,0.35605242799921744,-0.8592654726303182,-0.12417167988707394,5636,,,,[],0,,False,True,
csd-20260805_174708,paired_hierarchical,1,0,0,5d0e9ff5482e9c83,nhaR->rrfE,shared_complete_observation_shared_scores,maximum,prefix,complete,0,500,0.6,0.9,biological_error,2151398048,921666314,2151398048,nhaR,rrfE,False,identifiable,csrA|dksA|fis|hns|lrp|rpoD|rpoH|rpoS|ydeO,500,-0.062466334306249566,0.037768740488114336,0.31620016392166594,-1.6539162677640113,-0.1675788898787997,5636,,,,[],0,,False,True,
csd-20260805_174708,paired_hierarchical,1,0,0,5d0e9ff5482e9c83,nhaR->rrfF,shared_complete_observation_shared_scores,maximum,prefix,complete,0,500,0.6,0.9,biological_error,2151398048,921666314,2151398048,nhaR,rrfF,False,identifiable,csrA|dksA|fis|hns|lrp|rpoD|rpoH|rpoS|ydeO,500,-0.05809357306031372,0.07378607676721372,1.2068295205842863,-0.7873243246634731,-0.3522906376019571,5636,,,,[],0,,False,True,
csd-20260805_174708,paired_hierarchical,1,0,0,5d0e9ff5482e9c83,nhaR->rrfG,shared_complete_observation_shared_scores,maximum,prefix,complete,0,500,0.6,0.9,biological_error,2151398048,921666314,2151398048,nhaR,rrfG,False,identifiable,csrA|dksA|fis|hns|lrp|rpoD|rpoH|rpoS|ydeO,500,0.03455213662481451,0.048607285538909174,0.5237208013032618,0.710842752104645,0.28132919378717774,5636,,,,[],0,,False,True,
csd-20260805_174708,paired_hierarchical,1,0,0,5d0e9ff5482e9c83,nhaR->rrfH,shared_complete_observation_shared_scores,maximum,prefix,complete,0,500,0.6,0.9,biological_error,2151398048,921666314,2151398048,nhaR,rrfH,False,identifiable,csrA|dksA|fis|hns|lrp|rpoD|rpoH|rpoS|ydeO,500,-0.02551047226646551,0.07350189291687702,1.1975513200261607,-0.34707231683563844,0.30354130559641807,5636,,,,[],0,,False,True,
csd-20260805_174708,paired_hierarchical,1,0,0,5d0e9ff5482e9c83,nhaR->rrlA,shared_complete_observation_shared_scores,maximum,prefix,complete,0,500,0.6,0.9,biological_error,2151398048,921666314,2151398048,nhaR,rrlA,False,identifiable,csrA|dksA|fis|hns|lrp|rpoD|rpoH|rpoS|ydeO,500,-0.026887986044524703,0.029755347378753284,0.19625789476367497,-0.9036354273492363,0.19862204209863915,5636,,,,[],0,,False,True,
csd-20260805_174708,paired_hierarchical,1,0,0,5d0e9ff5482e9c83,nhaR->rrlB,shared_complete_observation_shared_scores,maximum,prefix,complete,0,500,0.6,0.9,biological_error,2151398048,921666314,2151398048,nhaR,rrlB,False,identifiable,csrA|dksA|fis|hns|lrp|rpoD|rpoH|rpoS|ydeO,500,0.042160390459866554,0.03558606204926593,0.2807093959457137,1.1847444766858162,0.4336812890097631,5636,,,,[],0,,False,True,
csd-20260805_174708,paired_hierarchical,1,0,0,5d0e9ff5482e9c83,nhaR->rrlC,shared_complete_observation_shared_scores,maximum,prefix,complete,0,500,0.6,0.9,biological_error,2151398048,921666314,2151398048,nhaR,rrlC,False,identifiable,csrA|dksA|fis|hns|lrp|rpoD|rpoH|rpoS|ydeO,500,-0.07038173019021748,0.04751511147103855,0.5004498820508078,-1.4812493964812987,-0.2692128451268061,5636,,,,[],0,,False,True,
csd-20260805_174708,paired_hierarchical,1,0,0,5d0e9ff5482e9c83,nhaR->rrlD,shared_complete_observation_shared_scores,maximum,prefix,complete,0,500,0.6,0.9,biological_error,2151398048,921666314,2151398048,nhaR,rrlD,False,identifiable,csrA|dksA|fis|hns|lrp|rpoD|rpoH|rpoS|ydeO,500,-0.11042387209981396,0.02561266346779466,0.14541411776044413,-4.311299847384511,-0.2514299175792095,5636,,,,[],0,,False,True,
csd-20260805_174708,paired_hierarchical,1,0,0,5d0e9ff5482e9c83,nhaR->rrlE,shared_complete_observation_shared_scores,maximum,prefix,complete,0,500,0.6,0.9,biological_error,2151398048,921666314,2151398048,nhaR,rrlE,False,identifiable,csrA|dksA|fis|hns|lrp|rpoD|rpoH|rpoS|ydeO,500,-0.011255185693654485,0.056910573911206526,0.7179315130909812,-0.19776967477458832,-0.09490255644866902,5636,,,,[],0,,False,True,
csd-20260805_174708,paired_hierarchical,1,0,0,5d0e9ff5482e9c83,nhaR->rrlG,shared_complete_observation_shared_scores,maximum,prefix,complete,0,500,0.6,0.9,biological_error,2151398048,921666314,2151398048,nhaR,rrlG,False,identifiable,csrA|dksA|fis|hns|lrp|rpoD|rpoH|rpoS|ydeO,500,-0.0044042990068635796,0.06387471026005394,0.9043883777687096,-0.06895215632184161,0.14679143017629645,5636,,,,[],0,,False,True,
csd-20260805_174708,paired_hierarchical,1,0,0,5d0e9ff5482e9c83,nhaR->rrlH,shared_complete_observation_shared_scores,maximum,prefix,complete,0,500,0.6,0.9,biological_error,2151398048,921666314,2151398048,nhaR,rrlH,False,identifiable,csrA|dksA|fis|hns|lrp|rpoD|rpoH|rpoS|ydeO,500,-0.028836094346244595,0.03383659995006269,0.25378767073205366,-0.8522160733880465,0.11989900864047628,5636,,,,[],0,,False,True,
csd-20260805_174708,paired_hierarchical,1,0,0,5d0e9ff5482e9c83,nhaR->rrsA,shared_complete_observation_shared_scores,maximum,prefix,complete,0,500,0.6,0.9,biological_error,2151398048,921666314,2151398048,nhaR,rrsA,False,identifiable,csrA|dksA|fis|hns|lrp|rpoD|rpoH|rpoS|ydeO,500,-0.010119495334486438,0.04607641205836152,0.47060267697211133,-0.21962420428198348,0.08900035702435243,5636,,,,[],0,,False,True,
csd-20260805_174708,paired_hierarchical,1,0,0,5d0e9ff5482e9c83,nhaR->rrsB,shared_complete_observation_shared_scores,maximum,prefix,complete,0,500,0.6,0.9,biological_error,2151398048,921666314,2151398048,nhaR,rrsB,False,identifiable,csrA|dksA|fis|hns|lrp|rpoD|rpoH|rpoS|ydeO,500,-0.04628343640254096,0.045551972206310715,0.45995088193831823,-1.0160577942249647,0.11761378541266578,5636,,,,[],0,,False,True,
csd-20260805_174708,paired_hierarchical,1,0,0,5d0e9ff5482e9c83,nhaR->rrsC,shared_complete_observation_shared_scores,maximum,prefix,complete,0,500,0.6,0.9,biological_error,2151398048,921666314,2151398048,nhaR,rrsC,False,identifiable,csrA|dksA|fis|hns|lrp|rpoD|rpoH|rpoS|ydeO,500,0.004950900081977448,0.07190833665142253,1.1461872477288229,0.06885015441223541,-0.09009769305449579,5636,,,,[],0,,False,True,
csd-20260805_174708,paired_hierarchical,1,0,0,5d0e9ff5482e9c83,nhaR->rrsD,shared_complete_observation_shared_scores,maximum,prefix,complete,0,500,0.6,0.9,biological_error,2151398048,921666314,2151398048,nhaR,rrsD,False,identifiable,csrA|dksA|fis|hns|lrp|rpoD|rpoH|rpoS|ydeO,500,0.045195781156638574,0.03902762394426995,0.3376302183163334,1.1580459323164671,-0.11074360874883435,5636,,,,[],0,,False,True,
csd-20260805_174708,paired_hierarchical,1,0,0,5d0e9ff5482e9c83,nhaR->rrsE,shared_complete_observation_shared_scores,maximum,prefix,complete,0,500,0.6,0.9,biological_error,2151398048,921666314,2151398048,nhaR,rrsE,False,identifiable,csrA|dksA|fis|hns|lrp|rpoD|rpoH|rpoS|ydeO,500,0.01903198947378095,0.032521752669535026,0.23444715749744283,0.585207988855081,-0.10387172133793669,5636,,,,[],0,,False,True,
csd-20260805_174708,paired_hierarchical,1,0,0,5d0e9ff5482e9c83,nhaR->rrsG,shared_complete_observation_shared_scores,maximum,prefix,complete,0,500,0.6,0.9,biological_error,2151398048,921666314,2151398048,nhaR,rrsG,False,identifiable,csrA|dksA|fis|hns|lrp|rpoD|rpoH|rpoS|ydeO,500,0.08388041285564556,0.03463293881829317,0.2658739438021521,2.42198368714063,0.2165708821461751,5636,,,,[],0,,False,True,
csd-20260805_174708,paired_hierarchical,1,0,0,5d0e9ff5482e9c83,nhaR->rrsH,shared_complete_observation_shared_scores,maximum,prefix,complete,0,500,0.6,0.9,biological_error,2151398048,921666314,2151398048,nhaR,rrsH,False,identifiable,csrA|dksA|fis|hns|lrp|rpoD|rpoH|rpoS|ydeO,500,-0.012353795838933462,0.05869202244752174,0.7635812159663853,-0.2104850936084091,0.34363136078120743,5636,,,,[],0,,False,True,
csd-20260805_174708,paired_hierarchical,1,0,0,5d0e9ff5482e9c83,nhaR->rsd,shared_complete_observation_shared_scores,maximum,prefix,complete,0,500,0.6,0.9,biological_error,2151398048,921666314,2151398048,nhaR,rsd,False,identifiable,arcA|csrA|cueR|fur|hns|kdpE|lrp|mcbR|nac|phoP|rcdA|rpoD|rpoS|sdiA|slyA|ydeO|zntR,500,0.002598641177586845,0.0428546034483074,0.4027818695464864,0.060638553818877575,-0.13639429990246663,5636,,,,[],0,,False,True,
csd-20260805_174708,paired_hierarchical,1,0,0,5d0e9ff5482e9c83,nhaR->thrV,shared_complete_observation_shared_scores,maximum,prefix,complete,0,500,0.6,0.9,biological_error,2151398048,921666314,2151398048,nhaR,thrV,False,identifiable,csrA|dksA|fis|hns|lrp|rpoD|rpoH|rpoS|ydeO,500,0.01460773315791959,0.041942823683825764,0.38995313472589743,0.34827729453877254,-0.22944675539786383,5636,,,,[],0,,False,True,
csd-20260805_174708,paired_hierarchical,1,0,0,5d0e9ff5482e9c83,cueR->copA,shared_complete_observation_shared_scores,maximum,prefix,complete,0,500,0.6,0.9,biological_error,2151398048,921666314,2151398048,cueR,copA,False,identifiable,ompR|rpoD,500,-0.03533436867427871,0.03101767803370455,0.09833251742281011,-1.1391687229419152,0.10669552161547582,5636,,,,[],0,,False,True,
csd-20260805_174708,paired_hierarchical,1,0,0,5d0e9ff5482e9c83,cueR->cueO,shared_complete_observation_shared_scores,maximum,prefix,complete,0,500,0.6,0.9,biological_error,2151398048,921666314,2151398048,cueR,cueO,False,identifiable,,500,0.1662780197768912,0.05552659105061714,0.3153108551132941,2.994565605969126,0.9686927148561317,5636,,,,[],0,,False,True,
csd-20260805_174708,paired_hierarchical,1,0,0,5d0e9ff5482e9c83,cueR->moaA,shared_complete_observation_shared_scores,maximum,prefix,complete,0,500,0.6,0.9,biological_error,2151398048,921666314,2151398048,cueR,moaA,False,identifiable,csrA|fnr|modE,500,0.0381710545714163,0.057567767780746314,0.3382992269888957,0.6630629611485944,-0.5122414623387156,5636,,,,[],0,,False,True,
csd-20260805_174708,paired_hierarchical,1,0,0,5d0e9ff5482e9c83,cueR->moaB,shared_complete_observation_shared_scores,maximum,prefix,complete,0,500,0.6,0.9,biological_error,2151398048,921666314,2151398048,cueR,moaB,False,identifiable,csrA|fnr|modE,500,-0.029694413829043257,0.047276023136388456,0.2281519047486637,-0.6281072700082382,-0.15327989546708234,5636,,,,[],0,,False,True,
csd-20260805_174708,paired_hierarchical,1,0,0,5d0e9ff5482e9c83,cueR->moaC,shared_complete_observation_shared_scores,maximum,prefix,complete,0,500,0.6,0.9,biological_error,2151398048,921666314,2151398048,cueR,moaC,False,identifiable,csrA|fnr|modE,500,-0.014331424598218415,0.04615687676654427,0.21747786183368728,-0.3104938115874905,-0.21338084893594386,5636,,,,[],0,,False,True,
csd-20260805_174708,paired_hierarchical,1,0,0,5d0e9ff5482e9c83,cueR->moaD,shared_complete_observation_shared_scores,maximum,prefix,complete,0,500,0.6,0.9,biological_error,2151398048,921666314,2151398048,cueR,moaD,False,identifiable,csrA|fnr|modE,500,-0.012846960907500236,0.05276873984371546,0.2842468574155227,-0.24345779235109508,-0.24636013349478542,5636,,,,[],0,,False,True,
csd-20260805_174708,paired_hierarchical,1,0,0,5d0e9ff5482e9c83,cueR->moaE,shared_complete_observation_shared_scores,maximum,prefix,complete,0,500,0.6,0.9,biological_error,2151398048,921666314,2151398048,cueR,moaE,False,identifiable,csrA|fnr|modE,500,-0.09273139382258212,0.04698601377815609,0.2253613467176022,-1.9735956802041625,-0.44442204335054936,5636,,,,[],0,,False,True,
csd-20260805_174708,paired_hierarchical,1,0,0,5d0e9ff5482e9c83,cueR->rmf,shared_complete_observation_shared_scores,maximum,prefix,complete,0,500,0.6,0.9,biological_error,2151398048,921666314,2151398048,cueR,rmf,False,identifiable,arcA|crp|fur|kdpE|mcbR|nhaR|phoP|rcdA|sdiA|slyA|zntR|zraR,500,0.043674514681689924,0.05155823211646135,0.2623730504531141,0.8470910054292894,-0.3592438730432345,5636,,,,[],0,,False,True,
csd-20260805_174708,paired_hierarchical,1,0,0,5d0e9ff5482e9c83,cueR->rsd,shared_complete_observation_shared_scores,maximum,prefix,complete,0,500,0.6,0.9,biological_error,2151398048,921666314,2151398048,cueR,rsd,False,identifiable,arcA|fur|kdpE|lrp|mcbR|nac|nhaR|phoP|rcdA|rpoD|rpoS|sdiA|slyA|zntR,500,0.009142399375567547,0.0639757957688865,0.40138923742254384,0.14290403527913273,-0.2790012077259851,5636,,,,[],0,,False,True,
csd-20260805_174708,paired_hierarchical,1,0,0,5d0e9ff5482e9c83,cusR->cusA,shared_complete_observation_shared_scores,maximum,prefix,complete,0,500,0.6,0.9,biological_error,2151398048,921666314,2151398048,cusR,cusA,False,identifiable,hprR|phoB|rpoD|yieP,500,0.050341151954013716,0.05952687021112223,0.2651742066176069,0.8456878679404815,0.3523035534682537,5636,,,,[],0,,False,True,
csd-20260805_174708,paired_hierarchical,1,0,0,5d0e9ff5482e9c83,cusR->cusB,shared_complete_observation_shared_scores,maximum,prefix,complete,0,500,0.6,0.9,biological_error,2151398048,921666314,2151398048,cusR,cusB,False,identifiable,hprR|phoB|rpoD,500,0.04117871555623643,0.08598734872942437,0.5534496400884471,0.4788927227633582,0.18804186806493337,5636,,,,[],0,,False,True,
csd-20260805_174708,paired_hierarchical,1,0,0,5d0e9ff5482e9c83,cusR->cusC,shared_complete_observation_shared_scores,maximum,prefix,complete,0,500,0.6,0.9,biological_error,2151398048,921666314,2151398048,cusR,cusC,False,identifiable,fur|hprR|phoB|rpoD,500,0.08998157955207947,0.07008104497116345,0.3652887740052527,1.2839645811375184,0.20944418490586098,5636,,,,[],0,,False,True,
csd-20260805_174708,paired_hierarchical,1,0,0,5d0e9ff5482e9c83,cusR->cusF,shared_complete_observation_shared_scores,maximum,prefix,complete,0,500,0.6,0.9,biological_error,2151398048,921666314,2151398048,cusR,cusF,False,identifiable,hprR|phoB|rpoD|yciT,500,0.045676558061058456,0.053444720799580334,0.21361682146401578,0.8546505132349222,0.14984403498935145,5636,,,,[],0,,False,True,
csd-20260805_174708,paired_hierarchical,1,0,0,5d0e9ff5482e9c83,cusR->cusS,shared_complete_observation_shared_scores,maximum,prefix,complete,0,500,0.6,0.9,biological_error,2151398048,921666314,2151398048,cusR,cusS,False,identifiable,hprR|phoB|rpoD,500,-0.019072517598573886,0.062231227468081254,0.28988498893242576,-0.30647824853456873,0.582713669614109,5636,,,,[],0,,False,True,
csd-20260805_174708,paired_hierarchical,1,0,0,5d0e9ff5482e9c83,cusR->cyoA,shared_complete_observation_shared_scores,maximum,prefix,complete,0,500,0.6,0.9,biological_error,2151398048,921666314,2151398048,cusR,cyoA,False,identifiable,arcA|cra|crp|fis|fnr|fur|gadE|hprR|pdhR|phoB|rpoD,500,0.10970160508303053,0.07439986596892734,0.40828245276126485,1.4744865955651958,0.9072511097642502,5636,,,,[],0,,False,True,
csd-20260805_174708,paired_hierarchical,1,0,0,5d0e9ff5482e9c83,cusR->cyoB,shared_complete_observation_shared_scores,maximum,prefix,complete,0,500,0.6,0.9,biological_error,2151398048,921666314,2151398048,cusR,cyoB,False,identifiable,arcA|cra|crp|fis|fnr|fur|gadE|hprR|pdhR|phoB|rpoD,500,0.01623180074960656,0.06651226963898453,0.32630215677183977,0.24404220210360536,0.4840596942051797,5636,,,,[],0,,False,True,
csd-20260805_174708,paired_hierarchical,1,0,0,5d0e9ff5482e9c83,cusR->cyoC,shared_complete_observation_shared_scores,maximum,prefix,complete,0,500,0.6,0.9,biological_error,2151398048,921666314,2151398048,cusR,cyoC,False,identifiable,arcA|cra|crp|fis|fnr|fur|gadE|hprR|pdhR|phoB|rpoD,500,0.030121514644241516,0.06173013000064849,0.28106760429956384,0.48795482277333746,0.21269048001655147,5636,,,,[],0,,False,True,
csd-20260805_174708,paired_hierarchical,1,0,0,5d0e9ff5482e9c83,cusR->cyoD,shared_complete_observation_shared_scores,maximum,prefix,complete,0,500,0.6,0.9,biological_error,2151398048,921666314,2151398048,cusR,cyoD,False,identifiable,arcA|cra|crp|fis|fnr|fur|gadE|hprR|pdhR|phoB|rpoD,500,0.09439569493802427,0.08516597555344148,0.5349936900866208,1.1083733183892335,0.420601087259971,5636,,,,[],0,,False,True,
csd-20260805_174708,paired_hierarchical,1,0,0,5d0e9ff5482e9c83,cusR->cyoE,shared_complete_observation_shared_scores,maximum,prefix,complete,0,500,0.6,0.9,biological_error,2151398048,921666314,2151398048,cusR,cyoE,False,identifiable,arcA|cra|crp|fis|fnr|fur|gadE|hprR|pdhR|phoB|rpoD,500,0.028225987181590417,0.09393560194118855,0.6508439230300129,0.30048231552571747,0.3125198032993806,5636,,,,[],0,,False,True,
csd-20260805_174708,paired_hierarchical,1,0,0,5d0e9ff5482e9c83,cusR->hiuH,shared_complete_observation_shared_scores,maximum,prefix,complete,0,500,0.6,0.9,biological_error,2151398048,921666314,2151398048,cusR,hiuH,False,identifiable,hprR|phoB|rpoD,500,-0.024456999732355073,0.04903965376540349,0.1800129640803324,-0.4987188500423101,0.1141228658882779,5636,,,,[],0,,False,True,
csd-20260805_174708,paired_hierarchical,1,0,0,5d0e9ff5482e9c83,cusR->msrP,shared_complete_observation_shared_scores,maximum,prefix,complete,0,500,0.6,0.9,biological_error,2151398048,921666314,2151398048,cusR,msrP,False,identifiable,hprR|phoB|rpoD,500,0.03474884579629561,0.10421608248228992,0.8129774138802177,0.33343074282417684,0.30855080368399085,5636,,,,[],0,,False,True,
csd-20260805_174708,paired_hierarchical,1,0,0,5d0e9ff5482e9c83,cusR->msrQ,shared_complete_observation_shared_scores,maximum,prefix,complete,0,500,0.6,0.9,biological_error,2151398048,921666314,2151398048,cusR,msrQ,False,identifiable,hprR|phoB|rpoD,500,0.1526409879978152,0.07638587259838645,0.4367521794415302,1.9982882018034254,0.492244960987508,5636,,,,[],0,,False,True,
csd-20260805_174708,paired_hierarchical,1,0,0,5d0e9ff5482e9c83,cynR->cynS,shared_complete_observation_shared_scores,maximum,prefix,complete,0,500,0.6,0.9,biological_error,2151398048,921666314,2151398048,cynR,cynS,False,identifiable,nac|rpoD,500,0.0617199511330621,0.07525957158341125,0.40198978811838404,0.8200943725099074,0.3276832840073283,5636,,,,[],0,,False,True,
csd-20260805_174708,paired_hierarchical,1,0,0,5d0e9ff5482e9c83,cynR->cynT,shared_complete_observation_shared_scores,maximum,prefix,complete,0,500,0.6,0.9,biological_error,2151398048,921666314,2151398048,cynR,cynT,False,identifiable,nac|rpoD,500,0.1239259784959111,0.04103049462120438,0.11948270385331793,3.0203384004994835,0.17510888186176166,5636,,,,[],0,,False,True,
csd-20260805_174708,paired_hierarchical,1,0,0,5d0e9ff5482e9c83,cynR->cynX,shared_complete_observation_shared_scores,maximum,prefix,complete,0,500,0.6,0.9,biological_error,2151398048,921666314,2151398048,cynR,cynX,False,identifiable,nac|rpoD,500,0.04187289577722973,0.048480473665795866,0.16681121508364555,0.8637064081899031,0.21145425028076317,5636,,,,[],0,,False,True,
csd-20260805_174708,paired_hierarchical,1,0,0,5d0e9ff5482e9c83,cysB->ariR,shared_complete_observation_shared_scores,maximum,prefix,complete,0,500,0.6,0.9,biological_error,2151398048,921666314,2151398048,cysB,ariR,False,identifiable,bluR|lrp|marA|phoP|rpoD|rpoS,500,0.1560652305578883,0.03305948660056386,0.14657660416696244,4.720739690955347,0.185975668087698,5636,,,,[],0,,False,True,
csd-20260805_174708,paired_hierarchical,1,0,0,5d0e9ff5482e9c83,cysB->cbl,shared_complete_observation_shared_scores,maximum,prefix,complete,0,500,0.6,0.9,biological_error,2151398048,921666314,2151398048,cysB,cbl,False,identifiable,cpxR|glnG|lrp|phoP|rpoD,500,0.11004073461936469,0.05733304899668422,0.43013042558829623,1.9193246573320868,0.15860042207892291,5636,,,,[],0,,False,True,
csd-20260805_174708,paired_hierarchical,1,0,0,5d0e9ff5482e9c83,cysB->cysA,shared_complete_observation_shared_scores,maximum,prefix,complete,0,500,0.6,0.9,biological_error,2151398048,921666314,2151398048,cysB,cysA,False,identifiable,hns|lrp|phoP|rpoD,500,0.003711437027481482,0.031787548499248926,0.13536654321477207,0.11675757341177712,0.38903265784571445,5636,,,,[],0,,False,True,
csd-20260805_174708,paired_hierarchical,1,0,0,5d0e9ff5482e9c83,cysB->cysC,shared_complete_observation_shared_scores,maximum,prefix,complete,0,500,0.6,0.9,biological_error,2151398048,921666314,2151398048,cysB,cysC,False,identifiable,lrp|phoP|rpoD,500,0.47310918863074103,0.09536150553540873,1.2215493782800864,4.961217694440348,0.6092795234562749,5636,,,,[],0,,False,True,
csd-20260805_174708,paired_hierarchical,1,0,0,5d0e9ff5482e9c83,cysB->cysD,shared_complete_observation_shared_scores,maximum,prefix,complete,0,500,0.6,0.9,biological_error,2151398048,921666314,2151398048,cysB,cysD,False,identifiable,lrp|phoP|rpoD,500,0.054949803396555655,0.03671881306693338,0.18110986112132593,1.4965027136468074,0.17538295445383745,5636,,,,[],0,,False,True,
csd-20260805_174708,paired_hierarchical,1,0,0,5d0e9ff5482e9c83,cysB->cysH,shared_complete_observation_shared_scores,maximum,prefix,complete,0,500,0.6,0.9,biological_error,2151398048,921666314,2151398048,cysB,cysH,False,identifiable,hypT|ihfA|ihfB|lrp|phoP|rpoD,500,0.014670453374415316,0.042897309235498254,0.24552500690955423,0.3419900603526728,0.19519687901921648,5636,,,,[],0,,False,True,
csd-20260805_174708,paired_hierarchical,1,0,0,5d0e9ff5482e9c83,cysB->cysI,shared_complete_observation_shared_scores,maximum,prefix,complete,0,500,0.6,0.9,biological_error,2151398048,921666314,2151398048,cysB,cysI,False,identifiable,ihfA|ihfB|lrp|phoP|rpoD,500,-0.030857887952064154,0.04889355752430077,0.32100902179092883,-0.6311238026958329,0.25900919368269965,5636,,,,[],0,,False,True,
csd-20260805_174708,paired_hierarchical,1,0,0,5d0e9ff5482e9c83,cysB->cysJ,shared_complete_observation_shared_scores,maximum,prefix,complete,0,500,0.6,0.9,biological_error,2151398048,921666314,2151398048,cysB,cysJ,False,identifiable,ihfA|ihfB|lrp|nac|phoP|rpoD|yafC|yeiE,500,0.0472677021512492,0.04065518613871938,0.22187525854354842,1.1626487698264936,0.2655682016202856,5636,,,,[],0,,False,True,
csd-20260805_174708,paired_hierarchical,1,0,0,5d0e9ff5482e9c83,cysB->cysK,shared_complete_observation_shared_scores,maximum,prefix,complete,0,500,0.6,0.9,biological_error,2151398048,921666314,2151398048,cysB,cysK,False,identifiable,lrp|phoP|rpoD,500,0.06744426599486324,0.04310539682373583,0.24959054200396508,1.5646362396488902,0.21071170673890702,5636,,,,[],0,,False,True,
csd-20260805_174708,paired_hierarchical,1,0,0,5d0e9ff5482e9c83,cysB->cysM,shared_complete_observation_shared_scores,maximum,prefix,complete,0,500,0.6,0.9,biological_error,2151398048,921666314,2151398048,cysB,cysM,False,identifiable,hns|lrp|phoP|rpoD,500,0.015838881861115636,0.04992522081457462,0.3339160204280812,0.3172521143159733,0.5771711014423376,5636,,,,[],0,,False,True,
csd-20260805_174708,paired_hierarchical,1,0,0,5d0e9ff5482e9c83,cysB->cysN,shared_complete_observation_shared_scores,maximum,prefix,complete,0,500,0.6,0.9,biological_error,2151398048,921666314,2151398048,cysB,cysN,False,identifiable,glaR|lrp|phoP|rpoD,500,-0.004715422448831344,0.050282773936005526,0.33462232657600194,-0.09377808898993169,0.2731652820361783,5636,,,,[],0,,False,True,
csd-20260805_174708,paired_hierarchical,1,0,0,5d0e9ff5482e9c83,cysB->cysP,shared_complete_observation_shared_scores,maximum,prefix,complete,0,500,0.6,0.9,biological_error,2151398048,921666314,2151398048,cysB,cysP,False,identifiable,hns|lrp|phoP|rpoD,500,-0.004792840657311185,0.03647062803696958,0.17819017373163476,-0.1314164552486668,0.14934291928980273,5636,,,,[],0,,False,True,
csd-20260805_174708,paired_hierarchical,1,0,0,5d0e9ff5482e9c83,cysB->cysU,shared_complete_observation_shared_scores,maximum,prefix,complete,0,500,0.6,0.9,biological_error,2151398048,921666314,2151398048,cysB,cysU,False,identifiable,hns|lrp|phoP|rpoD,500,0.030958589658668198,0.03218300385795881,0.13875556868428027,0.9619546328026239,0.2362974999431278,5636,,,,[],0,,False,True,
csd-20260805_174708,paired_hierarchical,1,0,0,5d0e9ff5482e9c83,cysB->cysW,shared_complete_observation_shared_scores,maximum,prefix,complete,0,500,0.6,0.9,biological_error,2151398048,921666314,2151398048,cysB,cysW,False,identifiable,hns|lrp|phoP|rpoD,500,-0.00033352503949491937,0.029924002845677585,0.11996005103273968,-0.011145736124106,0.2537743615681877,5636,,,,[],0,,False,True,
csd-20260805_174708,paired_hierarchical,1,0,0,5d0e9ff5482e9c83,cysB->dgcZ,shared_complete_observation_shared_scores,maximum,prefix,complete,0,500,0.6,0.9,biological_error,2151398048,921666314,2151398048,cysB,dgcZ,False,identifiable,cpxR|csrA|hns|lrp|phoP|rpoD,500,-0.009967896179277678,0.03840652585620306,0.19744304784544678,-0.25953652294920493,0.2983868762033194,5636,,,,[],0,,False,True,
csd-20260805_174708,paired_hierarchical,1,0,0,5d0e9ff5482e9c83,cysB->hslJ,shared_complete_observation_shared_scores,maximum,prefix,complete,0,500,0.6,0.9,biological_error,2151398048,921666314,2151398048,cysB,hslJ,False,identifiable,lrp|phoP|rpoD,500,0.04644716133362651,0.045348935882545204,0.27624792885163657,1.0242172264841172,-0.11824812127832068,5636,,,,[],0,,False,True,
csd-20260805_174708,paired_hierarchical,1,0,0,5d0e9ff5482e9c83,cysB->ssuA,shared_complete_observation_shared_scores,maximum,prefix,complete,0,500,0.6,0.9,biological_error,2151398048,921666314,2151398048,cysB,ssuA,False,identifiable,cpxR|fnr|glnG|ihfA|ihfB|lrp|phoP|rpoD|yeiE,500,0.021005654030307533,0.0452510472578094,0.2676440453570177,0.4642026053150049,-0.2753920820107811,5636,,,,[],0,,False,True,
csd-20260805_174708,paired_hierarchical,1,0,0,5d0e9ff5482e9c83,cysB->ssuB,shared_complete_observation_shared_scores,maximum,prefix,complete,0,500,0.6,0.9,biological_error,2151398048,921666314,2151398048,cysB,ssuB,False,identifiable,cpxR|fnr|glnG|ihfA|ihfB|lrp|phoP|rpoD,500,0.025974948870418957,0.05203579947405879,0.3540814301265981,0.4991745900506083,-0.1028667989796517,5636,,,,[],0,,False,True,
csd-20260805_174708,paired_hierarchical,1,0,0,5d0e9ff5482e9c83,cysB->ssuC,shared_complete_observation_shared_scores,maximum,prefix,complete,0,500,0.6,0.9,biological_error,2151398048,921666314,2151398048,cysB,ssuC,False,identifiable,cpxR|fnr|glnG|ihfA|ihfB|lrp|phoP|rpoD,500,0.01011943141821298,0.03640797674561691,0.1733372004626275,0.2779454482988056,-0.29137919577305793,5636,,,,[],0,,False,True,
csd-20260805_174708,paired_hierarchical,1,0,0,5d0e9ff5482e9c83,cysB->ssuD,shared_complete_observation_shared_scores,maximum,prefix,complete,0,500,0.6,0.9,biological_error,2151398048,921666314,2151398048,cysB,ssuD,False,identifiable,cpxR|fnr|glnG|ihfA|ihfB|lrp|phoP|rpoD,500,-0.008226305550587391,0.042759426461671295,0.2390905607015256,-0.1923857785595251,-0.2589699879989128,5636,,,,[],0,,False,True,
csd-20260805_174708,paired_hierarchical,1,0,0,5d0e9ff5482e9c83,cysB->ssuE,shared_complete_observation_shared_scores,maximum,prefix,complete,0,500,0.6,0.9,biological_error,2151398048,921666314,2151398048,cysB,ssuE,False,identifiable,cpxR|fnr|glnG|ihfA|ihfB|lrp|nac|phoP|rpoD,500,-0.020708416547218614,0.03390563590474048,0.1503138895097815,-0.6107662043384147,-0.11866480173894531,5636,,,,[],0,,False,True,
csd-20260805_174708,paired_hierarchical,1,0,0,5d0e9ff5482e9c83,cysB->tauA,shared_complete_observation_shared_scores,maximum,prefix,complete,0,500,0.6,0.9,biological_error,2151398048,921666314,2151398048,cysB,tauA,False,identifiable,cpxR|fur|glnG|lrp|nac|phoP|rpoD,500,0.06656187506206585,0.04567112520111671,0.27287533799976077,1.4574170171843792,0.7298002170201405,5636,,,,[],0,,False,True,
csd-20260805_174708,paired_hierarchical,1,0,0,5d0e9ff5482e9c83,cysB->tauB,shared_complete_observation_shared_scores,maximum,prefix,complete,0,500,0.6,0.9,biological_error,2151398048,921666314,2151398048,cysB,tauB,False,identifiable,cpxR|fur|glnG|lrp|phoP|rpoD,500,0.03625830521577429,0.05004375474574988,0.32765816482876,0.724532069985289,0.4240205381376478,5636,,,,[],0,,False,True,
csd-20260805_174708,paired_hierarchical,1,0,0,5d0e9ff5482e9c83,cysB->tauC,shared_complete_observation_shared_scores,maximum,prefix,complete,0,500,0.6,0.9,biological_error,2151398048,921666314,2151398048,cysB,tauC,False,identifiable,cpxR|fur|glnG|lrp|phoP|rpoD,500,-0.06387506772354924,0.048829452215307254,0.3119499532885505,-1.3081258303267516,0.3024456440878819,5636,,,,[],0,,False,True,
csd-20260805_174708,paired_hierarchical,1,0,0,5d0e9ff5482e9c83,cysB->tauD,shared_complete_observation_shared_scores,maximum,prefix,complete,0,500,0.6,0.9,biological_error,2151398048,921666314,2151398048,cysB,tauD,False,identifiable,cpxR|glnG|lrp|phoP|rpoD,500,0.017329425200308387,0.046119316296591314,0.2783273007969304,0.37575199703446616,0.2262975345873362,5636,,,,[],0,,False,True,
csd-20260805_174708,paired_hierarchical,1,0,0,5d0e9ff5482e9c83,cysB->tcyJ,shared_complete_observation_shared_scores,maximum,prefix,complete,0,500,0.6,0.9,biological_error,2151398048,921666314,2151398048,cysB,tcyJ,False,identifiable,csgD|flhC|flhD|fliA|hns|ihfA|ihfB|lrp|matA|nsrR|phoP|rpoD|sutR,500,0.12125691984439982,0.0860056619179617,0.9885048806033845,1.4098713635860771,0.1814932782132118,5636,,,,[],0,,False,True,
csd-20260805_174708,paired_hierarchical,1,0,0,5d0e9ff5482e9c83,cysB->tcyP,shared_complete_observation_shared_scores,maximum,prefix,complete,0,500,0.6,0.9,biological_error,2151398048,921666314,2151398048,cysB,tcyP,False,identifiable,lrp|phoP|rpoD,500,0.004308106841083827,0.03254623320064139,0.14228735063621356,0.13236883096502014,0.2883317518922237,5636,,,,[],0,,False,True,
csd-20260805_174708,paired_hierarchical,1,0,0,5d0e9ff5482e9c83,cysB->ybdN,shared_complete_observation_shared_scores,maximum,prefix,complete,0,500,0.6,0.9,biological_error,2151398048,921666314,2151398048,cysB,ybdN,False,identifiable,arcA|citR|fnr|lrp|phoP|rpoD,500,-0.009495149320980365,0.03561889780690313,0.1692244594190384,-0.2665761689891526,0.14945200964825506,5636,,,,[],0,,False,True,
csd-20260805_174708,paired_hierarchical,1,0,0,5d0e9ff5482e9c83,cysB->yciW,shared_complete_observation_shared_scores,maximum,prefix,complete,0,500,0.6,0.9,biological_error,2151398048,921666314,2151398048,cysB,yciW,False,identifiable,lrp|phoP|rpoD,500,-0.0013691847640120158,0.03182223442552611,0.13602732904859946,-0.04302604102852464,0.16542267673327504,5636,,,,[],0,,False,True,
csd-20260805_174708,paired_hierarchical,1,0,0,5d0e9ff5482e9c83,cysB->yfbR,shared_complete_observation_shared_scores,maximum,prefix,complete,0,500,0.6,0.9,biological_error,2151398048,921666314,2151398048,cysB,yfbR,False,identifiable,lrp|phoP|rpoD|rpoH,500,0.04270108327313115,0.03450673749744011,0.15941610960594285,1.2374708932219087,0.3296520297606686,5636,,,,[],0,,False,True,
csd-20260805_174708,paired_hierarchical,1,0,0,5d0e9ff5482e9c83,cysB->ygeH,shared_complete_observation_shared_scores,maximum,prefix,complete,0,500,0.6,0.9,biological_error,2151398048,921666314,2151398048,cysB,ygeH,False,identifiable,lrp|phoP|rpoD,500,0.030356794796622465,0.04163442442480045,0.23284663140693565,0.7291272838766514,0.08827321792312758,5636,,,,[],0,,False,True,
csd-20260805_174708,paired_hierarchical,1,0,0,5d0e9ff5482e9c83,cysB->yoaC,shared_complete_observation_shared_scores,maximum,prefix,complete,0,500,0.6,0.9,biological_error,2151398048,921666314,2151398048,cysB,yoaC,False,identifiable,lrp|phoP|rpoD|rpoE|yeiE,500,0.024070334419211727,0.050630815133763225,0.33700120133561456,0.4754087872300597,0.2645910506419844,5636,,,,[],0,,False,True,
csd-20260805_174708,paired_hierarchical,1,0,0,5d0e9ff5482e9c83,deaD->mntR,shared_complete_observation_shared_scores,maximum,prefix,complete,0,500,0.6,0.9,biological_error,2151398048,921666314,2151398048,deaD,mntR,False,identifiable,alpA|basR|btsR|glaR|glrR|nsrR|ptrR|rcdA,500,0.01663643149210791,0.04307104655894398,0.16700700934372842,0.3862555665867201,0.1554026761334349,5636,,,,[],0,,False,True,
csd-20260805_174708,paired_hierarchical,1,0,0,5d0e9ff5482e9c83,mntR->dps,shared_complete_observation_shared_scores,maximum,prefix,complete,0,500,0.6,0.9,biological_error,2151398048,921666314,2151398048,mntR,dps,False,identifiable,argR|deaD|fis|hns|ihfA|ihfB|oxyR|rpoD|rpoS,500,-0.04977185557694923,0.04784401527486282,0.18704998587556165,-1.0402942832245792,-0.3050832087787979,5636,,,,[],0,,False,True,
csd-20260805_174708,paired_hierarchical,1,0,0,5d0e9ff5482e9c83,mntR->mntH,shared_complete_observation_shared_scores,maximum,prefix,complete,0,500,0.6,0.9,biological_error,2151398048,921666314,2151398048,mntR,mntH,False,identifiable,deaD|fur|nac|oxyR|rpoD,500,0.033665192530232084,0.03656768775447266,0.10789546691966764,0.920626777286853,-0.11676352227949882,5636,,,,[],0,,False,True,
csd-20260805_174708,paired_hierarchical,1,0,0,5d0e9ff5482e9c83,mntR->mntP,shared_complete_observation_shared_scores,maximum,prefix,complete,0,500,0.6,0.9,biological_error,2151398048,921666314,2151398048,mntR,mntP,False,identifiable,deaD|fur|rpoD,500,0.03207454399748565,0.04010756786596915,0.12986569970820747,0.7997130143785298,0.32491063120133273,5636,,,,[],0,,False,True,
csd-20260805_174708,paired_hierarchical,1,0,0,5d0e9ff5482e9c83,mntR->mntS,shared_complete_observation_shared_scores,maximum,prefix,complete,0,500,0.6,0.9,biological_error,2151398048,921666314,2151398048,mntR,mntS,False,identifiable,deaD|rpoD,500,0.041286316513401845,0.058554283745279836,0.2809641148285897,0.7050947236073059,-0.24903755413619333,5636,,,,[],0,,False,True,
csd-20260805_174708,paired_hierarchical,1,0,0,5d0e9ff5482e9c83,uvrY->luxS,shared_complete_observation_shared_scores,maximum,prefix,complete,0,500,0.6,0.9,biological_error,2151398048,921666314,2151398048,uvrY,luxS,False,identifiable,deaD|lexA|nac|rpoD|rpoS,500,0.0016095822506020227,0.03586481482700226,0.09973602699272659,0.04487914571331299,0.2647351697668895,5636,,,,[],0,,False,True,
csd-20260805_174708,paired_hierarchical,1,0,0,5d0e9ff5482e9c83,uvrY->uhpT,shared_complete_observation_shared_scores,maximum,prefix,complete,0,500,0.6,0.9,biological_error,2151398048,921666314,2151398048,uvrY,uhpT,False,identifiable,crp|deaD|lexA|nac|rpoD|uhpA,500,0.010218672678236139,0.07685875274146625,0.4471262446405402,0.13295392279665552,0.27645096642096334,5636,,,,[],0,,False,True,
csd-20260805_174708,paired_hierarchical,1,0,0,5d0e9ff5482e9c83,uvrY->ydeP,shared_complete_observation_shared_scores,maximum,prefix,complete,0,500,0.6,0.9,biological_error,2151398048,921666314,2151398048,uvrY,ydeP,False,identifiable,deaD|evgA|hns|lexA|nac|nagC|narL|narP|phoP|rcsB|rpoD,500,0.0801760555518565,0.08367747083468642,0.5205909576194375,0.9581558184311363,0.10178049269186655,5636,,,,[],0,,False,True,
csd-20260805_174708,paired_hierarchical,1,0,0,5d0e9ff5482e9c83,decR->cyuA,shared_complete_observation_shared_scores,maximum,prefix,complete,0,500,0.6,0.9,biological_error,2151398048,921666314,2151398048,decR,cyuA,False,identifiable,marA|rpoD|soxS,500,0.14501423577435027,0.03454606921933045,0.13979234984475608,4.197705818675508,0.19125323812457692,5636,,,,[],0,,False,True,
csd-20260805_174708,paired_hierarchical,1,0,0,5d0e9ff5482e9c83,decR->cyuP,shared_complete_observation_shared_scores,maximum,prefix,complete,0,500,0.6,0.9,biological_error,2151398048,921666314,2151398048,decR,cyuP,False,identifiable,marA|rpoD|soxS,500,-0.00230742959797988,0.032492292392453076,0.12366500885452573,-0.07101467542240333,0.23497326439910468,5636,,,,[],0,,False,True,
csd-20260805_174708,paired_hierarchical,1,0,0,5d0e9ff5482e9c83,deoR->deoA,shared_complete_observation_shared_scores,maximum,prefix,complete,0,500,0.6,0.9,biological_error,2151398048,921666314,2151398048,deoR,deoA,False,identifiable,crp|cytR|fis|modE|rpoD,500,0.06565051433798652,0.1030780502973793,0.5561371862801661,0.6369010099491147,-0.18889372143359512,5636,,,,[],0,,False,True,
csd-20260805_174708,paired_hierarchical,1,0,0,5d0e9ff5482e9c83,deoR->deoB,shared_complete_observation_shared_scores,maximum,prefix,complete,0,500,0.6,0.9,biological_error,2151398048,921666314,2151398048,deoR,deoB,False,identifiable,crp|cytR|fis|lrp|modE|rpoD,500,-0.20743253808504508,0.05442353256214166,0.1550308352283993,-3.811449355078068,-0.2816245675264687,5636,,,,[],0,,False,True,
csd-20260805_174708,paired_hierarchical,1,0,0,5d0e9ff5482e9c83,deoR->deoC,shared_complete_observation_shared_scores,maximum,prefix,complete,0,500,0.6,0.9,biological_error,2151398048,921666314,2151398048,deoR,deoC,False,identifiable,crp|cytR|fis|modE|rpoD,500,0.3239662192794466,0.09485050223286806,0.47090013419238247,3.415545639221552,-0.06218844705569409,5636,,,,[],0,,False,True,
csd-20260805_174708,paired_hierarchical,1,0,0,5d0e9ff5482e9c83,deoR->deoD,shared_complete_observation_shared_scores,maximum,prefix,complete,0,500,0.6,0.9,biological_error,2151398048,921666314,2151398048,deoR,deoD,False,identifiable,crp|cytR|fis|modE|rpoD,500,0.009784363397444415,0.06396520946348097,0.2141594275663827,0.1529638295491005,-0.18975518218128687,5636,,,,[],0,,False,True,
csd-20260805_174708,paired_hierarchical,1,0,0,5d0e9ff5482e9c83,deoR->nupG,shared_complete_observation_shared_scores,maximum,prefix,complete,0,500,0.6,0.9,biological_error,2151398048,921666314,2151398048,deoR,nupG,False,identifiable,crp|cytR|rpoD,500,0.10674565312537129,0.08164213154804706,0.3493178756204943,1.3074824370864278,-0.0746585440309413,5636,,,,[],0,,False,True,
csd-20260805_174708,paired_hierarchical,1,0,0,5d0e9ff5482e9c83,deoR->tsx,shared_complete_observation_shared_scores,maximum,prefix,complete,0,500,0.6,0.9,biological_error,2151398048,921666314,2151398048,deoR,tsx,False,identifiable,crp|cytR|rpoD,500,-0.006873087665600085,0.058747463648566575,0.18087160102553415,-0.11699377707122148,-0.2394113219400979,5636,,,,[],0,,False,True,
csd-20260805_174708,paired_hierarchical,1,0,0,5d0e9ff5482e9c83,dhaR->dhaK,shared_complete_observation_shared_scores,maximum,prefix,complete,0,500,0.6,0.9,biological_error,2151398048,921666314,2151398048,dhaR,dhaK,False,identifiable,lrp|nac|rpoS|srsR,500,0.04094370016706113,0.08346860704693813,0.43279783662116517,0.49052813525493066,0.1534621795153991,5636,,,,[],0,,False,True,
csd-20260805_174708,paired_hierarchical,1,0,0,5d0e9ff5482e9c83,dhaR->dhaL,shared_complete_observation_shared_scores,maximum,prefix,complete,0,500,0.6,0.9,biological_error,2151398048,921666314,2151398048,dhaR,dhaL,False,identifiable,nac|rpoS|srsR,500,0.003361120659610322,0.04127916898187205,0.10589352396714975,0.08142413576897284,0.08962556235284977,5636,,,,[],0,,False,True,
csd-20260805_174708,paired_hierarchical,1,0,0,5d0e9ff5482e9c83,dhaR->dhaM,shared_complete_observation_shared_scores,maximum,prefix,complete,0,500,0.6,0.9,biological_error,2151398048,921666314,2151398048,dhaR,dhaM,False,identifiable,nac|rpoS|srsR,500,0.06637053974471124,0.06787650508713607,0.2863165519585842,0.9778131572848138,0.30954337699434825,5636,,,,[],0,,False,True,
csd-20260805_174708,paired_hierarchical,1,0,0,5d0e9ff5482e9c83,dicA->dicB,shared_complete_observation_shared_scores,maximum,prefix,complete,0,500,0.6,0.9,biological_error,2151398048,921666314,2151398048,dicA,dicB,False,identifiable,dicD|rpoD,500,-0.04985143834145793,0.03794730524908152,0.12352425323167641,-1.3137016716796917,-0.12030279162379634,5636,,,,[],0,,False,True,
csd-20260805_174708,paired_hierarchical,1,0,0,5d0e9ff5482e9c83,dicA->dicC,shared_complete_observation_shared_scores,maximum,prefix,complete,0,500,0.6,0.9,biological_error,2151398048,921666314,2151398048,dicA,dicC,False,identifiable,dicD|rpoD,500,-0.0005866728559329962,0.04567152382214121,0.1789292573865679,-0.012845484600375469,-0.2750592498475789,5636,,,,[],0,,False,True,
csd-20260805_174708,paired_hierarchical,1,0,0,5d0e9ff5482e9c83,dicA->insD7,shared_complete_observation_shared_scores,maximum,prefix,complete,0,500,0.6,0.9,biological_error,2151398048,921666314,2151398048,dicA,insD7,False,identifiable,dicD|rpoD,500,0.0033608920369869073,0.047077433086200146,0.19011479035507842,0.07139072410411622,-0.1325018899618088,5636,,,,[],0,,False,True,
csd-20260805_174708,paired_hierarchical,1,0,0,5d0e9ff5482e9c83,dicA->intQ,shared_complete_observation_shared_scores,maximum,prefix,complete,0,500,0.6,0.9,biological_error,2151398048,921666314,2151398048,dicA,intQ,False,identifiable,dicD|rpoD,500,-0.0806728918653431,0.04365546486887408,0.1634811145382445,-1.8479448588545917,-0.224984618617155,5636,,,,[],0,,False,True,
csd-20260805_174708,paired_hierarchical,1,0,0,5d0e9ff5482e9c83,dicA->ydfD,shared_complete_observation_shared_scores,maximum,prefix,complete,0,500,0.6,0.9,biological_error,2151398048,921666314,2151398048,dicA,ydfD,False,identifiable,dicD|rpoD,500,-0.1696904632412777,0.06373488546943275,0.34845345492276597,-2.662442428372469,-0.37740446180633225,5636,,,,[],0,,False,True,
csd-20260805_174708,paired_hierarchical,1,0,0,5d0e9ff5482e9c83,dicA->ydfW,shared_complete_observation_shared_scores,maximum,prefix,complete,0,500,0.6,0.9,biological_error,2151398048,921666314,2151398048,dicA,ydfW,False,identifiable,dicD|rpoD,500,0.07124541518586669,0.050714779083231236,0.22062739209750232,1.404825505972161,-0.2582068338273763,5636,,,,[],0,,False,True,
csd-20260805_174708,paired_hierarchical,1,0,0,5d0e9ff5482e9c83,dicA->ydfX,shared_complete_observation_shared_scores,maximum,prefix,complete,0,500,0.6,0.9,biological_error,2151398048,921666314,2151398048,dicA,ydfX,False,identifiable,dicD|rpoD,500,-0.05800329876436253,0.05225946729625703,0.2342719607342999,-1.1099098740433753,-0.1819892048635385,5636,,,,[],0,,False,True,
csd-20260805_174708,paired_hierarchical,1,0,0,5d0e9ff5482e9c83,dicD->dicA,shared_complete_observation_shared_scores,maximum,prefix,complete,0,500,0.6,0.9,biological_error,2151398048,921666314,2151398048,dicD,dicA,False,identifiable,,500,-0.031026432228449655,0.04427918804074108,0.1722782743829312,-0.7007001167208029,-0.29226083968807315,5636,,,,[],0,,False,True,
csd-20260805_174708,paired_hierarchical,1,0,0,5d0e9ff5482e9c83,dicD->dicB,shared_complete_observation_shared_scores,maximum,prefix,complete,0,500,0.6,0.9,biological_error,2151398048,921666314,2151398048,dicD,dicB,False,identifiable,rpoD,500,-0.07895111145823316,0.037535640356191065,0.12370464638144917,-2.1033639151759163,-0.21383494315223323,5636,,,,[],0,,False,True,
csd-20260805_174708,paired_hierarchical,1,0,0,5d0e9ff5482e9c83,dicD->dicC,shared_complete_observation_shared_scores,maximum,prefix,complete,0,500,0.6,0.9,biological_error,2151398048,921666314,2151398048,dicD,dicC,False,identifiable,rpoD,500,-0.006391325453842467,0.04509768191362524,0.17856929816543998,-0.1417218176775395,-0.2598635972642823,5636,,,,[],0,,False,True,
csd-20260805_174708,paired_hierarchical,1,0,0,5d0e9ff5482e9c83,dicF->ftsZ,shared_complete_observation_shared_scores,maximum,prefix,complete,0,500,0.6,0.9,biological_error,2151398048,921666314,2151398048,dicF,ftsZ,False,identifiable,argR|lexA|mraZ|pdhR|rcsB|rpoD|rpoS|sdiA,500,-0.050115579281391875,0.09724231186769662,0.41199021358492094,-0.5153680359798193,-0.1532899081090858,5636,,,,[],0,,False,True,
csd-20260805_174708,paired_hierarchical,1,0,0,5d0e9ff5482e9c83,dicF->manX,shared_complete_observation_shared_scores,maximum,prefix,complete,0,500,0.6,0.9,biological_error,2151398048,921666314,2151398048,dicF,manX,False,identifiable,cra|crp|fur|hfq|mlc|nagC|rpoD,500,0.019679219272977458,0.08630849568484182,0.32114887452869595,0.2280102221319758,-0.23231380329018986,5636,,,,[],0,,False,True,
csd-20260805_174708,paired_hierarchical,1,0,0,5d0e9ff5482e9c83,dicF->pykA,shared_complete_observation_shared_scores,maximum,prefix,complete,0,500,0.6,0.9,biological_error,2151398048,921666314,2151398048,dicF,pykA,False,identifiable,fnr|rpoD|rpoS,500,-0.08547203487749802,0.06384884947676955,0.17849216971144566,-1.3386620992849017,-0.1857447260349376,5636,,,,[],0,,False,True,
csd-20260805_174708,paired_hierarchical,1,0,0,5d0e9ff5482e9c83,dicF->xylR,shared_complete_observation_shared_scores,maximum,prefix,complete,0,500,0.6,0.9,biological_error,2151398048,921666314,2151398048,dicF,xylR,False,identifiable,arcA|crp|fis,500,-0.08605755778486646,0.07933396392099126,0.27439541340172724,-1.0847505095115533,-0.22524776284955367,5636,,,,[],0,,False,True,
csd-20260805_174708,paired_hierarchical,1,0,0,5d0e9ff5482e9c83,rplA->rplJ,shared_complete_observation_shared_scores,maximum,prefix,complete,0,500,0.6,0.9,biological_error,2151398048,921666314,2151398048,rplA,rplJ,False,identifiable,dksA,500,0.00802141804501861,0.03774610122406243,0.1309515769955229,0.21250984300082112,-0.3035140855596459,5636,,,,[],0,,False,True,
csd-20260805_174708,paired_hierarchical,1,0,0,5d0e9ff5482e9c83,rplA->rplK,shared_complete_observation_shared_scores,maximum,prefix,complete,0,500,0.6,0.9,biological_error,2151398048,921666314,2151398048,rplA,rplK,False,identifiable,dksA,500,0.017419675287840428,0.040865185129075624,0.15348766308105427,0.4262717820271493,-0.19611634271549627,5636,,,,[],0,,False,True,
csd-20260805_174708,paired_hierarchical,1,0,0,5d0e9ff5482e9c83,rplA->rplL,shared_complete_observation_shared_scores,maximum,prefix,complete,0,500,0.6,0.9,biological_error,2151398048,921666314,2151398048,rplA,rplL,False,identifiable,dksA,500,0.011063689058632024,0.037025204372535536,0.12599736455924493,0.29881507060198215,-0.10815605107295094,5636,,,,[],0,,False,True,
csd-20260805_174708,paired_hierarchical,1,0,0,5d0e9ff5482e9c83,rplA->rpoB,shared_complete_observation_shared_scores,maximum,prefix,complete,0,500,0.6,0.9,biological_error,2151398048,921666314,2151398048,rplA,rpoB,False,identifiable,dksA,500,0.005471910172738688,0.0371636321426642,0.12694126962240848,0.1472383041499564,-0.12089438377655297,5636,,,,[],0,,False,True,
csd-20260805_174708,paired_hierarchical,1,0,0,5d0e9ff5482e9c83,rplA->rpoC,shared_complete_observation_shared_scores,maximum,prefix,complete,0,500,0.6,0.9,biological_error,2151398048,921666314,2151398048,rplA,rpoC,False,identifiable,dksA,500,-0.09126301630902614,0.042452613817858045,0.16564388292434742,-2.1497620076018875,-0.5080948956767296,5636,,,,[],0,,False,True,
csd-20260805_174708,paired_hierarchical,1,0,0,5d0e9ff5482e9c83,rplT->rpmI,shared_complete_observation_shared_scores,maximum,prefix,complete,0,500,0.6,0.9,biological_error,2151398048,921666314,2151398048,rplT,rpmI,False,identifiable,dksA|fnr|nsrR|rpoD,500,-0.021380959739821,0.0648423595599637,0.2524292409591808,-0.32973753399656464,-0.3688204070391086,5636,,,,[],0,,False,True,
csd-20260805_174708,paired_hierarchical,1,0,0,5d0e9ff5482e9c83,rpoD->3'ETS-<i>leuZ</i>,shared_complete_observation_shared_scores,maximum,prefix,complete,0,500,0.6,0.9,biological_error,2151398048,921666314,2151398048,rpoD,3'ETS-<i>leuZ</i>,False,estimation_error,alpA|basR|btsR|glaR|glrR|nsrR|ptrR|rcdA,500,,,,,0.07187244472257437,5636,PatsyError('error tokenizing input (unterminated string literal (detected at line 1))'),,,[],0,,False,True,
csd-20260805_174708,paired_hierarchical,1,0,0,5d0e9ff5482e9c83,rpoD->acpS,shared_complete_observation_shared_scores,maximum,prefix,complete,0,500,0.6,0.9,biological_error,2151398048,921666314,2151398048,rpoD,acpS,False,identifiable,alpA|basR|btsR|glaR|glrR|nsrR|ptrR|rcdA,500,-0.0015054106756247961,0.019941132691520362,0.17910262868305507,-0.07549273649159093,0.12123979365236447,5636,,,,[],0,,False,True,
csd-20260805_174708,paired_hierarchical,1,0,0,5d0e9ff5482e9c83,rpoD->agaB,shared_complete_observation_shared_scores,maximum,prefix,complete,0,500,0.6,0.9,biological_error,2151398048,921666314,2151398048,rpoD,agaB,False,identifiable,alpA|basR|btsR|glaR|glrR|nsrR|ptrR|rcdA,500,0.05579534132874772,0.028178150719431652,0.357624520728214,1.9800923731404154,0.3089840652583991,5636,,,,[],0,,False,True,
csd-20260805_174708,paired_hierarchical,1,0,0,5d0e9ff5482e9c83,rpoD->agaC,shared_complete_observation_shared_scores,maximum,prefix,complete,0,500,0.6,0.9,biological_error,2151398048,921666314,2151398048,rpoD,agaC,False,identifiable,alpA|basR|btsR|glaR|glrR|nsrR|ptrR|rcdA,500,0.04128765864920883,0.019178277948232184,0.1656614774542269,2.152834512079571,0.1989297163431422,5636,,,,[],0,,False,True,
csd-20260805_174708,paired_hierarchical,1,0,0,5d0e9ff5482e9c83,rpoD->agaD,shared_complete_observation_shared_scores,maximum,prefix,complete,0,500,0.6,0.9,biological_error,2151398048,921666314,2151398048,rpoD,agaD,False,identifiable,alpA|basR|btsR|glaR|glrR|nsrR|ptrR|rcdA,500,-0.00561101014700845,0.014326873214644105,0.09244962386125241,-0.3916423397446694,0.15017208639341284,5636,,,,[],0,,False,True,
csd-20260805_174708,paired_hierarchical,1,0,0,5d0e9ff5482e9c83,rpoD->agaI,shared_complete_observation_shared_scores,maximum,prefix,complete,0,500,0.6,0.9,biological_error,2151398048,921666314,2151398048,rpoD,agaI,False,identifiable,alpA|basR|btsR|glaR|glrR|nsrR|ptrR|rcdA,500,0.021100173402433607,0.017844800060336362,0.14342527324031948,1.1824270000835124,0.29146868476237237,5636,,,,[],0,,False,True,
csd-20260805_174708,paired_hierarchical,1,0,0,5d0e9ff5482e9c83,rpoD->agaR,shared_complete_observation_shared_scores,maximum,prefix,complete,0,500,0.6,0.9,biological_error,2151398048,921666314,2151398048,rpoD,agaR,False,identifiable,alpA|basR|btsR|glaR|glrR|nsrR|ptrR|rcdA,500,0.006182613432225682,0.013352454645661052,0.08030166242240941,0.46303197399249385,0.18866628019417953,5636,,,,[],0,,False,True,
csd-20260805_174708,paired_hierarchical,1,0,0,5d0e9ff5482e9c83,rpoD->agaS,shared_complete_observation_shared_scores,maximum,prefix,complete,0,500,0.6,0.9,biological_error,2151398048,921666314,2151398048,rpoD,agaS,False,identifiable,alpA|basR|btsR|glaR|glrR|nsrR|ptrR|rcdA,500,0.08133329391353217,0.031122743704945867,0.4362727284754508,2.613307319065417,0.14173018880913912,5636,,,,[],0,,False,True,
csd-20260805_174708,paired_hierarchical,1,0,0,5d0e9ff5482e9c83,rpoD->alsA,shared_complete_observation_shared_scores,maximum,prefix,complete,0,500,0.6,0.9,biological_error,2151398048,921666314,2151398048,rpoD,alsA,False,identifiable,alpA|basR|btsR|glaR|glrR|nsrR|ptrR|rcdA,500,0.04217129514600378,0.0345670566056916,0.5381794554656953,1.219985132869546,0.15299450809937232,5636,,,,[],0,,False,True,
csd-20260805_174708,paired_hierarchical,1,0,0,5d0e9ff5482e9c83,rpoD->alsB,shared_complete_observation_shared_scores,maximum,prefix,complete,0,500,0.6,0.9,biological_error,2151398048,921666314,2151398048,rpoD,alsB,False,identifiable,alpA|basR|btsR|glaR|glrR|nsrR|ptrR|rcdA,500,0.006807827761571655,0.01846962941300038,0.15364508654015943,0.36859579633903045,0.17433298157776464,5636,,,,[],0,,False,True,
csd-20260805_174708,paired_hierarchical,1,0,0,5d0e9ff5482e9c83,rpoD->alsC,shared_complete_observation_shared_scores,maximum,prefix,complete,0,500,0.6,0.9,biological_error,2151398048,921666314,2151398048,rpoD,alsC,False,identifiable,alpA|basR|btsR|glaR|glrR|nsrR|ptrR|rcdA,500,0.0028096036543269424,0.025737694475937038,0.2983606850782763,0.10916298881990875,0.49840060033477857,5636,,,,[],0,,False,True,
csd-20260805_174708,paired_hierarchical,1,0,0,5d0e9ff5482e9c83,rpoD->alsE,shared_complete_observation_shared_scores,maximum,prefix,complete,0,500,0.6,0.9,biological_error,2151398048,921666314,2151398048,rpoD,alsE,False,identifiable,alpA|basR|btsR|glaR|glrR|nsrR|ptrR|rcdA,500,0.020639995044267882,0.032180668908866616,0.4664364137047142,0.6413786830447462,0.8181063051947165,5636,,,,[],0,,False,True,
csd-20260805_174708,paired_hierarchical,1,0,0,5d0e9ff5482e9c83,rpoD->alsR,shared_complete_observation_shared_scores,maximum,prefix,complete,0,500,0.6,0.9,biological_error,2151398048,921666314,2151398048,rpoD,alsR,False,identifiable,alpA|basR|btsR|glaR|glrR|nsrR|ptrR|rcdA,500,0.03191236704134199,0.015095900347562653,0.10264087691913694,2.1139757355707824,0.2423222566983105,5636,,,,[],0,,False,True,
csd-20260805_174708,paired_hierarchical,1,0,0,5d0e9ff5482e9c83,rpoD->ampG,shared_complete_observation_shared_scores,maximum,prefix,complete,0,500,0.6,0.9,biological_error,2151398048,921666314,2151398048,rpoD,ampG,False,identifiable,alpA|basR|btsR|glaR|glrR|nsrR|ptrR|rcdA,500,0.07851934038589523,0.02324985746090787,0.24346856871023234,3.377196635201615,0.2408277377743384,5636,,,,[],0,,False,True,
csd-20260805_174708,paired_hierarchical,1,0,0,5d0e9ff5482e9c83,rpoD->amyA,shared_complete_observation_shared_scores,maximum,prefix,complete,0,500,0.6,0.9,biological_error,2151398048,921666314,2151398048,rpoD,amyA,False,identifiable,alpA|basR|btsR|glaR|glrR|nsrR|ptrR|rcdA,500,-0.010099680460768354,0.015746636097662425,0.11168064037732035,-0.6413865411081445,0.176179157979505,5636,,,,[],0,,False,True,
csd-20260805_174708,paired_hierarchical,1,0,0,5d0e9ff5482e9c83,rpoD->apt,shared_complete_observation_shared_scores,maximum,prefix,complete,0,500,0.6,0.9,biological_error,2151398048,921666314,2151398048,rpoD,apt,False,identifiable,alpA|basR|btsR|glaR|glrR|nsrR|ptrR|rcdA,500,0.09855553300061333,0.025226410722778855,0.28662445244717183,3.9068393075682386,0.36563542348632927,5636,,,,[],0,,False,True,
csd-20260805_174708,paired_hierarchical,1,0,0,5d0e9ff5482e9c83,rpoD->arfA,shared_complete_observation_shared_scores,maximum,prefix,complete,0,500,0.6,0.9,biological_error,2151398048,921666314,2151398048,rpoD,arfA,False,identifiable,alpA|basR|btsR|glaR|glrR|nsrR|ptrR|rcdA,500,-0.05448322705841155,0.021699869482835314,0.2120882246560296,-2.510762891984581,0.1386411324966613,5636,,,,[],0,,False,True,
csd-20260805_174708,paired_hierarchical,1,0,0,5d0e9ff5482e9c83,rpoD->argQ,shared_complete_observation_shared_scores,maximum,prefix,complete,0,500,0.6,0.9,biological_error,2151398048,921666314,2151398048,rpoD,argQ,False,identifiable,alpA|basR|btsR|glaR|glrR|nsrR|ptrR|rcdA,500,-0.016791208253504195,0.018624248369714175,0.15622834159902962,-0.9015777668004697,0.22097823798176827,5636,,,,[],0,,False,True,
csd-20260805_174708,paired_hierarchical,1,0,0,5d0e9ff5482e9c83,rpoD->argV,shared_complete_observation_shared_scores,maximum,prefix,complete,0,500,0.6,0.9,biological_error,2151398048,921666314,2151398048,rpoD,argV,False,identifiable,alpA|basR|btsR|glaR|glrR|nsrR|ptrR|rcdA,500,0.054285435610803165,0.030006307318372224,0.4055341379600788,1.8091341608557527,0.34909989666841656,5636,,,,[],0,,False,True,
csd-20260805_174708,paired_hierarchical,1,0,0,5d0e9ff5482e9c83,rpoD->argY,shared_complete_observation_shared_scores,maximum,prefix,complete,0,500,0.6,0.9,biological_error,2151398048,921666314,2151398048,rpoD,argY,False,identifiable,alpA|basR|btsR|glaR|glrR|nsrR|ptrR|rcdA,500,0.016708321846625396,0.0178293208747452,0.14317655725385922,0.9371260949312057,0.337313333039333,5636,,,,[],0,,False,True,
csd-20260805_174708,paired_hierarchical,1,0,0,5d0e9ff5482e9c83,rpoD->argZ,shared_complete_observation_shared_scores,maximum,prefix,complete,0,500,0.6,0.9,biological_error,2151398048,921666314,2151398048,rpoD,argZ,False,identifiable,alpA|basR|btsR|glaR|glrR|nsrR|ptrR|rcdA,500,-0.0027713299120665762,0.01563766489604566,0.11014026519314735,-0.17722146691910312,0.3188558161140553,5636,,,,[],0,,False,True,
csd-20260805_174708,paired_hierarchical,1,0,0,5d0e9ff5482e9c83,rpoD->aroB,shared_complete_observation_shared_scores,maximum,prefix,complete,0,500,0.6,0.9,biological_error,2151398048,921666314,2151398048,rpoD,aroB,False,identifiable,alpA|basR|btsR|glaR|glrR|nsrR|ptrR|rcdA,500,-0.006192044282530048,0.017303983504364035,0.13486352228468118,-0.3578392386336028,0.10167851566392186,5636,,,,[],0,,False,True,
csd-20260805_174708,paired_hierarchical,1,0,0,5d0e9ff5482e9c83,rpoD->aroH,shared_complete_observation_shared_scores,maximum,prefix,complete,0,500,0.6,0.9,biological_error,2151398048,921666314,2151398048,rpoD,aroH,False,identifiable,alpA|basR|btsR|glaR|glrR|nsrR|ptrR|rcdA,500,0.024606755232141314,0.018908872873180438,0.16103993899287372,1.3013337916636225,0.2119609791943815,5636,,,,[],0,,False,True,
csd-20260805_174708,paired_hierarchical,1,0,0,5d0e9ff5482e9c83,rpoD->arsB,shared_complete_observation_shared_scores,maximum,prefix,complete,0,500,0.6,0.9,biological_error,2151398048,921666314,2151398048,rpoD,arsB,False,identifiable,alpA|basR|btsR|glaR|glrR|nsrR|ptrR|rcdA,500,0.008350897210254145,0.022219803754508393,0.22237335639136832,0.3758312765728073,0.441871146881909,5636,,,,[],0,,False,True,
csd-20260805_174708,paired_hierarchical,1,0,0,5d0e9ff5482e9c83,rpoD->arsC,shared_complete_observation_shared_scores,maximum,prefix,complete,0,500,0.6,0.9,biological_error,2151398048,921666314,2151398048,rpoD,arsC,False,identifiable,alpA|basR|btsR|glaR|glrR|nsrR|ptrR|rcdA,500,0.021291550858160136,0.01705658606443314,0.1310347647126834,1.2482891229070663,0.31889638472786674,5636,,,,[],0,,False,True,
csd-20260805_174708,paired_hierarchical,1,0,0,5d0e9ff5482e9c83,rpoD->arsR,shared_complete_observation_shared_scores,maximum,prefix,complete,0,500,0.6,0.9,biological_error,2151398048,921666314,2151398048,rpoD,arsR,False,identifiable,alpA|basR|btsR|glaR|glrR|nsrR|ptrR|rcdA,500,0.013216815028858301,0.018815927931154334,0.1594606739242463,0.7024269585437057,0.32318964405139,5636,,,,[],0,,False,True,
csd-20260805_174708,paired_hierarchical,1,0,0,5d0e9ff5482e9c83,rpoD->asnU,shared_complete_observation_shared_scores,maximum,prefix,complete,0,500,0.6,0.9,biological_error,2151398048,921666314,2151398048,rpoD,asnU,False,identifiable,alpA|basR|btsR|glaR|glrR|nsrR|ptrR|rcdA,500,0.010591006058704628,0.01842534191841605,0.15290913265428613,0.5748064869352011,0.3242569955676153,5636,,,,[],0,,False,True,
csd-20260805_174708,paired_hierarchical,1,0,0,5d0e9ff5482e9c83,rpoD->atpC,shared_complete_observation_shared_scores,maximum,prefix,complete,0,500,0.6,0.9,biological_error,2151398048,921666314,2151398048,rpoD,atpC,False,identifiable,alpA|basR|btsR|glaR|glrR|nsrR|ptrR|rcdA,500,0.017293101507231255,0.015626389723101927,0.1099814943225967,1.1066600675948377,0.10552203296086414,5636,,,,[],0,,False,True,
csd-20260805_174708,paired_hierarchical,1,0,0,5d0e9ff5482e9c83,rpoD->atpD,shared_complete_observation_shared_scores,maximum,prefix,complete,0,500,0.6,0.9,biological_error,2151398048,921666314,2151398048,rpoD,atpD,False,identifiable,alpA|basR|btsR|glaR|glrR|nsrR|ptrR|rcdA,500,0.006123777099924448,0.022871680509373996,0.23561257456997822,0.26774495636272144,0.2620039792893895,5636,,,,[],0,,False,True,
csd-20260805_174708,paired_hierarchical,1,0,0,5d0e9ff5482e9c83,rpoD->atpE,shared_complete_observation_shared_scores,maximum,prefix,complete,0,500,0.6,0.9,biological_error,2151398048,921666314,2151398048,rpoD,atpE,False,identifiable,alpA|basR|btsR|glaR|glrR|nsrR|ptrR|rcdA,500,0.04320110619848083,0.025769217875209055,0.29909199400107767,1.6764616763957707,0.4018546277073528,5636,,,,[],0,,False,True,
csd-20260805_174708,paired_hierarchical,1,0,0,5d0e9ff5482e9c83,rpoD->atpF,shared_complete_observation_shared_scores,maximum,prefix,complete,0,500,0.6,0.9,biological_error,2151398048,921666314,2151398048,rpoD,atpF,False,identifiable,alpA|basR|btsR|glaR|glrR|nsrR|ptrR|rcdA,500,0.08152060484549173,0.040033795525324704,0.7218647694194242,2.0362946799266926,0.6499119200667811,5636,,,,[],0,,False,True,
csd-20260805_174708,paired_hierarchical,1,0,0,5d0e9ff5482e9c83,rpoD->atpG,shared_complete_observation_shared_scores,maximum,prefix,complete,0,500,0.6,0.9,biological_error,2151398048,921666314,2151398048,rpoD,atpG,False,identifiable,alpA|basR|btsR|glaR|glrR|nsrR|ptrR|rcdA,500,0.1120724364454513,0.03453014418489744,0.5370306796204227,3.2456405581552357,0.4534124752735266,5636,,,,[],0,,False,True,
csd-20260805_174708,paired_hierarchical,1,0,0,5d0e9ff5482e9c83,rpoD->azoR,shared_complete_observation_shared_scores,maximum,prefix,complete,0,500,0.6,0.9,biological_error,2151398048,921666314,2151398048,rpoD,azoR,False,identifiable,alpA|basR|btsR|glaR|glrR|nsrR|ptrR|rcdA,500,0.02934930030301891,0.020253806328000307,0.18476326107274424,1.4490757849523002,0.40378165252317666,5636,,,,[],0,,False,True,
csd-20260805_174708,paired_hierarchical,1,0,0,5d0e9ff5482e9c83,rpoD->bcp,shared_complete_observation_shared_scores,maximum,prefix,complete,0,500,0.6,0.9,biological_error,2151398048,921666314,2151398048,rpoD,bcp,False,identifiable,alpA|basR|btsR|glaR|glrR|nsrR|ptrR|rcdA,500,0.019111477432130937,0.017133851755562812,0.1322246186965643,1.1154221306908445,0.2220869208685665,5636,,,,[],0,,False,True,
csd-20260805_174708,paired_hierarchical,1,0,0,5d0e9ff5482e9c83,rpoD->bcsE,shared_complete_observation_shared_scores,maximum,prefix,complete,0,500,0.6,0.9,biological_error,2151398048,921666314,2151398048,rpoD,bcsE,False,identifiable,alpA|basR|btsR|glaR|glrR|nsrR|ptrR|rcdA,500,0.0019896638579782683,0.016676893957303335,0.1252658379057947,0.11930662046975073,0.1066614746807049,5636,,,,[],0,,False,True,
csd-20260805_174708,paired_hierarchical,1,0,0,5d0e9ff5482e9c83,rpoD->bcsF,shared_complete_observation_shared_scores,maximum,prefix,complete,0,500,0.6,0.9,biological_error,2151398048,921666314,2151398048,rpoD,bcsF,False,identifiable,alpA|basR|btsR|glaR|glrR|nsrR|ptrR|rcdA,500,-0.015592588911398036,0.022503654379099465,0.2280911377501026,-0.6928914143775616,0.13178221577989002,5636,,,,[],0,,False,True,
csd-20260805_174708,paired_hierarchical,1,0,0,5d0e9ff5482e9c83,rpoD->bcsG,shared_complete_observation_shared_scores,maximum,prefix,complete,0,500,0.6,0.9,biological_error,2151398048,921666314,2151398048,rpoD,bcsG,False,identifiable,alpA|basR|btsR|glaR|glrR|nsrR|ptrR|rcdA,500,0.0530909517524773,0.018733976217075603,0.15807465491200148,2.8339393163148183,0.18018461011896336,5636,,,,[],0,,False,True,
csd-20260805_174708,paired_hierarchical,1,0,0,5d0e9ff5482e9c83,rpoD->bdcA,shared_complete_observation_shared_scores,maximum,prefix,complete,0,500,0.6,0.9,biological_error,2151398048,921666314,2151398048,rpoD,bdcA,False,identifiable,alpA|basR|btsR|glaR|glrR|nsrR|ptrR|rcdA,500,0.007641371591840808,0.021002805824596734,0.1986812793174661,0.36382622663167563,0.31521494297258834,5636,,,,[],0,,False,True,
csd-20260805_174708,paired_hierarchical,1,0,0,5d0e9ff5482e9c83,rpoD->bioA,shared_complete_observation_shared_scores,maximum,prefix,complete,0,500,0.6,0.9,biological_error,2151398048,921666314,2151398048,rpoD,bioA,False,identifiable,alpA|basR|birA|btsR|glaR|glrR|nsrR|ptrR|rcdA,500,-0.0037932113884872245,0.01774038304433223,0.14174766862714758,-0.21381789666030324,0.17687602477715086,5636,,,,[],0,,False,True,
csd-20260805_174708,paired_hierarchical,1,0,0,5d0e9ff5482e9c83,rpoD->bioB,shared_complete_observation_shared_scores,maximum,prefix,complete,0,500,0.6,0.9,biological_error,2151398048,921666314,2151398048,rpoD,bioB,False,identifiable,alpA|basR|birA|btsR|glaR|glrR|nsrR|ptrR|rcdA,500,-0.010608264779303118,0.022925099552284223,0.23670770770111396,-0.4627358217184329,0.1916271587799797,5636,,,,[],0,,False,True,
csd-20260805_174708,paired_hierarchical,1,0,0,5d0e9ff5482e9c83,rpoD->bioC,shared_complete_observation_shared_scores,maximum,prefix,complete,0,500,0.6,0.9,biological_error,2151398048,921666314,2151398048,rpoD,bioC,False,identifiable,alpA|basR|birA|btsR|glaR|glrR|nsrR|ptrR|rcdA,500,0.07044781834575213,0.021569283081002553,0.20953730782780047,3.2661177509325765,0.19407519261500805,5636,,,,[],0,,False,True,
csd-20260805_174708,paired_hierarchical,1,0,0,5d0e9ff5482e9c83,rpoD->bioD,shared_complete_observation_shared_scores,maximum,prefix,complete,0,500,0.6,0.9,biological_error,2151398048,921666314,2151398048,rpoD,bioD,False,identifiable,alpA|basR|birA|btsR|glaR|glrR|nsrR|ptrR|rcdA,500,0.009391767082739932,0.015186569377970026,0.1038745836770126,0.6184258504335968,0.10125323442736532,5636,,,,[],0,,False,True,
csd-20260805_174708,paired_hierarchical,1,0,0,5d0e9ff5482e9c83,rpoD->bioF,shared_complete_observation_shared_scores,maximum,prefix,complete,0,500,0.6,0.9,biological_error,2151398048,921666314,2151398048,rpoD,bioF,False,identifiable,alpA|basR|birA|btsR|glaR|glrR|nsrR|ptrR|rcdA,500,0.007334700801028296,0.017068150577716084,0.13120877184746663,0.42973026091089034,0.1697688492913313,5636,,,,[],0,,False,True,
csd-20260805_174708,paired_hierarchical,1,0,0,5d0e9ff5482e9c83,rpoD->btuD,shared_complete_observation_shared_scores,maximum,prefix,complete,0,500,0.6,0.9,biological_error,2151398048,921666314,2151398048,rpoD,btuD,False,identifiable,alpA|basR|btsR|glaR|glrR|nsrR|ptrR|rcdA,500,0.01309593818088859,0.016076300910158478,0.11640578566519501,0.8146114117964399,0.0692293252357389,5636,,,,[],0,,False,True,
csd-20260805_174708,paired_hierarchical,1,0,0,5d0e9ff5482e9c83,rpoD->cecR,shared_complete_observation_shared_scores,maximum,prefix,complete,0,500,0.6,0.9,biological_error,2151398048,921666314,2151398048,rpoD,cecR,False,identifiable,alpA|basR|btsR|glaR|glrR|nsrR|ptrR|rcdA,500,-0.001301187157367783,0.020627390035435372,0.191642079368169,-0.06308055236908305,0.1118629624222787,5636,,,,[],0,,False,True,
csd-20260805_174708,paired_hierarchical,1,0,0,5d0e9ff5482e9c83,rpoD->cedA,shared_complete_observation_shared_scores,maximum,prefix,complete,0,500,0.6,0.9,biological_error,2151398048,921666314,2151398048,rpoD,cedA,False,identifiable,alpA|basR|btsR|glaR|glrR|nsrR|ptrR|rcdA,500,0.023041705688798802,0.022064438592491388,0.21927447342837542,1.0442915006520936,0.21424402519179078,5636,,,,[],0,,False,True,
csd-20260805_174708,paired_hierarchical,1,0,0,5d0e9ff5482e9c83,rpoD->chpB,shared_complete_observation_shared_scores,maximum,prefix,complete,0,500,0.6,0.9,biological_error,2151398048,921666314,2151398048,rpoD,chpB,False,identifiable,alpA|basR|btsR|glaR|glrR|nsrR|ptrR|rcdA,500,0.014438412928076792,0.0174564718061158,0.1372509173808197,0.8271094576521675,0.1761815856812677,5636,,,,[],0,,False,True,
csd-20260805_174708,paired_hierarchical,1,0,0,5d0e9ff5482e9c83,rpoD->clpA,shared_complete_observation_shared_scores,maximum,prefix,complete,0,500,0.6,0.9,biological_error,2151398048,921666314,2151398048,rpoD,clpA,False,identifiable,alpA|basR|btsR|glaR|glrR|nsrR|ptrR|rcdA,500,0.011189319606440443,0.01892011851190841,0.1612315459186029,0.5913979661067045,0.2536658733661259,5636,,,,[],0,,False,True,
csd-20260805_174708,paired_hierarchical,1,0,0,5d0e9ff5482e9c83,rpoD->cmk,shared_complete_observation_shared_scores,maximum,prefix,complete,0,500,0.6,0.9,biological_error,2151398048,921666314,2151398048,rpoD,cmk,False,identifiable,alpA|basR|btsR|glaR|glrR|nsrR|ptrR|rcdA,500,0.015869552665906166,0.015778430716897815,0.1121320927681436,1.0057750958028269,0.07385918819324618,5636,,,,[],0,,False,True,
csd-20260805_174708,paired_hierarchical,1,0,0,5d0e9ff5482e9c83,rpoD->coaD,shared_complete_observation_shared_scores,maximum,prefix,complete,0,500,0.6,0.9,biological_error,2151398048,921666314,2151398048,rpoD,coaD,False,identifiable,alpA|basR|btsR|glaR|glrR|nsrR|ptrR|rcdA,500,0.028745572179239558,0.014577795789906499,0.09571632985915983,1.9718737039204972,0.08429316366910043,5636,,,,[],0,,False,True,
csd-20260805_174708,paired_hierarchical,1,0,0,5d0e9ff5482e9c83,rpoD->cobS,shared_complete_observation_shared_scores,maximum,prefix,complete,0,500,0.6,0.9,biological_error,2151398048,921666314,2151398048,rpoD,cobS,False,identifiable,alpA|basR|btsR|glaR|glrR|nsrR|ptrR|rcdA,500,0.008128818255339548,0.018329637277935667,0.15132478133179178,0.44347949346082405,0.1537078989875123,5636,,,,[],0,,False,True,
csd-20260805_174708,paired_hierarchical,1,0,0,5d0e9ff5482e9c83,rpoD->corA,shared_complete_observation_shared_scores,maximum,prefix,complete,0,500,0.6,0.9,biological_error,2151398048,921666314,2151398048,rpoD,corA,False,identifiable,alpA|basR|btsR|glaR|glrR|nsrR|ptrR|rcdA,500,0.0030611749571264587,0.019140052780942617,0.16500175952126295,0.15993555462785408,0.2214842457270662,5636,,,,[],0,,False,True,
csd-20260805_174708,paired_hierarchical,1,0,0,5d0e9ff5482e9c83,rpoD->cutA,shared_complete_observation_shared_scores,maximum,prefix,complete,0,500,0.6,0.9,biological_error,2151398048,921666314,2151398048,rpoD,cutA,False,identifiable,alpA|basR|btsR|glaR|glrR|nsrR|ptrR|rcdA,500,0.0003758362951805233,0.04189343624861876,0.7904861801458509,0.008971245350944798,0.5613178968848994,5636,,,,[],0,,False,True,
csd-20260805_174708,paired_hierarchical,1,0,0,5d0e9ff5482e9c83,rpoD->cysT,shared_complete_observation_shared_scores,maximum,prefix,complete,0,500,0.6,0.9,biological_error,2151398048,921666314,2151398048,rpoD,cysT,False,identifiable,alpA|basR|btsR|glaR|glrR|nsrR|ptrR|rcdA,500,0.017505970533931183,0.015849990973860497,0.11315150942411924,1.1044782651801945,0.0949643232887055,5636,,,,[],0,,False,True,
csd-20260805_174708,paired_hierarchical,1,0,0,5d0e9ff5482e9c83,rpoD->dam,shared_complete_observation_shared_scores,maximum,prefix,complete,0,500,0.6,0.9,biological_error,2151398048,921666314,2151398048,rpoD,dam,False,identifiable,alpA|basR|btsR|glaR|glrR|nsrR|ptrR|rcdA,500,-0.009870337536728203,0.021157689298765037,0.2016224017081742,-0.46651302027127933,0.3681715063601573,5636,,,,[],0,,False,True,
csd-20260805_174708,paired_hierarchical,1,0,0,5d0e9ff5482e9c83,rpoD->damX,shared_complete_observation_shared_scores,maximum,prefix,complete,0,500,0.6,0.9,biological_error,2151398048,921666314,2151398048,rpoD,damX,False,identifiable,alpA|basR|btsR|glaR|glrR|nsrR|ptrR|rcdA,500,0.02691482500428343,0.03164240009340409,0.45096324655984504,0.850593663086065,0.37435402131834405,5636,,,,[],0,,False,True,
csd-20260805_174708,paired_hierarchical,1,0,0,5d0e9ff5482e9c83,rpoD->dapA,shared_complete_observation_shared_scores,maximum,prefix,complete,0,500,0.6,0.9,biological_error,2151398048,921666314,2151398048,rpoD,dapA,False,identifiable,alpA|basR|btsR|glaR|glrR|nsrR|ptrR|rcdA,500,0.03863752304233303,0.03556551198836741,0.5697186589445834,1.0863761234470743,0.36178137905313834,5636,,,,[],0,,False,True,
csd-20260805_174708,paired_hierarchical,1,0,0,5d0e9ff5482e9c83,rpoD->dapE,shared_complete_observation_shared_scores,maximum,prefix,complete,0,500,0.6,0.9,biological_error,2151398048,921666314,2151398048,rpoD,dapE,False,identifiable,alpA|basR|btsR|glaR|glrR|nsrR|ptrR|rcdA,500,-0.009805187632895519,0.01713005041859812,0.1321659541790024,-0.5723968927873098,0.1910852891375738,5636,,,,[],0,,False,True,
csd-20260805_174708,paired_hierarchical,1,0,0,5d0e9ff5482e9c83,rpoD->dapF,shared_complete_observation_shared_scores,maximum,prefix,complete,0,500,0.6,0.9,biological_error,2151398048,921666314,2151398048,rpoD,dapF,False,identifiable,alpA|basR|btsR|glaR|glrR|nsrR|ptrR|rcdA,500,0.009934361564224246,0.012999225677657086,0.07610922161928402,0.7642271786464411,0.1345173599821634,5636,,,,[],0,,False,True,
csd-20260805_174708,paired_hierarchical,1,0,0,5d0e9ff5482e9c83,rpoD->def,shared_complete_observation_shared_scores,maximum,prefix,complete,0,500,0.6,0.9,biological_error,2151398048,921666314,2151398048,rpoD,def,False,estimation_error,alpA|basR|btsR|glaR|glrR|nsrR|ptrR|rcdA,500,,,,,0.19332453836317293,5636,"SyntaxError('invalid syntax', ('<unknown>', 1, 4, 'def\n', 1, 5))",,,[],0,,False,True,
csd-20260805_174708,paired_hierarchical,1,0,0,5d0e9ff5482e9c83,rpoD->degQ,shared_complete_observation_shared_scores,maximum,prefix,complete,0,500,0.6,0.9,biological_error,2151398048,921666314,2151398048,rpoD,degQ,False,identifiable,alpA|basR|btsR|glaR|glrR|nsrR|ptrR|rcdA,500,0.030734402344727005,0.022753551040250126,0.2331850387493963,1.3507519019936303,0.2842989530461196,5636,,,,[],0,,False,True,
csd-20260805_174708,paired_hierarchical,1,0,0,5d0e9ff5482e9c83,rpoD->degS,shared_complete_observation_shared_scores,maximum,prefix,complete,0,500,0.6,0.9,biological_error,2151398048,921666314,2151398048,rpoD,degS,False,identifiable,alpA|basR|btsR|glaR|glrR|nsrR|ptrR|rcdA,500,0.024386132950985864,0.0215338167455035,0.2088547413819407,1.132457531295652,0.28177245020257957,5636,,,,[],0,,False,True,
csd-20260805_174708,paired_hierarchical,1,0,0,5d0e9ff5482e9c83,rpoD->dicB,shared_complete_observation_shared_scores,maximum,prefix,complete,0,500,0.6,0.9,biological_error,2151398048,921666314,2151398048,rpoD,dicB,False,identifiable,alpA|basR|btsR|dicA|dicD|glaR|glrR|nsrR|ptrR|rcdA,500,0.015355854113833488,0.016576766616448774,0.12371348756421667,0.9263479705744424,0.18907627882190794,5636,,,,[],0,,False,True,
csd-20260805_174708,paired_hierarchical,1,0,0,5d0e9ff5482e9c83,rpoD->dicC,shared_complete_observation_shared_scores,maximum,prefix,complete,0,500,0.6,0.9,biological_error,2151398048,921666314,2151398048,rpoD,dicC,False,identifiable,alpA|basR|btsR|dicA|dicD|glaR|glrR|nsrR|ptrR|rcdA,500,0.08296333284378717,0.01980619111840854,0.17661164463381135,4.188757563117638,0.18192605917667046,5636,,,,[],0,,False,True,
csd-20260805_174708,paired_hierarchical,1,0,0,5d0e9ff5482e9c83,rpoD->dsdC,shared_complete_observation_shared_scores,maximum,prefix,complete,0,500,0.6,0.9,biological_error,2151398048,921666314,2151398048,rpoD,dsdC,False,identifiable,alpA|basR|btsR|glaR|glrR|nsrR|ptrR|rcdA,500,0.01658046447445577,0.012737089521905085,0.07307060711660339,1.3017467174067432,0.29548506950069886,5636,,,,[],0,,False,True,
csd-20260805_174708,paired_hierarchical,1,0,0,5d0e9ff5482e9c83,rpoD->dut,shared_complete_observation_shared_scores,maximum,prefix,complete,0,500,0.6,0.9,biological_error,2151398048,921666314,2151398048,rpoD,dut,False,identifiable,alpA|basR|btsR|glaR|glrR|nsrR|ptrR|rcdA,500,0.017519363755592553,0.017980814262162546,0.14561999877651266,0.9743365066875178,0.09066494911920865,5636,,,,[],0,,False,True,
csd-20260805_174708,paired_hierarchical,1,0,0,5d0e9ff5482e9c83,rpoD->dxs,shared_complete_observation_shared_scores,maximum,prefix,complete,0,500,0.6,0.9,biological_error,2151398048,921666314,2151398048,rpoD,dxs,False,identifiable,alpA|basR|btsR|glaR|glrR|nsrR|ptrR|rcdA,500,0.015143664553217438,0.02214440197810792,0.22086669173204382,0.6838597207632228,0.2314903517633811,5636,,,,[],0,,False,True,
csd-20260805_174708,paired_hierarchical,1,0,0,5d0e9ff5482e9c83,rpoD->efp,shared_complete_observation_shared_scores,maximum,prefix,complete,0,500,0.6,0.9,biological_error,2151398048,921666314,2151398048,rpoD,efp,False,identifiable,alpA|basR|btsR|glaR|glrR|nsrR|ptrR|rcdA,500,0.0039603844245757365,0.024218904741102373,0.26418691975939745,0.1635245056253304,0.38950027036279533,5636,,,,[],0,,False,True,
csd-20260805_174708,paired_hierarchical,1,0,0,5d0e9ff5482e9c83,rpoD->emrA,shared_complete_observation_shared_scores,maximum,prefix,complete,0,500,0.6,0.9,biological_error,2151398048,921666314,2151398048,rpoD,emrA,False,identifiable,alpA|basR|btsR|glaR|glrR|nsrR|ptrR|rcdA,500,0.009783903675412379,0.02166058443891271,0.21132099854226322,0.451691583069007,0.2801737701324456,5636,,,,[],0,,False,True,
csd-20260805_174708,paired_hierarchical,1,0,0,5d0e9ff5482e9c83,rpoD->emrB,shared_complete_observation_shared_scores,maximum,prefix,complete,0,500,0.6,0.9,biological_error,2151398048,921666314,2151398048,rpoD,emrB,False,identifiable,alpA|basR|btsR|glaR|glrR|nsrR|ptrR|rcdA,500,0.12046695632750573,0.034072274300271925,0.5228830455107674,3.535630033553243,0.3862973816251832,5636,,,,[],0,,False,True,
csd-20260805_174708,paired_hierarchical,1,0,0,5d0e9ff5482e9c83,rpoD->era,shared_complete_observation_shared_scores,maximum,prefix,complete,0,500,0.6,0.9,biological_error,2151398048,921666314,2151398048,rpoD,era,False,identifiable,alpA|basR|btsR|glaR|glrR|nsrR|ptrR|rcdA,500,0.08367092086698466,0.04628202724287896,0.964777264569223,1.8078490907041764,0.850893826476197,5636,,,,[],0,,False,True,
csd-20260805_174708,paired_hierarchical,1,0,0,5d0e9ff5482e9c83,rpoD->fabF,shared_complete_observation_shared_scores,maximum,prefix,complete,0,500,0.6,0.9,biological_error,2151398048,921666314,2151398048,rpoD,fabF,False,identifiable,alpA|basR|btsR|glaR|glrR|nsrR|ptrR|rcdA,500,0.009912898384585887,0.021644472446018654,0.21100673775916814,0.45798752588258596,0.2982155371686276,5636,,,,[],0,,False,True,
csd-20260805_174708,paired_hierarchical,1,0,0,5d0e9ff5482e9c83,rpoD->fdx,shared_complete_observation_shared_scores,maximum,prefix,complete,0,500,0.6,0.9,biological_error,2151398048,921666314,2151398048,rpoD,fdx,False,identifiable,alpA|basR|btsR|glaR|glrR|nsrR|ptrR|rcdA,500,-0.026734553713203553,0.014307043316806569,0.09219388098532322,-1.8686288369448294,0.11099545029195346,5636,,,,[],0,,False,True,
csd-20260805_174708,paired_hierarchical,1,0,0,5d0e9ff5482e9c83,rpoD->fmt,shared_complete_observation_shared_scores,maximum,prefix,complete,0,500,0.6,0.9,biological_error,2151398048,921666314,2151398048,rpoD,fmt,False,identifiable,alpA|basR|btsR|glaR|glrR|nsrR|ptrR|rcdA,500,0.018751427503261888,0.01798632431130377,0.14570926017227984,1.04253805161721,0.19447856507345113,5636,,,,[],0,,False,True,
csd-20260805_174708,paired_hierarchical,1,0,0,5d0e9ff5482e9c83,rpoD->frr,shared_complete_observation_shared_scores,maximum,prefix,complete,0,500,0.6,0.9,biological_error,2151398048,921666314,2151398048,rpoD,frr,False,identifiable,alpA|basR|btsR|glaR|glrR|nsrR|ptrR|rcdA,500,0.0514968312927226,0.019639582195950907,0.17372679289979856,2.622094033310938,0.07986881451751966,5636,,,,[],0,,False,True,
csd-20260805_174708,paired_hierarchical,1,0,0,5d0e9ff5482e9c83,rpoD->frsA,shared_complete_observation_shared_scores,maximum,prefix,complete,0,500,0.6,0.9,biological_error,2151398048,921666314,2151398048,rpoD,frsA,False,identifiable,alpA|basR|btsR|glaR|glrR|nsrR|ptrR|rcdA,500,0.01877540317769709,0.01660561427908681,0.12419731437166853,1.1306659821276783,0.15125842787434582,5636,,,,[],0,,False,True,
csd-20260805_174708,paired_hierarchical,1,0,0,5d0e9ff5482e9c83,rpoD->gcvA,shared_complete_observation_shared_scores,maximum,prefix,complete,0,500,0.6,0.9,biological_error,2151398048,921666314,2151398048,rpoD,gcvA,False,identifiable,alpA|basR|btsR|glaR|glrR|nsrR|ptrR|rcdA,500,0.006442581170626858,0.017511466852769907,0.13811707298507664,0.36790642524659734,0.2665581016313896,5636,,,,[],0,,False,True,
csd-20260805_174708,paired_hierarchical,1,0,0,5d0e9ff5482e9c83,rpoD->gcvR,shared_complete_observation_shared_scores,maximum,prefix,complete,0,500,0.6,0.9,biological_error,2151398048,921666314,2151398048,rpoD,gcvR,False,identifiable,alpA|basR|btsR|glaR|glrR|nsrR|ptrR|rcdA,500,0.04391026735928569,0.026034149785552987,0.3052735040253199,1.6866411125763983,0.28929301016109066,5636,,,,[],0,,False,True,
csd-20260805_174708,paired_hierarchical,1,0,0,5d0e9ff5482e9c83,rpoD->glrK,shared_complete_observation_shared_scores,maximum,prefix,complete,0,500,0.6,0.9,biological_error,2151398048,921666314,2151398048,rpoD,glrK,False,identifiable,alpA|basR|btsR|glaR|glrR|nsrR|ptrR|rcdA,500,0.016252190091149664,0.016574725025756864,0.12373568806860259,0.9805405559304311,0.2376502364443105,5636,,,,[],0,,False,True,
csd-20260805_174708,paired_hierarchical,1,0,0,5d0e9ff5482e9c83,rpoD->glyQ,shared_complete_observation_shared_scores,maximum,prefix,complete,0,500,0.6,0.9,biological_error,2151398048,921666314,2151398048,rpoD,glyQ,False,identifiable,alpA|basR|btsR|glaR|glrR|nsrR|ptrR|rcdA,500,0.044318695989619135,0.02366703320824516,0.2522841425656323,1.8725919552172392,0.3047623555229032,5636,,,,[],0,,False,True,
csd-20260805_174708,paired_hierarchical,1,0,0,5d0e9ff5482e9c83,rpoD->glyS,shared_complete_observation_shared_scores,maximum,prefix,complete,0,500,0.6,0.9,biological_error,2151398048,921666314,2151398048,rpoD,glyS,False,identifiable,alpA|basR|btsR|glaR|glrR|nsrR|ptrR|rcdA,500,0.00022351683845958864,0.02379821259982335,0.2550885664671125,0.00939216916068931,0.25800439881881654,5636,,,,[],0,,False,True,
csd-20260805_174708,paired_hierarchical,1,0,0,5d0e9ff5482e9c83,rpoD->glyV,shared_complete_observation_shared_scores,maximum,prefix,complete,0,500,0.6,0.9,biological_error,2151398048,921666314,2151398048,rpoD,glyV,False,identifiable,alpA|basR|btsR|glaR|glrR|nsrR|ptrR|rcdA,500,-0.0031144600396852884,0.015744644525827346,0.11165239231835454,-0.19781075619562968,0.1604890070167744,5636,,,,[],0,,False,True,
csd-20260805_174708,paired_hierarchical,1,0,0,5d0e9ff5482e9c83,rpoD->glyW,shared_complete_observation_shared_scores,maximum,prefix,complete,0,500,0.6,0.9,biological_error,2151398048,921666314,2151398048,rpoD,glyW,False,identifiable,alpA|basR|btsR|glaR|glrR|nsrR|ptrR|rcdA,500,0.026498004513438617,0.028869827223871946,0.3753969007960197,0.9178442360586033,0.4228679959402613,5636,,,,[],0,,False,True,
csd-20260805_174708,paired_hierarchical,1,0,0,5d0e9ff5482e9c83,rpoD->glyX,shared_complete_observation_shared_scores,maximum,prefix,complete,0,500,0.6,0.9,biological_error,2151398048,921666314,2151398048,rpoD,glyX,False,identifiable,alpA|basR|btsR|glaR|glrR|nsrR|ptrR|rcdA,500,0.036525952735505525,0.03404416697801852,0.5220207150316788,1.0728990008505548,0.6649756884027049,5636,,,,[],0,,False,True,
csd-20260805_174708,paired_hierarchical,1,0,0,5d0e9ff5482e9c83,rpoD->glyY,shared_complete_observation_shared_scores,maximum,prefix,complete,0,500,0.6,0.9,biological_error,2151398048,921666314,2151398048,rpoD,glyY,False,identifiable,alpA|basR|btsR|glaR|glrR|nsrR|ptrR|rcdA,500,-0.0025839616660489643,0.017512305405388673,0.13813030102670873,-0.14755119935573183,0.07913849681827413,5636,,,,[],0,,False,True,
csd-20260805_174708,paired_hierarchical,1,0,0,5d0e9ff5482e9c83,rpoD->gntR,shared_complete_observation_shared_scores,maximum,prefix,complete,0,500,0.6,0.9,biological_error,2151398048,921666314,2151398048,rpoD,gntR,False,identifiable,alpA|basR|btsR|glaR|glrR|nsrR|ptrR|rcdA,500,0.01625255904610836,0.018829999087855976,0.15969926275496932,0.8631205434624857,0.18465452285868394,5636,,,,[],0,,False,True,
csd-20260805_174708,paired_hierarchical,1,0,0,5d0e9ff5482e9c83,rpoD->gph,shared_complete_observation_shared_scores,maximum,prefix,complete,0,500,0.6,0.9,biological_error,2151398048,921666314,2151398048,rpoD,gph,False,identifiable,alpA|basR|btsR|glaR|glrR|nsrR|ptrR|rcdA,500,0.005042343658542656,0.01886966400962756,0.16037277637799058,0.26721957825905024,0.23310930630813212,5636,,,,[],0,,False,True,
csd-20260805_174708,paired_hierarchical,1,0,0,5d0e9ff5482e9c83,rpoD->grxB,shared_complete_observation_shared_scores,maximum,prefix,complete,0,500,0.6,0.9,biological_error,2151398048,921666314,2151398048,rpoD,grxB,False,identifiable,alpA|basR|btsR|glaR|glrR|nsrR|ptrR|rcdA,500,0.027224929408417718,0.02057933668220846,0.19075022461872673,1.3229255067270753,0.2512722688738338,5636,,,,[],0,,False,True,
csd-20260805_174708,paired_hierarchical,1,0,0,5d0e9ff5482e9c83,rpoD->grxC,shared_complete_observation_shared_scores,maximum,prefix,complete,0,500,0.6,0.9,biological_error,2151398048,921666314,2151398048,rpoD,grxC,False,identifiable,alpA|basR|btsR|glaR|glrR|nsrR|ptrR|rcdA,500,0.01671024530468649,0.022622050151141222,0.23049750829271418,0.7386706860360975,0.5116660283387904,5636,,,,[],0,,False,True,
csd-20260805_174708,paired_hierarchical,1,0,0,5d0e9ff5482e9c83,rpoD->grxD,shared_complete_observation_shared_scores,maximum,prefix,complete,0,500,0.6,0.9,biological_error,2151398048,921666314,2151398048,rpoD,grxD,False,identifiable,alpA|basR|btsR|glaR|glrR|nsrR|ptrR|rcdA,500,0.028926531442969156,0.02431124114918228,0.2662052251795095,1.189841821133929,0.2769925459299765,5636,,,,[],0,,False,True,
csd-20260805_174708,paired_hierarchical,1,0,0,5d0e9ff5482e9c83,rpoD->gsk,shared_complete_observation_shared_scores,maximum,prefix,complete,0,500,0.6,0.9,biological_error,2151398048,921666314,2151398048,rpoD,gsk,False,identifiable,alpA|basR|btsR|glaR|glrR|nsrR|ptrR|rcdA,500,-0.004104888489882283,0.015426732321448183,0.10718899550213189,-0.26608930552163346,0.2900700968066717,5636,,,,[],0,,False,True,
csd-20260805_174708,paired_hierarchical,1,0,0,5d0e9ff5482e9c83,rpoD->higA,shared_complete_observation_shared_scores,maximum,prefix,complete,0,500,0.6,0.9,biological_error,2151398048,921666314,2151398048,rpoD,higA,False,identifiable,alpA|basR|btsR|glaR|glrR|nsrR|ptrR|rcdA,500,-0.02460768987677316,0.014203495752420902,0.09086419947374555,-1.7325093980880675,0.14240554662427235,5636,,,,[],0,,False,True,
csd-20260805_174708,paired_hierarchical,1,0,0,5d0e9ff5482e9c83,rpoD->higB,shared_complete_observation_shared_scores,maximum,prefix,complete,0,500,0.6,0.9,biological_error,2151398048,921666314,2151398048,rpoD,higB,False,identifiable,alpA|basR|btsR|glaR|glrR|nsrR|ptrR|rcdA,500,-0.01273319104871801,0.013527417536689061,0.08241990385607555,-0.9412876488940368,0.30177925636300507,5636,,,,[],0,,False,True,
csd-20260805_174708,paired_hierarchical,1,0,0,5d0e9ff5482e9c83,rpoD->hisS,shared_complete_observation_shared_scores,maximum,prefix,complete,0,500,0.6,0.9,biological_error,2151398048,921666314,2151398048,rpoD,hisS,False,identifiable,alpA|basR|btsR|glaR|glrR|nsrR|ptrR|rcdA,500,0.06777117617498378,0.0277111675826962,0.3458692584399958,2.4456268748958245,0.4620672425013138,5636,,,,[],0,,False,True,
csd-20260805_174708,paired_hierarchical,1,0,0,5d0e9ff5482e9c83,rpoD->hokD,shared_complete_observation_shared_scores,maximum,prefix,complete,0,500,0.6,0.9,biological_error,2151398048,921666314,2151398048,rpoD,hokD,False,identifiable,alpA|basR|btsR|glaR|glrR|nsrR|ptrR|rcdA,500,0.007700122227731934,0.01855281758508031,0.15503225439054294,0.4150378880415539,0.1821750230036448,5636,,,,[],0,,False,True,
csd-20260805_174708,paired_hierarchical,1,0,0,5d0e9ff5482e9c83,rpoD->hscA,shared_complete_observation_shared_scores,maximum,prefix,complete,0,500,0.6,0.9,biological_error,2151398048,921666314,2151398048,rpoD,hscA,False,identifiable,alpA|basR|btsR|glaR|glrR|nsrR|ptrR|rcdA,500,0.026777477890636003,0.01678701168064317,0.12692556301429495,1.5951307117700213,0.18551753344520783,5636,,,,[],0,,False,True,
csd-20260805_174708,paired_hierarchical,1,0,0,5d0e9ff5482e9c83,rpoD->hscB,shared_complete_observation_shared_scores,maximum,prefix,complete,0,500,0.6,0.9,biological_error,2151398048,921666314,2151398048,rpoD,hscB,False,identifiable,alpA|basR|btsR|glaR|glrR|nsrR|ptrR|rcdA,500,0.01814987546555172,0.02122089591026493,0.202828857119289,0.8552831860775633,0.23369329496386065,5636,,,,[],0,,False,True,
csd-20260805_174708,paired_hierarchical,1,0,0,5d0e9ff5482e9c83,rpoD->ibsC,shared_complete_observation_shared_scores,maximum,prefix,complete,0,500,0.6,0.9,biological_error,2151398048,921666314,2151398048,rpoD,ibsC,False,identifiable,alpA|basR|btsR|glaR|glrR|nsrR|ptrR|rcdA,500,0.004884327018668338,0.020645289102684122,0.19197481198393548,0.23658312530161274,0.1896742156082449,5636,,,,[],0,,False,True,
csd-20260805_174708,paired_hierarchical,1,0,0,5d0e9ff5482e9c83,rpoD->ibsD,shared_complete_observation_shared_scores,maximum,prefix,complete,0,500,0.6,0.9,biological_error,2151398048,921666314,2151398048,rpoD,ibsD,False,identifiable,alpA|basR|btsR|glaR|glrR|nsrR|ptrR|rcdA,500,0.0025050160673746164,0.018193718681348673,0.14908888393208244,0.13768576458987675,0.12146406792293116,5636,,,,[],0,,False,True,
csd-20260805_174708,paired_hierarchical,1,0,0,5d0e9ff5482e9c83,rpoD->ileX,shared_complete_observation_shared_scores,maximum,prefix,complete,0,500,0.6,0.9,biological_error,2151398048,921666314,2151398048,rpoD,ileX,False,identifiable,alpA|basR|btsR|glaR|glrR|nsrR|ptrR|rcdA,500,0.005055062678032315,0.01861095424978113,0.15600538741484246,0.2716175973669789,0.32274497218083514,5636,,,,[],0,,False,True,
csd-20260805_174708,paired_hierarchical,1,0,0,5d0e9ff5482e9c83,rpoD->insD7,shared_complete_observation_shared_scores,maximum,prefix,complete,0,500,0.6,0.9,biological_error,2151398048,921666314,2151398048,rpoD,insD7,False,identifiable,alpA|basR|btsR|dicA|glaR|glrR|nsrR|ptrR|rcdA,500,0.03956359976966606,0.020556747391840314,0.1903255085358962,1.924604073569062,0.33830536024085645,5636,,,,[],0,,False,True,
csd-20260805_174708,paired_hierarchical,1,0,0,5d0e9ff5482e9c83,rpoD->intQ,shared_complete_observation_shared_scores,maximum,prefix,complete,0,500,0.6,0.9,biological_error,2151398048,921666314,2151398048,rpoD,intQ,False,identifiable,alpA|basR|btsR|dicA|glaR|glrR|nsrR|ptrR|rcdA,500,0.04905724496279877,0.019128584670765836,0.16479873580839807,2.56460401055039,0.1696652320765287,5636,,,,[],0,,False,True,
csd-20260805_174708,paired_hierarchical,1,0,0,5d0e9ff5482e9c83,rpoD->intS,shared_complete_observation_shared_scores,maximum,prefix,complete,0,500,0.6,0.9,biological_error,2151398048,921666314,2151398048,rpoD,intS,False,identifiable,alpA|basR|btsR|glaR|glrR|nsrR|ptrR|rcdA,500,0.04993825757667811,0.02288112646411108,0.23580722972835316,2.1825087001291648,0.37798524615835544,5636,,,,[],0,,False,True,
csd-20260805_174708,paired_hierarchical,1,0,0,5d0e9ff5482e9c83,rpoD->iscA,shared_complete_observation_shared_scores,maximum,prefix,complete,0,500,0.6,0.9,biological_error,2151398048,921666314,2151398048,rpoD,iscA,False,identifiable,alpA|basR|btsR|glaR|glrR|nsrR|ptrR|rcdA,500,-0.05683123644978605,0.02292737416520608,0.23676142781142653,-2.4787503374909585,0.23295654175433206,5636,,,,[],0,,False,True,
csd-20260805_174708,paired_hierarchical,1,0,0,5d0e9ff5482e9c83,rpoD->iscR,shared_complete_observation_shared_scores,maximum,prefix,complete,0,500,0.6,0.9,biological_error,2151398048,921666314,2151398048,rpoD,iscR,False,identifiable,alpA|basR|btsR|glaR|glrR|nsrR|ptrR|rcdA,500,-0.008863980025870882,0.014300078305560647,0.09210413845764955,-0.6198553487937255,0.0954766255177027,5636,,,,[],0,,False,True,
csd-20260805_174708,paired_hierarchical,1,0,0,5d0e9ff5482e9c83,rpoD->iscS,shared_complete_observation_shared_scores,maximum,prefix,complete,0,500,0.6,0.9,biological_error,2151398048,921666314,2151398048,rpoD,iscS,False,identifiable,alpA|basR|btsR|glaR|glrR|nsrR|ptrR|rcdA,500,0.016263013096840497,0.019076372437961616,0.16390564036524055,0.8525212615621517,0.31768253762876386,5636,,,,[],0,,False,True,
csd-20260805_174708,paired_hierarchical,1,0,0,5d0e9ff5482e9c83,rpoD->iscU,shared_complete_observation_shared_scores,maximum,prefix,complete,0,500,0.6,0.9,biological_error,2151398048,921666314,2151398048,rpoD,iscU,False,identifiable,alpA|basR|btsR|glaR|glrR|nsrR|ptrR|rcdA,500,0.0071944439787752406,0.02041556923427763,0.1877263777890607,0.3523998716967347,0.34211081572301905,5636,,,,[],0,,False,True,
csd-20260805_174708,paired_hierarchical,1,0,0,5d0e9ff5482e9c83,rpoD->iscX,shared_complete_observation_shared_scores,maximum,prefix,complete,0,500,0.6,0.9,biological_error,2151398048,921666314,2151398048,rpoD,iscX,False,identifiable,alpA|basR|btsR|glaR|glrR|nsrR|ptrR|rcdA,500,0.027471780298649596,0.01635344314662461,0.12045386067900413,1.6798774455225252,0.2021250641663323,5636,,,,[],0,,False,True,
csd-20260805_174708,paired_hierarchical,1,0,0,5d0e9ff5482e9c83,rpoD->ispA,shared_complete_observation_shared_scores,maximum,prefix,complete,0,500,0.6,0.9,biological_error,2151398048,921666314,2151398048,rpoD,ispA,False,identifiable,alpA|basR|btsR|glaR|glrR|nsrR|ptrR|rcdA,500,0.007274564742635597,0.014545579877781455,0.09529374448920704,0.5001220167060909,0.16477720653786554,5636,,,,[],0,,False,True,
csd-20260805_174708,paired_hierarchical,1,0,0,5d0e9ff5482e9c83,rpoD->istR,shared_complete_observation_shared_scores,maximum,prefix,complete,0,500,0.6,0.9,biological_error,2151398048,921666314,2151398048,rpoD,istR,False,identifiable,alpA|basR|btsR|glaR|glrR|nsrR|ptrR|rcdA,500,0.01812945795291354,0.018973210028817224,0.16213767527882306,0.9555292923747664,0.2420578044563013,5636,,,,[],0,,False,True,
csd-20260805_174708,paired_hierarchical,1,0,0,5d0e9ff5482e9c83,rpoD->kdpB,shared_complete_observation_shared_scores,maximum,prefix,complete,0,500,0.6,0.9,biological_error,2151398048,921666314,2151398048,rpoD,kdpB,False,identifiable,alpA|basR|btsR|glaR|glrR|kdpE|nsrR|ptrR|rcdA,500,0.025718399516841225,0.03394963770501626,0.519112527721044,0.757545625090461,0.22328056965088855,5636,,,,[],0,,False,True,
csd-20260805_174708,paired_hierarchical,1,0,0,5d0e9ff5482e9c83,rpoD->kdpC,shared_complete_observation_shared_scores,maximum,prefix,complete,0,500,0.6,0.9,biological_error,2151398048,921666314,2151398048,rpoD,kdpC,False,identifiable,alpA|basR|btsR|glaR|glrR|kdpE|nsrR|ptrR|rcdA,500,0.003236579739349086,0.013463903265549651,0.0816456756042814,0.24038940829518474,0.14243258085656793,5636,,,,[],0,,False,True,
csd-20260805_174708,paired_hierarchical,1,0,0,5d0e9ff5482e9c83,rpoD->kdpF,shared_complete_observation_shared_scores,maximum,prefix,complete,0,500,0.6,0.9,biological_error,2151398048,921666314,2151398048,rpoD,kdpF,False,identifiable,alpA|basR|btsR|glaR|glrR|kdpE|nsrR|ptrR|rcdA,500,0.02525730952351336,0.02370991652347234,0.2531927533814634,1.0652635363987526,0.15207036268917842,5636,,,,[],0,,False,True,
csd-20260805_174708,paired_hierarchical,1,0,0,5d0e9ff5482e9c83,rpoD->kdsB,shared_complete_observation_shared_scores,maximum,prefix,complete,0,500,0.6,0.9,biological_error,2151398048,921666314,2151398048,rpoD,kdsB,False,identifiable,alpA|basR|btsR|glaR|glrR|nsrR|ptrR|rcdA,500,0.009968543095724128,0.022913896831622493,0.23648316001968167,0.4350435532190651,0.07688232030070041,5636,,,,[],0,,False,True,
csd-20260805_174708,paired_hierarchical,1,0,0,5d0e9ff5482e9c83,rpoD->kdsC,shared_complete_observation_shared_scores,maximum,prefix,complete,0,500,0.6,0.9,biological_error,2151398048,921666314,2151398048,rpoD,kdsC,False,identifiable,alpA|basR|btsR|glaR|glrR|nsrR|ptrR|rcdA,500,0.022193801231253384,0.01968858663362356,0.1745948363188072,1.127241972430438,0.2474099670694187,5636,,,,[],0,,False,True,
csd-20260805_174708,paired_hierarchical,1,0,0,5d0e9ff5482e9c83,rpoD->kdsD,shared_complete_observation_shared_scores,maximum,prefix,complete,0,500,0.6,0.9,biological_error,2151398048,921666314,2151398048,rpoD,kdsD,False,identifiable,alpA|basR|btsR|glaR|glrR|nsrR|ptrR|rcdA,500,0.01976314751233306,0.018602568098204725,0.15586482610352906,1.0623881287788612,0.22346493438280068,5636,,,,[],0,,False,True,
csd-20260805_174708,paired_hierarchical,1,0,0,5d0e9ff5482e9c83,rpoD->leuZ,shared_complete_observation_shared_scores,maximum,prefix,complete,0,500,0.6,0.9,biological_error,2151398048,921666314,2151398048,rpoD,leuZ,False,identifiable,alpA|basR|btsR|glaR|glrR|nsrR|ptrR|rcdA,500,0.017774572472890004,0.028322816231738074,0.3613060071495633,0.6275708011328377,0.22949742042085347,5636,,,,[],0,,False,True,
csd-20260805_174708,paired_hierarchical,1,0,0,5d0e9ff5482e9c83,rpoD->lgt,shared_complete_observation_shared_scores,maximum,prefix,complete,0,500,0.6,0.9,biological_error,2151398048,921666314,2151398048,rpoD,lgt,False,identifiable,alpA|basR|btsR|glaR|glrR|nsrR|ptrR|rcdA,500,0.05472319618322165,0.025940388881754203,0.30307860401026027,2.1095750118731846,0.4514445960282055,5636,,,,[],0,,False,True,
csd-20260805_174708,paired_hierarchical,1,0,0,5d0e9ff5482e9c83,rpoD->loiP,shared_complete_observation_shared_scores,maximum,prefix,complete,0,500,0.6,0.9,biological_error,2151398048,921666314,2151398048,rpoD,loiP,False,identifiable,alpA|basR|btsR|glaR|glrR|nsrR|ptrR|rcdA,500,-0.007560545224974454,0.02046991749633522,0.188727200487234,-0.369349081466891,0.15295055357141116,5636,,,,[],0,,False,True,
csd-20260805_174708,paired_hierarchical,1,0,0,5d0e9ff5482e9c83,rpoD->lptC,shared_complete_observation_shared_scores,maximum,prefix,complete,0,500,0.6,0.9,biological_error,2151398048,921666314,2151398048,rpoD,lptC,False,identifiable,alpA|basR|btsR|glaR|glrR|nsrR|ptrR|rcdA,500,0.012073054670901575,0.015138629738303955,0.10322275532023534,0.7974998318608836,0.21134706090494768,5636,,,,[],0,,False,True,
csd-20260805_174708,paired_hierarchical,1,0,0,5d0e9ff5482e9c83,rpoD->lptM,shared_complete_observation_shared_scores,maximum,prefix,complete,0,500,0.6,0.9,biological_error,2151398048,921666314,2151398048,rpoD,lptM,False,identifiable,alpA|basR|btsR|glaR|glrR|nsrR|ptrR|rcdA,500,-0.002026144683198162,0.016611228243088947,0.12428130489443322,-0.12197440511607764,0.22634786805590162,5636,,,,[],0,,False,True,
csd-20260805_174708,paired_hierarchical,1,0,0,5d0e9ff5482e9c83,rpoD->lpxT,shared_complete_observation_shared_scores,maximum,prefix,complete,0,500,0.6,0.9,biological_error,2151398048,921666314,2151398048,rpoD,lpxT,False,identifiable,alpA|basR|btsR|glaR|glrR|nsrR|ptrR|rcdA,500,0.010886559318427943,0.02142979236107126,0.20684176710879618,0.5080104900224862,0.2652519995619474,5636,,,,[],0,,False,True,
csd-20260805_174708,paired_hierarchical,1,0,0,5d0e9ff5482e9c83,rpoD->mepH,shared_complete_observation_shared_scores,maximum,prefix,complete,0,500,0.6,0.9,biological_error,2151398048,921666314,2151398048,rpoD,mepH,False,identifiable,alpA|basR|btsR|glaR|glrR|nsrR|ptrR|rcdA,500,0.009358925956911159,0.020538249096232194,0.18998930190822516,0.45568275625929977,0.1722551202384727,5636,,,,[],0,,False,True,
csd-20260805_174708,paired_hierarchical,1,0,0,5d0e9ff5482e9c83,rpoD->metG,shared_complete_observation_shared_scores,maximum,prefix,complete,0,500,0.6,0.9,biological_error,2151398048,921666314,2151398048,rpoD,metG,False,identifiable,alpA|basR|btsR|glaR|glrR|nsrR|ptrR|rcdA,500,0.032768503730385264,0.021423663546266014,0.2067234725788255,1.529547159831894,0.36240592608316513,5636,,,,[],0,,False,True,
csd-20260805_174708,paired_hierarchical,1,0,0,5d0e9ff5482e9c83,rpoD->metW,shared_complete_observation_shared_scores,maximum,prefix,complete,0,500,0.6,0.9,biological_error,2151398048,921666314,2151398048,rpoD,metW,False,identifiable,alpA|basR|btsR|glaR|glrR|nsrR|ptrR|rcdA,500,0.031294798544450164,0.02102503326809751,0.19910203393338813,1.4884541748590503,0.2494127263690537,5636,,,,[],0,,False,True,
csd-20260805_174708,paired_hierarchical,1,0,0,5d0e9ff5482e9c83,rpoD->metZ,shared_complete_observation_shared_scores,maximum,prefix,complete,0,500,0.6,0.9,biological_error,2151398048,921666314,2151398048,rpoD,metZ,False,identifiable,alpA|basR|btsR|glaR|glrR|nsrR|ptrR|rcdA,500,0.013972441829187485,0.0166454679018098,0.12479417908314573,0.839414182383441,0.3048031943620407,5636,,,,[],0,,False,True,
csd-20260805_174708,paired_hierarchical,1,0,0,5d0e9ff5482e9c83,rpoD->mfd,shared_complete_observation_shared_scores,maximum,prefix,complete,0,500,0.6,0.9,biological_error,2151398048,921666314,2151398048,rpoD,mfd,False,identifiable,alpA|basR|btsR|glaR|glrR|nsrR|ptrR|rcdA,500,0.0023214604664992845,0.014630966240091038,0.09641582677042967,0.15866761144852726,0.12800766721913928,5636,,,,[],0,,False,True,
csd-20260805_174708,paired_hierarchical,1,0,0,5d0e9ff5482e9c83,rpoD->mngR,shared_complete_observation_shared_scores,maximum,prefix,complete,0,500,0.6,0.9,biological_error,2151398048,921666314,2151398048,rpoD,mngR,False,identifiable,alpA|basR|btsR|glaR|glrR|nsrR|ptrR|rcdA,500,0.01630330860147281,0.015697949660925036,0.11099110558954804,1.038562930422348,0.2944043057873088,5636,,,,[],0,,False,True,
csd-20260805_174708,paired_hierarchical,1,0,0,5d0e9ff5482e9c83,rpoD->mprA,shared_complete_observation_shared_scores,maximum,prefix,complete,0,500,0.6,0.9,biological_error,2151398048,921666314,2151398048,rpoD,mprA,False,identifiable,alpA|basR|btsR|glaR|glrR|nsrR|ptrR|rcdA,500,-0.012664617540879967,0.012154928358351151,0.06654372682445353,-1.0419327179479942,0.14418031866986536,5636,,,,[],0,,False,True,
csd-20260805_174708,paired_hierarchical,1,0,0,5d0e9ff5482e9c83,rpoD->mrp,shared_complete_observation_shared_scores,maximum,prefix,complete,0,500,0.6,0.9,biological_error,2151398048,921666314,2151398048,rpoD,mrp,False,identifiable,alpA|basR|btsR|glaR|glrR|nsrR|ptrR|rcdA,500,-0.008823230924963848,0.01676530740843639,0.12659756585365092,-0.5262791018388338,0.23643547595009465,5636,,,,[],0,,False,True,
csd-20260805_174708,paired_hierarchical,1,0,0,5d0e9ff5482e9c83,rpoD->nadB,shared_complete_observation_shared_scores,maximum,prefix,complete,0,500,0.6,0.9,biological_error,2151398048,921666314,2151398048,rpoD,nadB,False,identifiable,alpA|basR|btsR|glaR|glrR|nadR|nsrR|ptrR|rcdA,500,-0.0005283782947414846,0.0263262045264537,0.3120952058063877,-0.020070431885103202,0.2255997948354391,5636,,,,[],0,,False,True,
csd-20260805_174708,paired_hierarchical,1,0,0,5d0e9ff5482e9c83,rpoD->nadE,shared_complete_observation_shared_scores,maximum,prefix,complete,0,500,0.6,0.9,biological_error,2151398048,921666314,2151398048,rpoD,nadE,False,identifiable,alpA|basR|btsR|glaR|glrR|nsrR|ptrR|rcdA,500,0.014518025872683693,0.016019072840407052,0.1155785031442977,0.906296264292084,0.15033180029369272,5636,,,,[],0,,False,True,
csd-20260805_174708,paired_hierarchical,1,0,0,5d0e9ff5482e9c83,rpoD->nei,shared_complete_observation_shared_scores,maximum,prefix,complete,0,500,0.6,0.9,biological_error,2151398048,921666314,2151398048,rpoD,nei,False,identifiable,alpA|basR|btsR|glaR|glrR|nsrR|ptrR|rcdA,500,0.034085512221691476,0.017095446457285595,0.13163252361864253,1.9938357449076853,0.23674165488314688,5636,,,,[],0,,False,True,
csd-20260805_174708,paired_hierarchical,1,0,0,5d0e9ff5482e9c83,rpoD->nlpD,shared_complete_observation_shared_scores,maximum,prefix,complete,0,500,0.6,0.9,biological_error,2151398048,921666314,2151398048,rpoD,nlpD,False,identifiable,alpA|basR|btsR|glaR|glrR|nsrR|ptrR|rcdA,500,0.0180927112843759,0.02137204156498543,0.2057284403020636,0.8465598024111007,0.23018326630429922,5636,,,,[],0,,False,True,
csd-20260805_174708,paired_hierarchical,1,0,0,5d0e9ff5482e9c83,rpoD->nnr,shared_complete_observation_shared_scores,maximum,prefix,complete,0,500,0.6,0.9,biological_error,2151398048,921666314,2151398048,rpoD,nnr,False,identifiable,alpA|basR|btsR|glaR|glrR|nsrR|ptrR|rcdA,500,-0.004432926373094892,0.01859269118892838,0.15569935926530096,-0.23842306248460798,0.07457549262618537,5636,,,,[],0,,False,True,
csd-20260805_174708,paired_hierarchical,1,0,0,5d0e9ff5482e9c83,rpoD->npr,shared_complete_observation_shared_scores,maximum,prefix,complete,0,500,0.6,0.9,biological_error,2151398048,921666314,2151398048,rpoD,npr,False,identifiable,alpA|basR|btsR|glaR|glrR|nsrR|ptrR|rcdA,500,0.023827929772590982,0.02235725545566275,0.22513306892993187,1.0657806285679727,0.46820244378051146,5636,,,,[],0,,False,True,
csd-20260805_174708,paired_hierarchical,1,0,0,5d0e9ff5482e9c83,rpoD->nrdR,shared_complete_observation_shared_scores,maximum,prefix,complete,0,500,0.6,0.9,biological_error,2151398048,921666314,2151398048,rpoD,nrdR,False,identifiable,alpA|basR|btsR|glaR|glrR|nsrR|ptrR|rcdA,500,0.019549208814034037,0.020310890323102217,0.18580621447721152,0.9624988615983111,0.21830532825813218,5636,,,,[],0,,False,True,
csd-20260805_174708,paired_hierarchical,1,0,0,5d0e9ff5482e9c83,rpoD->nudB,shared_complete_observation_shared_scores,maximum,prefix,complete,0,500,0.6,0.9,biological_error,2151398048,921666314,2151398048,rpoD,nudB,False,identifiable,alpA|basR|btsR|glaR|glrR|nsrR|ptrR|rcdA,500,-0.018895563953895265,0.018538622771201333,0.15479511389984546,-1.0192539212377967,0.1394642697845558,5636,,,,[],0,,False,True,
csd-20260805_174708,paired_hierarchical,1,0,0,5d0e9ff5482e9c83,rpoD->paaX,shared_complete_observation_shared_scores,maximum,prefix,complete,0,500,0.6,0.9,biological_error,2151398048,921666314,2151398048,rpoD,paaX,False,identifiable,alpA|basR|btsR|glaR|glrR|nsrR|ptrR|rcdA,500,0.00408317712243559,0.014659048489345267,0.09678629740831932,0.2785431213631221,0.12558754627102897,5636,,,,[],0,,False,True,
csd-20260805_174708,paired_hierarchical,1,0,0,5d0e9ff5482e9c83,rpoD->paaY,shared_complete_observation_shared_scores,maximum,prefix,complete,0,500,0.6,0.9,biological_error,2151398048,921666314,2151398048,rpoD,paaY,False,identifiable,alpA|basR|btsR|glaR|glrR|nsrR|ptrR|rcdA,500,0.04364345593738918,0.025583110477844208,0.29478746053502186,1.7059479915542641,0.4149103251670093,5636,,,,[],0,,False,True,
csd-20260805_174708,paired_hierarchical,1,0,0,5d0e9ff5482e9c83,rpoD->panB,shared_complete_observation_shared_scores,maximum,prefix,complete,0,500,0.6,0.9,biological_error,2151398048,921666314,2151398048,rpoD,panB,False,identifiable,alpA|basR|btsR|glaR|glrR|nsrR|ptrR|rcdA,500,0.042089769329237046,0.027594171728004015,0.3429549209112115,1.525313741760987,0.3263696508880852,5636,,,,[],0,,False,True,
csd-20260805_174708,paired_hierarchical,1,0,0,5d0e9ff5482e9c83,rpoD->panC,shared_complete_observation_shared_scores,maximum,prefix,complete,0,500,0.6,0.9,biological_error,2151398048,921666314,2151398048,rpoD,panC,False,identifiable,alpA|basR|btsR|glaR|glrR|nsrR|ptrR|rcdA,500,-0.007197981808177968,0.01986023415346771,0.17765238503025046,-0.3624318702668044,0.11563951423095832,5636,,,,[],0,,False,True,
csd-20260805_174708,paired_hierarchical,1,0,0,5d0e9ff5482e9c83,rpoD->panD,shared_complete_observation_shared_scores,maximum,prefix,complete,0,500,0.6,0.9,biological_error,2151398048,921666314,2151398048,rpoD,panD,False,identifiable,alpA|basR|btsR|glaR|glrR|nsrR|ptrR|rcdA,500,0.008628719130075421,0.02659235273032081,0.31850469521199376,0.3244812227628467,0.3554129523189285,5636,,,,[],0,,False,True,
csd-20260805_174708,paired_hierarchical,1,0,0,5d0e9ff5482e9c83,rpoD->panF,shared_complete_observation_shared_scores,maximum,prefix,complete,0,500,0.6,0.9,biological_error,2151398048,921666314,2151398048,rpoD,panF,False,identifiable,alpA|basR|btsR|glaR|glrR|nsrR|ptrR|rcdA,500,0.04455809395076078,0.023282585596787114,0.2441544981412434,1.9137949161844632,0.3556612430713519,5636,,,,[],0,,False,True,
csd-20260805_174708,paired_hierarchical,1,0,0,5d0e9ff5482e9c83,rpoD->pcm,shared_complete_observation_shared_scores,maximum,prefix,complete,0,500,0.6,0.9,biological_error,2151398048,921666314,2151398048,rpoD,pcm,False,identifiable,alpA|basR|btsR|glaR|glrR|nsrR|ptrR|rcdA,500,0.0880070237390343,0.019155351459826088,0.16526563734912256,4.5943831374542325,0.0823643683945141,5636,,,,[],0,,False,True,
csd-20260805_174708,paired_hierarchical,1,0,0,5d0e9ff5482e9c83,rpoD->pdxJ,shared_complete_observation_shared_scores,maximum,prefix,complete,0,500,0.6,0.9,biological_error,2151398048,921666314,2151398048,rpoD,pdxJ,False,identifiable,alpA|basR|btsR|glaR|glrR|nsrR|ptrR|rcdA,500,-0.016036776612002403,0.016019123878936822,0.1155792396371434,-1.0011019786849138,0.1692837462357556,5636,,,,[],0,,False,True,
csd-20260805_174708,paired_hierarchical,1,0,0,5d0e9ff5482e9c83,rpoD->pepA,shared_complete_observation_shared_scores,maximum,prefix,complete,0,500,0.6,0.9,biological_error,2151398048,921666314,2151398048,rpoD,pepA,False,identifiable,alpA|basR|btsR|glaR|glrR|nsrR|ptrR|rcdA,500,-0.0019873453519507504,0.01476143456457217,0.0981430260951574,-0.1346309088901448,0.1676461754564723,5636,,,,[],0,,False,True,
csd-20260805_174708,paired_hierarchical,1,0,0,5d0e9ff5482e9c83,rpoD->pepP,shared_complete_observation_shared_scores,maximum,prefix,complete,0,500,0.6,0.9,biological_error,2151398048,921666314,2151398048,rpoD,pepP,False,identifiable,alpA|basR|btsR|glaR|glrR|nsrR|ptrR|rcdA,500,0.010192604851076918,0.02010819269702252,0.1821161204525896,0.5068881626833707,0.22376362747218695,5636,,,,[],0,,False,True,
csd-20260805_174708,paired_hierarchical,1,0,0,5d0e9ff5482e9c83,rpoD->pflA,shared_complete_observation_shared_scores,maximum,prefix,complete,0,500,0.6,0.9,biological_error,2151398048,921666314,2151398048,rpoD,pflA,False,identifiable,alpA|basR|btsR|glaR|glrR|nsrR|ptrR|rcdA,500,-0.005557911744599612,0.016188454559506436,0.11803562239526971,-0.34332565373485935,0.20439336487749227,5636,,,,[],0,,False,True,
csd-20260805_174708,paired_hierarchical,1,0,0,5d0e9ff5482e9c83,rpoD->pgpB,shared_complete_observation_shared_scores,maximum,prefix,complete,0,500,0.6,0.9,biological_error,2151398048,921666314,2151398048,rpoD,pgpB,False,identifiable,alpA|basR|btsR|glaR|glrR|nsrR|ptrR|rcdA,500,0.0376550017628173,0.02271181524242027,0.23233038199839426,1.6579476964257225,0.3681495679576225,5636,,,,[],0,,False,True,
csd-20260805_174708,paired_hierarchical,1,0,0,5d0e9ff5482e9c83,rpoD->pheA,shared_complete_observation_shared_scores,maximum,prefix,complete,0,500,0.6,0.9,biological_error,2151398048,921666314,2151398048,rpoD,pheA,False,identifiable,alpA|basR|btsR|glaR|glrR|nsrR|ptrR|rcdA,500,0.01730180234101892,0.01977247706062002,0.1760858564457297,0.8750447547858414,0.2775825436928698,5636,,,,[],0,,False,True,
csd-20260805_174708,paired_hierarchical,1,0,0,5d0e9ff5482e9c83,rpoD->pheL,shared_complete_observation_shared_scores,maximum,prefix,complete,0,500,0.6,0.9,biological_error,2151398048,921666314,2151398048,rpoD,pheL,False,identifiable,alpA|basR|btsR|glaR|glrR|nsrR|ptrR|rcdA,500,0.06673569617620648,0.03201903976483925,0.46176277599745796,2.084250391839992,0.31970694506625086,5636,,,,[],0,,False,True,
csd-20260805_174708,paired_hierarchical,1,0,0,5d0e9ff5482e9c83,rpoD->pheP,shared_complete_observation_shared_scores,maximum,prefix,complete,0,500,0.6,0.9,biological_error,2151398048,921666314,2151398048,rpoD,pheP,False,identifiable,alpA|basR|btsR|glaR|glrR|nsrR|ptrR|rcdA,500,0.15939651710156644,0.025830136678834117,0.3005077810920398,6.170951361329035,0.2356064202103562,5636,,,,[],0,,False,True,
csd-20260805_174708,paired_hierarchical,1,0,0,5d0e9ff5482e9c83,rpoD->plsX,shared_complete_observation_shared_scores,maximum,prefix,complete,0,500,0.6,0.9,biological_error,2151398048,921666314,2151398048,rpoD,plsX,False,identifiable,alpA|basR|btsR|glaR|glrR|nsrR|ptrR|rcdA,500,0.05818125615636088,0.017615022000079507,0.13975543075512264,3.3029340613993146,0.24687543101905765,5636,,,,[],0,,False,True,
csd-20260805_174708,paired_hierarchical,1,0,0,5d0e9ff5482e9c83,rpoD->pntB,shared_complete_observation_shared_scores,maximum,prefix,complete,0,500,0.6,0.9,biological_error,2151398048,921666314,2151398048,rpoD,pntB,False,identifiable,alpA|basR|btsR|glaR|glrR|nsrR|ptrR|rcdA,500,0.030792384149288705,0.015330712698351805,0.10585880890820215,2.0085422481760533,0.10764524301623614,5636,,,,[],0,,False,True,
csd-20260805_174708,paired_hierarchical,1,0,0,5d0e9ff5482e9c83,rpoD->prmA,shared_complete_observation_shared_scores,maximum,prefix,complete,0,500,0.6,0.9,biological_error,2151398048,921666314,2151398048,rpoD,prmA,False,identifiable,alpA|basR|btsR|glaR|glrR|nsrR|ptrR|rcdA,500,0.005255102624407112,0.021721901101443307,0.21251910456725495,0.24192645937688842,0.17776229984881853,5636,,,,[],0,,False,True,
csd-20260805_174708,paired_hierarchical,1,0,0,5d0e9ff5482e9c83,rpoD->proS,shared_complete_observation_shared_scores,maximum,prefix,complete,0,500,0.6,0.9,biological_error,2151398048,921666314,2151398048,rpoD,proS,False,identifiable,alpA|basR|btsR|glaR|glrR|nsrR|ptrR|rcdA,500,0.009972297803559335,0.01782597409652768,0.14312281037112629,0.5594251259179064,0.16461530139137576,5636,,,,[],0,,False,True,
csd-20260805_174708,paired_hierarchical,1,0,0,5d0e9ff5482e9c83,rpoD->pspF,shared_complete_observation_shared_scores,maximum,prefix,complete,0,500,0.6,0.9,biological_error,2151398048,921666314,2151398048,rpoD,pspF,False,identifiable,alpA|basR|btsR|glaR|glrR|nsrR|ptrR|rcdA,500,0.012048111183382618,0.0227663633739832,0.23344772176458986,0.5292066627185122,0.4656208641367401,5636,,,,[],0,,False,True,
csd-20260805_174708,paired_hierarchical,1,0,0,5d0e9ff5482e9c83,rpoD->pssA,shared_complete_observation_shared_scores,maximum,prefix,complete,0,500,0.6,0.9,biological_error,2151398048,921666314,2151398048,rpoD,pssA,False,identifiable,alpA|basR|btsR|glaR|glrR|nsrR|ptrR|rcdA,500,0.011569339810494197,0.021177567413061326,0.20200143703965082,0.5463016400721631,0.21400304583480162,5636,,,,[],0,,False,True,
csd-20260805_174708,paired_hierarchical,1,0,0,5d0e9ff5482e9c83,rpoD->pth,shared_complete_observation_shared_scores,maximum,prefix,complete,0,500,0.6,0.9,biological_error,2151398048,921666314,2151398048,rpoD,pth,False,identifiable,alpA|basR|btsR|glaR|glrR|nsrR|ptrR|rcdA,500,0.02852219048134816,0.019515249895261714,0.17153413110608284,1.4615334486838072,0.2535368774014374,5636,,,,[],0,,False,True,
csd-20260805_174708,paired_hierarchical,1,0,0,5d0e9ff5482e9c83,rpoD->purU,shared_complete_observation_shared_scores,maximum,prefix,complete,0,500,0.6,0.9,biological_error,2151398048,921666314,2151398048,rpoD,purU,False,identifiable,alpA|basR|btsR|glaR|glrR|nsrR|ptrR|rcdA,500,0.0046173533604315625,0.01613260330406534,0.1172225657199763,0.2862125395017933,0.1352581171369545,5636,,,,[],0,,False,True,
csd-20260805_174708,paired_hierarchical,1,0,0,5d0e9ff5482e9c83,rpoD->pyrH,shared_complete_observation_shared_scores,maximum,prefix,complete,0,500,0.6,0.9,biological_error,2151398048,921666314,2151398048,rpoD,pyrH,False,identifiable,alpA|basR|btsR|glaR|glrR|nsrR|ptrR|rcdA,500,-0.009960611565427912,0.020623637571667658,0.1915723599759298,-0.4829706462215764,0.2151757907703925,5636,,,,[],0,,False,True,
csd-20260805_174708,paired_hierarchical,1,0,0,5d0e9ff5482e9c83,rpoD->rbn,shared_complete_observation_shared_scores,maximum,prefix,complete,0,500,0.6,0.9,biological_error,2151398048,921666314,2151398048,rpoD,rbn,False,identifiable,alpA|basR|btsR|glaR|glrR|nsrR|ptrR|rcdA,500,0.0042375309797510865,0.021611538948615807,0.21036510483961857,0.19607724326464476,0.30915521876470486,5636,,,,[],0,,False,True,
csd-20260805_174708,paired_hierarchical,1,0,0,5d0e9ff5482e9c83,rpoD->rcnR,shared_complete_observation_shared_scores,maximum,prefix,complete,0,500,0.6,0.9,biological_error,2151398048,921666314,2151398048,rpoD,rcnR,False,identifiable,alpA|basR|btsR|glaR|glrR|nsrR|ptrR|rcdA,500,-0.005418715206072939,0.01746511572826523,0.13738687612316244,-0.3102593358315621,0.3276402972789494,5636,,,,[],0,,False,True,
csd-20260805_174708,paired_hierarchical,1,0,0,5d0e9ff5482e9c83,rpoD->recO,shared_complete_observation_shared_scores,maximum,prefix,complete,0,500,0.6,0.9,biological_error,2151398048,921666314,2151398048,rpoD,recO,False,identifiable,alpA|basR|btsR|glaR|glrR|nsrR|ptrR|rcdA,500,0.06277692773759984,0.023191366273745493,0.24224509003456926,2.7069094160557676,0.1886823723747436,5636,,,,[],0,,False,True,
csd-20260805_174708,paired_hierarchical,1,0,0,5d0e9ff5482e9c83,rpoD->relB,shared_complete_observation_shared_scores,maximum,prefix,complete,0,500,0.6,0.9,biological_error,2151398048,921666314,2151398048,rpoD,relB,False,identifiable,alpA|basR|btsR|glaR|glrR|nsrR|ptrR|rcdA,500,0.020122243632616613,0.013167232670032756,0.07808926458833017,1.5282059743967868,0.10478383450211148,5636,,,,[],0,,False,True,
csd-20260805_174708,paired_hierarchical,1,0,0,5d0e9ff5482e9c83,rpoD->relE,shared_complete_observation_shared_scores,maximum,prefix,complete,0,500,0.6,0.9,biological_error,2151398048,921666314,2151398048,rpoD,relE,False,identifiable,alpA|basR|btsR|glaR|glrR|nsrR|ptrR|rcdA,500,0.01036052429149832,0.019515166754926608,0.17153266954398755,0.530896016498696,0.13365736937065992,5636,,,,[],0,,False,True,
csd-20260805_174708,paired_hierarchical,1,0,0,5d0e9ff5482e9c83,rpoD->rffC,shared_complete_observation_shared_scores,maximum,prefix,complete,0,500,0.6,0.9,biological_error,2151398048,921666314,2151398048,rpoD,rffC,False,identifiable,alpA|basR|btsR|glaR|glrR|nsrR|ptrR|rcdA,500,0.0007411944460720202,0.01995538741201645,0.1793587796716209,0.03714257362027952,0.2605604585981855,5636,,,,[],0,,False,True,
csd-20260805_174708,paired_hierarchical,1,0,0,5d0e9ff5482e9c83,rpoD->rffG,shared_complete_observation_shared_scores,maximum,prefix,complete,0,500,0.6,0.9,biological_error,2151398048,921666314,2151398048,rpoD,rffG,False,identifiable,alpA|basR|btsR|glaR|glrR|nsrR|ptrR|rcdA,500,0.046484767452230215,0.017336340788917826,0.1353683652750574,2.6813482740224734,0.30632340917130535,5636,,,,[],0,,False,True,
csd-20260805_174708,paired_hierarchical,1,0,0,5d0e9ff5482e9c83,rpoD->rffH,shared_complete_observation_shared_scores,maximum,prefix,complete,0,500,0.6,0.9,biological_error,2151398048,921666314,2151398048,rpoD,rffH,False,identifiable,alpA|basR|btsR|glaR|glrR|nsrR|ptrR|rcdA,500,0.005696528665213205,0.026622239186305876,0.31922101585624757,0.21397631601715242,0.5020817595993557,5636,,,,[],0,,False,True,
csd-20260805_174708,paired_hierarchical,1,0,0,5d0e9ff5482e9c83,rpoD->rffM,shared_complete_observation_shared_scores,maximum,prefix,complete,0,500,0.6,0.9,biological_error,2151398048,921666314,2151398048,rpoD,rffM,False,identifiable,alpA|basR|btsR|glaR|glrR|nsrR|ptrR|rcdA,500,0.011669781975009591,0.02139529720744863,0.2061764040628185,0.5454367780853652,0.34005052149072046,5636,,,,[],0,,False,True,
csd-20260805_174708,paired_hierarchical,1,0,0,5d0e9ff5482e9c83,rpoD->ribD,shared_complete_observation_shared_scores,maximum,prefix,complete,0,500,0.6,0.9,biological_error,2151398048,921666314,2151398048,rpoD,ribD,False,identifiable,alpA|basR|btsR|glaR|glrR|nsrR|ptrR|rcdA,500,0.02468810496835967,0.019266737351923018,0.16719322205724452,1.2813848301043842,0.18751729545752746,5636,,,,[],0,,False,True,
csd-20260805_174708,paired_hierarchical,1,0,0,5d0e9ff5482e9c83,rpoD->ribF,shared_complete_observation_shared_scores,maximum,prefix,complete,0,500,0.6,0.9,biological_error,2151398048,921666314,2151398048,rpoD,ribF,False,identifiable,alpA|basR|btsR|glaR|glrR|nsrR|ptrR|rcdA,500,0.004812717380979561,0.022457134648471044,0.22714908888926927,0.21430683194070024,0.24710735911723908,5636,,,,[],0,,False,True,
csd-20260805_174708,paired_hierarchical,1,0,0,5d0e9ff5482e9c83,rpoD->rihB,shared_complete_observation_shared_scores,maximum,prefix,complete,0,500,0.6,0.9,biological_error,2151398048,921666314,2151398048,rpoD,rihB,False,identifiable,alpA|basR|btsR|glaR|glrR|nsrR|ptrR|rcdA,500,0.0011100605266418798,0.014850589962573591,0.09933212521268545,0.07474858099506153,0.14392477202812384,5636,,,,[],0,,False,True,
csd-20260805_174708,paired_hierarchical,1,0,0,5d0e9ff5482e9c83,rpoD->rluA,shared_complete_observation_shared_scores,maximum,prefix,complete,0,500,0.6,0.9,biological_error,2151398048,921666314,2151398048,rpoD,rluA,False,identifiable,alpA|basR|btsR|glaR|glrR|nsrR|ptrR|rcdA,500,0.006442054476380254,0.017122393741194116,0.13204783124388283,0.3762356229947896,0.1555944943874298,5636,,,,[],0,,False,True,
csd-20260805_174708,paired_hierarchical,1,0,0,5d0e9ff5482e9c83,rpoD->rnb,shared_complete_observation_shared_scores,maximum,prefix,complete,0,500,0.6,0.9,biological_error,2151398048,921666314,2151398048,rpoD,rnb,False,identifiable,alpA|basR|btsR|glaR|glrR|nsrR|ptrR|rcdA,500,0.03840794665599734,0.02705674834348091,0.329726245792095,1.419532981879968,0.45010850518077894,5636,,,,[],0,,False,True,
csd-20260805_174708,paired_hierarchical,1,0,0,5d0e9ff5482e9c83,rpoD->rnc,shared_complete_observation_shared_scores,maximum,prefix,complete,0,500,0.6,0.9,biological_error,2151398048,921666314,2151398048,rpoD,rnc,False,identifiable,alpA|basR|btsR|glaR|glrR|nsrR|ptrR|rcdA,500,0.014267577607317191,0.014547564735880461,0.09531975341662699,0.980753677082962,0.16092867506042485,5636,,,,[],0,,False,True,
csd-20260805_174708,paired_hierarchical,1,0,0,5d0e9ff5482e9c83,rpoD->rnd,shared_complete_observation_shared_scores,maximum,prefix,complete,0,500,0.6,0.9,biological_error,2151398048,921666314,2151398048,rpoD,rnd,False,identifiable,alpA|basR|btsR|glaR|glrR|nsrR|ptrR|rcdA,500,0.02975357009000954,0.020479275300745284,0.18889979286905495,1.4528624501144698,0.20115473683181923,5636,,,,[],0,,False,True,
csd-20260805_174708,paired_hierarchical,1,0,0,5d0e9ff5482e9c83,rpoD->rne,shared_complete_observation_shared_scores,maximum,prefix,complete,0,500,0.6,0.9,biological_error,2151398048,921666314,2151398048,rpoD,rne,False,identifiable,alpA|basR|btsR|glaR|glrR|nsrR|ptrR|rcdA,500,0.027509075970032104,0.023688895558432777,0.2527504512657903,1.161264606117925,0.31453742143910596,5636,,,,[],0,,False,True,
csd-20260805_174708,paired_hierarchical,1,0,0,5d0e9ff5482e9c83,rpoD->rnt,shared_complete_observation_shared_scores,maximum,prefix,complete,0,500,0.6,0.9,biological_error,2151398048,921666314,2151398048,rpoD,rnt,False,identifiable,alpA|basR|btsR|glaR|glrR|nsrR|ptrR|rcdA,500,0.0031676824827818898,0.01907993915683872,0.1639669371338408,0.16602162390263778,0.21843464006501254,5636,,,,[],0,,False,True,
csd-20260805_174708,paired_hierarchical,1,0,0,5d0e9ff5482e9c83,rpoD->rpe,shared_complete_observation_shared_scores,maximum,prefix,complete,0,500,0.6,0.9,biological_error,2151398048,921666314,2151398048,rpoD,rpe,False,identifiable,alpA|basR|btsR|glaR|glrR|nsrR|ptrR|rcdA,500,0.01503605449533707,0.014473064772524987,0.09434596366140882,1.0388991365450693,0.16243528810515068,5636,,,,[],0,,False,True,
csd-20260805_174708,paired_hierarchical,1,0,0,5d0e9ff5482e9c83,rpoD->rpsB,shared_complete_observation_shared_scores,maximum,prefix,complete,0,500,0.6,0.9,biological_error,2151398048,921666314,2151398048,rpoD,rpsB,False,identifiable,alpA|basR|btsR|glaR|glrR|nsrR|ptrR|rcdA,500,0.07638344013519678,0.02053935112950177,0.19000969119728808,3.718882824174672,0.1518196071299481,5636,,,,[],0,,False,True,
csd-20260805_174708,paired_hierarchical,1,0,0,5d0e9ff5482e9c83,rpoD->rraB,shared_complete_observation_shared_scores,maximum,prefix,complete,0,500,0.6,0.9,biological_error,2151398048,921666314,2151398048,rpoD,rraB,False,identifiable,alpA|basR|btsR|glaR|glrR|nsrR|ptrR|rcdA,500,0.01113595278991873,0.02175109245967189,0.2130906834334656,0.5119721140703897,0.28633199446559204,5636,,,,[],0,,False,True,
csd-20260805_174708,paired_hierarchical,1,0,0,5d0e9ff5482e9c83,rpoD->ruvC,shared_complete_observation_shared_scores,maximum,prefix,complete,0,500,0.6,0.9,biological_error,2151398048,921666314,2151398048,rpoD,ruvC,False,identifiable,alpA|basR|btsR|glaR|glrR|nsrR|ptrR|rcdA,500,0.0036106365506611915,0.01828504360330634,0.15058936913661244,0.19746392893524786,0.24747900208038295,5636,,,,[],0,,False,True,
csd-20260805_174708,paired_hierarchical,1,0,0,5d0e9ff5482e9c83,rpoD->serU,shared_complete_observation_shared_scores,maximum,prefix,complete,0,500,0.6,0.9,biological_error,2151398048,921666314,2151398048,rpoD,serU,False,identifiable,alpA|basR|btsR|glaR|glrR|nsrR|ptrR|rcdA,500,0.012026475840227709,0.019847836787493706,0.17743066214351436,0.6059338339483774,0.208314317703216,5636,,,,[],0,,False,True,
csd-20260805_174708,paired_hierarchical,1,0,0,5d0e9ff5482e9c83,rpoD->serV,shared_complete_observation_shared_scores,maximum,prefix,complete,0,500,0.6,0.9,biological_error,2151398048,921666314,2151398048,rpoD,serV,False,identifiable,alpA|basR|btsR|glaR|glrR|nsrR|ptrR|rcdA,500,0.031466657713037,0.021701146448663656,0.21211318677706015,1.4499997863004468,0.18604557069573194,5636,,,,[],0,,False,True,
csd-20260805_174708,paired_hierarchical,1,0,0,5d0e9ff5482e9c83,rpoD->serW,shared_complete_observation_shared_scores,maximum,prefix,complete,0,500,0.6,0.9,biological_error,2151398048,921666314,2151398048,rpoD,serW,False,identifiable,alpA|basR|btsR|glaR|glrR|nsrR|ptrR|rcdA,500,-0.013314695940020032,0.016644985927010653,0.1247869522777527,-0.7999223308692384,0.16930434708151243,5636,,,,[],0,,False,True,
csd-20260805_174708,paired_hierarchical,1,0,0,5d0e9ff5482e9c83,rpoD->slmA,shared_complete_observation_shared_scores,maximum,prefix,complete,0,500,0.6,0.9,biological_error,2151398048,921666314,2151398048,rpoD,slmA,False,identifiable,alpA|basR|btsR|glaR|glrR|nsrR|ptrR|rcdA,500,0.001274972839087037,0.01489636133862618,0.09994537689015408,0.08558954835373385,0.16209904615935092,5636,,,,[],0,,False,True,
csd-20260805_174708,paired_hierarchical,1,0,0,5d0e9ff5482e9c83,rpoD->speD,shared_complete_observation_shared_scores,maximum,prefix,complete,0,500,0.6,0.9,biological_error,2151398048,921666314,2151398048,rpoD,speD,False,identifiable,alpA|basR|btsR|glaR|glrR|nsrR|ptrR|rcdA,500,0.05430373730191789,0.022544360461104692,0.22891705640176616,2.4087504010418472,0.2803223842000818,5636,,,,[],0,,False,True,
csd-20260805_174708,paired_hierarchical,1,0,0,5d0e9ff5482e9c83,rpoD->speE,shared_complete_observation_shared_scores,maximum,prefix,complete,0,500,0.6,0.9,biological_error,2151398048,921666314,2151398048,rpoD,speE,False,identifiable,alpA|basR|btsR|glaR|glrR|nsrR|ptrR|rcdA,500,0.09064313171884882,0.03155336635711339,0.44842902315469657,2.8726929067717126,0.22908492872007932,5636,,,,[],0,,False,True,
csd-20260805_174708,paired_hierarchical,1,0,0,5d0e9ff5482e9c83,rpoD->tatA,shared_complete_observation_shared_scores,maximum,prefix,complete,0,500,0.6,0.9,biological_error,2151398048,921666314,2151398048,rpoD,tatA,False,identifiable,alpA|basR|btsR|glaR|glrR|nsrR|ptrR|rcdA,500,0.025115157849449066,0.015664798917338973,0.11052282117473793,1.6032863225361755,0.18189614067272705,5636,,,,[],0,,False,True,
csd-20260805_174708,paired_hierarchical,1,0,0,5d0e9ff5482e9c83,rpoD->tatB,shared_complete_observation_shared_scores,maximum,prefix,complete,0,500,0.6,0.9,biological_error,2151398048,921666314,2151398048,rpoD,tatB,False,identifiable,alpA|basR|btsR|glaR|glrR|nsrR|ptrR|rcdA,500,0.025461244448260457,0.0206423452963658,0.1919200686116996,1.2334472698091652,0.2102270236243975,5636,,,,[],0,,False,True,
csd-20260805_174708,paired_hierarchical,1,0,0,5d0e9ff5482e9c83,rpoD->tatC,shared_complete_observation_shared_scores,maximum,prefix,complete,0,500,0.6,0.9,biological_error,2151398048,921666314,2151398048,rpoD,tatC,False,identifiable,alpA|basR|btsR|glaR|glrR|nsrR|ptrR|rcdA,500,0.0009192677529839204,0.02726022323334005,0.33470417462446794,0.03372194516219622,0.09246150296324747,5636,,,,[],0,,False,True,
csd-20260805_174708,paired_hierarchical,1,0,0,5d0e9ff5482e9c83,rpoD->tatD,shared_complete_observation_shared_scores,maximum,prefix,complete,0,500,0.6,0.9,biological_error,2151398048,921666314,2151398048,rpoD,tatD,False,identifiable,alpA|basR|btsR|glaR|glrR|nsrR|ptrR|rcdA,500,0.0872537801160523,0.02541215276869294,0.2908608227540579,3.433545395002761,0.3143022651347838,5636,,,,[],0,,False,True,
csd-20260805_174708,paired_hierarchical,1,0,0,5d0e9ff5482e9c83,rpoD->thyA,shared_complete_observation_shared_scores,maximum,prefix,complete,0,500,0.6,0.9,biological_error,2151398048,921666314,2151398048,rpoD,thyA,False,identifiable,alpA|basR|btsR|glaR|glrR|nsrR|ptrR|rcdA,500,0.006481497337608062,0.014900871896042165,0.10000591215810216,0.43497436813275464,0.09896881791934513,5636,,,,[],0,,False,True,
csd-20260805_174708,paired_hierarchical,1,0,0,5d0e9ff5482e9c83,rpoD->trpA,shared_complete_observation_shared_scores,maximum,prefix,complete,0,500,0.6,0.9,biological_error,2151398048,921666314,2151398048,rpoD,trpA,False,identifiable,alpA|basR|btsR|glaR|glrR|nsrR|ptrR|rcdA,500,0.0037052008139929413,0.021787422480956994,0.21380311241328243,0.17006145711964885,0.3878235521294853,5636,,,,[],0,,False,True,
csd-20260805_174708,paired_hierarchical,1,0,0,5d0e9ff5482e9c83,rpoD->trpB,shared_complete_observation_shared_scores,maximum,prefix,complete,0,500,0.6,0.9,biological_error,2151398048,921666314,2151398048,rpoD,trpB,False,identifiable,alpA|basR|btsR|glaR|glrR|nsrR|ptrR|rcdA,500,0.09462257501379717,0.019557267390595486,0.17227357268228474,4.838230879805754,0.36305545588681815,5636,,,,[],0,,False,True,
csd-20260805_174708,paired_hierarchical,1,0,0,5d0e9ff5482e9c83,rpoD->trpC,shared_complete_observation_shared_scores,maximum,prefix,complete,0,500,0.6,0.9,biological_error,2151398048,921666314,2151398048,rpoD,trpC,False,identifiable,alpA|basR|btsR|glaR|glrR|nsrR|ptrR|rcdA,500,0.006483249413553911,0.022230614335343752,0.222589791241632,0.29163608867283514,0.36447542869505134,5636,,,,[],0,,False,True,
csd-20260805_174708,paired_hierarchical,1,0,0,5d0e9ff5482e9c83,rpoD->trpD,shared_complete_observation_shared_scores,maximum,prefix,complete,0,500,0.6,0.9,biological_error,2151398048,921666314,2151398048,rpoD,trpD,False,identifiable,alpA|basR|btsR|glaR|glrR|nsrR|ptrR|rcdA,500,0.004793704999966187,0.020099044901675713,0.18195045841845675,0.23850411914680197,0.3879556337428196,5636,,,,[],0,,False,True,
csd-20260805_174708,paired_hierarchical,1,0,0,5d0e9ff5482e9c83,rpoD->trpE,shared_complete_observation_shared_scores,maximum,prefix,complete,0,500,0.6,0.9,biological_error,2151398048,921666314,2151398048,rpoD,trpE,False,identifiable,alpA|basR|btsR|glaR|glrR|nsrR|ptrR|rcdA,500,0.008855303022286917,0.024894197126094753,0.2791248879282483,0.3557175584909527,0.10360945594522855,5636,,,,[],0,,False,True,
csd-20260805_174708,paired_hierarchical,1,0,0,5d0e9ff5482e9c83,rpoD->trpL,shared_complete_observation_shared_scores,maximum,prefix,complete,0,500,0.6,0.9,biological_error,2151398048,921666314,2151398048,rpoD,trpL,False,identifiable,alpA|basR|btsR|glaR|glrR|nsrR|ptrR|rcdA,500,-0.002350717606642026,0.015580963021768262,0.10934298029200444,-0.15087113699954385,0.20722517504777502,5636,,,,[],0,,False,True,
csd-20260805_174708,paired_hierarchical,1,0,0,5d0e9ff5482e9c83,rpoD->trpR,shared_complete_observation_shared_scores,maximum,prefix,complete,0,500,0.6,0.9,biological_error,2151398048,921666314,2151398048,rpoD,trpR,False,identifiable,alpA|basR|btsR|glaR|glrR|nsrR|ptrR|rcdA,500,-0.011495088078150218,0.012776264968776459,0.07352078466914279,-0.8997221101975208,0.106686326440447,5636,,,,[],0,,False,True,
csd-20260805_174708,paired_hierarchical,1,0,0,5d0e9ff5482e9c83,rpoD->trpS,shared_complete_observation_shared_scores,maximum,prefix,complete,0,500,0.6,0.9,biological_error,2151398048,921666314,2151398048,rpoD,trpS,False,identifiable,alpA|basR|btsR|glaR|glrR|nsrR|ptrR|rcdA,500,0.02958291928925485,0.02066523221777301,0.19234588210369932,1.4315309393819555,0.29333989597877835,5636,,,,[],0,,False,True,
csd-20260805_174708,paired_hierarchical,1,0,0,5d0e9ff5482e9c83,rpoD->tsaE,shared_complete_observation_shared_scores,maximum,prefix,complete,0,500,0.6,0.9,biological_error,2151398048,921666314,2151398048,rpoD,tsaE,False,identifiable,alpA|basR|btsR|glaR|glrR|nsrR|ptrR|rcdA,500,-0.005221540846297795,0.01705007850480267,0.13093479700820476,-0.3062473199068843,0.16424289719873178,5636,,,,[],0,,False,True,
csd-20260805_174708,paired_hierarchical,1,0,0,5d0e9ff5482e9c83,rpoD->tsf,shared_complete_observation_shared_scores,maximum,prefix,complete,0,500,0.6,0.9,biological_error,2151398048,921666314,2151398048,rpoD,tsf,False,identifiable,alpA|basR|btsR|glaR|glrR|nsrR|ptrR|rcdA,500,-0.018162997434729947,0.017836820581025033,0.14329703385197345,-1.0182867149570312,0.11427426570103552,5636,,,,[],0,,False,True,
csd-20260805_174708,paired_hierarchical,1,0,0,5d0e9ff5482e9c83,rpoD->ubiH,shared_complete_observation_shared_scores,maximum,prefix,complete,0,500,0.6,0.9,biological_error,2151398048,921666314,2151398048,rpoD,ubiH,False,identifiable,alpA|basR|btsR|glaR|glrR|nsrR|ptrR|rcdA,500,0.013632104862039689,0.019119887521113165,0.16465426303015684,0.7129803900251199,0.25895041935375035,5636,,,,[],0,,False,True,
csd-20260805_174708,paired_hierarchical,1,0,0,5d0e9ff5482e9c83,rpoD->ubiI,shared_complete_observation_shared_scores,maximum,prefix,complete,0,500,0.6,0.9,biological_error,2151398048,921666314,2151398048,rpoD,ubiI,False,identifiable,alpA|basR|btsR|glaR|glrR|nsrR|ptrR|rcdA,500,0.006253136459630318,0.02129935569711548,0.20433146361856033,0.2935833622646701,0.32962254654609113,5636,,,,[],0,,False,True,
csd-20260805_174708,paired_hierarchical,1,0,0,5d0e9ff5482e9c83,rpoD->uidR,shared_complete_observation_shared_scores,maximum,prefix,complete,0,500,0.6,0.9,biological_error,2151398048,921666314,2151398048,rpoD,uidR,False,identifiable,alpA|basR|btsR|glaR|glrR|nsrR|ptrR|rcdA,500,0.05569020759247085,0.02621356146571904,0.3094955241319262,2.1244807831740107,0.37464111527348853,5636,,,,[],0,,False,True,
csd-20260805_174708,paired_hierarchical,1,0,0,5d0e9ff5482e9c83,rpoD->umpG,shared_complete_observation_shared_scores,maximum,prefix,complete,0,500,0.6,0.9,biological_error,2151398048,921666314,2151398048,rpoD,umpG,False,identifiable,alpA|basR|btsR|glaR|glrR|nsrR|ptrR|rcdA,500,0.058947421198271746,0.01719772915644937,0.1332123603135352,3.427628186373996,0.12373922509551877,5636,,,,[],0,,False,True,
csd-20260805_174708,paired_hierarchical,1,0,0,5d0e9ff5482e9c83,rpoD->valV,shared_complete_observation_shared_scores,maximum,prefix,complete,0,500,0.6,0.9,biological_error,2151398048,921666314,2151398048,rpoD,valV,False,identifiable,alpA|basR|btsR|glaR|glrR|nsrR|ptrR|rcdA,500,-0.0043157578041656975,0.016023281514698832,0.11563924276133228,-0.2693429432795442,0.12225580480599404,5636,,,,[],0,,False,True,
csd-20260805_174708,paired_hierarchical,1,0,0,5d0e9ff5482e9c83,rpoD->valW,shared_complete_observation_shared_scores,maximum,prefix,complete,0,500,0.6,0.9,biological_error,2151398048,921666314,2151398048,rpoD,valW,False,identifiable,alpA|basR|btsR|glaR|glrR|nsrR|ptrR|rcdA,500,0.04028495576600289,0.019253073235840853,0.16695615675206107,2.0923909275434434,0.21012500954565616,5636,,,,[],0,,False,True,
csd-20260805_174708,paired_hierarchical,1,0,0,5d0e9ff5482e9c83,rpoD->waaB,shared_complete_observation_shared_scores,maximum,prefix,complete,0,500,0.6,0.9,biological_error,2151398048,921666314,2151398048,rpoD,waaB,False,identifiable,alpA|basR|btsR|glaR|glrR|nsrR|ptrR|rcdA,500,0.005338966494324705,0.02458836026025159,0.27230865716944763,0.2171338974138683,0.23613497806124745,5636,,,,[],0,,False,True,
csd-20260805_174708,paired_hierarchical,1,0,0,5d0e9ff5482e9c83,rpoD->waaJ,shared_complete_observation_shared_scores,maximum,prefix,complete,0,500,0.6,0.9,biological_error,2151398048,921666314,2151398048,rpoD,waaJ,False,identifiable,alpA|basR|btsR|glaR|glrR|nsrR|ptrR|rcdA,500,-0.000183294614265226,0.016387731459575172,0.12095950215071585,-0.011184868065319008,0.16678262413686368,5636,,,,[],0,,False,True,
csd-20260805_174708,paired_hierarchical,1,0,0,5d0e9ff5482e9c83,rpoD->waaO,shared_complete_observation_shared_scores,maximum,prefix,complete,0,500,0.6,0.9,biological_error,2151398048,921666314,2151398048,rpoD,waaO,False,identifiable,alpA|basR|btsR|glaR|glrR|nsrR|ptrR|rcdA,500,0.050839963396659554,0.021419932963648566,0.20665148378513729,2.373488445689315,0.33125968350783963,5636,,,,[],0,,False,True,
csd-20260805_174708,paired_hierarchical,1,0,0,5d0e9ff5482e9c83,rpoD->waaP,shared_complete_observation_shared_scores,maximum,prefix,complete,0,500,0.6,0.9,biological_error,2151398048,921666314,2151398048,rpoD,waaP,False,identifiable,alpA|basR|btsR|glaR|glrR|nsrR|ptrR|rcdA|yiaU,500,0.008368198416352397,0.015130781700293444,0.10311359867769138,0.5530579042185313,0.1607799732973439,5636,,,,[],0,,False,True,
csd-20260805_174708,paired_hierarchical,1,0,0,5d0e9ff5482e9c83,rpoD->waaQ,shared_complete_observation_shared_scores,maximum,prefix,complete,0,500,0.6,0.9,biological_error,2151398048,921666314,2151398048,rpoD,waaQ,False,identifiable,alpA|basR|btsR|glaR|glrR|nsrR|ptrR|rcdA,500,0.012563125373989213,0.017218171613397802,0.1335292401067192,0.729643405587478,0.10910412561291974,5636,,,,[],0,,False,True,
csd-20260805_174708,paired_hierarchical,1,0,0,5d0e9ff5482e9c83,rpoD->waaS,shared_complete_observation_shared_scores,maximum,prefix,complete,0,500,0.6,0.9,biological_error,2151398048,921666314,2151398048,rpoD,waaS,False,identifiable,alpA|basR|btsR|glaR|glrR|nsrR|ptrR|rcdA,500,0.09157318964374767,0.020399758815032247,0.1874357286833562,4.488934917027984,0.12055098627447053,5636,,,,[],0,,False,True,
csd-20260805_174708,paired_hierarchical,1,0,0,5d0e9ff5482e9c83,rpoD->waaU,shared_complete_observation_shared_scores,maximum,prefix,complete,0,500,0.6,0.9,biological_error,2151398048,921666314,2151398048,rpoD,waaU,False,identifiable,alpA|basR|btsR|glaR|glrR|nsrR|ptrR|rcdA,500,-0.007957134715012516,0.021472840521659525,0.20767360913425986,-0.3705674015035971,0.1588835241753216,5636,,,,[],0,,False,True,
csd-20260805_174708,paired_hierarchical,1,0,0,5d0e9ff5482e9c83,rpoD->wecC,shared_complete_observation_shared_scores,maximum,prefix,complete,0,500,0.6,0.9,biological_error,2151398048,921666314,2151398048,rpoD,wecC,False,identifiable,alpA|basR|btsR|glaR|glrR|nsrR|ptrR|rcdA,500,0.021270238692452512,0.02124834577708007,0.20335392694508533,1.0010303350482963,0.2696507689524697,5636,,,,[],0,,False,True,
csd-20260805_174708,paired_hierarchical,1,0,0,5d0e9ff5482e9c83,rpoD->wecE,shared_complete_observation_shared_scores,maximum,prefix,complete,0,500,0.6,0.9,biological_error,2151398048,921666314,2151398048,rpoD,wecE,False,identifiable,alpA|basR|btsR|glaR|glrR|nsrR|ptrR|rcdA,500,0.0326270436565526,0.01685236563702059,0.12791576124355875,1.9360512559066982,0.10980749879707206,5636,,,,[],0,,False,True,
csd-20260805_174708,paired_hierarchical,1,0,0,5d0e9ff5482e9c83,rpoD->wecF,shared_complete_observation_shared_scores,maximum,prefix,complete,0,500,0.6,0.9,biological_error,2151398048,921666314,2151398048,rpoD,wecF,False,identifiable,alpA|basR|btsR|glaR|glrR|nsrR|ptrR|rcdA,500,0.042165676156893386,0.01467366870516389,0.09697945349228279,2.873560593749444,0.17555173505295574,5636,,,,[],0,,False,True,
csd-20260805_174708,paired_hierarchical,1,0,0,5d0e9ff5482e9c83,rpoD->wzxE,shared_complete_observation_shared_scores,maximum,prefix,complete,0,500,0.6,0.9,biological_error,2151398048,921666314,2151398048,rpoD,wzxE,False,identifiable,alpA|basR|btsR|glaR|glrR|nsrR|ptrR|rcdA,500,0.028386198982484484,0.018680505633772226,0.15717358814963656,1.5195626681092331,0.19457475082781234,5636,,,,[],0,,False,True,
csd-20260805_174708,paired_hierarchical,1,0,0,5d0e9ff5482e9c83,rpoD->wzyE,shared_complete_observation_shared_scores,maximum,prefix,complete,0,500,0.6,0.9,biological_error,2151398048,921666314,2151398048,rpoD,wzyE,False,identifiable,alpA|basR|btsR|glaR|glrR|nsrR|ptrR|rcdA,500,0.02618164262375177,0.015227331573063054,0.10443592612611922,1.7193848113261516,0.1445595979898662,5636,,,,[],0,,False,True,
csd-20260805_174708,paired_hierarchical,1,0,0,5d0e9ff5482e9c83,rpoD->xerC,shared_complete_observation_shared_scores,maximum,prefix,complete,0,500,0.6,0.9,biological_error,2151398048,921666314,2151398048,rpoD,xerC,False,identifiable,alpA|basR|btsR|glaR|glrR|nsrR|ptrR|rcdA,500,0.07530686070774698,0.044866882635711695,0.9066801433749045,1.678450926024592,0.10484029019985146,5636,,,,[],0,,False,True,
csd-20260805_174708,paired_hierarchical,1,0,0,5d0e9ff5482e9c83,rpoD->xseB,shared_complete_observation_shared_scores,maximum,prefix,complete,0,500,0.6,0.9,biological_error,2151398048,921666314,2151398048,rpoD,xseB,False,identifiable,alpA|basR|btsR|glaR|glrR|nsrR|ptrR|rcdA,500,-0.001940469447156453,0.014344214000575157,0.09267355539366619,-0.13527889691820313,0.1308616474249028,5636,,,,[],0,,False,True,
csd-20260805_174708,paired_hierarchical,1,0,0,5d0e9ff5482e9c83,rpoD->xtpA,shared_complete_observation_shared_scores,maximum,prefix,complete,0,500,0.6,0.9,biological_error,2151398048,921666314,2151398048,rpoD,xtpA,False,identifiable,alpA|basR|btsR|glaR|glrR|nsrR|ptrR|rcdA,500,0.07605222412623178,0.01799636504936253,0.1458719879037992,4.225976963549408,0.2228369185390046,5636,,,,[],0,,False,True,
csd-20260805_174708,paired_hierarchical,1,0,0,5d0e9ff5482e9c83,rpoD->yacC,shared_complete_observation_shared_scores,maximum,prefix,complete,0,500,0.6,0.9,biological_error,2151398048,921666314,2151398048,rpoD,yacC,False,identifiable,alpA|basR|btsR|glaR|glrR|nsrR|ptrR|rcdA,500,0.02675381102725294,0.019650423807132278,0.17391865015914043,1.3614877363379017,0.11263431983954617,5636,,,,[],0,,False,True,
csd-20260805_174708,paired_hierarchical,1,0,0,5d0e9ff5482e9c83,rpoD->yagK,shared_complete_observation_shared_scores,maximum,prefix,complete,0,500,0.6,0.9,biological_error,2151398048,921666314,2151398048,rpoD,yagK,False,identifiable,alpA|basR|btsR|glaR|glrR|nsrR|ptrR|rcdA,500,0.03201480765023673,0.015413527949335667,0.10700557912856044,2.077059045500131,0.31437807734936285,5636,,,,[],0,,False,True,
csd-20260805_174708,paired_hierarchical,1,0,0,5d0e9ff5482e9c83,rpoD->yajG,shared_complete_observation_shared_scores,maximum,prefix,complete,0,500,0.6,0.9,biological_error,2151398048,921666314,2151398048,rpoD,yajG,False,identifiable,alpA|basR|btsR|glaR|glrR|nsrR|ptrR|rcdA,500,-0.0029743192075183593,0.020309519721758852,0.18578113850559858,-0.14644950979967222,0.2174952949687836,5636,,,,[],0,,False,True,
csd-20260805_174708,paired_hierarchical,1,0,0,5d0e9ff5482e9c83,rpoD->ybhF,shared_complete_observation_shared_scores,maximum,prefix,complete,0,500,0.6,0.9,biological_error,2151398048,921666314,2151398048,rpoD,ybhF,False,identifiable,alpA|basR|btsR|glaR|glrR|nsrR|ptrR|rcdA,500,0.06186867797265362,0.03371330808165355,0.511923482823373,1.8351411206164592,0.5921859446060113,5636,,,,[],0,,False,True,
csd-20260805_174708,paired_hierarchical,1,0,0,5d0e9ff5482e9c83,rpoD->ybhG,shared_complete_observation_shared_scores,maximum,prefix,complete,0,500,0.6,0.9,biological_error,2151398048,921666314,2151398048,rpoD,ybhG,False,identifiable,alpA|basR|btsR|glaR|glrR|nsrR|ptrR|rcdA,500,0.013964578503113233,0.016254845822555656,0.11900577101858337,0.8591024889166043,0.19533187777080457,5636,,,,[],0,,False,True,
csd-20260805_174708,paired_hierarchical,1,0,0,5d0e9ff5482e9c83,rpoD->ybhR,shared_complete_observation_shared_scores,maximum,prefix,complete,0,500,0.6,0.9,biological_error,2151398048,921666314,2151398048,rpoD,ybhR,False,identifiable,alpA|basR|btsR|glaR|glrR|nsrR|ptrR|rcdA,500,0.022819404278747603,0.02666094045561852,0.3201498061230531,0.8559114528136853,0.16929931423468014,5636,,,,[],0,,False,True,
csd-20260805_174708,paired_hierarchical,1,0,0,5d0e9ff5482e9c83,rpoD->ybhS,shared_complete_observation_shared_scores,maximum,prefix,complete,0,500,0.6,0.9,biological_error,2151398048,921666314,2151398048,rpoD,ybhS,False,identifiable,alpA|basR|btsR|glaR|glrR|nsrR|ptrR|rcdA,500,0.004837970923368904,0.022092330702486583,0.21982920256000363,0.2189887064665554,0.3944256413561839,5636,,,,[],0,,False,True,
csd-20260805_174708,paired_hierarchical,1,0,0,5d0e9ff5482e9c83,rpoD->ycaR,shared_complete_observation_shared_scores,maximum,prefix,complete,0,500,0.6,0.9,biological_error,2151398048,921666314,2151398048,rpoD,ycaR,False,identifiable,alpA|basR|btsR|glaR|glrR|nsrR|ptrR|rcdA,500,0.019382008965457213,0.024248006519324013,0.2648222026857393,0.7993238103928696,0.21104520647310826,5636,,,,[],0,,False,True,
csd-20260805_174708,paired_hierarchical,1,0,0,5d0e9ff5482e9c83,rpoD->ychQ,shared_complete_observation_shared_scores,maximum,prefix,complete,0,500,0.6,0.9,biological_error,2151398048,921666314,2151398048,rpoD,ychQ,False,identifiable,alpA|basR|btsR|glaR|glrR|nsrR|ptrR|rcdA,500,0.11232044024480388,0.021961024907033985,0.2172238577856364,5.114535442689121,0.3211747155195675,5636,,,,[],0,,False,True,
csd-20260805_174708,paired_hierarchical,1,0,0,5d0e9ff5482e9c83,rpoD->yciB,shared_complete_observation_shared_scores,maximum,prefix,complete,0,500,0.6,0.9,biological_error,2151398048,921666314,2151398048,rpoD,yciB,False,identifiable,alpA|basR|btsR|glaR|glrR|nsrR|ptrR|rcdA,500,-0.0014453717543522148,0.029101412967583246,0.3814437164076419,-0.049666720855178016,0.3117721176075609,5636,,,,[],0,,False,True,
csd-20260805_174708,paired_hierarchical,1,0,0,5d0e9ff5482e9c83,rpoD->yciC,shared_complete_observation_shared_scores,maximum,prefix,complete,0,500,0.6,0.9,biological_error,2151398048,921666314,2151398048,rpoD,yciC,False,identifiable,alpA|basR|btsR|glaR|glrR|nsrR|ptrR|rcdA,500,0.05792602555500758,0.02067922968856132,0.19260653900444402,2.8011694065688175,0.2453955717800662,5636,,,,[],0,,False,True,
csd-20260805_174708,paired_hierarchical,1,0,0,5d0e9ff5482e9c83,rpoD->ydeI,shared_complete_observation_shared_scores,maximum,prefix,complete,0,500,0.6,0.9,biological_error,2151398048,921666314,2151398048,rpoD,ydeI,False,identifiable,alpA|basR|btsR|glaR|glrR|nsrR|ptrR|rcdA,500,0.046721169438436565,0.04665772828895436,0.9805042774811834,1.001359713638206,0.6032107483190314,5636,,,,[],0,,False,True,
csd-20260805_174708,paired_hierarchical,1,0,0,5d0e9ff5482e9c83,rpoD->ydfA,shared_complete_observation_shared_scores,maximum,prefix,complete,0,500,0.6,0.9,biological_error,2151398048,921666314,2151398048,rpoD,ydfA,False,identifiable,alpA|basR|btsR|glaR|glrR|nsrR|ptrR|rcdA,500,0.052326932086513483,0.018266682783277564,0.15028709410095376,2.864610542994525,0.14259234611283425,5636,,,,[],0,,False,True,
csd-20260805_174708,paired_hierarchical,1,0,0,5d0e9ff5482e9c83,rpoD->ydfB,shared_complete_observation_shared_scores,maximum,prefix,complete,0,500,0.6,0.9,biological_error,2151398048,921666314,2151398048,rpoD,ydfB,False,identifiable,alpA|basR|btsR|glaR|glrR|nsrR|ptrR|rcdA,500,0.10585661017684936,0.02662252954746524,0.3192279791991186,3.9762040638594423,0.27449859772633894,5636,,,,[],0,,False,True,
csd-20260805_174708,paired_hierarchical,1,0,0,5d0e9ff5482e9c83,rpoD->ydfC,shared_complete_observation_shared_scores,maximum,prefix,complete,0,500,0.6,0.9,biological_error,2151398048,921666314,2151398048,rpoD,ydfC,False,identifiable,alpA|basR|btsR|glaR|glrR|nsrR|ptrR|rcdA,500,-0.017298753907837982,0.01749375681408557,0.13783784774048055,-0.988853000054821,0.1728988569335024,5636,,,,[],0,,False,True,
csd-20260805_174708,paired_hierarchical,1,0,0,5d0e9ff5482e9c83,rpoD->ydfD,shared_complete_observation_shared_scores,maximum,prefix,complete,0,500,0.6,0.9,biological_error,2151398048,921666314,2151398048,rpoD,ydfD,False,identifiable,alpA|basR|btsR|dicA|glaR|glrR|nsrR|ptrR|rcdA,500,0.0009835599790865672,0.027399393266429248,0.3381194020915002,0.03589714449230748,0.24559451376671748,5636,,,,[],0,,False,True,
csd-20260805_174708,paired_hierarchical,1,0,0,5d0e9ff5482e9c83,rpoD->ydfW,shared_complete_observation_shared_scores,maximum,prefix,complete,0,500,0.6,0.9,biological_error,2151398048,921666314,2151398048,rpoD,ydfW,False,identifiable,alpA|basR|btsR|dicA|glaR|glrR|nsrR|ptrR|rcdA,500,0.0013999376657808076,0.02223496700011555,0.22266972820361414,0.06296108583266763,0.13568069260438725,5636,,,,[],0,,False,True,
csd-20260805_174708,paired_hierarchical,1,0,0,5d0e9ff5482e9c83,rpoD->ydfX,shared_complete_observation_shared_scores,maximum,prefix,complete,0,500,0.6,0.9,biological_error,2151398048,921666314,2151398048,rpoD,ydfX,False,identifiable,alpA|basR|btsR|dicA|glaR|glrR|nsrR|ptrR|rcdA,500,-0.0013529987367620938,0.02285002426913015,0.23515896057372418,-0.05921213565580163,0.15505692243715352,5636,,,,[],0,,False,True,
csd-20260805_174708,paired_hierarchical,1,0,0,5d0e9ff5482e9c83,rpoD->yebB,shared_complete_observation_shared_scores,maximum,prefix,complete,0,500,0.6,0.9,biological_error,2151398048,921666314,2151398048,rpoD,yebB,False,identifiable,alpA|basR|btsR|glaR|glrR|nsrR|ptrR|rcdA,500,0.08765133888534879,0.02489442507806724,0.2791299997508761,3.5209223997131924,0.4229109783704633,5636,,,,[],0,,False,True,
csd-20260805_174708,paired_hierarchical,1,0,0,5d0e9ff5482e9c83,rpoD->yebC,shared_complete_observation_shared_scores,maximum,prefix,complete,0,500,0.6,0.9,biological_error,2151398048,921666314,2151398048,rpoD,yebC,False,identifiable,alpA|basR|btsR|glaR|glrR|nsrR|ptrR|rcdA,500,0.02300894310174036,0.027987615835025795,0.35280450445309736,0.8221115809709396,0.1645996692307084,5636,,,,[],0,,False,True,
csd-20260805_174708,paired_hierarchical,1,0,0,5d0e9ff5482e9c83,rpoD->ygfB,shared_complete_observation_shared_scores,maximum,prefix,complete,0,500,0.6,0.9,biological_error,2151398048,921666314,2151398048,rpoD,ygfB,False,identifiable,alpA|basR|btsR|glaR|glrR|nsrR|ptrR|rcdA,500,0.06674815601811053,0.03187976219571275,0.4577543284301111,2.093746986202016,0.28662747999930677,5636,,,,[],0,,False,True,
csd-20260805_174708,paired_hierarchical,1,0,0,5d0e9ff5482e9c83,rpoD->yhaV,shared_complete_observation_shared_scores,maximum,prefix,complete,0,500,0.6,0.9,biological_error,2151398048,921666314,2151398048,rpoD,yhaV,False,identifiable,alpA|basR|btsR|glaR|glrR|nsrR|ptrR|rcdA,500,0.18746053569973478,0.03828687655200787,0.660240542998377,4.896208638098055,0.6468396663885448,5636,,,,[],0,,False,True,
csd-20260805_174708,paired_hierarchical,1,0,0,5d0e9ff5482e9c83,rpoD->yhdT,shared_complete_observation_shared_scores,maximum,prefix,complete,0,500,0.6,0.9,biological_error,2151398048,921666314,2151398048,rpoD,yhdT,False,identifiable,alpA|basR|btsR|glaR|glrR|nsrR|ptrR|rcdA,500,-0.02246271295036574,0.016135923576863543,0.11727082215335757,-1.3920934146325439,0.14254165504370164,5636,,,,[],0,,False,True,
csd-20260805_174708,paired_hierarchical,1,0,0,5d0e9ff5482e9c83,rpoD->yhjX,shared_complete_observation_shared_scores,maximum,prefix,complete,0,500,0.6,0.9,biological_error,2151398048,921666314,2151398048,rpoD,yhjX,False,identifiable,alpA|basR|btsR|glaR|glrR|nsrR|ptrR|pyrR|rcdA,500,-0.0019092713959808225,0.018748658975633693,0.15831707402533415,-0.1018350911637023,0.12868295603014962,5636,,,,[],0,,False,True,
csd-20260805_174708,paired_hierarchical,1,0,0,5d0e9ff5482e9c83,rpoD->yigA,shared_complete_observation_shared_scores,maximum,prefix,complete,0,500,0.6,0.9,biological_error,2151398048,921666314,2151398048,rpoD,yigA,False,identifiable,alpA|basR|btsR|glaR|glrR|nsrR|ptrR|rcdA,500,-0.006834266742362641,0.014108702383154072,0.08965540111403927,-0.484400801488507,0.09566386188529775,5636,,,,[],0,,False,True,
csd-20260805_174708,paired_hierarchical,1,0,0,5d0e9ff5482e9c83,rpoD->yigB,shared_complete_observation_shared_scores,maximum,prefix,complete,0,500,0.6,0.9,biological_error,2151398048,921666314,2151398048,rpoD,yigB,False,identifiable,alpA|basR|btsR|glaR|glrR|nsrR|ptrR|rcdA,500,0.010292900968827946,0.017334922671187133,0.13534621983735767,0.59376676574024,0.1575752032601099,5636,,,,[],0,,False,True,
csd-20260805_174708,paired_hierarchical,1,0,0,5d0e9ff5482e9c83,rpoD->yihI,shared_complete_observation_shared_scores,maximum,prefix,complete,0,500,0.6,0.9,biological_error,2151398048,921666314,2151398048,rpoD,yihI,False,identifiable,alpA|basR|btsR|glaR|glrR|nsrR|ptrR|rcdA,500,0.015085068774924423,0.018000244659705584,0.1459348881030307,0.8380479854639463,0.1649696367719868,5636,,,,[],0,,False,True,
csd-20260805_174708,paired_hierarchical,1,0,0,5d0e9ff5482e9c83,rpoD->ykgM,shared_complete_observation_shared_scores,maximum,prefix,complete,0,500,0.6,0.9,biological_error,2151398048,921666314,2151398048,rpoD,ykgM,False,identifiable,alpA|basR|btsR|glaR|glrR|nsrR|ptrR|rcdA|zur,500,0.020117533606108746,0.020608140335063516,0.19128427147998942,0.9761935467743282,0.13637655639641433,5636,,,,[],0,,False,True,
csd-20260805_174708,paired_hierarchical,1,0,0,5d0e9ff5482e9c83,rpoD->ykgO,shared_complete_observation_shared_scores,maximum,prefix,complete,0,500,0.6,0.9,biological_error,2151398048,921666314,2151398048,rpoD,ykgO,False,identifiable,alpA|basR|btsR|glaR|glrR|nsrR|ptrR|rcdA|zur,500,0.020396665315897518,0.023406609515392234,0.24676222359541616,0.871406228334122,0.12148067783989917,5636,,,,[],0,,False,True,
csd-20260805_174708,paired_hierarchical,1,0,0,5d0e9ff5482e9c83,rpoD->yliM,shared_complete_observation_shared_scores,maximum,prefix,complete,0,500,0.6,0.9,biological_error,2151398048,921666314,2151398048,rpoD,yliM,False,identifiable,alpA|basR|btsR|glaR|glrR|nsrR|ptrR|rcdA,500,0.016059310150290308,0.021505572761649508,0.2083072284640414,0.7467511015995156,0.2094064895328383,5636,,,,[],0,,False,True,
csd-20260805_174708,paired_hierarchical,1,0,0,5d0e9ff5482e9c83,rpoD->yoaE,shared_complete_observation_shared_scores,maximum,prefix,complete,0,500,0.6,0.9,biological_error,2151398048,921666314,2151398048,rpoD,yoaE,False,identifiable,alpA|basR|btsR|glaR|glrR|nsrR|ptrR|rcdA,500,0.021661608707168458,0.01669937201044993,0.12560374612419428,1.2971510960779435,0.15479598710434592,5636,,,,[],0,,False,True,
csd-20260805_174708,paired_hierarchical,1,0,0,5d0e9ff5482e9c83,rpoD->yqhD,shared_complete_observation_shared_scores,maximum,prefix,complete,0,500,0.6,0.9,biological_error,2151398048,921666314,2151398048,rpoD,yqhD,False,identifiable,alpA|basR|btsR|glaR|glrR|nsrR|ptrR|rcdA|yqhC,500,-0.010676226826527791,0.02659264922873879,0.3183299129153325,-0.4014728557014149,0.3611184618085657,5636,,,,[],0,,False,True,
csd-20260805_174708,paired_hierarchical,1,0,0,5d0e9ff5482e9c83,rpoD->yrbG,shared_complete_observation_shared_scores,maximum,prefix,complete,0,500,0.6,0.9,biological_error,2151398048,921666314,2151398048,rpoD,yrbG,False,identifiable,alpA|basR|btsR|glaR|glrR|nsrR|ptrR|rcdA,500,0.012527049968615337,0.015269587877245156,0.10501635605247317,0.820392146096047,0.1237888999131727,5636,,,,[],0,,False,True,
csd-20260805_174708,paired_hierarchical,1,0,0,5d0e9ff5482e9c83,rpoD->yrbN,shared_complete_observation_shared_scores,maximum,prefix,complete,0,500,0.6,0.9,biological_error,2151398048,921666314,2151398048,rpoD,yrbN,False,identifiable,alpA|basR|btsR|glaR|glrR|nsrR|ptrR|rcdA,500,0.039403755180136696,0.018783391715393213,0.1589096767911302,2.0977976596124996,0.19465244208670518,5636,,,,[],0,,False,True,
csd-20260805_174708,paired_hierarchical,1,0,0,5d0e9ff5482e9c83,rpsD->rplQ,shared_complete_observation_shared_scores,maximum,prefix,complete,0,500,0.6,0.9,biological_error,2151398048,921666314,2151398048,rpsD,rplQ,False,identifiable,dksA|rpoD,500,-0.07562709452018943,0.10018123589534134,0.4759153746417511,-0.754902790370809,-0.23074542088810343,5636,,,,[],0,,False,True,
csd-20260805_174708,paired_hierarchical,1,0,0,5d0e9ff5482e9c83,rpsD->rpsK,shared_complete_observation_shared_scores,maximum,prefix,complete,0,500,0.6,0.9,biological_error,2151398048,921666314,2151398048,rpsD,rpsK,False,identifiable,dksA|rpoD,500,0.015077064893993025,0.06848113531884086,0.22238160907011206,0.22016376953734515,-0.10004142729116913,5636,,,,[],0,,False,True,
csd-20260805_174708,paired_hierarchical,1,0,0,5d0e9ff5482e9c83,rpsD->rpsM,shared_complete_observation_shared_scores,maximum,prefix,complete,0,500,0.6,0.9,biological_error,2151398048,921666314,2151398048,rpsD,rpsM,False,identifiable,dksA|rpoD,500,-0.07019343917908694,0.10926470324552248,0.5661307517395235,-0.6424164171421329,-0.10630013104890018,5636,,,,[],0,,False,True,
csd-20260805_174708,paired_hierarchical,1,0,0,5d0e9ff5482e9c83,rpsG->fusA,shared_complete_observation_shared_scores,maximum,prefix,complete,0,500,0.6,0.9,biological_error,2151398048,921666314,2151398048,rpsG,fusA,False,identifiable,dksA|rpoE,500,0.015987031343439016,0.058960945118737826,0.18305086619146912,0.27114611733654737,-0.1593240937191537,5636,,,,[],0,,False,True,
csd-20260805_174708,paired_hierarchical,1,0,0,5d0e9ff5482e9c83,rpsG->rpsL,shared_complete_observation_shared_scores,maximum,prefix,complete,0,500,0.6,0.9,biological_error,2151398048,921666314,2151398048,rpsG,rpsL,False,identifiable,dksA,500,-0.09540251862724405,0.05140844967260211,0.139730428354451,-1.8557750571126128,-0.10203871515980455,5636,,,,[],0,,False,True,
csd-20260805_174708,paired_hierarchical,1,0,0,5d0e9ff5482e9c83,rpsG->tufA,shared_complete_observation_shared_scores,maximum,prefix,complete,0,500,0.6,0.9,biological_error,2151398048,921666314,2151398048,rpsG,tufA,False,identifiable,dksA|rpoD|rpoE,500,0.04622840083765078,0.05177189686155342,0.13947202154006944,0.8929246104556134,-0.16481454072714366,5636,,,,[],0,,False,True,
csd-20260805_174708,paired_hierarchical,1,0,0,5d0e9ff5482e9c83,rpsH->rplE,shared_complete_observation_shared_scores,maximum,prefix,complete,0,500,0.6,0.9,biological_error,2151398048,921666314,2151398048,rpsH,rplE,False,identifiable,dksA|lrp,500,-0.002315867204711913,0.057654427760139376,0.11767095424675503,-0.04016807198827212,-0.2124267062909556,5636,,,,[],0,,False,True,
csd-20260805_174708,paired_hierarchical,1,0,0,5d0e9ff5482e9c83,rpsH->rplF,shared_complete_observation_shared_scores,maximum,prefix,complete,0,500,0.6,0.9,biological_error,2151398048,921666314,2151398048,rpsH,rplF,False,identifiable,dksA|lrp,500,0.03709605511075746,0.04131259113335767,0.06041834338239664,0.8979358131038268,-0.11058244317754516,5636,,,,[],0,,False,True,
csd-20260805_174708,paired_hierarchical,1,0,0,5d0e9ff5482e9c83,rpsH->rplN,shared_complete_observation_shared_scores,maximum,prefix,complete,0,500,0.6,0.9,biological_error,2151398048,921666314,2151398048,rpsH,rplN,False,identifiable,dksA|lrp,500,0.032210612861797425,0.05802669823244167,0.11919544586489149,0.5550998737300041,-0.2102008228633367,5636,,,,[],0,,False,True,
csd-20260805_174708,paired_hierarchical,1,0,0,5d0e9ff5482e9c83,rpsH->rplO,shared_complete_observation_shared_scores,maximum,prefix,complete,0,500,0.6,0.9,biological_error,2151398048,921666314,2151398048,rpsH,rplO,False,identifiable,dksA|lrp,500,-0.004446700493196105,0.0651492392334286,0.15025282313070384,-0.06825406628715425,-0.17550578273503142,5636,,,,[],0,,False,True,
csd-20260805_174708,paired_hierarchical,1,0,0,5d0e9ff5482e9c83,rpsH->rplR,shared_complete_observation_shared_scores,maximum,prefix,complete,0,500,0.6,0.9,biological_error,2151398048,921666314,2151398048,rpsH,rplR,False,identifiable,dksA|lrp,500,-0.016285517808863895,0.05519362219811412,0.10784046116468939,-0.29506158792057585,-0.405117888280526,5636,,,,[],0,,False,True,
csd-20260805_174708,paired_hierarchical,1,0,0,5d0e9ff5482e9c83,rpsH->rplX,shared_complete_observation_shared_scores,maximum,prefix,complete,0,500,0.6,0.9,biological_error,2151398048,921666314,2151398048,rpsH,rplX,False,identifiable,dksA|lrp,500,-0.08768066888528464,0.05807201557064016,0.1193816956347007,-1.5098609549487365,-0.10700598079597756,5636,,,,[],0,,False,True,
csd-20260805_174708,paired_hierarchical,1,0,0,5d0e9ff5482e9c83,rpsH->rpmD,shared_complete_observation_shared_scores,maximum,prefix,complete,0,500,0.6,0.9,biological_error,2151398048,921666314,2151398048,rpsH,rpmD,False,identifiable,dksA|lrp,500,-0.08840285072930032,0.0651036314931164,0.15004252771651677,-1.3578789493278483,-0.24941005682448894,5636,,,,[],0,,False,True,
csd-20260805_174708,paired_hierarchical,1,0,0,5d0e9ff5482e9c83,rpsH->rpmJ,shared_complete_observation_shared_scores,maximum,prefix,complete,0,500,0.6,0.9,biological_error,2151398048,921666314,2151398048,rpsH,rpmJ,False,identifiable,dksA|lrp,500,-0.028637785471728995,0.052561454842761104,0.097799964787693,-0.5448438510197186,-0.40835836153992144,5636,,,,[],0,,False,True,
csd-20260805_174708,paired_hierarchical,1,0,0,5d0e9ff5482e9c83,rpsH->rpsE,shared_complete_observation_shared_scores,maximum,prefix,complete,0,500,0.6,0.9,biological_error,2151398048,921666314,2151398048,rpsH,rpsE,False,identifiable,dksA|lrp,500,0.04853870490080872,0.06323477110343795,0.14155194627443282,0.7675951704072788,-0.1691411622691475,5636,,,,[],0,,False,True,
csd-20260805_174708,paired_hierarchical,1,0,0,5d0e9ff5482e9c83,rpsH->rpsN,shared_complete_observation_shared_scores,maximum,prefix,complete,0,500,0.6,0.9,biological_error,2151398048,921666314,2151398048,rpsH,rpsN,False,identifiable,dksA|lrp,500,-0.00044525319258904936,0.04828753285863789,0.08254180786987467,-0.009220872681413054,-0.2453461656609481,5636,,,,[],0,,False,True,
csd-20260805_174708,paired_hierarchical,1,0,0,5d0e9ff5482e9c83,rpsH->secY,shared_complete_observation_shared_scores,maximum,prefix,complete,0,500,0.6,0.9,biological_error,2151398048,921666314,2151398048,rpsH,secY,False,identifiable,dksA|lrp,500,0.0008125417208227348,0.052375348039499885,0.09710862106933575,0.015513819979008841,-0.16224121722120058,5636,,,,[],0,,False,True,
csd-20260805_174708,paired_hierarchical,1,0,0,5d0e9ff5482e9c83,sgrR->alaC,shared_complete_observation_shared_scores,maximum,prefix,complete,0,500,0.6,0.9,biological_error,2151398048,921666314,2151398048,sgrR,alaC,False,identifiable,dksA|nac|rpoD,500,0.08877230481825771,0.05182779021580847,0.3201551880787359,1.7128321398349038,0.4901627736779622,5636,,,,[],0,,False,True,
csd-20260805_174708,paired_hierarchical,1,0,0,5d0e9ff5482e9c83,sgrR->setA,shared_complete_observation_shared_scores,maximum,prefix,complete,0,500,0.6,0.9,biological_error,2151398048,921666314,2151398048,sgrR,setA,False,identifiable,cra|dksA|rpoD|rpoS,500,0.14535308954377552,0.05775257038842685,0.39433351265511735,2.5168245944063314,0.28534755826690805,5636,,,,[],0,,False,True,
csd-20260805_174708,paired_hierarchical,1,0,0,5d0e9ff5482e9c83,sgrR->sgrT,shared_complete_observation_shared_scores,maximum,prefix,complete,0,500,0.6,0.9,biological_error,2151398048,921666314,2151398048,sgrR,sgrT,False,identifiable,cra|dksA|rpoD|rpoS,500,0.23781244652304112,0.06977434455422057,0.5755891280466874,3.4083078535870834,0.488050475138254,5636,,,,[],0,,False,True,
csd-20260805_174708,paired_hierarchical,1,0,0,5d0e9ff5482e9c83,sgrR->thiB,shared_complete_observation_shared_scores,maximum,prefix,complete,0,500,0.6,0.9,biological_error,2151398048,921666314,2151398048,sgrR,thiB,False,identifiable,dksA|rpoD,500,0.061125684630228876,0.04383852774747547,0.22940490661865695,1.3943370767908354,-0.2041222177984822,5636,,,,[],0,,False,True,
csd-20260805_174708,paired_hierarchical,1,0,0,5d0e9ff5482e9c83,sgrR->thiP,shared_complete_observation_shared_scores,maximum,prefix,complete,0,500,0.6,0.9,biological_error,2151398048,921666314,2151398048,sgrR,thiP,False,identifiable,dksA|rpoD,500,0.006856719142530225,0.03739453115320767,0.16691945819107154,0.18336154862960655,-0.2479460589369097,5636,,,,[],0,,False,True,
csd-20260805_174708,paired_hierarchical,1,0,0,5d0e9ff5482e9c83,sgrR->thiQ,shared_complete_observation_shared_scores,maximum,prefix,complete,0,500,0.6,0.9,biological_error,2151398048,921666314,2151398048,sgrR,thiQ,False,identifiable,dksA|rpoD,500,0.02392806925932292,0.031411899653869625,0.11778207041493667,0.7617517413142261,-0.15753621906072435,5636,,,,[],0,,False,True,
csd-20260805_174708,paired_hierarchical,1,0,0,5d0e9ff5482e9c83,dsdC->dsdA,shared_complete_observation_shared_scores,maximum,prefix,complete,0,500,0.6,0.9,biological_error,2151398048,921666314,2151398048,dsdC,dsdA,False,identifiable,crp|nsrR|rpoD,500,0.03891059213642194,0.07315043905756388,0.19519617585799884,0.5319256129932759,0.16479239453370392,5636,,,,[],0,,False,True,
csd-20260805_174708,paired_hierarchical,1,0,0,5d0e9ff5482e9c83,dsdC->dsdX,shared_complete_observation_shared_scores,maximum,prefix,complete,0,500,0.6,0.9,biological_error,2151398048,921666314,2151398048,dsdC,dsdX,False,identifiable,crp|nsrR|rpoD,500,0.18450980887934215,0.10242254656293402,0.3826736598779979,1.8014569552414832,0.2875561026017037,5636,,,,[],0,,False,True,
csd-20260805_174708,paired_hierarchical,1,0,0,5d0e9ff5482e9c83,ebgR->ebgA,shared_complete_observation_shared_scores,maximum,prefix,complete,0,500,0.6,0.9,biological_error,2151398048,921666314,2151398048,ebgR,ebgA,False,identifiable,crp|rpoD,500,-0.04304064253653727,0.06610043313778845,0.18583986534850544,-0.6511400983835868,-0.12499620745834035,5636,,,,[],0,,False,True,
csd-20260805_174708,paired_hierarchical,1,0,0,5d0e9ff5482e9c83,ebgR->ebgC,shared_complete_observation_shared_scores,maximum,prefix,complete,0,500,0.6,0.9,biological_error,2151398048,921666314,2151398048,ebgR,ebgC,False,identifiable,crp|rpoD|spf,500,-0.10935549680234752,0.09941114972890669,0.41937782502131377,-1.1000325124551822,-0.32031059652346083,5636,,,,[],0,,False,True,
csd-20260805_174708,paired_hierarchical,1,0,0,5d0e9ff5482e9c83,envR->acrA,shared_complete_observation_shared_scores,maximum,prefix,complete,0,500,0.6,0.9,biological_error,2151398048,921666314,2151398048,envR,acrA,False,identifiable,acrR|marA|mprA|phoP|ptrR|rob|rpoD|soxS,500,0.09823387582966525,0.09114361226010004,0.530693975594,1.0777922159737476,-0.17288430556560588,5636,,,,[],0,,False,True,
csd-20260805_174708,paired_hierarchical,1,0,0,5d0e9ff5482e9c83,envR->acrB,shared_complete_observation_shared_scores,maximum,prefix,complete,0,500,0.6,0.9,biological_error,2151398048,921666314,2151398048,envR,acrB,False,identifiable,acrR|marA|mprA|phoP|ptrR|rob|rpoD|soxS,500,0.11525647479647688,0.06649987447239558,0.2825096811427584,1.7331833437418052,-0.1817906028321961,5636,,,,[],0,,False,True,
csd-20260805_174708,paired_hierarchical,1,0,0,5d0e9ff5482e9c83,envY->ompC,shared_complete_observation_shared_scores,maximum,prefix,complete,0,500,0.6,0.9,biological_error,2151398048,921666314,2151398048,envY,ompC,False,identifiable,cpxR|ihfA|ihfB|lrp|ompR|rpoD|yjjQ,500,-0.025588151877849102,0.09221554611211095,0.42166739285206944,-0.27748197518388423,0.22717720736913247,5636,,,,[],0,,False,True,
csd-20260805_174708,paired_hierarchical,1,0,0,5d0e9ff5482e9c83,envY->ompF,shared_complete_observation_shared_scores,maximum,prefix,complete,0,500,0.6,0.9,biological_error,2151398048,921666314,2151398048,envY,ompF,False,identifiable,cpxR|crp|fur|ihfA|ihfB|nac|ompR|phoB|rpoD|rpoS|rstA,500,0.14335785612126026,0.09534707005013063,0.4455316049936957,1.5035370887211008,0.5310382452346238,5636,,,,[],0,,False,True,
csd-20260805_174708,paired_hierarchical,1,0,0,5d0e9ff5482e9c83,fabR->fabA,shared_complete_observation_shared_scores,maximum,prefix,complete,0,500,0.6,0.9,biological_error,2151398048,921666314,2151398048,fabR,fabA,False,identifiable,fadR|rpoD,500,-0.07930002921122306,0.08548973198698752,0.3601882938250453,-0.9275971203570202,-0.12861434352208564,5636,,,,[],0,,False,True,
csd-20260805_174708,paired_hierarchical,1,0,0,5d0e9ff5482e9c83,fabR->fabB,shared_complete_observation_shared_scores,maximum,prefix,complete,0,500,0.6,0.9,biological_error,2151398048,921666314,2151398048,fabR,fabB,False,identifiable,fadR|rpoD,500,-0.17953326307749568,0.09690760594450105,0.4628256420726161,-1.8526230353922302,-0.28149902131722404,5636,,,,[],0,,False,True,
csd-20260805_174708,paired_hierarchical,1,0,0,5d0e9ff5482e9c83,iclR->aceA,shared_complete_observation_shared_scores,maximum,prefix,complete,0,500,0.6,0.9,biological_error,2151398048,921666314,2151398048,iclR,aceA,False,identifiable,arcA|cra|crp|fadR|flhC|flhD|ihfA|ihfB|rpoD,500,0.01667335987113412,0.04910001990339842,0.3212089950517837,0.3395794931231807,-0.26207471945270727,5636,,,,[],0,,False,True,
csd-20260805_174708,paired_hierarchical,1,0,0,5d0e9ff5482e9c83,iclR->aceB,shared_complete_observation_shared_scores,maximum,prefix,complete,0,500,0.6,0.9,biological_error,2151398048,921666314,2151398048,iclR,aceB,False,identifiable,arcA|cra|crp|fadR|flhC|flhD|ihfA|ihfB|lrp|nac|rpoD,500,-0.006987446545996957,0.049390810889137306,0.3249894875895954,-0.14147260229602204,-0.27573904419719125,5636,,,,[],0,,False,True,
csd-20260805_174708,paired_hierarchical,1,0,0,5d0e9ff5482e9c83,iclR->aceK,shared_complete_observation_shared_scores,maximum,prefix,complete,0,500,0.6,0.9,biological_error,2151398048,921666314,2151398048,iclR,aceK,False,identifiable,arcA|cra|crp|fadR|flhC|flhD|ihfA|ihfB|rpoD,500,0.001288245269227849,0.04865834743620894,0.31545620361429294,0.026475318976188773,-0.13646077258490275,5636,,,,[],0,,False,True,
csd-20260805_174708,paired_hierarchical,1,0,0,5d0e9ff5482e9c83,fecI->fecA,shared_complete_observation_shared_scores,maximum,prefix,complete,0,500,0.6,0.9,biological_error,2151398048,921666314,2151398048,fecI,fecA,False,identifiable,crp|fur|hypT|pdhR|rpoD|slyA,500,0.044146367437612216,0.04079719544818118,0.24316211670737897,1.0820931917657184,0.2952832431484745,5636,,,,[],0,,False,True,
csd-20260805_174708,paired_hierarchical,1,0,0,5d0e9ff5482e9c83,fecI->fecB,shared_complete_observation_shared_scores,maximum,prefix,complete,0,500,0.6,0.9,biological_error,2151398048,921666314,2151398048,fecI,fecB,False,identifiable,crp|fur|hypT|pdhR|rpoD|slyA,500,0.006010143497568916,0.02570742737434268,0.09655005648011908,0.23379015760897742,0.2908392252519846,5636,,,,[],0,,False,True,
csd-20260805_174708,paired_hierarchical,1,0,0,5d0e9ff5482e9c83,fecI->fecC,shared_complete_observation_shared_scores,maximum,prefix,complete,0,500,0.6,0.9,biological_error,2151398048,921666314,2151398048,fecI,fecC,False,identifiable,crp|fur|hypT|pdhR|rpoD|slyA,500,0.014965066120393052,0.02831261257375794,0.1171103258500184,0.5285653551542501,0.06321065127106917,5636,,,,[],0,,False,True,
csd-20260805_174708,paired_hierarchical,1,0,0,5d0e9ff5482e9c83,fecI->fecD,shared_complete_observation_shared_scores,maximum,prefix,complete,0,500,0.6,0.9,biological_error,2151398048,921666314,2151398048,fecI,fecD,False,identifiable,crp|fur|hypT|pdhR|rpoD|slyA,500,0.015627588336794195,0.03477976520716497,0.1767211742854122,0.4493298975340627,0.169020767064116,5636,,,,[],0,,False,True,
csd-20260805_174708,paired_hierarchical,1,0,0,5d0e9ff5482e9c83,fecI->fecE,shared_complete_observation_shared_scores,maximum,prefix,complete,0,500,0.6,0.9,biological_error,2151398048,921666314,2151398048,fecI,fecE,False,identifiable,crp|fur|hypT|pdhR|rpoD|slyA,500,0.04913764426006205,0.03162372724749785,0.14610376522353363,1.5538220360773551,0.1999536742517019,5636,,,,[],0,,False,True,
csd-20260805_174708,paired_hierarchical,1,0,0,5d0e9ff5482e9c83,fhlA->fdhF,shared_complete_observation_shared_scores,maximum,prefix,complete,0,500,0.6,0.9,biological_error,2151398048,921666314,2151398048,fhlA,fdhF,False,identifiable,fnr|ihfA|ihfB|narL|narP|nsrR|rpoN,500,0.03920924913092337,0.03175415262233293,0.30985900827910895,1.2347754826670203,0.13677773952843456,5636,,,,[],0,,False,True,
csd-20260805_174708,paired_hierarchical,1,0,0,5d0e9ff5482e9c83,fhlA->focB,shared_complete_observation_shared_scores,maximum,prefix,complete,0,500,0.6,0.9,biological_error,2151398048,921666314,2151398048,fhlA,focB,False,identifiable,crp|fnr|ihfA|ihfB|nsrR|rpoN,500,-0.013904578436753141,0.02739337883616211,0.23175200070922047,-0.5075890243374305,0.23447365991034036,5636,,,,[],0,,False,True,
csd-20260805_174708,paired_hierarchical,1,0,0,5d0e9ff5482e9c83,fhlA->hycA,shared_complete_observation_shared_scores,maximum,prefix,complete,0,500,0.6,0.9,biological_error,2151398048,921666314,2151398048,fhlA,hycA,False,identifiable,fnr|ihfA|ihfB|modE|nsrR|rpoN,500,0.0017462087520881743,0.02002643607260882,0.12392378296362135,0.08719518269536501,0.15493805264847604,5636,,,,[],0,,False,True,
csd-20260805_174708,paired_hierarchical,1,0,0,5d0e9ff5482e9c83,fhlA->hycB,shared_complete_observation_shared_scores,maximum,prefix,complete,0,500,0.6,0.9,biological_error,2151398048,921666314,2151398048,fhlA,hycB,False,identifiable,fnr|ihfA|ihfB|modE|nsrR|rpoN|srsR,500,-0.014105512095707515,0.021069174131294704,0.13716464986659113,-0.6694857618911677,0.15374361977335477,5636,,,,[],0,,False,True,
csd-20260805_174708,paired_hierarchical,1,0,0,5d0e9ff5482e9c83,fhlA->hycC,shared_complete_observation_shared_scores,maximum,prefix,complete,0,500,0.6,0.9,biological_error,2151398048,921666314,2151398048,fhlA,hycC,False,identifiable,fnr|ihfA|ihfB|modE|nsrR|rpoN,500,0.0035166325860170847,0.03370418791846268,0.3510064203158131,0.10433814915002664,0.247560096132835,5636,,,,[],0,,False,True,
csd-20260805_174708,paired_hierarchical,1,0,0,5d0e9ff5482e9c83,fhlA->hycD,shared_complete_observation_shared_scores,maximum,prefix,complete,0,500,0.6,0.9,biological_error,2151398048,921666314,2151398048,fhlA,hycD,False,identifiable,fnr|ihfA|ihfB|modE|nsrR|rpoN,500,0.03414337356505729,0.03151285302168138,0.30684762978265007,1.0834745283635876,0.3235992352314006,5636,,,,[],0,,False,True,
csd-20260805_174708,paired_hierarchical,1,0,0,5d0e9ff5482e9c83,fhlA->hycE,shared_complete_observation_shared_scores,maximum,prefix,complete,0,500,0.6,0.9,biological_error,2151398048,921666314,2151398048,fhlA,hycE,False,identifiable,fnr|ihfA|ihfB|modE|nsrR|rpoN,500,0.021079158822287395,0.043280173322583076,0.5787957157564461,0.4870396119991632,0.3986668336831659,5636,,,,[],0,,False,True,
csd-20260805_174708,paired_hierarchical,1,0,0,5d0e9ff5482e9c83,fhlA->hycF,shared_complete_observation_shared_scores,maximum,prefix,complete,0,500,0.6,0.9,biological_error,2151398048,921666314,2151398048,fhlA,hycF,False,identifiable,fnr|ihfA|ihfB|modE|nsrR|rpoN,500,0.010667765690545497,0.020430401833735932,0.1289736950534408,0.5221515356066188,0.19382227116793485,5636,,,,[],0,,False,True,
csd-20260805_174708,paired_hierarchical,1,0,0,5d0e9ff5482e9c83,fhlA->hycG,shared_complete_observation_shared_scores,maximum,prefix,complete,0,500,0.6,0.9,biological_error,2151398048,921666314,2151398048,fhlA,hycG,False,identifiable,fnr|ihfA|ihfB|modE|nsrR|rpoN,500,0.07283073121407467,0.033182792206100944,0.340230450427736,2.1948343214072294,0.3732377477887377,5636,,,,[],0,,False,True,
csd-20260805_174708,paired_hierarchical,1,0,0,5d0e9ff5482e9c83,fhlA->hycH,shared_complete_observation_shared_scores,maximum,prefix,complete,0,500,0.6,0.9,biological_error,2151398048,921666314,2151398048,fhlA,hycH,False,identifiable,fnr|ihfA|ihfB|modE|nsrR|rpoN,500,0.017916987309233863,0.024314523864506925,0.18267489406431928,0.7368841524134531,0.2824151016955375,5636,,,,[],0,,False,True,
csd-20260805_174708,paired_hierarchical,1,0,0,5d0e9ff5482e9c83,fhlA->hycI,shared_complete_observation_shared_scores,maximum,prefix,complete,0,500,0.6,0.9,biological_error,2151398048,921666314,2151398048,fhlA,hycI,False,identifiable,fnr|ihfA|ihfB|modE|nsrR|rpoN,500,-0.002061493233364218,0.025146228172252105,0.19538581424337467,-0.08198021664493589,0.15218615381736375,5636,,,,[],0,,False,True,
csd-20260805_174708,paired_hierarchical,1,0,0,5d0e9ff5482e9c83,fhlA->hydN,shared_complete_observation_shared_scores,maximum,prefix,complete,0,500,0.6,0.9,biological_error,2151398048,921666314,2151398048,fhlA,hydN,False,identifiable,flhC|flhD|fnr|ihfA|ihfB|nsrR|rpoN,500,0.1962265557306008,0.033556802616761694,0.34720124051721657,5.847593943070882,0.21773440284185924,5636,,,,[],0,,False,True,
csd-20260805_174708,paired_hierarchical,1,0,0,5d0e9ff5482e9c83,fhlA->hyfA,shared_complete_observation_shared_scores,maximum,prefix,complete,0,500,0.6,0.9,biological_error,2151398048,921666314,2151398048,fhlA,hyfA,False,identifiable,crp|fnr|ihfA|ihfB|nsrR|rpoN,500,0.09294787585023725,0.034328722288832846,0.3639548939557395,2.7075833195362837,0.359785700341436,5636,,,,[],0,,False,True,
csd-20260805_174708,paired_hierarchical,1,0,0,5d0e9ff5482e9c83,fhlA->hyfB,shared_complete_observation_shared_scores,maximum,prefix,complete,0,500,0.6,0.9,biological_error,2151398048,921666314,2151398048,fhlA,hyfB,False,identifiable,crp|fnr|ihfA|ihfB|nsrR|rpoN,500,0.0018479536671561127,0.02642844409737384,0.21571258181516498,0.06992290807387111,0.0875177725121007,5636,,,,[],0,,False,True,
csd-20260805_174708,paired_hierarchical,1,0,0,5d0e9ff5482e9c83,fhlA->hyfC,shared_complete_observation_shared_scores,maximum,prefix,complete,0,500,0.6,0.9,biological_error,2151398048,921666314,2151398048,fhlA,hyfC,False,identifiable,crp|fnr|ihfA|ihfB|nsrR|rpoN,500,0.028919742405019048,0.03823183726306238,0.4514218982733266,0.7564308826183408,0.2658783103190463,5636,,,,[],0,,False,True,
csd-20260805_174708,paired_hierarchical,1,0,0,5d0e9ff5482e9c83,fhlA->hyfD,shared_complete_observation_shared_scores,maximum,prefix,complete,0,500,0.6,0.9,biological_error,2151398048,921666314,2151398048,fhlA,hyfD,False,identifiable,crp|fnr|ihfA|ihfB|nsrR|rpoN,500,0.0039147816854413,0.02980203920327931,0.27429901509503535,0.13135952404929832,0.2911470868212532,5636,,,,[],0,,False,True,
csd-20260805_174708,paired_hierarchical,1,0,0,5d0e9ff5482e9c83,fhlA->hyfE,shared_complete_observation_shared_scores,maximum,prefix,complete,0,500,0.6,0.9,biological_error,2151398048,921666314,2151398048,fhlA,hyfE,False,identifiable,crp|fnr|ihfA|ihfB|nsrR|rpoN,500,0.004428660730862622,0.03294937815806236,0.3352947322080391,0.13440802159050688,0.21707843129261445,5636,,,,[],0,,False,True,
csd-20260805_174708,paired_hierarchical,1,0,0,5d0e9ff5482e9c83,fhlA->hyfF,shared_complete_observation_shared_scores,maximum,prefix,complete,0,500,0.6,0.9,biological_error,2151398048,921666314,2151398048,fhlA,hyfF,False,identifiable,crp|fnr|ihfA|ihfB|nsrR|rpoN,500,0.04018515075042414,0.02367558394764917,0.17311459491453224,1.6973245871899292,0.15004650390353674,5636,,,,[],0,,False,True,
csd-20260805_174708,paired_hierarchical,1,0,0,5d0e9ff5482e9c83,fhlA->hyfG,shared_complete_observation_shared_scores,maximum,prefix,complete,0,500,0.6,0.9,biological_error,2151398048,921666314,2151398048,fhlA,hyfG,False,identifiable,crp|fnr|ihfA|ihfB|nsrR|rpoN,500,0.002225488988889221,0.023116678682721273,0.16503769815813885,0.09627200427164645,0.2607108823487323,5636,,,,[],0,,False,True,
csd-20260805_174708,paired_hierarchical,1,0,0,5d0e9ff5482e9c83,fhlA->hyfH,shared_complete_observation_shared_scores,maximum,prefix,complete,0,500,0.6,0.9,biological_error,2151398048,921666314,2151398048,fhlA,hyfH,False,identifiable,crp|fnr|ihfA|ihfB|nsrR|rpoN,500,0.016511138554030535,0.03625258489672553,0.4058917661453714,0.45544720744925093,0.3966099398523921,5636,,,,[],0,,False,True,
csd-20260805_174708,paired_hierarchical,1,0,0,5d0e9ff5482e9c83,fhlA->hyfI,shared_complete_observation_shared_scores,maximum,prefix,complete,0,500,0.6,0.9,biological_error,2151398048,921666314,2151398048,fhlA,hyfI,False,identifiable,crp|fnr|ihfA|ihfB|nsrR|rpoN,500,-0.007668315699171723,0.042276884726639645,0.551998935787704,-0.1813831777992795,0.2532312148798676,5636,,,,[],0,,False,True,
csd-20260805_174708,paired_hierarchical,1,0,0,5d0e9ff5482e9c83,fhlA->hyfJ,shared_complete_observation_shared_scores,maximum,prefix,complete,0,500,0.6,0.9,biological_error,2151398048,921666314,2151398048,fhlA,hyfJ,False,identifiable,crp|fnr|ihfA|ihfB|nsrR|rpoN,500,0.08163992852131977,0.03978115704383312,0.488750377583214,2.0522260936594754,0.3303045462819256,5636,,,,[],0,,False,True,
csd-20260805_174708,paired_hierarchical,1,0,0,5d0e9ff5482e9c83,fhlA->hyfR,shared_complete_observation_shared_scores,maximum,prefix,complete,0,500,0.6,0.9,biological_error,2151398048,921666314,2151398048,fhlA,hyfR,False,identifiable,crp|fnr|ihfA|ihfB|nsrR|rpoN,500,0.00536386167458802,0.057851972207375986,1.0336383703010903,0.0927170063513261,0.7639357790101386,5636,,,,[],0,,False,True,
csd-20260805_174708,paired_hierarchical,1,0,0,5d0e9ff5482e9c83,fhlA->hypA,shared_complete_observation_shared_scores,maximum,prefix,complete,0,500,0.6,0.9,biological_error,2151398048,921666314,2151398048,fhlA,hypA,False,identifiable,fnr|ihfA|ihfB|nsrR|rpoN,500,-0.001424150104444233,0.030212452048179857,0.28205302813179844,-0.04713785237203316,0.36712186565589,5636,,,,[],0,,False,True,
csd-20260805_174708,paired_hierarchical,1,0,0,5d0e9ff5482e9c83,fhlA->hypB,shared_complete_observation_shared_scores,maximum,prefix,complete,0,500,0.6,0.9,biological_error,2151398048,921666314,2151398048,fhlA,hypB,False,identifiable,fnr|ihfA|ihfB|nsrR|rpoN,500,0.04180802832412716,0.02717314521342722,0.22815954272808892,1.5385789166381934,0.11344090409804727,5636,,,,[],0,,False,True,
csd-20260805_174708,paired_hierarchical,1,0,0,5d0e9ff5482e9c83,fhlA->hypC,shared_complete_observation_shared_scores,maximum,prefix,complete,0,500,0.6,0.9,biological_error,2151398048,921666314,2151398048,fhlA,hypC,False,identifiable,fnr|ihfA|ihfB|nsrR|rpoN,500,0.010763015358293507,0.026482043222478092,0.2167014406499452,0.4064269236279248,0.2397282140130605,5636,,,,[],0,,False,True,
csd-20260805_174708,paired_hierarchical,1,0,0,5d0e9ff5482e9c83,fhlA->hypD,shared_complete_observation_shared_scores,maximum,prefix,complete,0,500,0.6,0.9,biological_error,2151398048,921666314,2151398048,fhlA,hypD,False,identifiable,fnr|ihfA|ihfB|nsrR|rpoN,500,0.013305440329751556,0.026049591273520176,0.20968175618489884,0.510773477788757,0.6337662602728646,5636,,,,[],0,,False,True,
csd-20260805_174708,paired_hierarchical,1,0,0,5d0e9ff5482e9c83,fhlA->hypE,shared_complete_observation_shared_scores,maximum,prefix,complete,0,500,0.6,0.9,biological_error,2151398048,921666314,2151398048,fhlA,hypE,False,identifiable,fnr|ihfA|ihfB|nsrR|rpoN,500,0.05700394794884028,0.02715341322397731,0.2278283034064372,2.0993290043737125,0.16517522780153693,5636,,,,[],0,,False,True,
csd-20260805_174708,paired_hierarchical,1,0,0,5d0e9ff5482e9c83,fhlA->hypF,shared_complete_observation_shared_scores,maximum,prefix,complete,0,500,0.6,0.9,biological_error,2151398048,921666314,2151398048,fhlA,hypF,False,identifiable,cra|flhC|flhD|fnr|ihfA|ihfB|nsrR|rpoD|rpoN,500,-0.003115099709048323,0.05448643695987744,0.9140312959010877,-0.057172020834142835,0.3643940893371819,5636,,,,[],0,,False,True,
csd-20260805_174708,paired_hierarchical,1,0,0,5d0e9ff5482e9c83,fimZ->puuB,shared_complete_observation_shared_scores,maximum,prefix,complete,0,500,0.6,0.9,biological_error,2151398048,921666314,2151398048,fimZ,puuB,False,identifiable,arcA|argR|crp|ptrR|puuR|rpoS,500,0.0982425827905943,0.04460486499308305,0.19881108068869477,2.2025082422248996,0.23844864687353715,5636,,,,[],0,,False,True,
csd-20260805_174708,paired_hierarchical,1,0,0,5d0e9ff5482e9c83,fimZ->puuC,shared_complete_observation_shared_scores,maximum,prefix,complete,0,500,0.6,0.9,biological_error,2151398048,921666314,2151398048,fimZ,puuC,False,identifiable,arcA|crp|ptrR|puuR|rpoS,500,-0.004233749640333899,0.03019721665890694,0.09318247379558765,-0.1402033070847646,0.16983958147394082,5636,,,,[],0,,False,True,
csd-20260805_174708,paired_hierarchical,1,0,0,5d0e9ff5482e9c83,fimZ->puuD,shared_complete_observation_shared_scores,maximum,prefix,complete,0,500,0.6,0.9,biological_error,2151398048,921666314,2151398048,fimZ,puuD,False,identifiable,arcA|crp|puuR|rpoS,500,0.003174464759204779,0.042628053042497414,0.1857710972922639,0.07446891266744092,0.1548640358869371,5636,,,,[],0,,False,True,
csd-20260805_174708,paired_hierarchical,1,0,0,5d0e9ff5482e9c83,fimZ->sfmA,shared_complete_observation_shared_scores,maximum,prefix,complete,0,500,0.6,0.9,biological_error,2151398048,921666314,2151398048,fimZ,sfmA,False,identifiable,,500,-0.018306749453056503,0.03386577916787795,0.11945360372068117,-0.5405677915250994,0.15350048093188814,5636,,,,[],0,,False,True,
csd-20260805_174708,paired_hierarchical,1,0,0,5d0e9ff5482e9c83,fimZ->sfmC,shared_complete_observation_shared_scores,maximum,prefix,complete,0,500,0.6,0.9,biological_error,2151398048,921666314,2151398048,fimZ,sfmC,False,identifiable,,500,-0.018357112905773625,0.04351654472941074,0.1972358795229366,-0.4218421526782418,0.22150198343267352,5636,,,,[],0,,False,True,
csd-20260805_174708,paired_hierarchical,1,0,0,5d0e9ff5482e9c83,nac->abgA,shared_complete_observation_shared_scores,maximum,prefix,complete,0,500,0.6,0.9,biological_error,2151398048,921666314,2151398048,nac,abgA,False,identifiable,alpA|basR|btsR|glaR|glrR|nsrR|ptrR|rcdA,500,-0.04242219902899069,0.028267362533626255,0.0830264369653632,-1.5007483976804041,-0.4390315743303633,5636,,,,[],0,,False,True,
csd-20260805_174708,paired_hierarchical,1,0,0,5d0e9ff5482e9c83,nac->abpA,shared_complete_observation_shared_scores,maximum,prefix,complete,0,500,0.6,0.9,biological_error,2151398048,921666314,2151398048,nac,abpA,False,identifiable,alpA|basR|btsR|glaR|glrR|nsrR|ptrR|rcdA,500,0.004544738457581987,0.026743806719191295,0.07431770211660425,0.169936109144877,-0.24747899635080406,5636,,,,[],0,,False,True,
csd-20260805_174708,paired_hierarchical,1,0,0,5d0e9ff5482e9c83,nac->allR,shared_complete_observation_shared_scores,maximum,prefix,complete,0,500,0.6,0.9,biological_error,2151398048,921666314,2151398048,nac,allR,False,identifiable,alpA|basR|btsR|glaR|glrR|nsrR|ptrR|rcdA,500,0.03460187339830863,0.042598316005721094,0.18855180098760865,0.8122826590999861,0.15795035800776622,5636,,,,[],0,,False,True,
csd-20260805_174708,paired_hierarchical,1,0,0,5d0e9ff5482e9c83,nac->aroE,shared_complete_observation_shared_scores,maximum,prefix,complete,0,500,0.6,0.9,biological_error,2151398048,921666314,2151398048,nac,aroE,False,identifiable,alpA|basR|btsR|glaR|glrR|nsrR|ptrR|rcdA,500,-0.009352067843536514,0.03120343999581316,0.10116977247115151,-0.29971271900762747,-0.21564856135803406,5636,,,,[],0,,False,True,
csd-20260805_174708,paired_hierarchical,1,0,0,5d0e9ff5482e9c83,nac->bfr,shared_complete_observation_shared_scores,maximum,prefix,complete,0,500,0.6,0.9,biological_error,2151398048,921666314,2151398048,nac,bfr,False,identifiable,alpA|basR|btsR|glaR|glrR|nsrR|ptrR|rcdA,500,0.06063392702797688,0.04207106010297641,0.18391312932337786,1.4412265077125355,0.28654406617236894,5636,,,,[],0,,False,True,
csd-20260805_174708,paired_hierarchical,1,0,0,5d0e9ff5482e9c83,nac->bglH,shared_complete_observation_shared_scores,maximum,prefix,complete,0,500,0.6,0.9,biological_error,2151398048,921666314,2151398048,nac,bglH,False,identifiable,alpA|basR|btsR|glaR|glrR|nsrR|ptrR|rcdA,500,-0.00904785763373788,0.03222420481038633,0.10789721660948152,-0.28077830584113045,-0.25001346428255805,5636,,,,[],0,,False,True,
csd-20260805_174708,paired_hierarchical,1,0,0,5d0e9ff5482e9c83,nac->bisC,shared_complete_observation_shared_scores,maximum,prefix,complete,0,500,0.6,0.9,biological_error,2151398048,921666314,2151398048,nac,bisC,False,identifiable,alpA|basR|btsR|glaR|glrR|nsrR|ptrR|rcdA,500,0.017296864506409285,0.03742709590900554,0.14555196847825805,0.46214818666300506,0.24776295294959846,5636,,,,[],0,,False,True,
csd-20260805_174708,paired_hierarchical,1,0,0,5d0e9ff5482e9c83,nac->cbrC,shared_complete_observation_shared_scores,maximum,prefix,complete,0,500,0.6,0.9,biological_error,2151398048,921666314,2151398048,nac,cbrC,False,identifiable,alpA|basR|btsR|glaR|glrR|nsrR|ptrR|rcdA,500,-0.0902364672452202,0.045010375398737555,0.21050920606338674,-2.0047925938371787,-0.3974779483565007,5636,,,,[],0,,False,True,
csd-20260805_174708,paired_hierarchical,1,0,0,5d0e9ff5482e9c83,nac->cdaR,shared_complete_observation_shared_scores,maximum,prefix,complete,0,500,0.6,0.9,biological_error,2151398048,921666314,2151398048,nac,cdaR,False,identifiable,alpA|basR|btsR|glaR|glrR|nsrR|ptrR|rcdA,500,-0.06006656367198095,0.04114614529091636,0.17591551080244916,-1.4598345299976754,-0.17774005786193514,5636,,,,[],0,,False,True,
csd-20260805_174708,paired_hierarchical,1,0,0,5d0e9ff5482e9c83,nac->cmtA,shared_complete_observation_shared_scores,maximum,prefix,complete,0,500,0.6,0.9,biological_error,2151398048,921666314,2151398048,nac,cmtA,False,identifiable,alpA|basR|btsR|glaR|glrR|nsrR|ptrR|rcdA,500,0.0837484762809725,0.03750130043428315,0.14612969546116977,2.2332152568344226,0.4803974639603665,5636,,,,[],0,,False,True,
csd-20260805_174708,paired_hierarchical,1,0,0,5d0e9ff5482e9c83,nac->cmtB,shared_complete_observation_shared_scores,maximum,prefix,complete,0,500,0.6,0.9,biological_error,2151398048,921666314,2151398048,nac,cmtB,False,identifiable,alpA|basR|btsR|glaR|glrR|nsrR|ptrR|rcdA,500,-0.01897229890947009,0.027757225934454063,0.08005674789341502,-0.6835084656612046,0.1469674413910197,5636,,,,[],0,,False,True,
csd-20260805_174708,paired_hierarchical,1,0,0,5d0e9ff5482e9c83,nac->curA,shared_complete_observation_shared_scores,maximum,prefix,complete,0,500,0.6,0.9,biological_error,2151398048,921666314,2151398048,nac,curA,False,identifiable,alpA|basR|btsR|glaR|glrR|nsrR|ptrR|rcdA,500,-0.03353021838114714,0.04467378301113224,0.2073725575881973,-0.7505569513285176,-0.26927602710689047,5636,,,,[],0,,False,True,
csd-20260805_174708,paired_hierarchical,1,0,0,5d0e9ff5482e9c83,nac->cysQ,shared_complete_observation_shared_scores,maximum,prefix,complete,0,500,0.6,0.9,biological_error,2151398048,921666314,2151398048,nac,cysQ,False,identifiable,alpA|basR|btsR|glaR|glrR|nsrR|ptrR|rcdA,500,0.05606606384364905,0.033436012133697686,0.11616485949215481,1.6768167094647095,0.09555498621391192,5636,,,,[],0,,False,True,
csd-20260805_174708,paired_hierarchical,1,0,0,5d0e9ff5482e9c83,nac->cysS,shared_complete_observation_shared_scores,maximum,prefix,complete,0,500,0.6,0.9,biological_error,2151398048,921666314,2151398048,nac,cysS,False,identifiable,alpA|basR|btsR|glaR|glrR|nsrR|ptrR|rcdA,500,0.006606332942314299,0.041751180680528716,0.18112706337177578,0.1582310448383382,-0.5584130159576723,5636,,,,[],0,,False,True,
csd-20260805_174708,paired_hierarchical,1,0,0,5d0e9ff5482e9c83,nac->dcm,shared_complete_observation_shared_scores,maximum,prefix,complete,0,500,0.6,0.9,biological_error,2151398048,921666314,2151398048,nac,dcm,False,identifiable,alpA|basR|btsR|glaR|glrR|nsrR|ptrR|rcdA,500,0.04575306897005926,0.03669336307268306,0.13990101309533393,1.2469031219468907,-0.11354273025572073,5636,,,,[],0,,False,True,
csd-20260805_174708,paired_hierarchical,1,0,0,5d0e9ff5482e9c83,nac->dcp,shared_complete_observation_shared_scores,maximum,prefix,complete,0,500,0.6,0.9,biological_error,2151398048,921666314,2151398048,nac,dcp,False,identifiable,alpA|basR|btsR|glaR|glrR|nsrR|ptrR|rcdA,500,0.07542201487373373,0.03605056585807784,0.13504235249004934,2.0921173656649814,0.2522261321847649,5636,,,,[],0,,False,True,
csd-20260805_174708,paired_hierarchical,1,0,0,5d0e9ff5482e9c83,nac->dcyD,shared_complete_observation_shared_scores,maximum,prefix,complete,0,500,0.6,0.9,biological_error,2151398048,921666314,2151398048,nac,dcyD,False,identifiable,alpA|basR|btsR|glaR|glrR|nsrR|ptrR|rcdA,500,-0.006281455513750971,0.03800345040472436,0.15006930829320428,-0.16528645285771468,0.36516267282408243,5636,,,,[],0,,False,True,
csd-20260805_174708,paired_hierarchical,1,0,0,5d0e9ff5482e9c83,nac->dld,shared_complete_observation_shared_scores,maximum,prefix,complete,0,500,0.6,0.9,biological_error,2151398048,921666314,2151398048,nac,dld,False,identifiable,alpA|basR|btsR|glaR|glrR|nsrR|ptrR|rcdA,500,-0.04646513574492064,0.03972630345703631,0.16398424874899936,-1.1696314960482623,-0.10764746131064344,5636,,,,[],0,,False,True,
csd-20260805_174708,paired_hierarchical,1,0,0,5d0e9ff5482e9c83,nac->dpaA,shared_complete_observation_shared_scores,maximum,prefix,complete,0,500,0.6,0.9,biological_error,2151398048,921666314,2151398048,nac,dpaA,False,identifiable,alpA|basR|btsR|glaR|glrR|nsrR|ptrR|rcdA,500,-0.031151652568279953,0.042583733765234597,0.18842273311081556,-0.7315387781639804,0.1609405387832531,5636,,,,[],0,,False,True,
csd-20260805_174708,paired_hierarchical,1,0,0,5d0e9ff5482e9c83,nac->ecnA,shared_complete_observation_shared_scores,maximum,prefix,complete,0,500,0.6,0.9,biological_error,2151398048,921666314,2151398048,nac,ecnA,False,identifiable,alpA|basR|btsR|glaR|glrR|nsrR|ptrR|rcdA,500,0.005302776400433921,0.025297921891902532,0.06649906175482087,0.2096131224964868,-0.20876662424099723,5636,,,,[],0,,False,True,
csd-20260805_174708,paired_hierarchical,1,0,0,5d0e9ff5482e9c83,nac->elfG,shared_complete_observation_shared_scores,maximum,prefix,complete,0,500,0.6,0.9,biological_error,2151398048,921666314,2151398048,nac,elfG,False,identifiable,alpA|basR|btsR|glaR|glrR|nsrR|ptrR|rcdA,500,0.004926060920229434,0.036340606744801926,0.13722403052293738,0.13555252268687137,-0.19223106539843912,5636,,,,[],0,,False,True,
csd-20260805_174708,paired_hierarchical,1,0,0,5d0e9ff5482e9c83,nac->eptA,shared_complete_observation_shared_scores,maximum,prefix,complete,0,500,0.6,0.9,biological_error,2151398048,921666314,2151398048,nac,eptA,False,identifiable,alpA|basR|btsR|glaR|glrR|nsrR|ptrR|rcdA,500,-0.04025828597346494,0.05019041342881659,0.2617504091880521,-0.8021110651053301,-0.2378022445598919,5636,,,,[],0,,False,True,
csd-20260805_174708,paired_hierarchical,1,0,0,5d0e9ff5482e9c83,nac->fdhD,shared_complete_observation_shared_scores,maximum,prefix,complete,0,500,0.6,0.9,biological_error,2151398048,921666314,2151398048,nac,fdhD,False,identifiable,alpA|basR|btsR|glaR|glrR|nsrR|ptrR|rcdA,500,-0.0397196397468422,0.03227428784419997,0.10823286611908477,-1.2306898896912526,-0.2545581546960719,5636,,,,[],0,,False,True,
csd-20260805_174708,paired_hierarchical,1,0,0,5d0e9ff5482e9c83,nac->fdoG,shared_complete_observation_shared_scores,maximum,prefix,complete,0,500,0.6,0.9,biological_error,2151398048,921666314,2151398048,nac,fdoG,False,identifiable,alpA|basR|btsR|glaR|glrR|nsrR|ptrR|rcdA,500,-0.015029959790834074,0.03934300833707106,0.16083514425376427,-0.3820236536582296,-0.28096810025450547,5636,,,,[],0,,False,True,
csd-20260805_174708,paired_hierarchical,1,0,0,5d0e9ff5482e9c83,nac->fklB,shared_complete_observation_shared_scores,maximum,prefix,complete,0,500,0.6,0.9,biological_error,2151398048,921666314,2151398048,nac,fklB,False,identifiable,alpA|basR|btsR|glaR|glrR|nsrR|ptrR|rcdA,500,-0.022589291241012444,0.04696073565298265,0.22914775482186034,-0.48102507183738535,-0.14605064205748972,5636,,,,[],0,,False,True,
csd-20260805_174708,paired_hierarchical,1,0,0,5d0e9ff5482e9c83,nac->greB,shared_complete_observation_shared_scores,maximum,prefix,complete,0,500,0.6,0.9,biological_error,2151398048,921666314,2151398048,nac,greB,False,identifiable,alpA|basR|btsR|glaR|glrR|nsrR|ptrR|rcdA,500,-0.08634950393311538,0.049871757423646884,0.2584372839626088,-1.7314309419577911,-0.20228724944213572,5636,,,,[],0,,False,True,
csd-20260805_174708,paired_hierarchical,1,0,0,5d0e9ff5482e9c83,nac->gudX,shared_complete_observation_shared_scores,maximum,prefix,complete,0,500,0.6,0.9,biological_error,2151398048,921666314,2151398048,nac,gudX,False,identifiable,alpA|basR|btsR|glaR|glrR|nsrR|ptrR|rcdA,500,-0.023737903335998043,0.03213365020217803,0.10729165555009881,-0.7387241470123764,-0.20468238135056996,5636,,,,[],0,,False,True,
csd-20260805_174708,paired_hierarchical,1,0,0,5d0e9ff5482e9c83,nac->holE,shared_complete_observation_shared_scores,maximum,prefix,complete,0,500,0.6,0.9,biological_error,2151398048,921666314,2151398048,nac,holE,False,identifiable,alpA|basR|btsR|glaR|glrR|nsrR|ptrR|rcdA,500,0.001086362473526922,0.03336985644829481,0.11570563228378748,0.03255520368240706,-0.3231869133170419,5636,,,,[],0,,False,True,
csd-20260805_174708,paired_hierarchical,1,0,0,5d0e9ff5482e9c83,nac->hxpB,shared_complete_observation_shared_scores,maximum,prefix,complete,0,500,0.6,0.9,biological_error,2151398048,921666314,2151398048,nac,hxpB,False,identifiable,alpA|basR|btsR|glaR|glrR|nsrR|ptrR|rcdA,500,-0.0479157277729169,0.04277779921909837,0.190144031892179,-1.120107360537722,-0.2978298358384567,5636,,,,[],0,,False,True,
csd-20260805_174708,paired_hierarchical,1,0,0,5d0e9ff5482e9c83,nac->iaaA,shared_complete_observation_shared_scores,maximum,prefix,complete,0,500,0.6,0.9,biological_error,2151398048,921666314,2151398048,nac,iaaA,False,identifiable,alpA|basR|btsR|glaR|glrR|nsrR|ptrR|rcdA,500,0.08605333097189867,0.03556464737193592,0.1314264681198452,2.4196312161330016,0.24166034113293527,5636,,,,[],0,,False,True,
csd-20260805_174708,paired_hierarchical,1,0,0,5d0e9ff5482e9c83,nac->ileY,shared_complete_observation_shared_scores,maximum,prefix,complete,0,500,0.6,0.9,biological_error,2151398048,921666314,2151398048,nac,ileY,False,identifiable,alpA|basR|btsR|glaR|glrR|nsrR|ptrR|rcdA,500,0.029887750265146132,0.038268944437385405,0.15217341601475246,0.7809922825033141,0.374810378924446,5636,,,,[],0,,False,True,
csd-20260805_174708,paired_hierarchical,1,0,0,5d0e9ff5482e9c83,nac->intD,shared_complete_observation_shared_scores,maximum,prefix,complete,0,500,0.6,0.9,biological_error,2151398048,921666314,2151398048,nac,intD,False,identifiable,alpA|basR|btsR|glaR|glrR|nsrR|ptrR|rcdA,500,-0.0026815003535648127,0.029951969246181848,0.09321731412037142,-0.08952667958239972,-0.2608309587001253,5636,,,,[],0,,False,True,
csd-20260805_174708,paired_hierarchical,1,0,0,5d0e9ff5482e9c83,nac->ispB,shared_complete_observation_shared_scores,maximum,prefix,complete,0,500,0.6,0.9,biological_error,2151398048,921666314,2151398048,nac,ispB,False,identifiable,alpA|basR|btsR|glaR|glrR|nsrR|ptrR|rcdA,500,-0.10294348747557035,0.02674629671150538,0.07433154151677737,-3.848887514632537,-0.15335489496472962,5636,,,,[],0,,False,True,
csd-20260805_174708,paired_hierarchical,1,0,0,5d0e9ff5482e9c83,nac->ispD,shared_complete_observation_shared_scores,maximum,prefix,complete,0,500,0.6,0.9,biological_error,2151398048,921666314,2151398048,nac,ispD,False,identifiable,alpA|basR|btsR|glaR|glrR|nsrR|ptrR|rcdA,500,0.014750507099316067,0.04459376204862696,0.2066303195874054,0.33077512238665757,-0.08871694993512727,5636,,,,[],0,,False,True,
csd-20260805_174708,paired_hierarchical,1,0,0,5d0e9ff5482e9c83,nac->ivy,shared_complete_observation_shared_scores,maximum,prefix,complete,0,500,0.6,0.9,biological_error,2151398048,921666314,2151398048,nac,ivy,False,identifiable,alpA|basR|btsR|glaR|glrR|nsrR|ptrR|rcdA,500,0.07175436287705142,0.0311075509221514,0.10054893259433564,2.3066541964882163,0.1772093014697394,5636,,,,[],0,,False,True,
csd-20260805_174708,paired_hierarchical,1,0,0,5d0e9ff5482e9c83,nac->kdgR,shared_complete_observation_shared_scores,maximum,prefix,complete,0,500,0.6,0.9,biological_error,2151398048,921666314,2151398048,nac,kdgR,False,identifiable,alpA|basR|btsR|glaR|glrR|nsrR|ptrR|rcdA,500,-0.020898404506062267,0.037143234500953484,0.1433524974629173,-0.5626436358289097,-0.24244058924175826,5636,,,,[],0,,False,True,
csd-20260805_174708,paired_hierarchical,1,0,0,5d0e9ff5482e9c83,nac->kduI,shared_complete_observation_shared_scores,maximum,prefix,complete,0,500,0.6,0.9,biological_error,2151398048,921666314,2151398048,nac,kduI,False,identifiable,alpA|basR|btsR|glaR|glrR|nsrR|ptrR|rcdA,500,0.006284229950721784,0.02742933380515191,0.07817652153481852,0.22910618228509252,-0.09898189599047837,5636,,,,[],0,,False,True,
csd-20260805_174708,paired_hierarchical,1,0,0,5d0e9ff5482e9c83,nac->lapC,shared_complete_observation_shared_scores,maximum,prefix,complete,0,500,0.6,0.9,biological_error,2151398048,921666314,2151398048,nac,lapC,False,identifiable,alpA|basR|btsR|glaR|glrR|nsrR|ptrR|rcdA,500,-0.042599788186139576,0.039182990018133,0.15952948757873492,-1.0872010575615938,-0.5111140652026975,5636,,,,[],0,,False,True,
csd-20260805_174708,paired_hierarchical,1,0,0,5d0e9ff5482e9c83,nac->lepA,shared_complete_observation_shared_scores,maximum,prefix,complete,0,500,0.6,0.9,biological_error,2151398048,921666314,2151398048,nac,lepA,False,identifiable,alpA|basR|btsR|glaR|glrR|nsrR|ptrR|rcdA,500,-0.032874464876923255,0.03683191400682577,0.14095951574914786,-0.8925538018695116,0.1165800163073321,5636,,,,[],0,,False,True,
csd-20260805_174708,paired_hierarchical,1,0,0,5d0e9ff5482e9c83,nac->lepB,shared_complete_observation_shared_scores,maximum,prefix,complete,0,500,0.6,0.9,biological_error,2151398048,921666314,2151398048,nac,lepB,False,identifiable,alpA|basR|btsR|glaR|glrR|nsrR|ptrR|rcdA,500,-0.0013080048977073822,0.03344099520517032,0.11619948688310204,-0.03911381493530286,-0.16685132139641543,5636,,,,[],0,,False,True,
csd-20260805_174708,paired_hierarchical,1,0,0,5d0e9ff5482e9c83,nac->ligB,shared_complete_observation_shared_scores,maximum,prefix,complete,0,500,0.6,0.9,biological_error,2151398048,921666314,2151398048,nac,ligB,False,identifiable,alpA|basR|btsR|glaR|glrR|nsrR|ptrR|rcdA,500,-0.06328526712612045,0.034808308751747494,0.12589592357447216,-1.818108072341875,-0.39218970381536417,5636,,,,[],0,,False,True,
csd-20260805_174708,paired_hierarchical,1,0,0,5d0e9ff5482e9c83,nac->lpxH,shared_complete_observation_shared_scores,maximum,prefix,complete,0,500,0.6,0.9,biological_error,2151398048,921666314,2151398048,nac,lpxH,False,identifiable,alpA|basR|btsR|glaR|glrR|nsrR|ptrR|rcdA,500,-0.016193977220939192,0.03531549875602518,0.12959149838221345,-0.458551564932276,-0.33958605184530505,5636,,,,[],0,,False,True,
csd-20260805_174708,paired_hierarchical,1,0,0,5d0e9ff5482e9c83,nac->macA,shared_complete_observation_shared_scores,maximum,prefix,complete,0,500,0.6,0.9,biological_error,2151398048,921666314,2151398048,nac,macA,False,identifiable,alpA|basR|btsR|glaR|glrR|nsrR|ptrR|rcdA,500,-0.04974490497268722,0.03363968925362933,0.11758441798082654,-1.4787563760661173,-0.26567271367492606,5636,,,,[],0,,False,True,
csd-20260805_174708,paired_hierarchical,1,0,0,5d0e9ff5482e9c83,nac->mcrB,shared_complete_observation_shared_scores,maximum,prefix,complete,0,500,0.6,0.9,biological_error,2151398048,921666314,2151398048,nac,mcrB,False,identifiable,alpA|basR|btsR|glaR|glrR|nsrR|ptrR|rcdA,500,-0.030399807414731174,0.040589122041970065,0.1711847756759519,-0.7489643994589755,-0.615344038236416,5636,,,,[],0,,False,True,
csd-20260805_174708,paired_hierarchical,1,0,0,5d0e9ff5482e9c83,nac->mdtG,shared_complete_observation_shared_scores,maximum,prefix,complete,0,500,0.6,0.9,biological_error,2151398048,921666314,2151398048,nac,mdtG,False,identifiable,alpA|basR|btsR|glaR|glrR|nsrR|ptrR|rcdA,500,-0.01663497474887134,0.03845595964680382,0.15366435237152856,-0.4325720876986077,-0.188001550991595,5636,,,,[],0,,False,True,
csd-20260805_174708,paired_hierarchical,1,0,0,5d0e9ff5482e9c83,nac->mltD,shared_complete_observation_shared_scores,maximum,prefix,complete,0,500,0.6,0.9,biological_error,2151398048,921666314,2151398048,nac,mltD,False,identifiable,alpA|basR|btsR|glaR|glrR|nsrR|ptrR|rcdA,500,-0.0032494732393054124,0.04077806545219116,0.1727822242182229,-0.07968679247707681,-0.14601747310297483,5636,,,,[],0,,False,True,
csd-20260805_174708,paired_hierarchical,1,0,0,5d0e9ff5482e9c83,nac->mobA,shared_complete_observation_shared_scores,maximum,prefix,complete,0,500,0.6,0.9,biological_error,2151398048,921666314,2151398048,nac,mobA,False,identifiable,alpA|basR|btsR|glaR|glrR|nsrR|ptrR|rcdA,500,-0.03558976204870559,0.04282872287177978,0.1905970047961008,-0.8309788306145359,-0.29001911062721863,5636,,,,[],0,,False,True,
csd-20260805_174708,paired_hierarchical,1,0,0,5d0e9ff5482e9c83,nac->mscL,shared_complete_observation_shared_scores,maximum,prefix,complete,0,500,0.6,0.9,biological_error,2151398048,921666314,2151398048,nac,mscL,False,identifiable,alpA|basR|btsR|glaR|glrR|nsrR|ptrR|rcdA|yrdG,500,-0.03402082497899866,0.03528288401382265,0.1293522284496999,-0.9642302756676704,-0.12266296703363098,5636,,,,[],0,,False,True,
csd-20260805_174708,paired_hierarchical,1,0,0,5d0e9ff5482e9c83,nac->mtfA,shared_complete_observation_shared_scores,maximum,prefix,complete,0,500,0.6,0.9,biological_error,2151398048,921666314,2151398048,nac,mtfA,False,identifiable,alpA|basR|btsR|glaR|glrR|nsrR|ptrR|rcdA,500,0.010193273148037644,0.03316880284684782,0.1143155781102718,0.3073150754069605,-0.17680040866307586,5636,,,,[],0,,False,True,
csd-20260805_174708,paired_hierarchical,1,0,0,5d0e9ff5482e9c83,nac->nadD,shared_complete_observation_shared_scores,maximum,prefix,complete,0,500,0.6,0.9,biological_error,2151398048,921666314,2151398048,nac,nadD,False,identifiable,alpA|basR|btsR|glaR|glrR|nsrR|ptrR|rcdA,500,-0.0823804664284162,0.029683660926052867,0.09155472177706052,-2.7752798630074706,-0.212425775577256,5636,,,,[],0,,False,True,
csd-20260805_174708,paired_hierarchical,1,0,0,5d0e9ff5482e9c83,nac->nudC,shared_complete_observation_shared_scores,maximum,prefix,complete,0,500,0.6,0.9,biological_error,2151398048,921666314,2151398048,nac,nudC,False,identifiable,alpA|basR|btsR|glaR|glrR|nsrR|ptrR|rcdA,500,0.030973616283010232,0.03362885360410213,0.11750868016212478,0.9210428832231139,-0.07559479363853783,5636,,,,[],0,,False,True,
csd-20260805_174708,paired_hierarchical,1,0,0,5d0e9ff5482e9c83,nac->nudG,shared_complete_observation_shared_scores,maximum,prefix,complete,0,500,0.6,0.9,biological_error,2151398048,921666314,2151398048,nac,nudG,False,identifiable,alpA|basR|btsR|glaR|glrR|nsrR|ptrR|rcdA,500,-0.010411835969160491,0.045652672348206136,0.21655999489764438,-0.22806629784443738,-0.39842907105927516,5636,,,,[],0,,False,True,
csd-20260805_174708,paired_hierarchical,1,0,0,5d0e9ff5482e9c83,nac->pabC,shared_complete_observation_shared_scores,maximum,prefix,complete,0,500,0.6,0.9,biological_error,2151398048,921666314,2151398048,nac,pabC,False,identifiable,alpA|basR|btsR|glaR|glrR|nsrR|ptrR|rcdA,500,-0.012150788418118494,0.039643454600238257,0.1633009865415796,-0.30650175522406337,-0.19616287187505702,5636,,,,[],0,,False,True,
csd-20260805_174708,paired_hierarchical,1,0,0,5d0e9ff5482e9c83,nac->pdxK,shared_complete_observation_shared_scores,maximum,prefix,complete,0,500,0.6,0.9,biological_error,2151398048,921666314,2151398048,nac,pdxK,False,identifiable,alpA|basR|btsR|glaR|glrR|nsrR|ptrR|rcdA,500,-0.044583026739339955,0.043464546847220745,0.19629811778564493,-1.0257331543349733,-0.23157691288164445,5636,,,,[],0,,False,True,
csd-20260805_174708,paired_hierarchical,1,0,0,5d0e9ff5482e9c83,nac->pinQ,shared_complete_observation_shared_scores,maximum,prefix,complete,0,500,0.6,0.9,biological_error,2151398048,921666314,2151398048,nac,pinQ,False,identifiable,alpA|basR|btsR|glaR|glrR|nsrR|ptrR|rcdA,500,-0.0032404954130638656,0.04574438242193999,0.21743094859419762,-0.07083919907747305,-0.381588167744712,5636,,,,[],0,,False,True,
csd-20260805_174708,paired_hierarchical,1,0,0,5d0e9ff5482e9c83,nac->pinR,shared_complete_observation_shared_scores,maximum,prefix,complete,0,500,0.6,0.9,biological_error,2151398048,921666314,2151398048,nac,pinR,False,identifiable,alpA|basR|btsR|glaR|glrR|nsrR|ptrR|rcdA,500,0.011966479547281219,0.03193405442203911,0.1059629267666536,0.374724718293917,-0.20503987359754905,5636,,,,[],0,,False,True,
csd-20260805_174708,paired_hierarchical,1,0,0,5d0e9ff5482e9c83,nac->pphB,shared_complete_observation_shared_scores,maximum,prefix,complete,0,500,0.6,0.9,biological_error,2151398048,921666314,2151398048,nac,pphB,False,identifiable,alpA|basR|btsR|glaR|glrR|nsrR|ptrR|rcdA,500,0.02420380832541965,0.02954414870885207,0.09069613590925657,0.8192420287326696,-0.18773621018921158,5636,,,,[],0,,False,True,
csd-20260805_174708,paired_hierarchical,1,0,0,5d0e9ff5482e9c83,nac->ppiB,shared_complete_observation_shared_scores,maximum,prefix,complete,0,500,0.6,0.9,biological_error,2151398048,921666314,2151398048,nac,ppiB,False,identifiable,alpA|basR|btsR|glaR|glrR|nsrR|ptrR|rcdA,500,-0.15502147365189597,0.03626940404756622,0.13668682710159932,-4.274166552298186,-0.658434754310805,5636,,,,[],0,,False,True,
csd-20260805_174708,paired_hierarchical,1,0,0,5d0e9ff5482e9c83,nac->ppnN,shared_complete_observation_shared_scores,maximum,prefix,complete,0,500,0.6,0.9,biological_error,2151398048,921666314,2151398048,nac,ppnN,False,identifiable,alpA|basR|btsR|glaR|glrR|nsrR|ptrR|rcdA,500,0.005848373824847866,0.03000922465809189,0.09357403837419524,0.19488586897798676,-0.2236290557794607,5636,,,,[],0,,False,True,
csd-20260805_174708,paired_hierarchical,1,0,0,5d0e9ff5482e9c83,nac->prmB,shared_complete_observation_shared_scores,maximum,prefix,complete,0,500,0.6,0.9,biological_error,2151398048,921666314,2151398048,nac,prmB,False,identifiable,alpA|basR|btsR|glaR|glrR|nsrR|ptrR|rcdA,500,-0.05661711918699133,0.03801573468778686,0.1501663411567505,-1.4893075104814548,-0.20432512604713987,5636,,,,[],0,,False,True,
csd-20260805_174708,paired_hierarchical,1,0,0,5d0e9ff5482e9c83,nac->pyrB,shared_complete_observation_shared_scores,maximum,prefix,complete,0,500,0.6,0.9,biological_error,2151398048,921666314,2151398048,nac,pyrB,False,identifiable,alpA|basR|btsR|glaR|glrR|nsrR|ptrR|rcdA,500,-0.004503895706232256,0.030076560979670694,0.09399444248638238,-0.14974769586444814,-0.13843747005845566,5636,,,,[],0,,False,True,
csd-20260805_174708,paired_hierarchical,1,0,0,5d0e9ff5482e9c83,nac->queD,shared_complete_observation_shared_scores,maximum,prefix,complete,0,500,0.6,0.9,biological_error,2151398048,921666314,2151398048,nac,queD,False,identifiable,alpA|basR|btsR|glaR|glrR|nsrR|ptrR|rcdA,500,-0.03018590377924721,0.03761352755507642,0.14700562530076247,-0.8025278600909432,-0.1301544965739554,5636,,,,[],0,,False,True,
csd-20260805_174708,paired_hierarchical,1,0,0,5d0e9ff5482e9c83,nac->queF,shared_complete_observation_shared_scores,maximum,prefix,complete,0,500,0.6,0.9,biological_error,2151398048,921666314,2151398048,nac,queF,False,identifiable,alpA|basR|btsR|glaR|glrR|nsrR|ptrR|rcdA,500,-0.019527997820659407,0.028399301525938437,0.08380330389182276,-0.6876224685604875,-0.30330158439943466,5636,,,,[],0,,False,True,
csd-20260805_174708,paired_hierarchical,1,0,0,5d0e9ff5482e9c83,nac->rfaH,shared_complete_observation_shared_scores,maximum,prefix,complete,0,500,0.6,0.9,biological_error,2151398048,921666314,2151398048,nac,rfaH,False,identifiable,alpA|basR|btsR|glaR|glrR|nsrR|ptrR|rcdA,500,0.07309890724121892,0.03730062198524066,0.14456992993106257,1.9597235475092922,0.3146114975469034,5636,,,,[],0,,False,True,
csd-20260805_174708,paired_hierarchical,1,0,0,5d0e9ff5482e9c83,nac->rfbB,shared_complete_observation_shared_scores,maximum,prefix,complete,0,500,0.6,0.9,biological_error,2151398048,921666314,2151398048,nac,rfbB,False,identifiable,alpA|basR|btsR|glaR|glrR|nsrR|ptrR|rcdA,500,-0.0003519389161594291,0.0387677708257311,0.1561663579969844,-0.009078131361781545,-0.14307263228640363,5636,,,,[],0,,False,True,
csd-20260805_174708,paired_hierarchical,1,0,0,5d0e9ff5482e9c83,nac->rfbC,shared_complete_observation_shared_scores,maximum,prefix,complete,0,500,0.6,0.9,biological_error,2151398048,921666314,2151398048,nac,rfbC,False,identifiable,alpA|basR|btsR|glaR|glrR|nsrR|ptrR|rcdA,500,0.012636814315053204,0.033501909742546625,0.11662319943324473,0.3771968348122182,0.16413365051291112,5636,,,,[],0,,False,True,
csd-20260805_174708,paired_hierarchical,1,0,0,5d0e9ff5482e9c83,nac->rlmF,shared_complete_observation_shared_scores,maximum,prefix,complete,0,500,0.6,0.9,biological_error,2151398048,921666314,2151398048,nac,rlmF,False,identifiable,alpA|basR|btsR|glaR|glrR|nsrR|ptrR|rcdA,500,-0.025055705520173006,0.04103323098567091,0.17495133188609435,-0.610619854159733,0.1833413784014606,5636,,,,[],0,,False,True,
csd-20260805_174708,paired_hierarchical,1,0,0,5d0e9ff5482e9c83,nac->rlmM,shared_complete_observation_shared_scores,maximum,prefix,complete,0,500,0.6,0.9,biological_error,2151398048,921666314,2151398048,nac,rlmM,False,identifiable,alpA|basR|btsR|glaR|glrR|nsrR|ptrR|rcdA,500,0.10375957910905306,0.040004725531017846,0.166290873014106,2.593683064482035,0.44744843640563264,5636,,,,[],0,,False,True,
csd-20260805_174708,paired_hierarchical,1,0,0,5d0e9ff5482e9c83,nac->rluE,shared_complete_observation_shared_scores,maximum,prefix,complete,0,500,0.6,0.9,biological_error,2151398048,921666314,2151398048,nac,rluE,False,identifiable,alpA|basR|btsR|glaR|glrR|nsrR|ptrR|rcdA,500,0.05646080235214158,0.031830419237270494,0.10527628245224016,1.7738001479424805,0.15623721024242115,5636,,,,[],0,,False,True,
csd-20260805_174708,paired_hierarchical,1,0,0,5d0e9ff5482e9c83,nac->rpmH,shared_complete_observation_shared_scores,maximum,prefix,complete,0,500,0.6,0.9,biological_error,2151398048,921666314,2151398048,nac,rpmH,False,identifiable,alpA|basR|btsR|glaR|glrR|nsrR|ptrR|rcdA|yfeC,500,0.030150706510221295,0.033054022283379746,0.1133888705921917,0.9121645242364861,0.19052038997419535,5636,,,,[],0,,False,True,
csd-20260805_174708,paired_hierarchical,1,0,0,5d0e9ff5482e9c83,nac->rsmF,shared_complete_observation_shared_scores,maximum,prefix,complete,0,500,0.6,0.9,biological_error,2151398048,921666314,2151398048,nac,rsmF,False,identifiable,alpA|basR|btsR|glaR|glrR|nsrR|ptrR|rcdA,500,-0.004276535604511274,0.03526433821100115,0.12921629941311197,-0.12127083114173273,-0.16471847910344783,5636,,,,[],0,,False,True,
csd-20260805_174708,paired_hierarchical,1,0,0,5d0e9ff5482e9c83,nac->selC,shared_complete_observation_shared_scores,maximum,prefix,complete,0,500,0.6,0.9,biological_error,2151398048,921666314,2151398048,nac,selC,False,identifiable,alpA|basR|btsR|glaR|glrR|nsrR|ptrR|rcdA,500,0.016995266023662334,0.03352165588127958,0.11676071616284593,0.5069936307398665,0.30795656048920467,5636,,,,[],0,,False,True,
csd-20260805_174708,paired_hierarchical,1,0,0,5d0e9ff5482e9c83,nac->srsR,shared_complete_observation_shared_scores,maximum,prefix,complete,0,500,0.6,0.9,biological_error,2151398048,921666314,2151398048,nac,srsR,False,identifiable,alpA|basR|btsR|glaR|glrR|nsrR|ptrR|rcdA,500,-0.005932148655091594,0.03755011111716206,0.14651033997218474,-0.15797952332504123,-0.20219987561398517,5636,,,,[],0,,False,True,
csd-20260805_174708,paired_hierarchical,1,0,0,5d0e9ff5482e9c83,nac->stfR,shared_complete_observation_shared_scores,maximum,prefix,complete,0,500,0.6,0.9,biological_error,2151398048,921666314,2151398048,nac,stfR,False,identifiable,alpA|basR|btsR|glaR|glrR|nsrR|ptrR|rcdA,500,0.010406323450915703,0.028401038438451126,0.08381355509171404,0.3664064422668068,-0.12348163904500578,5636,,,,[],0,,False,True,
csd-20260805_174708,paired_hierarchical,1,0,0,5d0e9ff5482e9c83,nac->tdcR,shared_complete_observation_shared_scores,maximum,prefix,complete,0,500,0.6,0.9,biological_error,2151398048,921666314,2151398048,nac,tdcR,False,identifiable,alpA|basR|btsR|glaR|glrR|nsrR|ptrR|rcdA,500,-0.005940872249246926,0.03401528896179064,0.12022482469130247,-0.17465299959439726,-0.1968144958166826,5636,,,,[],0,,False,True,
csd-20260805_174708,paired_hierarchical,1,0,0,5d0e9ff5482e9c83,nac->tfaR,shared_complete_observation_shared_scores,maximum,prefix,complete,0,500,0.6,0.9,biological_error,2151398048,921666314,2151398048,nac,tfaR,False,identifiable,alpA|basR|btsR|glaR|glrR|nsrR|ptrR|rcdA,500,0.003334582993205916,0.03843038220302014,0.15346001294972048,0.08676944651734064,-0.20753787381059763,5636,,,,[],0,,False,True,
csd-20260805_174708,paired_hierarchical,1,0,0,5d0e9ff5482e9c83,nac->torI,shared_complete_observation_shared_scores,maximum,prefix,complete,0,500,0.6,0.9,biological_error,2151398048,921666314,2151398048,nac,torI,False,identifiable,alpA|basR|btsR|glaR|glrR|nsrR|ptrR|rcdA,500,0.017048596131161213,0.0302579422832354,0.09513155668772347,0.5634420203321986,0.20653624602202283,5636,,,,[],0,,False,True,
csd-20260805_174708,paired_hierarchical,1,0,0,5d0e9ff5482e9c83,nac->ubiU,shared_complete_observation_shared_scores,maximum,prefix,complete,0,500,0.6,0.9,biological_error,2151398048,921666314,2151398048,nac,ubiU,False,identifiable,alpA|basR|btsR|glaR|glrR|nsrR|ptrR|rcdA,500,-0.045825664459090254,0.05085856851388955,0.2687658512701704,-0.9010411774876282,-0.3147580110349652,5636,,,,[],0,,False,True,
csd-20260805_174708,paired_hierarchical,1,0,0,5d0e9ff5482e9c83,nac->ugd,shared_complete_observation_shared_scores,maximum,prefix,complete,0,500,0.6,0.9,biological_error,2151398048,921666314,2151398048,nac,ugd,False,identifiable,alpA|basR|btsR|glaR|glrR|nsrR|ptrR|rcdA,500,-0.040000942078026014,0.036371294660382164,0.13745588672385306,-1.0997942869929644,-0.2086036583869305,5636,,,,[],0,,False,True,
csd-20260805_174708,paired_hierarchical,1,0,0,5d0e9ff5482e9c83,nac->uhpA,shared_complete_observation_shared_scores,maximum,prefix,complete,0,500,0.6,0.9,biological_error,2151398048,921666314,2151398048,nac,uhpA,False,identifiable,alpA|basR|btsR|glaR|glrR|nsrR|ptrR|rcdA,500,0.0025776112584278274,0.026137982355959717,0.07098881784476252,0.09861554053119584,-0.14470343582055667,5636,,,,[],0,,False,True,
csd-20260805_174708,paired_hierarchical,1,0,0,5d0e9ff5482e9c83,nac->uspC,shared_complete_observation_shared_scores,maximum,prefix,complete,0,500,0.6,0.9,biological_error,2151398048,921666314,2151398048,nac,uspC,False,identifiable,alpA|basR|btsR|glaR|glrR|nsrR|ptrR|rcdA,500,-0.0040458280455654035,0.03189504573037027,0.1057042091930245,-0.12684816569217178,0.12159185459931308,5636,,,,[],0,,False,True,
csd-20260805_174708,paired_hierarchical,1,0,0,5d0e9ff5482e9c83,nac->uspG,shared_complete_observation_shared_scores,maximum,prefix,complete,0,500,0.6,0.9,biological_error,2151398048,921666314,2151398048,nac,uspG,False,identifiable,alpA|basR|btsR|glaR|glrR|nsrR|ptrR|rcdA,500,-0.12915456807926587,0.044404876446728414,0.20488358049332198,-2.9085672208593993,-0.3004987500246715,5636,,,,[],0,,False,True,
csd-20260805_174708,paired_hierarchical,1,0,0,5d0e9ff5482e9c83,nac->wcaE,shared_complete_observation_shared_scores,maximum,prefix,complete,0,500,0.6,0.9,biological_error,2151398048,921666314,2151398048,nac,wcaE,False,identifiable,alpA|basR|btsR|glaR|glrR|nsrR|ptrR|rcdA,500,0.011114922965973897,0.03197432724449009,0.10623036020668737,0.34762022922278224,0.2273776884215092,5636,,,,[],0,,False,True,
csd-20260805_174708,paired_hierarchical,1,0,0,5d0e9ff5482e9c83,nac->wcaF,shared_complete_observation_shared_scores,maximum,prefix,complete,0,500,0.6,0.9,biological_error,2151398048,921666314,2151398048,nac,wcaF,False,identifiable,alpA|basR|btsR|glaR|glrR|nsrR|ptrR|rcdA,500,0.03796895528209668,0.05477852077467363,0.3117930455323854,0.6931358266916052,0.33540503117149995,5636,,,,[],0,,False,True,
csd-20260805_174708,paired_hierarchical,1,0,0,5d0e9ff5482e9c83,nac->wecH,shared_complete_observation_shared_scores,maximum,prefix,complete,0,500,0.6,0.9,biological_error,2151398048,921666314,2151398048,nac,wecH,False,identifiable,alpA|basR|btsR|glaR|glrR|nsrR|ptrR|rcdA,500,-0.008250657036523217,0.050652141602609974,0.266588522539042,-0.16288861192195042,0.5188896608263815,5636,,,,[],0,,False,True,
csd-20260805_174708,paired_hierarchical,1,0,0,5d0e9ff5482e9c83,nac->yadC,shared_complete_observation_shared_scores,maximum,prefix,complete,0,500,0.6,0.9,biological_error,2151398048,921666314,2151398048,nac,yadC,False,identifiable,alpA|basR|btsR|glaR|glrR|nsrR|ptrR|rcdA,500,0.02463179925134537,0.04059996674306031,0.17127626303192925,0.6066950598070538,-0.34406655371916656,5636,,,,[],0,,False,True,
csd-20260805_174708,paired_hierarchical,1,0,0,5d0e9ff5482e9c83,nac->yadM,shared_complete_observation_shared_scores,maximum,prefix,complete,0,500,0.6,0.9,biological_error,2151398048,921666314,2151398048,nac,yadM,False,identifiable,alpA|basR|btsR|glaR|glrR|nsrR|ptrR|rcdA,500,-0.010113986735525046,0.03680382977116873,0.14074463519782746,-0.27480799684189683,-0.3857646137991976,5636,,,,[],0,,False,True,
csd-20260805_174708,paired_hierarchical,1,0,0,5d0e9ff5482e9c83,nac->yaeF,shared_complete_observation_shared_scores,maximum,prefix,complete,0,500,0.6,0.9,biological_error,2151398048,921666314,2151398048,nac,yaeF,False,identifiable,alpA|basR|btsR|glaR|glrR|nsrR|ptrR|rcdA,500,-0.018963489899895027,0.03548136320847764,0.13081164817565535,-0.5344633966984684,-0.13087719655103028,5636,,,,[],0,,False,True,
csd-20260805_174708,paired_hierarchical,1,0,0,5d0e9ff5482e9c83,nac->yafC,shared_complete_observation_shared_scores,maximum,prefix,complete,0,500,0.6,0.9,biological_error,2151398048,921666314,2151398048,nac,yafC,False,identifiable,alpA|basR|btsR|glaR|glrR|nsrR|ptrR|rcdA,500,0.006831335807272234,0.038049189797326285,0.1504307601928722,0.17953958661564645,-0.2812173290022866,5636,,,,[],0,,False,True,
csd-20260805_174708,paired_hierarchical,1,0,0,5d0e9ff5482e9c83,nac->yafV,shared_complete_observation_shared_scores,maximum,prefix,complete,0,500,0.6,0.9,biological_error,2151398048,921666314,2151398048,nac,yafV,False,identifiable,alpA|basR|btsR|glaR|glrR|nsrR|ptrR|rcdA,500,0.03298531629275838,0.04179571719302669,0.18151369053065378,0.7892032607173861,0.1767449451668105,5636,,,,[],0,,False,True,
csd-20260805_174708,paired_hierarchical,1,0,0,5d0e9ff5482e9c83,nac->yaiS,shared_complete_observation_shared_scores,maximum,prefix,complete,0,500,0.6,0.9,biological_error,2151398048,921666314,2151398048,nac,yaiS,False,identifiable,alpA|basR|btsR|glaR|glrR|nsrR|ptrR|rcdA,500,-0.021745983484047087,0.03543282495171492,0.13045399413722533,-0.6137242377281747,0.21036859858800047,5636,,,,[],0,,False,True,
csd-20260805_174708,paired_hierarchical,1,0,0,5d0e9ff5482e9c83,nac->yaiZ,shared_complete_observation_shared_scores,maximum,prefix,complete,0,500,0.6,0.9,biological_error,2151398048,921666314,2151398048,nac,yaiZ,False,identifiable,alpA|basR|btsR|glaR|glrR|nsrR|ptrR|rcdA,500,-0.033739129607083806,0.030382562080846928,0.09591678449256322,-1.1104767766887194,0.25061692841928346,5636,,,,[],0,,False,True,
csd-20260805_174708,paired_hierarchical,1,0,0,5d0e9ff5482e9c83,nac->yajD,shared_complete_observation_shared_scores,maximum,prefix,complete,0,500,0.6,0.9,biological_error,2151398048,921666314,2151398048,nac,yajD,False,identifiable,alpA|basR|btsR|glaR|glrR|nsrR|ptrR|rcdA,500,0.01626381444781473,0.02714366630728349,0.0765566354174458,0.5991753016596231,-0.17526940312104383,5636,,,,[],0,,False,True,
csd-20260805_174708,paired_hierarchical,1,0,0,5d0e9ff5482e9c83,nac->ybaL,shared_complete_observation_shared_scores,maximum,prefix,complete,0,500,0.6,0.9,biological_error,2151398048,921666314,2151398048,nac,ybaL,False,identifiable,alpA|basR|btsR|glaR|glrR|nsrR|ptrR|rcdA,500,-0.05112114907491057,0.037722899339916974,0.14786178768079672,-1.3551755026638703,-0.22593070527791995,5636,,,,[],0,,False,True,
csd-20260805_174708,paired_hierarchical,1,0,0,5d0e9ff5482e9c83,nac->ybbC,shared_complete_observation_shared_scores,maximum,prefix,complete,0,500,0.6,0.9,biological_error,2151398048,921666314,2151398048,nac,ybbC,False,identifiable,alpA|basR|btsR|glaR|glrR|nsrR|ptrR|rcdA,500,-0.006746903668611866,0.05036721216500616,0.263597720073751,-0.13395428054482317,-0.4756823817127988,5636,,,,[],0,,False,True,
csd-20260805_174708,paired_hierarchical,1,0,0,5d0e9ff5482e9c83,nac->ybcK,shared_complete_observation_shared_scores,maximum,prefix,complete,0,500,0.6,0.9,biological_error,2151398048,921666314,2151398048,nac,ybcK,False,identifiable,alpA|basR|btsR|glaR|glrR|nsrR|ptrR|rcdA,500,0.04559332620809551,0.039639875482598015,0.16327150136862603,1.1501884315482038,0.2562232655449453,5636,,,,[],0,,False,True,
csd-20260805_174708,paired_hierarchical,1,0,0,5d0e9ff5482e9c83,nac->ybdK,shared_complete_observation_shared_scores,maximum,prefix,complete,0,500,0.6,0.9,biological_error,2151398048,921666314,2151398048,nac,ybdK,False,identifiable,alpA|basR|btsR|glaR|glrR|nsrR|ptrR|rcdA,500,0.05392743825231466,0.03841003401719525,0.1532975474215271,1.403993504097722,0.17754099601756426,5636,,,,[],0,,False,True,
csd-20260805_174708,paired_hierarchical,1,0,0,5d0e9ff5482e9c83,nac->ybdR,shared_complete_observation_shared_scores,maximum,prefix,complete,0,500,0.6,0.9,biological_error,2151398048,921666314,2151398048,nac,ybdR,False,identifiable,alpA|basR|btsR|glaR|glrR|nsrR|ptrR|rcdA,500,-0.13017045773955094,0.03459838068280342,0.12438195219965287,-3.7623280387873788,-0.30070187248934577,5636,,,,[],0,,False,True,
csd-20260805_174708,paired_hierarchical,1,0,0,5d0e9ff5482e9c83,nac->ybeR,shared_complete_observation_shared_scores,maximum,prefix,complete,0,500,0.6,0.9,biological_error,2151398048,921666314,2151398048,nac,ybeR,False,identifiable,alpA|basR|btsR|glaR|glrR|nsrR|ptrR|rcdA,500,-0.058648049905534835,0.03621846036873604,0.1363031185909315,-1.6192861128950728,0.16608302905432606,5636,,,,[],0,,False,True,
csd-20260805_174708,paired_hierarchical,1,0,0,5d0e9ff5482e9c83,nac->ybeT,shared_complete_observation_shared_scores,maximum,prefix,complete,0,500,0.6,0.9,biological_error,2151398048,921666314,2151398048,nac,ybeT,False,identifiable,alpA|basR|btsR|glaR|glrR|nsrR|ptrR|rcdA,500,0.033256186786014434,0.038343884702550166,0.15276998757897994,0.8673139678985796,0.4751042469565728,5636,,,,[],0,,False,True,
csd-20260805_174708,paired_hierarchical,1,0,0,5d0e9ff5482e9c83,nac->ybeU,shared_complete_observation_shared_scores,maximum,prefix,complete,0,500,0.6,0.9,biological_error,2151398048,921666314,2151398048,nac,ybeU,False,identifiable,alpA|basR|btsR|glaR|glrR|nsrR|ptrR|rcdA,500,-0.012210090296812234,0.032880465759701216,0.11233672142352757,-0.3713478509108317,-0.4346946739007172,5636,,,,[],0,,False,True,
csd-20260805_174708,paired_hierarchical,1,0,0,5d0e9ff5482e9c83,nac->ybfC,shared_complete_observation_shared_scores,maximum,prefix,complete,0,500,0.6,0.9,biological_error,2151398048,921666314,2151398048,nac,ybfC,False,identifiable,alpA|basR|btsR|glaR|glrR|nsrR|ptrR|rcdA,500,0.013503693027816234,0.029199440782154192,0.08859207855644446,0.4624640974654994,-0.2174301028455342,5636,,,,[],0,,False,True,
csd-20260805_174708,paired_hierarchical,1,0,0,5d0e9ff5482e9c83,nac->ybgC,shared_complete_observation_shared_scores,maximum,prefix,complete,0,500,0.6,0.9,biological_error,2151398048,921666314,2151398048,nac,ybgC,False,identifiable,alpA|basR|btsR|glaR|glrR|nsrR|ptrR|rcdA,500,-0.03629738592302336,0.03866565227658414,0.15534472302241242,-0.9387501253924275,-0.45543037985837675,5636,,,,[],0,,False,True,
csd-20260805_174708,paired_hierarchical,1,0,0,5d0e9ff5482e9c83,nac->ybgE,shared_complete_observation_shared_scores,maximum,prefix,complete,0,500,0.6,0.9,biological_error,2151398048,921666314,2151398048,nac,ybgE,False,identifiable,alpA|basR|btsR|glaR|glrR|nsrR|ptrR|rcdA,500,0.03108587004601006,0.031003992344022277,0.09988058217913713,1.0026408760871588,0.19524260470190238,5636,,,,[],0,,False,True,
csd-20260805_174708,paired_hierarchical,1,0,0,5d0e9ff5482e9c83,nac->ybhD,shared_complete_observation_shared_scores,maximum,prefix,complete,0,500,0.6,0.9,biological_error,2151398048,921666314,2151398048,nac,ybhD,False,identifiable,alpA|basR|btsR|glaR|glrR|nsrR|ptrR|rcdA,500,0.0031572770047739655,0.04124219424659794,0.17673776144304743,0.07655453504475962,0.2401363580548852,5636,,,,[],0,,False,True,
csd-20260805_174708,paired_hierarchical,1,0,0,5d0e9ff5482e9c83,nac->ybhH,shared_complete_observation_shared_scores,maximum,prefix,complete,0,500,0.6,0.9,biological_error,2151398048,921666314,2151398048,nac,ybhH,False,identifiable,alpA|basR|btsR|glaR|glrR|nsrR|ptrR|rcdA,500,-0.013387743611485323,0.03603705163098472,0.13494112517730292,-0.37149941533991965,-0.10481112360955876,5636,,,,[],0,,False,True,
csd-20260805_174708,paired_hierarchical,1,0,0,5d0e9ff5482e9c83,nac->ybhI,shared_complete_observation_shared_scores,maximum,prefix,complete,0,500,0.6,0.9,biological_error,2151398048,921666314,2151398048,nac,ybhI,False,identifiable,alpA|basR|btsR|glaR|glrR|nsrR|ptrR|rcdA,500,-0.02133226305985809,0.03768670168182213,0.1475781571748014,-0.566042187505826,-0.27052224290595134,5636,,,,[],0,,False,True,
csd-20260805_174708,paired_hierarchical,1,0,0,5d0e9ff5482e9c83,nac->ybhM,shared_complete_observation_shared_scores,maximum,prefix,complete,0,500,0.6,0.9,biological_error,2151398048,921666314,2151398048,nac,ybhM,False,identifiable,alpA|basR|btsR|glaR|glrR|nsrR|ptrR|rcdA,500,0.0019638464760398343,0.03868093615633462,0.1554675575890713,0.05077039676864758,0.3354335291030649,5636,,,,[],0,,False,True,
csd-20260805_174708,paired_hierarchical,1,0,0,5d0e9ff5482e9c83,nac->ybjQ,shared_complete_observation_shared_scores,maximum,prefix,complete,0,500,0.6,0.9,biological_error,2151398048,921666314,2151398048,nac,ybjQ,False,identifiable,alpA|basR|btsR|glaR|glrR|nsrR|ptrR|rcdA,500,0.028184134152311843,0.048292762153676096,0.24233152490931775,0.5836099012648097,0.3698448385817779,5636,,,,[],0,,False,True,
csd-20260805_174708,paired_hierarchical,1,0,0,5d0e9ff5482e9c83,nac->ycaD,shared_complete_observation_shared_scores,maximum,prefix,complete,0,500,0.6,0.9,biological_error,2151398048,921666314,2151398048,nac,ycaD,False,identifiable,alpA|basR|btsR|glaR|glrR|nsrR|ptrR|rcdA,500,0.00045706393652512347,0.03517429888985209,0.1285572940037845,0.012994258619238266,-0.139398483150456,5636,,,,[],0,,False,True,
csd-20260805_174708,paired_hierarchical,1,0,0,5d0e9ff5482e9c83,nac->ycaK,shared_complete_observation_shared_scores,maximum,prefix,complete,0,500,0.6,0.9,biological_error,2151398048,921666314,2151398048,nac,ycaK,False,identifiable,alpA|basR|btsR|glaR|glrR|nsrR|ptrR|rcdA,500,-0.010849012152853848,0.031572642162802804,0.1035780374630076,-0.34362066047280554,0.16029077119193127,5636,,,,[],0,,False,True,
csd-20260805_174708,paired_hierarchical,1,0,0,5d0e9ff5482e9c83,nac->ycaN,shared_complete_observation_shared_scores,maximum,prefix,complete,0,500,0.6,0.9,biological_error,2151398048,921666314,2151398048,nac,ycaN,False,identifiable,alpA|basR|btsR|glaR|glrR|nsrR|ptrR|rcdA,500,0.05803282844054546,0.03826766959325386,0.15216327755089143,1.5164975828780536,0.3421244364359288,5636,,,,[],0,,False,True,
csd-20260805_174708,paired_hierarchical,1,0,0,5d0e9ff5482e9c83,nac->yccM,shared_complete_observation_shared_scores,maximum,prefix,complete,0,500,0.6,0.9,biological_error,2151398048,921666314,2151398048,nac,yccM,False,identifiable,alpA|basR|btsR|glaR|glrR|nsrR|ptrR|rcdA,500,-0.0019573658155908943,0.04006149400769142,0.16676315609395442,-0.04885903194761281,-0.20132868686967204,5636,,,,[],0,,False,True,
csd-20260805_174708,paired_hierarchical,1,0,0,5d0e9ff5482e9c83,nac->ycgJ,shared_complete_observation_shared_scores,maximum,prefix,complete,0,500,0.6,0.9,biological_error,2151398048,921666314,2151398048,nac,ycgJ,False,identifiable,alpA|basR|btsR|glaR|glrR|nsrR|ptrR|rcdA,500,0.00360399806552536,0.03162096580717681,0.10389534373335406,0.11397495217263046,-0.12344227263434424,5636,,,,[],0,,False,True,
csd-20260805_174708,paired_hierarchical,1,0,0,5d0e9ff5482e9c83,nac->ycgV,shared_complete_observation_shared_scores,maximum,prefix,complete,0,500,0.6,0.9,biological_error,2151398048,921666314,2151398048,nac,ycgV,False,identifiable,alpA|basR|btsR|glaR|glrR|nsrR|ptrR|rcdA,500,0.00549150993498199,0.03140159968264448,0.10245882443692093,0.17487994212018193,0.18776524523569627,5636,,,,[],0,,False,True,
csd-20260805_174708,paired_hierarchical,1,0,0,5d0e9ff5482e9c83,nac->ycgX,shared_complete_observation_shared_scores,maximum,prefix,complete,0,500,0.6,0.9,biological_error,2151398048,921666314,2151398048,nac,ycgX,False,identifiable,alpA|basR|btsR|glaR|glrR|nsrR|ptrR|rcdA,500,0.04684748098823841,0.04791225965733802,0.23852787028317263,0.9777764881741173,0.19843676681221617,5636,,,,[],0,,False,True,
csd-20260805_174708,paired_hierarchical,1,0,0,5d0e9ff5482e9c83,nac->ydaT,shared_complete_observation_shared_scores,maximum,prefix,complete,0,500,0.6,0.9,biological_error,2151398048,921666314,2151398048,nac,ydaT,False,identifiable,alpA|basR|btsR|glaR|glrR|nsrR|ptrR|racR|rcdA,500,-0.00354062572937305,0.03531715448133757,0.12952400675178058,-0.10025229329401386,-0.5431537340633167,5636,,,,[],0,,False,True,
csd-20260805_174708,paired_hierarchical,1,0,0,5d0e9ff5482e9c83,nac->ydaU,shared_complete_observation_shared_scores,maximum,prefix,complete,0,500,0.6,0.9,biological_error,2151398048,921666314,2151398048,nac,ydaU,False,identifiable,alpA|basR|btsR|glaR|glrR|nsrR|ptrR|racR|rcdA,500,-0.09907620498785866,0.041973246131609646,0.18294644579702135,-2.360460867791813,0.19959232658916604,5636,,,,[],0,,False,True,
csd-20260805_174708,paired_hierarchical,1,0,0,5d0e9ff5482e9c83,nac->ydcI,shared_complete_observation_shared_scores,maximum,prefix,complete,0,500,0.6,0.9,biological_error,2151398048,921666314,2151398048,nac,ydcI,False,identifiable,alpA|basR|btsR|glaR|glrR|nsrR|ptrR|rcdA,500,-0.03790065468060138,0.03109002332658529,0.10043565562686049,-1.219061635382958,0.19083448430003183,5636,,,,[],0,,False,True,
csd-20260805_174708,paired_hierarchical,1,0,0,5d0e9ff5482e9c83,nac->ydcY,shared_complete_observation_shared_scores,maximum,prefix,complete,0,500,0.6,0.9,biological_error,2151398048,921666314,2151398048,nac,ydcY,False,identifiable,alpA|basR|btsR|glaR|glrR|nsrR|ptrR|rcdA,500,-0.1961512411654404,0.04424033808367725,0.20336803739609804,-4.433764515868644,-0.37655587664807916,5636,,,,[],0,,False,True,
csd-20260805_174708,paired_hierarchical,1,0,0,5d0e9ff5482e9c83,nac->ydcZ,shared_complete_observation_shared_scores,maximum,prefix,complete,0,500,0.6,0.9,biological_error,2151398048,921666314,2151398048,nac,ydcZ,False,identifiable,alpA|basR|btsR|glaR|glrR|nsrR|ptrR|rcdA,500,-0.011088511803141599,0.03287951396085912,0.11233021784084667,-0.33724682841546066,-0.222954980190301,5636,,,,[],0,,False,True,
csd-20260805_174708,paired_hierarchical,1,0,0,5d0e9ff5482e9c83,nac->ydeQ,shared_complete_observation_shared_scores,maximum,prefix,complete,0,500,0.6,0.9,biological_error,2151398048,921666314,2151398048,nac,ydeQ,False,identifiable,alpA|basR|btsR|glaR|glrR|nsrR|ptrR|rcdA,500,-0.09180890728617642,0.04027723539177866,0.16856411682179684,-2.2794242552436046,-0.4964023456947407,5636,,,,[],0,,False,True,
csd-20260805_174708,paired_hierarchical,1,0,0,5d0e9ff5482e9c83,nac->ydfK,shared_complete_observation_shared_scores,maximum,prefix,complete,0,500,0.6,0.9,biological_error,2151398048,921666314,2151398048,nac,ydfK,False,identifiable,alpA|basR|btsR|glaR|glrR|nsrR|ptrR|rcdA,500,-0.05774598084933816,0.03829849109873963,0.15240848662744488,-1.507787361660275,-0.21718180791659372,5636,,,,[],0,,False,True,
csd-20260805_174708,paired_hierarchical,1,0,0,5d0e9ff5482e9c83,nac->ydfR,shared_complete_observation_shared_scores,maximum,prefix,complete,0,500,0.6,0.9,biological_error,2151398048,921666314,2151398048,nac,ydfR,False,identifiable,alpA|basR|btsR|glaR|glrR|nsrR|ptrR|rcdA,500,-0.05357094081152602,0.03576703081094889,0.1329265094876708,-1.497774335663531,-0.40447257575951107,5636,,,,[],0,,False,True,
csd-20260805_174708,paired_hierarchical,1,0,0,5d0e9ff5482e9c83,nac->ydiB,shared_complete_observation_shared_scores,maximum,prefix,complete,0,500,0.6,0.9,biological_error,2151398048,921666314,2151398048,nac,ydiB,False,identifiable,alpA|basR|btsR|glaR|glrR|nsrR|ptrR|rcdA,500,-0.005296414372170485,0.03928372011873799,0.1603507662328775,-0.134824664165249,-0.33731618441926103,5636,,,,[],0,,False,True,
csd-20260805_174708,paired_hierarchical,1,0,0,5d0e9ff5482e9c83,nac->ydiL,shared_complete_observation_shared_scores,maximum,prefix,complete,0,500,0.6,0.9,biological_error,2151398048,921666314,2151398048,nac,ydiL,False,identifiable,alpA|basR|btsR|glaR|glrR|nsrR|ptrR|rcdA,500,-0.051759434941500246,0.046160292772155435,0.22140271004099793,-1.121297804521775,0.07010636793213437,5636,,,,[],0,,False,True,
csd-20260805_174708,paired_hierarchical,1,0,0,5d0e9ff5482e9c83,nac->ydiM,shared_complete_observation_shared_scores,maximum,prefix,complete,0,500,0.6,0.9,biological_error,2151398048,921666314,2151398048,nac,ydiM,False,identifiable,alpA|basR|btsR|glaR|glrR|nsrR|ptrR|rcdA,500,-0.04896764673478999,0.031874668670240365,0.10556918803697618,-1.5362558664181003,-0.3065792816288395,5636,,,,[],0,,False,True,
csd-20260805_174708,paired_hierarchical,1,0,0,5d0e9ff5482e9c83,nac->ydiO,shared_complete_observation_shared_scores,maximum,prefix,complete,0,500,0.6,0.9,biological_error,2151398048,921666314,2151398048,nac,ydiO,False,identifiable,alpA|basR|btsR|glaR|glrR|nsrR|ptrR|rcdA,500,-0.06634561026235572,0.033594400451308286,0.11726802547497273,-1.974900857615156,-0.21731369508619186,5636,,,,[],0,,False,True,
csd-20260805_174708,paired_hierarchical,1,0,0,5d0e9ff5482e9c83,nac->ydiY,shared_complete_observation_shared_scores,maximum,prefix,complete,0,500,0.6,0.9,biological_error,2151398048,921666314,2151398048,nac,ydiY,False,identifiable,alpA|basR|btsR|glaR|glrR|nsrR|ptrR|rcdA,500,-0.015812113196621423,0.041817774026214165,0.1817053213424063,-0.3781194376034778,-0.21450359338293634,5636,,,,[],0,,False,True,
csd-20260805_174708,paired_hierarchical,1,0,0,5d0e9ff5482e9c83,nac->yebQ,shared_complete_observation_shared_scores,maximum,prefix,complete,0,500,0.6,0.9,biological_error,2151398048,921666314,2151398048,nac,yebQ,False,identifiable,alpA|basR|btsR|glaR|glrR|nsrR|ptrR|rcdA,500,0.02684993256905635,0.03840268564777189,0.1532388971608483,0.6991680950473883,-0.18287359880400114,5636,,,,[],0,,False,True,
csd-20260805_174708,paired_hierarchical,1,0,0,5d0e9ff5482e9c83,nac->yecD,shared_complete_observation_shared_scores,maximum,prefix,complete,0,500,0.6,0.9,biological_error,2151398048,921666314,2151398048,nac,yecD,False,identifiable,alpA|basR|btsR|glaR|glrR|nsrR|ptrR|rcdA,500,0.00095112025782519,0.049913303743727655,0.2588680524385396,0.019055445872879377,0.7072862251250074,5636,,,,[],0,,False,True,
csd-20260805_174708,paired_hierarchical,1,0,0,5d0e9ff5482e9c83,nac->yecE,shared_complete_observation_shared_scores,maximum,prefix,complete,0,500,0.6,0.9,biological_error,2151398048,921666314,2151398048,nac,yecE,False,identifiable,alpA|basR|btsR|glaR|glrR|nsrR|ptrR|rcdA,500,0.030347376025915102,0.037355395081639244,0.14499482132280686,0.8123960664742456,0.6122403911306332,5636,,,,[],0,,False,True,
csd-20260805_174708,paired_hierarchical,1,0,0,5d0e9ff5482e9c83,nac->yedL,shared_complete_observation_shared_scores,maximum,prefix,complete,0,500,0.6,0.9,biological_error,2151398048,921666314,2151398048,nac,yedL,False,identifiable,alpA|basR|btsR|glaR|glrR|nsrR|ptrR|rcdA,500,0.002946281166862054,0.05248249691412887,0.2862034080574033,0.0561383573590776,-0.4366702091704447,5636,,,,[],0,,False,True,
csd-20260805_174708,paired_hierarchical,1,0,0,5d0e9ff5482e9c83,nac->yeeZ,shared_complete_observation_shared_scores,maximum,prefix,complete,0,500,0.6,0.9,biological_error,2151398048,921666314,2151398048,nac,yeeZ,False,identifiable,alpA|basR|btsR|glaR|glrR|nsrR|ptrR|rcdA,500,-0.1549330155205877,0.047855720229331246,0.2379652471819559,-3.2375025342451687,-0.1823905824796595,5636,,,,[],0,,False,True,
csd-20260805_174708,paired_hierarchical,1,0,0,5d0e9ff5482e9c83,nac->yegL,shared_complete_observation_shared_scores,maximum,prefix,complete,0,500,0.6,0.9,biological_error,2151398048,921666314,2151398048,nac,yegL,False,identifiable,alpA|basR|btsR|glaR|glrR|nsrR|ptrR|rcdA,500,-0.010296592242610984,0.02700335293093524,0.07576719482771513,-0.3813079164260054,-0.14953424771880355,5636,,,,[],0,,False,True,
csd-20260805_174708,paired_hierarchical,1,0,0,5d0e9ff5482e9c83,nac->yehE,shared_complete_observation_shared_scores,maximum,prefix,complete,0,500,0.6,0.9,biological_error,2151398048,921666314,2151398048,nac,yehE,False,identifiable,alpA|basR|btsR|glaR|glrR|nsrR|ptrR|rcdA,500,-0.04355568468389977,0.04242532217969337,0.1870234745998047,-1.0266435809118601,-0.3043882459231885,5636,,,,[],0,,False,True,
csd-20260805_174708,paired_hierarchical,1,0,0,5d0e9ff5482e9c83,nac->yeiE,shared_complete_observation_shared_scores,maximum,prefix,complete,0,500,0.6,0.9,biological_error,2151398048,921666314,2151398048,nac,yeiE,False,identifiable,alpA|basR|btsR|glaR|glrR|nsrR|ptrR|rcdA,500,-0.04255188628333764,0.03483617962094948,0.12609761298124117,-1.2214854426157613,-0.32819360552568483,5636,,,,[],0,,False,True,
csd-20260805_174708,paired_hierarchical,1,0,0,5d0e9ff5482e9c83,nac->yeiH,shared_complete_observation_shared_scores,maximum,prefix,complete,0,500,0.6,0.9,biological_error,2151398048,921666314,2151398048,nac,yeiH,False,identifiable,alpA|basR|btsR|glaR|glrR|nsrR|ptrR|rcdA,500,0.025320575965252685,0.030346045231093903,0.09568635797874456,0.8343945898857391,0.17273401324500598,5636,,,,[],0,,False,True,
csd-20260805_174708,paired_hierarchical,1,0,0,5d0e9ff5482e9c83,nac->yejB,shared_complete_observation_shared_scores,maximum,prefix,complete,0,500,0.6,0.9,biological_error,2151398048,921666314,2151398048,nac,yejB,False,identifiable,alpA|basR|btsR|glaR|glrR|nsrR|ptrR|rcdA,500,0.06465110222533797,0.03634225007342209,0.13723644139306868,1.7789515534872946,-0.058709600035390504,5636,,,,[],0,,False,True,
csd-20260805_174708,paired_hierarchical,1,0,0,5d0e9ff5482e9c83,nac->yfbK,shared_complete_observation_shared_scores,maximum,prefix,complete,0,500,0.6,0.9,biological_error,2151398048,921666314,2151398048,nac,yfbK,False,identifiable,alpA|basR|btsR|glaR|glrR|nsrR|ptrR|rcdA,500,-0.07877134111459104,0.03865894884771349,0.1552908637456838,-2.037596558170516,-0.47482705426292454,5636,,,,[],0,,False,True,
csd-20260805_174708,paired_hierarchical,1,0,0,5d0e9ff5482e9c83,nac->yfbL,shared_complete_observation_shared_scores,maximum,prefix,complete,0,500,0.6,0.9,biological_error,2151398048,921666314,2151398048,nac,yfbL,False,identifiable,alpA|basR|btsR|glaR|glrR|nsrR|ptrR|rcdA,500,-0.022766082140453406,0.03434241457250832,0.12254835228172326,-0.6629144288147414,0.36483436410906317,5636,,,,[],0,,False,True,
csd-20260805_174708,paired_hierarchical,1,0,0,5d0e9ff5482e9c83,nac->yfbV,shared_complete_observation_shared_scores,maximum,prefix,complete,0,500,0.6,0.9,biological_error,2151398048,921666314,2151398048,nac,yfbV,False,identifiable,alpA|basR|btsR|glaR|glrR|nsrR|ptrR|rcdA,500,-0.05563479562750251,0.03419336168806343,0.12148689249874912,-1.6270642277013692,-0.5873668007542131,5636,,,,[],0,,False,True,
csd-20260805_174708,paired_hierarchical,1,0,0,5d0e9ff5482e9c83,nac->yfcO,shared_complete_observation_shared_scores,maximum,prefix,complete,0,500,0.6,0.9,biological_error,2151398048,921666314,2151398048,nac,yfcO,False,identifiable,alpA|basR|btsR|glaR|glrR|nsrR|ptrR|rcdA,500,0.019557419275041687,0.03331145158257155,0.11530096419025009,0.5871079867703534,-0.2292898317059945,5636,,,,[],0,,False,True,
csd-20260805_174708,paired_hierarchical,1,0,0,5d0e9ff5482e9c83,nac->yfcP,shared_complete_observation_shared_scores,maximum,prefix,complete,0,500,0.6,0.9,biological_error,2151398048,921666314,2151398048,nac,yfcP,False,identifiable,alpA|basR|btsR|glaR|glrR|nsrR|ptrR|rcdA,500,-0.16614847790537907,0.0478515651420774,0.23792392616805333,-3.4721639179839374,-0.18282404582114678,5636,,,,[],0,,False,True,
csd-20260805_174708,paired_hierarchical,1,0,0,5d0e9ff5482e9c83,nac->yfgH,shared_complete_observation_shared_scores,maximum,prefix,complete,0,500,0.6,0.9,biological_error,2151398048,921666314,2151398048,nac,yfgH,False,identifiable,alpA|basR|btsR|glaR|glrR|nsrR|ptrR|rcdA,500,-0.023337204442569225,0.032905114784312614,0.11250521225489273,-0.7092272613403904,-0.17520198689613048,5636,,,,[],0,,False,True,
csd-20260805_174708,paired_hierarchical,1,0,0,5d0e9ff5482e9c83,nac->yfhL,shared_complete_observation_shared_scores,maximum,prefix,complete,0,500,0.6,0.9,biological_error,2151398048,921666314,2151398048,nac,yfhL,False,identifiable,alpA|basR|btsR|glaR|glrR|nsrR|ptrR|rcdA,500,-0.11813287667251295,0.05469478573274425,0.3108405536109921,-2.159856284102601,-0.09771454454675933,5636,,,,[],0,,False,True,
csd-20260805_174708,paired_hierarchical,1,0,0,5d0e9ff5482e9c83,nac->yfiL,shared_complete_observation_shared_scores,maximum,prefix,complete,0,500,0.6,0.9,biological_error,2151398048,921666314,2151398048,nac,yfiL,False,identifiable,alpA|basR|btsR|glaR|glrR|nsrR|ptrR|rcdA,500,0.019022943806084533,0.036588691463553195,0.13910398733085652,0.5199132039207718,0.3077840812765268,5636,,,,[],0,,False,True,
csd-20260805_174708,paired_hierarchical,1,0,0,5d0e9ff5482e9c83,nac->yfjI,shared_complete_observation_shared_scores,maximum,prefix,complete,0,500,0.6,0.9,biological_error,2151398048,921666314,2151398048,nac,yfjI,False,identifiable,alpA|basR|btsR|glaR|glrR|nsrR|ptrR|rcdA,500,0.01219543706529967,0.036459856907693544,0.13812609784253924,0.33448943851247703,-0.17977653649390143,5636,,,,[],0,,False,True,
csd-20260805_174708,paired_hierarchical,1,0,0,5d0e9ff5482e9c83,nac->ygaM,shared_complete_observation_shared_scores,maximum,prefix,complete,0,500,0.6,0.9,biological_error,2151398048,921666314,2151398048,nac,ygaM,False,identifiable,alpA|basR|btsR|glaR|glrR|nsrR|ptrR|rcdA,500,-0.07441085624441808,0.044588652953418136,0.20658297514046842,-1.6688294289167083,-0.4606015197232845,5636,,,,[],0,,False,True,
csd-20260805_174708,paired_hierarchical,1,0,0,5d0e9ff5482e9c83,nac->ygaP,shared_complete_observation_shared_scores,maximum,prefix,complete,0,500,0.6,0.9,biological_error,2151398048,921666314,2151398048,nac,ygaP,False,identifiable,alpA|basR|btsR|glaR|glrR|nsrR|ptrR|rcdA,500,0.09074891975766024,0.04125721959134535,0.176866563005522,2.1995888393966543,-0.3223458801118459,5636,,,,[],0,,False,True,
csd-20260805_174708,paired_hierarchical,1,0,0,5d0e9ff5482e9c83,nac->ygaV,shared_complete_observation_shared_scores,maximum,prefix,complete,0,500,0.6,0.9,biological_error,2151398048,921666314,2151398048,nac,ygaV,False,identifiable,alpA|basR|btsR|glaR|glrR|nsrR|ptrR|rcdA,500,-0.011161786302187698,0.05509587991475862,0.31541625425379544,-0.20258840260753821,-0.23223753034907413,5636,,,,[],0,,False,True,
csd-20260805_174708,paired_hierarchical,1,0,0,5d0e9ff5482e9c83,nac->ygaZ,shared_complete_observation_shared_scores,maximum,prefix,complete,0,500,0.6,0.9,biological_error,2151398048,921666314,2151398048,nac,ygaZ,False,identifiable,alpA|basR|btsR|glaR|glrR|nsrR|ptrR|rcdA,500,0.02481329167264631,0.03042277545318252,0.09617085720365526,0.8156156466010599,-0.16583148723400953,5636,,,,[],0,,False,True,
csd-20260805_174708,paired_hierarchical,1,0,0,5d0e9ff5482e9c83,nac->ygcE,shared_complete_observation_shared_scores,maximum,prefix,complete,0,500,0.6,0.9,biological_error,2151398048,921666314,2151398048,nac,ygcE,False,identifiable,alpA|basR|btsR|glaR|glrR|nsrR|ptrR|rcdA,500,-0.06304153590769591,0.03218475311823424,0.1076331839005655,-1.9587391481956031,-0.3318822654276433,5636,,,,[],0,,False,True,
csd-20260805_174708,paired_hierarchical,1,0,0,5d0e9ff5482e9c83,nac->ygcO,shared_complete_observation_shared_scores,maximum,prefix,complete,0,500,0.6,0.9,biological_error,2151398048,921666314,2151398048,nac,ygcO,False,identifiable,alpA|basR|btsR|glaR|glrR|nsrR|ptrR|rcdA,500,-0.050878268299813074,0.0350503467832425,0.12765283415569562,-1.4515767451447261,-0.3766886276409781,5636,,,,[],0,,False,True,
csd-20260805_174708,paired_hierarchical,1,0,0,5d0e9ff5482e9c83,nac->ygcP,shared_complete_observation_shared_scores,maximum,prefix,complete,0,500,0.6,0.9,biological_error,2151398048,921666314,2151398048,nac,ygcP,False,identifiable,alpA|basR|btsR|glaR|glrR|nsrR|ptrR|rcdA,500,-0.0534269356562396,0.0428727321858962,0.19098890782391206,-1.2461752011647023,-0.17467265489585607,5636,,,,[],0,,False,True,
csd-20260805_174708,paired_hierarchical,1,0,0,5d0e9ff5482e9c83,nac->ygcS,shared_complete_observation_shared_scores,maximum,prefix,complete,0,500,0.6,0.9,biological_error,2151398048,921666314,2151398048,nac,ygcS,False,identifiable,alpA|basR|btsR|glaR|glrR|nsrR|ptrR|rcdA,500,-0.04573308132092839,0.03429711890380868,0.12222529701793136,-1.3334379907884841,-0.19857274699662134,5636,,,,[],0,,False,True,
csd-20260805_174708,paired_hierarchical,1,0,0,5d0e9ff5482e9c83,nac->ygdR,shared_complete_observation_shared_scores,maximum,prefix,complete,0,500,0.6,0.9,biological_error,2151398048,921666314,2151398048,nac,ygdR,False,identifiable,alpA|basR|btsR|glaR|glrR|nsrR|ptrR|rcdA|yfeC,500,0.10884502493285472,0.043547227762799116,0.1968080345032338,2.4994708165059647,-0.07512627178210718,5636,,,,[],0,,False,True,
csd-20260805_174708,paired_hierarchical,1,0,0,5d0e9ff5482e9c83,nac->ygeG,shared_complete_observation_shared_scores,maximum,prefix,complete,0,500,0.6,0.9,biological_error,2151398048,921666314,2151398048,nac,ygeG,False,identifiable,alpA|basR|btsR|glaR|glrR|nsrR|ptrR|rcdA,500,-0.032525401427939145,0.0453582487746849,0.21377572127778918,-0.7170779804464594,-0.12211914998076019,5636,,,,[],0,,False,True,
csd-20260805_174708,paired_hierarchical,1,0,0,5d0e9ff5482e9c83,nac->yggP,shared_complete_observation_shared_scores,maximum,prefix,complete,0,500,0.6,0.9,biological_error,2151398048,921666314,2151398048,nac,yggP,False,identifiable,alpA|basR|btsR|glaR|glrR|nsrR|ptrR|rcdA,500,-0.06791351848338718,0.035431809960142474,0.13044652040018354,-1.9167386187661213,-0.41761461705607267,5636,,,,[],0,,False,True,
csd-20260805_174708,paired_hierarchical,1,0,0,5d0e9ff5482e9c83,nac->yghG,shared_complete_observation_shared_scores,maximum,prefix,complete,0,500,0.6,0.9,biological_error,2151398048,921666314,2151398048,nac,yghG,False,identifiable,alpA|basR|btsR|glaR|glrR|nsrR|ptrR|rcdA,500,-0.0011728083268699434,0.040557248296514636,0.17091602595508432,-0.02891735450826261,0.32987422721422865,5636,,,,[],0,,False,True,
csd-20260805_174708,paired_hierarchical,1,0,0,5d0e9ff5482e9c83,nac->yghT,shared_complete_observation_shared_scores,maximum,prefix,complete,0,500,0.6,0.9,biological_error,2151398048,921666314,2151398048,nac,yghT,False,identifiable,alpA|basR|btsR|glaR|glrR|nsrR|ptrR|rcdA,500,0.042865263574754134,0.027131022090220423,0.07648532793484222,1.5799354492511077,-0.15369381477898192,5636,,,,[],0,,False,True,
csd-20260805_174708,paired_hierarchical,1,0,0,5d0e9ff5482e9c83,nac->ygiF,shared_complete_observation_shared_scores,maximum,prefix,complete,0,500,0.6,0.9,biological_error,2151398048,921666314,2151398048,nac,ygiF,False,identifiable,alpA|basR|btsR|glaR|glrR|nsrR|ptrR|rcdA,500,-0.13100491342137316,0.035669397760761466,0.13220180255698002,-3.6727537229542637,-0.3500692370147332,5636,,,,[],0,,False,True,
csd-20260805_174708,paired_hierarchical,1,0,0,5d0e9ff5482e9c83,nac->ygiL,shared_complete_observation_shared_scores,maximum,prefix,complete,0,500,0.6,0.9,biological_error,2151398048,921666314,2151398048,nac,ygiL,False,identifiable,alpA|basR|btsR|glaR|glrR|nsrR|ptrR|rcdA,500,0.005515202509357815,0.031887170576822416,0.105652017130516,0.17295992117176454,0.12383024666248944,5636,,,,[],0,,False,True,
csd-20260805_174708,paired_hierarchical,1,0,0,5d0e9ff5482e9c83,nac->ygiN,shared_complete_observation_shared_scores,maximum,prefix,complete,0,500,0.6,0.9,biological_error,2151398048,921666314,2151398048,nac,ygiN,False,identifiable,alpA|basR|btsR|glaR|glrR|nsrR|ptrR|rcdA,500,0.008657564993257228,0.029332775774337655,0.08940301148129103,0.29514987125192105,-0.13204580759986131,5636,,,,[],0,,False,True,
csd-20260805_174708,paired_hierarchical,1,0,0,5d0e9ff5482e9c83,nac->ygjH,shared_complete_observation_shared_scores,maximum,prefix,complete,0,500,0.6,0.9,biological_error,2151398048,921666314,2151398048,nac,ygjH,False,identifiable,alpA|basR|btsR|glaR|glrR|nsrR|ptrR|rcdA,500,-0.007381337254537918,0.02696009784324212,0.07552465518501088,-0.2737874802033829,0.13484431617967657,5636,,,,[],0,,False,True,
csd-20260805_174708,paired_hierarchical,1,0,0,5d0e9ff5482e9c83,nac->ygjI,shared_complete_observation_shared_scores,maximum,prefix,complete,0,500,0.6,0.9,biological_error,2151398048,921666314,2151398048,nac,ygjI,False,identifiable,alpA|basR|btsR|glaR|glrR|nsrR|ptrR|rcdA,500,0.05674968383253644,0.043412555608207185,0.19582878454075323,1.3072182237944052,-0.21130434874079748,5636,,,,[],0,,False,True,
csd-20260805_174708,paired_hierarchical,1,0,0,5d0e9ff5482e9c83,nac->yhaB,shared_complete_observation_shared_scores,maximum,prefix,complete,0,500,0.6,0.9,biological_error,2151398048,921666314,2151398048,nac,yhaB,False,identifiable,alpA|basR|btsR|glaR|glrR|nsrR|ptrR|rcdA,500,-0.015873977760025824,0.042011980177065755,0.18339695764503586,-0.377844074312198,0.3139599100650489,5636,,,,[],0,,False,True,
csd-20260805_174708,paired_hierarchical,1,0,0,5d0e9ff5482e9c83,nac->yhaI,shared_complete_observation_shared_scores,maximum,prefix,complete,0,500,0.6,0.9,biological_error,2151398048,921666314,2151398048,nac,yhaI,False,identifiable,alpA|basR|btsR|glaR|glrR|nsrR|ptrR|rcdA,500,-0.06818945736232891,0.03240484917405699,0.109110320617608,-2.104297939979944,-0.29852201892811997,5636,,,,[],0,,False,True,
csd-20260805_174708,paired_hierarchical,1,0,0,5d0e9ff5482e9c83,nac->yhbX,shared_complete_observation_shared_scores,maximum,prefix,complete,0,500,0.6,0.9,biological_error,2151398048,921666314,2151398048,nac,yhbX,False,identifiable,alpA|basR|btsR|glaR|glrR|nsrR|ptrR|rcdA,500,0.05520321216935303,0.04553271063107751,0.21542337900765013,1.2123858080101892,0.8422296027863999,5636,,,,[],0,,False,True,
csd-20260805_174708,paired_hierarchical,1,0,0,5d0e9ff5482e9c83,nac->yhcA,shared_complete_observation_shared_scores,maximum,prefix,complete,0,500,0.6,0.9,biological_error,2151398048,921666314,2151398048,nac,yhcA,False,identifiable,alpA|basR|btsR|glaR|glrR|nsrR|ptrR|rcdA,500,-0.018036048803356255,0.03212550425570234,0.10723726513391482,-0.561424613285403,-0.2920451003192792,5636,,,,[],0,,False,True,
csd-20260805_174708,paired_hierarchical,1,0,0,5d0e9ff5482e9c83,nac->yhcD,shared_complete_observation_shared_scores,maximum,prefix,complete,0,500,0.6,0.9,biological_error,2151398048,921666314,2151398048,nac,yhcD,False,identifiable,alpA|basR|btsR|glaR|glrR|nsrR|ptrR|rcdA,500,-0.06918744059534226,0.04823534570614088,0.24175563968643596,-1.4343722343537377,-0.2298323287824289,5636,,,,[],0,,False,True,
csd-20260805_174708,paired_hierarchical,1,0,0,5d0e9ff5482e9c83,nac->yhfL,shared_complete_observation_shared_scores,maximum,prefix,complete,0,500,0.6,0.9,biological_error,2151398048,921666314,2151398048,nac,yhfL,False,identifiable,alpA|basR|btsR|glaR|glrR|nsrR|ptrR|rcdA,500,0.00029289705402296695,0.05832908141305895,0.353521716507717,0.005021458369090516,-0.19923368163399657,5636,,,,[],0,,False,True,
csd-20260805_174708,paired_hierarchical,1,0,0,5d0e9ff5482e9c83,nac->yhfZ,shared_complete_observation_shared_scores,maximum,prefix,complete,0,500,0.6,0.9,biological_error,2151398048,921666314,2151398048,nac,yhfZ,False,identifiable,alpA|basR|btsR|glaR|glrR|nsrR|ptrR|rcdA,500,-0.00963895286945649,0.025406064790544705,0.06706881385806233,-0.37939574463510733,-0.36364073746879894,5636,,,,[],0,,False,True,
csd-20260805_174708,paired_hierarchical,1,0,0,5d0e9ff5482e9c83,nac->yhhQ,shared_complete_observation_shared_scores,maximum,prefix,complete,0,500,0.6,0.9,biological_error,2151398048,921666314,2151398048,nac,yhhQ,False,identifiable,alpA|basR|btsR|glaR|glrR|nsrR|ptrR|rcdA,500,0.04225634140827686,0.03766305623494643,0.1473930278527858,1.121957313943855,0.31883733592787983,5636,,,,[],0,,False,True,
csd-20260805_174708,paired_hierarchical,1,0,0,5d0e9ff5482e9c83,nac->yhhZ,shared_complete_observation_shared_scores,maximum,prefix,complete,0,500,0.6,0.9,biological_error,2151398048,921666314,2151398048,nac,yhhZ,False,identifiable,alpA|basR|btsR|glaR|glrR|nsrR|ptrR|rcdA,500,0.01849659860418753,0.03174090122562362,0.1046849693764447,0.5827370329754751,-0.14166114388606782,5636,,,,[],0,,False,True,
csd-20260805_174708,paired_hierarchical,1,0,0,5d0e9ff5482e9c83,nac->yhiJ,shared_complete_observation_shared_scores,maximum,prefix,complete,0,500,0.6,0.9,biological_error,2151398048,921666314,2151398048,nac,yhiJ,False,identifiable,alpA|basR|btsR|glaR|glrR|nsrR|ptrR|rcdA,500,-0.03008852669787065,0.031649076872712914,0.10408015194232935,-0.9506920792312987,-0.14052197376116204,5636,,,,[],0,,False,True,
csd-20260805_174708,paired_hierarchical,1,0,0,5d0e9ff5482e9c83,nac->yhjD,shared_complete_observation_shared_scores,maximum,prefix,complete,0,500,0.6,0.9,biological_error,2151398048,921666314,2151398048,nac,yhjD,False,identifiable,alpA|basR|btsR|glaR|glrR|nsrR|ptrR|rcdA,500,-0.1658389974347772,0.031434041034828025,0.10267063656257729,-5.27577721397743,-0.42406288865342917,5636,,,,[],0,,False,True,
csd-20260805_174708,paired_hierarchical,1,0,0,5d0e9ff5482e9c83,nac->yiaD,shared_complete_observation_shared_scores,maximum,prefix,complete,0,500,0.6,0.9,biological_error,2151398048,921666314,2151398048,nac,yiaD,False,identifiable,alpA|basR|btsR|glaR|glrR|nsrR|ptrR|rcdA,500,0.008064688214091415,0.03390635074088888,0.11945598771284373,0.2378518489271073,-0.1827274944431087,5636,,,,[],0,,False,True,
csd-20260805_174708,paired_hierarchical,1,0,0,5d0e9ff5482e9c83,nac->yieH,shared_complete_observation_shared_scores,maximum,prefix,complete,0,500,0.6,0.9,biological_error,2151398048,921666314,2151398048,nac,yieH,False,identifiable,alpA|basR|btsR|glaR|glrR|nsrR|ptrR|rcdA,500,-0.019551077372418138,0.05894268195312146,0.36099867572516386,-0.33169643329035453,-0.5445986483619596,5636,,,,[],0,,False,True,
csd-20260805_174708,paired_hierarchical,1,0,0,5d0e9ff5482e9c83,nac->yieP,shared_complete_observation_shared_scores,maximum,prefix,complete,0,500,0.6,0.9,biological_error,2151398048,921666314,2151398048,nac,yieP,False,identifiable,alpA|basR|btsR|glaR|glrR|nsrR|ptrR|rcdA,500,-0.05290519329033959,0.044934559331868865,0.2098006343928678,-1.1773831562384485,-0.15543257046810602,5636,,,,[],0,,False,True,
csd-20260805_174708,paired_hierarchical,1,0,0,5d0e9ff5482e9c83,nac->yifB,shared_complete_observation_shared_scores,maximum,prefix,complete,0,500,0.6,0.9,biological_error,2151398048,921666314,2151398048,nac,yifB,False,identifiable,alpA|basR|btsR|glaR|glrR|nsrR|ptrR|rcdA,500,-0.01847677315622993,0.028109600815085855,0.08210227278596123,-0.6573118301386129,-0.06357246613893178,5636,,,,[],0,,False,True,
csd-20260805_174708,paired_hierarchical,1,0,0,5d0e9ff5482e9c83,nac->yigL,shared_complete_observation_shared_scores,maximum,prefix,complete,0,500,0.6,0.9,biological_error,2151398048,921666314,2151398048,nac,yigL,False,identifiable,alpA|basR|btsR|glaR|glrR|nsrR|ptrR|rcdA,500,0.0841928825942499,0.04053262472038375,0.17070855200759802,2.077163351129085,0.2939362894933546,5636,,,,[],0,,False,True,
csd-20260805_174708,paired_hierarchical,1,0,0,5d0e9ff5482e9c83,nac->yihD,shared_complete_observation_shared_scores,maximum,prefix,complete,0,500,0.6,0.9,biological_error,2151398048,921666314,2151398048,nac,yihD,False,identifiable,alpA|basR|btsR|glaR|glrR|nsrR|ptrR|rcdA,500,0.06088864561416853,0.05539407107648712,0.3188396993802269,1.0991906612188622,0.23974498111233122,5636,,,,[],0,,False,True,
csd-20260805_174708,paired_hierarchical,1,0,0,5d0e9ff5482e9c83,nac->yihL,shared_complete_observation_shared_scores,maximum,prefix,complete,0,500,0.6,0.9,biological_error,2151398048,921666314,2151398048,nac,yihL,False,identifiable,alpA|basR|btsR|glaR|glrR|nsrR|ptrR|rcdA,500,-0.0365638196281843,0.05419375777974476,0.3051717688399817,-0.6746869220028556,-0.4453701090666117,5636,,,,[],0,,False,True,
csd-20260805_174708,paired_hierarchical,1,0,0,5d0e9ff5482e9c83,nac->yihO,shared_complete_observation_shared_scores,maximum,prefix,complete,0,500,0.6,0.9,biological_error,2151398048,921666314,2151398048,nac,yihO,False,identifiable,alpA|basR|btsR|glaR|glrR|nsrR|ptrR|rcdA,500,-0.035924857604331624,0.041863492230189,0.18210284522669754,-0.8581428755822991,-0.5882661999568312,5636,,,,[],0,,False,True,
csd-20260805_174708,paired_hierarchical,1,0,0,5d0e9ff5482e9c83,nac->yihQ,shared_complete_observation_shared_scores,maximum,prefix,complete,0,500,0.6,0.9,biological_error,2151398048,921666314,2151398048,nac,yihQ,False,identifiable,alpA|basR|btsR|glaR|glrR|nsrR|ptrR|rcdA,500,-0.02297559183661324,0.025413911766090754,0.06711025031205435,-0.9040557017778383,-0.17638220959303558,5636,,,,[],0,,False,True,
csd-20260805_174708,paired_hierarchical,1,0,0,5d0e9ff5482e9c83,nac->yiiE,shared_complete_observation_shared_scores,maximum,prefix,complete,0,500,0.6,0.9,biological_error,2151398048,921666314,2151398048,nac,yiiE,False,identifiable,alpA|basR|btsR|glaR|glrR|nsrR|ptrR|rcdA,500,-0.0016592077492992275,0.029255262154392305,0.08893113014953809,-0.05671484810298029,-0.11327828077577591,5636,,,,[],0,,False,True,
csd-20260805_174708,paired_hierarchical,1,0,0,5d0e9ff5482e9c83,nac->yiiF,shared_complete_observation_shared_scores,maximum,prefix,complete,0,500,0.6,0.9,biological_error,2151398048,921666314,2151398048,nac,yiiF,False,identifiable,alpA|basR|btsR|glaR|glrR|nsrR|ptrR|rcdA,500,-0.03416397231060155,0.03350850435770958,0.11666911686420571,-1.0195612417043367,-0.3063039296602986,5636,,,,[],0,,False,True,
csd-20260805_174708,paired_hierarchical,1,0,0,5d0e9ff5482e9c83,nac->yijO,shared_complete_observation_shared_scores,maximum,prefix,complete,0,500,0.6,0.9,biological_error,2151398048,921666314,2151398048,nac,yijO,False,identifiable,alpA|basR|btsR|glaR|glrR|nsrR|ptrR|rcdA,500,-0.09184918370552209,0.03168042373969654,0.10428642667243838,-2.8992410095333496,-0.39340808183710574,5636,,,,[],0,,False,True,
csd-20260805_174708,paired_hierarchical,1,0,0,5d0e9ff5482e9c83,nac->yjaH,shared_complete_observation_shared_scores,maximum,prefix,complete,0,500,0.6,0.9,biological_error,2151398048,921666314,2151398048,nac,yjaH,False,identifiable,alpA|basR|btsR|glaR|glrR|nsrR|ptrR|rcdA,500,0.020884111996640097,0.03782228030416847,0.1486418975776607,0.5521642753606905,0.26461116374894394,5636,,,,[],0,,False,True,
csd-20260805_174708,paired_hierarchical,1,0,0,5d0e9ff5482e9c83,nac->yjbB,shared_complete_observation_shared_scores,maximum,prefix,complete,0,500,0.6,0.9,biological_error,2151398048,921666314,2151398048,nac,yjbB,False,identifiable,alpA|basR|btsR|glaR|glrR|nsrR|ptrR|rcdA,500,0.016764460054514315,0.04209881671945733,0.18415588480166206,0.3982168944612184,-0.28172859144640033,5636,,,,[],0,,False,True,
csd-20260805_174708,paired_hierarchical,1,0,0,5d0e9ff5482e9c83,nac->yjcF,shared_complete_observation_shared_scores,maximum,prefix,complete,0,500,0.6,0.9,biological_error,2151398048,921666314,2151398048,nac,yjcF,False,identifiable,alpA|basR|btsR|glaR|glrR|nsrR|ptrR|rcdA,500,-0.02369496525786024,0.032609091403426445,0.11049006252474855,-0.7266367825069318,0.1303244480046652,5636,,,,[],0,,False,True,
csd-20260805_174708,paired_hierarchical,1,0,0,5d0e9ff5482e9c83,nac->yjcO,shared_complete_observation_shared_scores,maximum,prefix,complete,0,500,0.6,0.9,biological_error,2151398048,921666314,2151398048,nac,yjcO,False,identifiable,alpA|basR|btsR|glaR|glrR|nsrR|ptrR|rcdA,500,-0.13256093294182228,0.03569035646887876,0.13235720708841392,-3.7141947029140105,-0.16254297287949682,5636,,,,[],0,,False,True,
csd-20260805_174708,paired_hierarchical,1,0,0,5d0e9ff5482e9c83,nac->yjeJ,shared_complete_observation_shared_scores,maximum,prefix,complete,0,500,0.6,0.9,biological_error,2151398048,921666314,2151398048,nac,yjeJ,False,identifiable,alpA|basR|btsR|glaR|glrR|nsrR|ptrR|rcdA,500,0.0020953162355685376,0.031935033669750985,0.10596942550578352,0.06561183737073153,-0.20782187454874362,5636,,,,[],0,,False,True,
csd-20260805_174708,paired_hierarchical,1,0,0,5d0e9ff5482e9c83,nac->yjfZ,shared_complete_observation_shared_scores,maximum,prefix,complete,0,500,0.6,0.9,biological_error,2151398048,921666314,2151398048,nac,yjfZ,False,identifiable,alpA|basR|btsR|glaR|glrR|nsrR|ptrR|rcdA,500,-0.026800353584626988,0.03848255913533732,0.15387700116848452,-0.6964285688582772,-0.22210292426833492,5636,,,,[],0,,False,True,
csd-20260805_174708,paired_hierarchical,1,0,0,5d0e9ff5482e9c83,nac->yjgH,shared_complete_observation_shared_scores,maximum,prefix,complete,0,500,0.6,0.9,biological_error,2151398048,921666314,2151398048,nac,yjgH,False,identifiable,alpA|basR|btsR|glaR|glrR|nsrR|ptrR|rcdA,500,-0.0917291554888775,0.03436924672967934,0.12273992420586362,-2.6689312166293533,-0.6015682898738863,5636,,,,[],0,,False,True,
csd-20260805_174708,paired_hierarchical,1,0,0,5d0e9ff5482e9c83,nac->yjgM,shared_complete_observation_shared_scores,maximum,prefix,complete,0,500,0.6,0.9,biological_error,2151398048,921666314,2151398048,nac,yjgM,False,identifiable,alpA|basR|btsR|glaR|glrR|nsrR|ptrR|rcdA,500,0.05785676745324718,0.03482164904528523,0.1259924413581938,1.6615171607181782,0.3044935138266816,5636,,,,[],0,,False,True,
csd-20260805_174708,paired_hierarchical,1,0,0,5d0e9ff5482e9c83,nac->yjgN,shared_complete_observation_shared_scores,maximum,prefix,complete,0,500,0.6,0.9,biological_error,2151398048,921666314,2151398048,nac,yjgN,False,identifiable,alpA|basR|btsR|glaR|glrR|nsrR|ptrR|rcdA,500,-0.002610075560450665,0.03645352638985537,0.13807813639185512,-0.0716000842425226,-0.33522004139405337,5636,,,,[],0,,False,True,
csd-20260805_174708,paired_hierarchical,1,0,0,5d0e9ff5482e9c83,nac->ykgH,shared_complete_observation_shared_scores,maximum,prefix,complete,0,500,0.6,0.9,biological_error,2151398048,921666314,2151398048,nac,ykgH,False,identifiable,alpA|basR|btsR|glaR|glrR|nsrR|ptrR|rcdA,500,-0.0005540918567383743,0.030229492425852482,0.09495274698419208,-0.01832951241564714,-0.22512504885310503,5636,,,,[],0,,False,True,
csd-20260805_174708,paired_hierarchical,1,0,0,5d0e9ff5482e9c83,nac->ykgL,shared_complete_observation_shared_scores,maximum,prefix,complete,0,500,0.6,0.9,biological_error,2151398048,921666314,2151398048,nac,ykgL,False,identifiable,alpA|basR|btsR|glaR|glrR|nsrR|ptrR|rcdA,500,-0.0001783664219825354,0.032807012803457616,0.11183537526198643,-0.005436838247087735,-0.3713841558389665,5636,,,,[],0,,False,True,
csd-20260805_174708,paired_hierarchical,1,0,0,5d0e9ff5482e9c83,nac->ymjA,shared_complete_observation_shared_scores,maximum,prefix,complete,0,500,0.6,0.9,biological_error,2151398048,921666314,2151398048,nac,ymjA,False,identifiable,alpA|basR|btsR|glaR|glrR|nsrR|ptrR|rcdA,500,0.0065528663632468745,0.03886631806339199,0.15696131335141825,0.1686001321905249,-0.23316169296711445,5636,,,,[],0,,False,True,
csd-20260805_174708,paired_hierarchical,1,0,0,5d0e9ff5482e9c83,nac->ynaK,shared_complete_observation_shared_scores,maximum,prefix,complete,0,500,0.6,0.9,biological_error,2151398048,921666314,2151398048,nac,ynaK,False,identifiable,alpA|basR|btsR|glaR|glrR|nsrR|ptrR|rcdA,500,-0.009080682728907864,0.032353771181374315,0.10876662243754642,-0.2806684475204395,0.1492576409019717,5636,,,,[],0,,False,True,
csd-20260805_174708,paired_hierarchical,1,0,0,5d0e9ff5482e9c83,nac->yneK,shared_complete_observation_shared_scores,maximum,prefix,complete,0,500,0.6,0.9,biological_error,2151398048,921666314,2151398048,nac,yneK,False,identifiable,alpA|basR|btsR|glaR|glrR|nsrR|ptrR|rcdA,500,0.06361557110248763,0.041558005997098184,0.1794548606462858,1.5307657231420013,0.16563881274570177,5636,,,,[],0,,False,True,
csd-20260805_174708,paired_hierarchical,1,0,0,5d0e9ff5482e9c83,nac->ynfA,shared_complete_observation_shared_scores,maximum,prefix,complete,0,500,0.6,0.9,biological_error,2151398048,921666314,2151398048,nac,ynfA,False,identifiable,alpA|basR|btsR|glaR|glrR|nsrR|ptrR|rcdA,500,-0.04186430285618767,0.027492744625142267,0.07853839451445713,-1.5227400329431835,-0.12247267518185244,5636,,,,[],0,,False,True,
csd-20260805_174708,paired_hierarchical,1,0,0,5d0e9ff5482e9c83,nac->ynfD,shared_complete_observation_shared_scores,maximum,prefix,complete,0,500,0.6,0.9,biological_error,2151398048,921666314,2151398048,nac,ynfD,False,identifiable,alpA|basR|btsR|glaR|glrR|nsrR|ptrR|rcdA,500,-0.0036516035896423348,0.03668296108551713,0.13982170489619816,-0.09954495170467663,-0.2472315596842036,5636,,,,[],0,,False,True,
csd-20260805_174708,paired_hierarchical,1,0,0,5d0e9ff5482e9c83,nac->yniB,shared_complete_observation_shared_scores,maximum,prefix,complete,0,500,0.6,0.9,biological_error,2151398048,921666314,2151398048,nac,yniB,False,identifiable,alpA|basR|btsR|glaR|glrR|nsrR|ptrR|rcdA,500,-0.10320313126161156,0.05416687189520708,0.30486904845128576,-1.9052813583415256,-0.29193505056754504,5636,,,,[],0,,False,True,
csd-20260805_174708,paired_hierarchical,1,0,0,5d0e9ff5482e9c83,nac->ynjF,shared_complete_observation_shared_scores,maximum,prefix,complete,0,500,0.6,0.9,biological_error,2151398048,921666314,2151398048,nac,ynjF,False,identifiable,alpA|basR|btsR|glaR|glrR|nsrR|ptrR|rcdA,500,0.06426371259698245,0.036436821008063454,0.13795161258548022,1.7637025080415472,0.1780496735174103,5636,,,,[],0,,False,True,
csd-20260805_174708,paired_hierarchical,1,0,0,5d0e9ff5482e9c83,nac->yobA,shared_complete_observation_shared_scores,maximum,prefix,complete,0,500,0.6,0.9,biological_error,2151398048,921666314,2151398048,nac,yobA,False,identifiable,alpA|basR|btsR|glaR|glrR|nsrR|ptrR|rcdA,500,0.03746971477039843,0.03541002385392869,0.13028615331537158,1.0581668887026523,0.2090568309722578,5636,,,,[],0,,False,True,
csd-20260805_174708,paired_hierarchical,1,0,0,5d0e9ff5482e9c83,nac->yohO,shared_complete_observation_shared_scores,maximum,prefix,complete,0,500,0.6,0.9,biological_error,2151398048,921666314,2151398048,nac,yohO,False,identifiable,alpA|basR|btsR|glaR|glrR|nsrR|ptrR|rcdA,500,-0.11196963755707764,0.032719830861694124,0.11124177838158734,-3.4220726271590585,-0.18052196945672563,5636,,,,[],0,,False,True,
csd-20260805_174708,paired_hierarchical,1,0,0,5d0e9ff5482e9c83,nac->yqeB,shared_complete_observation_shared_scores,maximum,prefix,complete,0,500,0.6,0.9,biological_error,2151398048,921666314,2151398048,nac,yqeB,False,identifiable,alpA|basR|btsR|glaR|glrR|nsrR|ptrR|rcdA,500,0.012808061157777377,0.03238768953450079,0.10899479481854721,0.3954607859302118,-0.2822974262426468,5636,,,,[],0,,False,True,
csd-20260805_174708,paired_hierarchical,1,0,0,5d0e9ff5482e9c83,nac->yqeH,shared_complete_observation_shared_scores,maximum,prefix,complete,0,500,0.6,0.9,biological_error,2151398048,921666314,2151398048,nac,yqeH,False,identifiable,alpA|basR|btsR|glaR|glrR|nsrR|ptrR|rcdA,500,0.006409996853937,0.04312185589704954,0.19321494292689081,0.1486484456800845,0.16110430308485515,5636,,,,[],0,,False,True,
csd-20260805_174708,paired_hierarchical,1,0,0,5d0e9ff5482e9c83,nac->yqeJ,shared_complete_observation_shared_scores,maximum,prefix,complete,0,500,0.6,0.9,biological_error,2151398048,921666314,2151398048,nac,yqeJ,False,identifiable,alpA|basR|btsR|glaR|glrR|nsrR|ptrR|rcdA,500,0.057964381916468494,0.03887142317456328,0.15700254996039448,1.4911823952563505,0.7967399447133942,5636,,,,[],0,,False,True,
csd-20260805_174708,paired_hierarchical,1,0,0,5d0e9ff5482e9c83,nac->yqeK,shared_complete_observation_shared_scores,maximum,prefix,complete,0,500,0.6,0.9,biological_error,2151398048,921666314,2151398048,nac,yqeK,False,identifiable,alpA|basR|btsR|glaR|glrR|nsrR|ptrR|rcdA,500,-0.03620962244732804,0.05506227237825054,0.3150315746633402,-0.6576122067499479,0.23987851026814305,5636,,,,[],0,,False,True,
csd-20260805_174708,paired_hierarchical,1,0,0,5d0e9ff5482e9c83,nac->yraH,shared_complete_observation_shared_scores,maximum,prefix,complete,0,500,0.6,0.9,biological_error,2151398048,921666314,2151398048,nac,yraH,False,identifiable,alpA|basR|btsR|glaR|glrR|nsrR|ptrR|rcdA,500,-0.052360355698133916,0.04181453912724518,0.18167721006029294,-1.2522045391627283,-0.14366785922491024,5636,,,,[],0,,False,True,
csd-20260805_174708,paired_hierarchical,1,0,0,5d0e9ff5482e9c83,nac->yrhB,shared_complete_observation_shared_scores,maximum,prefix,complete,0,500,0.6,0.9,biological_error,2151398048,921666314,2151398048,nac,yrhB,False,identifiable,alpA|basR|btsR|glaR|glrR|nsrR|ptrR|rcdA,500,0.011715147132223021,0.0240096075421569,0.0598984998287467,0.48793580285113614,0.17583383421459306,5636,,,,[],0,,False,True,
csd-20260805_174708,paired_hierarchical,1,0,0,5d0e9ff5482e9c83,nac->ytfP,shared_complete_observation_shared_scores,maximum,prefix,complete,0,500,0.6,0.9,biological_error,2151398048,921666314,2151398048,nac,ytfP,False,identifiable,alpA|basR|btsR|glaR|glrR|nsrR|ptrR|rcdA,500,0.00016427217309530808,0.03772500920402672,0.14787832813811974,0.004354463433179861,-0.05905885746633551,5636,,,,[],0,,False,True,
csd-20260805_174708,paired_hierarchical,1,0,0,5d0e9ff5482e9c83,narL->adhE,shared_complete_observation_shared_scores,maximum,prefix,complete,0,500,0.6,0.9,biological_error,2151398048,921666314,2151398048,narL,adhE,False,identifiable,cra|fis|flhC|flhD|fnr|lrp|modE|rpoD|rpoS|srsR,500,-0.001970108676001581,0.06291959504770059,0.4938236977271764,-0.031311528221184555,-0.17269766865108788,5636,,,,[],0,,False,True,
csd-20260805_174708,paired_hierarchical,1,0,0,5d0e9ff5482e9c83,narL->aspA,shared_complete_observation_shared_scores,maximum,prefix,complete,0,500,0.6,0.9,biological_error,2151398048,921666314,2151398048,narL,aspA,False,identifiable,crp|fnr|lrp|modE|rpoD,500,-0.007003805888280166,0.04746156801285335,0.28102125103029113,-0.14756794142122365,-0.23505819257508564,5636,,,,[],0,,False,True,
csd-20260805_174708,paired_hierarchical,1,0,0,5d0e9ff5482e9c83,narL->caiF,shared_complete_observation_shared_scores,maximum,prefix,complete,0,500,0.6,0.9,biological_error,2151398048,921666314,2151398048,narL,caiF,False,identifiable,crp|fnr|hns|modE|nac|rpoD,500,0.003094408024764553,0.04243095592059467,0.2200913014035222,0.07292807709907434,-0.11326511119446628,5636,,,,[],0,,False,True,
csd-20260805_174708,paired_hierarchical,1,0,0,5d0e9ff5482e9c83,narL->ccmA,shared_complete_observation_shared_scores,maximum,prefix,complete,0,500,0.6,0.9,biological_error,2151398048,921666314,2151398048,narL,ccmA,False,identifiable,flhC|flhD|fnr|modE|nac|narP|rpoD,500,0.03487135486962368,0.04158870826229499,0.21661572052271477,0.8384813168443277,-0.19835266768369883,5636,,,,[],0,,False,True,
csd-20260805_174708,paired_hierarchical,1,0,0,5d0e9ff5482e9c83,narL->ccmB,shared_complete_observation_shared_scores,maximum,prefix,complete,0,500,0.6,0.9,biological_error,2151398048,921666314,2151398048,narL,ccmB,False,identifiable,flhC|flhD|fnr|modE|nac|narP|rpoD,500,0.03385202799629694,0.046547974455984104,0.27135678387081624,0.7272502915955562,-0.2077770985163448,5636,,,,[],0,,False,True,
csd-20260805_174708,paired_hierarchical,1,0,0,5d0e9ff5482e9c83,narL->ccmC,shared_complete_observation_shared_scores,maximum,prefix,complete,0,500,0.6,0.9,biological_error,2151398048,921666314,2151398048,narL,ccmC,False,identifiable,flhC|flhD|fnr|modE|narP|rpoD,500,0.028381218141470314,0.06231630179218548,0.4863429125887155,0.4554381008699291,-0.08187392640934282,5636,,,,[],0,,False,True,
csd-20260805_174708,paired_hierarchical,1,0,0,5d0e9ff5482e9c83,narL->ccmD,shared_complete_observation_shared_scores,maximum,prefix,complete,0,500,0.6,0.9,biological_error,2151398048,921666314,2151398048,narL,ccmD,False,identifiable,flhC|flhD|fnr|modE|narP|rpoD,500,-0.11781354986569004,0.06774599599764976,0.5747864371226699,-1.7390481626364638,-0.5365589853776007,5636,,,,[],0,,False,True,
csd-20260805_174708,paired_hierarchical,1,0,0,5d0e9ff5482e9c83,narL->ccmE,shared_complete_observation_shared_scores,maximum,prefix,complete,0,500,0.6,0.9,biological_error,2151398048,921666314,2151398048,narL,ccmE,False,identifiable,flhC|flhD|fnr|modE|narP|rpoD,500,0.006269287880472773,0.06527282264313665,0.5335855191037883,0.09604744557698364,-0.22186385506257336,5636,,,,[],0,,False,True,
csd-20260805_174708,paired_hierarchical,1,0,0,5d0e9ff5482e9c83,narL->ccmF,shared_complete_observation_shared_scores,maximum,prefix,complete,0,500,0.6,0.9,biological_error,2151398048,921666314,2151398048,narL,ccmF,False,identifiable,flhC|flhD|fnr|modE|narP|rpoD,500,0.012185618132411246,0.069082825042969,0.5976947288707473,0.17639142760638235,-0.29832084326522046,5636,,,,[],0,,False,True,
csd-20260805_174708,paired_hierarchical,1,0,0,5d0e9ff5482e9c83,narL->ccmG,shared_complete_observation_shared_scores,maximum,prefix,complete,0,500,0.6,0.9,biological_error,2151398048,921666314,2151398048,narL,ccmG,False,identifiable,flhC|flhD|fnr|modE|narP|rpoD,500,0.07000347599140402,0.05111113476321287,0.32716760438440856,1.369632592109633,-0.2570434754838622,5636,,,,[],0,,False,True,
csd-20260805_174708,paired_hierarchical,1,0,0,5d0e9ff5482e9c83,narL->ccmH,shared_complete_observation_shared_scores,maximum,prefix,complete,0,500,0.6,0.9,biological_error,2151398048,921666314,2151398048,narL,ccmH,False,identifiable,flhC|flhD|fnr|modE|nac|narP|rpoD,500,-0.05355916435048853,0.05071503269447802,0.3221161712254821,-1.0560806432511713,-0.09748346082521525,5636,,,,[],0,,False,True,
csd-20260805_174708,paired_hierarchical,1,0,0,5d0e9ff5482e9c83,narL->citC,shared_complete_observation_shared_scores,maximum,prefix,complete,0,500,0.6,0.9,biological_error,2151398048,921666314,2151398048,narL,citC,False,identifiable,arcA|crp|fnr|modE|rpoD,500,-0.10737591440541057,0.04651471862102345,0.26968281822815426,-2.3084287638123953,-0.22910482099628782,5636,,,,[],0,,False,True,
csd-20260805_174708,paired_hierarchical,1,0,0,5d0e9ff5482e9c83,narL->citD,shared_complete_observation_shared_scores,maximum,prefix,complete,0,500,0.6,0.9,biological_error,2151398048,921666314,2151398048,narL,citD,False,identifiable,arcA|crp|fnr|modE|rpoD,500,-0.025104703686935237,0.04166383264240059,0.2163669473504532,-0.6025538721415321,-0.12799953101283482,5636,,,,[],0,,False,True,
csd-20260805_174708,paired_hierarchical,1,0,0,5d0e9ff5482e9c83,narL->citE,shared_complete_observation_shared_scores,maximum,prefix,complete,0,500,0.6,0.9,biological_error,2151398048,921666314,2151398048,narL,citE,False,identifiable,arcA|crp|fnr|modE|rpoD,500,-0.11762583293879625,0.0457269359404408,0.2606253671972758,-2.572353264430478,-0.19827524601437563,5636,,,,[],0,,False,True,
csd-20260805_174708,paired_hierarchical,1,0,0,5d0e9ff5482e9c83,narL->citF,shared_complete_observation_shared_scores,maximum,prefix,complete,0,500,0.6,0.9,biological_error,2151398048,921666314,2151398048,narL,citF,False,identifiable,arcA|crp|fnr|modE|rpoD,500,-0.10057955876919031,0.0414463422016453,0.21411391799127746,-2.4267415030221313,-0.20444909170913814,5636,,,,[],0,,False,True,
csd-20260805_174708,paired_hierarchical,1,0,0,5d0e9ff5482e9c83,narL->citG,shared_complete_observation_shared_scores,maximum,prefix,complete,0,500,0.6,0.9,biological_error,2151398048,921666314,2151398048,narL,citG,False,identifiable,arcA|crp|fnr|modE|rpoD,500,-0.06877457758896059,0.04746067578561225,0.28076328637568865,-1.449085510278589,-0.32190469722170206,5636,,,,[],0,,False,True,
csd-20260805_174708,paired_hierarchical,1,0,0,5d0e9ff5482e9c83,narL->citX,shared_complete_observation_shared_scores,maximum,prefix,complete,0,500,0.6,0.9,biological_error,2151398048,921666314,2151398048,narL,citX,False,identifiable,arcA|crp|fnr|modE|rpoD,500,-0.022562073448597657,0.038008878871032985,0.18007051263126836,-0.5936000776332416,-0.21509630247711822,5636,,,,[],0,,False,True,
csd-20260805_174708,paired_hierarchical,1,0,0,5d0e9ff5482e9c83,narL->cydC,shared_complete_observation_shared_scores,maximum,prefix,complete,0,500,0.6,0.9,biological_error,2151398048,921666314,2151398048,narL,cydC,False,identifiable,arcA|fnr|lrp|modE|rpoD,500,-0.02353560471398531,0.05937753434124036,0.44381025598281754,-0.3963722134153822,0.27046827342417384,5636,,,,[],0,,False,True,
csd-20260805_174708,paired_hierarchical,1,0,0,5d0e9ff5482e9c83,narL->cydD,shared_complete_observation_shared_scores,maximum,prefix,complete,0,500,0.6,0.9,biological_error,2151398048,921666314,2151398048,narL,cydD,False,identifiable,arcA|fnr|modE|rpoD,500,-0.0023163912612484483,0.04920367566177288,0.30499516085492717,-0.04707760609535294,0.1594559648071164,5636,,,,[],0,,False,True,
csd-20260805_174708,paired_hierarchical,1,0,0,5d0e9ff5482e9c83,narL->cysG,shared_complete_observation_shared_scores,maximum,prefix,complete,0,500,0.6,0.9,biological_error,2151398048,921666314,2151398048,narL,cysG,False,identifiable,cra|crp|fis|fnr|hns|ihfA|ihfB|modE|narP|rpoD,500,0.062077372389289204,0.03324675472514965,0.13271228394482038,1.86717088336837,0.18565859070988888,5636,,,,[],0,,False,True,
csd-20260805_174708,paired_hierarchical,1,0,0,5d0e9ff5482e9c83,narL->dcuA,shared_complete_observation_shared_scores,maximum,prefix,complete,0,500,0.6,0.9,biological_error,2151398048,921666314,2151398048,narL,dcuA,False,identifiable,arcA|crp|fnr|modE|rpoD,500,-0.02916984730407513,0.05424583655762882,0.3667797109306903,-0.5377343065414087,-0.4299818381988937,5636,,,,[],0,,False,True,
csd-20260805_174708,paired_hierarchical,1,0,0,5d0e9ff5482e9c83,narL->dcuB,shared_complete_observation_shared_scores,maximum,prefix,complete,0,500,0.6,0.9,biological_error,2151398048,921666314,2151398048,narL,dcuB,False,identifiable,arcA|crp|fnr|modE|rpoD,500,0.01983048068056554,0.06098280688446124,0.46354009092911636,0.3251815010440009,-0.22110645222254818,5636,,,,[],0,,False,True,
csd-20260805_174708,paired_hierarchical,1,0,0,5d0e9ff5482e9c83,narL->dcuR,shared_complete_observation_shared_scores,maximum,prefix,complete,0,500,0.6,0.9,biological_error,2151398048,921666314,2151398048,narL,dcuR,False,identifiable,crp|fnr|modE|rpoD,500,0.04513561038624456,0.04467386147047377,0.24906400347370156,1.0103359973947175,-0.10491066471861486,5636,,,,[],0,,False,True,
csd-20260805_174708,paired_hierarchical,1,0,0,5d0e9ff5482e9c83,narL->dcuS,shared_complete_observation_shared_scores,maximum,prefix,complete,0,500,0.6,0.9,biological_error,2151398048,921666314,2151398048,narL,dcuS,False,identifiable,fnr|modE|rpoD,500,-0.04278358502257146,0.03279883433104388,0.13566767502513943,-1.304423949666927,-0.1740251271069917,5636,,,,[],0,,False,True,
csd-20260805_174708,paired_hierarchical,1,0,0,5d0e9ff5482e9c83,narL->dmsA,shared_complete_observation_shared_scores,maximum,prefix,complete,0,500,0.6,0.9,biological_error,2151398048,921666314,2151398048,narL,dmsA,False,identifiable,fis|fnr|fur|ihfA|ihfB|modE|rpoD,500,-0.0479309427994148,0.049399908775583486,0.29824419490348286,-0.9702637917239487,-0.3216831891001391,5636,,,,[],0,,False,True,
csd-20260805_174708,paired_hierarchical,1,0,0,5d0e9ff5482e9c83,narL->dmsB,shared_complete_observation_shared_scores,maximum,prefix,complete,0,500,0.6,0.9,biological_error,2151398048,921666314,2151398048,narL,dmsB,False,identifiable,fis|fnr|fur|ihfA|ihfB|modE|rpoD,500,0.020611722584072383,0.04826658236097426,0.28471660896848994,0.42703919722184236,-0.15646283103831912,5636,,,,[],0,,False,True,
csd-20260805_174708,paired_hierarchical,1,0,0,5d0e9ff5482e9c83,narL->dmsC,shared_complete_observation_shared_scores,maximum,prefix,complete,0,500,0.6,0.9,biological_error,2151398048,921666314,2151398048,narL,dmsC,False,identifiable,fis|fnr|fur|ihfA|ihfB|modE|rpoD,500,0.06568426886823198,0.04393208151874142,0.2358757352547336,1.4951321812559935,-0.31784008439030326,5636,,,,[],0,,False,True,
csd-20260805_174708,paired_hierarchical,1,0,0,5d0e9ff5482e9c83,narL->dmsD,shared_complete_observation_shared_scores,maximum,prefix,complete,0,500,0.6,0.9,biological_error,2151398048,921666314,2151398048,narL,dmsD,False,identifiable,fnr|modE|rpoD|rpoS,500,0.025090547213093818,0.043673392808633166,0.24044112718771593,0.5745041912139702,-0.4508236287014339,5636,,,,[],0,,False,True,
csd-20260805_174708,paired_hierarchical,1,0,0,5d0e9ff5482e9c83,narL->dpiA,shared_complete_observation_shared_scores,maximum,prefix,complete,0,500,0.6,0.9,biological_error,2151398048,921666314,2151398048,narL,dpiA,False,identifiable,arcA|crp|fnr|modE|rpoD,500,-0.09857263437047833,0.07157130112307906,0.6384844235391101,-1.37726480899049,-0.12806352935736232,5636,,,,[],0,,False,True,
csd-20260805_174708,paired_hierarchical,1,0,0,5d0e9ff5482e9c83,narL->dpiB,shared_complete_observation_shared_scores,maximum,prefix,complete,0,500,0.6,0.9,biological_error,2151398048,921666314,2151398048,narL,dpiB,False,identifiable,arcA|crp|fnr|modE|rpoD,500,-0.013109477890261253,0.052787460690118554,0.34732338399589235,-0.24834454468682668,-0.18902703345031335,5636,,,,[],0,,False,True,
csd-20260805_174708,paired_hierarchical,1,0,0,5d0e9ff5482e9c83,narL->fdhF,shared_complete_observation_shared_scores,maximum,prefix,complete,0,500,0.6,0.9,biological_error,2151398048,921666314,2151398048,narL,fdhF,False,identifiable,fhlA|fnr|modE|narP|rpoD|rpoN,500,-0.00420321036033134,0.0495957691463088,0.3088237207576772,-0.08474937343812051,-0.12755733842463352,5636,,,,[],0,,False,True,
csd-20260805_174708,paired_hierarchical,1,0,0,5d0e9ff5482e9c83,narL->fdnG,shared_complete_observation_shared_scores,maximum,prefix,complete,0,500,0.6,0.9,biological_error,2151398048,921666314,2151398048,narL,fdnG,False,identifiable,cpxR|fnr|modE|narP|rpoD,500,-0.0002578071497918201,0.057200113334967724,0.41217414362241034,-0.004507109073055223,0.12450236965282802,5636,,,,[],0,,False,True,
csd-20260805_174708,paired_hierarchical,1,0,0,5d0e9ff5482e9c83,narL->fdnH,shared_complete_observation_shared_scores,maximum,prefix,complete,0,500,0.6,0.9,biological_error,2151398048,921666314,2151398048,narL,fdnH,False,identifiable,fnr|modE|narP|rpoD,500,-0.030774333184679804,0.038891512822823986,0.19054761974194379,-0.791286606023191,0.15943835518877425,5636,,,,[],0,,False,True,
csd-20260805_174708,paired_hierarchical,1,0,0,5d0e9ff5482e9c83,narL->fdnI,shared_complete_observation_shared_scores,maximum,prefix,complete,0,500,0.6,0.9,biological_error,2151398048,921666314,2151398048,narL,fdnI,False,identifiable,fnr|modE|narP|rpoD,500,0.02160504402765187,0.03460187151984869,0.15083184127920382,0.6243894644617288,0.1764213074754567,5636,,,,[],0,,False,True,
csd-20260805_174708,paired_hierarchical,1,0,0,5d0e9ff5482e9c83,narL->focA,shared_complete_observation_shared_scores,maximum,prefix,complete,0,500,0.6,0.9,biological_error,2151398048,921666314,2151398048,narL,focA,False,identifiable,arcA|cpxR|crp|fnr|ihfA|ihfB|modE|rpoD,500,0.08386939555594794,0.058300397866292736,0.418796191315384,1.4385732966745037,-0.1946715387595627,5636,,,,[],0,,False,True,
csd-20260805_174708,paired_hierarchical,1,0,0,5d0e9ff5482e9c83,narL->frdA,shared_complete_observation_shared_scores,maximum,prefix,complete,0,500,0.6,0.9,biological_error,2151398048,921666314,2151398048,narL,frdA,False,identifiable,crp|fnr|lrp|modE|rpoD|rpoS,500,0.13471865737025024,0.059230331467474674,0.4375118510286557,2.274487649022,-0.16087001535620762,5636,,,,[],0,,False,True,
csd-20260805_174708,paired_hierarchical,1,0,0,5d0e9ff5482e9c83,narL->frdB,shared_complete_observation_shared_scores,maximum,prefix,complete,0,500,0.6,0.9,biological_error,2151398048,921666314,2151398048,narL,frdB,False,identifiable,crp|fnr|lrp|modE|rpoD|rpoS,500,-0.03471086219864698,0.04585647518371573,0.26224235325393436,-0.7569457107111732,-0.15377089281715323,5636,,,,[],0,,False,True,
csd-20260805_174708,paired_hierarchical,1,0,0,5d0e9ff5482e9c83,narL->frdC,shared_complete_observation_shared_scores,maximum,prefix,complete,0,500,0.6,0.9,biological_error,2151398048,921666314,2151398048,narL,frdC,False,identifiable,crp|fnr|modE|rpoD|rpoS,500,0.10611540113941265,0.09618758442771973,1.1542318113497112,1.1032130785980303,-0.12432620618510033,5636,,,,[],0,,False,True,
csd-20260805_174708,paired_hierarchical,1,0,0,5d0e9ff5482e9c83,narL->frdD,shared_complete_observation_shared_scores,maximum,prefix,complete,0,500,0.6,0.9,biological_error,2151398048,921666314,2151398048,narL,frdD,False,identifiable,crp|fnr|modE|rpoD|rpoS,500,-0.002971509407062381,0.059383328534986415,0.4399305043432747,-0.05003945518668055,-0.10857219714198942,5636,,,,[],0,,False,True,
csd-20260805_174708,paired_hierarchical,1,0,0,5d0e9ff5482e9c83,narL->fumB,shared_complete_observation_shared_scores,maximum,prefix,complete,0,500,0.6,0.9,biological_error,2151398048,921666314,2151398048,narL,fumB,False,identifiable,arcA|crp|fis|fnr|fur|modE|rpoD,500,-0.010081983911629257,0.046088662257806876,0.25839625127077365,-0.21875193198781742,-0.45588057740477844,5636,,,,[],0,,False,True,
csd-20260805_174708,paired_hierarchical,1,0,0,5d0e9ff5482e9c83,narL->hcp,shared_complete_observation_shared_scores,maximum,prefix,complete,0,500,0.6,0.9,biological_error,2151398048,921666314,2151398048,narL,hcp,False,identifiable,cpxR|fnr|modE|narP|nsrR|oxyR|rpoD|rpoE,500,0.022625648396993603,0.0492098461455055,0.304592229363344,0.45977888916972526,0.2696075563783701,5636,,,,[],0,,False,True,
csd-20260805_174708,paired_hierarchical,1,0,0,5d0e9ff5482e9c83,narL->hcr,shared_complete_observation_shared_scores,maximum,prefix,complete,0,500,0.6,0.9,biological_error,2151398048,921666314,2151398048,narL,hcr,False,identifiable,fnr|modE|narP|nsrR|oxyR|rpoD|rpoE,500,0.0016232406302891383,0.050579498554316725,0.321787567147458,0.032092857317396285,0.1644959534084202,5636,,,,[],0,,False,True,
csd-20260805_174708,paired_hierarchical,1,0,0,5d0e9ff5482e9c83,narL->hyaA,shared_complete_observation_shared_scores,maximum,prefix,complete,0,500,0.6,0.9,biological_error,2151398048,921666314,2151398048,narL,hyaA,False,identifiable,arcA|crp|fis|fnr|hns|iscR|modE|narP|rpoD|rpoS|ydeO,500,0.014469950702798304,0.05013787873477277,0.3039859190021132,0.28860316925938817,-0.4200186265032416,5636,,,,[],0,,False,True,
csd-20260805_174708,paired_hierarchical,1,0,0,5d0e9ff5482e9c83,narL->hyaB,shared_complete_observation_shared_scores,maximum,prefix,complete,0,500,0.6,0.9,biological_error,2151398048,921666314,2151398048,narL,hyaB,False,identifiable,arcA|crp|fis|fnr|hns|iscR|modE|narP|rpoD|rpoS|ydeO,500,0.0496447988137676,0.042661577369896495,0.22008749828711432,1.1636887774524416,-0.27890489855075484,5636,,,,[],0,,False,True,
csd-20260805_174708,paired_hierarchical,1,0,0,5d0e9ff5482e9c83,narL->hyaC,shared_complete_observation_shared_scores,maximum,prefix,complete,0,500,0.6,0.9,biological_error,2151398048,921666314,2151398048,narL,hyaC,False,identifiable,arcA|crp|fis|fnr|hns|iscR|modE|narP|rpoD|rpoS|ydeO,500,-0.008603155278977042,0.039209206968103816,0.18590782623160915,-0.21941671215068437,-0.20147458556367065,5636,,,,[],0,,False,True,
csd-20260805_174708,paired_hierarchical,1,0,0,5d0e9ff5482e9c83,narL->hyaD,shared_complete_observation_shared_scores,maximum,prefix,complete,0,500,0.6,0.9,biological_error,2151398048,921666314,2151398048,narL,hyaD,False,identifiable,arcA|crp|fis|fnr|hns|iscR|modE|narP|rpoD|rpoS|ydeO,500,-0.0009905609246042765,0.0913117343029338,1.008265109309489,-0.010848122994992226,-0.1550865788325053,5636,,,,[],0,,False,True,
csd-20260805_174708,paired_hierarchical,1,0,0,5d0e9ff5482e9c83,narL->hyaE,shared_complete_observation_shared_scores,maximum,prefix,complete,0,500,0.6,0.9,biological_error,2151398048,921666314,2151398048,narL,hyaE,False,identifiable,arcA|crp|fis|fnr|hns|iscR|modE|narP|rpoD|rpoS|ydeO,500,-0.06961135553214717,0.05033628363088201,0.30639653666994854,-1.382926003091727,-0.38363810983979385,5636,,,,[],0,,False,True,
csd-20260805_174708,paired_hierarchical,1,0,0,5d0e9ff5482e9c83,narL->hyaF,shared_complete_observation_shared_scores,maximum,prefix,complete,0,500,0.6,0.9,biological_error,2151398048,921666314,2151398048,narL,hyaF,False,identifiable,arcA|crp|fis|fnr|hns|iscR|modE|narP|rpoD|rpoS|ydeO,500,-0.05653205832502894,0.04963072527205054,0.2978672797791064,-1.1390536409683472,-0.175339328544295,5636,,,,[],0,,False,True,
csd-20260805_174708,paired_hierarchical,1,0,0,5d0e9ff5482e9c83,narL->hybA,shared_complete_observation_shared_scores,maximum,prefix,complete,0,500,0.6,0.9,biological_error,2151398048,921666314,2151398048,narL,hybA,False,identifiable,arcA|fnr|modE|rpoD,500,-0.0387495908958901,0.040083118046805206,0.20240481983236305,-0.966730952682924,-0.34615871152194905,5636,,,,[],0,,False,True,
csd-20260805_174708,paired_hierarchical,1,0,0,5d0e9ff5482e9c83,narL->hybB,shared_complete_observation_shared_scores,maximum,prefix,complete,0,500,0.6,0.9,biological_error,2151398048,921666314,2151398048,narL,hybB,False,identifiable,arcA|fnr|modE|rpoD,500,-0.04802020586844851,0.03383665524687726,0.14423568039946147,-1.4191770882224013,-0.18075329128146644,5636,,,,[],0,,False,True,
csd-20260805_174708,paired_hierarchical,1,0,0,5d0e9ff5482e9c83,narL->hybC,shared_complete_observation_shared_scores,maximum,prefix,complete,0,500,0.6,0.9,biological_error,2151398048,921666314,2151398048,narL,hybC,False,identifiable,arcA|fnr|modE|rpoD,500,-0.011640817798670749,0.03485975840132934,0.15308992149248715,-0.33393283064827084,-0.26906824839981425,5636,,,,[],0,,False,True,
csd-20260805_174708,paired_hierarchical,1,0,0,5d0e9ff5482e9c83,narL->hybD,shared_complete_observation_shared_scores,maximum,prefix,complete,0,500,0.6,0.9,biological_error,2151398048,921666314,2151398048,narL,hybD,False,identifiable,arcA|fnr|modE|rpoD,500,-0.03682350076809038,0.04308203248260841,0.23382461195030746,-0.8547298872901479,-0.22291603058395376,5636,,,,[],0,,False,True,
csd-20260805_174708,paired_hierarchical,1,0,0,5d0e9ff5482e9c83,narL->hybE,shared_complete_observation_shared_scores,maximum,prefix,complete,0,500,0.6,0.9,biological_error,2151398048,921666314,2151398048,narL,hybE,False,identifiable,arcA|fnr|modE|rpoD|yfeC,500,0.0010466375730890706,0.030013967958122778,0.11336283811372858,0.03487168289609024,-0.20884503181836847,5636,,,,[],0,,False,True,
csd-20260805_174708,paired_hierarchical,1,0,0,5d0e9ff5482e9c83,narL->hybF,shared_complete_observation_shared_scores,maximum,prefix,complete,0,500,0.6,0.9,biological_error,2151398048,921666314,2151398048,narL,hybF,False,identifiable,arcA|fnr|modE|rpoD,500,-0.021858124318763522,0.034058135817791255,0.14613007280988824,-0.6417886297624457,-0.37401186246647167,5636,,,,[],0,,False,True,
csd-20260805_174708,paired_hierarchical,1,0,0,5d0e9ff5482e9c83,narL->hybG,shared_complete_observation_shared_scores,maximum,prefix,complete,0,500,0.6,0.9,biological_error,2151398048,921666314,2151398048,narL,hybG,False,identifiable,arcA|fnr|modE|rpoD,500,-0.01649154054455714,0.038447834437630925,0.1862265601072331,-0.4289328849277399,-0.16734125708187822,5636,,,,[],0,,False,True,
csd-20260805_174708,paired_hierarchical,1,0,0,5d0e9ff5482e9c83,narL->hybO,shared_complete_observation_shared_scores,maximum,prefix,complete,0,500,0.6,0.9,biological_error,2151398048,921666314,2151398048,narL,hybO,False,identifiable,arcA|fnr|fur|modE|rpoD,500,-0.057958364415555255,0.050435415738427844,0.3136512854581536,-1.1491600409550211,-0.3859212944925493,5636,,,,[],0,,False,True,
csd-20260805_174708,paired_hierarchical,1,0,0,5d0e9ff5482e9c83,narL->moeA,shared_complete_observation_shared_scores,maximum,prefix,complete,0,500,0.6,0.9,biological_error,2151398048,921666314,2151398048,narL,moeA,False,identifiable,arcA|fnr|modE|nac|nsrR|rpoD,500,0.03948384393670351,0.05827717529328336,0.4273637389071969,0.6775181490523299,0.24162752508282384,5636,,,,[],0,,False,True,
csd-20260805_174708,paired_hierarchical,1,0,0,5d0e9ff5482e9c83,narL->moeB,shared_complete_observation_shared_scores,maximum,prefix,complete,0,500,0.6,0.9,biological_error,2151398048,921666314,2151398048,narL,moeB,False,identifiable,arcA|fnr|modE|nsrR|rpoD,500,0.00529675780403136,0.04246140784829296,0.22688764427130637,0.12474286822885691,0.08432963434407591,5636,,,,[],0,,False,True,
csd-20260805_174708,paired_hierarchical,1,0,0,5d0e9ff5482e9c83,narL->napA,shared_complete_observation_shared_scores,maximum,prefix,complete,0,500,0.6,0.9,biological_error,2151398048,921666314,2151398048,narL,napA,False,identifiable,flhC|flhD|fnr|iscR|modE|narP|rpoD,500,0.015957286165441335,0.044249711595676526,0.2450756111040616,0.36061898688172384,-0.38256664364900184,5636,,,,[],0,,False,True,
csd-20260805_174708,paired_hierarchical,1,0,0,5d0e9ff5482e9c83,narL->napB,shared_complete_observation_shared_scores,maximum,prefix,complete,0,500,0.6,0.9,biological_error,2151398048,921666314,2151398048,narL,napB,False,identifiable,flhC|flhD|fnr|iscR|modE|nac|narP|rpoD,500,0.1694577652968227,0.0763839398493377,0.7302697183914557,2.218499931151326,-0.3267104047596768,5636,,,,[],0,,False,True,
csd-20260805_174708,paired_hierarchical,1,0,0,5d0e9ff5482e9c83,narL->napC,shared_complete_observation_shared_scores,maximum,prefix,complete,0,500,0.6,0.9,biological_error,2151398048,921666314,2151398048,narL,napC,False,identifiable,flhC|flhD|fnr|iscR|modE|nac|narP|rpoD,500,-0.022283923957265223,0.05574684653144516,0.3889733010217397,-0.39973425124048073,-0.17912671293385382,5636,,,,[],0,,False,True,
csd-20260805_174708,paired_hierarchical,1,0,0,5d0e9ff5482e9c83,narL->napD,shared_complete_observation_shared_scores,maximum,prefix,complete,0,500,0.6,0.9,biological_error,2151398048,921666314,2151398048,narL,napD,False,identifiable,flhC|flhD|fnr|iscR|modE|narP|rpoD,500,0.03152631895211148,0.0650382676064534,0.5294404690861453,0.48473491241921224,-0.2738397184538358,5636,,,,[],0,,False,True,
csd-20260805_174708,paired_hierarchical,1,0,0,5d0e9ff5482e9c83,narL->napF,shared_complete_observation_shared_scores,maximum,prefix,complete,0,500,0.6,0.9,biological_error,2151398048,921666314,2151398048,narL,napF,False,identifiable,flhC|flhD|fnr|iscR|lrp|modE|narP|rpoD,500,-0.17592919433622634,0.060763549978092184,0.46180805057543584,-2.895308032523712,-0.8089002819265785,5636,,,,[],0,,False,True,
csd-20260805_174708,paired_hierarchical,1,0,0,5d0e9ff5482e9c83,narL->napG,shared_complete_observation_shared_scores,maximum,prefix,complete,0,500,0.6,0.9,biological_error,2151398048,921666314,2151398048,narL,napG,False,identifiable,flhC|flhD|fnr|iscR|modE|narP|rpoD,500,0.064956289156706,0.04723023928732804,0.27920262499413495,1.375311455898846,-0.415231871701472,5636,,,,[],0,,False,True,
csd-20260805_174708,paired_hierarchical,1,0,0,5d0e9ff5482e9c83,narL->napH,shared_complete_observation_shared_scores,maximum,prefix,complete,0,500,0.6,0.9,biological_error,2151398048,921666314,2151398048,narL,napH,False,identifiable,flhC|flhD|fnr|iscR|modE|narP|rpoD,500,0.1863011095896084,0.0690913620962352,0.5974845981239402,2.696445748603355,-0.34209558654959965,5636,,,,[],0,,False,True,
csd-20260805_174708,paired_hierarchical,1,0,0,5d0e9ff5482e9c83,narL->narG,shared_complete_observation_shared_scores,maximum,prefix,complete,0,500,0.6,0.9,biological_error,2151398048,921666314,2151398048,narL,narG,False,identifiable,fis|fnr|ihfA|ihfB|modE|rob|rpoD|rstA,500,0.015474500321569822,0.04752001347190016,0.28069474127595173,0.3256417494645767,0.3243516322600363,5636,,,,[],0,,False,True,
csd-20260805_174708,paired_hierarchical,1,0,0,5d0e9ff5482e9c83,narL->narH,shared_complete_observation_shared_scores,maximum,prefix,complete,0,500,0.6,0.9,biological_error,2151398048,921666314,2151398048,narL,narH,False,identifiable,fis|fnr|ihfA|ihfB|modE|rpoD|rstA,500,0.04080781755630984,0.03900705275592206,0.18918169358889272,1.0461651079269092,0.5062617573613021,5636,,,,[],0,,False,True,
csd-20260805_174708,paired_hierarchical,1,0,0,5d0e9ff5482e9c83,narL->narI,shared_complete_observation_shared_scores,maximum,prefix,complete,0,500,0.6,0.9,biological_error,2151398048,921666314,2151398048,narL,narI,False,identifiable,fis|fnr|ihfA|ihfB|modE|rpoD|rstA,500,0.018871117013773406,0.04592007820162435,0.2621791020087911,0.41095568110565345,0.44099637191552354,5636,,,,[],0,,False,True,
csd-20260805_174708,paired_hierarchical,1,0,0,5d0e9ff5482e9c83,narL->narJ,shared_complete_observation_shared_scores,maximum,prefix,complete,0,500,0.6,0.9,biological_error,2151398048,921666314,2151398048,narL,narJ,False,identifiable,fis|fnr|ihfA|ihfB|modE|rpoD|rstA,500,0.011581199151066153,0.06291184156021776,0.49210483242450903,0.18408615713435916,0.23329432882128834,5636,,,,[],0,,False,True,
csd-20260805_174708,paired_hierarchical,1,0,0,5d0e9ff5482e9c83,narL->narK,shared_complete_observation_shared_scores,maximum,prefix,complete,0,500,0.6,0.9,biological_error,2151398048,921666314,2151398048,narL,narK,False,identifiable,fis|fnr|ihfA|ihfB|modE|nac|rpoD,500,0.04429072020711802,0.0413371980351832,0.2125740670877376,1.0714495009899074,0.20703505126551916,5636,,,,[],0,,False,True,
csd-20260805_174708,paired_hierarchical,1,0,0,5d0e9ff5482e9c83,narL->nikA,shared_complete_observation_shared_scores,maximum,prefix,complete,0,500,0.6,0.9,biological_error,2151398048,921666314,2151398048,narL,nikA,False,identifiable,fnr|modE|rpoD|rpoN,500,-0.00373861127973604,0.034644142667125025,0.15122319736950435,-0.10791467162741286,-0.22072005490859106,5636,,,,[],0,,False,True,
csd-20260805_174708,paired_hierarchical,1,0,0,5d0e9ff5482e9c83,narL->nikB,shared_complete_observation_shared_scores,maximum,prefix,complete,0,500,0.6,0.9,biological_error,2151398048,921666314,2151398048,narL,nikB,False,identifiable,fnr|modE|rpoD|rpoN,500,0.000524498687694129,0.03826055265964776,0.18444260925289727,0.013708601973418482,-0.3663101767764557,5636,,,,[],0,,False,True,
csd-20260805_174708,paired_hierarchical,1,0,0,5d0e9ff5482e9c83,narL->nikC,shared_complete_observation_shared_scores,maximum,prefix,complete,0,500,0.6,0.9,biological_error,2151398048,921666314,2151398048,narL,nikC,False,identifiable,fnr|modE|rpoD|rpoN,500,0.016808701452805268,0.04503904271988176,0.2555860122488673,0.373202902143063,-0.1258282062231565,5636,,,,[],0,,False,True,
csd-20260805_174708,paired_hierarchical,1,0,0,5d0e9ff5482e9c83,narL->nikD,shared_complete_observation_shared_scores,maximum,prefix,complete,0,500,0.6,0.9,biological_error,2151398048,921666314,2151398048,narL,nikD,False,identifiable,fnr|modE|rpoD|rpoN,500,0.02337224731153826,0.02712096805635528,0.09267639968592632,0.8617777677763026,-0.07788836492254005,5636,,,,[],0,,False,True,
csd-20260805_174708,paired_hierarchical,1,0,0,5d0e9ff5482e9c83,narL->nikE,shared_complete_observation_shared_scores,maximum,prefix,complete,0,500,0.6,0.9,biological_error,2151398048,921666314,2151398048,narL,nikE,False,identifiable,fnr|modE|rpoD|rpoN,500,-0.011727067146137993,0.038868087362586165,0.19034659830466935,-0.3017145412055004,-0.1990755337626503,5636,,,,[],0,,False,True,
csd-20260805_174708,paired_hierarchical,1,0,0,5d0e9ff5482e9c83,narL->nikR,shared_complete_observation_shared_scores,maximum,prefix,complete,0,500,0.6,0.9,biological_error,2151398048,921666314,2151398048,narL,nikR,False,identifiable,fnr|modE|rpoD|rpoN,500,0.013802103781889837,0.02493547897769888,0.07834191967663118,0.5535126794329392,-0.21468052975690688,5636,,,,[],0,,False,True,
csd-20260805_174708,paired_hierarchical,1,0,0,5d0e9ff5482e9c83,narL->nirB,shared_complete_observation_shared_scores,maximum,prefix,complete,0,500,0.6,0.9,biological_error,2151398048,921666314,2151398048,narL,nirB,False,identifiable,cra|crp|fis|fnr|hns|ihfA|ihfB|modE|narP|rpoD,500,-0.008018498757105384,0.037768398370190956,0.17126544248862913,-0.21230709013687102,0.12233244217169323,5636,,,,[],0,,False,True,
csd-20260805_174708,paired_hierarchical,1,0,0,5d0e9ff5482e9c83,narL->nirC,shared_complete_observation_shared_scores,maximum,prefix,complete,0,500,0.6,0.9,biological_error,2151398048,921666314,2151398048,narL,nirC,False,identifiable,cra|crp|fis|fnr|hns|ihfA|ihfB|modE|narP|rpoD,500,0.019221510299782665,0.03733248155425371,0.16733482074205097,0.5148736301348963,0.14570298041782903,5636,,,,[],0,,False,True,
csd-20260805_174708,paired_hierarchical,1,0,0,5d0e9ff5482e9c83,narL->nirD,shared_complete_observation_shared_scores,maximum,prefix,complete,0,500,0.6,0.9,biological_error,2151398048,921666314,2151398048,narL,nirD,False,identifiable,cra|crp|fis|fnr|hns|ihfA|ihfB|modE|narP|rpoD,500,0.08637844559926595,0.04024123785466997,0.19442641460590132,2.1465156194056236,0.2985567910877388,5636,,,,[],0,,False,True,
csd-20260805_174708,paired_hierarchical,1,0,0,5d0e9ff5482e9c83,narL->norV,shared_complete_observation_shared_scores,maximum,prefix,complete,0,500,0.6,0.9,biological_error,2151398048,921666314,2151398048,narL,norV,False,identifiable,fnr|ihfA|ihfB|modE|narP|norR|rpoD|rpoN,500,-0.14260608787972961,0.05413561802403259,0.3617359413640353,-2.6342377363535787,-0.17074671236413516,5636,,,,[],0,,False,True,
csd-20260805_174708,paired_hierarchical,1,0,0,5d0e9ff5482e9c83,narL->norW,shared_complete_observation_shared_scores,maximum,prefix,complete,0,500,0.6,0.9,biological_error,2151398048,921666314,2151398048,narL,norW,False,identifiable,fnr|ihfA|ihfB|modE|narP|norR|rpoD|rpoN,500,0.0017333979353453151,0.030727416776844433,0.11654068472740442,0.056412094382485456,-0.18048094304235987,5636,,,,[],0,,False,True,
csd-20260805_174708,paired_hierarchical,1,0,0,5d0e9ff5482e9c83,narL->nrfA,shared_complete_observation_shared_scores,maximum,prefix,complete,0,500,0.6,0.9,biological_error,2151398048,921666314,2151398048,narL,nrfA,False,identifiable,fis|flhC|flhD|fnr|ihfA|ihfB|modE|narP|nsrR|rpoD,500,0.008928098197586326,0.06245347500508342,0.48117902898094883,0.14295598758691364,0.4601623096139955,5636,,,,[],0,,False,True,
csd-20260805_174708,paired_hierarchical,1,0,0,5d0e9ff5482e9c83,narL->nrfB,shared_complete_observation_shared_scores,maximum,prefix,complete,0,500,0.6,0.9,biological_error,2151398048,921666314,2151398048,narL,nrfB,False,identifiable,fis|flhC|flhD|fnr|ihfA|ihfB|modE|narP|nsrR|rpoD,500,0.17259848373581,0.05203461769517295,0.3340244143704166,3.316993405177286,0.34464529103436675,5636,,,,[],0,,False,True,
csd-20260805_174708,paired_hierarchical,1,0,0,5d0e9ff5482e9c83,narL->nrfC,shared_complete_observation_shared_scores,maximum,prefix,complete,0,500,0.6,0.9,biological_error,2151398048,921666314,2151398048,narL,nrfC,False,identifiable,fis|flhC|flhD|fnr|ihfA|ihfB|modE|narP|nsrR|rpoD,500,0.08984600346724898,0.058572076341272886,0.4232283142241594,1.5339391921801975,-0.22942219064481933,5636,,,,[],0,,False,True,
csd-20260805_174708,paired_hierarchical,1,0,0,5d0e9ff5482e9c83,narL->nrfD,shared_complete_observation_shared_scores,maximum,prefix,complete,0,500,0.6,0.9,biological_error,2151398048,921666314,2151398048,narL,nrfD,False,identifiable,fis|flhC|flhD|fnr|ihfA|ihfB|modE|narP|nsrR|rpoD,500,0.05586661223708006,0.0441298402560226,0.2402471175549876,1.2659599924442437,0.14749087937001384,5636,,,,[],0,,False,True,
csd-20260805_174708,paired_hierarchical,1,0,0,5d0e9ff5482e9c83,narL->nrfE,shared_complete_observation_shared_scores,maximum,prefix,complete,0,500,0.6,0.9,biological_error,2151398048,921666314,2151398048,narL,nrfE,False,identifiable,fis|flhC|flhD|fnr|ihfA|ihfB|modE|narP|nsrR|rpoD,500,0.0333304356897421,0.06015259401926136,0.4463773979262515,0.5540980606600178,-0.11957404307523685,5636,,,,[],0,,False,True,
csd-20260805_174708,paired_hierarchical,1,0,0,5d0e9ff5482e9c83,narL->nrfF,shared_complete_observation_shared_scores,maximum,prefix,complete,0,500,0.6,0.9,biological_error,2151398048,921666314,2151398048,narL,nrfF,False,identifiable,fis|flhC|flhD|fnr|ihfA|ihfB|modE|nac|narP|nsrR|rpoD,500,0.011887286958462341,0.049058981663264105,0.2969102938006232,0.24230602746823157,-0.13292951357746555,5636,,,,[],0,,False,True,
csd-20260805_174708,paired_hierarchical,1,0,0,5d0e9ff5482e9c83,narL->nrfG,shared_complete_observation_shared_scores,maximum,prefix,complete,0,500,0.6,0.9,biological_error,2151398048,921666314,2151398048,narL,nrfG,False,identifiable,fis|flhC|flhD|fnr|ihfA|ihfB|modE|nac|narP|nsrR|rpoD,500,0.03531946534857934,0.05156388073490484,0.3280041865111404,0.6849652284737898,0.1659028894762619,5636,,,,[],0,,False,True,
csd-20260805_174708,paired_hierarchical,1,0,0,5d0e9ff5482e9c83,narL->nuoA,shared_complete_observation_shared_scores,maximum,prefix,complete,0,500,0.6,0.9,biological_error,2151398048,921666314,2151398048,narL,nuoA,False,identifiable,arcA|cpxR|fis|fnr|ihfA|ihfB|lrp|modE|rpoD,500,0.04244084349303856,0.052535812907810696,0.34237991036469134,0.8078459462978771,0.23474414073663893,5636,,,,[],0,,False,True,
csd-20260805_174708,paired_hierarchical,1,0,0,5d0e9ff5482e9c83,narL->nuoB,shared_complete_observation_shared_scores,maximum,prefix,complete,0,500,0.6,0.9,biological_error,2151398048,921666314,2151398048,narL,nuoB,False,identifiable,arcA|fis|fnr|ihfA|ihfB|modE|rpoD,500,0.15119343478192612,0.051370443904207745,0.3279582167995222,2.943198915389203,0.4268761000063898,5636,,,,[],0,,False,True,
csd-20260805_174708,paired_hierarchical,1,0,0,5d0e9ff5482e9c83,narL->nuoC,shared_complete_observation_shared_scores,maximum,prefix,complete,0,500,0.6,0.9,biological_error,2151398048,921666314,2151398048,narL,nuoC,False,identifiable,arcA|fis|fnr|ihfA|ihfB|modE|rpoD,500,0.13290763698756203,0.0478211455434399,0.2842050756925702,2.7792650192127044,0.12429890342978493,5636,,,,[],0,,False,True,
csd-20260805_174708,paired_hierarchical,1,0,0,5d0e9ff5482e9c83,narL->nuoE,shared_complete_observation_shared_scores,maximum,prefix,complete,0,500,0.6,0.9,biological_error,2151398048,921666314,2151398048,narL,nuoE,False,identifiable,arcA|fis|fnr|ihfA|ihfB|modE|rpoD,500,0.071321364392168,0.04130896627628946,0.21207063348664335,1.726534716825027,0.19859503548420204,5636,,,,[],0,,False,True,
csd-20260805_174708,paired_hierarchical,1,0,0,5d0e9ff5482e9c83,narL->nuoF,shared_complete_observation_shared_scores,maximum,prefix,complete,0,500,0.6,0.9,biological_error,2151398048,921666314,2151398048,narL,nuoF,False,identifiable,arcA|fis|fnr|ihfA|ihfB|modE|rpoD,500,0.013009567442547216,0.0607837872999662,0.45916353650197905,0.21403022122240234,0.17311836882061105,5636,,,,[],0,,False,True,
csd-20260805_174708,paired_hierarchical,1,0,0,5d0e9ff5482e9c83,narL->nuoG,shared_complete_observation_shared_scores,maximum,prefix,complete,0,500,0.6,0.9,biological_error,2151398048,921666314,2151398048,narL,nuoG,False,identifiable,arcA|fis|fnr|ihfA|ihfB|modE|rpoD,500,0.16461213193359547,0.0428230708664129,0.2279016630585129,3.844005780134383,0.24716981937710836,5636,,,,[],0,,False,True,
csd-20260805_174708,paired_hierarchical,1,0,0,5d0e9ff5482e9c83,narL->nuoH,shared_complete_observation_shared_scores,maximum,prefix,complete,0,500,0.6,0.9,biological_error,2151398048,921666314,2151398048,narL,nuoH,False,identifiable,arcA|fis|fnr|ihfA|ihfB|modE|rpoD,500,0.04227530348159576,0.03303896231516939,0.1356577708402644,1.2795590575248073,0.14869066236823456,5636,,,,[],0,,False,True,
csd-20260805_174708,paired_hierarchical,1,0,0,5d0e9ff5482e9c83,narL->nuoI,shared_complete_observation_shared_scores,maximum,prefix,complete,0,500,0.6,0.9,biological_error,2151398048,921666314,2151398048,narL,nuoI,False,identifiable,arcA|fis|fnr|ihfA|ihfB|modE|rpoD,500,0.009180333674279973,0.0447321255505803,0.24867432601651018,0.20522909567307332,0.3843886193272347,5636,,,,[],0,,False,True,
csd-20260805_174708,paired_hierarchical,1,0,0,5d0e9ff5482e9c83,narL->nuoJ,shared_complete_observation_shared_scores,maximum,prefix,complete,0,500,0.6,0.9,biological_error,2151398048,921666314,2151398048,narL,nuoJ,False,identifiable,arcA|fis|fnr|ihfA|ihfB|modE|rpoD,500,0.008655363774342222,0.04505341832991037,0.25225940941016545,0.19211336442802254,0.2610924333879603,5636,,,,[],0,,False,True,
csd-20260805_174708,paired_hierarchical,1,0,0,5d0e9ff5482e9c83,narL->nuoK,shared_complete_observation_shared_scores,maximum,prefix,complete,0,500,0.6,0.9,biological_error,2151398048,921666314,2151398048,narL,nuoK,False,identifiable,arcA|fis|fnr|ihfA|ihfB|modE|rpoD,500,0.020308808908453255,0.050365881669386825,0.31525701621486,0.4032255216292038,0.19647992767477662,5636,,,,[],0,,False,True,
csd-20260805_174708,paired_hierarchical,1,0,0,5d0e9ff5482e9c83,narL->nuoL,shared_complete_observation_shared_scores,maximum,prefix,complete,0,500,0.6,0.9,biological_error,2151398048,921666314,2151398048,narL,nuoL,False,identifiable,arcA|fis|fnr|ihfA|ihfB|modE|rpoD,500,0.025063981934788322,0.0388631751193168,0.18770180039493795,0.6449288267836449,0.11166216097983331,5636,,,,[],0,,False,True,
csd-20260805_174708,paired_hierarchical,1,0,0,5d0e9ff5482e9c83,narL->nuoM,shared_complete_observation_shared_scores,maximum,prefix,complete,0,500,0.6,0.9,biological_error,2151398048,921666314,2151398048,narL,nuoM,False,identifiable,arcA|fis|fnr|ihfA|ihfB|modE|rpoD,500,0.025449024657298765,0.047207644729679345,0.276959678090778,0.5390869382072565,0.2364243221420497,5636,,,,[],0,,False,True,
csd-20260805_174708,paired_hierarchical,1,0,0,5d0e9ff5482e9c83,narL->nuoN,shared_complete_observation_shared_scores,maximum,prefix,complete,0,500,0.6,0.9,biological_error,2151398048,921666314,2151398048,narL,nuoN,False,identifiable,arcA|fis|fnr|ihfA|ihfB|modE|ompR|rpoD,500,0.017386595855084425,0.044266703927491845,0.24347809913368124,0.3927691540703684,0.47633466327535195,5636,,,,[],0,,False,True,
csd-20260805_174708,paired_hierarchical,1,0,0,5d0e9ff5482e9c83,narL->ogt,shared_complete_observation_shared_scores,maximum,prefix,complete,0,500,0.6,0.9,biological_error,2151398048,921666314,2151398048,narL,ogt,False,identifiable,fis|fnr|modE|rpoD,500,0.014048359622234247,0.027720915992020916,0.09659222714745581,0.5067783339582961,0.2227322843278657,5636,,,,[],0,,False,True,
csd-20260805_174708,paired_hierarchical,1,0,0,5d0e9ff5482e9c83,narL->ompW,shared_complete_observation_shared_scores,maximum,prefix,complete,0,500,0.6,0.9,biological_error,2151398048,921666314,2151398048,narL,ompW,False,identifiable,arcA|crp|fnr|fur|modE|rpoD|soxS,500,-0.06144153997941125,0.044142409063007766,0.2352330086487209,-1.3918936751211548,-0.3759233327719798,5636,,,,[],0,,False,True,
csd-20260805_174708,paired_hierarchical,1,0,0,5d0e9ff5482e9c83,narL->pflB,shared_complete_observation_shared_scores,maximum,prefix,complete,0,500,0.6,0.9,biological_error,2151398048,921666314,2151398048,narL,pflB,False,identifiable,arcA|cpxR|crp|fis|fnr|ihfA|ihfB|modE|rpoD|srsR|yeiE,500,0.018100078959378547,0.09752228841849689,1.1676298350501773,0.18559940761137364,-0.2900756600282412,5636,,,,[],0,,False,True,
csd-20260805_174708,paired_hierarchical,1,0,0,5d0e9ff5482e9c83,narL->poxB,shared_complete_observation_shared_scores,maximum,prefix,complete,0,500,0.6,0.9,biological_error,2151398048,921666314,2151398048,narL,poxB,False,identifiable,cra|fnr|marA|modE|narP|nsrR|oxyR|rpoD|rpoS|soxS,500,0.10546763877624887,0.07732577573440935,0.7450403691782372,1.3639389682749294,0.559857991595215,5636,,,,[],0,,False,True,
csd-20260805_174708,paired_hierarchical,1,0,0,5d0e9ff5482e9c83,narL->torA,shared_complete_observation_shared_scores,maximum,prefix,complete,0,500,0.6,0.9,biological_error,2151398048,921666314,2151398048,narL,torA,False,identifiable,fnr|modE|nac|rpoD|torR,500,0.026816045821631267,0.027755044628998186,0.09703335186266973,0.9661683553415776,-0.31518904559512356,5636,,,,[],0,,False,True,
csd-20260805_174708,paired_hierarchical,1,0,0,5d0e9ff5482e9c83,narL->torC,shared_complete_observation_shared_scores,maximum,prefix,complete,0,500,0.6,0.9,biological_error,2151398048,921666314,2151398048,narL,torC,False,identifiable,fnr|modE|rpoD|torR,500,0.04840896273934362,0.040056726472772995,0.20211727770587146,1.208510205451954,-0.28926275940017754,5636,,,,[],0,,False,True,
csd-20260805_174708,paired_hierarchical,1,0,0,5d0e9ff5482e9c83,narL->torD,shared_complete_observation_shared_scores,maximum,prefix,complete,0,500,0.6,0.9,biological_error,2151398048,921666314,2151398048,narL,torD,False,identifiable,fnr|modE|rpoD|torR,500,-0.06670792109293618,0.029789294159726108,0.11178227814014939,-2.2393253339692256,-0.45097915195255034,5636,,,,[],0,,False,True,
csd-20260805_174708,paired_hierarchical,1,0,0,5d0e9ff5482e9c83,narL->ubiA,shared_complete_observation_shared_scores,maximum,prefix,complete,0,500,0.6,0.9,biological_error,2151398048,921666314,2151398048,narL,ubiA,False,identifiable,arcA|fnr|ihfA|ihfB|lrp|modE|nac|rpoD,500,0.005459866529446741,0.03286475400744126,0.13444175160769964,0.16613136761073927,-0.21231957432691997,5636,,,,[],0,,False,True,
csd-20260805_174708,paired_hierarchical,1,0,0,5d0e9ff5482e9c83,narL->ubiC,shared_complete_observation_shared_scores,maximum,prefix,complete,0,500,0.6,0.9,biological_error,2151398048,921666314,2151398048,narL,ubiC,False,identifiable,arcA|fnr|ihfA|ihfB|modE|rpoD,500,0.024123908054666444,0.0421571906996244,0.22152192488836173,0.5722370882479457,-0.14484449259887788,5636,,,,[],0,,False,True,
csd-20260805_174708,paired_hierarchical,1,0,0,5d0e9ff5482e9c83,narL->ydeP,shared_complete_observation_shared_scores,maximum,prefix,complete,0,500,0.6,0.9,biological_error,2151398048,921666314,2151398048,narL,ydeP,False,identifiable,evgA|fnr|hns|modE|nac|nagC|narP|phoP|rcsB|rpoD|uvrY,500,-0.05184716962723371,0.06534081895725538,0.5158716646182189,-0.7934882123401462,0.13017725204249542,5636,,,,[],0,,False,True,
csd-20260805_174708,paired_hierarchical,1,0,0,5d0e9ff5482e9c83,narL->ydhT,shared_complete_observation_shared_scores,maximum,prefix,complete,0,500,0.6,0.9,biological_error,2151398048,921666314,2151398048,narL,ydhT,False,identifiable,fnr|modE|narP|rpoD|rpoS,500,-0.04242904146168651,0.03570133425486001,0.1605051311033312,-1.1884441393366316,-0.1706543107127033,5636,,,,[],0,,False,True,
csd-20260805_174708,paired_hierarchical,1,0,0,5d0e9ff5482e9c83,narL->ydhU,shared_complete_observation_shared_scores,maximum,prefix,complete,0,500,0.6,0.9,biological_error,2151398048,921666314,2151398048,narL,ydhU,False,identifiable,fnr|modE|narP|rpoD|rpoS,500,0.04031586676961539,0.035748814950820995,0.16093233995492193,1.127753936041718,-0.3167969698882294,5636,,,,[],0,,False,True,
csd-20260805_174708,paired_hierarchical,1,0,0,5d0e9ff5482e9c83,narL->ydhV,shared_complete_observation_shared_scores,maximum,prefix,complete,0,500,0.6,0.9,biological_error,2151398048,921666314,2151398048,narL,ydhV,False,identifiable,fnr|modE|narP|rpoD|rpoS,500,-0.05769270620428017,0.0363913998231425,0.16676985421551252,-1.5853390219848442,-0.3596143319542244,5636,,,,[],0,,False,True,
csd-20260805_174708,paired_hierarchical,1,0,0,5d0e9ff5482e9c83,narL->ydhW,shared_complete_observation_shared_scores,maximum,prefix,complete,0,500,0.6,0.9,biological_error,2151398048,921666314,2151398048,narL,ydhW,False,identifiable,fnr|modE|narP|rpoD|rpoS,500,-0.012495700539812218,0.0384671972787142,0.18633786529218113,-0.32484042050879297,-0.2559163565921851,5636,,,,[],0,,False,True,
csd-20260805_174708,paired_hierarchical,1,0,0,5d0e9ff5482e9c83,narL->ydhX,shared_complete_observation_shared_scores,maximum,prefix,complete,0,500,0.6,0.9,biological_error,2151398048,921666314,2151398048,narL,ydhX,False,identifiable,fnr|modE|narP|rpoD|rpoS,500,0.010172912310589827,0.03311445559557146,0.13808778570089436,0.3072045766003864,-0.1763822322205512,5636,,,,[],0,,False,True,
csd-20260805_174708,paired_hierarchical,1,0,0,5d0e9ff5482e9c83,narL->ydhY,shared_complete_observation_shared_scores,maximum,prefix,complete,0,500,0.6,0.9,biological_error,2151398048,921666314,2151398048,narL,ydhY,False,identifiable,fnr|modE|narP|rpoD|rpoS,500,-0.007866431127668456,0.02420826016904673,0.07379844018285465,-0.32494822315759253,-0.10069904083472955,5636,,,,[],0,,False,True,
csd-20260805_174708,paired_hierarchical,1,0,0,5d0e9ff5482e9c83,narL->yeaR,shared_complete_observation_shared_scores,maximum,prefix,complete,0,500,0.6,0.9,biological_error,2151398048,921666314,2151398048,narL,yeaR,False,identifiable,fis|fnr|modE|narP|nsrR|rpoD,500,-0.009064391545853152,0.0529552806187035,0.35167566802582445,-0.17117068288467652,0.38687937691078883,5636,,,,[],0,,False,True,
csd-20260805_174708,paired_hierarchical,1,0,0,5d0e9ff5482e9c83,narL->ynfE,shared_complete_observation_shared_scores,maximum,prefix,complete,0,500,0.6,0.9,biological_error,2151398048,921666314,2151398048,narL,ynfE,False,identifiable,fnr|modE|nac|rpoD|rpoS,500,0.032922046856134604,0.041121651960458194,0.21315763174575214,0.8006012717531831,-0.1366688495622517,5636,,,,[],0,,False,True,
csd-20260805_174708,paired_hierarchical,1,0,0,5d0e9ff5482e9c83,narL->ynfF,shared_complete_observation_shared_scores,maximum,prefix,complete,0,500,0.6,0.9,biological_error,2151398048,921666314,2151398048,narL,ynfF,False,identifiable,fnr|modE|nac|rpoD|rpoS,500,0.005755970141578548,0.02857137596322097,0.102901591645259,0.20145932589974058,-0.30689096580203507,5636,,,,[],0,,False,True,
csd-20260805_174708,paired_hierarchical,1,0,0,5d0e9ff5482e9c83,narL->ynfG,shared_complete_observation_shared_scores,maximum,prefix,complete,0,500,0.6,0.9,biological_error,2151398048,921666314,2151398048,narL,ynfG,False,identifiable,fnr|modE|nac|rpoD|rpoS,500,0.037348961090538785,0.03809197380961582,0.1829054871465168,0.9804942447248698,-0.23905289752551576,5636,,,,[],0,,False,True,
csd-20260805_174708,paired_hierarchical,1,0,0,5d0e9ff5482e9c83,narL->ynfH,shared_complete_observation_shared_scores,maximum,prefix,complete,0,500,0.6,0.9,biological_error,2151398048,921666314,2151398048,narL,ynfH,False,identifiable,fnr|modE|rpoD|rpoS,500,0.014428789464419544,0.032868250939004695,0.13618462513195892,0.43898866085681865,-0.21612616143514526,5636,,,,[],0,,False,True,
csd-20260805_174708,paired_hierarchical,1,0,0,5d0e9ff5482e9c83,narL->yoaG,shared_complete_observation_shared_scores,maximum,prefix,complete,0,500,0.6,0.9,biological_error,2151398048,921666314,2151398048,narL,yoaG,False,identifiable,fis|fnr|modE|narP|nsrR|rpoD,500,0.18498795327532883,0.06500292021519744,0.5298946179915449,2.84584065858751,0.3902956622919975,5636,,,,[],0,,False,True,
csd-20260805_174708,paired_hierarchical,1,0,0,5d0e9ff5482e9c83,narL->ytfE,shared_complete_observation_shared_scores,maximum,prefix,complete,0,500,0.6,0.9,biological_error,2151398048,921666314,2151398048,narL,ytfE,False,identifiable,fnr|modE|narP|nsrR|rpoD,500,0.0390227191130889,0.03883387778113959,0.18976242992266784,1.004862798740151,0.18839845517206508,5636,,,,[],0,,False,True,
csd-20260805_174708,paired_hierarchical,1,0,0,5d0e9ff5482e9c83,nfeR->nfeF,shared_complete_observation_shared_scores,maximum,prefix,complete,0,500,0.6,0.9,biological_error,2151398048,921666314,2151398048,nfeR,nfeF,False,identifiable,fnr|fur|rpoD,500,-0.0872932008468009,0.11447942799290425,0.30466767819706475,-0.7625230347256065,-0.2258818334711275,5636,,,,[],0,,False,True,
csd-20260805_174708,paired_hierarchical,1,0,0,5d0e9ff5482e9c83,nikR->nikA,shared_complete_observation_shared_scores,maximum,prefix,complete,0,500,0.6,0.9,biological_error,2151398048,921666314,2151398048,nikR,nikA,False,identifiable,fnr|narL|rpoN,500,-0.014190477590874424,0.062491987939895875,0.15129787155801744,-0.22707675109523917,-0.10551433793104982,5636,,,,[],0,,False,True,
csd-20260805_174708,paired_hierarchical,1,0,0,5d0e9ff5482e9c83,nikR->nikB,shared_complete_observation_shared_scores,maximum,prefix,complete,0,500,0.6,0.9,biological_error,2151398048,921666314,2151398048,nikR,nikB,False,identifiable,fnr|narL|rpoN,500,-0.024194814397003564,0.06954028692967633,0.1873514654570462,-0.3479251447649466,-0.13922075336721523,5636,,,,[],0,,False,True,
csd-20260805_174708,paired_hierarchical,1,0,0,5d0e9ff5482e9c83,nikR->nikC,shared_complete_observation_shared_scores,maximum,prefix,complete,0,500,0.6,0.9,biological_error,2151398048,921666314,2151398048,nikR,nikC,False,identifiable,fnr|narL|rpoN,500,-0.025145613422029086,0.0814267826514261,0.2568731363303039,-0.3088125626880419,-0.23658497979095144,5636,,,,[],0,,False,True,
csd-20260805_174708,paired_hierarchical,1,0,0,5d0e9ff5482e9c83,nikR->nikD,shared_complete_observation_shared_scores,maximum,prefix,complete,0,500,0.6,0.9,biological_error,2151398048,921666314,2151398048,nikR,nikD,False,identifiable,fnr|narL|rpoN,500,0.012675178458429673,0.04888517045029843,0.0925845255781222,0.25928473485259773,-0.196926675954967,5636,,,,[],0,,False,True,
csd-20260805_174708,paired_hierarchical,1,0,0,5d0e9ff5482e9c83,nikR->nikE,shared_complete_observation_shared_scores,maximum,prefix,complete,0,500,0.6,0.9,biological_error,2151398048,921666314,2151398048,nikR,nikE,False,identifiable,fnr|narL|rpoN,500,0.1312786907265793,0.06992895254274922,0.18945155923880888,1.8773152743325525,-0.12447122167643247,5636,,,,[],0,,False,True,
csd-20260805_174708,paired_hierarchical,1,0,0,5d0e9ff5482e9c83,iscR->erpA,shared_complete_observation_shared_scores,maximum,prefix,complete,0,500,0.6,0.9,biological_error,2151398048,921666314,2151398048,iscR,erpA,False,identifiable,fur|rpoD,500,0.034413741990903426,0.06012802576931453,0.1666075569367793,0.5723411262983124,-0.20320593967513215,5636,,,,[],0,,False,True,
csd-20260805_174708,paired_hierarchical,1,0,0,5d0e9ff5482e9c83,iscR->hyaA,shared_complete_observation_shared_scores,maximum,prefix,complete,0,500,0.6,0.9,biological_error,2151398048,921666314,2151398048,iscR,hyaA,False,identifiable,appY|arcA|fis|narL|narP|rpoD|rpoS|ydeO,500,0.057708864667640955,0.08100039828771163,0.30086390792292594,0.7124516161347793,-0.15444675012426304,5636,,,,[],0,,False,True,
csd-20260805_174708,paired_hierarchical,1,0,0,5d0e9ff5482e9c83,iscR->hyaB,shared_complete_observation_shared_scores,maximum,prefix,complete,0,500,0.6,0.9,biological_error,2151398048,921666314,2151398048,iscR,hyaB,False,identifiable,appY|arcA|fis|narL|narP|rpoD|rpoS|ydeO,500,-0.040717815753765214,0.06922201290364327,0.21972740742774882,-0.5882206258642642,-0.14352315144324465,5636,,,,[],0,,False,True,
csd-20260805_174708,paired_hierarchical,1,0,0,5d0e9ff5482e9c83,iscR->hyaC,shared_complete_observation_shared_scores,maximum,prefix,complete,0,500,0.6,0.9,biological_error,2151398048,921666314,2151398048,iscR,hyaC,False,identifiable,appY|arcA|fis|narL|narP|rpoD|rpoS|ydeO,500,0.02766303153955671,0.0644464325956532,0.19045551275993483,0.4292406953402496,-0.3179808980430088,5636,,,,[],0,,False,True,
csd-20260805_174708,paired_hierarchical,1,0,0,5d0e9ff5482e9c83,iscR->hyaD,shared_complete_observation_shared_scores,maximum,prefix,complete,0,500,0.6,0.9,biological_error,2151398048,921666314,2151398048,iscR,hyaD,False,identifiable,appY|arcA|fis|narL|narP|rpoD|rpoS|ydeO,500,0.04680591154964848,0.14823291834855026,1.0075929064302271,0.3157592258933371,-0.26845664898075,5636,,,,[],0,,False,True,
csd-20260805_174708,paired_hierarchical,1,0,0,5d0e9ff5482e9c83,iscR->hyaE,shared_complete_observation_shared_scores,maximum,prefix,complete,0,500,0.6,0.9,biological_error,2151398048,921666314,2151398048,iscR,hyaE,False,identifiable,appY|arcA|fis|narL|narP|rpoD|rpoS|ydeO,500,0.014882943602368595,0.08165307216802557,0.30573196151138116,0.18227046707737457,-0.21838190992598513,5636,,,,[],0,,False,True,
csd-20260805_174708,paired_hierarchical,1,0,0,5d0e9ff5482e9c83,iscR->hyaF,shared_complete_observation_shared_scores,maximum,prefix,complete,0,500,0.6,0.9,biological_error,2151398048,921666314,2151398048,iscR,hyaF,False,identifiable,appY|arcA|fis|narL|narP|rpoD|rpoS|ydeO,500,-0.028219181628440972,0.08140385760200164,0.3038685513198149,-0.3466565646852968,-0.18210756989632831,5636,,,,[],0,,False,True,
csd-20260805_174708,paired_hierarchical,1,0,0,5d0e9ff5482e9c83,iscR->iscA,shared_complete_observation_shared_scores,maximum,prefix,complete,0,500,0.6,0.9,biological_error,2151398048,921666314,2151398048,iscR,iscA,False,identifiable,rpoD,500,-0.09544383533534756,0.07228934646755113,0.24082291998863137,-1.320302921512645,-0.22342626530951296,5636,,,,[],0,,False,True,
csd-20260805_174708,paired_hierarchical,1,0,0,5d0e9ff5482e9c83,iscR->iscS,shared_complete_observation_shared_scores,maximum,prefix,complete,0,500,0.6,0.9,biological_error,2151398048,921666314,2151398048,iscR,iscS,False,identifiable,rpoD,500,-0.1499194313239802,0.05978682742614059,0.16472527357013292,-2.5075662613004104,-0.1836060376706846,5636,,,,[],0,,False,True,
csd-20260805_174708,paired_hierarchical,1,0,0,5d0e9ff5482e9c83,iscR->iscU,shared_complete_observation_shared_scores,maximum,prefix,complete,0,500,0.6,0.9,biological_error,2151398048,921666314,2151398048,iscR,iscU,False,identifiable,rpoD,500,-0.09231888692604902,0.06392908668914404,0.18834158499118053,-1.4440826814083974,-0.2255876045480638,5636,,,,[],0,,False,True,
csd-20260805_174708,paired_hierarchical,1,0,0,5d0e9ff5482e9c83,iscR->napA,shared_complete_observation_shared_scores,maximum,prefix,complete,0,500,0.6,0.9,biological_error,2151398048,921666314,2151398048,iscR,napA,False,identifiable,flhC|flhD|fnr|modE|narL|narP|rpoD,500,0.12358690674381063,0.073028697061087,0.24507561110406156,1.69230606210094,-0.11896518816725997,5636,,,,[],0,,False,True,
csd-20260805_174708,paired_hierarchical,1,0,0,5d0e9ff5482e9c83,iscR->napB,shared_complete_observation_shared_scores,maximum,prefix,complete,0,500,0.6,0.9,biological_error,2151398048,921666314,2151398048,iscR,napB,False,identifiable,flhC|flhD|fnr|modE|nac|narL|narP|rpoD,500,0.14190916433516051,0.1260739130416848,0.7302697183914557,1.1256029174587447,-0.1760429237161325,5636,,,,[],0,,False,True,
csd-20260805_174708,paired_hierarchical,1,0,0,5d0e9ff5482e9c83,iscR->napC,shared_complete_observation_shared_scores,maximum,prefix,complete,0,500,0.6,0.9,biological_error,2151398048,921666314,2151398048,iscR,napC,False,identifiable,flhC|flhD|fnr|modE|nac|narL|narP|rpoD,500,0.004691889743956498,0.09201179064363887,0.3889733010217397,0.05099226643820203,-0.19605028000764457,5636,,,,[],0,,False,True,
csd-20260805_174708,paired_hierarchical,1,0,0,5d0e9ff5482e9c83,iscR->napD,shared_complete_observation_shared_scores,maximum,prefix,complete,0,500,0.6,0.9,biological_error,2151398048,921666314,2151398048,iscR,napD,False,identifiable,flhC|flhD|fnr|modE|narL|narP|rpoD,500,-0.05136624815825799,0.10733764743618497,0.5294404690861453,-0.4785482948915623,-0.19793959487130125,5636,,,,[],0,,False,True,
csd-20260805_174708,paired_hierarchical,1,0,0,5d0e9ff5482e9c83,iscR->napF,shared_complete_observation_shared_scores,maximum,prefix,complete,0,500,0.6,0.9,biological_error,2151398048,921666314,2151398048,iscR,napF,False,identifiable,flhC|flhD|fnr|lrp|modE|narL|narP|rpoD,500,-0.11677913605180752,0.10025297336678309,0.46180805057543584,-1.1648446138805502,-0.17548028478755062,5636,,,,[],0,,False,True,
csd-20260805_174708,paired_hierarchical,1,0,0,5d0e9ff5482e9c83,iscR->napG,shared_complete_observation_shared_scores,maximum,prefix,complete,0,500,0.6,0.9,biological_error,2151398048,921666314,2151398048,iscR,napG,False,identifiable,flhC|flhD|fnr|modE|narL|narP|rpoD,500,0.0510663396290974,0.0779476907906883,0.27920262499413495,0.6551360163603183,-0.21022170148357697,5636,,,,[],0,,False,True,
csd-20260805_174708,paired_hierarchical,1,0,0,5d0e9ff5482e9c83,iscR->napH,shared_complete_observation_shared_scores,maximum,prefix,complete,0,500,0.6,0.9,biological_error,2151398048,921666314,2151398048,iscR,napH,False,identifiable,flhC|flhD|fnr|modE|narL|narP|rpoD,500,-0.02178682894464059,0.11402678051706942,0.5974845981239402,-0.1910676495981501,-0.2058863484689365,5636,,,,[],0,,False,True,
csd-20260805_174708,paired_hierarchical,1,0,0,5d0e9ff5482e9c83,iscR->nfuA,shared_complete_observation_shared_scores,maximum,prefix,complete,0,500,0.6,0.9,biological_error,2151398048,921666314,2151398048,iscR,nfuA,False,identifiable,crp|gntR|rpoD|rpoH,500,-0.047665876503688295,0.06909714198498164,0.21880729237730523,-0.6898386117626767,-0.24414586917234476,5636,,,,[],0,,False,True,
csd-20260805_174708,paired_hierarchical,1,0,0,5d0e9ff5482e9c83,iscR->nrdE,shared_complete_observation_shared_scores,maximum,prefix,complete,0,500,0.6,0.9,biological_error,2151398048,921666314,2151398048,iscR,nrdE,False,identifiable,fur|nrdR|rpoD,500,0.12423730016005921,0.09684084785187154,0.4321587805274929,1.282901822070925,0.11186578879994163,5636,,,,[],0,,False,True,
csd-20260805_174708,paired_hierarchical,1,0,0,5d0e9ff5482e9c83,iscR->nrdF,shared_complete_observation_shared_scores,maximum,prefix,complete,0,500,0.6,0.9,biological_error,2151398048,921666314,2151398048,iscR,nrdF,False,identifiable,fur|nrdR|rpoD,500,-0.004721077686736316,0.07680935102729594,0.27186566771929266,-0.061464881861305845,0.32109819671751105,5636,,,,[],0,,False,True,
csd-20260805_174708,paired_hierarchical,1,0,0,5d0e9ff5482e9c83,iscR->nrdH,shared_complete_observation_shared_scores,maximum,prefix,complete,0,500,0.6,0.9,biological_error,2151398048,921666314,2151398048,iscR,nrdH,False,identifiable,fur|nrdR|rpoD,500,0.11148610135741677,0.05647827888247579,0.14699043742876072,1.973964213559081,0.2093151102083399,5636,,,,[],0,,False,True,
csd-20260805_174708,paired_hierarchical,1,0,0,5d0e9ff5482e9c83,iscR->nrdI,shared_complete_observation_shared_scores,maximum,prefix,complete,0,500,0.6,0.9,biological_error,2151398048,921666314,2151398048,iscR,nrdI,False,identifiable,fur|nrdR|rpoD,500,0.008405689548293942,0.08756109730133937,0.3533040094754639,0.09599799234317459,0.4179042220280225,5636,,,,[],0,,False,True,
csd-20260805_174708,paired_hierarchical,1,0,0,5d0e9ff5482e9c83,iscR->rnlA,shared_complete_observation_shared_scores,maximum,prefix,complete,0,500,0.6,0.9,biological_error,2151398048,921666314,2151398048,iscR,rnlA,False,identifiable,rpoD|rpoH,500,-0.10313314101188059,0.06537930526231395,0.19644671320052076,-1.5774585030858193,-0.37266174731301993,5636,,,,[],0,,False,True,
csd-20260805_174708,paired_hierarchical,1,0,0,5d0e9ff5482e9c83,iscR->rnlB,shared_complete_observation_shared_scores,maximum,prefix,complete,0,500,0.6,0.9,biological_error,2151398048,921666314,2151398048,iscR,rnlB,False,identifiable,nac|rpoD|rpoE,500,0.07119534625401418,0.1248186280174264,0.7178399107041722,0.5703903927230664,-0.19580173741149073,5636,,,,[],0,,False,True,
csd-20260805_174708,paired_hierarchical,1,0,0,5d0e9ff5482e9c83,iscR->selO,shared_complete_observation_shared_scores,maximum,prefix,complete,0,500,0.6,0.9,biological_error,2151398048,921666314,2151398048,iscR,selO,False,identifiable,rpoD,500,0.0381367920080229,0.07729460864952077,0.2753262541523816,0.4933952402935072,0.31280529826070536,5636,,,,[],0,,False,True,
csd-20260805_174708,paired_hierarchical,1,0,0,5d0e9ff5482e9c83,iscR->sufA,shared_complete_observation_shared_scores,maximum,prefix,complete,0,500,0.6,0.9,biological_error,2151398048,921666314,2151398048,iscR,sufA,False,identifiable,fur|ihfA|ihfB|nsrR|oxyR|rpoD,500,0.1512472073002843,0.061568823388441066,0.17386858972426528,2.456555103320026,0.11108040779177179,5636,,,,[],0,,False,True,
csd-20260805_174708,paired_hierarchical,1,0,0,5d0e9ff5482e9c83,iscR->sufB,shared_complete_observation_shared_scores,maximum,prefix,complete,0,500,0.6,0.9,biological_error,2151398048,921666314,2151398048,iscR,sufB,False,identifiable,fur|ihfA|ihfB|nsrR|oxyR|rpoD,500,0.01973294469163778,0.0750157786592554,0.25810990234124687,0.26305058808055365,0.1835296335256507,5636,,,,[],0,,False,True,
csd-20260805_174708,paired_hierarchical,1,0,0,5d0e9ff5482e9c83,iscR->sufC,shared_complete_observation_shared_scores,maximum,prefix,complete,0,500,0.6,0.9,biological_error,2151398048,921666314,2151398048,iscR,sufC,False,identifiable,fur|ihfA|ihfB|nsrR|oxyR|rpoD,500,0.0024924212619109837,0.0709552494976357,0.23092368877975109,0.03512666475782083,0.38835713298373004,5636,,,,[],0,,False,True,
csd-20260805_174708,paired_hierarchical,1,0,0,5d0e9ff5482e9c83,iscR->sufD,shared_complete_observation_shared_scores,maximum,prefix,complete,0,500,0.6,0.9,biological_error,2151398048,921666314,2151398048,iscR,sufD,False,identifiable,fur|ihfA|ihfB|nsrR|oxyR|rpoD,500,-0.14585382763724805,0.07874885875847981,0.28443822552519865,-1.852138938096576,0.19968925596457782,5636,,,,[],0,,False,True,
csd-20260805_174708,paired_hierarchical,1,0,0,5d0e9ff5482e9c83,iscR->sufE,shared_complete_observation_shared_scores,maximum,prefix,complete,0,500,0.6,0.9,biological_error,2151398048,921666314,2151398048,iscR,sufE,False,identifiable,fur|ihfA|ihfB|nsrR|oxyR|rpoD,500,0.02249766186105695,0.06566511742762367,0.19777385270081785,0.34261207079777106,0.15295082799638585,5636,,,,[],0,,False,True,
csd-20260805_174708,paired_hierarchical,1,0,0,5d0e9ff5482e9c83,iscR->sufS,shared_complete_observation_shared_scores,maximum,prefix,complete,0,500,0.6,0.9,biological_error,2151398048,921666314,2151398048,iscR,sufS,False,identifiable,fur|ihfA|ihfB|nsrR|oxyR|rpoD,500,0.103200947595086,0.058830859420790006,0.15874856523669417,1.7541975182945606,0.27200241001210207,5636,,,,[],0,,False,True,
csd-20260805_174708,paired_hierarchical,1,0,0,5d0e9ff5482e9c83,iscR->torT,shared_complete_observation_shared_scores,maximum,prefix,complete,0,500,0.6,0.9,biological_error,2151398048,921666314,2151398048,iscR,torT,False,identifiable,rpoD,500,-0.06827132195154453,0.051118787405946255,0.12042323993773457,-1.3355426725870077,-0.3721496599025036,5636,,,,[],0,,False,True,
csd-20260805_174708,paired_hierarchical,1,0,0,5d0e9ff5482e9c83,frmR->frmA,shared_complete_observation_shared_scores,maximum,prefix,complete,0,500,0.6,0.9,biological_error,2151398048,921666314,2151398048,frmR,frmA,False,identifiable,,500,0.02382523959829932,0.053260108554989964,0.09199949475904344,0.4473374209085634,-0.18025601494969853,5636,,,,[],0,,False,True,
csd-20260805_174708,paired_hierarchical,1,0,0,5d0e9ff5482e9c83,frmR->frmB,shared_complete_observation_shared_scores,maximum,prefix,complete,0,500,0.6,0.9,biological_error,2151398048,921666314,2151398048,frmR,frmB,False,identifiable,cpxR,500,-0.03644996606707192,0.07159690515288836,0.16623270830922293,-0.509099743756193,-0.15910530472241854,5636,,,,[],0,,False,True,
csd-20260805_174708,paired_hierarchical,1,0,0,5d0e9ff5482e9c83,metJ->ahpC,shared_complete_observation_shared_scores,maximum,prefix,complete,0,500,0.6,0.9,biological_error,2151398048,921666314,2151398048,metJ,ahpC,False,identifiable,fur|nac|oxyR|rpoD,500,-0.011453890881765606,0.04107498221567666,0.20982558705967655,-0.27885321584860284,-0.17383509924839075,5636,,,,[],0,,False,True,
csd-20260805_174708,paired_hierarchical,1,0,0,5d0e9ff5482e9c83,metJ->ahpF,shared_complete_observation_shared_scores,maximum,prefix,complete,0,500,0.6,0.9,biological_error,2151398048,921666314,2151398048,metJ,ahpF,False,identifiable,fur|oxyR|rpoD|rpoE,500,0.2694018275997797,0.09731834915913085,1.17763912785533,2.768253160144191,-0.1887465447110996,5636,,,,[],0,,False,True,
csd-20260805_174708,paired_hierarchical,1,0,0,5d0e9ff5482e9c83,metJ->folE,shared_complete_observation_shared_scores,maximum,prefix,complete,0,500,0.6,0.9,biological_error,2151398048,921666314,2151398048,metJ,folE,False,identifiable,arcA|fur|rpoD,500,-0.005830427193881493,0.03852044424440038,0.18503344296850077,-0.15135929266259818,-0.1692843910458761,5636,,,,[],0,,False,True,
csd-20260805_174708,paired_hierarchical,1,0,0,5d0e9ff5482e9c83,metJ->metA,shared_complete_observation_shared_scores,maximum,prefix,complete,0,500,0.6,0.9,biological_error,2151398048,921666314,2151398048,metJ,metA,False,identifiable,fur|rpoD|rpoH,500,0.08277375212669862,0.05122242406264788,0.3272976545211161,1.6159671011559644,-0.4180444589318942,5636,,,,[],0,,False,True,
csd-20260805_174708,paired_hierarchical,1,0,0,5d0e9ff5482e9c83,metJ->metB,shared_complete_observation_shared_scores,maximum,prefix,complete,0,500,0.6,0.9,biological_error,2151398048,921666314,2151398048,metJ,metB,False,identifiable,fur|hypT|phoP|rpoD,500,0.018432238139774855,0.02947574474575849,0.10618174741392122,0.625335790452834,-0.4238582322856656,5636,,,,[],0,,False,True,
csd-20260805_174708,paired_hierarchical,1,0,0,5d0e9ff5482e9c83,metJ->metC,shared_complete_observation_shared_scores,maximum,prefix,complete,0,500,0.6,0.9,biological_error,2151398048,921666314,2151398048,metJ,metC,False,identifiable,cpxR|fur|rpoD,500,-0.008428629179733905,0.06371634511037427,0.5053971729741005,-0.13228362620506867,-0.1838496774379332,5636,,,,[],0,,False,True,
csd-20260805_174708,paired_hierarchical,1,0,0,5d0e9ff5482e9c83,metJ->metE,shared_complete_observation_shared_scores,maximum,prefix,complete,0,500,0.6,0.9,biological_error,2151398048,921666314,2151398048,metJ,metE,False,identifiable,fur|nac|oxyR|rpoD,500,-0.1887931408861618,0.034913175814886586,0.15159413162548302,-5.407504086341596,-0.41028662005365746,5636,,,,[],0,,False,True,
csd-20260805_174708,paired_hierarchical,1,0,0,5d0e9ff5482e9c83,metJ->metF,shared_complete_observation_shared_scores,maximum,prefix,complete,0,500,0.6,0.9,biological_error,2151398048,921666314,2151398048,metJ,metF,False,identifiable,fur|rpoD,500,0.0546550316630533,0.04538923667640004,0.2570334555346841,1.2041407977999985,-0.2885772063850276,5636,,,,[],0,,False,True,
csd-20260805_174708,paired_hierarchical,1,0,0,5d0e9ff5482e9c83,metJ->metI,shared_complete_observation_shared_scores,maximum,prefix,complete,0,500,0.6,0.9,biological_error,2151398048,921666314,2151398048,metJ,metI,False,identifiable,fur|hypT|rpoD,500,-0.0014770219407742387,0.03811107305921715,0.1802307674505138,-0.03875571644176053,-0.14076178581136353,5636,,,,[],0,,False,True,
csd-20260805_174708,paired_hierarchical,1,0,0,5d0e9ff5482e9c83,metJ->metK,shared_complete_observation_shared_scores,maximum,prefix,complete,0,500,0.6,0.9,biological_error,2151398048,921666314,2151398048,metJ,metK,False,identifiable,crp|fur|lrp|rpoD|rpoS,500,-0.02370053085470129,0.0430431797706188,0.23084051943931094,-0.5506222119509682,-0.15702758770629943,5636,,,,[],0,,False,True,
csd-20260805_174708,paired_hierarchical,1,0,0,5d0e9ff5482e9c83,metJ->metL,shared_complete_observation_shared_scores,maximum,prefix,complete,0,500,0.6,0.9,biological_error,2151398048,921666314,2151398048,metJ,metL,False,identifiable,fur|hypT|phoP|rpoD,500,0.039467271073467564,0.04306014005444501,0.2266058776702225,0.916561604852315,-0.40934584028754334,5636,,,,[],0,,False,True,
csd-20260805_174708,paired_hierarchical,1,0,0,5d0e9ff5482e9c83,metJ->metN,shared_complete_observation_shared_scores,maximum,prefix,complete,0,500,0.6,0.9,biological_error,2151398048,921666314,2151398048,metJ,metN,False,identifiable,fur|hypT|rpoD,500,0.008694010273774522,0.0339296949590208,0.14285205371654794,0.2562360281834208,-0.2607396286338242,5636,,,,[],0,,False,True,
csd-20260805_174708,paired_hierarchical,1,0,0,5d0e9ff5482e9c83,metJ->metQ,shared_complete_observation_shared_scores,maximum,prefix,complete,0,500,0.6,0.9,biological_error,2151398048,921666314,2151398048,metJ,metQ,False,identifiable,fur|hypT|rpoD,500,0.033268393144572354,0.025192428122814848,0.07875291433916769,1.320571124878738,-0.13876541758154196,5636,,,,[],0,,False,True,
csd-20260805_174708,paired_hierarchical,1,0,0,5d0e9ff5482e9c83,metJ->metR,shared_complete_observation_shared_scores,maximum,prefix,complete,0,500,0.6,0.9,biological_error,2151398048,921666314,2151398048,metJ,metR,False,identifiable,fur|nac|oxyR|rpoD,500,-0.0060168103150596616,0.03410073135898728,0.14462090188836943,-0.17644226605345006,-0.3803627475995959,5636,,,,[],0,,False,True,
csd-20260805_174708,paired_hierarchical,1,0,0,5d0e9ff5482e9c83,metJ->yeiB,shared_complete_observation_shared_scores,maximum,prefix,complete,0,500,0.6,0.9,biological_error,2151398048,921666314,2151398048,metJ,yeiB,False,identifiable,fur|rpoD,500,-0.05522304084123523,0.03577111845921595,0.15964265267830136,-1.5437884869101082,-0.2877356868183849,5636,,,,[],0,,False,True,
csd-20260805_174708,paired_hierarchical,1,0,0,5d0e9ff5482e9c83,purR->carA,shared_complete_observation_shared_scores,maximum,prefix,complete,0,500,0.6,0.9,biological_error,2151398048,921666314,2151398048,purR,carA,False,identifiable,arcA|argR|cpxR|fis|fur|ihfA|ihfB|pepA|rpoD|rutR,500,-0.09225218466007346,0.10879129217276845,0.6327312096596404,-0.8479739767551461,-0.2766254892499901,5636,,,,[],0,,False,True,
csd-20260805_174708,paired_hierarchical,1,0,0,5d0e9ff5482e9c83,purR->carB,shared_complete_observation_shared_scores,maximum,prefix,complete,0,500,0.6,0.9,biological_error,2151398048,921666314,2151398048,purR,carB,False,identifiable,argR|cpxR|fis|fur|ihfA|ihfB|pepA|rpoD|rutR,500,0.004812008388929187,0.07062742650335095,0.2669592842719287,0.06813229119569972,-0.24451482996943108,5636,,,,[],0,,False,True,
csd-20260805_174708,paired_hierarchical,1,0,0,5d0e9ff5482e9c83,purR->codA,shared_complete_observation_shared_scores,maximum,prefix,complete,0,500,0.6,0.9,biological_error,2151398048,921666314,2151398048,purR,codA,False,identifiable,fur|nac|rpoD,500,-0.17594171662714347,0.058293712728686525,0.18554332877492427,-3.018193702055316,-0.3632971013660647,5636,,,,[],0,,False,True,
csd-20260805_174708,paired_hierarchical,1,0,0,5d0e9ff5482e9c83,purR->codB,shared_complete_observation_shared_scores,maximum,prefix,complete,0,500,0.6,0.9,biological_error,2151398048,921666314,2151398048,purR,codB,False,identifiable,fur|nac|rpoD,500,-0.0023681080556880577,0.06611866284789107,0.23869868972178243,-0.0358160306589381,-0.24510406053518494,5636,,,,[],0,,False,True,
csd-20260805_174708,paired_hierarchical,1,0,0,5d0e9ff5482e9c83,purR->cvpA,shared_complete_observation_shared_scores,maximum,prefix,complete,0,500,0.6,0.9,biological_error,2151398048,921666314,2151398048,purR,cvpA,False,identifiable,argR|fur|rpoD,500,0.04056080210932203,0.058861478835420825,0.18592724781396294,0.6890890767921707,-0.1447438143494079,5636,,,,[],0,,False,True,
csd-20260805_174708,paired_hierarchical,1,0,0,5d0e9ff5482e9c83,purR->gcvH,shared_complete_observation_shared_scores,maximum,prefix,complete,0,500,0.6,0.9,biological_error,2151398048,921666314,2151398048,purR,gcvH,False,identifiable,crp|fnr|fur|gcvA|lrp|rpoD,500,0.03191421917067183,0.06639093132128689,0.23917799148879695,0.48070148340333935,-0.13069120318931612,5636,,,,[],0,,False,True,
csd-20260805_174708,paired_hierarchical,1,0,0,5d0e9ff5482e9c83,purR->gcvP,shared_complete_observation_shared_scores,maximum,prefix,complete,0,500,0.6,0.9,biological_error,2151398048,921666314,2151398048,purR,gcvP,False,identifiable,crp|fnr|fur|gcvA|lrp|rpoD,500,0.014739419405142933,0.067586745112081,0.2478715922477218,0.2180815096318093,-0.14015348117661555,5636,,,,[],0,,False,True,
csd-20260805_174708,paired_hierarchical,1,0,0,5d0e9ff5482e9c83,purR->gcvT,shared_complete_observation_shared_scores,maximum,prefix,complete,0,500,0.6,0.9,biological_error,2151398048,921666314,2151398048,purR,gcvT,False,identifiable,crp|fnr|fur|gcvA|lrp|nac|rpoD,500,-0.03104839362976402,0.06154085155608299,0.20476429770763566,-0.5045168021678934,-0.14698485564918143,5636,,,,[],0,,False,True,
csd-20260805_174708,paired_hierarchical,1,0,0,5d0e9ff5482e9c83,purR->glnB,shared_complete_observation_shared_scores,maximum,prefix,complete,0,500,0.6,0.9,biological_error,2151398048,921666314,2151398048,purR,glnB,False,identifiable,fur|rpoD,500,-0.06612314697635303,0.05003723780942176,0.1371389072977277,-1.3214787600426334,-0.16910890702396567,5636,,,,[],0,,False,True,
csd-20260805_174708,paired_hierarchical,1,0,0,5d0e9ff5482e9c83,purR->glyA,shared_complete_observation_shared_scores,maximum,prefix,complete,0,500,0.6,0.9,biological_error,2151398048,921666314,2151398048,purR,glyA,False,identifiable,fur|metR|rpoD,500,-0.021166760570851664,0.05125531211007876,0.1437756755419888,-0.41296715792877725,-0.15666358595329327,5636,,,,[],0,,False,True,
csd-20260805_174708,paired_hierarchical,1,0,0,5d0e9ff5482e9c83,purR->guaA,shared_complete_observation_shared_scores,maximum,prefix,complete,0,500,0.6,0.9,biological_error,2151398048,921666314,2151398048,purR,guaA,False,identifiable,crp|dnaA|fis|fur|rpoD,500,-0.07468548047607629,0.0666089673798078,0.24286117034228952,-1.1212526393062932,-0.2893602191213238,5636,,,,[],0,,False,True,
csd-20260805_174708,paired_hierarchical,1,0,0,5d0e9ff5482e9c83,purR->guaB,shared_complete_observation_shared_scores,maximum,prefix,complete,0,500,0.6,0.9,biological_error,2151398048,921666314,2151398048,purR,guaB,False,identifiable,crp|dnaA|fis|fur|rpoD,500,-0.35629926205512963,0.0746790374689909,0.30527420230169866,-4.771074643310398,-0.806356408194895,5636,,,,[],0,,False,True,
csd-20260805_174708,paired_hierarchical,1,0,0,5d0e9ff5482e9c83,purR->hflD,shared_complete_observation_shared_scores,maximum,prefix,complete,0,500,0.6,0.9,biological_error,2151398048,921666314,2151398048,purR,hflD,False,identifiable,fur|rpoD,500,-0.003679623017370719,0.06499819640652515,0.23140707962215265,-0.05661115570587313,-0.2004007260373258,5636,,,,[],0,,False,True,
csd-20260805_174708,paired_hierarchical,1,0,0,5d0e9ff5482e9c83,purR->prs,shared_complete_observation_shared_scores,maximum,prefix,complete,0,500,0.6,0.9,biological_error,2151398048,921666314,2151398048,purR,prs,False,identifiable,fliA|fur|rpoD,500,0.01265985598066896,0.06681375841613843,0.2442401378306782,0.18947977603383936,-0.17456198582877408,5636,,,,[],0,,False,True,
csd-20260805_174708,paired_hierarchical,1,0,0,5d0e9ff5482e9c83,purR->purA,shared_complete_observation_shared_scores,maximum,prefix,complete,0,500,0.6,0.9,biological_error,2151398048,921666314,2151398048,purR,purA,False,identifiable,fur|gadE|marA|rpoD,500,0.025016870882437398,0.07612488151860917,0.30384294348084107,0.3286293572269387,-0.28651103551451595,5636,,,,[],0,,False,True,
csd-20260805_174708,paired_hierarchical,1,0,0,5d0e9ff5482e9c83,purR->purB,shared_complete_observation_shared_scores,maximum,prefix,complete,0,500,0.6,0.9,biological_error,2151398048,921666314,2151398048,purR,purB,False,identifiable,fur|rpoD,500,0.08060015265206538,0.09875830020175135,0.53422135259582,0.8161354791183014,-0.21326136361762496,5636,,,,[],0,,False,True,
csd-20260805_174708,paired_hierarchical,1,0,0,5d0e9ff5482e9c83,purR->purC,shared_complete_observation_shared_scores,maximum,prefix,complete,0,500,0.6,0.9,biological_error,2151398048,921666314,2151398048,purR,purC,False,identifiable,fur|rpoD,500,0.01364931374415216,0.07134995063298605,0.27884405118970973,0.19130095568478078,-0.18815820640972777,5636,,,,[],0,,False,True,
csd-20260805_174708,paired_hierarchical,1,0,0,5d0e9ff5482e9c83,purR->purD,shared_complete_observation_shared_scores,maximum,prefix,complete,0,500,0.6,0.9,biological_error,2151398048,921666314,2151398048,purR,purD,False,identifiable,fur|phoP|rbsR|rpoD,500,-0.05952423623635981,0.06618550153659161,0.23841309640930938,-0.8993546147482311,-0.3536261960954312,5636,,,,[],0,,False,True,
csd-20260805_174708,paired_hierarchical,1,0,0,5d0e9ff5482e9c83,purR->purE,shared_complete_observation_shared_scores,maximum,prefix,complete,0,500,0.6,0.9,biological_error,2151398048,921666314,2151398048,purR,purE,False,identifiable,fur|rpoD,500,-0.11575504740348988,0.06536162100041659,0.23400204810279956,-1.770994134352208,-0.18187876247011608,5636,,,,[],0,,False,True,
csd-20260805_174708,paired_hierarchical,1,0,0,5d0e9ff5482e9c83,purR->purF,shared_complete_observation_shared_scores,maximum,prefix,complete,0,500,0.6,0.9,biological_error,2151398048,921666314,2151398048,purR,purF,False,identifiable,fur|rpoD,500,-0.016911234093590105,0.040200935050007096,0.088521005647623,-0.42066768030528984,-0.14341568900820104,5636,,,,[],0,,False,True,
csd-20260805_174708,paired_hierarchical,1,0,0,5d0e9ff5482e9c83,purR->purH,shared_complete_observation_shared_scores,maximum,prefix,complete,0,500,0.6,0.9,biological_error,2151398048,921666314,2151398048,purR,purH,False,identifiable,crp|fur|phoP|rbsR|rpoD,500,0.011780453788084873,0.0498561873428445,0.13523887657964764,0.2362887018831703,-0.13633110241324253,5636,,,,[],0,,False,True,
csd-20260805_174708,paired_hierarchical,1,0,0,5d0e9ff5482e9c83,purR->purK,shared_complete_observation_shared_scores,maximum,prefix,complete,0,500,0.6,0.9,biological_error,2151398048,921666314,2151398048,purR,purK,False,identifiable,fur|rpoD,500,0.019236596771046215,0.07576483463305576,0.31441943949645157,0.2538987495216336,-0.18824981998493068,5636,,,,[],0,,False,True,
csd-20260805_174708,paired_hierarchical,1,0,0,5d0e9ff5482e9c83,purR->purL,shared_complete_observation_shared_scores,maximum,prefix,complete,0,500,0.6,0.9,biological_error,2151398048,921666314,2151398048,purR,purL,False,identifiable,fur|rpoD,500,-0.0028131501796526924,0.07066249934490158,0.2734966547846029,-0.03981107667762768,-0.314982010455803,5636,,,,[],0,,False,True,
csd-20260805_174708,paired_hierarchical,1,0,0,5d0e9ff5482e9c83,purR->purM,shared_complete_observation_shared_scores,maximum,prefix,complete,0,500,0.6,0.9,biological_error,2151398048,921666314,2151398048,purR,purM,False,identifiable,fnr|fur|lrp|rpoD,500,-0.010935239953361958,0.06010833206994034,0.1967252189865444,-0.18192552640851897,-0.13974407356281296,5636,,,,[],0,,False,True,
csd-20260805_174708,paired_hierarchical,1,0,0,5d0e9ff5482e9c83,purR->purN,shared_complete_observation_shared_scores,maximum,prefix,complete,0,500,0.6,0.9,biological_error,2151398048,921666314,2151398048,purR,purN,False,identifiable,fnr|fur|rpoD,500,-0.06110198013619676,0.060760606735186615,0.20160053209179227,-1.005618334301663,-0.23746397185295753,5636,,,,[],0,,False,True,
csd-20260805_174708,paired_hierarchical,1,0,0,5d0e9ff5482e9c83,purR->purT,shared_complete_observation_shared_scores,maximum,prefix,complete,0,500,0.6,0.9,biological_error,2151398048,921666314,2151398048,purR,purT,False,identifiable,fur|lrp|rpoD,500,0.06499063423243359,0.05899689466128132,0.1900928317196105,1.1015941534815368,-0.2197902643074849,5636,,,,[],0,,False,True,
csd-20260805_174708,paired_hierarchical,1,0,0,5d0e9ff5482e9c83,purR->pyrC,shared_complete_observation_shared_scores,maximum,prefix,complete,0,500,0.6,0.9,biological_error,2151398048,921666314,2151398048,purR,pyrC,False,identifiable,fur|rpoD,500,0.0912970845425195,0.0677302264569919,0.2512691005780298,1.3479518572183182,-0.12366734274052353,5636,,,,[],0,,False,True,
csd-20260805_174708,paired_hierarchical,1,0,0,5d0e9ff5482e9c83,purR->pyrD,shared_complete_observation_shared_scores,maximum,prefix,complete,0,500,0.6,0.9,biological_error,2151398048,921666314,2151398048,purR,pyrD,False,identifiable,fis|fur|rpoD,500,0.09130297105324015,0.06150432976176826,0.20711386407134635,1.4844966428687925,-0.16906433754520714,5636,,,,[],0,,False,True,
csd-20260805_174708,paired_hierarchical,1,0,0,5d0e9ff5482e9c83,purR->speA,shared_complete_observation_shared_scores,maximum,prefix,complete,0,500,0.6,0.9,biological_error,2151398048,921666314,2151398048,purR,speA,False,identifiable,fur|rpoD,500,-0.05672662547605838,0.07677080216935508,0.32282427687896775,-0.7389088543183437,-0.22730181890809398,5636,,,,[],0,,False,True,
csd-20260805_174708,paired_hierarchical,1,0,0,5d0e9ff5482e9c83,purR->speB,shared_complete_observation_shared_scores,maximum,prefix,complete,0,500,0.6,0.9,biological_error,2151398048,921666314,2151398048,purR,speB,False,identifiable,fur|rpoD|rpoS,500,0.005043209144811135,0.07992672882481144,0.3486398559324758,0.06309790503080848,-0.20278443265550875,5636,,,,[],0,,False,True,
csd-20260805_174708,paired_hierarchical,1,0,0,5d0e9ff5482e9c83,purR->ubiX,shared_complete_observation_shared_scores,maximum,prefix,complete,0,500,0.6,0.9,biological_error,2151398048,921666314,2151398048,purR,ubiX,False,identifiable,fur|rpoD,500,0.04810967766718524,0.05752391483208933,0.18124703013002738,0.8363422031969837,-0.3684707880131015,5636,,,,[],0,,False,True,
csd-20260805_174708,paired_hierarchical,1,0,0,5d0e9ff5482e9c83,xynR->yagA,shared_complete_observation_shared_scores,maximum,prefix,complete,0,500,0.6,0.9,biological_error,2151398048,921666314,2151398048,xynR,yagA,False,identifiable,fur,500,-0.023973421893428944,0.03509988574180855,0.09660741105739012,-0.6830056960804709,-0.32876133754845943,5636,,,,[],0,,False,True,
csd-20260805_174708,paired_hierarchical,1,0,0,5d0e9ff5482e9c83,xynR->yagB,shared_complete_observation_shared_scores,maximum,prefix,complete,0,500,0.6,0.9,biological_error,2151398048,921666314,2151398048,xynR,yagB,False,identifiable,fur,500,0.008060411124455573,0.052704861557285286,0.21782132327508436,0.15293486950335036,-0.21082391015315646,5636,,,,[],0,,False,True,
csd-20260805_174708,paired_hierarchical,1,0,0,5d0e9ff5482e9c83,xynR->yagE,shared_complete_observation_shared_scores,maximum,prefix,complete,0,500,0.6,0.9,biological_error,2151398048,921666314,2151398048,xynR,yagE,False,identifiable,fur,500,-5.067633722006214e-05,0.06281875119503542,0.3094408429669283,-0.0008067071735113877,-0.10510035995934984,5636,,,,[],0,,False,True,
csd-20260805_174708,paired_hierarchical,1,0,0,5d0e9ff5482e9c83,xynR->yagF,shared_complete_observation_shared_scores,maximum,prefix,complete,0,500,0.6,0.9,biological_error,2151398048,921666314,2151398048,xynR,yagF,False,identifiable,fur,500,-0.30551894556398623,0.06852417404998978,0.368202435910349,-4.458557141325103,-1.136242733065921,5636,,,,[],0,,False,True,
csd-20260805_174708,paired_hierarchical,1,0,0,5d0e9ff5482e9c83,gatR->gatA,shared_complete_observation_shared_scores,maximum,prefix,complete,0,500,0.6,0.9,biological_error,2151398048,921666314,2151398048,gatR,gatA,False,identifiable,arcA|crp|nac|rpoD,500,-0.17932056081711872,0.05008636304663702,0.20166134111601067,-3.5802272297181488,-0.14070489185580629,5636,,,,[],0,,False,True,
csd-20260805_174708,paired_hierarchical,1,0,0,5d0e9ff5482e9c83,gatR->gatB,shared_complete_observation_shared_scores,maximum,prefix,complete,0,500,0.6,0.9,biological_error,2151398048,921666314,2151398048,gatR,gatB,False,identifiable,arcA|crp|rpoD,500,-0.08910696052246356,0.073474761091529,0.4340433221913445,-1.212756043009942,-0.385356157298036,5636,,,,[],0,,False,True,
csd-20260805_174708,paired_hierarchical,1,0,0,5d0e9ff5482e9c83,gatR->gatC,shared_complete_observation_shared_scores,maximum,prefix,complete,0,500,0.6,0.9,biological_error,2151398048,921666314,2151398048,gatR,gatC,False,identifiable,arcA|crp|rpoD,500,-0.017023564913748082,0.08886290236976745,0.6348888516868363,-0.1915711107759155,-0.15771629359206796,5636,,,,[],0,,False,True,
csd-20260805_174708,paired_hierarchical,1,0,0,5d0e9ff5482e9c83,gatR->gatD,shared_complete_observation_shared_scores,maximum,prefix,complete,0,500,0.6,0.9,biological_error,2151398048,921666314,2151398048,gatR,gatD,False,identifiable,arcA|crp|rpoD,500,-0.005066884928495959,0.0563468243312081,0.25526754567612997,-0.08992316760768411,-0.1068531329714718,5636,,,,[],0,,False,True,
csd-20260805_174708,paired_hierarchical,1,0,0,5d0e9ff5482e9c83,gatR->gatY,shared_complete_observation_shared_scores,maximum,prefix,complete,0,500,0.6,0.9,biological_error,2151398048,921666314,2151398048,gatR,gatY,False,identifiable,arcA|crp|rpoD,500,-0.1673928585072148,0.07571230261093823,0.46088186812044785,-2.210906982546736,-0.3830391340685611,5636,,,,[],0,,False,True,
csd-20260805_174708,paired_hierarchical,1,0,0,5d0e9ff5482e9c83,gatR->gatZ,shared_complete_observation_shared_scores,maximum,prefix,complete,0,500,0.6,0.9,biological_error,2151398048,921666314,2151398048,gatR,gatZ,False,identifiable,arcA|crp|rpoD,500,-0.0700759171839373,0.04532703335120382,0.16518526509897197,-1.5460071397343322,-0.5086111626714701,5636,,,,[],0,,False,True,
csd-20260805_174708,paired_hierarchical,1,0,0,5d0e9ff5482e9c83,gcvA->gcvH,shared_complete_observation_shared_scores,maximum,prefix,complete,0,500,0.6,0.9,biological_error,2151398048,921666314,2151398048,gcvA,gcvH,False,identifiable,crp|fnr|glaR|lrp|purR|rpoD,500,-0.08038315838147007,0.05915761531960311,0.23711512594877493,-1.358796461743674,-0.5408487001638186,5636,,,,[],0,,False,True,
csd-20260805_174708,paired_hierarchical,1,0,0,5d0e9ff5482e9c83,gcvA->gcvP,shared_complete_observation_shared_scores,maximum,prefix,complete,0,500,0.6,0.9,biological_error,2151398048,921666314,2151398048,gcvA,gcvP,False,identifiable,crp|fnr|glaR|lrp|purR|rpoD,500,0.2916445929026949,0.06050054497569015,0.2480027602995411,4.820528360858257,0.373132198200357,5636,,,,[],0,,False,True,
csd-20260805_174708,paired_hierarchical,1,0,0,5d0e9ff5482e9c83,gcvA->gcvT,shared_complete_observation_shared_scores,maximum,prefix,complete,0,500,0.6,0.9,biological_error,2151398048,921666314,2151398048,gcvA,gcvT,False,identifiable,crp|fnr|glaR|lrp|nac|purR|rpoD,500,-0.03729689776679483,0.05496239177436257,0.20435112336672304,-0.6785894238356657,-0.26531140026667976,5636,,,,[],0,,False,True,
csd-20260805_174708,paired_hierarchical,1,0,0,5d0e9ff5482e9c83,phoP->mgrB,shared_complete_observation_shared_scores,maximum,prefix,complete,0,500,0.6,0.9,biological_error,2151398048,921666314,2151398048,phoP,mgrB,False,identifiable,alpA|basR|btsR|glaR|glrR|nsrR|ptrR|rcdA,500,0.009764574644479024,0.03998888240961255,0.15471720442127906,0.24418223406343084,0.2040355236589946,5636,,,,[],0,,False,True,
csd-20260805_174708,paired_hierarchical,1,0,0,5d0e9ff5482e9c83,phoP->rstB,shared_complete_observation_shared_scores,maximum,prefix,complete,0,500,0.6,0.9,biological_error,2151398048,921666314,2151398048,phoP,rstB,False,identifiable,alpA|basR|btsR|glaR|glrR|nsrR|ptrR|rcdA,500,0.025275387404743284,0.034149277253656275,0.11282961571869045,0.7401441388349475,0.23397238355835737,5636,,,,[],0,,False,True,
csd-20260805_174708,paired_hierarchical,1,0,0,5d0e9ff5482e9c83,phoP->slyB,shared_complete_observation_shared_scores,maximum,prefix,complete,0,500,0.6,0.9,biological_error,2151398048,921666314,2151398048,phoP,slyB,False,identifiable,alpA|basR|btsR|glaR|glrR|nsrR|ptrR|rcdA,500,0.085215120634046,0.03579704031398808,0.12398076664303091,2.380507435435864,0.18356565606792113,5636,,,,[],0,,False,True,
csd-20260805_174708,paired_hierarchical,1,0,0,5d0e9ff5482e9c83,phoP->ybjG,shared_complete_observation_shared_scores,maximum,prefix,complete,0,500,0.6,0.9,biological_error,2151398048,921666314,2151398048,phoP,ybjG,False,identifiable,alpA|basR|btsR|glaR|glrR|nsrR|ptrR|rcdA,500,0.06926053717920386,0.04386530727409465,0.18616688312765167,1.578936555634406,0.4413506243019034,5636,,,,[],0,,False,True,
csd-20260805_174708,paired_hierarchical,1,0,0,5d0e9ff5482e9c83,glaR->alaE,shared_complete_observation_shared_scores,maximum,prefix,complete,0,500,0.6,0.9,biological_error,2151398048,921666314,2151398048,glaR,alaE,False,identifiable,alpA|basR|btsR|glrR|nsrR|ptrR|rcdA,500,0.15259007191792534,0.06965543151279788,0.2198002986866842,2.1906413987240865,0.4191286980040731,5636,,,,[],0,,False,True,
csd-20260805_174708,paired_hierarchical,1,0,0,5d0e9ff5482e9c83,glaR->apt,shared_complete_observation_shared_scores,maximum,prefix,complete,0,500,0.6,0.9,biological_error,2151398048,921666314,2151398048,glaR,apt,False,identifiable,alpA|basR|btsR|glrR|nsrR|ptrR|rcdA,500,-0.11057122706104615,0.08068924244827437,0.29495080135999047,-1.370334182179583,-0.14627335421358392,5636,,,,[],0,,False,True,
csd-20260805_174708,paired_hierarchical,1,0,0,5d0e9ff5482e9c83,glaR->aroB,shared_complete_observation_shared_scores,maximum,prefix,complete,0,500,0.6,0.9,biological_error,2151398048,921666314,2151398048,glaR,aroB,False,identifiable,alpA|basR|btsR|glrR|nsrR|ptrR|rcdA,500,-0.037885709224103004,0.05451325684641665,0.13462402250094688,-0.6949815772490094,-0.37313607474461336,5636,,,,[],0,,False,True,
csd-20260805_174708,paired_hierarchical,1,0,0,5d0e9ff5482e9c83,glaR->aroP,shared_complete_observation_shared_scores,maximum,prefix,complete,0,500,0.6,0.9,biological_error,2151398048,921666314,2151398048,glaR,aroP,False,identifiable,alpA|basR|btsR|glrR|nsrR|pgrR|ptrR|rcdA,500,-0.2081260369558461,0.06998748171423551,0.2218328994839143,-2.97376090492356,-0.11040560969048634,5636,,,,[],0,,False,True,
csd-20260805_174708,paired_hierarchical,1,0,0,5d0e9ff5482e9c83,glaR->baeS,shared_complete_observation_shared_scores,maximum,prefix,complete,0,500,0.6,0.9,biological_error,2151398048,921666314,2151398048,glaR,baeS,False,identifiable,alpA|basR|btsR|glrR|nsrR|ptrR|rcdA,500,0.014680225036555633,0.09001660802737005,0.3670824251318508,0.16308351712266284,-0.1863927368558692,5636,,,,[],0,,False,True,
csd-20260805_174708,paired_hierarchical,1,0,0,5d0e9ff5482e9c83,glaR->bdcA,shared_complete_observation_shared_scores,maximum,prefix,complete,0,500,0.6,0.9,biological_error,2151398048,921666314,2151398048,glaR,bdcA,False,identifiable,alpA|basR|btsR|glrR|nsrR|ptrR|rcdA,500,-0.04296834570967974,0.06616605907773875,0.1983301959506465,-0.6494016163059685,0.0848999879896848,5636,,,,[],0,,False,True,
csd-20260805_174708,paired_hierarchical,1,0,0,5d0e9ff5482e9c83,glaR->bdcR,shared_complete_observation_shared_scores,maximum,prefix,complete,0,500,0.6,0.9,biological_error,2151398048,921666314,2151398048,glaR,bdcR,False,identifiable,,500,-0.012245053634294631,0.05211115432334894,0.12692732748271845,-0.23497951241521645,-0.20147923032766496,5636,,,,[],0,,False,True,
csd-20260805_174708,paired_hierarchical,1,0,0,5d0e9ff5482e9c83,glaR->bssS,shared_complete_observation_shared_scores,maximum,prefix,complete,0,500,0.6,0.9,biological_error,2151398048,921666314,2151398048,glaR,bssS,False,identifiable,alpA|basR|btsR|glrR|nsrR|ptrR|rcdA|yhaJ,500,-0.031148346230294693,0.05812902387188013,0.1530499254204283,-0.5358484308793404,0.367302341544571,5636,,,,[],0,,False,True,
csd-20260805_174708,paired_hierarchical,1,0,0,5d0e9ff5482e9c83,glaR->cadC,shared_complete_observation_shared_scores,maximum,prefix,complete,0,500,0.6,0.9,biological_error,2151398048,921666314,2151398048,glaR,cadC,False,identifiable,alpA|basR|btsR|glrR|nsrR|ptrR|rcdA,500,-0.00772262525226053,0.09710021626451279,0.4271286456191124,-0.07953252370955756,0.3375483152909445,5636,,,,[],0,,False,True,
csd-20260805_174708,paired_hierarchical,1,0,0,5d0e9ff5482e9c83,glaR->casA,shared_complete_observation_shared_scores,maximum,prefix,complete,0,500,0.6,0.9,biological_error,2151398048,921666314,2151398048,glaR,casA,False,identifiable,alpA|basR|btsR|glrR|nsrR|ptrR|rcdA,500,0.03199947232709708,0.09661376907855083,0.4228597555049732,0.33121026777332574,-0.3872895548197279,5636,,,,[],0,,False,True,
csd-20260805_174708,paired_hierarchical,1,0,0,5d0e9ff5482e9c83,glaR->chaA,shared_complete_observation_shared_scores,maximum,prefix,complete,0,500,0.6,0.9,biological_error,2151398048,921666314,2151398048,glaR,chaA,False,identifiable,alpA|basR|btsR|glrR|nsrR|ptrR|rcdA,500,0.2327767014566038,0.07333596680372483,0.2436421076464265,3.1741137616635444,-0.331390315933781,5636,,,,[],0,,False,True,
csd-20260805_174708,paired_hierarchical,1,0,0,5d0e9ff5482e9c83,glaR->chaB,shared_complete_observation_shared_scores,maximum,prefix,complete,0,500,0.6,0.9,biological_error,2151398048,921666314,2151398048,glaR,chaB,False,identifiable,alpA|basR|btsR|glrR|nsrR|ptrR|rcdA,500,-0.04326147047894853,0.06303424780254864,0.1799995642023851,-0.6863169148057853,-0.1007978606757258,5636,,,,[],0,,False,True,
csd-20260805_174708,paired_hierarchical,1,0,0,5d0e9ff5482e9c83,glaR->chaC,shared_complete_observation_shared_scores,maximum,prefix,complete,0,500,0.6,0.9,biological_error,2151398048,921666314,2151398048,glaR,chaC,False,identifiable,alpA|basR|btsR|glrR|nsrR|ptrR|rcdA,500,0.0024311595544725694,0.04626905017921179,0.09698386169947326,0.05254396935005302,-0.15497741529937845,5636,,,,[],0,,False,True,
csd-20260805_174708,paired_hierarchical,1,0,0,5d0e9ff5482e9c83,glaR->csgI,shared_complete_observation_shared_scores,maximum,prefix,complete,0,500,0.6,0.9,biological_error,2151398048,921666314,2151398048,glaR,csgI,False,identifiable,alpA|basR|btsR|glrR|nsrR|ptrR|rcdA,500,-0.0690070795329474,0.10314991516845486,0.48201000678766937,-0.6689979281151268,-0.31575799791149134,5636,,,,[],0,,False,True,
csd-20260805_174708,paired_hierarchical,1,0,0,5d0e9ff5482e9c83,glaR->cysN,shared_complete_observation_shared_scores,maximum,prefix,complete,0,500,0.6,0.9,biological_error,2151398048,921666314,2151398048,glaR,cysN,False,identifiable,alpA|basR|btsR|glrR|nsrR|ptrR|rcdA,500,0.004874150226481744,0.08605462678560677,0.33548009327761946,0.05664018784980634,0.25451532770938434,5636,,,,[],0,,False,True,
csd-20260805_174708,paired_hierarchical,1,0,0,5d0e9ff5482e9c83,glaR->cysS,shared_complete_observation_shared_scores,maximum,prefix,complete,0,500,0.6,0.9,biological_error,2151398048,921666314,2151398048,glaR,cysS,False,identifiable,alpA|basR|btsR|glrR|nsrR|ptrR|rcdA,500,-0.13075993113640322,0.06316855027125223,0.18076740517712123,-2.070016338429593,-0.24326474243568397,5636,,,,[],0,,False,True,
csd-20260805_174708,paired_hierarchical,1,0,0,5d0e9ff5482e9c83,glaR->dctR,shared_complete_observation_shared_scores,maximum,prefix,complete,0,500,0.6,0.9,biological_error,2151398048,921666314,2151398048,glaR,dctR,False,identifiable,alpA|basR|btsR|glrR|nsrR|ptrR|rcdA,500,-0.0032364737303535937,0.09220320885211744,0.38513268329121875,-0.03510153031164564,0.2403120450756239,5636,,,,[],0,,False,True,
csd-20260805_174708,paired_hierarchical,1,0,0,5d0e9ff5482e9c83,glaR->dgcN,shared_complete_observation_shared_scores,maximum,prefix,complete,0,500,0.6,0.9,biological_error,2151398048,921666314,2151398048,glaR,dgcN,False,identifiable,alpA|basR|btsR|glrR|nsrR|ptrR|rcdA,500,-0.16928167795287394,0.07428800135050294,0.25000900557271666,-2.278721662656871,-0.06333133001764864,5636,,,,[],0,,False,True,
csd-20260805_174708,paired_hierarchical,1,0,0,5d0e9ff5482e9c83,glaR->dinQ,shared_complete_observation_shared_scores,maximum,prefix,complete,0,500,0.6,0.9,biological_error,2151398048,921666314,2151398048,glaR,dinQ,False,identifiable,alpA|basR|btsR|glrR|nsrR|ptrR|rcdA,500,-0.0005230473084450599,0.0567958280607756,0.1461339676141031,-0.00920925579050211,-0.10321457199297944,5636,,,,[],0,,False,True,
csd-20260805_174708,paired_hierarchical,1,0,0,5d0e9ff5482e9c83,glaR->elfC,shared_complete_observation_shared_scores,maximum,prefix,complete,0,500,0.6,0.9,biological_error,2151398048,921666314,2151398048,glaR,elfC,False,identifiable,,500,-0.06193225364994554,0.0585375176261789,0.16016305798264482,-1.0579924834777836,-0.3277891110200488,5636,,,,[],0,,False,True,
csd-20260805_174708,paired_hierarchical,1,0,0,5d0e9ff5482e9c83,glaR->fhuE,shared_complete_observation_shared_scores,maximum,prefix,complete,0,500,0.6,0.9,biological_error,2151398048,921666314,2151398048,glaR,fhuE,False,identifiable,alpA|basR|btsR|glrR|nsrR|ptrR|rcdA,500,0.047918694916710934,0.05107093088868031,0.11815874027412081,0.9382772955746522,-0.18902764108871772,5636,,,,[],0,,False,True,
csd-20260805_174708,paired_hierarchical,1,0,0,5d0e9ff5482e9c83,glaR->gabD,shared_complete_observation_shared_scores,maximum,prefix,complete,0,500,0.6,0.9,biological_error,2151398048,921666314,2151398048,glaR,gabD,False,identifiable,alpA|basR|btsR|glrR|nsrR|ptrR|rcdA,500,0.01188525318881817,0.07796029386425223,0.27533742037013664,0.15245264736319847,-0.2965438660268055,5636,,,,[],0,,False,True,
csd-20260805_174708,paired_hierarchical,1,0,0,5d0e9ff5482e9c83,glaR->gabP,shared_complete_observation_shared_scores,maximum,prefix,complete,0,500,0.6,0.9,biological_error,2151398048,921666314,2151398048,glaR,gabP,False,identifiable,alpA|basR|btsR|glrR|nsrR|ptrR|rcdA,500,-0.09927059272609039,0.1212910674395927,0.6664628416482467,-0.8184493287234915,-0.4167866612677691,5636,,,,[],0,,False,True,
csd-20260805_174708,paired_hierarchical,1,0,0,5d0e9ff5482e9c83,glaR->gabT,shared_complete_observation_shared_scores,maximum,prefix,complete,0,500,0.6,0.9,biological_error,2151398048,921666314,2151398048,glaR,gabT,False,identifiable,alpA|basR|btsR|glrR|nsrR|ptrR|rcdA,500,0.09102248453849543,0.10036976183052844,0.456377359661431,0.9068715804286193,-0.18076862488201756,5636,,,,[],0,,False,True,
csd-20260805_174708,paired_hierarchical,1,0,0,5d0e9ff5482e9c83,glaR->gadW,shared_complete_observation_shared_scores,maximum,prefix,complete,0,500,0.6,0.9,biological_error,2151398048,921666314,2151398048,glaR,gadW,False,identifiable,alpA|basR|btsR|glrR|nsrR|ptrR|rcdA,500,-0.05433790619737075,0.12253220452191241,0.6801720763217415,-0.44345816195328075,-0.4066824661576217,5636,,,,[],0,,False,True,
csd-20260805_174708,paired_hierarchical,1,0,0,5d0e9ff5482e9c83,glaR->gadX,shared_complete_observation_shared_scores,maximum,prefix,complete,0,500,0.6,0.9,biological_error,2151398048,921666314,2151398048,glaR,gadX,False,identifiable,alpA|basR|btsR|glrR|nsrR|ptrR|rcdA,500,0.033535259429996384,0.1848222567708061,1.5474864038578657,0.181446001233405,0.15997503017791861,5636,,,,[],0,,False,True,
csd-20260805_174708,paired_hierarchical,1,0,0,5d0e9ff5482e9c83,glaR->gcvA,shared_complete_observation_shared_scores,maximum,prefix,complete,0,500,0.6,0.9,biological_error,2151398048,921666314,2151398048,glaR,gcvA,False,identifiable,alpA|basR|btsR|glrR|nsrR|ptrR|rcdA,500,-0.001812721886349001,0.055167309023418265,0.13787385054608015,-0.03285862439981455,-0.09484547189753882,5636,,,,[],0,,False,True,
csd-20260805_174708,paired_hierarchical,1,0,0,5d0e9ff5482e9c83,glaR->gdhA,shared_complete_observation_shared_scores,maximum,prefix,complete,0,500,0.6,0.9,biological_error,2151398048,921666314,2151398048,glaR,gdhA,False,identifiable,alpA|basR|btsR|glrR|nsrR|ptrR|rcdA,500,-0.03604642136119469,0.0688909919257999,0.2150023368148416,-0.5232385302278568,-0.3404117644701214,5636,,,,[],0,,False,True,
csd-20260805_174708,paired_hierarchical,1,0,0,5d0e9ff5482e9c83,glaR->glaH,shared_complete_observation_shared_scores,maximum,prefix,complete,0,500,0.6,0.9,biological_error,2151398048,921666314,2151398048,glaR,glaH,False,identifiable,alpA|basR|btsR|glrR|nsrR|ptrR|rcdA,500,0.0027819045447900967,0.09064153372566319,0.37219693742927834,0.03069127838469552,-0.22056642482556235,5636,,,,[],0,,False,True,
csd-20260805_174708,paired_hierarchical,1,0,0,5d0e9ff5482e9c83,glaR->gltF,shared_complete_observation_shared_scores,maximum,prefix,complete,0,500,0.6,0.9,biological_error,2151398048,921666314,2151398048,glaR,gltF,False,identifiable,alpA|basR|btsR|glrR|nsrR|ptrR|rcdA,500,0.05958323476169074,0.0800517022409648,0.2903082961483619,0.7443094037193408,0.13091469208413822,5636,,,,[],0,,False,True,
csd-20260805_174708,paired_hierarchical,1,0,0,5d0e9ff5482e9c83,glaR->hinT,shared_complete_observation_shared_scores,maximum,prefix,complete,0,500,0.6,0.9,biological_error,2151398048,921666314,2151398048,glaR,hinT,False,identifiable,,500,0.036232860352330115,0.054533969581320015,0.13900421585856207,0.6644090028748112,0.19973838467873245,5636,,,,[],0,,False,True,
csd-20260805_174708,paired_hierarchical,1,0,0,5d0e9ff5482e9c83,glaR->htrE,shared_complete_observation_shared_scores,maximum,prefix,complete,0,500,0.6,0.9,biological_error,2151398048,921666314,2151398048,glaR,htrE,False,identifiable,alpA|basR|btsR|glrR|nsrR|ptrR|rcdA,500,0.20983055007242923,0.06915000248872508,0.21662207141375123,3.0344257775933148,0.21571569917518438,5636,,,,[],0,,False,True,
csd-20260805_174708,paired_hierarchical,1,0,0,5d0e9ff5482e9c83,glaR->hxpA,shared_complete_observation_shared_scores,maximum,prefix,complete,0,500,0.6,0.9,biological_error,2151398048,921666314,2151398048,glaR,hxpA,False,identifiable,,500,0.1228035019875499,0.05024354233122535,0.11799245870744268,2.444164887459179,-0.1498512511567497,5636,,,,[],0,,False,True,
csd-20260805_174708,paired_hierarchical,1,0,0,5d0e9ff5482e9c83,glaR->idnD,shared_complete_observation_shared_scores,maximum,prefix,complete,0,500,0.6,0.9,biological_error,2151398048,921666314,2151398048,glaR,idnD,False,identifiable,alpA|basR|btsR|glrR|nsrR|ptrR|rcdA,500,0.0001129774469957115,0.05004974334545398,0.11348070201444153,0.0022573032236332786,0.45011805658124204,5636,,,,[],0,,False,True,
csd-20260805_174708,paired_hierarchical,1,0,0,5d0e9ff5482e9c83,glaR->idnK,shared_complete_observation_shared_scores,maximum,prefix,complete,0,500,0.6,0.9,biological_error,2151398048,921666314,2151398048,glaR,idnK,False,identifiable,alpA|basR|btsR|glrR|nsrR|ptrR|rcdA,500,-0.09740806171423051,0.0590120014254338,0.15776076106082795,-1.6506483318874228,-0.1437078073887511,5636,,,,[],0,,False,True,
csd-20260805_174708,paired_hierarchical,1,0,0,5d0e9ff5482e9c83,glaR->inaA,shared_complete_observation_shared_scores,maximum,prefix,complete,0,500,0.6,0.9,biological_error,2151398048,921666314,2151398048,glaR,inaA,False,identifiable,alpA|basR|btsR|glrR|nsrR|ptrR|rcdA,500,-0.12026814216347671,0.10046125648701633,0.45720978410703783,-1.197159446030025,-0.3597544504498529,5636,,,,[],0,,False,True,
csd-20260805_174708,paired_hierarchical,1,0,0,5d0e9ff5482e9c83,glaR->kdgT,shared_complete_observation_shared_scores,maximum,prefix,complete,0,500,0.6,0.9,biological_error,2151398048,921666314,2151398048,glaR,kdgT,False,identifiable,,500,0.00022646327040098946,0.04593512391180713,0.0986242091107734,0.004930067693640846,-0.26458665892119976,5636,,,,[],0,,False,True,
csd-20260805_174708,paired_hierarchical,1,0,0,5d0e9ff5482e9c83,glaR->kdsA,shared_complete_observation_shared_scores,maximum,prefix,complete,0,500,0.6,0.9,biological_error,2151398048,921666314,2151398048,glaR,kdsA,False,identifiable,alpA|basR|btsR|glrR|nsrR|ptrR|rcdA,500,0.08213699100831845,0.05726402230944772,0.14855319770805026,1.4343559480411674,0.3157966093600006,5636,,,,[],0,,False,True,
csd-20260805_174708,paired_hierarchical,1,0,0,5d0e9ff5482e9c83,glaR->ldcC,shared_complete_observation_shared_scores,maximum,prefix,complete,0,500,0.6,0.9,biological_error,2151398048,921666314,2151398048,glaR,ldcC,False,identifiable,alpA|basR|btsR|glrR|nsrR|ptrR|rcdA,500,-0.08611842548977786,0.05937387277413745,0.15970152354615658,-1.4504431236510147,-0.28166755566541096,5636,,,,[],0,,False,True,
csd-20260805_174708,paired_hierarchical,1,0,0,5d0e9ff5482e9c83,glaR->lhgD,shared_complete_observation_shared_scores,maximum,prefix,complete,0,500,0.6,0.9,biological_error,2151398048,921666314,2151398048,glaR,lhgD,False,identifiable,alpA|basR|btsR|glrR|nsrR|ptrR|rcdA,500,-0.03191606852128088,0.06623176533443542,0.1987242954462326,-0.4818846117134519,-0.29129338688166706,5636,,,,[],0,,False,True,
csd-20260805_174708,paired_hierarchical,1,0,0,5d0e9ff5482e9c83,glaR->lsrG,shared_complete_observation_shared_scores,maximum,prefix,complete,0,500,0.6,0.9,biological_error,2151398048,921666314,2151398048,glaR,lsrG,False,identifiable,alpA|basR|btsR|glrR|nsrR|ptrR|rcdA,500,-0.004383938469436421,0.05157861342490738,0.12051958570752741,-0.08499527572254222,0.20373672329367332,5636,,,,[],0,,False,True,
csd-20260805_174708,paired_hierarchical,1,0,0,5d0e9ff5482e9c83,glaR->mglA,shared_complete_observation_shared_scores,maximum,prefix,complete,0,500,0.6,0.9,biological_error,2151398048,921666314,2151398048,glaR,mglA,False,identifiable,alpA|basR|btsR|glrR|nsrR|ptrR|rcdA,500,0.01479269168299327,0.05209319572922357,0.12293634740344596,0.28396590909654584,-0.1265532482151586,5636,,,,[],0,,False,True,
csd-20260805_174708,paired_hierarchical,1,0,0,5d0e9ff5482e9c83,glaR->mrdA,shared_complete_observation_shared_scores,maximum,prefix,complete,0,500,0.6,0.9,biological_error,2151398048,921666314,2151398048,glaR,mrdA,False,identifiable,,500,-0.06932477639199026,0.04998620737065865,0.11678689771675851,-1.3868781017517873,-0.1910754744035247,5636,,,,[],0,,False,True,
csd-20260805_174708,paired_hierarchical,1,0,0,5d0e9ff5482e9c83,glaR->murD,shared_complete_observation_shared_scores,maximum,prefix,complete,0,500,0.6,0.9,biological_error,2151398048,921666314,2151398048,glaR,murD,False,identifiable,alpA|basR|btsR|glrR|nsrR|ptrR|rcdA,500,-0.040108973354102156,0.0778043424627233,0.2742369548194986,-0.5155107296654899,0.12666806223393962,5636,,,,[],0,,False,True,
csd-20260805_174708,paired_hierarchical,1,0,0,5d0e9ff5482e9c83,glaR->nlpA,shared_complete_observation_shared_scores,maximum,prefix,complete,0,500,0.6,0.9,biological_error,2151398048,921666314,2151398048,glaR,nlpA,False,identifiable,alpA|basR|btsR|glrR|nsrR|ptrR|rcdA,500,-0.06812457900571348,0.09472470245695426,0.40648526185872724,-0.7191849352777996,-0.11119615654810104,5636,,,,[],0,,False,True,
csd-20260805_174708,paired_hierarchical,1,0,0,5d0e9ff5482e9c83,glaR->orn,shared_complete_observation_shared_scores,maximum,prefix,complete,0,500,0.6,0.9,biological_error,2151398048,921666314,2151398048,glaR,orn,False,identifiable,,500,-0.015744232673484123,0.05171062107736434,0.12498366536390983,-0.30446806372580887,0.2953661190353301,5636,,,,[],0,,False,True,
csd-20260805_174708,paired_hierarchical,1,0,0,5d0e9ff5482e9c83,glaR->oxc,shared_complete_observation_shared_scores,maximum,prefix,complete,0,500,0.6,0.9,biological_error,2151398048,921666314,2151398048,glaR,oxc,False,identifiable,alpA|basR|btsR|glrR|nsrR|ptrR|rcdA,500,-0.00021008627633622295,0.08190385826265258,0.3038974287235791,-0.002565035161866366,-0.4279657545140921,5636,,,,[],0,,False,True,
csd-20260805_174708,paired_hierarchical,1,0,0,5d0e9ff5482e9c83,glaR->pdeG,shared_complete_observation_shared_scores,maximum,prefix,complete,0,500,0.6,0.9,biological_error,2151398048,921666314,2151398048,glaR,pdeG,False,identifiable,alpA|basR|btsR|glrR|nsrR|ptrR|rcdA,500,-0.10327232373581063,0.08011875775605164,0.2907948548343882,-1.2889905763424063,-0.1405376321678625,5636,,,,[],0,,False,True,
csd-20260805_174708,paired_hierarchical,1,0,0,5d0e9ff5482e9c83,glaR->pdhR,shared_complete_observation_shared_scores,maximum,prefix,complete,0,500,0.6,0.9,biological_error,2151398048,921666314,2151398048,glaR,pdhR,False,identifiable,alpA|basR|btsR|glrR|nsrR|ptrR|rcdA,500,0.07460068651308427,0.04328107529080938,0.08486221990206487,1.7236329275979316,0.20618780432743158,5636,,,,[],0,,False,True,
csd-20260805_174708,paired_hierarchical,1,0,0,5d0e9ff5482e9c83,glaR->pdxA,shared_complete_observation_shared_scores,maximum,prefix,complete,0,500,0.6,0.9,biological_error,2151398048,921666314,2151398048,glaR,pdxA,False,identifiable,alpA|basR|btsR|glrR|nsrR|ptrR|rcdA,500,0.031187679822718875,0.06479637840683804,0.19020405444253774,0.4813182555805866,-0.3223193694837937,5636,,,,[],0,,False,True,
csd-20260805_174708,paired_hierarchical,1,0,0,5d0e9ff5482e9c83,glaR->phoH,shared_complete_observation_shared_scores,maximum,prefix,complete,0,500,0.6,0.9,biological_error,2151398048,921666314,2151398048,glaR,phoH,False,identifiable,alpA|basR|btsR|glrR|nsrR|ptrR|rcdA,500,-0.041015084295094456,0.09100131835417948,0.37515753392792084,-0.4507086824331785,-0.5306812057635635,5636,,,,[],0,,False,True,
csd-20260805_174708,paired_hierarchical,1,0,0,5d0e9ff5482e9c83,glaR->pliG,shared_complete_observation_shared_scores,maximum,prefix,complete,0,500,0.6,0.9,biological_error,2151398048,921666314,2151398048,glaR,pliG,False,identifiable,zur,500,0.021155387320959767,0.04453197456549789,0.09259098982388174,0.4750606171716976,0.4218571509707738,5636,,,,[],0,,False,True,
csd-20260805_174708,paired_hierarchical,1,0,0,5d0e9ff5482e9c83,glaR->ppiB,shared_complete_observation_shared_scores,maximum,prefix,complete,0,500,0.6,0.9,biological_error,2151398048,921666314,2151398048,glaR,ppiB,False,identifiable,alpA|basR|btsR|glrR|nsrR|ptrR|rcdA,500,0.05538021667802175,0.055886901300585656,0.14149411108345702,0.9909337499347348,0.08102921265846175,5636,,,,[],0,,False,True,
csd-20260805_174708,paired_hierarchical,1,0,0,5d0e9ff5482e9c83,glaR->ppx,shared_complete_observation_shared_scores,maximum,prefix,complete,0,500,0.6,0.9,biological_error,2151398048,921666314,2151398048,glaR,ppx,False,identifiable,alpA|basR|btsR|glrR|nsrR|ptrR|rcdA,500,0.048687930391988085,0.054901342728310785,0.1365476519780577,0.886825858393466,-0.09936885162380774,5636,,,,[],0,,False,True,
csd-20260805_174708,paired_hierarchical,1,0,0,5d0e9ff5482e9c83,glaR->priC,shared_complete_observation_shared_scores,maximum,prefix,complete,0,500,0.6,0.9,biological_error,2151398048,921666314,2151398048,glaR,priC,False,identifiable,,500,0.06777198718409992,0.04601902080351752,0.09898479682811598,1.4726951160794732,0.2794876344825026,5636,,,,[],0,,False,True,
csd-20260805_174708,paired_hierarchical,1,0,0,5d0e9ff5482e9c83,glaR->prmC,shared_complete_observation_shared_scores,maximum,prefix,complete,0,500,0.6,0.9,biological_error,2151398048,921666314,2151398048,glaR,prmC,False,identifiable,alpA|basR|btsR|glrR|nsrR|ptrR|rcdA,500,-0.0258049144571369,0.03880975765632653,0.06823389548217036,-0.6649078998546732,-0.4088354936943101,5636,,,,[],0,,False,True,
csd-20260805_174708,paired_hierarchical,1,0,0,5d0e9ff5482e9c83,glaR->rfbB,shared_complete_observation_shared_scores,maximum,prefix,complete,0,500,0.6,0.9,biological_error,2151398048,921666314,2151398048,glaR,rfbB,False,identifiable,alpA|basR|btsR|glrR|nsrR|ptrR|rcdA,500,0.055284095699848004,0.05865322810206608,0.1558483264533147,0.9425584488486253,0.25028398590627327,5636,,,,[],0,,False,True,
csd-20260805_174708,paired_hierarchical,1,0,0,5d0e9ff5482e9c83,glaR->rhsD,shared_complete_observation_shared_scores,maximum,prefix,complete,0,500,0.6,0.9,biological_error,2151398048,921666314,2151398048,glaR,rhsD,False,identifiable,,500,-0.004751443053320269,0.08747456201732454,0.35764923658959913,-0.05431799764117979,-0.11926904870229,5636,,,,[],0,,False,True,
csd-20260805_174708,paired_hierarchical,1,0,0,5d0e9ff5482e9c83,glaR->rpiB,shared_complete_observation_shared_scores,maximum,prefix,complete,0,500,0.6,0.9,biological_error,2151398048,921666314,2151398048,glaR,rpiB,False,identifiable,alpA|basR|btsR|glrR|nsrR|ptrR|rcdA,500,0.07686786654988566,0.05205065566450091,0.12273564614988755,1.4767895921493712,0.09875907733278146,5636,,,,[],0,,False,True,
csd-20260805_174708,paired_hierarchical,1,0,0,5d0e9ff5482e9c83,glaR->rpsF,shared_complete_observation_shared_scores,maximum,prefix,complete,0,500,0.6,0.9,biological_error,2151398048,921666314,2151398048,glaR,rpsF,False,identifiable,alpA|basR|btsR|glrR|nsrR|ptrR|rcdA,500,0.018383675471537415,0.04714885432890074,0.10070721657860304,0.38990715115359253,0.2912620656732374,5636,,,,[],0,,False,True,
csd-20260805_174708,paired_hierarchical,1,0,0,5d0e9ff5482e9c83,glaR->rsgA,shared_complete_observation_shared_scores,maximum,prefix,complete,0,500,0.6,0.9,biological_error,2151398048,921666314,2151398048,glaR,rsgA,False,identifiable,,500,-0.019939590261435977,0.04636254299149717,0.10046811341036191,-0.43007973624511653,-0.20864847800013192,5636,,,,[],0,,False,True,
csd-20260805_174708,paired_hierarchical,1,0,0,5d0e9ff5482e9c83,glaR->rssB,shared_complete_observation_shared_scores,maximum,prefix,complete,0,500,0.6,0.9,biological_error,2151398048,921666314,2151398048,glaR,rssB,False,identifiable,alpA|basR|btsR|glrR|nsrR|ptrR|rcdA,500,-0.03997554598486708,0.045781588865858126,0.09495110563050124,-0.8731795242405636,-0.25068706604667496,5636,,,,[],0,,False,True,
csd-20260805_174708,paired_hierarchical,1,0,0,5d0e9ff5482e9c83,glaR->safA,shared_complete_observation_shared_scores,maximum,prefix,complete,0,500,0.6,0.9,biological_error,2151398048,921666314,2151398048,glaR,safA,False,identifiable,alpA|basR|btsR|glrR|nsrR|ptrR|rcdA,500,-0.009763375929067411,0.05336663190159159,0.1290202540766525,-0.18294907475276195,0.2033549496306003,5636,,,,[],0,,False,True,
csd-20260805_174708,paired_hierarchical,1,0,0,5d0e9ff5482e9c83,glaR->sgcC,shared_complete_observation_shared_scores,maximum,prefix,complete,0,500,0.6,0.9,biological_error,2151398048,921666314,2151398048,glaR,sgcC,False,identifiable,alpA|basR|btsR|glrR|nsrR|ptrR|rcdA,500,0.005264976106093732,0.06319012612183653,0.18089091209902558,0.0833196011658904,-0.2891396684849703,5636,,,,[],0,,False,True,
csd-20260805_174708,paired_hierarchical,1,0,0,5d0e9ff5482e9c83,glaR->smg,shared_complete_observation_shared_scores,maximum,prefix,complete,0,500,0.6,0.9,biological_error,2151398048,921666314,2151398048,glaR,smg,False,identifiable,,500,0.21305547507793582,0.05799284292291679,0.15719638248499052,3.67382360201113,0.13647049427656366,5636,,,,[],0,,False,True,
csd-20260805_174708,paired_hierarchical,1,0,0,5d0e9ff5482e9c83,glaR->tam,shared_complete_observation_shared_scores,maximum,prefix,complete,0,500,0.6,0.9,biological_error,2151398048,921666314,2151398048,glaR,tam,False,identifiable,alpA|basR|btsR|glrR|nsrR|ptrR|rcdA,500,-0.15410106743925836,0.058812997103625426,0.1566985318126987,-2.6201872890058695,-0.261059634869506,5636,,,,[],0,,False,True,
csd-20260805_174708,paired_hierarchical,1,0,0,5d0e9ff5482e9c83,glaR->tar,shared_complete_observation_shared_scores,maximum,prefix,complete,0,500,0.6,0.9,biological_error,2151398048,921666314,2151398048,glaR,tar,False,identifiable,alpA|basR|btsR|glrR|nsrR|ptrR|rcdA,500,-0.0831989206887612,0.07881883398108563,0.28143513564346534,-1.055571574539236,-0.32222255050795784,5636,,,,[],0,,False,True,
csd-20260805_174708,paired_hierarchical,1,0,0,5d0e9ff5482e9c83,glaR->tehA,shared_complete_observation_shared_scores,maximum,prefix,complete,0,500,0.6,0.9,biological_error,2151398048,921666314,2151398048,glaR,tehA,False,identifiable,nsrR,500,-0.038689947712789434,0.059239123090511187,0.16399977599400756,-0.6531147946547966,-0.35297780503813186,5636,,,,[],0,,False,True,
csd-20260805_174708,paired_hierarchical,1,0,0,5d0e9ff5482e9c83,glaR->ttdA,shared_complete_observation_shared_scores,maximum,prefix,complete,0,500,0.6,0.9,biological_error,2151398048,921666314,2151398048,glaR,ttdA,False,identifiable,alpA|basR|btsR|glrR|nsrR|ptrR|rcdA,500,-0.030111479582541123,0.06445667258275564,0.18821492933053613,-0.46715845506733417,-0.29818979433058607,5636,,,,[],0,,False,True,
csd-20260805_174708,paired_hierarchical,1,0,0,5d0e9ff5482e9c83,glaR->ttdR,shared_complete_observation_shared_scores,maximum,prefix,complete,0,500,0.6,0.9,biological_error,2151398048,921666314,2151398048,glaR,ttdR,False,identifiable,alpA|basR|btsR|glrR|nsrR|ptrR|rcdA,500,0.020490596979013374,0.11087895945301515,0.5569504863342599,0.18480149056319603,-0.4269465800606801,5636,,,,[],0,,False,True,
csd-20260805_174708,paired_hierarchical,1,0,0,5d0e9ff5482e9c83,glaR->yadN,shared_complete_observation_shared_scores,maximum,prefix,complete,0,500,0.6,0.9,biological_error,2151398048,921666314,2151398048,glaR,yadN,False,identifiable,,500,0.12392546765189846,0.04877667839149276,0.1112034327143284,2.540670495379869,0.2556895149339562,5636,,,,[],0,,False,True,
csd-20260805_174708,paired_hierarchical,1,0,0,5d0e9ff5482e9c83,glaR->ybaN,shared_complete_observation_shared_scores,maximum,prefix,complete,0,500,0.6,0.9,biological_error,2151398048,921666314,2151398048,glaR,ybaN,False,identifiable,alpA|basR|btsR|glrR|nsrR|ptrR|rcdA,500,0.012829632359852227,0.05395435092502486,0.1318776649547085,0.2377867982821316,-0.09111446098168624,5636,,,,[],0,,False,True,
csd-20260805_174708,paired_hierarchical,1,0,0,5d0e9ff5482e9c83,glaR->ycbU,shared_complete_observation_shared_scores,maximum,prefix,complete,0,500,0.6,0.9,biological_error,2151398048,921666314,2151398048,glaR,ycbU,False,identifiable,,500,-0.03220838954265724,0.05237248620345363,0.12820357361310403,-0.6149868352160319,-0.10586279228136686,5636,,,,[],0,,False,True,
csd-20260805_174708,paired_hierarchical,1,0,0,5d0e9ff5482e9c83,glaR->ycbV,shared_complete_observation_shared_scores,maximum,prefix,complete,0,500,0.6,0.9,biological_error,2151398048,921666314,2151398048,glaR,ycbV,False,identifiable,,500,-0.04812278598442644,0.04601269668973007,0.09895759294179396,-1.0458588486765943,-0.3641023438455893,5636,,,,[],0,,False,True,
csd-20260805_174708,paired_hierarchical,1,0,0,5d0e9ff5482e9c83,glaR->yccU,shared_complete_observation_shared_scores,maximum,prefix,complete,0,500,0.6,0.9,biological_error,2151398048,921666314,2151398048,glaR,yccU,False,identifiable,,500,-0.05675547402705,0.0662147447954463,0.20492888076057486,-0.857142532261986,-0.1899191192341928,5636,,,,[],0,,False,True,
csd-20260805_174708,paired_hierarchical,1,0,0,5d0e9ff5482e9c83,glaR->ycgJ,shared_complete_observation_shared_scores,maximum,prefix,complete,0,500,0.6,0.9,biological_error,2151398048,921666314,2151398048,glaR,ycgJ,False,identifiable,alpA|basR|btsR|glrR|nsrR|ptrR|rcdA,500,-0.028871921433473044,0.047841186353272884,0.10368649299380744,-0.6034950977234258,-0.21164784703828182,5636,,,,[],0,,False,True,
csd-20260805_174708,paired_hierarchical,1,0,0,5d0e9ff5482e9c83,glaR->ycgV,shared_complete_observation_shared_scores,maximum,prefix,complete,0,500,0.6,0.9,biological_error,2151398048,921666314,2151398048,glaR,ycgV,False,identifiable,alpA|basR|btsR|glrR|nsrR|ptrR|rcdA,500,0.029033767824228347,0.04751014751183543,0.10225653252896182,0.6111066655180483,-0.07984304816677285,5636,,,,[],0,,False,True,
csd-20260805_174708,paired_hierarchical,1,0,0,5d0e9ff5482e9c83,glaR->ycgY,shared_complete_observation_shared_scores,maximum,prefix,complete,0,500,0.6,0.9,biological_error,2151398048,921666314,2151398048,glaR,ycgY,False,identifiable,,500,0.02288569173424329,0.049108077071611404,0.11271964350680426,0.4660270387062894,0.21915366119848415,5636,,,,[],0,,False,True,
csd-20260805_174708,paired_hierarchical,1,0,0,5d0e9ff5482e9c83,glaR->ychQ,shared_complete_observation_shared_scores,maximum,prefix,complete,0,500,0.6,0.9,biological_error,2151398048,921666314,2151398048,glaR,ychQ,False,identifiable,alpA|basR|btsR|glrR|nsrR|ptrR|rcdA,500,0.0064779784289596964,0.07099788203713871,0.2283542458027877,0.09124185458900157,0.4232861351684797,5636,,,,[],0,,False,True,
csd-20260805_174708,paired_hierarchical,1,0,0,5d0e9ff5482e9c83,glaR->yciU,shared_complete_observation_shared_scores,maximum,prefix,complete,0,500,0.6,0.9,biological_error,2151398048,921666314,2151398048,glaR,yciU,False,identifiable,,500,-0.07024787344461846,0.04970763756317525,0.11548883361660098,-1.4132209231496442,-0.1380783915080884,5636,,,,[],0,,False,True,
csd-20260805_174708,paired_hierarchical,1,0,0,5d0e9ff5482e9c83,glaR->ycjP,shared_complete_observation_shared_scores,maximum,prefix,complete,0,500,0.6,0.9,biological_error,2151398048,921666314,2151398048,glaR,ycjP,False,identifiable,ycjW,500,0.038444803779877676,0.055089455782704876,0.14185042297995465,0.6978613826123016,-0.3009452281424059,5636,,,,[],0,,False,True,
csd-20260805_174708,paired_hierarchical,1,0,0,5d0e9ff5482e9c83,glaR->ydcK,shared_complete_observation_shared_scores,maximum,prefix,complete,0,500,0.6,0.9,biological_error,2151398048,921666314,2151398048,glaR,ydcK,False,identifiable,alpA|basR|btsR|glrR|nsrR|ptrR|rcdA,500,0.03165563180404561,0.05459500589504533,0.13502809440327596,0.5798265113278147,-0.07400278346835328,5636,,,,[],0,,False,True,
csd-20260805_174708,paired_hierarchical,1,0,0,5d0e9ff5482e9c83,glaR->ydeO,shared_complete_observation_shared_scores,maximum,prefix,complete,0,500,0.6,0.9,biological_error,2151398048,921666314,2151398048,glaR,ydeO,False,identifiable,alpA|basR|btsR|glrR|nsrR|ptrR|rcdA,500,-0.16110952047710364,0.05393303160531779,0.13177346625406247,-2.9872142485166413,0.13163783845356297,5636,,,,[],0,,False,True,
csd-20260805_174708,paired_hierarchical,1,0,0,5d0e9ff5482e9c83,glaR->ydfI,shared_complete_observation_shared_scores,maximum,prefix,complete,0,500,0.6,0.9,biological_error,2151398048,921666314,2151398048,glaR,ydfI,False,identifiable,,500,-0.08683441029199915,0.05554511310311075,0.1442067070628543,-1.5633132320894685,-0.42640392841640595,5636,,,,[],0,,False,True,
csd-20260805_174708,paired_hierarchical,1,0,0,5d0e9ff5482e9c83,glaR->ydfK,shared_complete_observation_shared_scores,maximum,prefix,complete,0,500,0.6,0.9,biological_error,2151398048,921666314,2151398048,glaR,ydfK,False,identifiable,alpA|basR|btsR|glrR|nsrR|ptrR|rcdA,500,-1.5232809888562904e-05,0.058077494430436,0.1528037624539394,-0.00026228421246389066,0.17519754800954823,5636,,,,[],0,,False,True,
csd-20260805_174708,paired_hierarchical,1,0,0,5d0e9ff5482e9c83,glaR->ydhS,shared_complete_observation_shared_scores,maximum,prefix,complete,0,500,0.6,0.9,biological_error,2151398048,921666314,2151398048,glaR,ydhS,False,identifiable,,500,-0.019199007176758917,0.05291102880242935,0.1308537463799186,-0.3628545430187783,-0.331730803568504,5636,,,,[],0,,False,True,
csd-20260805_174708,paired_hierarchical,1,0,0,5d0e9ff5482e9c83,glaR->yeaE,shared_complete_observation_shared_scores,maximum,prefix,complete,0,500,0.6,0.9,biological_error,2151398048,921666314,2151398048,glaR,yeaE,False,identifiable,alpA|basR|btsR|glrR|nsrR|ptrR|rcdA,500,-0.07663396407081993,0.06579570092832199,0.19611614144158976,-1.164726007772228,-0.07994172681724192,5636,,,,[],0,,False,True,
csd-20260805_174708,paired_hierarchical,1,0,0,5d0e9ff5482e9c83,glaR->yehD,shared_complete_observation_shared_scores,maximum,prefix,complete,0,500,0.6,0.9,biological_error,2151398048,921666314,2151398048,glaR,yehD,False,identifiable,,500,0.022522112915894545,0.03995405882544357,0.0746131814629467,0.5637002491859976,0.13921484983104487,5636,,,,[],0,,False,True,
csd-20260805_174708,paired_hierarchical,1,0,0,5d0e9ff5482e9c83,glaR->yehE,shared_complete_observation_shared_scores,maximum,prefix,complete,0,500,0.6,0.9,biological_error,2151398048,921666314,2151398048,glaR,yehE,False,identifiable,alpA|basR|btsR|glrR|nsrR|ptrR|rcdA,500,-0.022796762209425073,0.06425586696801844,0.18704404224635357,-0.354781022887319,-0.21546549376198693,5636,,,,[],0,,False,True,
csd-20260805_174708,paired_hierarchical,1,0,0,5d0e9ff5482e9c83,glaR->yehS,shared_complete_observation_shared_scores,maximum,prefix,complete,0,500,0.6,0.9,biological_error,2151398048,921666314,2151398048,glaR,yehS,False,identifiable,,500,-0.07040883306322653,0.041164271063816794,0.07920171901304697,-1.7104355608307023,0.22739772249078563,5636,,,,[],0,,False,True,
csd-20260805_174708,paired_hierarchical,1,0,0,5d0e9ff5482e9c83,glaR->yfbN,shared_complete_observation_shared_scores,maximum,prefix,complete,0,500,0.6,0.9,biological_error,2151398048,921666314,2151398048,glaR,yfbN,False,identifiable,,500,0.01702157768229688,0.04484885857786043,0.09401486746355119,0.37953201535210435,0.15773582201340733,5636,,,,[],0,,False,True,
csd-20260805_174708,paired_hierarchical,1,0,0,5d0e9ff5482e9c83,glaR->yfbO,shared_complete_observation_shared_scores,maximum,prefix,complete,0,500,0.6,0.9,biological_error,2151398048,921666314,2151398048,glaR,yfbO,False,identifiable,,500,-0.04932386635763496,0.059649382224778565,0.16630513124766896,-0.8268965162416325,0.328683732562819,5636,,,,[],0,,False,True,
csd-20260805_174708,paired_hierarchical,1,0,0,5d0e9ff5482e9c83,glaR->yfbU,shared_complete_observation_shared_scores,maximum,prefix,complete,0,500,0.6,0.9,biological_error,2151398048,921666314,2151398048,glaR,yfbU,False,identifiable,,500,-0.02853761981366186,0.0505302022640529,0.11934268991150399,-0.5647636173022699,0.2741482084522475,5636,,,,[],0,,False,True,
csd-20260805_174708,paired_hierarchical,1,0,0,5d0e9ff5482e9c83,glaR->yfcO,shared_complete_observation_shared_scores,maximum,prefix,complete,0,500,0.6,0.9,biological_error,2151398048,921666314,2151398048,glaR,yfcO,False,identifiable,alpA|basR|btsR|glrR|nsrR|ptrR|rcdA,500,0.01767147902082524,0.05041587536820337,0.11514707985732422,0.35051417617495956,-0.13604233693465081,5636,,,,[],0,,False,True,
csd-20260805_174708,paired_hierarchical,1,0,0,5d0e9ff5482e9c83,glaR->yfcV,shared_complete_observation_shared_scores,maximum,prefix,complete,0,500,0.6,0.9,biological_error,2151398048,921666314,2151398048,glaR,yfcV,False,identifiable,,500,0.06765153183408817,0.050011083868813415,0.11690316866916942,1.3527307668745654,0.09118685102025277,5636,,,,[],0,,False,True,
csd-20260805_174708,paired_hierarchical,1,0,0,5d0e9ff5482e9c83,glaR->yfdC,shared_complete_observation_shared_scores,maximum,prefix,complete,0,500,0.6,0.9,biological_error,2151398048,921666314,2151398048,glaR,yfdC,False,identifiable,,500,-0.06265391911180726,0.05347228554419887,0.13364454716409307,-1.1717082685762343,-0.33014252267339145,5636,,,,[],0,,False,True,
csd-20260805_174708,paired_hierarchical,1,0,0,5d0e9ff5482e9c83,glaR->yfdV,shared_complete_observation_shared_scores,maximum,prefix,complete,0,500,0.6,0.9,biological_error,2151398048,921666314,2151398048,glaR,yfdV,False,identifiable,alpA|basR|btsR|glrR|nsrR|ptrR|rcdA,500,0.07541771354134569,0.08679199943581568,0.3412539531075702,0.868947760526228,0.361950421556199,5636,,,,[],0,,False,True,
csd-20260805_174708,paired_hierarchical,1,0,0,5d0e9ff5482e9c83,glaR->yfiL,shared_complete_observation_shared_scores,maximum,prefix,complete,0,500,0.6,0.9,biological_error,2151398048,921666314,2151398048,glaR,yfiL,False,identifiable,alpA|basR|btsR|glrR|nsrR|ptrR|rcdA,500,0.04076791024537229,0.05537167843423594,0.1388972606002321,0.7362592465711815,-0.23299732943170973,5636,,,,[],0,,False,True,
csd-20260805_174708,paired_hierarchical,1,0,0,5d0e9ff5482e9c83,glaR->yfiR,shared_complete_observation_shared_scores,maximum,prefix,complete,0,500,0.6,0.9,biological_error,2151398048,921666314,2151398048,glaR,yfiR,False,identifiable,alpA|basR|btsR|glrR|nsrR|ptrR|rcdA,500,-0.1181650194836874,0.07695131940048594,0.2682566182828418,-1.535581461166489,-0.4122301544934951,5636,,,,[],0,,False,True,
csd-20260805_174708,paired_hierarchical,1,0,0,5d0e9ff5482e9c83,glaR->yfjD,shared_complete_observation_shared_scores,maximum,prefix,complete,0,500,0.6,0.9,biological_error,2151398048,921666314,2151398048,glaR,yfjD,False,identifiable,,500,-0.0026810947743982376,0.04955539510693208,0.1147824882986622,-0.054102984520916296,-0.24293880473595839,5636,,,,[],0,,False,True,
csd-20260805_174708,paired_hierarchical,1,0,0,5d0e9ff5482e9c83,glaR->ygiV,shared_complete_observation_shared_scores,maximum,prefix,complete,0,500,0.6,0.9,biological_error,2151398048,921666314,2151398048,glaR,ygiV,False,identifiable,alpA|basR|btsR|glrR|nsrR|ptrR|rcdA,500,0.03794171219641952,0.04680861321213515,0.09925899037207302,0.8105711661327988,-0.1873084492584993,5636,,,,[],0,,False,True,
csd-20260805_174708,paired_hierarchical,1,0,0,5d0e9ff5482e9c83,glaR->ygiW,shared_complete_observation_shared_scores,maximum,prefix,complete,0,500,0.6,0.9,biological_error,2151398048,921666314,2151398048,glaR,ygiW,False,identifiable,alpA|basR|btsR|glrR|nsrR|ptrR|rcdA,500,-0.08309036382867399,0.04836977998310026,0.1059903992602417,-1.7178156249150736,0.25113116625224385,5636,,,,[],0,,False,True,
csd-20260805_174708,paired_hierarchical,1,0,0,5d0e9ff5482e9c83,glaR->ygjI,shared_complete_observation_shared_scores,maximum,prefix,complete,0,500,0.6,0.9,biological_error,2151398048,921666314,2151398048,glaR,ygjI,False,identifiable,alpA|basR|btsR|glrR|nsrR|ptrR|rcdA,500,0.01708243159910922,0.06579492027591406,0.19611148771413806,0.2596314658863214,0.16320050387211546,5636,,,,[],0,,False,True,
csd-20260805_174708,paired_hierarchical,1,0,0,5d0e9ff5482e9c83,glaR->yhcD,shared_complete_observation_shared_scores,maximum,prefix,complete,0,500,0.6,0.9,biological_error,2151398048,921666314,2151398048,glaR,yhcD,False,identifiable,alpA|basR|btsR|glrR|nsrR|ptrR|rcdA,500,0.003467270272479478,0.07313012286699618,0.24227628763883763,0.04741234031269851,-0.24614306173123102,5636,,,,[],0,,False,True,
csd-20260805_174708,paired_hierarchical,1,0,0,5d0e9ff5482e9c83,glaR->yidB,shared_complete_observation_shared_scores,maximum,prefix,complete,0,500,0.6,0.9,biological_error,2151398048,921666314,2151398048,glaR,yidB,False,identifiable,,500,-0.039820309569802835,0.049928977982438144,0.1165196313248234,-0.7975390480415822,0.25271965692178977,5636,,,,[],0,,False,True,
csd-20260805_174708,paired_hierarchical,1,0,0,5d0e9ff5482e9c83,glaR->yigG,shared_complete_observation_shared_scores,maximum,prefix,complete,0,500,0.6,0.9,biological_error,2151398048,921666314,2151398048,glaR,yigG,False,identifiable,,500,0.06553895649543895,0.05546674928676519,0.14380009644441913,1.181590003708349,0.33944656640613025,5636,,,,[],0,,False,True,
csd-20260805_174708,paired_hierarchical,1,0,0,5d0e9ff5482e9c83,glaR->yihD,shared_complete_observation_shared_scores,maximum,prefix,complete,0,500,0.6,0.9,biological_error,2151398048,921666314,2151398048,glaR,yihD,False,identifiable,alpA|basR|btsR|glrR|nsrR|ptrR|rcdA,500,0.14788041024506351,0.08391104124562905,0.31897491086125546,1.7623474580917162,0.140766310373847,5636,,,,[],0,,False,True,
csd-20260805_174708,paired_hierarchical,1,0,0,5d0e9ff5482e9c83,glaR->yihM,shared_complete_observation_shared_scores,maximum,prefix,complete,0,500,0.6,0.9,biological_error,2151398048,921666314,2151398048,glaR,yihM,False,identifiable,,500,0.016502687119605626,0.07596327554363608,0.2697125254923517,0.21724559665842583,-0.47685083624332864,5636,,,,[],0,,False,True,
csd-20260805_174708,paired_hierarchical,1,0,0,5d0e9ff5482e9c83,glaR->yjdP,shared_complete_observation_shared_scores,maximum,prefix,complete,0,500,0.6,0.9,biological_error,2151398048,921666314,2151398048,glaR,yjdP,False,identifiable,,500,0.09140245338045416,0.04983118553553882,0.1160636403843567,1.8342419992249104,-0.18616621412110507,5636,,,,[],0,,False,True,
csd-20260805_174708,paired_hierarchical,1,0,0,5d0e9ff5482e9c83,glaR->yjfY,shared_complete_observation_shared_scores,maximum,prefix,complete,0,500,0.6,0.9,biological_error,2151398048,921666314,2151398048,glaR,yjfY,False,identifiable,,500,0.08223759046736885,0.06708196754837749,0.2103319912772165,1.2259269289926773,-0.14313212672224726,5636,,,,[],0,,False,True,
csd-20260805_174708,paired_hierarchical,1,0,0,5d0e9ff5482e9c83,glaR->yjjP,shared_complete_observation_shared_scores,maximum,prefix,complete,0,500,0.6,0.9,biological_error,2151398048,921666314,2151398048,glaR,yjjP,False,identifiable,alpA|basR|btsR|glrR|nsrR|ptrR|rcdA,500,0.03814186343066982,0.06717034199386265,0.20439648511210518,0.5678378626411466,0.11475374127993387,5636,,,,[],0,,False,True,
csd-20260805_174708,paired_hierarchical,1,0,0,5d0e9ff5482e9c83,glaR->yjjQ,shared_complete_observation_shared_scores,maximum,prefix,complete,0,500,0.6,0.9,biological_error,2151398048,921666314,2151398048,glaR,yjjQ,False,identifiable,alpA|basR|btsR|glrR|nsrR|ptrR|rcdA,500,0.08518859614654936,0.0787215973739482,0.2807411665468565,1.0821502483223406,-0.18169406632765941,5636,,,,[],0,,False,True,
csd-20260805_174708,paired_hierarchical,1,0,0,5d0e9ff5482e9c83,glaR->ynaE,shared_complete_observation_shared_scores,maximum,prefix,complete,0,500,0.6,0.9,biological_error,2151398048,921666314,2151398048,glaR,ynaE,False,identifiable,,500,-0.024305295049277885,0.054674487899723304,0.13972148635264206,-0.4445454540672687,-0.2752556508363847,5636,,,,[],0,,False,True,
csd-20260805_174708,paired_hierarchical,1,0,0,5d0e9ff5482e9c83,glaR->ynjH,shared_complete_observation_shared_scores,maximum,prefix,complete,0,500,0.6,0.9,biological_error,2151398048,921666314,2151398048,glaR,ynjH,False,identifiable,alpA|basR|btsR|glrR|nsrR|ptrR|rcdA,500,-0.010339456403626622,0.06576299932474437,0.19592124364558028,-0.15722300548625126,-0.07774674974352284,5636,,,,[],0,,False,True,
csd-20260805_174708,paired_hierarchical,1,0,0,5d0e9ff5482e9c83,glaR->yobD,shared_complete_observation_shared_scores,maximum,prefix,complete,0,500,0.6,0.9,biological_error,2151398048,921666314,2151398048,glaR,yobD,False,identifiable,alpA|basR|btsR|glrR|nsrR|ptrR|rcdA,500,0.022466167665363232,0.06498555139663498,0.19131627689929936,0.345710195305453,-0.110880677709782,5636,,,,[],0,,False,True,
csd-20260805_174708,paired_hierarchical,1,0,0,5d0e9ff5482e9c83,glaR->yodB,shared_complete_observation_shared_scores,maximum,prefix,complete,0,500,0.6,0.9,biological_error,2151398048,921666314,2151398048,glaR,yodB,False,identifiable,,500,0.055718828467072934,0.05321467263258513,0.13235993299454185,1.0470576198368724,0.2775854309054604,5636,,,,[],0,,False,True,
csd-20260805_174708,paired_hierarchical,1,0,0,5d0e9ff5482e9c83,glaR->ypdC,shared_complete_observation_shared_scores,maximum,prefix,complete,0,500,0.6,0.9,biological_error,2151398048,921666314,2151398048,glaR,ypdC,False,identifiable,,500,0.0033945232945726865,0.045932456256037,0.0986127543555209,0.0739024988267754,0.09343302121530739,5636,,,,[],0,,False,True,
csd-20260805_174708,paired_hierarchical,1,0,0,5d0e9ff5482e9c83,glaR->ypjA,shared_complete_observation_shared_scores,maximum,prefix,complete,0,500,0.6,0.9,biological_error,2151398048,921666314,2151398048,glaR,ypjA,False,identifiable,,500,0.0272589006254603,0.07219215109387624,0.2435979977053792,0.3775881479139435,-0.3531653386647108,5636,,,,[],0,,False,True,
csd-20260805_174708,paired_hierarchical,1,0,0,5d0e9ff5482e9c83,glaR->yqhC,shared_complete_observation_shared_scores,maximum,prefix,complete,0,500,0.6,0.9,biological_error,2151398048,921666314,2151398048,glaR,yqhC,False,identifiable,,500,0.014818880345024543,0.04860668496862794,0.11042966494156181,0.30487329787227924,-0.3412790544877909,5636,,,,[],0,,False,True,
csd-20260805_174708,paired_hierarchical,1,0,0,5d0e9ff5482e9c83,glaR->zraR,shared_complete_observation_shared_scores,maximum,prefix,complete,0,500,0.6,0.9,biological_error,2151398048,921666314,2151398048,glaR,zraR,False,identifiable,alpA|basR|btsR|glrR|nsrR|ptrR|rcdA,500,0.06814532090604186,0.09288744381416557,0.39086998980358667,0.7336332889338217,-0.3927193859617215,5636,,,,[],0,,False,True,
csd-20260805_174708,paired_hierarchical,1,0,0,5d0e9ff5482e9c83,ttdR->ttdA,shared_complete_observation_shared_scores,maximum,prefix,complete,0,500,0.6,0.9,biological_error,2151398048,921666314,2151398048,ttdR,ttdA,False,identifiable,glaR|hns|rpoD,500,0.055333413290508414,0.026063091451104504,0.1848071620907232,2.1230564069621716,0.2950091286914505,5636,,,,[],0,,False,True,
csd-20260805_174708,paired_hierarchical,1,0,0,5d0e9ff5482e9c83,ttdR->ttdB,shared_complete_observation_shared_scores,maximum,prefix,complete,0,500,0.6,0.9,biological_error,2151398048,921666314,2151398048,ttdR,ttdB,False,identifiable,glaR|hns|rpoD,500,0.012845859092864289,0.027066229529793068,0.19930695915649868,0.47460837050555005,0.3015732795677957,5636,,,,[],0,,False,True,
csd-20260805_174708,paired_hierarchical,1,0,0,5d0e9ff5482e9c83,ttdR->ttdT,shared_complete_observation_shared_scores,maximum,prefix,complete,0,500,0.6,0.9,biological_error,2151398048,921666314,2151398048,ttdR,ttdT,False,identifiable,glaR|hns|rpoD,500,0.004743223532518662,0.021433255435232952,0.12498077742592607,0.22130205776960682,0.15301166549263534,5636,,,,[],0,,False,True,
csd-20260805_174708,paired_hierarchical,1,0,0,5d0e9ff5482e9c83,ygiV->mcbR,shared_complete_observation_shared_scores,maximum,prefix,complete,0,500,0.6,0.9,biological_error,2151398048,921666314,2151398048,ygiV,mcbR,False,identifiable,glaR|lrp,500,-0.045072800457081764,0.07440647846512637,0.26427319056057536,-0.6057644628109496,-0.21458466583320698,5636,,,,[],0,,False,True,
csd-20260805_174708,paired_hierarchical,1,0,0,5d0e9ff5482e9c83,yqhC->dkgA,shared_complete_observation_shared_scores,maximum,prefix,complete,0,500,0.6,0.9,biological_error,2151398048,921666314,2151398048,yqhC,dkgA,False,identifiable,glaR|nac|rpoD|rpoS,500,-0.06841305781010591,0.08855549101542415,0.4307629360536047,-0.7725445031769975,0.18465683843288103,5636,,,,[],0,,False,True,
csd-20260805_174708,paired_hierarchical,1,0,0,5d0e9ff5482e9c83,yqhC->yqhD,shared_complete_observation_shared_scores,maximum,prefix,complete,0,500,0.6,0.9,biological_error,2151398048,921666314,2151398048,yqhC,yqhD,False,identifiable,glaR|rpoD,500,-0.08113460138711347,0.07806522912056124,0.33498584464382025,-1.0393180459614355,0.2852564606637459,5636,,,,[],0,,False,True,
csd-20260805_174708,paired_hierarchical,1,0,0,5d0e9ff5482e9c83,glrR->rpoE,shared_complete_observation_shared_scores,maximum,prefix,complete,0,500,0.6,0.9,biological_error,2151398048,921666314,2151398048,glrR,rpoE,False,identifiable,alpA|basR|btsR|glaR|nsrR|ptrR|rcdA,500,-0.24830761285438652,0.10836281417100145,0.5647988762719978,-2.2914466992574205,0.18734582233491534,5636,,,,[],0,,False,True,
csd-20260805_174708,paired_hierarchical,1,0,0,5d0e9ff5482e9c83,glrR->rseA,shared_complete_observation_shared_scores,maximum,prefix,complete,0,500,0.6,0.9,biological_error,2151398048,921666314,2151398048,glrR,rseA,False,identifiable,alpA|basR|btsR|glaR|nsrR|ptrR|rcdA,500,0.023764797785586426,0.18419571978741187,1.631895489604449,0.12901927261401291,0.1791727191419021,5636,,,,[],0,,False,True,
csd-20260805_174708,paired_hierarchical,1,0,0,5d0e9ff5482e9c83,glrR->rseB,shared_complete_observation_shared_scores,maximum,prefix,complete,0,500,0.6,0.9,biological_error,2151398048,921666314,2151398048,glrR,rseB,False,identifiable,alpA|basR|btsR|glaR|nsrR|ptrR|rcdA,500,0.23269502532744396,0.14102993522124874,0.9566561915532078,1.6499690293581317,0.28469051705203324,5636,,,,[],0,,False,True,
csd-20260805_174708,paired_hierarchical,1,0,0,5d0e9ff5482e9c83,glrR->rseC,shared_complete_observation_shared_scores,maximum,prefix,complete,0,500,0.6,0.9,biological_error,2151398048,921666314,2151398048,glrR,rseC,False,identifiable,alpA|basR|btsR|glaR|nsrR|ptrR|rcdA,500,-0.013666059760429148,0.1344720828303756,0.8697562078091292,-0.10162748633608695,0.29808206502748513,5636,,,,[],0,,False,True,
csd-20260805_174708,paired_hierarchical,1,0,0,5d0e9ff5482e9c83,glrR->rseD,shared_complete_observation_shared_scores,maximum,prefix,complete,0,500,0.6,0.9,biological_error,2151398048,921666314,2151398048,glrR,rseD,False,identifiable,alpA|basR|btsR|glaR|nsrR|ptrR|rcdA,500,0.013319757837512401,0.09403630190753902,0.4253283752021342,0.14164484956680903,0.23728429711118385,5636,,,,[],0,,False,True,
csd-20260805_174708,paired_hierarchical,1,0,0,5d0e9ff5482e9c83,gntR->eda,shared_complete_observation_shared_scores,maximum,prefix,complete,0,500,0.6,0.9,biological_error,2151398048,921666314,2151398048,gntR,eda,False,identifiable,cra|kdgR|phoB|plaR|rpoD,500,-0.03649457962710369,0.04102659287465757,0.13286232455974947,-0.8895347400306951,-0.17915596867762223,5636,,,,[],0,,False,True,
csd-20260805_174708,paired_hierarchical,1,0,0,5d0e9ff5482e9c83,gntR->edd,shared_complete_observation_shared_scores,maximum,prefix,complete,0,500,0.6,0.9,biological_error,2151398048,921666314,2151398048,gntR,edd,False,identifiable,cpxR|cra|kdgR|rpoD,500,-0.00033812429463029713,0.07095448698489049,0.39865568163195336,-0.004765368745493144,-0.09922549425736478,5636,,,,[],0,,False,True,
csd-20260805_174708,paired_hierarchical,1,0,0,5d0e9ff5482e9c83,gntR->gntK,shared_complete_observation_shared_scores,maximum,prefix,complete,0,500,0.6,0.9,biological_error,2151398048,921666314,2151398048,gntR,gntK,False,identifiable,crp|rpoD,500,0.03977596262722584,0.05881951341420733,0.2737556723440878,0.6762375327235929,-0.35309997618104916,5636,,,,[],0,,False,True,
csd-20260805_174708,paired_hierarchical,1,0,0,5d0e9ff5482e9c83,gntR->gntT,shared_complete_observation_shared_scores,maximum,prefix,complete,0,500,0.6,0.9,biological_error,2151398048,921666314,2151398048,gntR,gntT,False,identifiable,crp|rpoD,500,-0.04981223735476797,0.04009258877263619,0.1271886831144455,-1.24243005701756,-0.32500497698519026,5636,,,,[],0,,False,True,
csd-20260805_174708,paired_hierarchical,1,0,0,5d0e9ff5482e9c83,gntR->gntU,shared_complete_observation_shared_scores,maximum,prefix,complete,0,500,0.6,0.9,biological_error,2151398048,921666314,2151398048,gntR,gntU,False,identifiable,crp|rpoD,500,0.06859867678355101,0.04550439244130112,0.16384263057403106,1.5075176945179658,-0.18538776054892525,5636,,,,[],0,,False,True,
csd-20260805_174708,paired_hierarchical,1,0,0,5d0e9ff5482e9c83,gntR->idnD,shared_complete_observation_shared_scores,maximum,prefix,complete,0,500,0.6,0.9,biological_error,2151398048,921666314,2151398048,gntR,idnD,False,identifiable,crp|glaR|rpoD,500,-0.13094265046388387,0.03737781093078941,0.110534725193568,-3.503218813598895,-0.22725588522312587,5636,,,,[],0,,False,True,
csd-20260805_174708,paired_hierarchical,1,0,0,5d0e9ff5482e9c83,gntR->idnK,shared_complete_observation_shared_scores,maximum,prefix,complete,0,500,0.6,0.9,biological_error,2151398048,921666314,2151398048,gntR,idnK,False,identifiable,crp|glaR|rpoD,500,-0.03861642410547068,0.04437003564252387,0.1557580728853989,-0.8703266415333014,-0.20316225005839836,5636,,,,[],0,,False,True,
csd-20260805_174708,paired_hierarchical,1,0,0,5d0e9ff5482e9c83,gntR->idnO,shared_complete_observation_shared_scores,maximum,prefix,complete,0,500,0.6,0.9,biological_error,2151398048,921666314,2151398048,gntR,idnO,False,identifiable,crp|rpoD,500,0.010585787007802504,0.04602889067231577,0.16764140354682022,0.22998136286107285,-0.260596422315433,5636,,,,[],0,,False,True,
csd-20260805_174708,paired_hierarchical,1,0,0,5d0e9ff5482e9c83,gntR->idnR,shared_complete_observation_shared_scores,maximum,prefix,complete,0,500,0.6,0.9,biological_error,2151398048,921666314,2151398048,gntR,idnR,False,identifiable,crp|rpoD,500,-0.008273301868626839,0.04623949227326913,0.1691789733794781,-0.17892285277988665,-0.11538042094001866,5636,,,,[],0,,False,True,
csd-20260805_174708,paired_hierarchical,1,0,0,5d0e9ff5482e9c83,gntR->idnT,shared_complete_observation_shared_scores,maximum,prefix,complete,0,500,0.6,0.9,biological_error,2151398048,921666314,2151398048,gntR,idnT,False,identifiable,crp|rpoD,500,0.011320151147252313,0.0396183432224779,0.12419751086237976,0.28573004892414844,-0.1372992456759926,5636,,,,[],0,,False,True,
csd-20260805_174708,paired_hierarchical,1,0,0,5d0e9ff5482e9c83,gntR->nfuA,shared_complete_observation_shared_scores,maximum,prefix,complete,0,500,0.6,0.9,biological_error,2151398048,921666314,2151398048,gntR,nfuA,False,identifiable,crp|iscR|rpoD|rpoH,500,-0.023473890627801995,0.052590085821147624,0.21880729237730523,-0.44635581519364304,-0.4256181582466762,5636,,,,[],0,,False,True,
csd-20260805_174708,paired_hierarchical,1,0,0,5d0e9ff5482e9c83,gntR->yhgH,shared_complete_observation_shared_scores,maximum,prefix,complete,0,500,0.6,0.9,biological_error,2151398048,921666314,2151398048,gntR,yhgH,False,identifiable,crp|rpoD,500,-0.03244596965252288,0.04876465039451108,0.18816138528471946,-0.6653583977334323,-0.24979517144692287,5636,,,,[],0,,False,True,
csd-20260805_174708,paired_hierarchical,1,0,0,5d0e9ff5482e9c83,hdfR->maoP,shared_complete_observation_shared_scores,maximum,prefix,complete,0,500,0.6,0.9,biological_error,2151398048,921666314,2151398048,hdfR,maoP,False,identifiable,alpA|basR|btsR|glaR|glrR|nsrR|ptrR|rcdA,500,-0.008640023000918198,0.033696548522963526,0.08077717639772994,-0.25640676507358595,0.23521626655711678,5636,,,,[],0,,False,True,
csd-20260805_174708,paired_hierarchical,1,0,0,5d0e9ff5482e9c83,hipB->eutA,shared_complete_observation_shared_scores,maximum,prefix,complete,0,500,0.6,0.9,biological_error,2151398048,921666314,2151398048,hipB,eutA,False,identifiable,ihfA|ihfB|rpoD,500,-0.006260691232850564,0.0529664039901544,0.1603347300991749,-0.11820117586261521,-0.3370143783061633,5636,,,,[],0,,False,True,
csd-20260805_174708,paired_hierarchical,1,0,0,5d0e9ff5482e9c83,hipB->eutH,shared_complete_observation_shared_scores,maximum,prefix,complete,0,500,0.6,0.9,biological_error,2151398048,921666314,2151398048,hipB,eutH,False,identifiable,ihfA|ihfB|rpoD,500,0.005921442950936046,0.06654360582493479,0.25306919789252397,0.08898590446863341,-0.2604184006723621,5636,,,,[],0,,False,True,
csd-20260805_174708,paired_hierarchical,1,0,0,5d0e9ff5482e9c83,hipB->fadH,shared_complete_observation_shared_scores,maximum,prefix,complete,0,500,0.6,0.9,biological_error,2151398048,921666314,2151398048,hipB,fadH,False,identifiable,arcA|crp|fadR|ihfA|ihfB|pdhR|rpoD,500,-0.038686598654728344,0.06420930769616401,0.21983612700464492,-0.6025076432499763,-0.28560591006261393,5636,,,,[],0,,False,True,
csd-20260805_174708,paired_hierarchical,1,0,0,5d0e9ff5482e9c83,hprR->cusA,shared_complete_observation_shared_scores,maximum,prefix,complete,0,500,0.6,0.9,biological_error,2151398048,921666314,2151398048,hprR,cusA,False,identifiable,hns|nac|phoB|rpoD|yieP,500,-0.011226689703227615,0.0645230676312912,0.2645067958167476,-0.17399497753859278,0.07383100117515298,5636,,,,[],0,,False,True,
csd-20260805_174708,paired_hierarchical,1,0,0,5d0e9ff5482e9c83,hprR->cusB,shared_complete_observation_shared_scores,maximum,prefix,complete,0,500,0.6,0.9,biological_error,2151398048,921666314,2151398048,hprR,cusB,False,identifiable,hns|nac|phoB|rpoD,500,0.012498979948720342,0.0907389175567335,0.5237345190574624,0.1377466282965685,0.29332276552466463,5636,,,,[],0,,False,True,
csd-20260805_174708,paired_hierarchical,1,0,0,5d0e9ff5482e9c83,hprR->cusC,shared_complete_observation_shared_scores,maximum,prefix,complete,0,500,0.6,0.9,biological_error,2151398048,921666314,2151398048,hprR,cusC,False,identifiable,fur|hns|nac|phoB|rpoD,500,-0.04006919510554548,0.07603914004027756,0.36723660790991103,-0.5269548693517709,0.12078076188870722,5636,,,,[],0,,False,True,
csd-20260805_174708,paired_hierarchical,1,0,0,5d0e9ff5482e9c83,hprR->cusF,shared_complete_observation_shared_scores,maximum,prefix,complete,0,500,0.6,0.9,biological_error,2151398048,921666314,2151398048,hprR,cusF,False,identifiable,hns|nac|phoB|rpoD|yciT,500,0.02267354885645986,0.05797300607557704,0.2127400683600193,0.39110528142876155,0.2277321542621692,5636,,,,[],0,,False,True,
csd-20260805_174708,paired_hierarchical,1,0,0,5d0e9ff5482e9c83,hprR->cusR,shared_complete_observation_shared_scores,maximum,prefix,complete,0,500,0.6,0.9,biological_error,2151398048,921666314,2151398048,hprR,cusR,False,identifiable,hns|nac|phoB|rpoD,500,0.04992328936996028,0.048768943184603585,0.15129016614391996,1.0236696985822962,0.32676890073288617,5636,,,,[],0,,False,True,
csd-20260805_174708,paired_hierarchical,1,0,0,5d0e9ff5482e9c83,hprR->cusS,shared_complete_observation_shared_scores,maximum,prefix,complete,0,500,0.6,0.9,biological_error,2151398048,921666314,2151398048,hprR,cusS,False,identifiable,hns|nac|phoB|rpoD,500,0.0011896184504000236,0.06750557882145423,0.2898700473762881,0.017622520555618817,0.222927741118179,5636,,,,[],0,,False,True,
csd-20260805_174708,paired_hierarchical,1,0,0,5d0e9ff5482e9c83,hprR->cyoA,shared_complete_observation_shared_scores,maximum,prefix,complete,0,500,0.6,0.9,biological_error,2151398048,921666314,2151398048,hprR,cyoA,False,identifiable,arcA|cra|crp|fis|fnr|fur|gadE|hns|nac|pdhR|phoB|rpoD,500,-0.12947084923269614,0.08074738829568455,0.4057058832187041,-1.6034060291658443,-0.5014716142906214,5636,,,,[],0,,False,True,
csd-20260805_174708,paired_hierarchical,1,0,0,5d0e9ff5482e9c83,hprR->cyoB,shared_complete_observation_shared_scores,maximum,prefix,complete,0,500,0.6,0.9,biological_error,2151398048,921666314,2151398048,hprR,cyoB,False,identifiable,arcA|cra|crp|fis|fnr|fur|gadE|hns|nac|pdhR|phoB|rpoD,500,0.04934129686875445,0.07239601157147743,0.3261246442736984,0.6815471708692019,-0.24917757460448411,5636,,,,[],0,,False,True,
csd-20260805_174708,paired_hierarchical,1,0,0,5d0e9ff5482e9c83,hprR->cyoC,shared_complete_observation_shared_scores,maximum,prefix,complete,0,500,0.6,0.9,biological_error,2151398048,921666314,2151398048,hprR,cyoC,False,identifiable,arcA|cra|crp|fis|fnr|fur|gadE|hns|nac|pdhR|phoB|rpoD,500,0.025602828094907267,0.06719510646810585,0.2809503837474371,0.381022211893654,-0.20882197732814906,5636,,,,[],0,,False,True,
csd-20260805_174708,paired_hierarchical,1,0,0,5d0e9ff5482e9c83,hprR->cyoD,shared_complete_observation_shared_scores,maximum,prefix,complete,0,500,0.6,0.9,biological_error,2151398048,921666314,2151398048,hprR,cyoD,False,identifiable,arcA|cra|crp|fis|fnr|fur|gadE|hns|nac|pdhR|phoB|rpoD,500,-0.04538398349254995,0.09276450536741268,0.5354488661321937,-0.4892386728393307,-0.14640778373548516,5636,,,,[],0,,False,True,
csd-20260805_174708,paired_hierarchical,1,0,0,5d0e9ff5482e9c83,hprR->cyoE,shared_complete_observation_shared_scores,maximum,prefix,complete,0,500,0.6,0.9,biological_error,2151398048,921666314,2151398048,hprR,cyoE,False,identifiable,arcA|cra|crp|fis|fnr|fur|gadE|hns|nac|pdhR|phoB|rpoD,500,0.041822744727757225,0.10236354146807083,0.6519960164957205,0.4085707091406421,-0.2725903085516128,5636,,,,[],0,,False,True,
csd-20260805_174708,paired_hierarchical,1,0,0,5d0e9ff5482e9c83,hprR->hiuH,shared_complete_observation_shared_scores,maximum,prefix,complete,0,500,0.6,0.9,biological_error,2151398048,921666314,2151398048,hprR,hiuH,False,identifiable,hns|nac|phoB|rpoD,500,0.05006981629038905,0.05318354468940222,0.17991963860675156,0.9414531615521738,0.4378619417414573,5636,,,,[],0,,False,True,
csd-20260805_174708,paired_hierarchical,1,0,0,5d0e9ff5482e9c83,hprR->msrP,shared_complete_observation_shared_scores,maximum,prefix,complete,0,500,0.6,0.9,biological_error,2151398048,921666314,2151398048,hprR,msrP,False,identifiable,hns|nac|phoB|rpoD,500,0.04557872709235756,0.11244261530676453,0.8042404031686964,0.4053510047592743,0.23031168523988071,5636,,,,[],0,,False,True,
csd-20260805_174708,paired_hierarchical,1,0,0,5d0e9ff5482e9c83,hprR->msrQ,shared_complete_observation_shared_scores,maximum,prefix,complete,0,500,0.6,0.9,biological_error,2151398048,921666314,2151398048,hprR,msrQ,False,identifiable,hns|nac|phoB|rpoD,500,0.19592406902216217,0.08297747019763209,0.43797002756011066,2.3611718766011887,0.2845227043422371,5636,,,,[],0,,False,True,
csd-20260805_174708,paired_hierarchical,1,0,0,5d0e9ff5482e9c83,rcsB->bdm,shared_complete_observation_shared_scores,maximum,prefix,complete,0,500,0.6,0.9,biological_error,2151398048,921666314,2151398048,rcsB,bdm,False,identifiable,alpA|basR|btsR|glaR|glrR|nsrR|ptrR|rcdA,500,0.030218011297443014,0.019622140458713026,0.13650724267722528,1.5399956677012263,0.1450166063748705,5636,,,,[],0,,False,True,
csd-20260805_174708,paired_hierarchical,1,0,0,5d0e9ff5482e9c83,hypT->cydA,shared_complete_observation_shared_scores,maximum,prefix,complete,0,500,0.6,0.9,biological_error,2151398048,921666314,2151398048,hypT,cydA,False,identifiable,arcA|cra|fnr|hns|nac|rpoD,500,0.0811677217589079,0.05869602522134265,0.24533965296456903,1.3828486929536454,0.19829846271329224,5636,,,,[],0,,False,True,
csd-20260805_174708,paired_hierarchical,1,0,0,5d0e9ff5482e9c83,hypT->cydB,shared_complete_observation_shared_scores,maximum,prefix,complete,0,500,0.6,0.9,biological_error,2151398048,921666314,2151398048,hypT,cydB,False,identifiable,arcA|cra|fnr|hns|rpoD,500,0.005973143987344732,0.07274498624338392,0.3768497035216163,0.08211073086687103,0.43707198937616126,5636,,,,[],0,,False,True,
csd-20260805_174708,paired_hierarchical,1,0,0,5d0e9ff5482e9c83,hypT->cysH,shared_complete_observation_shared_scores,maximum,prefix,complete,0,500,0.6,0.9,biological_error,2151398048,921666314,2151398048,hypT,cysH,False,identifiable,cysB|ihfA|ihfB|rpoD,500,0.1321466540741042,0.058642939680310265,0.2446362912875295,2.253411148801486,0.3146135467019302,5636,,,,[],0,,False,True,
csd-20260805_174708,paired_hierarchical,1,0,0,5d0e9ff5482e9c83,hypT->fecA,shared_complete_observation_shared_scores,maximum,prefix,complete,0,500,0.6,0.9,biological_error,2151398048,921666314,2151398048,hypT,fecA,False,identifiable,crp|fecI|fur|pdhR,500,-0.037808578554361864,0.058191974235690294,0.24220070310494857,-0.6497215303476181,-0.25867740821357743,5636,,,,[],0,,False,True,
csd-20260805_174708,paired_hierarchical,1,0,0,5d0e9ff5482e9c83,hypT->fecB,shared_complete_observation_shared_scores,maximum,prefix,complete,0,500,0.6,0.9,biological_error,2151398048,921666314,2151398048,hypT,fecB,False,identifiable,crp|fecI|fur|pdhR,500,-0.020578612005175915,0.03666757967099304,0.0961642625008776,-0.5612208984018443,-0.2667824638592822,5636,,,,[],0,,False,True,
csd-20260805_174708,paired_hierarchical,1,0,0,5d0e9ff5482e9c83,hypT->fecC,shared_complete_observation_shared_scores,maximum,prefix,complete,0,500,0.6,0.9,biological_error,2151398048,921666314,2151398048,hypT,fecC,False,identifiable,crp|fecI|fur|pdhR,500,-0.0023305674884261077,0.04045107629295704,0.11703328077075355,-0.05761447412542355,-0.30162967216501885,5636,,,,[],0,,False,True,
csd-20260805_174708,paired_hierarchical,1,0,0,5d0e9ff5482e9c83,hypT->fecD,shared_complete_observation_shared_scores,maximum,prefix,complete,0,500,0.6,0.9,biological_error,2151398048,921666314,2151398048,hypT,fecD,False,identifiable,crp|fecI|fur|pdhR,500,-0.014956257783537263,0.04964589582900058,0.17628522733981294,-0.3012586948788743,-0.3344471459749858,5636,,,,[],0,,False,True,
csd-20260805_174708,paired_hierarchical,1,0,0,5d0e9ff5482e9c83,hypT->fecE,shared_complete_observation_shared_scores,maximum,prefix,complete,0,500,0.6,0.9,biological_error,2151398048,921666314,2151398048,hypT,fecE,False,identifiable,crp|fecI|fur|pdhR,500,-0.1076539595443474,0.04529949460916457,0.14676953903744136,-2.3764936115328723,-0.24153747595867808,5636,,,,[],0,,False,True,
csd-20260805_174708,paired_hierarchical,1,0,0,5d0e9ff5482e9c83,hypT->metB,shared_complete_observation_shared_scores,maximum,prefix,complete,0,500,0.6,0.9,biological_error,2151398048,921666314,2151398048,hypT,metB,False,identifiable,metJ|phoP|rpoD,500,0.08282340108718321,0.038716637850946256,0.10664842953294926,2.1392198725013762,0.17179102328361473,5636,,,,[],0,,False,True,
csd-20260805_174708,paired_hierarchical,1,0,0,5d0e9ff5482e9c83,hypT->metI,shared_complete_observation_shared_scores,maximum,prefix,complete,0,500,0.6,0.9,biological_error,2151398048,921666314,2151398048,hypT,metI,False,identifiable,metJ|rpoD,500,0.02363782642859373,0.05024019300401826,0.17990139639331978,0.47049633003406566,0.3088152807504725,5636,,,,[],0,,False,True,
csd-20260805_174708,paired_hierarchical,1,0,0,5d0e9ff5482e9c83,hypT->metL,shared_complete_observation_shared_scores,maximum,prefix,complete,0,500,0.6,0.9,biological_error,2151398048,921666314,2151398048,hypT,metL,False,identifiable,metJ|phoP|rpoD,500,0.042469077975894894,0.05640545749425247,0.22636091684199933,0.7529249803571286,0.15311416420296092,5636,,,,[],0,,False,True,
csd-20260805_174708,paired_hierarchical,1,0,0,5d0e9ff5482e9c83,hypT->metN,shared_complete_observation_shared_scores,maximum,prefix,complete,0,500,0.6,0.9,biological_error,2151398048,921666314,2151398048,hypT,metN,False,identifiable,metJ|rpoD,500,0.018737197513251064,0.04541795450351571,0.1470236085730131,0.41255044878343555,0.6417689475023365,5636,,,,[],0,,False,True,
csd-20260805_174708,paired_hierarchical,1,0,0,5d0e9ff5482e9c83,hypT->metQ,shared_complete_observation_shared_scores,maximum,prefix,complete,0,500,0.6,0.9,biological_error,2151398048,921666314,2151398048,hypT,metQ,False,identifiable,metJ|rpoD,500,0.002828275331576576,0.033210277268341463,0.07860984483798718,0.08516265337756457,0.12105927910553849,5636,,,,[],0,,False,True,
csd-20260805_174708,paired_hierarchical,1,0,0,5d0e9ff5482e9c83,ibpA->ibpB,shared_complete_observation_shared_scores,maximum,prefix,complete,0,500,0.6,0.9,biological_error,2151398048,921666314,2151398048,ibpA,ibpB,False,identifiable,ihfA|ihfB|lrp|nac|rpoH|rpoN,500,-0.01289662589031668,0.055438561208827265,0.28980992310919823,-0.232629159363234,-0.13120679232604784,5636,,,,[],0,,False,True,
csd-20260805_174708,paired_hierarchical,1,0,0,5d0e9ff5482e9c83,ilvY->ilvC,shared_complete_observation_shared_scores,maximum,prefix,complete,0,500,0.6,0.9,biological_error,2151398048,921666314,2151398048,ilvY,ilvC,False,identifiable,rpoD|rpoS,500,-0.011384972114643089,0.04601839417404976,0.23178285954355426,-0.24740046494415033,0.2979352091114228,5636,,,,[],0,,False,True,
csd-20260805_174708,paired_hierarchical,1,0,0,5d0e9ff5482e9c83,istR->tisB,shared_complete_observation_shared_scores,maximum,prefix,complete,0,500,0.6,0.9,biological_error,2151398048,921666314,2151398048,istR,tisB,False,identifiable,lexA|rpoD,500,0.025812433099420495,0.037211584446329875,0.11186018566271788,0.6936665955906733,-0.21336188283804872,5636,,,,[],0,,False,True,
csd-20260805_174708,paired_hierarchical,1,0,0,5d0e9ff5482e9c83,kdgR->eda,shared_complete_observation_shared_scores,maximum,prefix,complete,0,500,0.6,0.9,biological_error,2151398048,921666314,2151398048,kdgR,eda,False,identifiable,cra|gntR|nac|phoB|plaR|rpoD,500,-0.056115631697000505,0.04382279230728135,0.1331178587236877,-1.280512462636404,-0.18330756378703225,5636,,,,[],0,,False,True,
csd-20260805_174708,paired_hierarchical,1,0,0,5d0e9ff5482e9c83,kdgR->edd,shared_complete_observation_shared_scores,maximum,prefix,complete,0,500,0.6,0.9,biological_error,2151398048,921666314,2151398048,kdgR,edd,False,identifiable,cpxR|cra|gntR|nac|rpoD,500,0.027891462611148155,0.07525184720688928,0.39921308639633485,0.3706415675679879,-0.21564438547462703,5636,,,,[],0,,False,True,
csd-20260805_174708,paired_hierarchical,1,0,0,5d0e9ff5482e9c83,kdpE->kdpA,shared_complete_observation_shared_scores,maximum,prefix,complete,0,500,0.6,0.9,biological_error,2151398048,921666314,2151398048,kdpE,kdpA,False,identifiable,arcA|rpoD,500,0.02096723182362683,0.04305907463943168,0.14859957286539868,0.48694106873411364,0.25246853085474386,5636,,,,[],0,,False,True,
csd-20260805_174708,paired_hierarchical,1,0,0,5d0e9ff5482e9c83,kdpE->kdpB,shared_complete_observation_shared_scores,maximum,prefix,complete,0,500,0.6,0.9,biological_error,2151398048,921666314,2151398048,kdpE,kdpB,False,identifiable,rpoD,500,-3.7009378508288254e-05,0.08045246988521422,0.5187609504449155,-0.0004600154421746341,0.20120446043988366,5636,,,,[],0,,False,True,
csd-20260805_174708,paired_hierarchical,1,0,0,5d0e9ff5482e9c83,kdpE->kdpC,shared_complete_observation_shared_scores,maximum,prefix,complete,0,500,0.6,0.9,biological_error,2151398048,921666314,2151398048,kdpE,kdpC,False,identifiable,rpoD,500,0.039549676419947666,0.03190851834746829,0.08160218567902111,1.2394707892504087,0.24834129480432512,5636,,,,[],0,,False,True,
csd-20260805_174708,paired_hierarchical,1,0,0,5d0e9ff5482e9c83,kdpE->kdpF,shared_complete_observation_shared_scores,maximum,prefix,complete,0,500,0.6,0.9,biological_error,2151398048,921666314,2151398048,kdpE,kdpF,False,identifiable,rpoD,500,0.08649509823060467,0.05638017229208499,0.2547659081080193,1.5341403673352627,0.32083475001296646,5636,,,,[],0,,False,True,
csd-20260805_174708,paired_hierarchical,1,0,0,5d0e9ff5482e9c83,kdpE->rmf,shared_complete_observation_shared_scores,maximum,prefix,complete,0,500,0.6,0.9,biological_error,2151398048,921666314,2151398048,kdpE,rmf,False,identifiable,arcA|crp|cueR|fur|mcbR|nhaR|phoP|rcdA|sdiA|slyA|zntR|zraR,500,0.04746311897631208,0.05765317111788663,0.2623730504531141,0.823252529843703,-0.5262238045055057,5636,,,,[],0,,False,True,
csd-20260805_174708,paired_hierarchical,1,0,0,5d0e9ff5482e9c83,kdpE->rsd,shared_complete_observation_shared_scores,maximum,prefix,complete,0,500,0.6,0.9,biological_error,2151398048,921666314,2151398048,kdpE,rsd,False,identifiable,arcA|cueR|fur|lrp|mcbR|nac|nhaR|phoP|rcdA|rpoD|rpoS|sdiA|slyA|zntR,500,0.002872555663656378,0.07124685931974963,0.4013892374225439,0.04031834793958568,-0.0646710118026236,5636,,,,[],0,,False,True,
csd-20260805_174708,paired_hierarchical,1,0,0,5d0e9ff5482e9c83,lexA->dinD,shared_complete_observation_shared_scores,maximum,prefix,complete,0,500,0.6,0.9,biological_error,2151398048,921666314,2151398048,lexA,dinD,False,identifiable,alpA|basR|btsR|glaR|glrR|nsrR|ptrR|rcdA,500,-0.09222538745886354,0.05210895202280446,0.39030268419412417,-1.7698568840628939,-0.2940480606787031,5636,,,,[],0,,False,True,
csd-20260805_174708,paired_hierarchical,1,0,0,5d0e9ff5482e9c83,lexA->ruvA,shared_complete_observation_shared_scores,maximum,prefix,complete,0,500,0.6,0.9,biological_error,2151398048,921666314,2151398048,lexA,ruvA,False,identifiable,alpA|basR|btsR|glaR|glrR|nsrR|ptrR|rcdA,500,-0.04834564498024276,0.029044049917454913,0.12125264161740572,-1.6645627974626211,-0.1720733999929322,5636,,,,[],0,,False,True,
csd-20260805_174708,paired_hierarchical,1,0,0,5d0e9ff5482e9c83,lexA->ruvB,shared_complete_observation_shared_scores,maximum,prefix,complete,0,500,0.6,0.9,biological_error,2151398048,921666314,2151398048,lexA,ruvB,False,identifiable,alpA|basR|btsR|glaR|glrR|nsrR|ptrR|rcdA,500,0.019092378737729766,0.022077813973925896,0.07006304356725948,0.8647766830664505,-0.2459064032872659,5636,,,,[],0,,False,True,
csd-20260805_174708,paired_hierarchical,1,0,0,5d0e9ff5482e9c83,lexA->yoaA,shared_complete_observation_shared_scores,maximum,prefix,complete,0,500,0.6,0.9,biological_error,2151398048,921666314,2151398048,lexA,yoaA,False,identifiable,alpA|basR|btsR|glaR|glrR|nsrR|ptrR|rcdA,500,-0.04515716733348871,0.030241238798816628,0.13145466874287762,-1.4932313994774498,-0.19722908443846068,5636,,,,[],0,,False,True,
csd-20260805_174708,paired_hierarchical,1,0,0,5d0e9ff5482e9c83,rpoN->rtcR,shared_complete_observation_shared_scores,maximum,prefix,complete,0,500,0.6,0.9,biological_error,2151398048,921666314,2151398048,rpoN,rtcR,False,identifiable,alpA|basR|btsR|glaR|glrR|nsrR|ptrR|rcdA,500,-0.007347642077484051,0.030009267315824546,0.1629781686119116,-0.24484576714771966,0.30720327625966704,5636,,,,[],0,,False,True,
csd-20260805_174708,paired_hierarchical,1,0,0,5d0e9ff5482e9c83,rpoN->yahE,shared_complete_observation_shared_scores,maximum,prefix,complete,0,500,0.6,0.9,biological_error,2151398048,921666314,2151398048,rpoN,yahE,False,identifiable,alpA|basR|btsR|glaR|glrR|nsrR|ptrR|rcdA,500,0.06974201412029075,0.027392727935055174,0.13579670030634333,2.546004701891706,0.19440831707283507,5636,,,,[],0,,False,True,
csd-20260805_174708,paired_hierarchical,1,0,0,5d0e9ff5482e9c83,rpoN->ygfK,shared_complete_observation_shared_scores,maximum,prefix,complete,0,500,0.6,0.9,biological_error,2151398048,921666314,2151398048,rpoN,ygfK,False,identifiable,alpA|basR|btsR|glaR|glrR|nsrR|ptrR|rcdA,500,-0.0002100700876983266,0.02287567132580512,0.09470356877892466,-0.009183122309567153,0.15756178335760807,5636,,,,[],0,,False,True,
csd-20260805_174708,paired_hierarchical,1,0,0,5d0e9ff5482e9c83,slyA->mdtM,shared_complete_observation_shared_scores,maximum,prefix,complete,0,500,0.6,0.9,biological_error,2151398048,921666314,2151398048,slyA,mdtM,False,identifiable,alpA|basR|btsR|glaR|glrR|nsrR|ptrR|rcdA,500,0.01684494086118483,0.029581148028066793,0.11336531929837199,0.5694485165079542,0.274988745187187,5636,,,,[],0,,False,True,
csd-20260805_174708,paired_hierarchical,1,0,0,5d0e9ff5482e9c83,slyA->yjiN,shared_complete_observation_shared_scores,maximum,prefix,complete,0,500,0.6,0.9,biological_error,2151398048,921666314,2151398048,slyA,yjiN,False,identifiable,alpA|basR|btsR|glaR|glrR|nsrR|ptrR|rcdA,500,0.03139598896717166,0.03692344167889605,0.17662595247784832,0.8502996345846151,0.2583478523439377,5636,,,,[],0,,False,True,
csd-20260805_174708,paired_hierarchical,1,0,0,5d0e9ff5482e9c83,tyrR->aroF,shared_complete_observation_shared_scores,maximum,prefix,complete,0,500,0.6,0.9,biological_error,2151398048,921666314,2151398048,tyrR,aroF,False,identifiable,lrp|nac|pgrR|rpoD|rpoH|soxR,500,-0.03641255343085042,0.03435744987172855,0.3329267380050719,-1.0598153694990307,-0.5049647670028344,5636,,,,[],0,,False,True,
csd-20260805_174708,paired_hierarchical,1,0,0,5d0e9ff5482e9c83,tyrR->aroG,shared_complete_observation_shared_scores,maximum,prefix,complete,0,500,0.6,0.9,biological_error,2151398048,921666314,2151398048,tyrR,aroG,False,identifiable,cpxR|lrp|pgrR|rpoD|rpoH,500,-0.002920694941595597,0.02067821607155176,0.11593358844971495,-0.14124501511587206,-0.16796915237839843,5636,,,,[],0,,False,True,
csd-20260805_174708,paired_hierarchical,1,0,0,5d0e9ff5482e9c83,tyrR->aroL,shared_complete_observation_shared_scores,maximum,prefix,complete,0,500,0.6,0.9,biological_error,2151398048,921666314,2151398048,tyrR,aroL,False,identifiable,lrp|pgrR|rpoD|rpoH|trpR,500,0.015658215871681737,0.022122016321179088,0.13846998027117552,0.7078114238931709,-0.3519200448460482,5636,,,,[],0,,False,True,
csd-20260805_174708,paired_hierarchical,1,0,0,5d0e9ff5482e9c83,tyrR->aroM,shared_complete_observation_shared_scores,maximum,prefix,complete,0,500,0.6,0.9,biological_error,2151398048,921666314,2151398048,tyrR,aroM,False,identifiable,lrp|pgrR|rpoD|rpoH|trpR,500,0.0010279812996120037,0.019369479397621115,0.10615540456981128,0.053072221431942894,-0.3706520902997881,5636,,,,[],0,,False,True,
csd-20260805_174708,paired_hierarchical,1,0,0,5d0e9ff5482e9c83,tyrR->aroP,shared_complete_observation_shared_scores,maximum,prefix,complete,0,500,0.6,0.9,biological_error,2151398048,921666314,2151398048,tyrR,aroP,False,identifiable,argR|cra|fnr|glaR|lrp|pgrR|rpoD|rpoH,500,0.05416425319513888,0.0280009899930227,0.2207329953795868,1.9343692208252479,-0.22676101161852408,5636,,,,[],0,,False,True,
csd-20260805_174708,paired_hierarchical,1,0,0,5d0e9ff5482e9c83,tyrR->folA,shared_complete_observation_shared_scores,maximum,prefix,complete,0,500,0.6,0.9,biological_error,2151398048,921666314,2151398048,tyrR,folA,False,identifiable,ihfA|ihfB|lrp|pgrR|rpoD|rpoH,500,0.002982318096561241,0.02192185804199233,0.135695935368311,0.13604312603650992,0.19099544968053,5636,,,,[],0,,False,True,
csd-20260805_174708,paired_hierarchical,1,0,0,5d0e9ff5482e9c83,tyrR->mtr,shared_complete_observation_shared_scores,maximum,prefix,complete,0,500,0.6,0.9,biological_error,2151398048,921666314,2151398048,tyrR,mtr,False,identifiable,hupA|hupB|ihfA|ihfB|lrp|pgrR|rpoD|rpoH|trpR,500,0.019464481352315936,0.024075345057992546,0.1618626973321051,0.8084819264450835,0.19494764378181045,5636,,,,[],0,,False,True,
csd-20260805_174708,paired_hierarchical,1,0,0,5d0e9ff5482e9c83,tyrR->tyrA,shared_complete_observation_shared_scores,maximum,prefix,complete,0,500,0.6,0.9,biological_error,2151398048,921666314,2151398048,tyrR,tyrA,False,identifiable,lrp|pgrR|rpoD|rpoH|soxR,500,-0.11982833113293304,0.025577655356649975,0.18453531313515967,-4.684883327344493,-0.4098077215959144,5636,,,,[],0,,False,True,
csd-20260805_174708,paired_hierarchical,1,0,0,5d0e9ff5482e9c83,tyrR->tyrB,shared_complete_observation_shared_scores,maximum,prefix,complete,0,500,0.6,0.9,biological_error,2151398048,921666314,2151398048,tyrR,tyrB,False,identifiable,lrp|pgrR|rpoD|rpoH,500,-0.0011255876078111629,0.02464909227247693,0.1719135587573934,-0.04566446485609489,-0.11721804019871981,5636,,,,[],0,,False,True,
csd-20260805_174708,paired_hierarchical,1,0,0,5d0e9ff5482e9c83,tyrR->tyrP,shared_complete_observation_shared_scores,maximum,prefix,complete,0,500,0.6,0.9,biological_error,2151398048,921666314,2151398048,tyrR,tyrP,False,identifiable,hupA|hupB|ihfA|ihfB|lrp|pgrR|rpoD|rpoH,500,0.02610921012210879,0.0287943842511763,0.2315385527062072,0.9067466035861552,-0.10481047916994389,5636,,,,[],0,,False,True,
csd-20260805_174708,paired_hierarchical,1,0,0,5d0e9ff5482e9c83,tyrR->yaiA,shared_complete_observation_shared_scores,maximum,prefix,complete,0,500,0.6,0.9,biological_error,2151398048,921666314,2151398048,tyrR,yaiA,False,identifiable,lrp|pgrR|rpoD|rpoH|trpR,500,0.017069788716036656,0.028136361428599415,0.2239969380603737,0.6066807451046581,-0.6023456013671773,5636,,,,[],0,,False,True,
csd-20260805_174708,paired_hierarchical,1,0,0,5d0e9ff5482e9c83,yciT->bsmA,shared_complete_observation_shared_scores,maximum,prefix,complete,0,500,0.6,0.9,biological_error,2151398048,921666314,2151398048,yciT,bsmA,False,identifiable,lrp|rpoS,500,0.01991535122158355,0.039981139299710894,0.15146489436827051,0.49811865220477997,0.2830600977660009,5636,,,,[],0,,False,True,
csd-20260805_174708,paired_hierarchical,1,0,0,5d0e9ff5482e9c83,yciT->cusF,shared_complete_observation_shared_scores,maximum,prefix,complete,0,500,0.6,0.9,biological_error,2151398048,921666314,2151398048,yciT,cusF,False,identifiable,cusR|hprR|lrp|phoB|rpoD|rpoS,500,-0.031214930241481705,0.04770172758086772,0.21431012827868873,-0.6543773532848197,-0.2632540314039945,5636,,,,[],0,,False,True,
csd-20260805_174708,paired_hierarchical,1,0,0,5d0e9ff5482e9c83,yciT->rdcA,shared_complete_observation_shared_scores,maximum,prefix,complete,0,500,0.6,0.9,biological_error,2151398048,921666314,2151398048,yciT,rdcA,False,identifiable,fliA|lrp|rpoS,500,-0.16492479567005833,0.10230175463110938,0.9915804268235219,-1.6121404394749808,-0.19146607247052752,5636,,,,[],0,,False,True,
csd-20260805_174708,paired_hierarchical,1,0,0,5d0e9ff5482e9c83,yciT->ybiY,shared_complete_observation_shared_scores,maximum,prefix,complete,0,500,0.6,0.9,biological_error,2151398048,921666314,2151398048,yciT,ybiY,False,identifiable,lrp|rpoS,500,-0.02102397850768998,0.040909442080835454,0.1585801296157922,-0.5139150630836622,0.17350057719050777,5636,,,,[],0,,False,True,
csd-20260805_174708,paired_hierarchical,1,0,0,5d0e9ff5482e9c83,zntR->rmf,shared_complete_observation_shared_scores,maximum,prefix,complete,0,500,0.6,0.9,biological_error,2151398048,921666314,2151398048,zntR,rmf,False,identifiable,arcA|crp|cueR|fur|kdpE|lrp|mcbR|nhaR|phoP|rcdA|rpoH|sdiA|slyA|zraR,500,-0.08271701830489861,0.05341747873713631,0.2629372303361748,-1.5485009824582567,-0.4855193929955057,5636,,,,[],0,,False,True,
csd-20260805_174708,paired_hierarchical,1,0,0,5d0e9ff5482e9c83,zntR->rsd,shared_complete_observation_shared_scores,maximum,prefix,complete,0,500,0.6,0.9,biological_error,2151398048,921666314,2151398048,zntR,rsd,False,identifiable,arcA|cueR|fur|kdpE|lrp|mcbR|nac|nhaR|phoP|rcdA|rpoD|rpoH|rpoS|sdiA|slyA,500,0.07708457421079272,0.06632633033361504,0.40145840437322616,1.1622017051609028,-0.043147470657145845,5636,,,,[],0,,False,True,
csd-20260805_174708,paired_hierarchical,1,0,0,5d0e9ff5482e9c83,zntR->zntA,shared_complete_observation_shared_scores,maximum,prefix,complete,0,500,0.6,0.9,biological_error,2151398048,921666314,2151398048,zntR,zntA,False,identifiable,lrp|rpoD|rpoH,500,0.010301453289211698,0.03935370294914315,0.14818767998234028,0.2617657937430763,-0.2648786315716004,5636,,,,[],0,,False,True,
csd-20260805_174708,paired_hierarchical,1,0,0,5d0e9ff5482e9c83,lysR->lysA,shared_complete_observation_shared_scores,maximum,prefix,complete,0,500,0.6,0.9,biological_error,2151398048,921666314,2151398048,lysR,lysA,False,identifiable,argP|nac|rpoD,500,0.07187692328275624,0.04866748467336446,0.20376821140374773,1.4768982569196603,0.21202838107990044,5636,,,,[],0,,False,True,
csd-20260805_174708,paired_hierarchical,1,0,0,5d0e9ff5482e9c83,rob->acs,shared_complete_observation_shared_scores,maximum,prefix,complete,0,500,0.6,0.9,biological_error,2151398048,921666314,2151398048,rob,acs,False,identifiable,acrR|cpxR|cra|crp|fis|ihfA|ihfB|nac|ompR|rpoD|rpoS|soxS,500,-0.059608253918730814,0.06543372217623994,0.16570472599339997,-0.9109714675589027,-0.26002807081501855,5636,,,,[],0,,False,True,
csd-20260805_174708,paired_hierarchical,1,0,0,5d0e9ff5482e9c83,rob->actP,shared_complete_observation_shared_scores,maximum,prefix,complete,0,500,0.6,0.9,biological_error,2151398048,921666314,2151398048,rob,actP,False,identifiable,acrR|cpxR|cra|crp|fis|fur|ihfA|ihfB|nac|ompR|rpoD|rpoN|rpoS|soxS,500,0.08650526688790469,0.06571609188027279,0.1670533458095443,1.3163483161096585,-0.23508268909335842,5636,,,,[],0,,False,True,
csd-20260805_174708,paired_hierarchical,1,0,0,5d0e9ff5482e9c83,rob->aslB,shared_complete_observation_shared_scores,maximum,prefix,complete,0,500,0.6,0.9,biological_error,2151398048,921666314,2151398048,rob,aslB,False,identifiable,acrR|cpxR|cra|crp|fis|gadE|nac|ompR|rcsB|rpoD|rpoN|soxS,500,0.1301290490549626,0.12181227119815122,0.5750129472551968,1.068275369755503,0.25562891673103194,5636,,,,[],0,,False,True,
csd-20260805_174708,paired_hierarchical,1,0,0,5d0e9ff5482e9c83,rob->astC,shared_complete_observation_shared_scores,maximum,prefix,complete,0,500,0.6,0.9,biological_error,2151398048,921666314,2151398048,rob,astC,False,identifiable,acrR|argR|cpxR|cra|crp|fis|glnG|lrp|nac|ompR|rpoD|rpoN|rpoS|soxS,500,-0.05828102929096172,0.08632172079854689,0.2867944771541857,-0.6751606519403723,-0.2640661705527709,5636,,,,[],0,,False,True,
csd-20260805_174708,paired_hierarchical,1,0,0,5d0e9ff5482e9c83,rob->chaC,shared_complete_observation_shared_scores,maximum,prefix,complete,0,500,0.6,0.9,biological_error,2151398048,921666314,2151398048,rob,chaC,False,identifiable,acrR|cpxR|cra|crp|fis|glaR|nac|ompR|rpoD|rpoN|soxS,500,0.014571736135178651,0.04991248684206814,0.09669620081511635,0.29194570451450713,0.4165608226460086,5636,,,,[],0,,False,True,
csd-20260805_174708,paired_hierarchical,1,0,0,5d0e9ff5482e9c83,rob->elaB,shared_complete_observation_shared_scores,maximum,prefix,complete,0,500,0.6,0.9,biological_error,2151398048,921666314,2151398048,rob,elaB,False,identifiable,acrR|cpxR|cra|crp|fis|nac|ompR|oxyR|rpoD|rpoS|soxS,500,-0.05253968893686581,0.05962256338125408,0.1338284916671125,-0.8812047982724742,-0.1623348593221945,5636,,,,[],0,,False,True,
csd-20260805_174708,paired_hierarchical,1,0,0,5d0e9ff5482e9c83,rob->fadA,shared_complete_observation_shared_scores,maximum,prefix,complete,0,500,0.6,0.9,biological_error,2151398048,921666314,2151398048,rob,fadA,False,identifiable,acrR|arcA|cpxR|cra|crp|fadR|fis|nac|ompR|rpoD|soxS,500,0.026734918206958995,0.07245123776075062,0.20377413823348467,0.36900567931280037,-0.29709513287346107,5636,,,,[],0,,False,True,
csd-20260805_174708,paired_hierarchical,1,0,0,5d0e9ff5482e9c83,rob->fadB,shared_complete_observation_shared_scores,maximum,prefix,complete,0,500,0.6,0.9,biological_error,2151398048,921666314,2151398048,rob,fadB,False,identifiable,acrR|arcA|cpxR|cra|crp|fadR|fis|nac|ompR|rpoD|soxS,500,-0.19481613449647917,0.06466112816634587,0.162309523092463,-3.0128786802992247,-0.31828508126508964,5636,,,,[],0,,False,True,
csd-20260805_174708,paired_hierarchical,1,0,0,5d0e9ff5482e9c83,rob->fadD,shared_complete_observation_shared_scores,maximum,prefix,complete,0,500,0.6,0.9,biological_error,2151398048,921666314,2151398048,rob,fadD,False,identifiable,acrR|arcA|cpxR|cra|crp|fadR|fis|nac|ompR|rpoD|soxS,500,0.07767286304171558,0.11004688958536439,0.47012461453890253,0.7058160692625849,-0.17811253012326475,5636,,,,[],0,,False,True,
csd-20260805_174708,paired_hierarchical,1,0,0,5d0e9ff5482e9c83,rob->fadL,shared_complete_observation_shared_scores,maximum,prefix,complete,0,500,0.6,0.9,biological_error,2151398048,921666314,2151398048,rob,fadL,False,identifiable,acrR|arcA|cpxR|cra|crp|fadR|fis|lldR|lrp|nac|ompR|pdhR|phoP|rpoD|rpoN|rpoS|soxS,500,-0.17729156908192845,0.07211233197850249,0.20113667357354165,-2.4585471613202174,-0.2846847180319286,5636,,,,[],0,,False,True,
csd-20260805_174708,paired_hierarchical,1,0,0,5d0e9ff5482e9c83,rob->glgS,shared_complete_observation_shared_scores,maximum,prefix,complete,0,500,0.6,0.9,biological_error,2151398048,921666314,2151398048,rob,glgS,False,identifiable,acrR|cpxR|cra|crp|csrA|fis|nac|ompR|rpoD|rpoS|soxS,500,-0.06821467892585498,0.052108099772737206,0.1052318414663838,-1.309099338171312,0.18829730113148074,5636,,,,[],0,,False,True,
csd-20260805_174708,paired_hierarchical,1,0,0,5d0e9ff5482e9c83,rob->ldtB,shared_complete_observation_shared_scores,maximum,prefix,complete,0,500,0.6,0.9,biological_error,2151398048,921666314,2151398048,rob,ldtB,False,identifiable,acrR|cpxR|cra|crp|fis|nac|ompR|rpoD|soxS,500,0.04015515921438292,0.0639262045968601,0.1587340391233149,0.6281486515211516,0.13838147251605312,5636,,,,[],0,,False,True,
csd-20260805_174708,paired_hierarchical,1,0,0,5d0e9ff5482e9c83,rob->mdtD,shared_complete_observation_shared_scores,maximum,prefix,complete,0,500,0.6,0.9,biological_error,2151398048,921666314,2151398048,rob,mdtD,False,identifiable,acrR|baeR|cpxR|cra|crp|fis|nac|ompR|rpoD|rpoS|soxS,500,-0.055906543779660436,0.0854257016243957,0.28157831810000544,-0.6544464103493505,0.2189219104310974,5636,,,,[],0,,False,True,
csd-20260805_174708,paired_hierarchical,1,0,0,5d0e9ff5482e9c83,rob->mltF,shared_complete_observation_shared_scores,maximum,prefix,complete,0,500,0.6,0.9,biological_error,2151398048,921666314,2151398048,rob,mltF,False,identifiable,acrR|cpxR|cra|crp|fis|nac|ompR|rpoD|soxS,500,0.020854419231693396,0.08990132314788601,0.313938366207281,0.23197010345874736,0.19392742852240744,5636,,,,[],0,,False,True,
csd-20260805_174708,paired_hierarchical,1,0,0,5d0e9ff5482e9c83,rob->narG,shared_complete_observation_shared_scores,maximum,prefix,complete,0,500,0.6,0.9,biological_error,2151398048,921666314,2151398048,rob,narG,False,identifiable,acrR|cpxR|cra|crp|fis|fnr|ihfA|ihfB|nac|narL|ompR|rpoD|rstA|soxS,500,0.0204496121546161,0.08628970407666312,0.28332180084759406,0.2369878582089918,0.40768578056090427,5636,,,,[],0,,False,True,
csd-20260805_174708,paired_hierarchical,1,0,0,5d0e9ff5482e9c83,rob->yacH,shared_complete_observation_shared_scores,maximum,prefix,complete,0,500,0.6,0.9,biological_error,2151398048,921666314,2151398048,rob,yacH,False,identifiable,acrR|cpxR|cra|crp|fis|nac|ompR|rpoD|soxS,500,-0.12457462185985488,0.05853201314254888,0.13307581953423508,-2.128316030348483,0.290227955805111,5636,,,,[],0,,False,True,
csd-20260805_174708,paired_hierarchical,1,0,0,5d0e9ff5482e9c83,rob->ybiT,shared_complete_observation_shared_scores,maximum,prefix,complete,0,500,0.6,0.9,biological_error,2151398048,921666314,2151398048,rob,ybiT,False,identifiable,acrR|ascG|cpxR|cra|crp|fis|lrp|nac|ompR|rpoD|soxS,500,0.07195046160998572,0.05792001884750533,0.12981132942896326,1.2422382285375362,0.36364646378672294,5636,,,,[],0,,False,True,
csd-20260805_174708,paired_hierarchical,1,0,0,5d0e9ff5482e9c83,rob->ydcL,shared_complete_observation_shared_scores,maximum,prefix,complete,0,500,0.6,0.9,biological_error,2151398048,921666314,2151398048,rob,ydcL,False,identifiable,acrR|cpxR|cra|crp|fis|lrp|nac|ompR|rpoD|soxS,500,0.05622983640581697,0.05422516140145839,0.11420840606242785,1.0369694612712514,0.23795181425307496,5636,,,,[],0,,False,True,
csd-20260805_174708,paired_hierarchical,1,0,0,5d0e9ff5482e9c83,rob->yhbO,shared_complete_observation_shared_scores,maximum,prefix,complete,0,500,0.6,0.9,biological_error,2151398048,921666314,2151398048,rob,yhbO,False,identifiable,acrR|cpxR|cra|crp|fis|nac|ompR|rpoD|soxS,500,-0.09235060192494703,0.03937486462894666,0.06022133432029431,-2.3454201759224573,-0.405644638723023,5636,,,,[],0,,False,True,
csd-20260805_174708,paired_hierarchical,1,0,0,5d0e9ff5482e9c83,rob->yiaG,shared_complete_observation_shared_scores,maximum,prefix,complete,0,500,0.6,0.9,biological_error,2151398048,921666314,2151398048,rob,yiaG,False,identifiable,acrR|cpxR|cra|crp|fis|lrp|nac|ompR|rpoD|rpoS|soxS,500,0.03941564059388585,0.06282332043382538,0.15305555483437125,0.6274046058327037,-0.2321020681303761,5636,,,,[],0,,False,True,
csd-20260805_174708,paired_hierarchical,1,0,0,5d0e9ff5482e9c83,rob->yjcH,shared_complete_observation_shared_scores,maximum,prefix,complete,0,500,0.6,0.9,biological_error,2151398048,921666314,2151398048,rob,yjcH,False,identifiable,acrR|cpxR|cra|crp|fis|fur|ihfA|ihfB|nac|ompR|rpoD|rpoS|soxS,500,0.053706359648637965,0.06865093361843815,0.18237243844042378,0.7823106958331825,-0.13371600900018146,5636,,,,[],0,,False,True,
csd-20260805_174708,paired_hierarchical,1,0,0,5d0e9ff5482e9c83,mcbR->mcbA,shared_complete_observation_shared_scores,maximum,prefix,complete,0,500,0.6,0.9,biological_error,2151398048,921666314,2151398048,mcbR,mcbA,False,identifiable,nac|rpoD|ygiV,500,-0.019661765869086904,0.04254337258381592,0.2375070526731579,-0.46215813827055424,-0.6418484712569194,5636,,,,[],0,,False,True,
csd-20260805_174708,paired_hierarchical,1,0,0,5d0e9ff5482e9c83,mcbR->rmf,shared_complete_observation_shared_scores,maximum,prefix,complete,0,500,0.6,0.9,biological_error,2151398048,921666314,2151398048,mcbR,rmf,False,identifiable,arcA|crp|cueR|fur|kdpE|nhaR|phoP|rcdA|sdiA|slyA|ygiV|zntR|zraR,500,0.08762495276293844,0.045640653252811435,0.26289045831143804,1.9198882250341323,0.36271919887671156,5636,,,,[],0,,False,True,
csd-20260805_174708,paired_hierarchical,1,0,0,5d0e9ff5482e9c83,mcbR->rsd,shared_complete_observation_shared_scores,maximum,prefix,complete,0,500,0.6,0.9,biological_error,2151398048,921666314,2151398048,mcbR,rsd,False,identifiable,arcA|cueR|fur|kdpE|lrp|nac|nhaR|phoP|rcdA|rpoD|rpoS|sdiA|slyA|ygiV|zntR,500,0.07924320736531486,0.05633687777636698,0.40174896017714806,1.4065956526713477,0.25786464663354336,5636,,,,[],0,,False,True,
csd-20260805_174708,paired_hierarchical,1,0,0,5d0e9ff5482e9c83,mcbR->yciE,shared_complete_observation_shared_scores,maximum,prefix,complete,0,500,0.6,0.9,biological_error,2151398048,921666314,2151398048,mcbR,yciE,False,identifiable,hns|rpoD|rpoS|ygiV,500,0.05796431937135841,0.05085228862835168,0.33664071983341703,1.1398566502086902,0.15600640037952154,5636,,,,[],0,,False,True,
csd-20260805_174708,paired_hierarchical,1,0,0,5d0e9ff5482e9c83,mcbR->yciF,shared_complete_observation_shared_scores,maximum,prefix,complete,0,500,0.6,0.9,biological_error,2151398048,921666314,2151398048,mcbR,yciF,False,identifiable,hns|rpoS|ygiV,500,-0.07106397628054562,0.039643016183736245,0.2046077670490396,-1.7925976154584318,0.1616554104431569,5636,,,,[],0,,False,True,
csd-20260805_174708,paired_hierarchical,1,0,0,5d0e9ff5482e9c83,mcbR->yciG,shared_complete_observation_shared_scores,maximum,prefix,complete,0,500,0.6,0.9,biological_error,2151398048,921666314,2151398048,mcbR,yciG,False,identifiable,hns|rpoS|ygiV,500,0.037077883428808675,0.03654423195306435,0.17387070450952374,1.0146028920905963,0.2169234740338185,5636,,,,[],0,,False,True,
csd-20260805_174708,paired_hierarchical,1,0,0,5d0e9ff5482e9c83,metR->glyA,shared_complete_observation_shared_scores,maximum,prefix,complete,0,500,0.6,0.9,biological_error,2151398048,921666314,2151398048,metR,glyA,False,identifiable,metJ|nac|oxyR|purR|rpoD,500,-0.007681366809437141,0.04460666662519219,0.14205557543269587,-0.17220221528723217,-0.21778292613030734,5636,,,,[],0,,False,True,
csd-20260805_174708,paired_hierarchical,1,0,0,5d0e9ff5482e9c83,metR->hmp,shared_complete_observation_shared_scores,maximum,prefix,complete,0,500,0.6,0.9,biological_error,2151398048,921666314,2151398048,metR,hmp,False,identifiable,dksA|fnr|fur|metJ|nac|nsrR|oxyR|rpoS,500,0.08758399295475792,0.04912798845683587,0.17052720806756747,1.782771811056537,0.3111262858380459,5636,,,,[],0,,False,True,
csd-20260805_174708,paired_hierarchical,1,0,0,5d0e9ff5482e9c83,metR->metE,shared_complete_observation_shared_scores,maximum,prefix,complete,0,500,0.6,0.9,biological_error,2151398048,921666314,2151398048,metR,metE,False,identifiable,metJ|nac|oxyR,500,0.011239315609847684,0.045979206587594426,0.15179038584847926,0.2444434439823532,0.2625789314688229,5636,,,,[],0,,False,True,
csd-20260805_174708,paired_hierarchical,1,0,0,5d0e9ff5482e9c83,metR->metH,shared_complete_observation_shared_scores,maximum,prefix,complete,0,500,0.6,0.9,biological_error,2151398048,921666314,2151398048,metR,metH,False,identifiable,fur|lrp|metJ|nac|oxyR|rpoD,500,-0.12469363497549056,0.05001285387102399,0.17445915704085632,-2.493231745923911,0.14196685348889945,5636,,,,[],0,,False,True,
csd-20260805_174708,paired_hierarchical,1,0,0,5d0e9ff5482e9c83,micL->lpp,shared_complete_observation_shared_scores,maximum,prefix,complete,0,500,0.6,0.9,biological_error,2151398048,921666314,2151398048,micL,lpp,False,identifiable,ompR|rpoE,500,0.047152380598809204,0.03724316351667246,0.11666574419001936,1.266068081936722,-0.1363424840404399,5636,,,,[],0,,False,True,
csd-20260805_174708,paired_hierarchical,1,0,0,5d0e9ff5482e9c83,mngR->mngA,shared_complete_observation_shared_scores,maximum,prefix,complete,0,500,0.6,0.9,biological_error,2151398048,921666314,2151398048,mngR,mngA,False,identifiable,rpoD|rpoH,500,0.0144991154025058,0.045597692605165795,0.11328270199300114,0.31797914706024366,-0.41198868040631803,5636,,,,[],0,,False,True,
csd-20260805_174708,paired_hierarchical,1,0,0,5d0e9ff5482e9c83,mngR->mngB,shared_complete_observation_shared_scores,maximum,prefix,complete,0,500,0.6,0.9,biological_error,2151398048,921666314,2151398048,mngR,mngB,False,identifiable,rpoD|rpoH,500,0.1293000218235057,0.060370480418026694,0.19857616998132718,2.1417755984081346,-0.11581136084053045,5636,,,,[],0,,False,True,
csd-20260805_174708,paired_hierarchical,1,0,0,5d0e9ff5482e9c83,modE->ccmA,shared_complete_observation_shared_scores,maximum,prefix,complete,0,500,0.6,0.9,biological_error,2151398048,921666314,2151398048,modE,ccmA,False,identifiable,flhC|flhD|fnr|nac|narP|rpoD,500,0.02745636640283966,0.06148764397625916,0.2164849810121355,0.44653469587224337,0.25281484868046594,5636,,,,[],0,,False,True,
csd-20260805_174708,paired_hierarchical,1,0,0,5d0e9ff5482e9c83,modE->ccmB,shared_complete_observation_shared_scores,maximum,prefix,complete,0,500,0.6,0.9,biological_error,2151398048,921666314,2151398048,modE,ccmB,False,identifiable,flhC|flhD|fnr|nac|narP|rpoD,500,-0.006278706513547942,0.06880757982216693,0.27109695036673453,-0.09125021588864553,0.09086257560314659,5636,,,,[],0,,False,True,
csd-20260805_174708,paired_hierarchical,1,0,0,5d0e9ff5482e9c83,modE->ccmC,shared_complete_observation_shared_scores,maximum,prefix,complete,0,500,0.6,0.9,biological_error,2151398048,921666314,2151398048,modE,ccmC,False,identifiable,flhC|flhD|fnr|narP|rpoD,500,0.0294104150174401,0.09184536825396468,0.48556103878229595,0.32021663777444265,0.19249074143262507,5636,,,,[],0,,False,True,
csd-20260805_174708,paired_hierarchical,1,0,0,5d0e9ff5482e9c83,modE->ccmD,shared_complete_observation_shared_scores,maximum,prefix,complete,0,500,0.6,0.9,biological_error,2151398048,921666314,2151398048,modE,ccmD,False,identifiable,flhC|flhD|fnr|narP|rpoD,500,0.09656046944849579,0.10013326892363333,0.5771465458072602,0.964319556192035,0.16952078850650684,5636,,,,[],0,,False,True,
csd-20260805_174708,paired_hierarchical,1,0,0,5d0e9ff5482e9c83,modE->ccmE,shared_complete_observation_shared_scores,maximum,prefix,complete,0,500,0.6,0.9,biological_error,2151398048,921666314,2151398048,modE,ccmE,False,identifiable,flhC|flhD|fnr|narP|rpoD,500,-0.010895610854641066,0.09618348850026585,0.5325131800915484,-0.11327943105963505,0.16523761065416814,5636,,,,[],0,,False,True,
csd-20260805_174708,paired_hierarchical,1,0,0,5d0e9ff5482e9c83,modE->ccmF,shared_complete_observation_shared_scores,maximum,prefix,complete,0,500,0.6,0.9,biological_error,2151398048,921666314,2151398048,modE,ccmF,False,identifiable,flhC|flhD|fnr|narP|rpoD,500,0.12506197090298427,0.10180002400080962,0.5965200877074842,1.228506300764621,0.34300131399395367,5636,,,,[],0,,False,True,
csd-20260805_174708,paired_hierarchical,1,0,0,5d0e9ff5482e9c83,modE->ccmG,shared_complete_observation_shared_scores,maximum,prefix,complete,0,500,0.6,0.9,biological_error,2151398048,921666314,2151398048,modE,ccmG,False,identifiable,flhC|flhD|fnr|narP|rpoD,500,-0.0716512605658533,0.07545811385209168,0.32774887001848574,-0.9495501134086078,0.13541929324584467,5636,,,,[],0,,False,True,
csd-20260805_174708,paired_hierarchical,1,0,0,5d0e9ff5482e9c83,modE->ccmH,shared_complete_observation_shared_scores,maximum,prefix,complete,0,500,0.6,0.9,biological_error,2151398048,921666314,2151398048,modE,ccmH,False,identifiable,flhC|flhD|fnr|nac|narP|rpoD,500,-0.18635911734254143,0.07501206407054666,0.32219166316032566,-2.4843886067083307,0.24460367013890066,5636,,,,[],0,,False,True,
csd-20260805_174708,paired_hierarchical,1,0,0,5d0e9ff5482e9c83,modE->deoA,shared_complete_observation_shared_scores,maximum,prefix,complete,0,500,0.6,0.9,biological_error,2151398048,921666314,2151398048,modE,deoA,False,identifiable,crp|cytR|deoR|fis|rpoD,500,0.05599081334561687,0.09819886006626091,0.5561371862801661,0.5701778341198296,-0.13606126146026046,5636,,,,[],0,,False,True,
csd-20260805_174708,paired_hierarchical,1,0,0,5d0e9ff5482e9c83,modE->deoB,shared_complete_observation_shared_scores,maximum,prefix,complete,0,500,0.6,0.9,biological_error,2151398048,921666314,2151398048,modE,deoB,False,identifiable,crp|cytR|deoR|fis|lrp|rpoD,500,0.014090028968126889,0.051894126122571736,0.1550308352283993,0.27151490969993086,-0.150190859273399,5636,,,,[],0,,False,True,
csd-20260805_174708,paired_hierarchical,1,0,0,5d0e9ff5482e9c83,modE->deoC,shared_complete_observation_shared_scores,maximum,prefix,complete,0,500,0.6,0.9,biological_error,2151398048,921666314,2151398048,modE,deoC,False,identifiable,crp|cytR|deoR|fis|rpoD,500,0.039567412322292106,0.09036076224868979,0.47090013419238247,0.4378826753740208,-0.2715456560757461,5636,,,,[],0,,False,True,
csd-20260805_174708,paired_hierarchical,1,0,0,5d0e9ff5482e9c83,modE->deoD,shared_complete_observation_shared_scores,maximum,prefix,complete,0,500,0.6,0.9,biological_error,2151398048,921666314,2151398048,modE,deoD,False,identifiable,crp|cytR|deoR|fis|rpoD,500,-0.1334035441242385,0.06093742203206121,0.2141594275663827,-2.189189166126037,-0.19199132247368325,5636,,,,[],0,,False,True,
csd-20260805_174708,paired_hierarchical,1,0,0,5d0e9ff5482e9c83,modE->dmsA,shared_complete_observation_shared_scores,maximum,prefix,complete,0,500,0.6,0.9,biological_error,2151398048,921666314,2151398048,modE,dmsA,False,identifiable,fis|fnr|fur|ihfA|ihfB|rpoD,500,-0.07026862206049943,0.07192700684707652,0.2982086794910327,-0.9769435034311524,-0.45474367574457825,5636,,,,[],0,,False,True,
csd-20260805_174708,paired_hierarchical,1,0,0,5d0e9ff5482e9c83,modE->dmsB,shared_complete_observation_shared_scores,maximum,prefix,complete,0,500,0.6,0.9,biological_error,2151398048,921666314,2151398048,modE,dmsB,False,identifiable,fis|fnr|fur|ihfA|ihfB|rpoD,500,-0.02034950302344449,0.07022262824594429,0.2842434484335124,-0.2897855510644431,-0.29935571435364094,5636,,,,[],0,,False,True,
csd-20260805_174708,paired_hierarchical,1,0,0,5d0e9ff5482e9c83,modE->dmsC,shared_complete_observation_shared_scores,maximum,prefix,complete,0,500,0.6,0.9,biological_error,2151398048,921666314,2151398048,modE,dmsC,False,identifiable,fis|fnr|fur|ihfA|ihfB|rpoD,500,-0.06120633448448444,0.06404984139138115,0.2364680231761227,-0.9556047783237861,-0.443437647346204,5636,,,,[],0,,False,True,
csd-20260805_174708,paired_hierarchical,1,0,0,5d0e9ff5482e9c83,modE->hycA,shared_complete_observation_shared_scores,maximum,prefix,complete,0,500,0.6,0.9,biological_error,2151398048,921666314,2151398048,modE,hycA,False,identifiable,fhlA|ihfA|ihfB|nsrR|rpoN,500,0.1486863737397956,0.04642643987251715,0.12380292184386574,3.202622775902591,0.14261264084098993,5636,,,,[],0,,False,True,
csd-20260805_174708,paired_hierarchical,1,0,0,5d0e9ff5482e9c83,modE->hycB,shared_complete_observation_shared_scores,maximum,prefix,complete,0,500,0.6,0.9,biological_error,2151398048,921666314,2151398048,modE,hycB,False,identifiable,fhlA|ihfA|ihfB|nsrR|rpoN|srsR,500,-0.0026021115410645767,0.048844342890132945,0.13699300901033945,-0.05327354995680021,0.25833303894847837,5636,,,,[],0,,False,True,
csd-20260805_174708,paired_hierarchical,1,0,0,5d0e9ff5482e9c83,modE->hycC,shared_complete_observation_shared_scores,maximum,prefix,complete,0,500,0.6,0.9,biological_error,2151398048,921666314,2151398048,modE,hycC,False,identifiable,fhlA|ihfA|ihfB|nsrR|rpoN,500,0.2522180111676187,0.07810870498690789,0.3504281659112932,3.229064048749675,0.6451499057245804,5636,,,,[],0,,False,True,
csd-20260805_174708,paired_hierarchical,1,0,0,5d0e9ff5482e9c83,modE->hycD,shared_complete_observation_shared_scores,maximum,prefix,complete,0,500,0.6,0.9,biological_error,2151398048,921666314,2151398048,modE,hycD,False,identifiable,fhlA|ihfA|ihfB|nsrR|rpoN,500,0.007391611980013545,0.07301651223710685,0.3062261676550145,0.10123206044148932,0.31120242391877034,5636,,,,[],0,,False,True,
csd-20260805_174708,paired_hierarchical,1,0,0,5d0e9ff5482e9c83,modE->hycE,shared_complete_observation_shared_scores,maximum,prefix,complete,0,500,0.6,0.9,biological_error,2151398048,921666314,2151398048,modE,hycE,False,identifiable,fhlA|ihfA|ihfB|nsrR|rpoN,500,0.021955952232281334,0.10038911344334116,0.5788597711616577,0.21870849815476362,0.2590764068450362,5636,,,,[],0,,False,True,
csd-20260805_174708,paired_hierarchical,1,0,0,5d0e9ff5482e9c83,modE->hycF,shared_complete_observation_shared_scores,maximum,prefix,complete,0,500,0.6,0.9,biological_error,2151398048,921666314,2151398048,modE,hycF,False,identifiable,fhlA|ihfA|ihfB|nsrR|rpoN,500,0.010357776001483675,0.04734806147209585,0.12876698774883522,0.21875818522344226,0.09407727147945083,5636,,,,[],0,,False,True,
csd-20260805_174708,paired_hierarchical,1,0,0,5d0e9ff5482e9c83,modE->hycG,shared_complete_observation_shared_scores,maximum,prefix,complete,0,500,0.6,0.9,biological_error,2151398048,921666314,2151398048,modE,hycG,False,identifiable,fhlA|ihfA|ihfB|nsrR|rpoN,500,0.08846177855105838,0.07688577650649027,0.33954093521293016,1.150561034440368,0.2098644537999853,5636,,,,[],0,,False,True,
csd-20260805_174708,paired_hierarchical,1,0,0,5d0e9ff5482e9c83,modE->hycH,shared_complete_observation_shared_scores,maximum,prefix,complete,0,500,0.6,0.9,biological_error,2151398048,921666314,2151398048,modE,hycH,False,identifiable,fhlA|ihfA|ihfB|nsrR|rpoN,500,-0.0010026011989991424,0.056342017643414,0.1823328504105141,-0.017794911168154442,0.21023038118471188,5636,,,,[],0,,False,True,
csd-20260805_174708,paired_hierarchical,1,0,0,5d0e9ff5482e9c83,modE->hycI,shared_complete_observation_shared_scores,maximum,prefix,complete,0,500,0.6,0.9,biological_error,2151398048,921666314,2151398048,modE,hycI,False,identifiable,fhlA|ihfA|ihfB|nsrR|rpoN,500,-0.021435504604678315,0.05836748015206103,0.19567800834862928,-0.36725081413200944,0.366558858424821,5636,,,,[],0,,False,True,
csd-20260805_174708,paired_hierarchical,1,0,0,5d0e9ff5482e9c83,modE->moaA,shared_complete_observation_shared_scores,maximum,prefix,complete,0,500,0.6,0.9,biological_error,2151398048,921666314,2151398048,modE,moaA,False,identifiable,csrA|cueR|fnr,500,0.05105722078319067,0.07654121816496652,0.3382992269888957,0.667055241701914,0.1715273311766595,5636,,,,[],0,,False,True,
csd-20260805_174708,paired_hierarchical,1,0,0,5d0e9ff5482e9c83,modE->moaB,shared_complete_observation_shared_scores,maximum,prefix,complete,0,500,0.6,0.9,biological_error,2151398048,921666314,2151398048,modE,moaB,False,identifiable,csrA|cueR|fnr,500,-0.019182125358534738,0.0628574728593967,0.2281519047486637,-0.3051685740125513,0.2726623463540094,5636,,,,[],0,,False,True,
csd-20260805_174708,paired_hierarchical,1,0,0,5d0e9ff5482e9c83,modE->moaC,shared_complete_observation_shared_scores,maximum,prefix,complete,0,500,0.6,0.9,biological_error,2151398048,921666314,2151398048,modE,moaC,False,identifiable,csrA|cueR|fnr,500,0.01221160856430889,0.06136947306793313,0.21747786183368728,0.1989850646231101,0.24199958349547313,5636,,,,[],0,,False,True,
csd-20260805_174708,paired_hierarchical,1,0,0,5d0e9ff5482e9c83,modE->moaD,shared_complete_observation_shared_scores,maximum,prefix,complete,0,500,0.6,0.9,biological_error,2151398048,921666314,2151398048,modE,moaD,False,identifiable,csrA|cueR|fnr,500,-0.023187816024141578,0.0701605044692915,0.2842468574155227,-0.3304967117830608,0.16705504368508398,5636,,,,[],0,,False,True,
csd-20260805_174708,paired_hierarchical,1,0,0,5d0e9ff5482e9c83,modE->moaE,shared_complete_observation_shared_scores,maximum,prefix,complete,0,500,0.6,0.9,biological_error,2151398048,921666314,2151398048,modE,moaE,False,identifiable,csrA|cueR|fnr,500,-0.007465376471326243,0.062471880879473356,0.2253613467176022,-0.11949978720392862,0.4803518772806126,5636,,,,[],0,,False,True,
csd-20260805_174708,paired_hierarchical,1,0,0,5d0e9ff5482e9c83,modE->modA,shared_complete_observation_shared_scores,maximum,prefix,complete,0,500,0.6,0.9,biological_error,2151398048,921666314,2151398048,modE,modA,False,identifiable,crp|fliA|lrp|rpoD,500,-0.05795286943297108,0.08106828194570584,0.3788504577703326,-0.7148649020560726,-0.40110750537998247,5636,,,,[],0,,False,True,
csd-20260805_174708,paired_hierarchical,1,0,0,5d0e9ff5482e9c83,modE->modB,shared_complete_observation_shared_scores,maximum,prefix,complete,0,500,0.6,0.9,biological_error,2151398048,921666314,2151398048,modE,modB,False,identifiable,crp|fliA|rpoD,500,-0.08617146209666882,0.1053253543984636,0.6405656388811429,-0.8181454749315878,-0.36994642479852446,5636,,,,[],0,,False,True,
csd-20260805_174708,paired_hierarchical,1,0,0,5d0e9ff5482e9c83,modE->modC,shared_complete_observation_shared_scores,maximum,prefix,complete,0,500,0.6,0.9,biological_error,2151398048,921666314,2151398048,modE,modC,False,identifiable,crp|fliA|rpoD,500,-0.016824442757928344,0.10976151277953308,0.6956614672870522,-0.15328180463148236,-0.18775712811988554,5636,,,,[],0,,False,True,
csd-20260805_174708,paired_hierarchical,1,0,0,5d0e9ff5482e9c83,modE->napA,shared_complete_observation_shared_scores,maximum,prefix,complete,0,500,0.6,0.9,biological_error,2151398048,921666314,2151398048,modE,napA,False,identifiable,flhC|flhD|fnr|iscR|narP|rpoD,500,0.038564340696094115,0.06520481453333371,0.2446422686345047,0.5914339450559962,0.11754630392102422,5636,,,,[],0,,False,True,
csd-20260805_174708,paired_hierarchical,1,0,0,5d0e9ff5482e9c83,modE->napB,shared_complete_observation_shared_scores,maximum,prefix,complete,0,500,0.6,0.9,biological_error,2151398048,921666314,2151398048,modE,napB,False,identifiable,flhC|flhD|fnr|iscR|nac|narP|rpoD,500,0.06751019676143127,0.11340009505833584,0.7361025684636094,0.5953275147318204,0.2343594994392791,5636,,,,[],0,,False,True,
csd-20260805_174708,paired_hierarchical,1,0,0,5d0e9ff5482e9c83,modE->napC,shared_complete_observation_shared_scores,maximum,prefix,complete,0,500,0.6,0.9,biological_error,2151398048,921666314,2151398048,modE,napC,False,identifiable,flhC|flhD|fnr|iscR|nac|narP|rpoD,500,0.02499162981910137,0.0823630160712929,0.38830767935020044,0.303432669312022,0.24679424976997139,5636,,,,[],0,,False,True,
csd-20260805_174708,paired_hierarchical,1,0,0,5d0e9ff5482e9c83,modE->napD,shared_complete_observation_shared_scores,maximum,prefix,complete,0,500,0.6,0.9,biological_error,2151398048,921666314,2151398048,modE,napD,False,identifiable,flhC|flhD|fnr|iscR|narP|rpoD,500,0.15173712441910067,0.09584833413102606,0.5286172192178706,1.583096104849082,0.32485195353678525,5636,,,,[],0,,False,True,
csd-20260805_174708,paired_hierarchical,1,0,0,5d0e9ff5482e9c83,modE->napF,shared_complete_observation_shared_scores,maximum,prefix,complete,0,500,0.6,0.9,biological_error,2151398048,921666314,2151398048,modE,napF,False,identifiable,flhC|flhD|fnr|iscR|lrp|narP|rpoD,500,-0.11093522418034699,0.09035173920676867,0.46875192114328446,-1.2278150388059859,0.14259018286710023,5636,,,,[],0,,False,True,
csd-20260805_174708,paired_hierarchical,1,0,0,5d0e9ff5482e9c83,modE->napG,shared_complete_observation_shared_scores,maximum,prefix,complete,0,500,0.6,0.9,biological_error,2151398048,921666314,2151398048,modE,napG,False,identifiable,flhC|flhD|fnr|iscR|narP|rpoD,500,0.005083203491218039,0.06972150764971756,0.2797085274393724,0.07290725147190116,0.2538978103358659,5636,,,,[],0,,False,True,
csd-20260805_174708,paired_hierarchical,1,0,0,5d0e9ff5482e9c83,modE->napH,shared_complete_observation_shared_scores,maximum,prefix,complete,0,500,0.6,0.9,biological_error,2151398048,921666314,2151398048,modE,napH,False,identifiable,flhC|flhD|fnr|iscR|narP|rpoD,500,-0.02391026551403322,0.10254806010837939,0.6050998789644306,-0.23316155848061204,0.18423173004319374,5636,,,,[],0,,False,True,
csd-20260805_174708,paired_hierarchical,1,0,0,5d0e9ff5482e9c83,modE->narL,shared_complete_observation_shared_scores,maximum,prefix,complete,0,500,0.6,0.9,biological_error,2151398048,921666314,2151398048,modE,narL,False,identifiable,fnr|rpoD,500,0.06646795650418637,0.06634842623568522,0.2542599092139859,1.0018015539370375,0.5534008477979594,5636,,,,[],0,,False,True,
csd-20260805_174708,paired_hierarchical,1,0,0,5d0e9ff5482e9c83,modE->narX,shared_complete_observation_shared_scores,maximum,prefix,complete,0,500,0.6,0.9,biological_error,2151398048,921666314,2151398048,modE,narX,False,identifiable,fnr|nac|rpoD,500,-0.004092171020671786,0.05275367644869165,0.1597592004705166,-0.07757129542718867,0.5527921819331212,5636,,,,[],0,,False,True,
csd-20260805_174708,paired_hierarchical,1,0,0,5d0e9ff5482e9c83,modE->oppA,shared_complete_observation_shared_scores,maximum,prefix,complete,0,500,0.6,0.9,biological_error,2151398048,921666314,2151398048,modE,oppA,False,identifiable,arcA|fliA|fur|hfq|lrp|nac,500,-0.07582658310672642,0.07658796025784888,0.33454548705865195,-0.9900587879797409,-0.941131429436624,5636,,,,[],0,,False,True,
csd-20260805_174708,paired_hierarchical,1,0,0,5d0e9ff5482e9c83,modE->oppB,shared_complete_observation_shared_scores,maximum,prefix,complete,0,500,0.6,0.9,biological_error,2151398048,921666314,2151398048,modE,oppB,False,identifiable,arcA|fliA|fur|lrp,500,-0.06693133756808087,0.06008315620253571,0.20771100182663566,-1.1139783892587212,-0.0787130672155278,5636,,,,[],0,,False,True,
csd-20260805_174708,paired_hierarchical,1,0,0,5d0e9ff5482e9c83,modE->oppC,shared_complete_observation_shared_scores,maximum,prefix,complete,0,500,0.6,0.9,biological_error,2151398048,921666314,2151398048,modE,oppC,False,identifiable,arcA|fliA|fur|lrp|nac,500,-0.0346066078276583,0.06764143327521323,0.2616464907274452,-0.5116184881366148,-0.1458578419086327,5636,,,,[],0,,False,True,
csd-20260805_174708,paired_hierarchical,1,0,0,5d0e9ff5482e9c83,modE->oppD,shared_complete_observation_shared_scores,maximum,prefix,complete,0,500,0.6,0.9,biological_error,2151398048,921666314,2151398048,modE,oppD,False,identifiable,arcA|fliA|fur|lrp,500,-0.03457612424435831,0.06711229266276475,0.25915415382336526,-0.5151980788095151,-0.23182440540359064,5636,,,,[],0,,False,True,
csd-20260805_174708,paired_hierarchical,1,0,0,5d0e9ff5482e9c83,modE->oppF,shared_complete_observation_shared_scores,maximum,prefix,complete,0,500,0.6,0.9,biological_error,2151398048,921666314,2151398048,modE,oppF,False,identifiable,arcA|fliA|fur|lrp,500,-0.06134775647638933,0.10111301126397472,0.5882583663220647,-0.6067246510563251,-0.1467299922451781,5636,,,,[],0,,False,True,
csd-20260805_174708,paired_hierarchical,1,0,0,5d0e9ff5482e9c83,mprA->acrA,shared_complete_observation_shared_scores,maximum,prefix,complete,0,500,0.6,0.9,biological_error,2151398048,921666314,2151398048,mprA,acrA,False,identifiable,acrR|envR|marA|phoP|ptrR|rob|rpoD|soxS,500,-0.04585790221442816,0.12717815674937122,0.530693975594,-0.36058001929372113,-0.14538038679103615,5636,,,,[],0,,False,True,
csd-20260805_174708,paired_hierarchical,1,0,0,5d0e9ff5482e9c83,mprA->acrB,shared_complete_observation_shared_scores,maximum,prefix,complete,0,500,0.6,0.9,biological_error,2151398048,921666314,2151398048,mprA,acrB,False,identifiable,acrR|envR|marA|phoP|ptrR|rob|rpoD|soxS,500,-0.21433244091985276,0.09279126918218712,0.2825096811427583,-2.3098341342764774,-0.42941848788952625,5636,,,,[],0,,False,True,
csd-20260805_174708,paired_hierarchical,1,0,0,5d0e9ff5482e9c83,mprA->emrA,shared_complete_observation_shared_scores,maximum,prefix,complete,0,500,0.6,0.9,biological_error,2151398048,921666314,2151398048,mprA,emrA,False,identifiable,rpoD,500,0.0838844681683554,0.08007779914585193,0.21313972453349303,1.0475371334265828,-0.1567142197789846,5636,,,,[],0,,False,True,
csd-20260805_174708,paired_hierarchical,1,0,0,5d0e9ff5482e9c83,mprA->emrB,shared_complete_observation_shared_scores,maximum,prefix,complete,0,500,0.6,0.9,biological_error,2151398048,921666314,2151398048,mprA,emrB,False,identifiable,rpoD,500,-0.27220966367791444,0.1299520637247148,0.5613148147558719,-2.094692888098741,-0.10018154039713355,5636,,,,[],0,,False,True,
csd-20260805_174708,paired_hierarchical,1,0,0,5d0e9ff5482e9c83,mraZ->ddlB,shared_complete_observation_shared_scores,maximum,prefix,complete,0,500,0.6,0.9,biological_error,2151398048,921666314,2151398048,mraZ,ddlB,False,identifiable,lexA|pdhR|rpoD,500,-0.06078417495712261,0.048379392549865334,0.1406369819774845,-1.256406328262007,-0.13221024266243248,5636,,,,[],0,,False,True,
csd-20260805_174708,paired_hierarchical,1,0,0,5d0e9ff5482e9c83,mraZ->ftsA,shared_complete_observation_shared_scores,maximum,prefix,complete,0,500,0.6,0.9,biological_error,2151398048,921666314,2151398048,mraZ,ftsA,False,identifiable,lexA|pdhR|rcsB|rpoD|rpoS|sdiA,500,-0.08003889044904008,0.06505827760433505,0.2504378528478614,-1.2302645166202006,-0.21127660691916472,5636,,,,[],0,,False,True,
csd-20260805_174708,paired_hierarchical,1,0,0,5d0e9ff5482e9c83,mraZ->ftsI,shared_complete_observation_shared_scores,maximum,prefix,complete,0,500,0.6,0.9,biological_error,2151398048,921666314,2151398048,mraZ,ftsI,False,identifiable,lexA|pdhR|rpoD,500,-0.009505840995135711,0.03918143703375716,0.09224427810922055,-0.24261083091326788,-0.3099936040924341,5636,,,,[],0,,False,True,
csd-20260805_174708,paired_hierarchical,1,0,0,5d0e9ff5482e9c83,mraZ->ftsL,shared_complete_observation_shared_scores,maximum,prefix,complete,0,500,0.6,0.9,biological_error,2151398048,921666314,2151398048,mraZ,ftsL,False,identifiable,lexA|pdhR|rpoD,500,0.08775315948364151,0.06474899767385807,0.25190965641847934,1.3552821300131292,-0.3882748587775269,5636,,,,[],0,,False,True,
csd-20260805_174708,paired_hierarchical,1,0,0,5d0e9ff5482e9c83,mraZ->ftsQ,shared_complete_observation_shared_scores,maximum,prefix,complete,0,500,0.6,0.9,biological_error,2151398048,921666314,2151398048,mraZ,ftsQ,False,identifiable,lexA|lrp|pdhR|rpoD|rpoS|sdiA,500,-0.15022349676655872,0.0627318794588227,0.2327383531235145,-2.3946914720635086,-0.17203036179914247,5636,,,,[],0,,False,True,
csd-20260805_174708,paired_hierarchical,1,0,0,5d0e9ff5482e9c83,mraZ->ftsW,shared_complete_observation_shared_scores,maximum,prefix,complete,0,500,0.6,0.9,biological_error,2151398048,921666314,2151398048,mraZ,ftsW,False,identifiable,lexA|pdhR|rpoD,500,-0.09320720926270126,0.050128381511277985,0.15098926865263584,-1.8593700106142728,-0.30347369531283047,5636,,,,[],0,,False,True,
csd-20260805_174708,paired_hierarchical,1,0,0,5d0e9ff5482e9c83,mraZ->ftsZ,shared_complete_observation_shared_scores,maximum,prefix,complete,0,500,0.6,0.9,biological_error,2151398048,921666314,2151398048,mraZ,ftsZ,False,identifiable,argR|dicF|lexA|pdhR|rcsB|rpoD|rpoS|sdiA,500,0.051401848510808715,0.08344731367959934,0.41199021358492094,0.6159796672205531,-0.45813921855724127,5636,,,,[],0,,False,True,
csd-20260805_174708,paired_hierarchical,1,0,0,5d0e9ff5482e9c83,mraZ->lpxC,shared_complete_observation_shared_scores,maximum,prefix,complete,0,500,0.6,0.9,biological_error,2151398048,921666314,2151398048,mraZ,lpxC,False,identifiable,lexA|pdhR|rpoD,500,0.05351555208169771,0.04783688808838551,0.1375005881197276,1.1187088922427408,-0.1559964281117493,5636,,,,[],0,,False,True,
csd-20260805_174708,paired_hierarchical,1,0,0,5d0e9ff5482e9c83,mraZ->mioC,shared_complete_observation_shared_scores,maximum,prefix,complete,0,500,0.6,0.9,biological_error,2151398048,921666314,2151398048,mraZ,mioC,False,identifiable,asnC|nac|pdhR|rpoD,500,-0.015806993067081398,0.044453512680810034,0.11749877095867838,-0.35558479215310823,-0.29611557185381043,5636,,,,[],0,,False,True,
csd-20260805_174708,paired_hierarchical,1,0,0,5d0e9ff5482e9c83,mraZ->mraY,shared_complete_observation_shared_scores,maximum,prefix,complete,0,500,0.6,0.9,biological_error,2151398048,921666314,2151398048,mraZ,mraY,False,identifiable,lexA|pdhR|rpoD,500,0.00455247736471204,0.04899401410361246,0.14423304145590238,0.09291905241902548,-0.4045973403985186,5636,,,,[],0,,False,True,
csd-20260805_174708,paired_hierarchical,1,0,0,5d0e9ff5482e9c83,mraZ->murC,shared_complete_observation_shared_scores,maximum,prefix,complete,0,500,0.6,0.9,biological_error,2151398048,921666314,2151398048,mraZ,murC,False,identifiable,lexA|pdhR|rpoD,500,-0.022938140692249774,0.048387891103754896,0.1406863962377891,-0.47404712561382484,-0.1542031137194759,5636,,,,[],0,,False,True,
csd-20260805_174708,paired_hierarchical,1,0,0,5d0e9ff5482e9c83,mraZ->murD,shared_complete_observation_shared_scores,maximum,prefix,complete,0,500,0.6,0.9,biological_error,2151398048,921666314,2151398048,mraZ,murD,False,identifiable,glaR|lexA|pdhR|rpoD,500,0.027579653788240538,0.06751276132255964,0.27384819909204916,0.40851023196150466,-0.11386600807497392,5636,,,,[],0,,False,True,
csd-20260805_174708,paired_hierarchical,1,0,0,5d0e9ff5482e9c83,mraZ->murE,shared_complete_observation_shared_scores,maximum,prefix,complete,0,500,0.6,0.9,biological_error,2151398048,921666314,2151398048,mraZ,murE,False,identifiable,lexA|pdhR|rpoD,500,-0.030702937912349203,0.04256145487027016,0.10884579249540192,-0.7213789567563792,-0.1461426219656156,5636,,,,[],0,,False,True,
csd-20260805_174708,paired_hierarchical,1,0,0,5d0e9ff5482e9c83,mraZ->murF,shared_complete_observation_shared_scores,maximum,prefix,complete,0,500,0.6,0.9,biological_error,2151398048,921666314,2151398048,mraZ,murF,False,identifiable,lexA|pdhR|rpoD,500,0.03164785425082508,0.04455716993282284,0.11929271233526266,0.710275232887083,-0.15738953937182107,5636,,,,[],0,,False,True,
csd-20260805_174708,paired_hierarchical,1,0,0,5d0e9ff5482e9c83,mraZ->murG,shared_complete_observation_shared_scores,maximum,prefix,complete,0,500,0.6,0.9,biological_error,2151398048,921666314,2151398048,mraZ,murG,False,identifiable,lexA|pdhR|rpoD,500,0.030096677190982222,0.0460611858502454,0.12748202261812677,0.6534064773936313,-0.14679778122147488,5636,,,,[],0,,False,True,
csd-20260805_174708,paired_hierarchical,1,0,0,5d0e9ff5482e9c83,mraZ->rsmH,shared_complete_observation_shared_scores,maximum,prefix,complete,0,500,0.6,0.9,biological_error,2151398048,921666314,2151398048,mraZ,rsmH,False,identifiable,pdhR|rpoD,500,0.1089619434420332,0.07506733482260161,0.34132242833844856,1.4515227388787812,-0.16218589465147026,5636,,,,[],0,,False,True,
csd-20260805_174708,paired_hierarchical,1,0,0,5d0e9ff5482e9c83,murR->murP,shared_complete_observation_shared_scores,maximum,prefix,complete,0,500,0.6,0.9,biological_error,2151398048,921666314,2151398048,murR,murP,False,identifiable,crp|rpoD|rpoS,500,0.018256149883891955,0.01937465428564784,0.10267896944224014,0.942269710454424,-0.17840408704356997,5636,,,,[],0,,False,True,
csd-20260805_174708,paired_hierarchical,1,0,0,5d0e9ff5482e9c83,murR->murQ,shared_complete_observation_shared_scores,maximum,prefix,complete,0,500,0.6,0.9,biological_error,2151398048,921666314,2151398048,murR,murQ,False,identifiable,crp|rpoD|rpoS,500,0.1153780009819782,0.04425370486761674,0.5356891470921307,2.607194162096192,-0.3598126140859508,5636,,,,[],0,,False,True,
csd-20260805_174708,paired_hierarchical,1,0,0,5d0e9ff5482e9c83,srsR->adhE,shared_complete_observation_shared_scores,maximum,prefix,complete,0,500,0.6,0.9,biological_error,2151398048,921666314,2151398048,srsR,adhE,False,identifiable,cra|fis|flhC|flhD|fnr|lrp|nac|narL|rpoD|rpoS,500,-0.13826403618658975,0.08282985598242663,0.4939012186531862,-1.6692536108709903,0.1697368166731321,5636,,,,[],0,,False,True,
csd-20260805_174708,paired_hierarchical,1,0,0,5d0e9ff5482e9c83,srsR->bluR,shared_complete_observation_shared_scores,maximum,prefix,complete,0,500,0.6,0.9,biological_error,2151398048,921666314,2151398048,srsR,bluR,False,identifiable,nac|rpoD,500,-0.04686163448327156,0.06101886911144079,0.270932215586269,-0.7679859552573254,0.21103935692993786,5636,,,,[],0,,False,True,
csd-20260805_174708,paired_hierarchical,1,0,0,5d0e9ff5482e9c83,srsR->cdgI,shared_complete_observation_shared_scores,maximum,prefix,complete,0,500,0.6,0.9,biological_error,2151398048,921666314,2151398048,srsR,cdgI,False,identifiable,hns|nac,500,-0.0046292308320664,0.062319647120772766,0.2826074225977097,-0.0742820450041245,0.482464478703024,5636,,,,[],0,,False,True,
csd-20260805_174708,paired_hierarchical,1,0,0,5d0e9ff5482e9c83,srsR->dhaK,shared_complete_observation_shared_scores,maximum,prefix,complete,0,500,0.6,0.9,biological_error,2151398048,921666314,2151398048,srsR,dhaK,False,identifiable,dhaR|lrp|nac|rpoS,500,0.1343011786299678,0.0771941002757982,0.43279783662116517,1.7397855295953715,0.11346265665446302,5636,,,,[],0,,False,True,
csd-20260805_174708,paired_hierarchical,1,0,0,5d0e9ff5482e9c83,srsR->dhaL,shared_complete_observation_shared_scores,maximum,prefix,complete,0,500,0.6,0.9,biological_error,2151398048,921666314,2151398048,srsR,dhaL,False,identifiable,dhaR|nac|rpoS,500,0.037599839052979075,0.038182279181186274,0.10589352396714975,0.9847457998658659,0.22870961635405399,5636,,,,[],0,,False,True,
csd-20260805_174708,paired_hierarchical,1,0,0,5d0e9ff5482e9c83,srsR->dhaM,shared_complete_observation_shared_scores,maximum,prefix,complete,0,500,0.6,0.9,biological_error,2151398048,921666314,2151398048,srsR,dhaM,False,identifiable,dhaR|nac|rpoS,500,0.012888248745922603,0.06278420159617043,0.2863165519585842,0.2052785321508131,0.19456452138721164,5636,,,,[],0,,False,True,
csd-20260805_174708,paired_hierarchical,1,0,0,5d0e9ff5482e9c83,srsR->dinJ,shared_complete_observation_shared_scores,maximum,prefix,complete,0,500,0.6,0.9,biological_error,2151398048,921666314,2151398048,srsR,dinJ,False,identifiable,lexA|nac|rpoD,500,-0.07658561279949158,0.053024090441259907,0.20454850210154196,-1.4443550499811615,0.42929655263989736,5636,,,,[],0,,False,True,
csd-20260805_174708,paired_hierarchical,1,0,0,5d0e9ff5482e9c83,srsR->fucA,shared_complete_observation_shared_scores,maximum,prefix,complete,0,500,0.6,0.9,biological_error,2151398048,921666314,2151398048,srsR,fucA,False,identifiable,crp|hns|nac|rpoD,500,0.1498901386565925,0.10480628666594739,0.7986843150731501,1.4301636230500407,0.19848076059881797,5636,,,,[],0,,False,True,
csd-20260805_174708,paired_hierarchical,1,0,0,5d0e9ff5482e9c83,srsR->fucI,shared_complete_observation_shared_scores,maximum,prefix,complete,0,500,0.6,0.9,biological_error,2151398048,921666314,2151398048,srsR,fucI,False,identifiable,crp|nac|rpoD|spf,500,0.14839702611919683,0.14386846832034217,1.499351767144836,1.0314770696576212,0.13071530573094425,5636,,,,[],0,,False,True,
csd-20260805_174708,paired_hierarchical,1,0,0,5d0e9ff5482e9c83,srsR->fucK,shared_complete_observation_shared_scores,maximum,prefix,complete,0,500,0.6,0.9,biological_error,2151398048,921666314,2151398048,srsR,fucK,False,identifiable,crp|nac|rpoD|spf,500,0.04563151758739184,0.12790339938313672,1.1850494425474383,0.356765479318512,0.3492051664336484,5636,,,,[],0,,False,True,
csd-20260805_174708,paired_hierarchical,1,0,0,5d0e9ff5482e9c83,srsR->fucO,shared_complete_observation_shared_scores,maximum,prefix,complete,0,500,0.6,0.9,biological_error,2151398048,921666314,2151398048,srsR,fucO,False,identifiable,crp|nac|rpoD,500,-0.1522061539123963,0.08426743074147566,0.5164131408838087,-1.806227537414189,0.15909536535545257,5636,,,,[],0,,False,True,
csd-20260805_174708,paired_hierarchical,1,0,0,5d0e9ff5482e9c83,srsR->fucP,shared_complete_observation_shared_scores,maximum,prefix,complete,0,500,0.6,0.9,biological_error,2151398048,921666314,2151398048,srsR,fucP,False,identifiable,crp|nac|rpoD|spf,500,-0.022732069765795136,0.04986066560298729,0.18008951951532082,-0.45591187945219075,0.1662219178294283,5636,,,,[],0,,False,True,
csd-20260805_174708,paired_hierarchical,1,0,0,5d0e9ff5482e9c83,srsR->fucR,shared_complete_observation_shared_scores,maximum,prefix,complete,0,500,0.6,0.9,biological_error,2151398048,921666314,2151398048,srsR,fucR,False,identifiable,crp|nac|rpoD,500,0.05769787395944309,0.12758638623683907,1.18382212572559,0.4522259440152049,0.18812653825003353,5636,,,,[],0,,False,True,
csd-20260805_174708,paired_hierarchical,1,0,0,5d0e9ff5482e9c83,srsR->fucU,shared_complete_observation_shared_scores,maximum,prefix,complete,0,500,0.6,0.9,biological_error,2151398048,921666314,2151398048,srsR,fucU,False,identifiable,crp|nac|rpoD,500,0.014626390874919275,0.061161163944578115,0.2720378056448184,0.23914507068853605,0.3875116144126055,5636,,,,[],0,,False,True,
csd-20260805_174708,paired_hierarchical,1,0,0,5d0e9ff5482e9c83,srsR->hycB,shared_complete_observation_shared_scores,maximum,prefix,complete,0,500,0.6,0.9,biological_error,2151398048,921666314,2151398048,srsR,hycB,False,identifiable,fhlA|ihfA|ihfB|modE|nac|nsrR|rpoN,500,0.039273227157311616,0.043344075957237355,0.136618194478213,0.9060806186307448,0.13638318637630317,5636,,,,[],0,,False,True,
csd-20260805_174708,paired_hierarchical,1,0,0,5d0e9ff5482e9c83,srsR->narZ,shared_complete_observation_shared_scores,maximum,prefix,complete,0,500,0.6,0.9,biological_error,2151398048,921666314,2151398048,srsR,narZ,False,identifiable,nac|ompR,500,0.11218088459865713,0.04369459477808748,0.1389455106440198,2.567385855582188,0.21551272069176527,5636,,,,[],0,,False,True,
csd-20260805_174708,paired_hierarchical,1,0,0,5d0e9ff5482e9c83,srsR->paaA,shared_complete_observation_shared_scores,maximum,prefix,complete,0,500,0.6,0.9,biological_error,2151398048,921666314,2151398048,srsR,paaA,False,identifiable,crp|fur|ihfA|ihfB|nac|paaX|rpoD|slyA,500,0.05558993793083667,0.08560516248213859,0.5321141966241927,0.6493759992855038,0.2417812900193047,5636,,,,[],0,,False,True,
csd-20260805_174708,paired_hierarchical,1,0,0,5d0e9ff5482e9c83,srsR->paaB,shared_complete_observation_shared_scores,maximum,prefix,complete,0,500,0.6,0.9,biological_error,2151398048,921666314,2151398048,srsR,paaB,False,identifiable,crp|fur|ihfA|ihfB|nac|paaX|rpoD|slyA,500,-0.03815617781971043,0.054703813925670836,0.21729020342063401,-0.6975048919176895,0.15939025592611236,5636,,,,[],0,,False,True,
csd-20260805_174708,paired_hierarchical,1,0,0,5d0e9ff5482e9c83,srsR->paaC,shared_complete_observation_shared_scores,maximum,prefix,complete,0,500,0.6,0.9,biological_error,2151398048,921666314,2151398048,srsR,paaC,False,identifiable,crp|fur|ihfA|ihfB|nac|paaX|rpoD|slyA,500,-0.008845544552361641,0.04551673033810379,0.15043436204080213,-0.19433611524061292,0.14447384641885186,5636,,,,[],0,,False,True,
csd-20260805_174708,paired_hierarchical,1,0,0,5d0e9ff5482e9c83,srsR->paaD,shared_complete_observation_shared_scores,maximum,prefix,complete,0,500,0.6,0.9,biological_error,2151398048,921666314,2151398048,srsR,paaD,False,identifiable,crp|fur|ihfA|ihfB|nac|paaX|rpoD|slyA,500,0.01078458996895737,0.06663367988709906,0.3223981420290143,0.16184893266033432,0.12683669895932584,5636,,,,[],0,,False,True,
csd-20260805_174708,paired_hierarchical,1,0,0,5d0e9ff5482e9c83,srsR->paaE,shared_complete_observation_shared_scores,maximum,prefix,complete,0,500,0.6,0.9,biological_error,2151398048,921666314,2151398048,srsR,paaE,False,identifiable,crp|fur|ihfA|ihfB|nac|paaX|rpoD|slyA,500,0.08762815984615757,0.06582274641998287,0.3145987061554119,1.3312747433394072,0.09840312587086156,5636,,,,[],0,,False,True,
csd-20260805_174708,paired_hierarchical,1,0,0,5d0e9ff5482e9c83,srsR->paaF,shared_complete_observation_shared_scores,maximum,prefix,complete,0,500,0.6,0.9,biological_error,2151398048,921666314,2151398048,srsR,paaF,False,identifiable,crp|fur|ihfA|ihfB|nac|paaX|rpoD|slyA,500,0.009139383718479353,0.07072156631195146,0.36316892078357504,0.12923050485287202,0.15931780864122524,5636,,,,[],0,,False,True,
csd-20260805_174708,paired_hierarchical,1,0,0,5d0e9ff5482e9c83,srsR->paaG,shared_complete_observation_shared_scores,maximum,prefix,complete,0,500,0.6,0.9,biological_error,2151398048,921666314,2151398048,srsR,paaG,False,identifiable,crp|fur|ihfA|ihfB|nac|paaX|rpoD|slyA,500,0.03095720265931092,0.10136311652734044,0.7460446907052477,0.30540894676379554,0.40872893510095754,5636,,,,[],0,,False,True,
csd-20260805_174708,paired_hierarchical,1,0,0,5d0e9ff5482e9c83,srsR->paaH,shared_complete_observation_shared_scores,maximum,prefix,complete,0,500,0.6,0.9,biological_error,2151398048,921666314,2151398048,srsR,paaH,False,identifiable,crp|fur|ihfA|ihfB|nac|paaX|rpoD|slyA,500,0.05325868923788954,0.056760303452545464,0.23393454107998854,0.9383087474579227,0.5342983803335152,5636,,,,[],0,,False,True,
csd-20260805_174708,paired_hierarchical,1,0,0,5d0e9ff5482e9c83,srsR->paaI,shared_complete_observation_shared_scores,maximum,prefix,complete,0,500,0.6,0.9,biological_error,2151398048,921666314,2151398048,srsR,paaI,False,identifiable,crp|fur|ihfA|ihfB|nac|paaX|rpoD|slyA,500,0.05731253014352585,0.052996356266964265,0.20393743655084806,1.08144284212332,0.3273002369075474,5636,,,,[],0,,False,True,
csd-20260805_174708,paired_hierarchical,1,0,0,5d0e9ff5482e9c83,srsR->paaJ,shared_complete_observation_shared_scores,maximum,prefix,complete,0,500,0.6,0.9,biological_error,2151398048,921666314,2151398048,srsR,paaJ,False,identifiable,crp|fur|ihfA|ihfB|nac|paaX|rpoD|slyA,500,-0.08770692645556986,0.06355896641922619,0.29333142124298367,-1.3799300302819126,0.20255071724490442,5636,,,,[],0,,False,True,
csd-20260805_174708,paired_hierarchical,1,0,0,5d0e9ff5482e9c83,srsR->paaK,shared_complete_observation_shared_scores,maximum,prefix,complete,0,500,0.6,0.9,biological_error,2151398048,921666314,2151398048,srsR,paaK,False,identifiable,crp|fur|ihfA|ihfB|nac|paaX|rpoD|slyA|spf,500,0.04232798948423491,0.11544227410517569,0.9641964089613215,0.3666593525840565,0.08026666904598652,5636,,,,[],0,,False,True,
csd-20260805_174708,paired_hierarchical,1,0,0,5d0e9ff5482e9c83,srsR->paaZ,shared_complete_observation_shared_scores,maximum,prefix,complete,0,500,0.6,0.9,biological_error,2151398048,921666314,2151398048,srsR,paaZ,False,identifiable,crp|ihfA|ihfB|nac|paaX,500,0.010718519781725838,0.041901598278888084,0.12751687823556315,0.25580217037034386,0.32194008567239996,5636,,,,[],0,,False,True,
csd-20260805_174708,paired_hierarchical,1,0,0,5d0e9ff5482e9c83,srsR->pflB,shared_complete_observation_shared_scores,maximum,prefix,complete,0,500,0.6,0.9,biological_error,2151398048,921666314,2151398048,srsR,pflB,False,identifiable,arcA|cpxR|crp|fis|fnr|ihfA|ihfB|nac|narL|rpoD|yeiE,500,-0.19558770785095564,0.12706827417404237,1.1645506589009607,-1.539233212399374,0.1592342706004341,5636,,,,[],0,,False,True,
csd-20260805_174708,paired_hierarchical,1,0,0,5d0e9ff5482e9c83,srsR->yafL,shared_complete_observation_shared_scores,maximum,prefix,complete,0,500,0.6,0.9,biological_error,2151398048,921666314,2151398048,srsR,yafL,False,identifiable,nac,500,0.012074538266076035,0.06580128493597857,0.3151080518689975,0.18350003769415704,0.18645713239846343,5636,,,,[],0,,False,True,
csd-20260805_174708,paired_hierarchical,1,0,0,5d0e9ff5482e9c83,srsR->yafQ,shared_complete_observation_shared_scores,maximum,prefix,complete,0,500,0.6,0.9,biological_error,2151398048,921666314,2151398048,srsR,yafQ,False,identifiable,lexA|nac|rpoD,500,-0.004603352496459046,0.043213297456633805,0.13585782661532442,-0.10652629554776945,0.26967977229374784,5636,,,,[],0,,False,True,
csd-20260805_174708,paired_hierarchical,1,0,0,5d0e9ff5482e9c83,srsR->yfdK,shared_complete_observation_shared_scores,maximum,prefix,complete,0,500,0.6,0.9,biological_error,2151398048,921666314,2151398048,srsR,yfdK,False,identifiable,nac,500,-0.016036610314535252,0.040748074211126216,0.1208383895886063,-0.3935550483059755,0.15022527853900167,5636,,,,[],0,,False,True,
csd-20260805_174708,paired_hierarchical,1,0,0,5d0e9ff5482e9c83,srsR->yfdM,shared_complete_observation_shared_scores,maximum,prefix,complete,0,500,0.6,0.9,biological_error,2151398048,921666314,2151398048,srsR,yfdM,False,identifiable,nac,500,-0.010616803104610651,0.04341827259057318,0.1371942259633414,-0.24452384839731586,0.42545170054022674,5636,,,,[],0,,False,True,
csd-20260805_174708,paired_hierarchical,1,0,0,5d0e9ff5482e9c83,srsR->yfdN,shared_complete_observation_shared_scores,maximum,prefix,complete,0,500,0.6,0.9,biological_error,2151398048,921666314,2151398048,srsR,yfdN,False,identifiable,nac,500,0.09266175673958005,0.046495362857773566,0.15732945371009202,1.9929246927919806,0.21814876622051543,5636,,,,[],0,,False,True,
csd-20260805_174708,paired_hierarchical,1,0,0,5d0e9ff5482e9c83,srsR->yfdO,shared_complete_observation_shared_scores,maximum,prefix,complete,0,500,0.6,0.9,biological_error,2151398048,921666314,2151398048,srsR,yfdO,False,identifiable,nac,500,-0.00046890007842007676,0.048131383216658816,0.16859606632475524,-0.009742086079458135,0.23262645347667438,5636,,,,[],0,,False,True,
csd-20260805_174708,paired_hierarchical,1,0,0,5d0e9ff5482e9c83,srsR->yfdP,shared_complete_observation_shared_scores,maximum,prefix,complete,0,500,0.6,0.9,biological_error,2151398048,921666314,2151398048,srsR,yfdP,False,identifiable,nac,500,0.012718035256884886,0.03698986142336908,0.09957634025672124,0.3438248959983941,0.15490188845198036,5636,,,,[],0,,False,True,
csd-20260805_174708,paired_hierarchical,1,0,0,5d0e9ff5482e9c83,srsR->yfdQ,shared_complete_observation_shared_scores,maximum,prefix,complete,0,500,0.6,0.9,biological_error,2151398048,921666314,2151398048,srsR,yfdQ,False,identifiable,nac,500,0.0420714958051058,0.03273471020879507,0.07798440323371066,1.2852258516039083,0.277268561658446,5636,,,,[],0,,False,True,
csd-20260805_174708,paired_hierarchical,1,0,0,5d0e9ff5482e9c83,tdcR->tdcA,shared_complete_observation_shared_scores,maximum,prefix,complete,0,500,0.6,0.9,biological_error,2151398048,921666314,2151398048,tdcR,tdcA,False,identifiable,crp|fnr|ihfA|ihfB|nac,500,-0.02658186203098016,0.07670477322976595,0.34752778580761745,-0.34654769073308256,0.3215873700133498,5636,,,,[],0,,False,True,
csd-20260805_174708,paired_hierarchical,1,0,0,5d0e9ff5482e9c83,tdcR->tdcB,shared_complete_observation_shared_scores,maximum,prefix,complete,0,500,0.6,0.9,biological_error,2151398048,921666314,2151398048,tdcR,tdcB,False,identifiable,crp|fnr|ihfA|ihfB|nac,500,0.08208476264530029,0.05375492623852359,0.1706794730034284,1.527018422108336,0.22700085654273697,5636,,,,[],0,,False,True,
csd-20260805_174708,paired_hierarchical,1,0,0,5d0e9ff5482e9c83,tdcR->tdcC,shared_complete_observation_shared_scores,maximum,prefix,complete,0,500,0.6,0.9,biological_error,2151398048,921666314,2151398048,tdcR,tdcC,False,identifiable,crp|fnr|ihfA|ihfB|nac,500,0.13322119390822001,0.06058182708495628,0.216785128818159,2.1990289880395766,0.2895224679993249,5636,,,,[],0,,False,True,
csd-20260805_174708,paired_hierarchical,1,0,0,5d0e9ff5482e9c83,tdcR->tdcD,shared_complete_observation_shared_scores,maximum,prefix,complete,0,500,0.6,0.9,biological_error,2151398048,921666314,2151398048,tdcR,tdcD,False,identifiable,crp|fnr|ihfA|ihfB|nac,500,-0.003987028105081072,0.04324134661784271,0.1104442659850825,-0.09220406895089392,0.14897952469200507,5636,,,,[],0,,False,True,
csd-20260805_174708,paired_hierarchical,1,0,0,5d0e9ff5482e9c83,tdcR->tdcE,shared_complete_observation_shared_scores,maximum,prefix,complete,0,500,0.6,0.9,biological_error,2151398048,921666314,2151398048,tdcR,tdcE,False,identifiable,crp|fnr|ihfA|ihfB|nac,500,0.03859081596370883,0.05353795461219535,0.16930442264565201,0.7208122955619651,0.22783352143608865,5636,,,,[],0,,False,True,
csd-20260805_174708,paired_hierarchical,1,0,0,5d0e9ff5482e9c83,tdcR->tdcF,shared_complete_observation_shared_scores,maximum,prefix,complete,0,500,0.6,0.9,biological_error,2151398048,921666314,2151398048,tdcR,tdcF,False,identifiable,crp|fnr|ihfA|ihfB|nac,500,0.14649288471955177,0.10122627569906154,0.6052450831189402,1.4471824010898575,0.0838041518731909,5636,,,,[],0,,False,True,
csd-20260805_174708,paired_hierarchical,1,0,0,5d0e9ff5482e9c83,tdcR->tdcG,shared_complete_observation_shared_scores,maximum,prefix,complete,0,500,0.6,0.9,biological_error,2151398048,921666314,2151398048,tdcR,tdcG,False,identifiable,crp|fnr|ihfA|ihfB|nac,500,-0.01362152763545288,0.058451350838376985,0.2018058992184768,-0.23304042490168578,0.18092243255103405,5636,,,,[],0,,False,True,
csd-20260805_174708,paired_hierarchical,1,0,0,5d0e9ff5482e9c83,uhpA->uhpT,shared_complete_observation_shared_scores,maximum,prefix,complete,0,500,0.6,0.9,biological_error,2151398048,921666314,2151398048,uhpA,uhpT,False,identifiable,crp|nac|rpoD|uvrY,500,0.08375797801717767,0.11329394817125858,0.45391209233250845,0.7392979004541934,0.19721279243290385,5636,,,,[],0,,False,True,
csd-20260805_174708,paired_hierarchical,1,0,0,5d0e9ff5482e9c83,xapR->xapA,shared_complete_observation_shared_scores,maximum,prefix,complete,0,500,0.6,0.9,biological_error,2151398048,921666314,2151398048,xapR,xapA,False,identifiable,nac|rpoD|rpoS,500,0.08522164706958492,0.03141056858727631,0.19233153502124667,2.7131520027340805,0.255005968270475,5636,,,,[],0,,False,True,
csd-20260805_174708,paired_hierarchical,1,0,0,5d0e9ff5482e9c83,xapR->xapB,shared_complete_observation_shared_scores,maximum,prefix,complete,0,500,0.6,0.9,biological_error,2151398048,921666314,2151398048,xapR,xapB,False,identifiable,nac|rpoD|rpoN|rpoS,500,0.31353419309724184,0.04953247250145009,0.47728487584771073,6.3298716430532105,0.2492416918862687,5636,,,,[],0,,False,True,
csd-20260805_174708,paired_hierarchical,1,0,0,5d0e9ff5482e9c83,yafC->cysJ,shared_complete_observation_shared_scores,maximum,prefix,complete,0,500,0.6,0.9,biological_error,2151398048,921666314,2151398048,yafC,cysJ,False,identifiable,cysB|ihfA|ihfB|nac|rpoD|yeiE,500,0.16224890845195922,0.05510793302769638,0.22143570661502948,2.944202395876751,0.2093039060162397,5636,,,,[],0,,False,True,
csd-20260805_174708,paired_hierarchical,1,0,0,5d0e9ff5482e9c83,ydcI->flu,shared_complete_observation_shared_scores,maximum,prefix,complete,0,500,0.6,0.9,biological_error,2151398048,921666314,2151398048,ydcI,flu,False,identifiable,dksA|nac|oxyR|rpoD,500,0.20713555517376722,0.09007402459786537,0.40364369600497463,2.2996147457440914,0.1882544558260232,5636,,,,[],0,,False,True,
csd-20260805_174708,paired_hierarchical,1,0,0,5d0e9ff5482e9c83,ydcI->iraP,shared_complete_observation_shared_scores,maximum,prefix,complete,0,500,0.6,0.9,biological_error,2151398048,921666314,2151398048,ydcI,iraP,False,identifiable,csgD|dksA|hns|lrp|nac|rpoD,500,-0.15667000999676772,0.13871068552046373,0.9533524626533952,-1.1294732587393528,0.3066914761943943,5636,,,,[],0,,False,True,
csd-20260805_174708,paired_hierarchical,1,0,0,5d0e9ff5482e9c83,ydcI->isrC,shared_complete_observation_shared_scores,maximum,prefix,complete,0,500,0.6,0.9,biological_error,2151398048,921666314,2151398048,ydcI,isrC,False,identifiable,dksA|nac|oxyR|rpoD,500,0.08958738047440681,0.0889103934096025,0.39328202938041207,1.007614262392086,0.16114160470671673,5636,,,,[],0,,False,True,
csd-20260805_174708,paired_hierarchical,1,0,0,5d0e9ff5482e9c83,ydcI->smrB,shared_complete_observation_shared_scores,maximum,prefix,complete,0,500,0.6,0.9,biological_error,2151398048,921666314,2151398048,ydcI,smrB,False,identifiable,nac,500,0.09332563043261644,0.05260769246992729,0.1377773593543116,1.7739920922394607,0.1305921741590777,5636,,,,[],0,,False,True,
csd-20260805_174708,paired_hierarchical,1,0,0,5d0e9ff5482e9c83,yeiE->argO,shared_complete_observation_shared_scores,maximum,prefix,complete,0,500,0.6,0.9,biological_error,2151398048,921666314,2151398048,yeiE,argO,False,identifiable,argP|lrp|nac|rpoD,500,0.014838160597314878,0.07013234610080554,0.3152932538875744,0.21157370916961876,-0.14628062837674657,5636,,,,[],0,,False,True,
csd-20260805_174708,paired_hierarchical,1,0,0,5d0e9ff5482e9c83,yeiE->cysJ,shared_complete_observation_shared_scores,maximum,prefix,complete,0,500,0.6,0.9,biological_error,2151398048,921666314,2151398048,yeiE,cysJ,False,identifiable,cysB|ihfA|ihfB|nac|rpoD|yafC,500,-0.05272268112670017,0.058800944734307845,0.2214357066150295,-0.8966298307778503,-0.16212341667448835,5636,,,,[],0,,False,True,
csd-20260805_174708,paired_hierarchical,1,0,0,5d0e9ff5482e9c83,yeiE->dcuC,shared_complete_observation_shared_scores,maximum,prefix,complete,0,500,0.6,0.9,biological_error,2151398048,921666314,2151398048,yeiE,dcuC,False,identifiable,arcA|fnr|nac,500,0.0187731629890866,0.04731958414920307,0.14340284664441066,0.39673136031570067,-0.5493161611162414,5636,,,,[],0,,False,True,
csd-20260805_174708,paired_hierarchical,1,0,0,5d0e9ff5482e9c83,yeiE->ftp,shared_complete_observation_shared_scores,maximum,prefix,complete,0,500,0.6,0.9,biological_error,2151398048,921666314,2151398048,yeiE,ftp,False,identifiable,nac,500,-0.014776997563014127,0.04125965163675214,0.10924428951611034,-0.3581464451786956,-0.34107256306157774,5636,,,,[],0,,False,True,
csd-20260805_174708,paired_hierarchical,1,0,0,5d0e9ff5482e9c83,yeiE->gltF,shared_complete_observation_shared_scores,maximum,prefix,complete,0,500,0.6,0.9,biological_error,2151398048,921666314,2151398048,yeiE,gltF,False,identifiable,adiY|argR|crp|fnr|fur|gadE|glaR|hdfR|ihfA|ihfB|leuO|lrp|nac|rpoD|rpoS,500,0.03774919474962048,0.06767340735117885,0.2916368631124205,0.5578143059019902,0.27336181783738245,5636,,,,[],0,,False,True,
csd-20260805_174708,paired_hierarchical,1,0,0,5d0e9ff5482e9c83,yeiE->infA,shared_complete_observation_shared_scores,maximum,prefix,complete,0,500,0.6,0.9,biological_error,2151398048,921666314,2151398048,yeiE,infA,False,identifiable,nac|rpoD,500,-0.09665121880415509,0.04923708804984572,0.15548944576792778,-1.9629759320110307,-0.29443959965001026,5636,,,,[],0,,False,True,
csd-20260805_174708,paired_hierarchical,1,0,0,5d0e9ff5482e9c83,yeiE->mdtF,shared_complete_observation_shared_scores,maximum,prefix,complete,0,500,0.6,0.9,biological_error,2151398048,921666314,2151398048,yeiE,mdtF,False,identifiable,crp|evgA|fliZ|gadE|gadW|gadX|hns|nac|rpoD|rpoS|torR|ydeO,500,-0.1298177037805379,0.09713060183166668,0.5941700080710645,-1.3365273284882964,-0.08057316060542614,5636,,,,[],0,,False,True,
csd-20260805_174708,paired_hierarchical,1,0,0,5d0e9ff5482e9c83,yeiE->pflB,shared_complete_observation_shared_scores,maximum,prefix,complete,0,500,0.6,0.9,biological_error,2151398048,921666314,2151398048,yeiE,pflB,False,identifiable,arcA|cpxR|crp|fis|fnr|ihfA|ihfB|nac|narL|rpoD|srsR,500,0.05525320720553922,0.1352400064468197,1.1645506589009607,0.4085566738512867,-0.2090174475629139,5636,,,,[],0,,False,True,
csd-20260805_174708,paired_hierarchical,1,0,0,5d0e9ff5482e9c83,yeiE->putA,shared_complete_observation_shared_scores,maximum,prefix,complete,0,500,0.6,0.9,biological_error,2151398048,921666314,2151398048,yeiE,putA,False,identifiable,arcA|basR|marA|nac|rpoD,500,0.0516768286719851,0.045913612352588284,0.13384636293650778,1.1255230426031144,-0.14687969192875192,5636,,,,[],0,,False,True,
csd-20260805_174708,paired_hierarchical,1,0,0,5d0e9ff5482e9c83,yeiE->sodC,shared_complete_observation_shared_scores,maximum,prefix,complete,0,500,0.6,0.9,biological_error,2151398048,921666314,2151398048,yeiE,sodC,False,identifiable,nac|rpoS,500,-0.03770257848852051,0.04756913861019714,0.14517572915756768,-0.7925848478668565,0.20828477622321226,5636,,,,[],0,,False,True,
csd-20260805_174708,paired_hierarchical,1,0,0,5d0e9ff5482e9c83,yeiE->ssuA,shared_complete_observation_shared_scores,maximum,prefix,complete,0,500,0.6,0.9,biological_error,2151398048,921666314,2151398048,yeiE,ssuA,False,identifiable,cbl|cysB|fnr|ihfA|ihfB|nac|rpoD,500,-0.08343874768308682,0.06496045906344017,0.2700523904952585,-1.2844544032793983,-0.14715761340083633,5636,,,,[],0,,False,True,
csd-20260805_174708,paired_hierarchical,1,0,0,5d0e9ff5482e9c83,yeiE->uspF,shared_complete_observation_shared_scores,maximum,prefix,complete,0,500,0.6,0.9,biological_error,2151398048,921666314,2151398048,yeiE,uspF,False,identifiable,nac,500,0.08161877489731005,0.040528385714838654,0.10540622074109876,2.0138669097650976,0.3018918097055,5636,,,,[],0,,False,True,
csd-20260805_174708,paired_hierarchical,1,0,0,5d0e9ff5482e9c83,yeiE->ydcT,shared_complete_observation_shared_scores,maximum,prefix,complete,0,500,0.6,0.9,biological_error,2151398048,921666314,2151398048,yeiE,ydcT,False,identifiable,nac|rpoS,500,0.022590240694957364,0.038882224598271654,0.09699417439809783,0.5809914666240963,-0.17626785632447267,5636,,,,[],0,,False,True,
csd-20260805_174708,paired_hierarchical,1,0,0,5d0e9ff5482e9c83,yeiE->yibQ,shared_complete_observation_shared_scores,maximum,prefix,complete,0,500,0.6,0.9,biological_error,2151398048,921666314,2151398048,yeiE,yibQ,False,identifiable,cra|nac|rpoS,500,-0.03189467568810117,0.039577303685613165,0.10048748555630943,-0.8058829864070624,-0.15145236875924747,5636,,,,[],0,,False,True,
csd-20260805_174708,paired_hierarchical,1,0,0,5d0e9ff5482e9c83,yeiE->yoaC,shared_complete_observation_shared_scores,maximum,prefix,complete,0,500,0.6,0.9,biological_error,2151398048,921666314,2151398048,yeiE,yoaC,False,identifiable,cysB|nac|rpoE,500,-0.012692454072835532,0.07227605017249156,0.33513147257307735,-0.17561078728768595,0.2284665719950949,5636,,,,[],0,,False,True,
csd-20260805_174708,paired_hierarchical,1,0,0,5d0e9ff5482e9c83,yieP->cusA,shared_complete_observation_shared_scores,maximum,prefix,complete,0,500,0.6,0.9,biological_error,2151398048,921666314,2151398048,yieP,cusA,False,identifiable,cusR|hprR|nac|phoB|rpoD,500,-0.015751593512236102,0.051113871172194195,0.26500873584187523,-0.3081667099557297,-0.2163462057402102,5636,,,,[],0,,False,True,
csd-20260805_174708,paired_hierarchical,1,0,0,5d0e9ff5482e9c83,yieP->dauA,shared_complete_observation_shared_scores,maximum,prefix,complete,0,500,0.6,0.9,biological_error,2151398048,921666314,2151398048,yieP,dauA,False,identifiable,nac,500,-0.12632073843614622,0.041280346050703916,0.17765359557151555,-3.060069755253231,-0.7719139918757684,5636,,,,[],0,,False,True,
csd-20260805_174708,paired_hierarchical,1,0,0,5d0e9ff5482e9c83,yieP->ybiX,shared_complete_observation_shared_scores,maximum,prefix,complete,0,500,0.6,0.9,biological_error,2151398048,921666314,2151398048,yieP,ybiX,False,identifiable,nac,500,0.033683528258306755,0.03573206989959592,0.13310785743258094,0.9426693822371502,0.19408322677010195,5636,,,,[],0,,False,True,
csd-20260805_174708,paired_hierarchical,1,0,0,5d0e9ff5482e9c83,yieP->ykgE,shared_complete_observation_shared_scores,maximum,prefix,complete,0,500,0.6,0.9,biological_error,2151398048,921666314,2151398048,yieP,ykgE,False,identifiable,lrp|nac,500,-0.014148559656127841,0.04112305864870603,0.17587843724581367,-0.3440541662280521,-0.6826580639584875,5636,,,,[],0,,False,True,
csd-20260805_174708,paired_hierarchical,1,0,0,5d0e9ff5482e9c83,yieP->yohJ,shared_complete_observation_shared_scores,maximum,prefix,complete,0,500,0.6,0.9,biological_error,2151398048,921666314,2151398048,yieP,yohJ,False,identifiable,nac,500,-0.09856212931779458,0.038620172257970216,0.15549475921323894,-2.552089324186116,-0.17930200251081355,5636,,,,[],0,,False,True,
csd-20260805_174708,paired_hierarchical,1,0,0,5d0e9ff5482e9c83,nadR->nadA,shared_complete_observation_shared_scores,maximum,prefix,complete,0,500,0.6,0.9,biological_error,2151398048,921666314,2151398048,nadR,nadA,False,identifiable,,500,0.005534309314087642,0.036421209824344034,0.11729504933488949,0.15195292360630192,-0.246126870015675,5636,,,,[],0,,False,True,
csd-20260805_174708,paired_hierarchical,1,0,0,5d0e9ff5482e9c83,nadR->nadB,shared_complete_observation_shared_scores,maximum,prefix,complete,0,500,0.6,0.9,biological_error,2151398048,921666314,2151398048,nadR,nadB,False,identifiable,rpoD,500,-0.17772946643067472,0.059334074102758594,0.31120511689438696,-2.9954030482193303,-0.14680517631774445,5636,,,,[],0,,False,True,
csd-20260805_174708,paired_hierarchical,1,0,0,5d0e9ff5482e9c83,nadR->pncB,shared_complete_observation_shared_scores,maximum,prefix,complete,0,500,0.6,0.9,biological_error,2151398048,921666314,2151398048,nadR,pncB,False,identifiable,arcA|crp|lrp|rpoD,500,-0.005130723507470552,0.06262545052897818,0.3460966623457216,-0.08192713128820452,-0.22565259298481347,5636,,,,[],0,,False,True,
csd-20260805_174708,paired_hierarchical,1,0,0,5d0e9ff5482e9c83,nadR->pnuC,shared_complete_observation_shared_scores,maximum,prefix,complete,0,500,0.6,0.9,biological_error,2151398048,921666314,2151398048,nadR,pnuC,False,identifiable,,500,-0.022609198429214595,0.038810647385592784,0.13319033787909168,-0.5825514376141929,-0.4538291108074429,5636,,,,[],0,,False,True,
csd-20260805_174708,paired_hierarchical,1,0,0,5d0e9ff5482e9c83,nanR->fimB,shared_complete_observation_shared_scores,maximum,prefix,complete,0,500,0.6,0.9,biological_error,2151398048,921666314,2151398048,nanR,fimB,False,identifiable,basR|cpxR|dksA|hns|ihfA|ihfB|nagC|rpoD,500,-0.025506915015894947,0.07460166859190742,0.611027081609231,-0.3419081033619383,0.3666718887887151,5636,,,,[],0,,False,True,
csd-20260805_174708,paired_hierarchical,1,0,0,5d0e9ff5482e9c83,nanR->nanA,shared_complete_observation_shared_scores,maximum,prefix,complete,0,500,0.6,0.9,biological_error,2151398048,921666314,2151398048,nanR,nanA,False,identifiable,crp|fis|nac|rpoD,500,-0.056038647712616234,0.04281248663179848,0.2063885114194871,-1.3089323260890475,-0.14196570608792078,5636,,,,[],0,,False,True,
csd-20260805_174708,paired_hierarchical,1,0,0,5d0e9ff5482e9c83,nanR->nanC,shared_complete_observation_shared_scores,maximum,prefix,complete,0,500,0.6,0.9,biological_error,2151398048,921666314,2151398048,nanR,nanC,False,identifiable,crp|nagC|spf,500,-0.05026186687980208,0.04850526755718603,0.2618453673505241,-1.0362146094863838,-0.24922615534162046,5636,,,,[],0,,False,True,
csd-20260805_174708,paired_hierarchical,1,0,0,5d0e9ff5482e9c83,nanR->nanE,shared_complete_observation_shared_scores,maximum,prefix,complete,0,500,0.6,0.9,biological_error,2151398048,921666314,2151398048,nanR,nanE,False,identifiable,crp|fis|rpoD,500,-0.060573281925638656,0.05188554137929667,0.3032331064559885,-1.167440491423851,-0.7805130625691497,5636,,,,[],0,,False,True,
csd-20260805_174708,paired_hierarchical,1,0,0,5d0e9ff5482e9c83,nanR->nanK,shared_complete_observation_shared_scores,maximum,prefix,complete,0,500,0.6,0.9,biological_error,2151398048,921666314,2151398048,nanR,nanK,False,identifiable,crp|fis|nac|rpoD,500,-0.0905972419617747,0.04402098648636363,0.2182047264809771,-2.0580466089699962,-0.33671246431688795,5636,,,,[],0,,False,True,
csd-20260805_174708,paired_hierarchical,1,0,0,5d0e9ff5482e9c83,nanR->nanM,shared_complete_observation_shared_scores,maximum,prefix,complete,0,500,0.6,0.9,biological_error,2151398048,921666314,2151398048,nanR,nanM,False,identifiable,crp|nagC,500,0.02387199206518139,0.029661755387803444,0.09860154661710409,0.8048071246315134,-0.1836235025542472,5636,,,,[],0,,False,True,
csd-20260805_174708,paired_hierarchical,1,0,0,5d0e9ff5482e9c83,nanR->nanQ,shared_complete_observation_shared_scores,maximum,prefix,complete,0,500,0.6,0.9,biological_error,2151398048,921666314,2151398048,nanR,nanQ,False,identifiable,crp|fis|rpoD,500,0.008786446331525092,0.04334222487800315,0.21159544387926454,0.20272254957507616,-0.09024758036333975,5636,,,,[],0,,False,True,
csd-20260805_174708,paired_hierarchical,1,0,0,5d0e9ff5482e9c83,nanR->nanS,shared_complete_observation_shared_scores,maximum,prefix,complete,0,500,0.6,0.9,biological_error,2151398048,921666314,2151398048,nanR,nanS,False,identifiable,crp|nagC,500,-0.03239997958650664,0.038017079444229815,0.16197482883647368,-0.8522479911703019,-0.20061617363817008,5636,,,,[],0,,False,True,
csd-20260805_174708,paired_hierarchical,1,0,0,5d0e9ff5482e9c83,nanR->nanT,shared_complete_observation_shared_scores,maximum,prefix,complete,0,500,0.6,0.9,biological_error,2151398048,921666314,2151398048,nanR,nanT,False,identifiable,crp|fis|rpoD|spf,500,-0.1330001974056486,0.049171745113614905,0.2704936757399822,-2.704809379824571,-0.18230149617487362,5636,,,,[],0,,False,True,
csd-20260805_174708,paired_hierarchical,1,0,0,5d0e9ff5482e9c83,nanR->nanX,shared_complete_observation_shared_scores,maximum,prefix,complete,0,500,0.6,0.9,biological_error,2151398048,921666314,2151398048,nanR,nanX,False,identifiable,rpoH,500,0.04518353767763465,0.05005014659798532,0.2833523486197899,0.9027653413397482,-0.0871432357609335,5636,,,,[],0,,False,True,
csd-20260805_174708,paired_hierarchical,1,0,0,5d0e9ff5482e9c83,nanR->nanY,shared_complete_observation_shared_scores,maximum,prefix,complete,0,500,0.6,0.9,biological_error,2151398048,921666314,2151398048,nanR,nanY,False,identifiable,rpoD|rpoH,500,-0.03479336828305382,0.03612133801839463,0.1475371349408198,-0.9632358653307763,-0.0743014954899252,5636,,,,[],0,,False,True,
csd-20260805_174708,paired_hierarchical,1,0,0,5d0e9ff5482e9c83,narP->ccmA,shared_complete_observation_shared_scores,maximum,prefix,complete,0,500,0.6,0.9,biological_error,2151398048,921666314,2151398048,narP,ccmA,False,identifiable,flhC|flhD|fnr|modE|nac|narL|rpoD|rpoH,500,0.03655363612447298,0.03995099117918531,0.21702559255902054,0.9149619332477946,0.11265827306758475,5636,,,,[],0,,False,True,
csd-20260805_174708,paired_hierarchical,1,0,0,5d0e9ff5482e9c83,narP->ccmB,shared_complete_observation_shared_scores,maximum,prefix,complete,0,500,0.6,0.9,biological_error,2151398048,921666314,2151398048,narP,ccmB,False,identifiable,flhC|flhD|fnr|modE|nac|narL|rpoD|rpoH,500,0.06476639365768858,0.044696996371117376,0.2716517535128953,1.4490099764184554,-0.429387591219098,5636,,,,[],0,,False,True,
csd-20260805_174708,paired_hierarchical,1,0,0,5d0e9ff5482e9c83,narP->ccmC,shared_complete_observation_shared_scores,maximum,prefix,complete,0,500,0.6,0.9,biological_error,2151398048,921666314,2151398048,narP,ccmC,False,identifiable,flhC|flhD|fnr|modE|narL|rpoD|rpoH,500,0.2878975352392859,0.05955707600582704,0.48679481135238734,4.83397699395313,0.2895308001787724,5636,,,,[],0,,False,True,
csd-20260805_174708,paired_hierarchical,1,0,0,5d0e9ff5482e9c83,narP->ccmD,shared_complete_observation_shared_scores,maximum,prefix,complete,0,500,0.6,0.9,biological_error,2151398048,921666314,2151398048,narP,ccmD,False,identifiable,flhC|flhD|fnr|modE|narL|rpoD|rpoH,500,0.06708169569850114,0.06461337272454555,0.572959635814042,1.038201425956796,0.34216707665497065,5636,,,,[],0,,False,True,
csd-20260805_174708,paired_hierarchical,1,0,0,5d0e9ff5482e9c83,narP->ccmE,shared_complete_observation_shared_scores,maximum,prefix,complete,0,500,0.6,0.9,biological_error,2151398048,921666314,2151398048,narP,ccmE,False,identifiable,flhC|flhD|fnr|modE|narL|rpoD|rpoH,500,0.1989791966240946,0.061901909893487074,0.5258807852741467,3.2144274218109374,0.13993494223072908,5636,,,,[],0,,False,True,
csd-20260805_174708,paired_hierarchical,1,0,0,5d0e9ff5482e9c83,narP->ccmF,shared_complete_observation_shared_scores,maximum,prefix,complete,0,500,0.6,0.9,biological_error,2151398048,921666314,2151398048,narP,ccmF,False,identifiable,flhC|flhD|fnr|modE|narL|rpoD|rpoH,500,0.04615443112265591,0.06586554057219494,0.5953820352209016,0.7007371490721499,0.20226731538434903,5636,,,,[],0,,False,True,
csd-20260805_174708,paired_hierarchical,1,0,0,5d0e9ff5482e9c83,narP->ccmG,shared_complete_observation_shared_scores,maximum,prefix,complete,0,500,0.6,0.9,biological_error,2151398048,921666314,2151398048,narP,ccmG,False,identifiable,flhC|flhD|fnr|modE|narL|rpoD|rpoH,500,0.10094382327845845,0.048842866795673436,0.32740212848683636,2.0667055375914214,0.16891027858642202,5636,,,,[],0,,False,True,
csd-20260805_174708,paired_hierarchical,1,0,0,5d0e9ff5482e9c83,narP->ccmH,shared_complete_observation_shared_scores,maximum,prefix,complete,0,500,0.6,0.9,biological_error,2151398048,921666314,2151398048,narP,ccmH,False,identifiable,flhC|flhD|fnr|modE|nac|narL|rpoD|rpoH,500,0.01594075836963474,0.04870953473745064,0.3226144354914326,0.32726156091527153,-0.18442018186326403,5636,,,,[],0,,False,True,
csd-20260805_174708,paired_hierarchical,1,0,0,5d0e9ff5482e9c83,narP->cysG,shared_complete_observation_shared_scores,maximum,prefix,complete,0,500,0.6,0.9,biological_error,2151398048,921666314,2151398048,narP,cysG,False,identifiable,cra|crp|fis|fnr|hns|ihfA|ihfB|narL|rpoD|rpoH,500,0.04320709178951451,0.03115146106623898,0.13263144469563645,1.3870004908482787,0.21611712636975378,5636,,,,[],0,,False,True,
csd-20260805_174708,paired_hierarchical,1,0,0,5d0e9ff5482e9c83,narP->fdhF,shared_complete_observation_shared_scores,maximum,prefix,complete,0,500,0.6,0.9,biological_error,2151398048,921666314,2151398048,narP,fdhF,False,identifiable,fhlA|fnr|narL|rpoH|rpoN,500,0.04840710508223246,0.047590119156950494,0.31196324028330713,1.017167133425062,0.2889370891665735,5636,,,,[],0,,False,True,
csd-20260805_174708,paired_hierarchical,1,0,0,5d0e9ff5482e9c83,narP->fdnG,shared_complete_observation_shared_scores,maximum,prefix,complete,0,500,0.6,0.9,biological_error,2151398048,921666314,2151398048,narP,fdnG,False,identifiable,cpxR|fnr|narL|rpoD|rpoH,500,0.11126500275868215,0.05448839851149199,0.409763926315562,2.0419943657403614,-0.2306424350810832,5636,,,,[],0,,False,True,
csd-20260805_174708,paired_hierarchical,1,0,0,5d0e9ff5482e9c83,narP->fdnH,shared_complete_observation_shared_scores,maximum,prefix,complete,0,500,0.6,0.9,biological_error,2151398048,921666314,2151398048,narP,fdnH,False,identifiable,fnr|narL|rpoD|rpoH,500,-0.057368448332537375,0.037124962606278816,0.19070463528093465,-1.5452796260280905,-0.4372651953414326,5636,,,,[],0,,False,True,
csd-20260805_174708,paired_hierarchical,1,0,0,5d0e9ff5482e9c83,narP->fdnI,shared_complete_observation_shared_scores,maximum,prefix,complete,0,500,0.6,0.9,biological_error,2151398048,921666314,2151398048,narP,fdnI,False,identifiable,fnr|narL|rpoD|rpoH,500,-0.009621665591213083,0.03305112319084401,0.15114773558003572,-0.291114632796459,-0.37528718062379074,5636,,,,[],0,,False,True,
csd-20260805_174708,paired_hierarchical,1,0,0,5d0e9ff5482e9c83,narP->hcp,shared_complete_observation_shared_scores,maximum,prefix,complete,0,500,0.6,0.9,biological_error,2151398048,921666314,2151398048,narP,hcp,False,identifiable,cpxR|fnr|narL|nsrR|oxyR|rpoE|rpoH,500,0.11675007470216325,0.04739109249554913,0.3036280568818516,2.463544699104123,0.12292994900626387,5636,,,,[],0,,False,True,
csd-20260805_174708,paired_hierarchical,1,0,0,5d0e9ff5482e9c83,narP->hcr,shared_complete_observation_shared_scores,maximum,prefix,complete,0,500,0.6,0.9,biological_error,2151398048,921666314,2151398048,narP,hcr,False,identifiable,fnr|narL|nsrR|oxyR|rpoE|rpoH,500,0.09721943856102223,0.0484565170520335,0.3181891856579335,2.006323286847592,0.19525796449521568,5636,,,,[],0,,False,True,
csd-20260805_174708,paired_hierarchical,1,0,0,5d0e9ff5482e9c83,narP->hyaA,shared_complete_observation_shared_scores,maximum,prefix,complete,0,500,0.6,0.9,biological_error,2151398048,921666314,2151398048,narP,hyaA,False,identifiable,appY|arcA|fis|iscR|narL|rpoD|rpoH|rpoS|ydeO,500,-0.005350473844195935,0.0480444097367704,0.30028445206105336,-0.11136516971507288,-0.2847008565288208,5636,,,,[],0,,False,True,
csd-20260805_174708,paired_hierarchical,1,0,0,5d0e9ff5482e9c83,narP->hyaB,shared_complete_observation_shared_scores,maximum,prefix,complete,0,500,0.6,0.9,biological_error,2151398048,921666314,2151398048,narP,hyaB,False,identifiable,appY|arcA|fis|iscR|narL|rpoD|rpoH|rpoS|ydeO,500,0.0065829722278736074,0.04113357381669147,0.22011011973254238,0.1600389078082567,-0.08826339314769298,5636,,,,[],0,,False,True,
csd-20260805_174708,paired_hierarchical,1,0,0,5d0e9ff5482e9c83,narP->hyaC,shared_complete_observation_shared_scores,maximum,prefix,complete,0,500,0.6,0.9,biological_error,2151398048,921666314,2151398048,narP,hyaC,False,identifiable,appY|arcA|fis|iscR|narL|rpoD|rpoH|rpoS|ydeO,500,0.02692593188846085,0.0380189488065752,0.18803873961961864,0.7082239970770611,-0.13580757072262903,5636,,,,[],0,,False,True,
csd-20260805_174708,paired_hierarchical,1,0,0,5d0e9ff5482e9c83,narP->hyaD,shared_complete_observation_shared_scores,maximum,prefix,complete,0,500,0.6,0.9,biological_error,2151398048,921666314,2151398048,narP,hyaD,False,identifiable,appY|arcA|fis|iscR|narL|rpoD|rpoH|rpoS|ydeO,500,-0.012973223961956867,0.0880545778870263,1.0086744054140082,-0.1473316240139322,-0.23162049675008967,5636,,,,[],0,,False,True,
csd-20260805_174708,paired_hierarchical,1,0,0,5d0e9ff5482e9c83,narP->hyaE,shared_complete_observation_shared_scores,maximum,prefix,complete,0,500,0.6,0.9,biological_error,2151398048,921666314,2151398048,narP,hyaE,False,identifiable,appY|arcA|fis|iscR|narL|rpoD|rpoH|rpoS|ydeO,500,0.03512838615521641,0.048508713000240296,0.3061164207350714,0.7241665256104072,-0.19746878349685082,5636,,,,[],0,,False,True,
csd-20260805_174708,paired_hierarchical,1,0,0,5d0e9ff5482e9c83,narP->hyaF,shared_complete_observation_shared_scores,maximum,prefix,complete,0,500,0.6,0.9,biological_error,2151398048,921666314,2151398048,narP,hyaF,False,identifiable,appY|arcA|fis|iscR|narL|rpoD|rpoH|rpoS|ydeO,500,0.005394630347849252,0.04828760133488269,0.30333211066096005,0.11171874764365654,-0.2821589964114416,5636,,,,[],0,,False,True,
csd-20260805_174708,paired_hierarchical,1,0,0,5d0e9ff5482e9c83,narP->napA,shared_complete_observation_shared_scores,maximum,prefix,complete,0,500,0.6,0.9,biological_error,2151398048,921666314,2151398048,narP,napA,False,identifiable,flhC|flhD|fnr|iscR|modE|narL|rpoD|rpoH,500,0.027002752711546472,0.04229770321833389,0.2454482944474394,0.6383976116188304,-0.24721486395219539,5636,,,,[],0,,False,True,
csd-20260805_174708,paired_hierarchical,1,0,0,5d0e9ff5482e9c83,narP->napB,shared_complete_observation_shared_scores,maximum,prefix,complete,0,500,0.6,0.9,biological_error,2151398048,921666314,2151398048,narP,napB,False,identifiable,flhC|flhD|fnr|iscR|modE|nac|narL|rpoD|rpoH,500,0.03656369997618132,0.07319521714985452,0.7282639957240181,0.4995367375073631,0.17921579883088462,5636,,,,[],0,,False,True,
csd-20260805_174708,paired_hierarchical,1,0,0,5d0e9ff5482e9c83,narP->napC,shared_complete_observation_shared_scores,maximum,prefix,complete,0,500,0.6,0.9,biological_error,2151398048,921666314,2151398048,narP,napC,False,identifiable,flhC|flhD|fnr|iscR|modE|nac|narL|rpoD|rpoH,500,0.09649272162129878,0.053019833399836826,0.38212033517074007,1.8199363414370093,0.25143863776854053,5636,,,,[],0,,False,True,
csd-20260805_174708,paired_hierarchical,1,0,0,5d0e9ff5482e9c83,narP->napD,shared_complete_observation_shared_scores,maximum,prefix,complete,0,500,0.6,0.9,biological_error,2151398048,921666314,2151398048,narP,napD,False,identifiable,flhC|flhD|fnr|iscR|modE|narL|rpoD|rpoH,500,0.16271486018522707,0.06174537259931823,0.5230404522331683,2.635255944459613,0.31881495752818767,5636,,,,[],0,,False,True,
csd-20260805_174708,paired_hierarchical,1,0,0,5d0e9ff5482e9c83,narP->napF,shared_complete_observation_shared_scores,maximum,prefix,complete,0,500,0.6,0.9,biological_error,2151398048,921666314,2151398048,narP,napF,False,identifiable,flhC|flhD|fnr|iscR|lrp|modE|narL|rpoD|rpoH,500,0.021022975484391426,0.05796862029485646,0.4601738611652091,0.36266130498635984,-0.1697454100806555,5636,,,,[],0,,False,True,
csd-20260805_174708,paired_hierarchical,1,0,0,5d0e9ff5482e9c83,narP->napG,shared_complete_observation_shared_scores,maximum,prefix,complete,0,500,0.6,0.9,biological_error,2151398048,921666314,2151398048,narP,napG,False,identifiable,flhC|flhD|fnr|iscR|modE|narL|rpoD|rpoH,500,-0.0325139305350927,0.0451536745673767,0.2797129957104619,-0.7200727481564446,-0.542589624155393,5636,,,,[],0,,False,True,
csd-20260805_174708,paired_hierarchical,1,0,0,5d0e9ff5482e9c83,narP->napH,shared_complete_observation_shared_scores,maximum,prefix,complete,0,500,0.6,0.9,biological_error,2151398048,921666314,2151398048,narP,napH,False,identifiable,flhC|flhD|fnr|iscR|modE|narL|rpoD|rpoH,500,0.05760481902514475,0.06588988198601609,0.5956126413940989,0.8742589497636422,0.1789970636752933,5636,,,,[],0,,False,True,
csd-20260805_174708,paired_hierarchical,1,0,0,5d0e9ff5482e9c83,narP->nirB,shared_complete_observation_shared_scores,maximum,prefix,complete,0,500,0.6,0.9,biological_error,2151398048,921666314,2151398048,narP,nirB,False,identifiable,cra|crp|fis|fnr|hns|ihfA|ihfB|narL|rpoD|rpoH,500,0.017494727524849804,0.03537870127393448,0.1710698329073819,0.4944988621653892,0.3784745325824706,5636,,,,[],0,,False,True,
csd-20260805_174708,paired_hierarchical,1,0,0,5d0e9ff5482e9c83,narP->nirC,shared_complete_observation_shared_scores,maximum,prefix,complete,0,500,0.6,0.9,biological_error,2151398048,921666314,2151398048,narP,nirC,False,identifiable,cra|crp|fis|fnr|hns|ihfA|ihfB|narL|rpoD|rpoH,500,0.003378140019894318,0.035012379174573345,0.16754555287351638,0.09648416073214434,0.13229085132409885,5636,,,,[],0,,False,True,
csd-20260805_174708,paired_hierarchical,1,0,0,5d0e9ff5482e9c83,narP->nirD,shared_complete_observation_shared_scores,maximum,prefix,complete,0,500,0.6,0.9,biological_error,2151398048,921666314,2151398048,narP,nirD,False,identifiable,cra|crp|fis|fnr|hns|ihfA|ihfB|narL|rpoD|rpoH,500,0.014374433125175562,0.03771659342116299,0.1944261064139709,0.3811169520179939,0.26215347171689346,5636,,,,[],0,,False,True,
csd-20260805_174708,paired_hierarchical,1,0,0,5d0e9ff5482e9c83,narP->norV,shared_complete_observation_shared_scores,maximum,prefix,complete,0,500,0.6,0.9,biological_error,2151398048,921666314,2151398048,narP,norV,False,identifiable,fnr|ihfA|ihfB|narL|norR|rpoH|rpoN,500,0.008100587051168978,0.0510702126152825,0.3575800875638164,0.15861666980303346,-0.17750126734638716,5636,,,,[],0,,False,True,
csd-20260805_174708,paired_hierarchical,1,0,0,5d0e9ff5482e9c83,narP->norW,shared_complete_observation_shared_scores,maximum,prefix,complete,0,500,0.6,0.9,biological_error,2151398048,921666314,2151398048,narP,norW,False,identifiable,fnr|ihfA|ihfB|narL|norR|rpoH|rpoN,500,-0.060896126093984766,0.029219482764111467,0.11705313300255252,-2.084093225934164,-0.1823880730378505,5636,,,,[],0,,False,True,
csd-20260805_174708,paired_hierarchical,1,0,0,5d0e9ff5482e9c83,narP->nrfA,shared_complete_observation_shared_scores,maximum,prefix,complete,0,500,0.6,0.9,biological_error,2151398048,921666314,2151398048,narP,nrfA,False,identifiable,fis|flhC|flhD|fnr|ihfA|ihfB|narL|nsrR|rpoD|rpoH,500,0.036398178941556836,0.05934801005854872,0.4807553639281213,0.6133007476686895,0.15190706576118732,5636,,,,[],0,,False,True,
csd-20260805_174708,paired_hierarchical,1,0,0,5d0e9ff5482e9c83,narP->nrfB,shared_complete_observation_shared_scores,maximum,prefix,complete,0,500,0.6,0.9,biological_error,2151398048,921666314,2151398048,narP,nrfB,False,identifiable,fis|flhC|flhD|fnr|ihfA|ihfB|narL|nsrR|rpoD|rpoH,500,0.0926055951837812,0.0494901719765284,0.33431028761165366,1.871191622201294,0.1924825561292596,5636,,,,[],0,,False,True,
csd-20260805_174708,paired_hierarchical,1,0,0,5d0e9ff5482e9c83,narP->nrfC,shared_complete_observation_shared_scores,maximum,prefix,complete,0,500,0.6,0.9,biological_error,2151398048,921666314,2151398048,narP,nrfC,False,identifiable,fis|flhC|flhD|fnr|ihfA|ihfB|narL|nsrR|rpoD|rpoH,500,0.04932088740801794,0.055637513711855234,0.42251997351080206,0.8864682139365377,0.11540709866264758,5636,,,,[],0,,False,True,
csd-20260805_174708,paired_hierarchical,1,0,0,5d0e9ff5482e9c83,narP->nrfD,shared_complete_observation_shared_scores,maximum,prefix,complete,0,500,0.6,0.9,biological_error,2151398048,921666314,2151398048,narP,nrfD,False,identifiable,fis|flhC|flhD|fnr|ihfA|ihfB|narL|nsrR|rpoD|rpoH,500,0.10247756821907955,0.04184760855924695,0.23903038147313582,2.4488273463463033,0.2063118800999135,5636,,,,[],0,,False,True,
csd-20260805_174708,paired_hierarchical,1,0,0,5d0e9ff5482e9c83,narP->nrfE,shared_complete_observation_shared_scores,maximum,prefix,complete,0,500,0.6,0.9,biological_error,2151398048,921666314,2151398048,narP,nrfE,False,identifiable,fis|flhC|flhD|fnr|ihfA|ihfB|narL|nsrR|rpoD|rpoH,500,0.005890229155450611,0.05706933554025803,0.44454675803854377,0.10321180542386912,0.16785688429549658,5636,,,,[],0,,False,True,
csd-20260805_174708,paired_hierarchical,1,0,0,5d0e9ff5482e9c83,narP->nrfF,shared_complete_observation_shared_scores,maximum,prefix,complete,0,500,0.6,0.9,biological_error,2151398048,921666314,2151398048,narP,nrfF,False,identifiable,fis|flhC|flhD|fnr|ihfA|ihfB|nac|narL|nsrR|rpoD|rpoH,500,0.0019439578802747694,0.046755900502446435,0.29528607793588174,0.041576739179112907,0.304212920599741,5636,,,,[],0,,False,True,
csd-20260805_174708,paired_hierarchical,1,0,0,5d0e9ff5482e9c83,narP->nrfG,shared_complete_observation_shared_scores,maximum,prefix,complete,0,500,0.6,0.9,biological_error,2151398048,921666314,2151398048,narP,nrfG,False,identifiable,fis|flhC|flhD|fnr|ihfA|ihfB|nac|narL|nsrR|rpoD|rpoH,500,0.05723482347249519,0.04927851371700754,0.32800866847314347,1.1614559603233667,0.17478722648038697,5636,,,,[],0,,False,True,
csd-20260805_174708,paired_hierarchical,1,0,0,5d0e9ff5482e9c83,narP->poxB,shared_complete_observation_shared_scores,maximum,prefix,complete,0,500,0.6,0.9,biological_error,2151398048,921666314,2151398048,narP,poxB,False,identifiable,cra|fnr|marA|narL|nsrR|oxyR|rpoD|rpoH|rpoS|soxS,500,-0.010090863056895103,0.07398844565944712,0.7392008017949916,-0.13638430929257755,0.476429401026161,5636,,,,[],0,,False,True,
csd-20260805_174708,paired_hierarchical,1,0,0,5d0e9ff5482e9c83,narP->ydeP,shared_complete_observation_shared_scores,maximum,prefix,complete,0,500,0.6,0.9,biological_error,2151398048,921666314,2151398048,narP,ydeP,False,identifiable,evgA|hns|nac|nagC|narL|phoP|rcsB|rpoD|rpoH|uvrY,500,-0.02111658812051587,0.06259183972334202,0.5184708931254365,-0.33736966693824433,-0.24219205088186777,5636,,,,[],0,,False,True,
csd-20260805_174708,paired_hierarchical,1,0,0,5d0e9ff5482e9c83,narP->ydhT,shared_complete_observation_shared_scores,maximum,prefix,complete,0,500,0.6,0.9,biological_error,2151398048,921666314,2151398048,narP,ydhT,False,identifiable,fnr|narL|rpoH|rpoS,500,-0.036297380307827753,0.03399735346097996,0.1599657985162473,-1.0676531145133878,-0.33114368755957513,5636,,,,[],0,,False,True,
csd-20260805_174708,paired_hierarchical,1,0,0,5d0e9ff5482e9c83,narP->ydhU,shared_complete_observation_shared_scores,maximum,prefix,complete,0,500,0.6,0.9,biological_error,2151398048,921666314,2151398048,narP,ydhU,False,identifiable,fnr|narL|rpoH|rpoS,500,-0.025449736445620246,0.034157601285487026,0.16147736235370685,-0.74506802257316,-0.2934357136779315,5636,,,,[],0,,False,True,
csd-20260805_174708,paired_hierarchical,1,0,0,5d0e9ff5482e9c83,narP->ydhV,shared_complete_observation_shared_scores,maximum,prefix,complete,0,500,0.6,0.9,biological_error,2151398048,921666314,2151398048,narP,ydhV,False,identifiable,fnr|narL|rpoH|rpoS,500,-0.046209830325748644,0.03469975369972102,0.16664400767761475,-1.3317048508652718,-0.35379538083636414,5636,,,,[],0,,False,True,
csd-20260805_174708,paired_hierarchical,1,0,0,5d0e9ff5482e9c83,narP->ydhW,shared_complete_observation_shared_scores,maximum,prefix,complete,0,500,0.6,0.9,biological_error,2151398048,921666314,2151398048,narP,ydhW,False,identifiable,fnr|narL|rpoH|rpoS,500,-0.11964284161510352,0.036736522894600346,0.18678113635566473,-3.256781866873117,-0.23333402981096615,5636,,,,[],0,,False,True,
csd-20260805_174708,paired_hierarchical,1,0,0,5d0e9ff5482e9c83,narP->ydhX,shared_complete_observation_shared_scores,maximum,prefix,complete,0,500,0.6,0.9,biological_error,2151398048,921666314,2151398048,narP,ydhX,False,identifiable,fnr|narL|rpoH|rpoS,500,0.010066501242852584,0.03158407206080818,0.1380616822777196,0.31872081672913327,-0.11053993265279857,5636,,,,[],0,,False,True,
csd-20260805_174708,paired_hierarchical,1,0,0,5d0e9ff5482e9c83,narP->ydhY,shared_complete_observation_shared_scores,maximum,prefix,complete,0,500,0.6,0.9,biological_error,2151398048,921666314,2151398048,narP,ydhY,False,identifiable,fnr|narL|rpoH|rpoS,500,0.011633786218140332,0.022911765099251247,0.07265307719471652,0.5077647299430685,-0.2650566783796051,5636,,,,[],0,,False,True,
csd-20260805_174708,paired_hierarchical,1,0,0,5d0e9ff5482e9c83,narP->yeaR,shared_complete_observation_shared_scores,maximum,prefix,complete,0,500,0.6,0.9,biological_error,2151398048,921666314,2151398048,narP,yeaR,False,identifiable,fis|narL|nsrR|rpoD|rpoH,500,-0.04434341559239627,0.05051918229086822,0.35251890342422537,-0.877754024938201,0.2561629057638424,5636,,,,[],0,,False,True,
csd-20260805_174708,paired_hierarchical,1,0,0,5d0e9ff5482e9c83,narP->yoaG,shared_complete_observation_shared_scores,maximum,prefix,complete,0,500,0.6,0.9,biological_error,2151398048,921666314,2151398048,narP,yoaG,False,identifiable,fis|narL|nsrR|rpoD|rpoH,500,0.10599847697018842,0.06185382141986746,0.5284487293545516,1.7136932615798204,0.5670232797013204,5636,,,,[],0,,False,True,
csd-20260805_174708,paired_hierarchical,1,0,0,5d0e9ff5482e9c83,narP->ytfE,shared_complete_observation_shared_scores,maximum,prefix,complete,0,500,0.6,0.9,biological_error,2151398048,921666314,2151398048,narP,ytfE,False,identifiable,fnr|narL|nsrR|rpoH,500,0.03300086547552724,0.03711978400151468,0.19045729428165661,0.889037109541926,0.19060343830773593,5636,,,,[],0,,False,True,
csd-20260805_174708,paired_hierarchical,1,0,0,5d0e9ff5482e9c83,nemR->gloA,shared_complete_observation_shared_scores,maximum,prefix,complete,0,500,0.6,0.9,biological_error,2151398048,921666314,2151398048,nemR,gloA,False,identifiable,rpoD|rutR,500,-0.04053662502793257,0.055665328128468514,0.19532091488376488,-0.728220355305895,-0.15184924582319023,5636,,,,[],0,,False,True,
csd-20260805_174708,paired_hierarchical,1,0,0,5d0e9ff5482e9c83,nemR->nemA,shared_complete_observation_shared_scores,maximum,prefix,complete,0,500,0.6,0.9,biological_error,2151398048,921666314,2151398048,nemR,nemA,False,identifiable,rpoD|rutR,500,0.007567189099212607,0.10673400898998142,0.7180998684175701,0.07089763769599342,-0.6024043321253354,5636,,,,[],0,,False,True,
csd-20260805_174708,paired_hierarchical,1,0,0,5d0e9ff5482e9c83,nimR->nimT,shared_complete_observation_shared_scores,maximum,prefix,complete,0,500,0.6,0.9,biological_error,2151398048,921666314,2151398048,nimR,nimT,False,identifiable,,500,-0.06804517311674294,0.047842783346193414,0.09013919897193544,-1.4222661884941716,-0.18487698854009532,5636,,,,[],0,,False,True,
csd-20260805_174708,paired_hierarchical,1,0,0,5d0e9ff5482e9c83,norR->norV,shared_complete_observation_shared_scores,maximum,prefix,complete,0,500,0.6,0.9,biological_error,2151398048,921666314,2151398048,norR,norV,False,identifiable,fnr|ihfA|ihfB|narL|narP|nsrR|rpoN,500,0.043640305943647296,0.07633345507613332,0.3582251348312738,0.5717061529590324,0.46639754091625907,5636,,,,[],0,,False,True,
csd-20260805_174708,paired_hierarchical,1,0,0,5d0e9ff5482e9c83,norR->norW,shared_complete_observation_shared_scores,maximum,prefix,complete,0,500,0.6,0.9,biological_error,2151398048,921666314,2151398048,norR,norW,False,identifiable,fnr|ihfA|ihfB|narL|narP|nsrR|rpoN,500,0.029102304273361534,0.04363407190710414,0.11705169318417226,0.6669628343492585,0.15706999983667397,5636,,,,[],0,,False,True,
csd-20260805_174708,paired_hierarchical,1,0,0,5d0e9ff5482e9c83,nrdR->nrdA,shared_complete_observation_shared_scores,maximum,prefix,complete,0,500,0.6,0.9,biological_error,2151398048,921666314,2151398048,nrdR,nrdA,False,identifiable,argP|crp|dnaA|fis|hns|rpoD,500,0.04092028272485181,0.032985706103317816,0.0997717595360533,1.2405459078754089,-0.450772746775259,5636,,,,[],0,,False,True,
csd-20260805_174708,paired_hierarchical,1,0,0,5d0e9ff5482e9c83,nrdR->nrdB,shared_complete_observation_shared_scores,maximum,prefix,complete,0,500,0.6,0.9,biological_error,2151398048,921666314,2151398048,nrdR,nrdB,False,identifiable,argP|crp|dnaA|fis|hns|rpoD,500,-0.009235064098700363,0.04284045445297058,0.16829228199654087,-0.215568770607661,-0.17713594295880591,5636,,,,[],0,,False,True,
csd-20260805_174708,paired_hierarchical,1,0,0,5d0e9ff5482e9c83,nrdR->nrdD,shared_complete_observation_shared_scores,maximum,prefix,complete,0,500,0.6,0.9,biological_error,2151398048,921666314,2151398048,nrdR,nrdD,False,identifiable,fnr|hns|rpoD,500,0.006864268883742961,0.04044046769573107,0.15099749247522792,0.16973762359498032,-0.17099907494582206,5636,,,,[],0,,False,True,
csd-20260805_174708,paired_hierarchical,1,0,0,5d0e9ff5482e9c83,nrdR->nrdE,shared_complete_observation_shared_scores,maximum,prefix,complete,0,500,0.6,0.9,biological_error,2151398048,921666314,2151398048,nrdR,nrdE,False,identifiable,fur|iscR|rpoD,500,0.052503432884262895,0.06833469577703243,0.4321587805274929,0.7683276011877632,-0.2262848719927649,5636,,,,[],0,,False,True,
csd-20260805_174708,paired_hierarchical,1,0,0,5d0e9ff5482e9c83,nrdR->nrdF,shared_complete_observation_shared_scores,maximum,prefix,complete,0,500,0.6,0.9,biological_error,2151398048,921666314,2151398048,nrdR,nrdF,False,identifiable,fur|iscR|rpoD,500,-0.124171317680885,0.05419968692663737,0.27186566771929266,-2.2909969544465927,-0.42917107610684013,5636,,,,[],0,,False,True,
csd-20260805_174708,paired_hierarchical,1,0,0,5d0e9ff5482e9c83,nrdR->nrdG,shared_complete_observation_shared_scores,maximum,prefix,complete,0,500,0.6,0.9,biological_error,2151398048,921666314,2151398048,nrdR,nrdG,False,identifiable,fnr|hns|nac|rpoD,500,-0.14693325484477837,0.05615753344351492,0.29039601663358,-2.6164478002326907,-0.30188713309831183,5636,,,,[],0,,False,True,
csd-20260805_174708,paired_hierarchical,1,0,0,5d0e9ff5482e9c83,nrdR->nrdH,shared_complete_observation_shared_scores,maximum,prefix,complete,0,500,0.6,0.9,biological_error,2151398048,921666314,2151398048,nrdR,nrdH,False,identifiable,fur|iscR|rpoD,500,0.01691602149308798,0.03985328599505637,0.14699043742876072,0.4244573833933377,-0.24419695329045588,5636,,,,[],0,,False,True,
csd-20260805_174708,paired_hierarchical,1,0,0,5d0e9ff5482e9c83,nrdR->nrdI,shared_complete_observation_shared_scores,maximum,prefix,complete,0,500,0.6,0.9,biological_error,2151398048,921666314,2151398048,nrdR,nrdI,False,identifiable,fur|iscR|rpoD,500,0.08765507119072016,0.06178654027422917,0.3533040094754639,1.4186758281282277,-0.16552119468388846,5636,,,,[],0,,False,True,
csd-20260805_174708,paired_hierarchical,1,0,0,5d0e9ff5482e9c83,nrdR->yfaE,shared_complete_observation_shared_scores,maximum,prefix,complete,0,500,0.6,0.9,biological_error,2151398048,921666314,2151398048,nrdR,yfaE,False,identifiable,argP|crp|dnaA|fis|hns|nac|rpoD,500,0.00045547426165688104,0.0608686290665003,0.3387559836800951,0.0074829065257780904,-0.15295855316258022,5636,,,,[],0,,False,True,
csd-20260805_174708,paired_hierarchical,1,0,0,5d0e9ff5482e9c83,nsrR->aceE,shared_complete_observation_shared_scores,maximum,prefix,complete,0,500,0.6,0.9,biological_error,2151398048,921666314,2151398048,nsrR,aceE,False,identifiable,alpA|basR|btsR|glaR|glrR|ptrR|rcdA,500,0.06281919035820989,0.11767069723344004,0.31819420305136903,0.5338558522652973,-0.11900582804433216,5636,,,,[],0,,False,True,
csd-20260805_174708,paired_hierarchical,1,0,0,5d0e9ff5482e9c83,nsrR->aceF,shared_complete_observation_shared_scores,maximum,prefix,complete,0,500,0.6,0.9,biological_error,2151398048,921666314,2151398048,nsrR,aceF,False,identifiable,alpA|basR|btsR|glaR|glrR|ptrR|rcdA,500,-0.025673890223807158,0.11391843117432399,0.29822469330773,-0.2253708197975411,-0.1021665263767436,5636,,,,[],0,,False,True,
csd-20260805_174708,paired_hierarchical,1,0,0,5d0e9ff5482e9c83,nsrR->bamE,shared_complete_observation_shared_scores,maximum,prefix,complete,0,500,0.6,0.9,biological_error,2151398048,921666314,2151398048,nsrR,bamE,False,identifiable,alpA|basR|btsR|glaR|glrR|ptrR|rcdA,500,-0.025924772803875694,0.07213404983234624,0.11957385772080262,-0.3593971621464479,-0.20944202506271514,5636,,,,[],0,,False,True,
csd-20260805_174708,paired_hierarchical,1,0,0,5d0e9ff5482e9c83,nsrR->bdcA,shared_complete_observation_shared_scores,maximum,prefix,complete,0,500,0.6,0.9,biological_error,2151398048,921666314,2151398048,nsrR,bdcA,False,identifiable,alpA|basR|btsR|glaR|glrR|ptrR|rcdA,500,-0.038855534305819533,0.09290019286772552,0.1983301959506465,-0.4182503082759298,-0.302732605666056,5636,,,,[],0,,False,True,
csd-20260805_174708,paired_hierarchical,1,0,0,5d0e9ff5482e9c83,nsrR->cdd,shared_complete_observation_shared_scores,maximum,prefix,complete,0,500,0.6,0.9,biological_error,2151398048,921666314,2151398048,nsrR,cdd,False,identifiable,alpA|basR|btsR|glaR|glrR|ptrR|rcdA,500,0.00927801593081047,0.09262022846354587,0.1971366197556163,0.10017267377462988,-0.21222714805018686,5636,,,,[],0,,False,True,
csd-20260805_174708,paired_hierarchical,1,0,0,5d0e9ff5482e9c83,nsrR->dkgB,shared_complete_observation_shared_scores,maximum,prefix,complete,0,500,0.6,0.9,biological_error,2151398048,921666314,2151398048,nsrR,dkgB,False,identifiable,alpA|basR|btsR|glaR|glrR|ptrR|rcdA,500,-0.0035485129076907413,0.08885228080209966,0.18142317815926637,-0.0399372179943735,-0.14341631411568573,5636,,,,[],0,,False,True,
csd-20260805_174708,paired_hierarchical,1,0,0,5d0e9ff5482e9c83,nsrR->dsdC,shared_complete_observation_shared_scores,maximum,prefix,complete,0,500,0.6,0.9,biological_error,2151398048,921666314,2151398048,nsrR,dsdC,False,identifiable,alpA|basR|btsR|glaR|glrR|ptrR|rcdA,500,0.05218136777772889,0.0564287593351047,0.07317396921329186,0.9247300205175079,-0.44506216993876163,5636,,,,[],0,,False,True,
csd-20260805_174708,paired_hierarchical,1,0,0,5d0e9ff5482e9c83,nsrR->feaB,shared_complete_observation_shared_scores,maximum,prefix,complete,0,500,0.6,0.9,biological_error,2151398048,921666314,2151398048,nsrR,feaB,False,identifiable,alpA|basR|btsR|glaR|glrR|ptrR|rcdA,500,-0.22369523773498343,0.10675514146717452,0.2618986202780772,-2.0954048176102704,-0.286939376218602,5636,,,,[],0,,False,True,
csd-20260805_174708,paired_hierarchical,1,0,0,5d0e9ff5482e9c83,nsrR->feaR,shared_complete_observation_shared_scores,maximum,prefix,complete,0,500,0.6,0.9,biological_error,2151398048,921666314,2151398048,nsrR,feaR,False,identifiable,alpA|basR|btsR|glaR|glrR|ptrR|rcdA,500,-0.035291933046475724,0.09095574304507052,0.19011477150182715,-0.38801214596188627,-0.2820496071469265,5636,,,,[],0,,False,True,
csd-20260805_174708,paired_hierarchical,1,0,0,5d0e9ff5482e9c83,nsrR->fhlA,shared_complete_observation_shared_scores,maximum,prefix,complete,0,500,0.6,0.9,biological_error,2151398048,921666314,2151398048,nsrR,fhlA,False,identifiable,alpA|basR|btsR|glaR|glrR|ptrR|rcdA,500,-0.0059956203751074105,0.16345778069500383,0.6139977871251082,-0.03667993257717508,-0.23005961385934273,5636,,,,[],0,,False,True,
csd-20260805_174708,paired_hierarchical,1,0,0,5d0e9ff5482e9c83,nsrR->fliA,shared_complete_observation_shared_scores,maximum,prefix,complete,0,500,0.6,0.9,biological_error,2151398048,921666314,2151398048,nsrR,fliA,False,identifiable,alpA|basR|btsR|glaR|glrR|ptrR|rcdA,500,0.2382986376588681,0.2311832373998717,1.2281977345577464,1.030778184175564,-0.2773747053820626,5636,,,,[],0,,False,True,
csd-20260805_174708,paired_hierarchical,1,0,0,5d0e9ff5482e9c83,nsrR->fliZ,shared_complete_observation_shared_scores,maximum,prefix,complete,0,500,0.6,0.9,biological_error,2151398048,921666314,2151398048,nsrR,fliZ,False,identifiable,alpA|basR|btsR|glaR|glrR|ptrR|rcdA,500,0.03151675836313563,0.2202392882507706,1.1146671425719166,0.14310234387994286,-0.08939960319837155,5636,,,,[],0,,False,True,
csd-20260805_174708,paired_hierarchical,1,0,0,5d0e9ff5482e9c83,nsrR->grxD,shared_complete_observation_shared_scores,maximum,prefix,complete,0,500,0.6,0.9,biological_error,2151398048,921666314,2151398048,nsrR,grxD,False,identifiable,alpA|basR|btsR|glaR|glrR|ptrR|rcdA,500,-0.01587284373373086,0.10767484643909676,0.26643061781437927,-0.1474145936461482,-0.5033989927924849,5636,,,,[],0,,False,True,
csd-20260805_174708,paired_hierarchical,1,0,0,5d0e9ff5482e9c83,nsrR->hcp,shared_complete_observation_shared_scores,maximum,prefix,complete,0,500,0.6,0.9,biological_error,2151398048,921666314,2151398048,nsrR,hcp,False,identifiable,alpA|basR|btsR|glaR|glrR|modE|ptrR|rcdA,500,-0.016781933340977825,0.11598117446682825,0.30896115367414556,-0.14469532161685103,-0.14211548463661555,5636,,,,[],0,,False,True,
csd-20260805_174708,paired_hierarchical,1,0,0,5d0e9ff5482e9c83,nsrR->hcr,shared_complete_observation_shared_scores,maximum,prefix,complete,0,500,0.6,0.9,biological_error,2151398048,921666314,2151398048,nsrR,hcr,False,identifiable,alpA|basR|btsR|glaR|glrR|modE|ptrR|rcdA,500,0.14724530095836993,0.11836765512688846,0.32180661132501687,1.2439656830282313,-0.14826764659289413,5636,,,,[],0,,False,True,
csd-20260805_174708,paired_hierarchical,1,0,0,5d0e9ff5482e9c83,nsrR->hmp,shared_complete_observation_shared_scores,maximum,prefix,complete,0,500,0.6,0.9,biological_error,2151398048,921666314,2151398048,nsrR,hmp,False,identifiable,alpA|basR|btsR|glaR|glrR|ptrR|rcdA,500,-0.0012382040215150694,0.08662896572945122,0.17245741354649016,-0.014293187170005857,-0.2694897709792185,5636,,,,[],0,,False,True,
csd-20260805_174708,paired_hierarchical,1,0,0,5d0e9ff5482e9c83,nsrR->hycA,shared_complete_observation_shared_scores,maximum,prefix,complete,0,500,0.6,0.9,biological_error,2151398048,921666314,2151398048,nsrR,hycA,False,identifiable,alpA|basR|btsR|glaR|glrR|modE|ptrR|rcdA,500,-0.0646832533735763,0.07408385754443801,0.12605963622458197,-0.8731086031093493,-0.3104078776865185,5636,,,,[],0,,False,True,
csd-20260805_174708,paired_hierarchical,1,0,0,5d0e9ff5482e9c83,nsrR->hycB,shared_complete_observation_shared_scores,maximum,prefix,complete,0,500,0.6,0.9,biological_error,2151398048,921666314,2151398048,nsrR,hycB,False,identifiable,alpA|basR|btsR|glaR|glrR|modE|ptrR|rcdA,500,0.03423263054532109,0.0773346243243668,0.1373652351425874,0.4426559363854694,-0.27645717097201983,5636,,,,[],0,,False,True,
csd-20260805_174708,paired_hierarchical,1,0,0,5d0e9ff5482e9c83,nsrR->hycC,shared_complete_observation_shared_scores,maximum,prefix,complete,0,500,0.6,0.9,biological_error,2151398048,921666314,2151398048,nsrR,hycC,False,identifiable,alpA|basR|btsR|glaR|glrR|modE|ptrR|rcdA,500,0.022948709528595148,0.12378743256240118,0.3519508225383375,0.18538804023604508,-0.2926387776655056,5636,,,,[],0,,False,True,
csd-20260805_174708,paired_hierarchical,1,0,0,5d0e9ff5482e9c83,nsrR->hycD,shared_complete_observation_shared_scores,maximum,prefix,complete,0,500,0.6,0.9,biological_error,2151398048,921666314,2151398048,nsrR,hycD,False,identifiable,alpA|basR|btsR|glaR|glrR|modE|ptrR|rcdA,500,0.036203347780473724,0.11692655948508301,0.31401848607508603,0.3096246732983911,-0.06735040194232163,5636,,,,[],0,,False,True,
csd-20260805_174708,paired_hierarchical,1,0,0,5d0e9ff5482e9c83,nsrR->hycE,shared_complete_observation_shared_scores,maximum,prefix,complete,0,500,0.6,0.9,biological_error,2151398048,921666314,2151398048,nsrR,hycE,False,identifiable,alpA|basR|btsR|glaR|glrR|modE|ptrR|rcdA,500,-0.27414139513374347,0.15838822935464336,0.5762018935947354,-1.730819242381452,-0.5249834679295031,5636,,,,[],0,,False,True,
csd-20260805_174708,paired_hierarchical,1,0,0,5d0e9ff5482e9c83,nsrR->hycF,shared_complete_observation_shared_scores,maximum,prefix,complete,0,500,0.6,0.9,biological_error,2151398048,921666314,2151398048,nsrR,hycF,False,identifiable,alpA|basR|btsR|glaR|glrR|modE|ptrR|rcdA,500,-0.006170211214771109,0.07493422361405112,0.12897017750696985,-0.08234169805442697,-0.1588310712042955,5636,,,,[],0,,False,True,
csd-20260805_174708,paired_hierarchical,1,0,0,5d0e9ff5482e9c83,nsrR->hycG,shared_complete_observation_shared_scores,maximum,prefix,complete,0,500,0.6,0.9,biological_error,2151398048,921666314,2151398048,nsrR,hycG,False,identifiable,alpA|basR|btsR|glaR|glrR|modE|ptrR|rcdA,500,0.007287873165814696,0.12281154155627395,0.3464234154049174,0.05934192400374105,-0.3505259406857987,5636,,,,[],0,,False,True,
csd-20260805_174708,paired_hierarchical,1,0,0,5d0e9ff5482e9c83,nsrR->hycH,shared_complete_observation_shared_scores,maximum,prefix,complete,0,500,0.6,0.9,biological_error,2151398048,921666314,2151398048,nsrR,hycH,False,identifiable,alpA|basR|btsR|glaR|glrR|modE|ptrR|rcdA,500,0.017431543900814653,0.08873243544793989,0.18083965807444016,0.19645064189680553,-0.25530363309167514,5636,,,,[],0,,False,True,
csd-20260805_174708,paired_hierarchical,1,0,0,5d0e9ff5482e9c83,nsrR->hycI,shared_complete_observation_shared_scores,maximum,prefix,complete,0,500,0.6,0.9,biological_error,2151398048,921666314,2151398048,nsrR,hycI,False,identifiable,alpA|basR|btsR|glaR|glrR|modE|ptrR|rcdA,500,0.033665196166301745,0.0921357425679926,0.19497779487696348,0.3653869305004856,-0.1760008748531751,5636,,,,[],0,,False,True,
csd-20260805_174708,paired_hierarchical,1,0,0,5d0e9ff5482e9c83,nsrR->hypA,shared_complete_observation_shared_scores,maximum,prefix,complete,0,500,0.6,0.9,biological_error,2151398048,921666314,2151398048,nsrR,hypA,False,identifiable,alpA|basR|btsR|glaR|glrR|ptrR|rcdA,500,0.02393294582671715,0.11238726402516075,0.2902617486739611,0.21295069360669863,-0.1676609375152875,5636,,,,[],0,,False,True,
csd-20260805_174708,paired_hierarchical,1,0,0,5d0e9ff5482e9c83,nsrR->hypB,shared_complete_observation_shared_scores,maximum,prefix,complete,0,500,0.6,0.9,biological_error,2151398048,921666314,2151398048,nsrR,hypB,False,identifiable,alpA|basR|btsR|glaR|glrR|ptrR|rcdA,500,0.05988609219459742,0.10058501331927773,0.23249957601177945,0.5953778820360298,-0.28950320817065905,5636,,,,[],0,,False,True,
csd-20260805_174708,paired_hierarchical,1,0,0,5d0e9ff5482e9c83,nsrR->hypC,shared_complete_observation_shared_scores,maximum,prefix,complete,0,500,0.6,0.9,biological_error,2151398048,921666314,2151398048,nsrR,hypC,False,identifiable,alpA|basR|btsR|glaR|glrR|ptrR|rcdA,500,-0.14016408359344257,0.09727889095637314,0.21746673351348758,-1.440847877843326,-0.231827707082638,5636,,,,[],0,,False,True,
csd-20260805_174708,paired_hierarchical,1,0,0,5d0e9ff5482e9c83,nsrR->hypD,shared_complete_observation_shared_scores,maximum,prefix,complete,0,500,0.6,0.9,biological_error,2151398048,921666314,2151398048,nsrR,hypD,False,identifiable,alpA|basR|btsR|glaR|glrR|ptrR|rcdA,500,-0.019587992762486704,0.09589747498597234,0.21133428269282015,-0.20425973431888578,-0.21065683376386035,5636,,,,[],0,,False,True,
csd-20260805_174708,paired_hierarchical,1,0,0,5d0e9ff5482e9c83,nsrR->hypE,shared_complete_observation_shared_scores,maximum,prefix,complete,0,500,0.6,0.9,biological_error,2151398048,921666314,2151398048,nsrR,hypE,False,identifiable,alpA|basR|btsR|glaR|glrR|ptrR|rcdA,500,0.02907335878998472,0.1002857567520966,0.23111818685081945,0.2899051643181314,-0.20154761381900899,5636,,,,[],0,,False,True,
csd-20260805_174708,paired_hierarchical,1,0,0,5d0e9ff5482e9c83,nsrR->ihfA,shared_complete_observation_shared_scores,maximum,prefix,complete,0,500,0.6,0.9,biological_error,2151398048,921666314,2151398048,nsrR,ihfA,False,identifiable,alpA|basR|btsR|glaR|glrR|ptrR|rcdA,500,-0.11134432302448104,0.10300411976528827,0.24381745852820932,-1.0809696085767957,-0.12078127087681483,5636,,,,[],0,,False,True,
csd-20260805_174708,paired_hierarchical,1,0,0,5d0e9ff5482e9c83,nsrR->infC,shared_complete_observation_shared_scores,maximum,prefix,complete,0,500,0.6,0.9,biological_error,2151398048,921666314,2151398048,nsrR,infC,False,identifiable,alpA|basR|btsR|glaR|glrR|ptrR|rcdA,500,0.06950629971524586,0.07889482765710028,0.14303840981174565,0.8809994492584523,-0.1912333849177849,5636,,,,[],0,,False,True,
csd-20260805_174708,paired_hierarchical,1,0,0,5d0e9ff5482e9c83,nsrR->lrp,shared_complete_observation_shared_scores,maximum,prefix,complete,0,500,0.6,0.9,biological_error,2151398048,921666314,2151398048,nsrR,lrp,False,identifiable,alpA|basR|btsR|glaR|glrR|ptrR|rcdA,500,-0.2151768075028518,0.0572001056063703,0.07518812780221688,-3.7618253536736104,-0.17389805549787937,5636,,,,[],0,,False,True,
csd-20260805_174708,paired_hierarchical,1,0,0,5d0e9ff5482e9c83,nsrR->mepH,shared_complete_observation_shared_scores,maximum,prefix,complete,0,500,0.6,0.9,biological_error,2151398048,921666314,2151398048,nsrR,mepH,False,identifiable,alpA|basR|btsR|glaR|glrR|ptrR|rcdA,500,-0.020014028790213145,0.09085232866952704,0.18968270590780642,-0.2202918635472036,-0.40406922385300575,5636,,,,[],0,,False,True,
csd-20260805_174708,paired_hierarchical,1,0,0,5d0e9ff5482e9c83,nsrR->mhpT,shared_complete_observation_shared_scores,maximum,prefix,complete,0,500,0.6,0.9,biological_error,2151398048,921666314,2151398048,nsrR,mhpT,False,identifiable,alpA|basR|btsR|glaR|glrR|ptrR|rcdA,500,0.031393475790780105,0.08786898429091636,0.1774299059124395,0.3572759608423683,-0.12601109604838423,5636,,,,[],0,,False,True,
csd-20260805_174708,paired_hierarchical,1,0,0,5d0e9ff5482e9c83,nsrR->moeA,shared_complete_observation_shared_scores,maximum,prefix,complete,0,500,0.6,0.9,biological_error,2151398048,921666314,2151398048,nsrR,moeA,False,identifiable,alpA|basR|btsR|glaR|glrR|modE|ptrR|rcdA,500,-0.018222381446943034,0.13650517411976465,0.4279835730443436,-0.13349223986891062,0.2329244747965547,5636,,,,[],0,,False,True,
csd-20260805_174708,paired_hierarchical,1,0,0,5d0e9ff5482e9c83,nsrR->moeB,shared_complete_observation_shared_scores,maximum,prefix,complete,0,500,0.6,0.9,biological_error,2151398048,921666314,2151398048,nsrR,moeB,False,identifiable,alpA|basR|btsR|glaR|glrR|modE|ptrR|rcdA,500,0.040295957861552045,0.09868480264619864,0.22368117090229928,0.40832992295703047,0.2232036631252826,5636,,,,[],0,,False,True,
csd-20260805_174708,paired_hierarchical,1,0,0,5d0e9ff5482e9c83,nsrR->ndh,shared_complete_observation_shared_scores,maximum,prefix,complete,0,500,0.6,0.9,biological_error,2151398048,921666314,2151398048,nsrR,ndh,False,identifiable,alpA|basR|btsR|glaR|glrR|ptrR|rcdA,500,0.014915351492633493,0.08624037502617597,0.17091370257158126,0.1729509117754455,-0.4860767213230743,5636,,,,[],0,,False,True,
csd-20260805_174708,paired_hierarchical,1,0,0,5d0e9ff5482e9c83,nsrR->norR,shared_complete_observation_shared_scores,maximum,prefix,complete,0,500,0.6,0.9,biological_error,2151398048,921666314,2151398048,nsrR,norR,False,identifiable,,500,-0.09614520881225028,0.07373512394808793,0.12514112037886732,-1.3039268623178801,-0.29907563130057296,5636,,,,[],0,,False,True,
csd-20260805_174708,paired_hierarchical,1,0,0,5d0e9ff5482e9c83,nsrR->nrfA,shared_complete_observation_shared_scores,maximum,prefix,complete,0,500,0.6,0.9,biological_error,2151398048,921666314,2151398048,nsrR,nrfA,False,identifiable,alpA|basR|btsR|glaR|glrR|modE|ptrR|rcdA,500,-0.27709388808080104,0.14603797958170706,0.48984705955020097,-1.8974097619980375,-0.2807004611364768,5636,,,,[],0,,False,True,
csd-20260805_174708,paired_hierarchical,1,0,0,5d0e9ff5482e9c83,nsrR->nrfB,shared_complete_observation_shared_scores,maximum,prefix,complete,0,500,0.6,0.9,biological_error,2151398048,921666314,2151398048,nsrR,nrfB,False,identifiable,alpA|basR|btsR|glaR|glrR|modE|ptrR|rcdA,500,-0.1611895651969089,0.12225260138058415,0.34327730490671937,-1.3184959941679297,-0.16137161540981815,5636,,,,[],0,,False,True,
csd-20260805_174708,paired_hierarchical,1,0,0,5d0e9ff5482e9c83,nsrR->nrfC,shared_complete_observation_shared_scores,maximum,prefix,complete,0,500,0.6,0.9,biological_error,2151398048,921666314,2151398048,nsrR,nrfC,False,identifiable,alpA|basR|btsR|glaR|glrR|modE|ptrR|rcdA,500,-0.1389839119121828,0.13489950776480522,0.417974323519408,-1.0302773836246952,-0.25556130470235544,5636,,,,[],0,,False,True,
csd-20260805_174708,paired_hierarchical,1,0,0,5d0e9ff5482e9c83,nsrR->nrfD,shared_complete_observation_shared_scores,maximum,prefix,complete,0,500,0.6,0.9,biological_error,2151398048,921666314,2151398048,nsrR,nrfD,False,identifiable,alpA|basR|btsR|glaR|glrR|modE|ptrR|rcdA,500,0.003203404697826739,0.10336590174808388,0.24540503503617425,0.030990922960589577,-0.23598025494568087,5636,,,,[],0,,False,True,
csd-20260805_174708,paired_hierarchical,1,0,0,5d0e9ff5482e9c83,nsrR->nrfE,shared_complete_observation_shared_scores,maximum,prefix,complete,0,500,0.6,0.9,biological_error,2151398048,921666314,2151398048,nsrR,nrfE,False,identifiable,alpA|basR|btsR|glaR|glrR|modE|ptrR|rcdA,500,-0.09302039327134974,0.14017826287210447,0.451325862905624,-0.6635864317723745,-0.1378469018212261,5636,,,,[],0,,False,True,
csd-20260805_174708,paired_hierarchical,1,0,0,5d0e9ff5482e9c83,nsrR->nrfF,shared_complete_observation_shared_scores,maximum,prefix,complete,0,500,0.6,0.9,biological_error,2151398048,921666314,2151398048,nsrR,nrfF,False,identifiable,alpA|basR|btsR|glaR|glrR|modE|ptrR|rcdA,500,-0.03682280308717384,0.11406572373324572,0.2988403210729007,-0.3228209306179278,-0.06965345382649912,5636,,,,[],0,,False,True,
csd-20260805_174708,paired_hierarchical,1,0,0,5d0e9ff5482e9c83,nsrR->nrfG,shared_complete_observation_shared_scores,maximum,prefix,complete,0,500,0.6,0.9,biological_error,2151398048,921666314,2151398048,nsrR,nrfG,False,identifiable,alpA|basR|btsR|glaR|glrR|modE|ptrR|rcdA,500,0.014417121188115861,0.12127317894679147,0.3377990294615691,0.11888136612994506,-0.33408937558646795,5636,,,,[],0,,False,True,
csd-20260805_174708,paired_hierarchical,1,0,0,5d0e9ff5482e9c83,nsrR->pgpC,shared_complete_observation_shared_scores,maximum,prefix,complete,0,500,0.6,0.9,biological_error,2151398048,921666314,2151398048,nsrR,pgpC,False,identifiable,alpA|basR|btsR|glaR|glrR|ptrR|rcdA,500,-0.04764655391573339,0.07812094958557353,0.14024604958285847,-0.6099075109621069,-0.26903461525781963,5636,,,,[],0,,False,True,
csd-20260805_174708,paired_hierarchical,1,0,0,5d0e9ff5482e9c83,nsrR->pheM,shared_complete_observation_shared_scores,maximum,prefix,complete,0,500,0.6,0.9,biological_error,2151398048,921666314,2151398048,nsrR,pheM,False,identifiable,alpA|basR|btsR|glaR|glrR|ptrR|rcdA,500,-0.014229978162151052,0.061562021803694494,0.08709262057851624,-0.23114864887847258,-0.37319448421823026,5636,,,,[],0,,False,True,
csd-20260805_174708,paired_hierarchical,1,0,0,5d0e9ff5482e9c83,nsrR->pheS,shared_complete_observation_shared_scores,maximum,prefix,complete,0,500,0.6,0.9,biological_error,2151398048,921666314,2151398048,nsrR,pheS,False,identifiable,alpA|basR|btsR|glaR|glrR|ptrR|rcdA,500,-0.007277960329444118,0.06468349429485373,0.09614850943506943,-0.11251649912832798,-0.21476979236630017,5636,,,,[],0,,False,True,
csd-20260805_174708,paired_hierarchical,1,0,0,5d0e9ff5482e9c83,nsrR->pheT,shared_complete_observation_shared_scores,maximum,prefix,complete,0,500,0.6,0.9,biological_error,2151398048,921666314,2151398048,nsrR,pheT,False,identifiable,alpA|basR|btsR|glaR|glrR|ptrR|rcdA,500,0.010794666190749692,0.07705806043679625,0.1364557236232953,0.14008484160594178,-0.22810036317072827,5636,,,,[],0,,False,True,
csd-20260805_174708,paired_hierarchical,1,0,0,5d0e9ff5482e9c83,nsrR->poxB,shared_complete_observation_shared_scores,maximum,prefix,complete,0,500,0.6,0.9,biological_error,2151398048,921666314,2151398048,nsrR,poxB,False,identifiable,alpA|basR|btsR|glaR|glrR|modE|ptrR|rcdA,500,0.012851602463552186,0.18651643822117,0.7990300276563644,0.06890332340741376,-0.20075438105938362,5636,,,,[],0,,False,True,
csd-20260805_174708,paired_hierarchical,1,0,0,5d0e9ff5482e9c83,nsrR->rfe,shared_complete_observation_shared_scores,maximum,prefix,complete,0,500,0.6,0.9,biological_error,2151398048,921666314,2151398048,nsrR,rfe,False,identifiable,alpA|basR|btsR|glaR|glrR|ptrR|rcdA,500,0.03847998815588178,0.10272170953672481,0.24248232453410287,0.3746042421745766,-0.30156207302790206,5636,,,,[],0,,False,True,
csd-20260805_174708,paired_hierarchical,1,0,0,5d0e9ff5482e9c83,nsrR->rffC,shared_complete_observation_shared_scores,maximum,prefix,complete,0,500,0.6,0.9,biological_error,2151398048,921666314,2151398048,nsrR,rffC,False,identifiable,alpA|basR|btsR|glaR|glrR|ptrR|rcdA,500,-0.06659639108473123,0.08825542703063534,0.1789939907886455,-0.7545869225879356,-0.6355983193516753,5636,,,,[],0,,False,True,
csd-20260805_174708,paired_hierarchical,1,0,0,5d0e9ff5482e9c83,nsrR->rffG,shared_complete_observation_shared_scores,maximum,prefix,complete,0,500,0.6,0.9,biological_error,2151398048,921666314,2151398048,nsrR,rffG,False,identifiable,alpA|basR|btsR|glaR|glrR|ptrR|rcdA,500,0.016372961699925165,0.07723267400785064,0.13707484165127098,0.2119952715642199,-0.2494456039062552,5636,,,,[],0,,False,True,
csd-20260805_174708,paired_hierarchical,1,0,0,5d0e9ff5482e9c83,nsrR->rffH,shared_complete_observation_shared_scores,maximum,prefix,complete,0,500,0.6,0.9,biological_error,2151398048,921666314,2151398048,nsrR,rffH,False,identifiable,alpA|basR|btsR|glaR|glrR|ptrR|rcdA,500,-0.1504636140268296,0.11774582477818904,0.3186006386548283,-1.2778679355321065,-0.1649043129521834,5636,,,,[],0,,False,True,
csd-20260805_174708,paired_hierarchical,1,0,0,5d0e9ff5482e9c83,nsrR->rffM,shared_complete_observation_shared_scores,maximum,prefix,complete,0,500,0.6,0.9,biological_error,2151398048,921666314,2151398048,nsrR,rffM,False,identifiable,alpA|basR|btsR|glaR|glrR|ptrR|rcdA,500,0.03097941033176054,0.0946522123633657,0.20588141697488035,0.3272972660462699,-0.19512787598687914,5636,,,,[],0,,False,True,
csd-20260805_174708,paired_hierarchical,1,0,0,5d0e9ff5482e9c83,nsrR->rplT,shared_complete_observation_shared_scores,maximum,prefix,complete,0,500,0.6,0.9,biological_error,2151398048,921666314,2151398048,nsrR,rplT,False,identifiable,alpA|basR|btsR|glaR|glrR|ptrR|rcdA,500,0.02392705223909978,0.07241743427285087,0.1205152143077673,0.3304045839148153,-0.17730115940083666,5636,,,,[],0,,False,True,
csd-20260805_174708,paired_hierarchical,1,0,0,5d0e9ff5482e9c83,nsrR->rpmI,shared_complete_observation_shared_scores,maximum,prefix,complete,0,500,0.6,0.9,biological_error,2151398048,921666314,2151398048,nsrR,rpmI,False,identifiable,alpA|basR|btsR|glaR|glrR|ptrR|rcdA,500,-0.03166965756440212,0.10499119215509178,0.25331525469679295,-0.3016410892603264,-0.11101331227421468,5636,,,,[],0,,False,True,
csd-20260805_174708,paired_hierarchical,1,0,0,5d0e9ff5482e9c83,nsrR->sodB,shared_complete_observation_shared_scores,maximum,prefix,complete,0,500,0.6,0.9,biological_error,2151398048,921666314,2151398048,nsrR,sodB,False,identifiable,alpA|basR|btsR|glaR|glrR|ptrR|rcdA,500,0.04449587329602586,0.07300445795283048,0.12247695238465978,0.6094952903393306,-0.11252179718042463,5636,,,,[],0,,False,True,
csd-20260805_174708,paired_hierarchical,1,0,0,5d0e9ff5482e9c83,nsrR->sufA,shared_complete_observation_shared_scores,maximum,prefix,complete,0,500,0.6,0.9,biological_error,2151398048,921666314,2151398048,nsrR,sufA,False,identifiable,alpA|basR|btsR|glaR|glrR|ptrR|rcdA,500,-0.04582783047639774,0.08924500710962555,0.18303050023677617,-0.5135058190998224,-0.15547519732225185,5636,,,,[],0,,False,True,
csd-20260805_174708,paired_hierarchical,1,0,0,5d0e9ff5482e9c83,nsrR->sufB,shared_complete_observation_shared_scores,maximum,prefix,complete,0,500,0.6,0.9,biological_error,2151398048,921666314,2151398048,nsrR,sufB,False,identifiable,alpA|basR|btsR|glaR|glrR|ptrR|rcdA,500,-0.07023502788089399,0.10467662564869865,0.2517996014160457,-0.6709714556199697,-0.2020705924038509,5636,,,,[],0,,False,True,
csd-20260805_174708,paired_hierarchical,1,0,0,5d0e9ff5482e9c83,nsrR->sufC,shared_complete_observation_shared_scores,maximum,prefix,complete,0,500,0.6,0.9,biological_error,2151398048,921666314,2151398048,nsrR,sufC,False,identifiable,alpA|basR|btsR|glaR|glrR|ptrR|rcdA,500,-0.06757420667827452,0.09974023661959787,0.2286106182184864,-0.6775019687991889,-0.12391262543826013,5636,,,,[],0,,False,True,
csd-20260805_174708,paired_hierarchical,1,0,0,5d0e9ff5482e9c83,nsrR->sufD,shared_complete_observation_shared_scores,maximum,prefix,complete,0,500,0.6,0.9,biological_error,2151398048,921666314,2151398048,nsrR,sufD,False,identifiable,alpA|basR|btsR|glaR|glrR|ptrR|rcdA,500,0.0046058234615541675,0.11172482218444957,0.28685006589475454,0.041224710601465875,-0.13336448876990573,5636,,,,[],0,,False,True,
csd-20260805_174708,paired_hierarchical,1,0,0,5d0e9ff5482e9c83,nsrR->sufE,shared_complete_observation_shared_scores,maximum,prefix,complete,0,500,0.6,0.9,biological_error,2151398048,921666314,2151398048,nsrR,sufE,False,identifiable,alpA|basR|btsR|glaR|glrR|ptrR|rcdA,500,0.018913254373421666,0.09300477054883957,0.19877696759582292,0.20335789510377592,-0.13226447473416172,5636,,,,[],0,,False,True,
csd-20260805_174708,paired_hierarchical,1,0,0,5d0e9ff5482e9c83,nsrR->sufS,shared_complete_observation_shared_scores,maximum,prefix,complete,0,500,0.6,0.9,biological_error,2151398048,921666314,2151398048,nsrR,sufS,False,identifiable,alpA|basR|btsR|glaR|glrR|ptrR|rcdA,500,-0.0027076149528946075,0.08387740401933073,0.1616760057043382,-0.03228062413889919,-0.305481471983476,5636,,,,[],0,,False,True,
csd-20260805_174708,paired_hierarchical,1,0,0,5d0e9ff5482e9c83,nsrR->tadA,shared_complete_observation_shared_scores,maximum,prefix,complete,0,500,0.6,0.9,biological_error,2151398048,921666314,2151398048,nsrR,tadA,False,identifiable,alpA|basR|btsR|glaR|glrR|ptrR|rcdA,500,0.08129499325499873,0.09501739138067007,0.2074731094466512,0.8555801424741811,-0.2656133758120749,5636,,,,[],0,,False,True,
csd-20260805_174708,paired_hierarchical,1,0,0,5d0e9ff5482e9c83,nsrR->tcyJ,shared_complete_observation_shared_scores,maximum,prefix,complete,0,500,0.6,0.9,biological_error,2151398048,921666314,2151398048,nsrR,tcyJ,False,identifiable,alpA|basR|btsR|glaR|glrR|ptrR|rcdA,500,0.062012244504206435,0.21137366553299164,1.0267326370324925,0.2933773436148669,-0.18632374271425461,5636,,,,[],0,,False,True,
csd-20260805_174708,paired_hierarchical,1,0,0,5d0e9ff5482e9c83,nsrR->tehA,shared_complete_observation_shared_scores,maximum,prefix,complete,0,500,0.6,0.9,biological_error,2151398048,921666314,2151398048,nsrR,tehA,False,identifiable,glaR,500,-0.06972626587682566,0.08441699545520381,0.16399977599400756,-0.8259742662107201,-0.22125052339595916,5636,,,,[],0,,False,True,
csd-20260805_174708,paired_hierarchical,1,0,0,5d0e9ff5482e9c83,nsrR->tehB,shared_complete_observation_shared_scores,maximum,prefix,complete,0,500,0.6,0.9,biological_error,2151398048,921666314,2151398048,nsrR,tehB,False,identifiable,,500,-0.14454120388328465,0.059670443585385126,0.08195392205031053,-2.4223249434446408,-0.11543281877738716,5636,,,,[],0,,False,True,
csd-20260805_174708,paired_hierarchical,1,0,0,5d0e9ff5482e9c83,nsrR->thrS,shared_complete_observation_shared_scores,maximum,prefix,complete,0,500,0.6,0.9,biological_error,2151398048,921666314,2151398048,nsrR,thrS,False,identifiable,alpA|basR|btsR|glaR|glrR|ptrR|rcdA,500,0.04994549473120355,0.06460203634284582,0.09590649625465097,0.7731257025109957,-0.21493703588906532,5636,,,,[],0,,False,True,
csd-20260805_174708,paired_hierarchical,1,0,0,5d0e9ff5482e9c83,nsrR->tsgA,shared_complete_observation_shared_scores,maximum,prefix,complete,0,500,0.6,0.9,biological_error,2151398048,921666314,2151398048,nsrR,tsgA,False,identifiable,alpA|basR|btsR|glaR|glrR|ptrR|rcdA,500,-0.05226596320547197,0.061315664882954334,0.08639696639133011,-0.8524079989223412,-0.35791517435348597,5636,,,,[],0,,False,True,
csd-20260805_174708,paired_hierarchical,1,0,0,5d0e9ff5482e9c83,nsrR->waaH,shared_complete_observation_shared_scores,maximum,prefix,complete,0,500,0.6,0.9,biological_error,2151398048,921666314,2151398048,nsrR,waaH,False,identifiable,alpA|basR|btsR|glaR|glrR|ptrR|rcdA,500,-0.00846048108008682,0.07185373755268606,0.11864633748986199,-0.11774587332890309,-0.17455243224204894,5636,,,,[],0,,False,True,
csd-20260805_174708,paired_hierarchical,1,0,0,5d0e9ff5482e9c83,nsrR->wecB,shared_complete_observation_shared_scores,maximum,prefix,complete,0,500,0.6,0.9,biological_error,2151398048,921666314,2151398048,nsrR,wecB,False,identifiable,alpA|basR|btsR|glaR|glrR|ptrR|rcdA,500,0.07252175787270221,0.09724712532194504,0.2173247326987472,0.7457470607240331,-0.26301126758786764,5636,,,,[],0,,False,True,
csd-20260805_174708,paired_hierarchical,1,0,0,5d0e9ff5482e9c83,nsrR->wecC,shared_complete_observation_shared_scores,maximum,prefix,complete,0,500,0.6,0.9,biological_error,2151398048,921666314,2151398048,nsrR,wecC,False,identifiable,alpA|basR|btsR|glaR|glrR|ptrR|rcdA,500,-0.028454317252446754,0.09406961978276543,0.20335478083762062,-0.3024814740205838,-0.3178586833876877,5636,,,,[],0,,False,True,
csd-20260805_174708,paired_hierarchical,1,0,0,5d0e9ff5482e9c83,nsrR->wecE,shared_complete_observation_shared_scores,maximum,prefix,complete,0,500,0.6,0.9,biological_error,2151398048,921666314,2151398048,nsrR,wecE,False,identifiable,alpA|basR|btsR|glaR|glrR|ptrR|rcdA,500,-0.17100570230556328,0.07481630974738619,0.1286317493875009,-2.2856741114732353,-0.09905981662155268,5636,,,,[],0,,False,True,
csd-20260805_174708,paired_hierarchical,1,0,0,5d0e9ff5482e9c83,nsrR->wecF,shared_complete_observation_shared_scores,maximum,prefix,complete,0,500,0.6,0.9,biological_error,2151398048,921666314,2151398048,nsrR,wecF,False,identifiable,alpA|basR|btsR|glaR|glrR|ptrR|rcdA,500,-0.001467037714412125,0.06544073559497489,0.09841288299112051,-0.02241780599001667,-0.33150207043618624,5636,,,,[],0,,False,True,
csd-20260805_174708,paired_hierarchical,1,0,0,5d0e9ff5482e9c83,nsrR->wzxE,shared_complete_observation_shared_scores,maximum,prefix,complete,0,500,0.6,0.9,biological_error,2151398048,921666314,2151398048,nsrR,wzxE,False,identifiable,alpA|basR|btsR|glaR|glrR|ptrR|rcdA,500,0.05174846980310832,0.08281140476768419,0.15759263364744477,0.6248954470496113,-0.4054259843956757,5636,,,,[],0,,False,True,
csd-20260805_174708,paired_hierarchical,1,0,0,5d0e9ff5482e9c83,nsrR->wzyE,shared_complete_observation_shared_scores,maximum,prefix,complete,0,500,0.6,0.9,biological_error,2151398048,921666314,2151398048,nsrR,wzyE,False,identifiable,alpA|basR|btsR|glaR|glrR|ptrR|rcdA,500,0.021577031041132472,0.06754770747128165,0.10485202866139766,0.3194339504461508,-0.3307743254251325,5636,,,,[],0,,False,True,
csd-20260805_174708,paired_hierarchical,1,0,0,5d0e9ff5482e9c83,nsrR->wzzE,shared_complete_observation_shared_scores,maximum,prefix,complete,0,500,0.6,0.9,biological_error,2151398048,921666314,2151398048,nsrR,wzzE,False,identifiable,alpA|basR|btsR|glaR|glrR|ptrR|rcdA,500,-0.10388570342620002,0.09668320874335917,0.2148115953878338,-1.0744958175928927,-0.35091597071030023,5636,,,,[],0,,False,True,
csd-20260805_174708,paired_hierarchical,1,0,0,5d0e9ff5482e9c83,nsrR->ydbD,shared_complete_observation_shared_scores,maximum,prefix,complete,0,500,0.6,0.9,biological_error,2151398048,921666314,2151398048,nsrR,ydbD,False,identifiable,alpA|basR|btsR|glaR|glrR|ptrR|rcdA,500,-0.13808955316657473,0.08578785602135067,0.1691247774755708,-1.6096631804413826,-0.6294776100263536,5636,,,,[],0,,False,True,
csd-20260805_174708,paired_hierarchical,1,0,0,5d0e9ff5482e9c83,nsrR->yeaE,shared_complete_observation_shared_scores,maximum,prefix,complete,0,500,0.6,0.9,biological_error,2151398048,921666314,2151398048,nsrR,yeaE,False,identifiable,alpA|basR|btsR|glaR|glrR|ptrR|rcdA,500,0.0059454536572931625,0.0923801929766858,0.19611614144158976,0.06435853255679634,-0.19772589076077626,5636,,,,[],0,,False,True,
csd-20260805_174708,paired_hierarchical,1,0,0,5d0e9ff5482e9c83,nsrR->yeaR,shared_complete_observation_shared_scores,maximum,prefix,complete,0,500,0.6,0.9,biological_error,2151398048,921666314,2151398048,nsrR,yeaR,False,identifiable,alpA|basR|btsR|glaR|glrR|modE|ptrR|rcdA,500,0.0587219329029079,0.12433993733303746,0.35509958267087766,0.4722692817966004,-0.28012671512456766,5636,,,,[],0,,False,True,
csd-20260805_174708,paired_hierarchical,1,0,0,5d0e9ff5482e9c83,nsrR->ygbA,shared_complete_observation_shared_scores,maximum,prefix,complete,0,500,0.6,0.9,biological_error,2151398048,921666314,2151398048,nsrR,ygbA,False,identifiable,alpA|basR|btsR|glaR|glrR|ptrR|rcdA,500,0.012521285996509063,0.0679204328554952,0.10601235927276668,0.1843522702976415,-0.1879558867213376,5636,,,,[],0,,False,True,
csd-20260805_174708,paired_hierarchical,1,0,0,5d0e9ff5482e9c83,nsrR->yoaG,shared_complete_observation_shared_scores,maximum,prefix,complete,0,500,0.6,0.9,biological_error,2151398048,921666314,2151398048,nsrR,yoaG,False,identifiable,alpA|basR|btsR|glaR|glrR|modE|ptrR|rcdA,500,0.05455920171814409,0.1526399041069281,0.535137077634497,0.35743734272739053,-0.6037160412109354,5636,,,,[],0,,False,True,
csd-20260805_174708,paired_hierarchical,1,0,0,5d0e9ff5482e9c83,nsrR->ytfE,shared_complete_observation_shared_scores,maximum,prefix,complete,0,500,0.6,0.9,biological_error,2151398048,921666314,2151398048,nsrR,ytfE,False,identifiable,alpA|basR|btsR|glaR|glrR|modE|ptrR|rcdA,500,-0.03465457977038617,0.09128663938335259,0.1914006076421143,-0.37962378727577434,-0.28929721736347364,5636,,,,[],0,,False,True,
csd-20260805_174708,paired_hierarchical,1,0,0,5d0e9ff5482e9c83,paaX->paaA,shared_complete_observation_shared_scores,maximum,prefix,complete,0,500,0.6,0.9,biological_error,2151398048,921666314,2151398048,paaX,paaA,False,identifiable,crp|fur|ihfA|ihfB|rpoD|slyA|srsR,500,0.22122677959990317,0.1058059514644196,0.5321165101639562,2.0908727395575406,-0.13167011912823912,5636,,,,[],0,,False,True,
csd-20260805_174708,paired_hierarchical,1,0,0,5d0e9ff5482e9c83,paaX->paaB,shared_complete_observation_shared_scores,maximum,prefix,complete,0,500,0.6,0.9,biological_error,2151398048,921666314,2151398048,paaX,paaB,False,identifiable,crp|fur|ihfA|ihfB|rpoD|slyA|srsR,500,-0.008133300204321334,0.06758078227619387,0.21708657633251485,-0.12034930538509593,-0.23851919603443494,5636,,,,[],0,,False,True,
csd-20260805_174708,paired_hierarchical,1,0,0,5d0e9ff5482e9c83,paaX->paaC,shared_complete_observation_shared_scores,maximum,prefix,complete,0,500,0.6,0.9,biological_error,2151398048,921666314,2151398048,paaX,paaC,False,identifiable,crp|fur|ihfA|ihfB|rpoD|slyA|srsR,500,-0.048376225997562576,0.05620103160659649,0.15013263776380611,-0.860771139152622,-0.17266831048644746,5636,,,,[],0,,False,True,
csd-20260805_174708,paired_hierarchical,1,0,0,5d0e9ff5482e9c83,paaX->paaD,shared_complete_observation_shared_scores,maximum,prefix,complete,0,500,0.6,0.9,biological_error,2151398048,921666314,2151398048,paaX,paaD,False,identifiable,crp|fur|ihfA|ihfB|rpoD|slyA|srsR,500,-0.019973408595150597,0.08227768452851987,0.32177378762059944,-0.2427560851961898,-0.17883411459466916,5636,,,,[],0,,False,True,
csd-20260805_174708,paired_hierarchical,1,0,0,5d0e9ff5482e9c83,paaX->paaE,shared_complete_observation_shared_scores,maximum,prefix,complete,0,500,0.6,0.9,biological_error,2151398048,921666314,2151398048,paaX,paaE,False,identifiable,crp|fur|ihfA|ihfB|rpoD|slyA|srsR,500,0.06598986703688205,0.08127262366041374,0.31396056369688924,0.811956893536641,-0.1645275728773722,5636,,,,[],0,,False,True,
csd-20260805_174708,paired_hierarchical,1,0,0,5d0e9ff5482e9c83,paaX->paaF,shared_complete_observation_shared_scores,maximum,prefix,complete,0,500,0.6,0.9,biological_error,2151398048,921666314,2151398048,paaX,paaF,False,identifiable,crp|fur|ihfA|ihfB|rpoD|slyA|srsR,500,-0.12090172197087158,0.08732536629581424,0.3624660810198015,-1.3844971638746708,-0.282537660898848,5636,,,,[],0,,False,True,
csd-20260805_174708,paired_hierarchical,1,0,0,5d0e9ff5482e9c83,paaX->paaG,shared_complete_observation_shared_scores,maximum,prefix,complete,0,500,0.6,0.9,biological_error,2151398048,921666314,2151398048,paaX,paaG,False,identifiable,crp|fur|ihfA|ihfB|rpoD|slyA|srsR,500,0.00879660275364837,0.12517931167332894,0.7448205636929993,0.07027201728512619,-0.21395647798739809,5636,,,,[],0,,False,True,
csd-20260805_174708,paired_hierarchical,1,0,0,5d0e9ff5482e9c83,paaX->paaH,shared_complete_observation_shared_scores,maximum,prefix,complete,0,500,0.6,0.9,biological_error,2151398048,921666314,2151398048,paaX,paaH,False,identifiable,crp|fur|ihfA|ihfB|rpoD|slyA|srsR,500,-0.012830136140113036,0.07008453463540536,0.23346991657578287,-0.18306658104898793,-0.14531584804213138,5636,,,,[],0,,False,True,
csd-20260805_174708,paired_hierarchical,1,0,0,5d0e9ff5482e9c83,paaX->paaI,shared_complete_observation_shared_scores,maximum,prefix,complete,0,500,0.6,0.9,biological_error,2151398048,921666314,2151398048,paaX,paaI,False,identifiable,crp|fur|ihfA|ihfB|rpoD|slyA|srsR,500,0.03742067415034799,0.06545011457282895,0.20361387190460162,0.571743447579584,-0.25301915116711365,5636,,,,[],0,,False,True,
csd-20260805_174708,paired_hierarchical,1,0,0,5d0e9ff5482e9c83,paaX->paaJ,shared_complete_observation_shared_scores,maximum,prefix,complete,0,500,0.6,0.9,biological_error,2151398048,921666314,2151398048,paaX,paaJ,False,identifiable,crp|fur|ihfA|ihfB|rpoD|slyA|srsR,500,-0.08830725211240043,0.07869294980840046,0.29434603536745446,-1.1221748876793745,-0.26148086564863593,5636,,,,[],0,,False,True,
csd-20260805_174708,paired_hierarchical,1,0,0,5d0e9ff5482e9c83,paaX->paaK,shared_complete_observation_shared_scores,maximum,prefix,complete,0,500,0.6,0.9,biological_error,2151398048,921666314,2151398048,paaX,paaK,False,identifiable,crp|fur|ihfA|ihfB|rpoD|slyA|spf|srsR,500,-0.033078031646734694,0.14246510084009184,0.9624077401432801,-0.2321834010693097,-0.08969227320061411,5636,,,,[],0,,False,True,
csd-20260805_174708,paired_hierarchical,1,0,0,5d0e9ff5482e9c83,paaX->paaY,shared_complete_observation_shared_scores,maximum,prefix,complete,0,500,0.6,0.9,biological_error,2151398048,921666314,2151398048,paaX,paaY,False,identifiable,rpoD,500,0.09547861743708727,0.07830130107725047,0.29549506431809497,1.21937459689067,-0.2057862912190161,5636,,,,[],0,,False,True,
csd-20260805_174708,paired_hierarchical,1,0,0,5d0e9ff5482e9c83,paaX->paaZ,shared_complete_observation_shared_scores,maximum,prefix,complete,0,500,0.6,0.9,biological_error,2151398048,921666314,2151398048,paaX,paaZ,False,identifiable,crp|ihfA|ihfB|rpoD|srsR,500,0.07771119405698909,0.051870220964666744,0.12826112976332749,1.4981851361289718,-0.11822669009346068,5636,,,,[],0,,False,True,
csd-20260805_174708,paired_hierarchical,1,0,0,5d0e9ff5482e9c83,pepA->carA,shared_complete_observation_shared_scores,maximum,prefix,complete,0,500,0.6,0.9,biological_error,2151398048,921666314,2151398048,pepA,carA,False,identifiable,arcA|argR|cpxR|fis|ihfA|ihfB|purR|rpoD|rutR,500,0.017601919040116473,0.11428088615050527,0.6318913390708005,0.1540232984974859,-0.4966344971563481,5636,,,,[],0,,False,True,
csd-20260805_174708,paired_hierarchical,1,0,0,5d0e9ff5482e9c83,pepA->carB,shared_complete_observation_shared_scores,maximum,prefix,complete,0,500,0.6,0.9,biological_error,2151398048,921666314,2151398048,pepA,carB,False,identifiable,argR|cpxR|fis|ihfA|ihfB|purR|rpoD|rutR,500,-0.06228017252014835,0.07418900079605,0.2664372170502942,-0.8394798669867556,-0.31543183017291804,5636,,,,[],0,,False,True,
csd-20260805_174708,paired_hierarchical,1,0,0,5d0e9ff5482e9c83,pgrR->mpaA,shared_complete_observation_shared_scores,maximum,prefix,complete,0,500,0.6,0.9,biological_error,2151398048,921666314,2151398048,pgrR,mpaA,False,identifiable,rpoH,500,-0.08455990419455607,0.07835665696665538,0.316697532461103,-1.0791668183411716,-0.33511103992281344,5636,,,,[],0,,False,True,
csd-20260805_174708,paired_hierarchical,1,0,0,5d0e9ff5482e9c83,pgrR->mppA,shared_complete_observation_shared_scores,maximum,prefix,complete,0,500,0.6,0.9,biological_error,2151398048,921666314,2151398048,pgrR,mppA,False,identifiable,,500,0.013307927574522604,0.048497702638564795,0.12139311144288153,0.27440325727801174,-0.16911180650672886,5636,,,,[],0,,False,True,
csd-20260805_174708,paired_hierarchical,1,0,0,5d0e9ff5482e9c83,pgrR->tyrR,shared_complete_observation_shared_scores,maximum,prefix,complete,0,500,0.6,0.9,biological_error,2151398048,921666314,2151398048,pgrR,tyrR,False,identifiable,lrp|rpoD|rpoH,500,0.07419682427029844,0.10551997723564675,0.5716142811080547,0.7031542861746684,-0.22587441482110404,5636,,,,[],0,,False,True,
csd-20260805_174708,paired_hierarchical,1,0,0,5d0e9ff5482e9c83,pgrR->ycjF,shared_complete_observation_shared_scores,maximum,prefix,complete,0,500,0.6,0.9,biological_error,2151398048,921666314,2151398048,pgrR,ycjF,False,identifiable,rpoH,500,-0.03661342940418169,0.043662993903766406,0.09833766785809357,-0.83854601186712,-0.21133917573786756,5636,,,,[],0,,False,True,
csd-20260805_174708,paired_hierarchical,1,0,0,5d0e9ff5482e9c83,pgrR->ycjG,shared_complete_observation_shared_scores,maximum,prefix,complete,0,500,0.6,0.9,biological_error,2151398048,921666314,2151398048,pgrR,ycjG,False,identifiable,,500,0.04924543251144081,0.0440404981690377,0.1001050890153109,1.1181851831563159,-0.14393879394760833,5636,,,,[],0,,False,True,
csd-20260805_174708,paired_hierarchical,1,0,0,5d0e9ff5482e9c83,pgrR->ycjX,shared_complete_observation_shared_scores,maximum,prefix,complete,0,500,0.6,0.9,biological_error,2151398048,921666314,2151398048,pgrR,ycjX,False,identifiable,rpoH,500,-0.11264478001596502,0.08097454940944838,0.33821273930779266,-1.3911133910282834,-0.6873700967350873,5636,,,,[],0,,False,True,
csd-20260805_174708,paired_hierarchical,1,0,0,5d0e9ff5482e9c83,pgrR->ycjY,shared_complete_observation_shared_scores,maximum,prefix,complete,0,500,0.6,0.9,biological_error,2151398048,921666314,2151398048,pgrR,ycjY,False,identifiable,rpoH,500,0.07620154445988445,0.05820855310319,0.17476984059984293,1.3091124997523496,-0.18288800649090972,5636,,,,[],0,,False,True,
csd-20260805_174708,paired_hierarchical,1,0,0,5d0e9ff5482e9c83,pgrR->ymjC,shared_complete_observation_shared_scores,maximum,prefix,complete,0,500,0.6,0.9,biological_error,2151398048,921666314,2151398048,pgrR,ymjC,False,identifiable,rpoH,500,-0.09674063778133778,0.060138487210949984,0.1865511283840005,-1.6086310492313696,-0.37167697545205813,5636,,,,[],0,,False,True,
csd-20260805_174708,paired_hierarchical,1,0,0,5d0e9ff5482e9c83,pgrR->ymjD,shared_complete_observation_shared_scores,maximum,prefix,complete,0,500,0.6,0.9,biological_error,2151398048,921666314,2151398048,pgrR,ymjD,False,identifiable,rpoH,500,-0.08959766380877238,0.06871089059382762,0.243525272090011,-1.3039805340089863,-0.18472891861370422,5636,,,,[],0,,False,True,
csd-20260805_174708,paired_hierarchical,1,0,0,5d0e9ff5482e9c83,rspR->rspA,shared_complete_observation_shared_scores,maximum,prefix,complete,0,500,0.6,0.9,biological_error,2151398048,921666314,2151398048,rspR,rspA,False,identifiable,crp|phoB,500,-0.05295486647765696,0.04506766319650413,0.10147110776775442,-1.1750080372874676,-0.1639745052906146,5636,,,,[],0,,False,True,
csd-20260805_174708,paired_hierarchical,1,0,0,5d0e9ff5482e9c83,rspR->rspB,shared_complete_observation_shared_scores,maximum,prefix,complete,0,500,0.6,0.9,biological_error,2151398048,921666314,2151398048,rspR,rspB,False,identifiable,crp|phoB,500,-0.09168360804479761,0.05820651447366254,0.1692604568529691,-1.5751434160566835,-0.11235140706288949,5636,,,,[],0,,False,True,
csd-20260805_174708,paired_hierarchical,1,0,0,5d0e9ff5482e9c83,treR->treB,shared_complete_observation_shared_scores,maximum,prefix,complete,0,500,0.6,0.9,biological_error,2151398048,921666314,2151398048,treR,treB,False,identifiable,arcA|crp|phoP|rpoD,500,0.005452009108593653,0.07605064085560251,0.39766533083236816,0.07168919350653984,-0.2817424575923539,5636,,,,[],0,,False,True,
csd-20260805_174708,paired_hierarchical,1,0,0,5d0e9ff5482e9c83,treR->treC,shared_complete_observation_shared_scores,maximum,prefix,complete,0,500,0.6,0.9,biological_error,2151398048,921666314,2151398048,treR,treC,False,identifiable,arcA|crp|phoP|rpoD,500,-0.02664168418415767,0.040425455040976034,0.11236260731974744,-0.6590323883096216,-0.11839765651391672,5636,,,,[],0,,False,True,
csd-20260805_174708,paired_hierarchical,1,0,0,5d0e9ff5482e9c83,pspF->pspA,shared_complete_observation_shared_scores,maximum,prefix,complete,0,500,0.6,0.9,biological_error,2151398048,921666314,2151398048,pspF,pspA,False,identifiable,ihfA|ihfB|rpoD|rpoN,500,0.044894509877827206,0.04987154847961568,0.28742235105588076,0.9002028460411096,0.13383584660124784,5636,,,,[],0,,False,True,
csd-20260805_174708,paired_hierarchical,1,0,0,5d0e9ff5482e9c83,pspF->pspB,shared_complete_observation_shared_scores,maximum,prefix,complete,0,500,0.6,0.9,biological_error,2151398048,921666314,2151398048,pspF,pspB,False,identifiable,ihfA|ihfB|rpoD|rpoN,500,0.07858146608394082,0.04264192943778221,0.21013022515362156,1.8428215402072061,0.3276251096415506,5636,,,,[],0,,False,True,
csd-20260805_174708,paired_hierarchical,1,0,0,5d0e9ff5482e9c83,pspF->pspC,shared_complete_observation_shared_scores,maximum,prefix,complete,0,500,0.6,0.9,biological_error,2151398048,921666314,2151398048,pspF,pspC,False,identifiable,ihfA|ihfB|rpoD|rpoN,500,0.102756753344811,0.0642388908257812,0.476881965486341,1.5996034804444554,0.33848908853355714,5636,,,,[],0,,False,True,
csd-20260805_174708,paired_hierarchical,1,0,0,5d0e9ff5482e9c83,pspF->pspD,shared_complete_observation_shared_scores,maximum,prefix,complete,0,500,0.6,0.9,biological_error,2151398048,921666314,2151398048,pspF,pspD,False,identifiable,ihfA|ihfB|rpoD|rpoN,500,0.044421604671278536,0.02978644146655601,0.10253026393878915,1.4913364095927597,0.28562315055762005,5636,,,,[],0,,False,True,
csd-20260805_174708,paired_hierarchical,1,0,0,5d0e9ff5482e9c83,pspF->pspE,shared_complete_observation_shared_scores,maximum,prefix,complete,0,500,0.6,0.9,biological_error,2151398048,921666314,2151398048,pspF,pspE,False,identifiable,ihfA|ihfB|rpoD|rpoN,500,0.02534172450269273,0.0408535781007344,0.19287459657219588,0.6203061195816574,0.18054393598125568,5636,,,,[],0,,False,True,
csd-20260805_174708,paired_hierarchical,1,0,0,5d0e9ff5482e9c83,pspF->pspG,shared_complete_observation_shared_scores,maximum,prefix,complete,0,500,0.6,0.9,biological_error,2151398048,921666314,2151398048,pspF,pspG,False,identifiable,ihfA|ihfB|lrp|rpoD|rpoN,500,0.051968717842743664,0.036934487294597716,0.1575466122628212,1.4070512859222755,0.29717527471985594,5636,,,,[],0,,False,True,
csd-20260805_174708,paired_hierarchical,1,0,0,5d0e9ff5482e9c83,ptrR->acrA,shared_complete_observation_shared_scores,maximum,prefix,complete,0,500,0.6,0.9,biological_error,2151398048,921666314,2151398048,ptrR,acrA,False,identifiable,alpA|basR|btsR|envR|glaR|glrR|nsrR|rcdA,500,-0.03387548510986545,0.090536545837293,0.5328887292921898,-0.3741636573008263,0.2401767966569667,5636,,,,[],0,,False,True,
csd-20260805_174708,paired_hierarchical,1,0,0,5d0e9ff5482e9c83,ptrR->acrB,shared_complete_observation_shared_scores,maximum,prefix,complete,0,500,0.6,0.9,biological_error,2151398048,921666314,2151398048,ptrR,acrB,False,identifiable,alpA|basR|btsR|envR|glaR|glrR|nsrR|rcdA,500,-0.03788421721289327,0.06654180920190957,0.2878577337175688,-0.5693295338264728,0.33090187411210903,5636,,,,[],0,,False,True,
csd-20260805_174708,paired_hierarchical,1,0,0,5d0e9ff5482e9c83,ptrR->acrR,shared_complete_observation_shared_scores,maximum,prefix,complete,0,500,0.6,0.9,biological_error,2151398048,921666314,2151398048,ptrR,acrR,False,identifiable,alpA|basR|btsR|glaR|glrR|nsrR|rcdA,500,-0.036439350362081215,0.03502935945011351,0.08009602579613802,-1.0402516898425083,-0.17689269140278374,5636,,,,[],0,,False,True,
csd-20260805_174708,paired_hierarchical,1,0,0,5d0e9ff5482e9c83,ptrR->gabD,shared_complete_observation_shared_scores,maximum,prefix,complete,0,500,0.6,0.9,biological_error,2151398048,921666314,2151398048,ptrR,gabD,False,identifiable,alpA|basR|btsR|glaR|glrR|nsrR|rcdA,500,0.03708114571404443,0.0649470353513577,0.27533742037013664,0.5709443935883867,0.30491139682126833,5636,,,,[],0,,False,True,
csd-20260805_174708,paired_hierarchical,1,0,0,5d0e9ff5482e9c83,ptrR->gadA,shared_complete_observation_shared_scores,maximum,prefix,complete,0,500,0.6,0.9,biological_error,2151398048,921666314,2151398048,ptrR,gadA,False,identifiable,alpA|basR|btsR|glaR|glrR|nsrR|rcdA,500,-0.24251555851735054,0.1237482159277095,0.9995959066175804,-1.9597499382053463,-0.17554024055249612,5636,,,,[],0,,False,True,
csd-20260805_174708,paired_hierarchical,1,0,0,5d0e9ff5482e9c83,ptrR->gadB,shared_complete_observation_shared_scores,maximum,prefix,complete,0,500,0.6,0.9,biological_error,2151398048,921666314,2151398048,ptrR,gadB,False,identifiable,alpA|basR|btsR|glaR|glrR|nsrR|rcdA,500,-0.08062738429300653,0.09098816723868242,0.5404013315925236,-0.8861304358565963,-0.20858970528404272,5636,,,,[],0,,False,True,
csd-20260805_174708,paired_hierarchical,1,0,0,5d0e9ff5482e9c83,ptrR->glsB,shared_complete_observation_shared_scores,maximum,prefix,complete,0,500,0.6,0.9,biological_error,2151398048,921666314,2151398048,ptrR,glsB,False,identifiable,,500,0.01058616422399461,0.03342345022462237,0.07383629689023327,0.31672864868379147,0.16230343731922914,5636,,,,[],0,,False,True,
csd-20260805_174708,paired_hierarchical,1,0,0,5d0e9ff5482e9c83,ptrR->puuA,shared_complete_observation_shared_scores,maximum,prefix,complete,0,500,0.6,0.9,biological_error,2151398048,921666314,2151398048,ptrR,puuA,False,identifiable,alpA|basR|btsR|glaR|glrR|nsrR|rcdA,500,0.014993709726647125,0.05211889514479998,0.17731153003876443,0.2876828007384013,-0.35567505126919857,5636,,,,[],0,,False,True,
csd-20260805_174708,paired_hierarchical,1,0,0,5d0e9ff5482e9c83,ptrR->puuB,shared_complete_observation_shared_scores,maximum,prefix,complete,0,500,0.6,0.9,biological_error,2151398048,921666314,2151398048,ptrR,puuB,False,identifiable,alpA|basR|btsR|fimZ|glaR|glrR|nsrR|rcdA,500,-0.010288176937031013,0.055435651278792235,0.2003816087667753,-0.18558773460224348,-0.29385850360576043,5636,,,,[],0,,False,True,
csd-20260805_174708,paired_hierarchical,1,0,0,5d0e9ff5482e9c83,ptrR->puuC,shared_complete_observation_shared_scores,maximum,prefix,complete,0,500,0.6,0.9,biological_error,2151398048,921666314,2151398048,ptrR,puuC,False,identifiable,alpA|basR|btsR|fimZ|glaR|glrR|nsrR|rcdA,500,0.00901689665446262,0.03798632986876121,0.09408799660447613,0.23737214639095308,-0.2522088471975313,5636,,,,[],0,,False,True,
csd-20260805_174708,paired_hierarchical,1,0,0,5d0e9ff5482e9c83,ptrR->puuE,shared_complete_observation_shared_scores,maximum,prefix,complete,0,500,0.6,0.9,biological_error,2151398048,921666314,2151398048,ptrR,puuE,False,identifiable,alpA|basR|btsR|glaR|glrR|nsrR|rcdA,500,0.026853710504973368,0.07221102941851554,0.34037186048471585,0.3718782396707925,-0.1531643553274034,5636,,,,[],0,,False,True,
csd-20260805_174708,paired_hierarchical,1,0,0,5d0e9ff5482e9c83,ptrR->sad,shared_complete_observation_shared_scores,maximum,prefix,complete,0,500,0.6,0.9,biological_error,2151398048,921666314,2151398048,ptrR,sad,False,identifiable,alpA|basR|btsR|glaR|glrR|nsrR|rcdA,500,0.02734751736488413,0.06589475545049836,0.28343160575256127,0.4150181175712566,0.13991407630792835,5636,,,,[],0,,False,True,
csd-20260805_174708,paired_hierarchical,1,0,0,5d0e9ff5482e9c83,ptrR->yneG,shared_complete_observation_shared_scores,maximum,prefix,complete,0,500,0.6,0.9,biological_error,2151398048,921666314,2151398048,ptrR,yneG,False,identifiable,,500,0.14473874130228673,0.03626068560549092,0.08690392103965558,3.9916162335432808,0.24184887212164607,5636,,,,[],0,,False,True,
csd-20260805_174708,paired_hierarchical,1,0,0,5d0e9ff5482e9c83,punR->punC,shared_complete_observation_shared_scores,maximum,prefix,complete,0,500,0.6,0.9,biological_error,2151398048,921666314,2151398048,punR,punC,False,identifiable,,500,-0.009594185369221169,0.05086233842047613,0.18997753952769933,-0.18863044183903954,0.17294323416244078,5636,,,,[],0,,False,True,
csd-20260805_174708,paired_hierarchical,1,0,0,5d0e9ff5482e9c83,pyrR->yhjX,shared_complete_observation_shared_scores,maximum,prefix,complete,0,500,0.6,0.9,biological_error,2151398048,921666314,2151398048,pyrR,yhjX,False,identifiable,rpoD,500,0.013241835477799361,0.05402681979721385,0.16136350241080397,0.24509744470434738,0.3505746266064823,5636,,,,[],0,,False,True,
csd-20260805_174708,paired_hierarchical,1,0,0,5d0e9ff5482e9c83,racR->ydaS,shared_complete_observation_shared_scores,maximum,prefix,complete,0,500,0.6,0.9,biological_error,2151398048,921666314,2151398048,racR,ydaS,False,identifiable,,500,0.0035948560602299673,0.027454432209658354,0.15070238259034902,0.13093900586897994,-0.5018023508816595,5636,,,,[],0,,False,True,
csd-20260805_174708,paired_hierarchical,1,0,0,5d0e9ff5482e9c83,racR->ydaT,shared_complete_observation_shared_scores,maximum,prefix,complete,0,500,0.6,0.9,biological_error,2151398048,921666314,2151398048,racR,ydaT,False,identifiable,nac,500,-0.0115070499609133,0.025462784114362896,0.12959059553979688,-0.45191640903173946,-0.20607144136163158,5636,,,,[],0,,False,True,
csd-20260805_174708,paired_hierarchical,1,0,0,5d0e9ff5482e9c83,racR->ydaU,shared_complete_observation_shared_scores,maximum,prefix,complete,0,500,0.6,0.9,biological_error,2151398048,921666314,2151398048,racR,ydaU,False,identifiable,nac,500,-0.037027310948244054,0.030162245422488406,0.18183984336584286,-1.2276045907589221,-0.7847833250143909,5636,,,,[],0,,False,True,
csd-20260805_174708,paired_hierarchical,1,0,0,5d0e9ff5482e9c83,racR->ydaV,shared_complete_observation_shared_scores,maximum,prefix,complete,0,500,0.6,0.9,biological_error,2151398048,921666314,2151398048,racR,ydaV,False,identifiable,,500,-0.028877198677851303,0.02906477809653079,0.16889982858781283,-0.9935461603024632,-0.31691656565620824,5636,,,,[],0,,False,True,
csd-20260805_174708,paired_hierarchical,1,0,0,5d0e9ff5482e9c83,racR->ydaW,shared_complete_observation_shared_scores,maximum,prefix,complete,0,500,0.6,0.9,biological_error,2151398048,921666314,2151398048,racR,ydaW,False,identifiable,,500,-0.008170871957387263,0.031248183141642884,0.19522917915892554,-0.2614831051248657,-0.25394501671749037,5636,,,,[],0,,False,True,
csd-20260805_174708,paired_hierarchical,1,0,0,5d0e9ff5482e9c83,ralA->ralR,shared_complete_observation_shared_scores,maximum,prefix,complete,0,500,0.6,0.9,biological_error,2151398048,921666314,2151398048,ralA,ralR,False,identifiable,,500,-0.01511781396453864,0.04680802490343517,0.09060329971997948,-0.3229748316816753,-0.1690687650772383,5636,,,,[],0,,False,True,
csd-20260805_174708,paired_hierarchical,1,0,0,5d0e9ff5482e9c83,rcdA->asr,shared_complete_observation_shared_scores,maximum,prefix,complete,0,500,0.6,0.9,biological_error,2151398048,921666314,2151398048,rcdA,asr,False,identifiable,alpA|basR|btsR|glaR|glrR|nsrR|ptrR,500,0.019940329483043046,0.03463261697216139,0.3670649222922416,0.5757673322542044,0.10613246227575533,5636,,,,[],0,,False,True,
csd-20260805_174708,paired_hierarchical,1,0,0,5d0e9ff5482e9c83,rcdA->bluF,shared_complete_observation_shared_scores,maximum,prefix,complete,0,500,0.6,0.9,biological_error,2151398048,921666314,2151398048,rcdA,bluF,False,identifiable,alpA|basR|btsR|glaR|glrR|nsrR|ptrR,500,0.0675239945763434,0.02695613281306286,0.22237575707015686,2.5049585207423175,0.2045659156882856,5636,,,,[],0,,False,True,
csd-20260805_174708,paired_hierarchical,1,0,0,5d0e9ff5482e9c83,rcdA->csgD,shared_complete_observation_shared_scores,maximum,prefix,complete,0,500,0.6,0.9,biological_error,2151398048,921666314,2151398048,rcdA,csgD,False,identifiable,alpA|basR|btsR|glaR|glrR|nsrR|ptrR,500,-0.039441541491646304,0.11420770773258065,3.99174779846063,-0.3453492086891312,0.8017481036318214,5636,,,,[],0,,False,True,
csd-20260805_174708,paired_hierarchical,1,0,0,5d0e9ff5482e9c83,rcdA->csgE,shared_complete_observation_shared_scores,maximum,prefix,complete,0,500,0.6,0.9,biological_error,2151398048,921666314,2151398048,rcdA,csgE,False,identifiable,alpA|basR|btsR|glaR|glrR|nsrR|ptrR,500,-0.013903805062380216,0.040445895141897115,0.5006349532881628,-0.3437630694932385,0.2282104983727061,5636,,,,[],0,,False,True,
csd-20260805_174708,paired_hierarchical,1,0,0,5d0e9ff5482e9c83,rcdA->csgF,shared_complete_observation_shared_scores,maximum,prefix,complete,0,500,0.6,0.9,biological_error,2151398048,921666314,2151398048,rcdA,csgF,False,identifiable,alpA|basR|btsR|glaR|glrR|nsrR|ptrR,500,0.002655530979909681,0.04559269246995864,0.6361547070905197,0.05824466238003886,0.14636162986695922,5636,,,,[],0,,False,True,
csd-20260805_174708,paired_hierarchical,1,0,0,5d0e9ff5482e9c83,rcdA->csgG,shared_complete_observation_shared_scores,maximum,prefix,complete,0,500,0.6,0.9,biological_error,2151398048,921666314,2151398048,rcdA,csgG,False,identifiable,alpA|basR|btsR|glaR|glrR|nsrR|ptrR,500,-0.06944041275429783,0.05364192068945189,0.8806045074024828,-1.2945176433242918,0.17309039153409836,5636,,,,[],0,,False,True,
csd-20260805_174708,paired_hierarchical,1,0,0,5d0e9ff5482e9c83,rcdA->rmf,shared_complete_observation_shared_scores,maximum,prefix,complete,0,500,0.6,0.9,biological_error,2151398048,921666314,2151398048,rcdA,rmf,False,identifiable,alpA|basR|btsR|cueR|glaR|glrR|kdpE|nsrR|ptrR,500,-0.02142516065626728,0.029313163528377147,0.2628587589022523,-0.7309057801122781,0.1487937993400027,5636,,,,[],0,,False,True,
csd-20260805_174708,paired_hierarchical,1,0,0,5d0e9ff5482e9c83,rcdA->rsd,shared_complete_observation_shared_scores,maximum,prefix,complete,0,500,0.6,0.9,biological_error,2151398048,921666314,2151398048,rcdA,rsd,False,identifiable,alpA|basR|btsR|cueR|glaR|glrR|kdpE|nsrR|ptrR,500,0.006356430927596123,0.0368756635901474,0.4159841278085429,0.17237468586990964,0.29907733393276065,5636,,,,[],0,,False,True,
csd-20260805_174708,paired_hierarchical,1,0,0,5d0e9ff5482e9c83,rcdA->sulA,shared_complete_observation_shared_scores,maximum,prefix,complete,0,500,0.6,0.9,biological_error,2151398048,921666314,2151398048,rcdA,sulA,False,identifiable,alpA|basR|btsR|glaR|glrR|nsrR|ptrR,500,-0.02374353002590023,0.02358511087219439,0.1702347075709348,-1.0067169136733891,-0.1729068177539042,5636,,,,[],0,,False,True,
csd-20260805_174708,paired_hierarchical,1,0,0,5d0e9ff5482e9c83,rcdA->yagK,shared_complete_observation_shared_scores,maximum,prefix,complete,0,500,0.6,0.9,biological_error,2151398048,921666314,2151398048,rcdA,yagK,False,identifiable,alpA|basR|btsR|glaR|glrR|nsrR|ptrR,500,7.009807523534074e-05,0.018761945256310728,0.10772785028538978,0.0037361837633420603,-0.12987991631622472,5636,,,,[],0,,False,True,
csd-20260805_174708,paired_hierarchical,1,0,0,5d0e9ff5482e9c83,rcdA->ybjI,shared_complete_observation_shared_scores,maximum,prefix,complete,0,500,0.6,0.9,biological_error,2151398048,921666314,2151398048,rcdA,ybjI,False,identifiable,,500,0.0036005379705810496,0.018900086393646143,0.11153324235439674,0.19050378371770213,-0.08709591685922047,5636,,,,[],0,,False,True,
csd-20260805_174708,paired_hierarchical,1,0,0,5d0e9ff5482e9c83,rcdA->ybjJ,shared_complete_observation_shared_scores,maximum,prefix,complete,0,500,0.6,0.9,biological_error,2151398048,921666314,2151398048,rcdA,ybjJ,False,identifiable,,500,-0.11288414744278971,0.06745622572537922,1.4207603390764005,-1.673442980672413,-0.580707322777652,5636,,,,[],0,,False,True,
csd-20260805_174708,paired_hierarchical,1,0,0,5d0e9ff5482e9c83,rcdA->ydeI,shared_complete_observation_shared_scores,maximum,prefix,complete,0,500,0.6,0.9,biological_error,2151398048,921666314,2151398048,rcdA,ydeI,False,identifiable,alpA|basR|btsR|glaR|glrR|nsrR|ptrR,500,0.06115929710681221,0.05660304793007154,0.9805097117436152,1.080494767390787,0.40154085697547437,5636,,,,[],0,,False,True,
csd-20260805_174708,paired_hierarchical,1,0,0,5d0e9ff5482e9c83,rclR->rclA,shared_complete_observation_shared_scores,maximum,prefix,complete,0,500,0.6,0.9,biological_error,2151398048,921666314,2151398048,rclR,rclA,False,identifiable,rpoE,500,0.03136759124474632,0.07881944489039257,0.5515352294728851,0.397967675214746,0.17167789581220627,5636,,,,[],0,,False,True,
csd-20260805_174708,paired_hierarchical,1,0,0,5d0e9ff5482e9c83,rclR->rclB,shared_complete_observation_shared_scores,maximum,prefix,complete,0,500,0.6,0.9,biological_error,2151398048,921666314,2151398048,rclR,rclB,False,identifiable,rpoE,500,-0.07455356687587134,0.05628904553665737,0.2812899940136837,-1.3244773679333306,0.12934821077120412,5636,,,,[],0,,False,True,
csd-20260805_174708,paired_hierarchical,1,0,0,5d0e9ff5482e9c83,rclR->rclC,shared_complete_observation_shared_scores,maximum,prefix,complete,0,500,0.6,0.9,biological_error,2151398048,921666314,2151398048,rclR,rclC,False,identifiable,rpoE,500,0.019651888114080016,0.04605620252091496,0.18831406873046302,0.4266936273166624,0.27384462153369593,5636,,,,[],0,,False,True,
csd-20260805_174708,paired_hierarchical,1,0,0,5d0e9ff5482e9c83,rcnR->rcnA,shared_complete_observation_shared_scores,maximum,prefix,complete,0,500,0.6,0.9,biological_error,2151398048,921666314,2151398048,rcnR,rcnA,False,identifiable,fur|rpoD,500,0.045487454371962555,0.04214339057921834,0.12067138263719189,1.0793496618754075,-0.2260289112295057,5636,,,,[],0,,False,True,
csd-20260805_174708,paired_hierarchical,1,0,0,5d0e9ff5482e9c83,rcnR->rcnB,shared_complete_observation_shared_scores,maximum,prefix,complete,0,500,0.6,0.9,biological_error,2151398048,921666314,2151398048,rcnR,rcnB,False,identifiable,fur|rpoD,500,-0.025452277092952575,0.046062819665106364,0.1441605334802794,-0.5525557766111582,-0.34666350076318125,5636,,,,[],0,,False,True,
csd-20260805_174708,paired_hierarchical,1,0,0,5d0e9ff5482e9c83,rpsB->tff,shared_complete_observation_shared_scores,maximum,prefix,complete,0,500,0.6,0.9,biological_error,2151398048,921666314,2151398048,rpsB,tff,False,identifiable,nac|rpoD,500,0.03245999040973465,0.04068203918791433,0.15568722410898306,0.7978948709969717,-0.16501185226968934,5636,,,,[],0,,False,True,
csd-20260805_174708,paired_hierarchical,1,0,0,5d0e9ff5482e9c83,rpsB->tsf,shared_complete_observation_shared_scores,maximum,prefix,complete,0,500,0.6,0.9,biological_error,2151398048,921666314,2151398048,rpsB,tsf,False,identifiable,rpoD,500,-0.02368713988605734,0.03924549231173657,0.1448900102434766,-0.6035633264045863,-0.5299813701344473,5636,,,,[],0,,False,True,
csd-20260805_174708,paired_hierarchical,1,0,0,5d0e9ff5482e9c83,sutR->cysE,shared_complete_observation_shared_scores,maximum,prefix,complete,0,500,0.6,0.9,biological_error,2151398048,921666314,2151398048,sutR,cysE,False,identifiable,alpA|basR|btsR|glaR|glrR|nsrR|ptrR|rcdA,500,-0.028818860372132292,0.04416067293051431,0.200402393205281,-0.6525910603191675,-0.20732992128060088,5636,,,,[],0,,False,True,
csd-20260805_174708,paired_hierarchical,1,0,0,5d0e9ff5482e9c83,sutR->ydcO,shared_complete_observation_shared_scores,maximum,prefix,complete,0,500,0.6,0.9,biological_error,2151398048,921666314,2151398048,sutR,ydcO,False,identifiable,alpA|basR|btsR|glaR|glrR|nsrR|ptrR|rcdA,500,-0.005751443898848945,0.03619401186716703,0.134618574421758,-0.15890595162417734,-0.21345344935216687,5636,,,,[],0,,False,True,
csd-20260805_174708,paired_hierarchical,1,0,0,5d0e9ff5482e9c83,trpR->aroH,shared_complete_observation_shared_scores,maximum,prefix,complete,0,500,0.6,0.9,biological_error,2151398048,921666314,2151398048,trpR,aroH,False,identifiable,rpoD,500,0.0017539907782054805,0.06641351815073611,0.1603211294621686,0.02641014701592103,-0.2122887761088867,5636,,,,[],0,,False,True,
csd-20260805_174708,paired_hierarchical,1,0,0,5d0e9ff5482e9c83,trpR->aroL,shared_complete_observation_shared_scores,maximum,prefix,complete,0,500,0.6,0.9,biological_error,2151398048,921666314,2151398048,trpR,aroL,False,identifiable,rpoD|tyrR,500,-0.11089158137998867,0.061563792188917485,0.13775968513768277,-1.8012467627026882,-0.30715226567768383,5636,,,,[],0,,False,True,
csd-20260805_174708,paired_hierarchical,1,0,0,5d0e9ff5482e9c83,trpR->aroM,shared_complete_observation_shared_scores,maximum,prefix,complete,0,500,0.6,0.9,biological_error,2151398048,921666314,2151398048,trpR,aroM,False,identifiable,rpoD|tyrR,500,-0.09279841160707711,0.054124580073431926,0.1064781493411398,-1.7145336089661223,-0.13368200344718909,5636,,,,[],0,,False,True,
csd-20260805_174708,paired_hierarchical,1,0,0,5d0e9ff5482e9c83,trpR->mtr,shared_complete_observation_shared_scores,maximum,prefix,complete,0,500,0.6,0.9,biological_error,2151398048,921666314,2151398048,trpR,mtr,False,identifiable,hupA|hupB|ihfA|ihfB|lrp|rpoD|tyrR,500,0.2792375867491205,0.06747033897118249,0.16365475280230457,4.13867176313412,-0.11259891565746205,5636,,,,[],0,,False,True,
csd-20260805_174708,paired_hierarchical,1,0,0,5d0e9ff5482e9c83,trpR->trpA,shared_complete_observation_shared_scores,maximum,prefix,complete,0,500,0.6,0.9,biological_error,2151398048,921666314,2151398048,trpR,trpA,False,identifiable,rpoD,500,-0.04932950679814789,0.07879250096943885,0.22565635120156868,-0.6260685495600814,-0.36435423318005006,5636,,,,[],0,,False,True,
csd-20260805_174708,paired_hierarchical,1,0,0,5d0e9ff5482e9c83,trpR->trpB,shared_complete_observation_shared_scores,maximum,prefix,complete,0,500,0.6,0.9,biological_error,2151398048,921666314,2151398048,trpR,trpB,False,identifiable,rpoD,500,-0.04308055170870289,0.06909413087968613,0.17352422227188546,-0.6235052262791931,-0.2837966258817562,5636,,,,[],0,,False,True,
csd-20260805_174708,paired_hierarchical,1,0,0,5d0e9ff5482e9c83,trpR->trpC,shared_complete_observation_shared_scores,maximum,prefix,complete,0,500,0.6,0.9,biological_error,2151398048,921666314,2151398048,trpR,trpC,False,identifiable,rpoD,500,0.0026421055825654027,0.07836422205232922,0.22320989497022145,0.03371571251994419,-0.19547827344108315,5636,,,,[],0,,False,True,
csd-20260805_174708,paired_hierarchical,1,0,0,5d0e9ff5482e9c83,trpR->trpD,shared_complete_observation_shared_scores,maximum,prefix,complete,0,500,0.6,0.9,biological_error,2151398048,921666314,2151398048,trpR,trpD,False,identifiable,rpoD,500,-0.16311188503527022,0.07084843781811981,0.18244768085598384,-2.302265089514135,-0.22429657714396536,5636,,,,[],0,,False,True,
csd-20260805_174708,paired_hierarchical,1,0,0,5d0e9ff5482e9c83,trpR->trpE,shared_complete_observation_shared_scores,maximum,prefix,complete,0,500,0.6,0.9,biological_error,2151398048,921666314,2151398048,trpR,trpE,False,identifiable,rpoD,500,0.03556560750569491,0.08742447173936632,0.2778074087017598,0.4068152406081979,-0.21880924851661593,5636,,,,[],0,,False,True,
csd-20260805_174708,paired_hierarchical,1,0,0,5d0e9ff5482e9c83,trpR->trpL,shared_complete_observation_shared_scores,maximum,prefix,complete,0,500,0.6,0.9,biological_error,2151398048,921666314,2151398048,trpR,trpL,False,identifiable,rpoD,500,-0.14601473481220445,0.05451601380813984,0.10802542303394279,-2.6783824533847858,-0.202888687061117,5636,,,,[],0,,False,True,
csd-20260805_174708,paired_hierarchical,1,0,0,5d0e9ff5482e9c83,trpR->yaiA,shared_complete_observation_shared_scores,maximum,prefix,complete,0,500,0.6,0.9,biological_error,2151398048,921666314,2151398048,trpR,yaiA,False,identifiable,rpoD|tyrR,500,0.035663698646518714,0.07832062507887745,0.2229583307738775,0.45535513296276,-0.22067318778747494,5636,,,,[],0,,False,True,
csd-20260805_174708,paired_hierarchical,1,0,0,5d0e9ff5482e9c83,uidR->uidA,shared_complete_observation_shared_scores,maximum,prefix,complete,0,500,0.6,0.9,biological_error,2151398048,921666314,2151398048,uidR,uidA,False,identifiable,crp|rpoD|uxuR,500,-0.1576697869176487,0.037832420552782776,0.2202843552357528,-4.167583903273439,-0.18030045481230608,5636,,,,[],0,,False,True,
csd-20260805_174708,paired_hierarchical,1,0,0,5d0e9ff5482e9c83,uidR->uidB,shared_complete_observation_shared_scores,maximum,prefix,complete,0,500,0.6,0.9,biological_error,2151398048,921666314,2151398048,uidR,uidB,False,identifiable,crp|rpoD|uxuR,500,0.04501904705646339,0.024918866976451633,0.09556788620394308,1.8066249600756912,-0.2250632285942509,5636,,,,[],0,,False,True,
csd-20260805_174708,paired_hierarchical,1,0,0,5d0e9ff5482e9c83,uidR->uidC,shared_complete_observation_shared_scores,maximum,prefix,complete,0,500,0.6,0.9,biological_error,2151398048,921666314,2151398048,uidR,uidC,False,identifiable,crp|rpoD|uxuR,500,2.8669326675434255e-06,0.025289642913270887,0.09843301579519927,0.0001133639046377751,-0.21363879208099693,5636,,,,[],0,,False,True,
csd-20260805_174708,paired_hierarchical,1,0,0,5d0e9ff5482e9c83,rtcR->rtcA,shared_complete_observation_shared_scores,maximum,prefix,complete,0,500,0.6,0.9,biological_error,2151398048,921666314,2151398048,rtcR,rtcA,False,identifiable,ihfA|ihfB|rpoN,500,0.1684708675589806,0.06614464662713815,0.34511164501034247,2.54700684257431,0.16684397581054358,5636,,,,[],0,,False,True,
csd-20260805_174708,paired_hierarchical,1,0,0,5d0e9ff5482e9c83,rtcR->rtcB,shared_complete_observation_shared_scores,maximum,prefix,complete,0,500,0.6,0.9,biological_error,2151398048,921666314,2151398048,rtcR,rtcB,False,identifiable,ihfA|ihfB|rpoN,500,-0.04272395158037416,0.05814662912241353,0.26669771718094054,-0.7347623108199327,0.1183867807868869,5636,,,,[],0,,False,True,
csd-20260805_174708,paired_hierarchical,1,0,0,5d0e9ff5482e9c83,selB->selA,shared_complete_observation_shared_scores,maximum,prefix,complete,0,500,0.6,0.9,biological_error,2151398048,921666314,2151398048,selB,selA,False,identifiable,,500,-0.008202727356050623,0.060397446096706955,0.13775648631306267,-0.13581248688755168,-0.16097767843675112,5636,,,,[],0,,False,True,
csd-20260805_174708,paired_hierarchical,1,0,0,5d0e9ff5482e9c83,srmB->rplM,shared_complete_observation_shared_scores,maximum,prefix,complete,0,500,0.6,0.9,biological_error,2151398048,921666314,2151398048,srmB,rplM,False,identifiable,crp|dksA|fis|fnr,500,-0.006119721578693246,0.03879420368493846,0.08871987676416909,-0.15774834891298928,0.1462920555842279,5636,,,,[],0,,False,True,
csd-20260805_174708,paired_hierarchical,1,0,0,5d0e9ff5482e9c83,srmB->rpsI,shared_complete_observation_shared_scores,maximum,prefix,complete,0,500,0.6,0.9,biological_error,2151398048,921666314,2151398048,srmB,rpsI,False,identifiable,crp|dksA|fis|fnr,500,0.011568737788705496,0.04619432333892177,0.12579531480379239,0.25043635132020803,0.3576734012290553,5636,,,,[],0,,False,True,
csd-20260805_174708,paired_hierarchical,1,0,0,5d0e9ff5482e9c83,ulaR->ulaA,shared_complete_observation_shared_scores,maximum,prefix,complete,0,500,0.6,0.9,biological_error,2151398048,921666314,2151398048,ulaR,ulaA,False,identifiable,crp|ihfA|ihfB|rpoD,500,0.02757408467779073,0.082703978719906,0.36386294933373936,0.333406990867707,-0.12979681308612395,5636,,,,[],0,,False,True,
csd-20260805_174708,paired_hierarchical,1,0,0,5d0e9ff5482e9c83,ulaR->ulaB,shared_complete_observation_shared_scores,maximum,prefix,complete,0,500,0.6,0.9,biological_error,2151398048,921666314,2151398048,ulaR,ulaB,False,identifiable,crp|ihfA|ihfB|rpoD,500,-0.04764547991828512,0.0480275069330606,0.12270580699540326,-0.992045662180468,-0.1909258453966478,5636,,,,[],0,,False,True,
csd-20260805_174708,paired_hierarchical,1,0,0,5d0e9ff5482e9c83,ulaR->ulaC,shared_complete_observation_shared_scores,maximum,prefix,complete,0,500,0.6,0.9,biological_error,2151398048,921666314,2151398048,ulaR,ulaC,False,identifiable,crp|ihfA|ihfB|rpoD,500,-0.06597035063891549,0.07797295088553788,0.32342454069509885,-0.8460671282757802,-0.2117557141800997,5636,,,,[],0,,False,True,
csd-20260805_174708,paired_hierarchical,1,0,0,5d0e9ff5482e9c83,ulaR->ulaD,shared_complete_observation_shared_scores,maximum,prefix,complete,0,500,0.6,0.9,biological_error,2151398048,921666314,2151398048,ulaR,ulaD,False,identifiable,crp|ihfA|ihfB|rpoD,500,-0.10367369545588154,0.08647344316705878,0.39778695156984034,-1.1989079150646684,-0.1440112864859854,5636,,,,[],0,,False,True,
csd-20260805_174708,paired_hierarchical,1,0,0,5d0e9ff5482e9c83,ulaR->ulaE,shared_complete_observation_shared_scores,maximum,prefix,complete,0,500,0.6,0.9,biological_error,2151398048,921666314,2151398048,ulaR,ulaE,False,identifiable,crp|ihfA|ihfB|rpoD,500,-0.014818794476954358,0.05383545213813752,0.15417776968452246,-0.2752608901459674,-0.18334869431363832,5636,,,,[],0,,False,True,
csd-20260805_174708,paired_hierarchical,1,0,0,5d0e9ff5482e9c83,ulaR->ulaF,shared_complete_observation_shared_scores,maximum,prefix,complete,0,500,0.6,0.9,biological_error,2151398048,921666314,2151398048,ulaR,ulaF,False,identifiable,crp|ihfA|ihfB|rpoD,500,-0.014736799277565285,0.060015600171783506,0.19160786700146024,-0.2455494777255236,-0.40708263374174863,5636,,,,[],0,,False,True,
csd-20260805_174708,paired_hierarchical,1,0,0,5d0e9ff5482e9c83,ulaR->ulaG,shared_complete_observation_shared_scores,maximum,prefix,complete,0,500,0.6,0.9,biological_error,2151398048,921666314,2151398048,ulaR,ulaG,False,identifiable,ihfA|ihfB,500,-0.002418641957890526,0.059575716012221815,0.19019678346095317,-0.04059778244871363,-0.10404543839728615,5636,,,,[],0,,False,True,
csd-20260805_174708,paired_hierarchical,1,0,0,5d0e9ff5482e9c83,ycjW->ompG,shared_complete_observation_shared_scores,maximum,prefix,complete,0,500,0.6,0.9,biological_error,2151398048,921666314,2151398048,ycjW,ompG,False,identifiable,,500,-0.03876688112109767,0.03926591324594421,0.1098857942595452,-0.9872909584014811,-0.20584891962337373,5636,,,,[],0,,False,True,
csd-20260805_174708,paired_hierarchical,1,0,0,5d0e9ff5482e9c83,ycjW->ycjM,shared_complete_observation_shared_scores,maximum,prefix,complete,0,500,0.6,0.9,biological_error,2151398048,921666314,2151398048,ycjW,ycjM,False,identifiable,,500,-0.029412839307018636,0.03848399124905718,0.10555294638594075,-0.764287651887958,-0.3431954171340368,5636,,,,[],0,,False,True,
csd-20260805_174708,paired_hierarchical,1,0,0,5d0e9ff5482e9c83,ycjW->ycjN,shared_complete_observation_shared_scores,maximum,prefix,complete,0,500,0.6,0.9,biological_error,2151398048,921666314,2151398048,ycjW,ycjN,False,identifiable,,500,-0.018245940415602763,0.03460534746737179,0.08534863402283412,-0.5272578301028834,-0.12490110768761815,5636,,,,[],0,,False,True,
csd-20260805_174708,paired_hierarchical,1,0,0,5d0e9ff5482e9c83,ycjW->ycjO,shared_complete_observation_shared_scores,maximum,prefix,complete,0,500,0.6,0.9,biological_error,2151398048,921666314,2151398048,ycjW,ycjO,False,identifiable,,500,-0.007632923217168416,0.06246190313769894,0.2780613143195959,-0.1222012592274275,-0.18993972680315088,5636,,,,[],0,,False,True,
csd-20260805_174708,paired_hierarchical,1,0,0,5d0e9ff5482e9c83,ycjW->ycjP,shared_complete_observation_shared_scores,maximum,prefix,complete,0,500,0.6,0.9,biological_error,2151398048,921666314,2151398048,ycjW,ycjP,False,identifiable,glaR,500,0.07317405210743631,0.04461288239780525,0.14185042297995465,1.6402000537637564,-0.145611630544298,5636,,,,[],0,,False,True,
csd-20260805_174708,paired_hierarchical,1,0,0,5d0e9ff5482e9c83,ycjW->ycjQ,shared_complete_observation_shared_scores,maximum,prefix,complete,0,500,0.6,0.9,biological_error,2151398048,921666314,2151398048,ycjW,ycjQ,False,identifiable,,500,-0.009896446727307377,0.03050148821270938,0.06630590478592834,-0.32445783164061215,-0.3833890643503591,5636,,,,[],0,,False,True,
csd-20260805_174708,paired_hierarchical,1,0,0,5d0e9ff5482e9c83,ycjW->ycjR,shared_complete_observation_shared_scores,maximum,prefix,complete,0,500,0.6,0.9,biological_error,2151398048,921666314,2151398048,ycjW,ycjR,False,identifiable,,500,-0.15809127645714902,0.06453548298199015,0.29682964692652547,-2.4496799148658637,-0.1491555757010197,5636,,,,[],0,,False,True,
csd-20260805_174708,paired_hierarchical,1,0,0,5d0e9ff5482e9c83,ycjW->ycjS,shared_complete_observation_shared_scores,maximum,prefix,complete,0,500,0.6,0.9,biological_error,2151398048,921666314,2151398048,ycjW,ycjS,False,identifiable,,500,-0.08152595273318303,0.035254043863045266,0.08857843995954563,-2.312527693273845,-0.14885977886452365,5636,,,,[],0,,False,True,
csd-20260805_174708,paired_hierarchical,1,0,0,5d0e9ff5482e9c83,ycjW->ycjT,shared_complete_observation_shared_scores,maximum,prefix,complete,0,500,0.6,0.9,biological_error,2151398048,921666314,2151398048,ycjW,ycjT,False,identifiable,,500,-0.17695733154898738,0.04899542006912668,0.1710886175955112,-3.6117116926300814,-0.2011977689969318,5636,,,,[],0,,False,True,
csd-20260805_174708,paired_hierarchical,1,0,0,5d0e9ff5482e9c83,ycjW->ycjU,shared_complete_observation_shared_scores,maximum,prefix,complete,0,500,0.6,0.9,biological_error,2151398048,921666314,2151398048,ycjW,ycjU,False,identifiable,,500,-0.0518319285218839,0.03584313705277454,0.09156345503656112,-1.4460767885792993,-0.38703833313797575,5636,,,,[],0,,False,True,
csd-20260805_174708,paired_hierarchical,1,0,0,5d0e9ff5482e9c83,ycjW->ycjV,shared_complete_observation_shared_scores,maximum,prefix,complete,0,500,0.6,0.9,biological_error,2151398048,921666314,2151398048,ycjW,ycjV,False,identifiable,,500,-0.06114868773123334,0.03576930261174819,0.0911866145057308,-1.7095297717979399,-0.2739586449583172,5636,,,,[],0,,False,True,
csd-20260805_174708,paired_hierarchical,1,0,0,5d0e9ff5482e9c83,yfeC->hybE,shared_complete_observation_shared_scores,maximum,prefix,complete,0,500,0.6,0.9,biological_error,2151398048,921666314,2151398048,yfeC,hybE,False,identifiable,arcA|narL|rpoD,500,-0.021072384777976017,0.04473354603700722,0.11333501605798092,-0.47106448392316647,-0.31097942580458093,5636,,,,[],0,,False,True,
csd-20260805_174708,paired_hierarchical,1,0,0,5d0e9ff5482e9c83,yfeC->rpmB,shared_complete_observation_shared_scores,maximum,prefix,complete,0,500,0.6,0.9,biological_error,2151398048,921666314,2151398048,yfeC,rpmB,False,identifiable,dksA,500,-0.01033974897279882,0.04414335442205631,0.11059227972045718,-0.23423115683371232,-0.21700253164581407,5636,,,,[],0,,False,True,
csd-20260805_174708,paired_hierarchical,1,0,0,5d0e9ff5482e9c83,yfeC->rpmH,shared_complete_observation_shared_scores,maximum,prefix,complete,0,500,0.6,0.9,biological_error,2151398048,921666314,2151398048,yfeC,rpmH,False,identifiable,nac,500,-0.010719916766453584,0.044920095888083905,0.1144659358460211,-0.23864412028775944,-0.27167725253726827,5636,,,,[],0,,False,True,
csd-20260805_174708,paired_hierarchical,1,0,0,5d0e9ff5482e9c83,yfeC->rpsU,shared_complete_observation_shared_scores,maximum,prefix,complete,0,500,0.6,0.9,biological_error,2151398048,921666314,2151398048,yfeC,rpsU,False,identifiable,dksA|lexA|rpoD,500,0.007997751161723929,0.04983492226362165,0.13965431378505636,0.16048487282505713,-0.24113170132094003,5636,,,,[],0,,False,True,
csd-20260805_174708,paired_hierarchical,1,0,0,5d0e9ff5482e9c83,yfeC->ygdR,shared_complete_observation_shared_scores,maximum,prefix,complete,0,500,0.6,0.9,biological_error,2151398048,921666314,2151398048,yfeC,ygdR,False,identifiable,nac,500,-0.004604280743213949,0.05937073052398092,0.1999584213718368,-0.07755135742104767,-0.13169885039794985,5636,,,,[],0,,False,True,
csd-20260805_174708,paired_hierarchical,1,0,0,5d0e9ff5482e9c83,ygbI->ygbJ,shared_complete_observation_shared_scores,maximum,prefix,complete,0,500,0.6,0.9,biological_error,2151398048,921666314,2151398048,ygbI,ygbJ,False,identifiable,,500,0.00906448646670378,0.046188349242201665,0.1356524136361482,0.1962504964005443,-0.33886597673568275,5636,,,,[],0,,False,True,
csd-20260805_174708,paired_hierarchical,1,0,0,5d0e9ff5482e9c83,ygbI->ygbK,shared_complete_observation_shared_scores,maximum,prefix,complete,0,500,0.6,0.9,biological_error,2151398048,921666314,2151398048,ygbI,ygbK,False,identifiable,flhC|flhD|fliA,500,0.013988977232914104,0.10241254972320266,0.6662150938095524,0.13659436534607391,-0.14929504227054538,5636,,,,[],0,,False,True,
csd-20260805_174708,paired_hierarchical,1,0,0,5d0e9ff5482e9c83,yhaJ->bssS,shared_complete_observation_shared_scores,maximum,prefix,complete,0,500,0.6,0.9,biological_error,2151398048,921666314,2151398048,yhaJ,bssS,False,identifiable,glaR|lrp|nac|rpoD|rpoH,500,-0.03516530498428247,0.044629702134951224,0.1603765713521496,-0.7879350141739614,0.11844044159087293,5636,,,,[],0,,False,True,
csd-20260805_174708,paired_hierarchical,1,0,0,5d0e9ff5482e9c83,yhaJ->ybiJ,shared_complete_observation_shared_scores,maximum,prefix,complete,0,500,0.6,0.9,biological_error,2151398048,921666314,2151398048,yhaJ,ybiJ,False,identifiable,lrp,500,0.05032979377733639,0.04632342352607234,0.17408706371555802,1.086486920575055,0.5197685200987585,5636,,,,[],0,,False,True,
csd-20260805_174708,paired_hierarchical,1,0,0,5d0e9ff5482e9c83,yhaJ->ygiD,shared_complete_observation_shared_scores,maximum,prefix,complete,0,500,0.6,0.9,biological_error,2151398048,921666314,2151398048,yhaJ,ygiD,False,identifiable,,500,-0.058729890458813654,0.049991528543029656,0.20276717232904765,-1.1747968539962235,0.16387166911211803,5636,,,,[],0,,False,True,
csd-20260805_174708,paired_hierarchical,1,0,0,5d0e9ff5482e9c83,yhaJ->yhaK,shared_complete_observation_shared_scores,maximum,prefix,complete,0,500,0.6,0.9,biological_error,2151398048,921666314,2151398048,yhaJ,yhaK,False,identifiable,,500,0.06502189806271572,0.041406908995277054,0.1391074650540167,1.5703151875000432,0.2017117745398063,5636,,,,[],0,,False,True,
csd-20260805_174708,paired_hierarchical,1,0,0,5d0e9ff5482e9c83,yhaJ->yhaL,shared_complete_observation_shared_scores,maximum,prefix,complete,0,500,0.6,0.9,biological_error,2151398048,921666314,2151398048,yhaJ,yhaL,False,identifiable,,500,0.06220769229313421,0.051434663276500606,0.21464294325856575,1.2094507542261985,0.26317324912741336,5636,,,,[],0,,False,True,
csd-20260805_174708,paired_hierarchical,1,0,0,5d0e9ff5482e9c83,yhaJ->yhhW,shared_complete_observation_shared_scores,maximum,prefix,complete,0,500,0.6,0.9,biological_error,2151398048,921666314,2151398048,yhaJ,yhhW,False,identifiable,lrp,500,-0.07601664947582686,0.049119125001502256,0.19573407913725935,-1.5475977935987657,0.18988578149216181,5636,,,,[],0,,False,True,
csd-20260805_174708,paired_hierarchical,1,0,0,5d0e9ff5482e9c83,yhaJ->yqjF,shared_complete_observation_shared_scores,maximum,prefix,complete,0,500,0.6,0.9,biological_error,2151398048,921666314,2151398048,yhaJ,yqjF,False,identifiable,,500,0.03437968496271945,0.03410885944970051,0.09439287366927225,1.0079400342722782,0.4405137520164058,5636,,,,[],0,,False,True,
csd-20260805_174708,paired_hierarchical,1,0,0,5d0e9ff5482e9c83,yiaU->adeP,shared_complete_observation_shared_scores,maximum,prefix,complete,0,500,0.6,0.9,biological_error,2151398048,921666314,2151398048,yiaU,adeP,False,identifiable,,500,0.027143199089619235,0.03300110489192285,0.058950002834686495,0.8224936461525153,0.14902695242339417,5636,,,,[],0,,False,True,
csd-20260805_174708,paired_hierarchical,1,0,0,5d0e9ff5482e9c83,yiaU->gltD,shared_complete_observation_shared_scores,maximum,prefix,complete,0,500,0.6,0.9,biological_error,2151398048,921666314,2151398048,yiaU,gltD,False,identifiable,adiY|argR|crp|fnr|fur|gadE|hdfR|ihfA|ihfB|lrp|nac|rpoD|rpoS,500,-0.009844695553435347,0.0801385588635965,0.3421829858685713,-0.12284592701737951,0.2301145542053682,5636,,,,[],0,,False,True,
csd-20260805_174708,paired_hierarchical,1,0,0,5d0e9ff5482e9c83,yiaU->waaP,shared_complete_observation_shared_scores,maximum,prefix,complete,0,500,0.6,0.9,biological_error,2151398048,921666314,2151398048,yiaU,waaP,False,identifiable,rpoD,500,0.1524776760694839,0.04421611464857823,0.10582430387385744,3.4484639204812364,0.19897633337006249,5636,,,,[],0,,False,True,
csd-20260805_174708,paired_hierarchical,1,0,0,5d0e9ff5482e9c83,yiaU->yiaT,shared_complete_observation_shared_scores,maximum,prefix,complete,0,500,0.6,0.9,biological_error,2151398048,921666314,2151398048,yiaU,yiaT,False,identifiable,,500,0.10964323747530207,0.0393620645721213,0.08386535858242647,2.7855052489537946,0.39431081562745973,5636,,,,[],0,,False,True,
csd-20260805_174708,paired_hierarchical,1,0,0,5d0e9ff5482e9c83,yiaU->yiaV,shared_complete_observation_shared_scores,maximum,prefix,complete,0,500,0.6,0.9,biological_error,2151398048,921666314,2151398048,yiaU,yiaV,False,identifiable,,500,0.006007600434971964,0.04347615098935385,0.10231258228391818,0.1381815155725967,0.2860913323279619,5636,,,,[],0,,False,True,
csd-20260805_174708,paired_hierarchical,1,0,0,5d0e9ff5482e9c83,yiaU->yiaW,shared_complete_observation_shared_scores,maximum,prefix,complete,0,500,0.6,0.9,biological_error,2151398048,921666314,2151398048,yiaU,yiaW,False,identifiable,,500,-0.06952926459811895,0.05134017387021529,0.1426729166530581,-1.354285725129886,0.2581357511230842,5636,,,,[],0,,False,True,
csd-20260805_174708,paired_hierarchical,1,0,0,5d0e9ff5482e9c83,yidZ->malE,shared_complete_observation_shared_scores,maximum,prefix,complete,0,500,0.6,0.9,biological_error,2151398048,921666314,2151398048,yidZ,malE,False,identifiable,creB|crp|fis|hns|malT|ompR|rpoD|stpA,500,-0.007001585622011982,0.06054013630031203,0.23288138213345203,-0.11565196330712417,-0.3254444397370829,5636,,,,[],0,,False,True,
csd-20260805_174708,paired_hierarchical,1,0,0,5d0e9ff5482e9c83,yidZ->ppiC,shared_complete_observation_shared_scores,maximum,prefix,complete,0,500,0.6,0.9,biological_error,2151398048,921666314,2151398048,yidZ,ppiC,False,identifiable,,500,-0.03211343864608583,0.05119215865107679,0.17022339750650475,-0.6273116721834184,-0.37160208888018614,5636,,,,[],0,,False,True,
csd-20260805_174708,paired_hierarchical,1,0,0,5d0e9ff5482e9c83,yidZ->rbsD,shared_complete_observation_shared_scores,maximum,prefix,complete,0,500,0.6,0.9,biological_error,2151398048,921666314,2151398048,yidZ,rbsD,False,identifiable,crp|rbsR|rpoD,500,-0.00982166354387834,0.06475941888992302,0.27221863328298707,-0.1516638616009362,-0.43142435546567925,5636,,,,[],0,,False,True,
csd-20260805_174708,paired_hierarchical,1,0,0,5d0e9ff5482e9c83,yidZ->rof,shared_complete_observation_shared_scores,maximum,prefix,complete,0,500,0.6,0.9,biological_error,2151398048,921666314,2151398048,yidZ,rof,False,identifiable,crp,500,-0.11217611395211186,0.0399696187901762,0.1037040400566116,-2.806534496638299,-0.35607902048976336,5636,,,,[],0,,False,True,
csd-20260805_174708,paired_hierarchical,1,0,0,5d0e9ff5482e9c83,yrdG->mscL,shared_complete_observation_shared_scores,maximum,prefix,complete,0,500,0.6,0.9,biological_error,2151398048,921666314,2151398048,yrdG,mscL,False,identifiable,nac,500,0.0127411279841122,0.038489616327073255,0.12813523344316138,0.3310276692768746,-0.1336520863235557,5636,,,,[],0,,False,True,
csd-20260805_174708,paired_hierarchical,1,0,0,5d0e9ff5482e9c83,zur->pliG,shared_complete_observation_shared_scores,maximum,prefix,complete,0,500,0.6,0.9,biological_error,2151398048,921666314,2151398048,zur,pliG,False,identifiable,glaR,500,-0.023304520368758012,0.041849555662557276,0.09259098982388174,-0.5568642247164532,-0.45844989218522814,5636,,,,[],0,,False,True,
csd-20260805_174708,paired_hierarchical,1,0,0,5d0e9ff5482e9c83,zur->ykgM,shared_complete_observation_shared_scores,maximum,prefix,complete,0,500,0.6,0.9,biological_error,2151398048,921666314,2151398048,zur,ykgM,False,identifiable,rpoD,500,-0.10573568382362576,0.06004924229186549,0.1908318180120378,-1.7608162865686838,-0.6445572222386516,5636,,,,[],0,,False,True,
csd-20260805_174708,paired_hierarchical,1,0,0,5d0e9ff5482e9c83,zur->ykgO,shared_complete_observation_shared_scores,maximum,prefix,complete,0,500,0.6,0.9,biological_error,2151398048,921666314,2151398048,zur,ykgO,False,identifiable,rpoD,500,-0.15795835203357955,0.06908773074828982,0.25260246272867837,-2.286344482916594,-0.5700709165836766,5636,,,,[],0,,False,True,
csd-20260805_174708,paired_hierarchical,1,0,0,5d0e9ff5482e9c83,zur->zinT,shared_complete_observation_shared_scores,maximum,prefix,complete,0,500,0.6,0.9,biological_error,2151398048,921666314,2151398048,zur,zinT,False,identifiable,fur|oxyR|rpoD|soxS,500,-0.13822880324648978,0.05365256501148604,0.15173254357808758,-2.576368962358044,-0.15586004381049673,5636,,,,[],0,,False,True,
csd-20260805_174708,paired_hierarchical,1,0,0,5d0e9ff5482e9c83,zur->znuA,shared_complete_observation_shared_scores,maximum,prefix,complete,0,500,0.6,0.9,biological_error,2151398048,921666314,2151398048,zur,znuA,False,identifiable,nac|ompR|oxyR|rpoS,500,-0.04633632717989136,0.05314664648813085,0.14755790547460432,-0.8718579673740954,-0.49123427643591716,5636,,,,[],0,,False,True,
csd-20260805_174708,paired_hierarchical,1,0,0,5d0e9ff5482e9c83,zur->znuB,shared_complete_observation_shared_scores,maximum,prefix,complete,0,500,0.6,0.9,biological_error,2151398048,921666314,2151398048,zur,znuB,False,identifiable,oxyR|rpoD,500,-0.05846131110195362,0.06561511579966764,0.22695621619890577,-0.8909732214821412,-0.1948489922970482,5636,,,,[],0,,False,True,
csd-20260805_174708,paired_hierarchical,1,0,0,5d0e9ff5482e9c83,zur->znuC,shared_complete_observation_shared_scores,maximum,prefix,complete,0,500,0.6,0.9,biological_error,2151398048,921666314,2151398048,zur,znuC,False,identifiable,oxyR|rpoD,500,0.0036436476890621787,0.06332331965876972,0.21137889901588133,0.05754037704745578,-0.13545687641051607,5636,,,,[],0,,False,True,
